Mutation,Variant_score,Residue,LocalConfidence,Variant_class,Residue_class,pdb_pos,RSA*Variant_score,aligned
M1A,-6.48201811804041,1,True,impactful,sensitive,1,-0.27648690728121605,True
M1C,-6.48201811804041,1,True,impactful,sensitive,1,-0.27648690728121605,True
M1D,-6.48201811804041,1,True,impactful,sensitive,1,-0.27648690728121605,True
M1E,-6.48201811804041,1,True,impactful,sensitive,1,-0.27648690728121605,True
M1F,-6.48201811804041,1,True,impactful,sensitive,1,-0.27648690728121605,True
M1G,-6.48201811804041,1,True,impactful,sensitive,1,-0.27648690728121605,True
M1H,-6.48201811804041,1,True,impactful,sensitive,1,-0.27648690728121605,True
M1I,-4.01544207885686,1,True,mild,sensitive,1,-0.17127646691700726,True
M1K,-6.48201811804041,1,True,impactful,sensitive,1,-0.27648690728121605,True
M1L,-1.34685134799472,1,True,neutral,sensitive,1,-0.05744920131250325,True
M1M,0.0,1,True,neutral,sensitive,1,0.0,True
M1N,-6.48201811804041,1,True,impactful,sensitive,1,-0.27648690728121605,True
M1P,-6.48201811804041,1,True,impactful,sensitive,1,-0.27648690728121605,True
M1Q,-6.48201811804041,1,True,impactful,sensitive,1,-0.27648690728121605,True
M1R,-6.48201811804041,1,True,impactful,sensitive,1,-0.27648690728121605,True
M1S,-6.48201811804041,1,True,impactful,sensitive,1,-0.27648690728121605,True
M1T,-6.48201811804041,1,True,impactful,sensitive,1,-0.27648690728121605,True
M1V,-4.01544207885686,1,True,mild,sensitive,1,-0.17127646691700726,True
M1W,-6.48201811804041,1,True,impactful,sensitive,1,-0.27648690728121605,True
M1Y,-6.48201811804041,1,True,impactful,sensitive,1,-0.27648690728121605,True
D2A,-5.01178753492647,2,True,mild,sensitive,2,-1.7148949202219368,True
D2C,-5.01178753492647,2,True,mild,sensitive,2,-1.7148949202219368,True
D2D,0.0,2,True,neutral,sensitive,2,0.0,True
D2E,-0.111500409312018,2,True,neutral,sensitive,2,-0.03815235266844801,True
D2F,-5.36667889137316,2,True,mild,sensitive,2,-1.8363289156097777,True
D2G,-5.36667889137316,2,True,mild,sensitive,2,-1.8363289156097777,True
D2H,-3.3232677233523704,2,True,neutral,sensitive,2,-1.137130195084799,True
D2I,-5.36667889137316,2,True,mild,sensitive,2,-1.8363289156097777,True
D2K,-5.36667889137316,2,True,mild,sensitive,2,-1.8363289156097777,True
D2L,-5.36667889137316,2,True,mild,sensitive,2,-1.8363289156097777,True
D2M,-5.36667889137316,2,True,mild,sensitive,2,-1.8363289156097777,True
D2N,-2.0096337532401,2,True,neutral,sensitive,2,-0.6876410244690381,True
D2P,-5.36667889137316,2,True,mild,sensitive,2,-1.8363289156097777,True
D2Q,-3.3232677233523704,2,True,neutral,sensitive,2,-1.137130195084799,True
D2R,-5.36667889137316,2,True,mild,sensitive,2,-1.8363289156097777,True
D2S,-3.94633671289026,2,True,mild,sensitive,2,-1.35032715079374,True
D2T,-5.01178753492647,2,True,mild,sensitive,2,-1.7148949202219368,True
D2V,-5.36667889137316,2,True,mild,sensitive,2,-1.8363289156097777,True
D2W,-5.36667889137316,2,True,mild,sensitive,2,-1.8363289156097777,True
D2Y,-5.36667889137316,2,True,mild,sensitive,2,-1.8363289156097777,True
A3A,0.0,3,True,neutral,sensitive,3,0.0,True
A3C,-4.05802144656231,3,True,mild,sensitive,3,-1.595081813476787,True
A3D,-5.438130142032678,3,True,impactful,sensitive,3,-2.137559547947813,True
A3E,-5.438130142032678,3,True,impactful,sensitive,3,-2.137559547947813,True
A3F,-6.54047044202769,3,True,impactful,sensitive,3,-2.5708551793137158,True
A3G,-3.82100708011791,3,True,mild,sensitive,3,-1.5019188495973204,True
A3H,-3.5946763357596896,3,True,mild,sensitive,3,-1.4129552847393057,True
A3I,-4.64335559739835,3,True,mild,sensitive,3,-1.825158433598245,True
A3K,-4.641712046885232,3,True,mild,sensitive,3,-1.8245124050921053,True
A3L,-5.715501120789959,3,True,impactful,sensitive,3,-2.2465854389215516,True
A3M,-5.715501120789959,3,True,impactful,sensitive,3,-2.2465854389215516,True
A3N,-3.9602744737486897,3,True,mild,sensitive,3,-1.5566605235179831,True
A3P,-6.54047044202769,3,True,impactful,sensitive,3,-2.5708551793137158,True
A3Q,-4.477735893380401,3,True,mild,sensitive,3,-1.760058487402487,True
A3R,-4.565739798739309,3,True,mild,sensitive,3,-1.794650081064921,True
A3S,-1.80515510698154,3,True,neutral,sensitive,3,-0.7095502376140008,True
A3T,-2.31948694008969,3,True,neutral,sensitive,3,-0.9117180585302699,True
A3V,-3.96829364833445,3,True,mild,sensitive,3,-1.5598126112309936,True
A3W,-6.54047044202769,3,True,impactful,sensitive,3,-2.5708551793137158,True
A3Y,-6.54047044202769,3,True,impactful,sensitive,3,-2.5708551793137158,True
I4A,-5.76044067401685,4,True,impactful,sensitive,4,-2.095305455110296,True
I4C,-5.47957227368428,4,True,impactful,sensitive,4,-1.9931422483890706,True
I4D,-6.434549174343599,4,True,impactful,sensitive,4,-2.340506004513042,True
I4E,-6.434549174343599,4,True,impactful,sensitive,4,-2.340506004513042,True
I4F,-5.71207965402217,4,True,impactful,sensitive,4,-2.07771459448975,True
I4G,-6.434549174343599,4,True,impactful,sensitive,4,-2.340506004513042,True
I4H,-6.434549174343599,4,True,impactful,sensitive,4,-2.340506004513042,True
I4I,0.0,4,True,neutral,sensitive,4,0.0,True
I4K,-6.434549174343599,4,True,impactful,sensitive,4,-2.340506004513042,True
I4L,-1.04626053788922,4,True,neutral,sensitive,4,-0.38056731013553396,True
I4M,-3.9827286622051097,4,True,mild,sensitive,4,-1.448679634838313,True
I4N,-6.434549174343599,4,True,impactful,sensitive,4,-2.340506004513042,True
I4P,-6.434549174343599,4,True,impactful,sensitive,4,-2.340506004513042,True
I4Q,-6.434549174343599,4,True,impactful,sensitive,4,-2.340506004513042,True
I4R,-6.434549174343599,4,True,impactful,sensitive,4,-2.340506004513042,True
I4S,-5.76044067401685,4,True,impactful,sensitive,4,-2.095305455110296,True
I4T,-5.76044067401685,4,True,impactful,sensitive,4,-2.095305455110296,True
I4V,-0.285743032187476,4,True,neutral,sensitive,4,-0.10393630765138645,True
I4W,-6.097494924180219,4,True,impactful,sensitive,4,-2.2179057298116667,True
I4Y,-6.097494924180219,4,True,impactful,sensitive,4,-2.2179057298116667,True
K5A,-6.06881775958833,5,True,impactful,sensitive,5,-2.439089665932893,True
K5C,-6.06881775958833,5,True,impactful,sensitive,5,-2.439089665932893,True
K5D,-5.65037502523175,5,True,impactful,sensitive,5,-2.270915337820745,True
K5E,-4.29664829551488,5,True,mild,sensitive,5,-1.7268454698908957,True
K5F,-6.57327997886168,5,True,impactful,sensitive,5,-2.6418356758850297,True
K5G,-6.57327997886168,5,True,impactful,sensitive,5,-2.6418356758850297,True
K5H,-5.65037502523175,5,True,impactful,sensitive,5,-2.270915337820745,True
K5I,-5.92149982203755,5,True,impactful,sensitive,5,-2.379881814697131,True
K5K,0.0,5,True,neutral,sensitive,5,0.0,True
K5L,-5.61311231704452,5,True,impactful,sensitive,5,-2.255939260096125,True
K5M,-5.92149982203755,5,True,impactful,sensitive,5,-2.379881814697131,True
K5N,-4.16854815169709,5,True,mild,sensitive,5,-1.675361350682201,True
K5P,-6.57327997886168,5,True,impactful,sensitive,5,-2.6418356758850297,True
K5Q,-4.32745625929124,5,True,mild,sensitive,5,-1.7392273520056833,True
K5R,-0.76812324979912,5,True,neutral,sensitive,5,-0.308712760040913,True
K5S,-6.06881775958833,5,True,impactful,sensitive,5,-2.439089665932893,True
K5T,-4.823054348502139,5,True,mild,sensitive,5,-1.9384108216263614,True
K5V,-4.28280557255648,5,True,mild,sensitive,5,-1.7212820069803705,True
K5W,-6.57327997886168,5,True,impactful,sensitive,5,-2.6418356758850297,True
K5Y,-6.57327997886168,5,True,impactful,sensitive,5,-2.6418356758850297,True
K6A,-4.08275667440796,6,True,mild,sensitive,6,-1.319216238688194,True
K6C,-5.662985776235431,6,True,impactful,sensitive,6,-1.8298182799623672,True
K6D,-3.70492847709233,6,True,mild,sensitive,6,-1.1971327708054686,True
K6E,-1.62360478391806,6,True,neutral,sensitive,6,-0.5246175481342237,True
K6F,-6.54966822439127,6,True,impactful,sensitive,6,-2.1163222226291456,True
K6G,-5.42993407808357,6,True,impactful,sensitive,6,-1.754514849174301,True
K6H,-3.33328636724069,6,True,neutral,sensitive,6,-1.0770481452950051,True
K6I,-5.51400715989735,6,True,impactful,sensitive,6,-1.7816804589840953,True
K6K,0.0,6,True,neutral,sensitive,6,0.0,True
K6L,-3.94838122950285,6,True,mild,sensitive,6,-1.2757969798058413,True
K6M,-4.9158887312748885,6,True,mild,sensitive,6,-1.5884170326713243,True
K6N,-1.61878661152641,6,True,neutral,sensitive,6,-0.5230607051071321,True
K6P,-6.54966822439127,6,True,impactful,sensitive,6,-2.1163222226291456,True
K6Q,-3.5747557695736303,6,True,mild,sensitive,6,-1.1550714962090394,True
K6R,-1.91894955413216,6,True,neutral,sensitive,6,-0.6200490538422079,True
K6S,-4.1405541763235005,6,True,mild,sensitive,6,-1.3378917094946068,True
K6T,-5.662985776235431,6,True,impactful,sensitive,6,-1.8298182799623672,True
K6V,-5.7469416734801,6,True,impactful,sensitive,6,-1.8569460252118106,True
K6W,-6.54966822439127,6,True,impactful,sensitive,6,-2.1163222226291456,True
K6Y,-6.54966822439127,6,True,impactful,sensitive,6,-2.1163222226291456,True
K7A,-6.63756550371079,7,True,impactful,sensitive,7,-2.4299182139183424,True
K7C,-6.63756550371079,7,True,impactful,sensitive,7,-2.4299182139183424,True
K7D,-6.410850923893241,7,True,impactful,sensitive,7,-2.346921234596403,True
K7E,-6.410850923893241,7,True,impactful,sensitive,7,-2.346921234596403,True
K7F,-6.86428008352834,7,True,impactful,sensitive,7,-2.512915193240283,True
K7G,-6.86428008352834,7,True,impactful,sensitive,7,-2.512915193240283,True
K7H,-6.410850923893241,7,True,impactful,sensitive,7,-2.346921234596403,True
K7I,-6.33786513112939,7,True,impactful,sensitive,7,-2.320202175161885,True
K7K,0.0,7,True,neutral,sensitive,7,0.0,True
K7L,-2.8085684173087104,7,True,neutral,sensitive,7,-1.028176904384431,True
K7M,-6.33786513112939,7,True,impactful,sensitive,7,-2.320202175161885,True
K7N,-6.410850923893241,7,True,impactful,sensitive,7,-2.346921234596403,True
K7P,-6.86428008352834,7,True,impactful,sensitive,7,-2.512915193240283,True
K7Q,-4.8991778330827005,7,True,mild,sensitive,7,-1.7935192418330603,True
K7R,-2.56762112503817,7,True,neutral,sensitive,7,-0.939969531703111,True
K7S,-6.63756550371079,7,True,impactful,sensitive,7,-2.4299182139183424,True
K7T,-6.63756550371079,7,True,impactful,sensitive,7,-2.4299182139183424,True
K7V,-6.33786513112939,7,True,impactful,sensitive,7,-2.320202175161885,True
K7W,-6.86428008352834,7,True,impactful,sensitive,7,-2.512915193240283,True
K7Y,-6.86428008352834,7,True,impactful,sensitive,7,-2.512915193240283,True
M8A,-6.40367030242902,8,True,impactful,sensitive,8,-2.516344130132314,True
M8C,-6.40367030242902,8,True,impactful,sensitive,8,-2.516344130132314,True
M8D,-6.31107119694824,8,True,impactful,sensitive,8,-2.4799569951725897,True
M8E,-4.39939033219453,8,True,mild,sensitive,8,-1.7287554661237596,True
M8F,-5.7148296024631104,8,True,impactful,sensitive,8,-2.245661822940771,True
M8G,-6.75729162590551,8,True,impactful,sensitive,8,-2.6553008377070557,True
M8H,-6.31107119694824,8,True,impactful,sensitive,8,-2.4799569951725897,True
M8I,-1.40154051432995,8,True,neutral,sensitive,8,-0.5507401349252842,True
M8K,-6.75729162590551,8,True,impactful,sensitive,8,-2.6553008377070557,True
M8L,-0.6956670396633341,8,True,neutral,sensitive,8,-0.2733647407049276,True
M8M,0.0,8,True,neutral,sensitive,8,0.0,True
M8N,-6.31107119694824,8,True,impactful,sensitive,8,-2.4799569951725897,True
M8P,-6.75729162590551,8,True,impactful,sensitive,8,-2.6553008377070557,True
M8Q,-6.31107119694824,8,True,impactful,sensitive,8,-2.4799569951725897,True
M8R,-6.75729162590551,8,True,impactful,sensitive,8,-2.6553008377070557,True
M8S,-5.85724392866999,8,True,impactful,sensitive,8,-2.301624019130275,True
M8T,-6.40367030242902,8,True,impactful,sensitive,8,-2.516344130132314,True
M8V,-2.2048968932072,8,True,neutral,sensitive,8,-0.8664217695068338,True
M8W,-6.18056008795038,8,True,impactful,sensitive,8,-2.428672208865079,True
M8Y,-5.36344865207309,8,True,mild,sensitive,8,-2.10758547762692,True
Q9A,-1.6387609965967398,9,True,neutral,tolerant,9,-0.7001532750963526,True
Q9C,-4.92199471535124,9,True,mild,tolerant,9,-2.1029001343800755,True
Q9D,-2.23806124402406,9,True,neutral,tolerant,9,-0.9562016139777952,True
Q9E,-2.14797218066761,9,True,neutral,tolerant,9,-0.917711466305027,True
Q9F,-4.6688910363204,9,True,mild,tolerant,9,-1.9947627243609218,True
Q9G,-4.92917145319397,9,True,mild,tolerant,9,-2.1059663633881676,True
Q9H,-2.23095406167065,9,True,neutral,tolerant,9,-0.9531651022400977,True
Q9I,-2.4280816278386297,9,True,neutral,tolerant,9,-1.0373869694622935,True
Q9K,-3.66924833946427,9,True,mild,tolerant,9,-1.5676698721491118,True
Q9L,-1.03684536133264,9,True,neutral,tolerant,9,-0.4429875235089869,True
Q9M,-1.05041427350686,9,True,neutral,tolerant,9,-0.44878478028895935,True
Q9N,-3.2942093794505,9,True,neutral,tolerant,9,-1.4074361610175383,True
Q9P,-4.08917243409239,9,True,mild,tolerant,9,-1.7470805554374802,True
Q9Q,0.0,9,True,neutral,tolerant,9,0.0,True
Q9R,-1.86555626343436,9,True,neutral,tolerant,9,-0.797050534173471,True
Q9S,-3.24125221257927,9,True,neutral,tolerant,9,-1.3848104493355318,True
Q9T,-2.0310787421761103,9,True,neutral,tolerant,9,-0.8677692697510061,True
Q9V,-2.7638735176340004,9,True,neutral,tolerant,9,-1.1808525461261712,True
Q9W,-5.59650342797743,9,True,impactful,tolerant,9,-2.391080952209524,True
Q9Y,-4.57484409173976,9,True,mild,tolerant,9,-1.9545815897124361,True
M10A,-0.7601866132119409,10,True,neutral,tolerant,10,-0.3457054840648293,True
M10C,-2.32793414298488,10,True,neutral,tolerant,10,-1.0586605785798782,True
M10D,-4.63562106926107,10,True,mild,tolerant,10,-2.1081134524572644,True
M10E,-3.18829422962831,10,True,neutral,tolerant,10,-1.4499213493614356,True
M10F,-5.70366876691097,10,True,impactful,tolerant,10,-2.5938230662589525,True
M10G,-2.58427647050548,10,True,neutral,tolerant,10,-1.1752358337627882,True
M10H,-3.1149965234979504,10,True,neutral,tolerant,10,-1.4165881933465283,True
M10I,-1.86607118230183,10,True,neutral,tolerant,10,-0.8486219438295012,True
M10K,-3.48682860719787,10,True,neutral,tolerant,10,-1.5856840288324872,True
M10L,-0.410106199624345,10,True,neutral,tolerant,10,-0.18650152448763843,True
M10M,0.0,10,True,neutral,tolerant,10,0.0,True
M10N,-2.86632816978693,10,True,neutral,tolerant,10,-1.303502784978116,True
M10P,-5.90368331733335,10,True,impactful,tolerant,10,-2.684782477766637,True
M10Q,-2.99210037342432,10,True,neutral,tolerant,10,-1.3606994519342097,True
M10R,-4.60348284145212,10,True,mild,tolerant,10,-2.0934981443097884,True
M10S,-1.67211526588074,10,True,neutral,tolerant,10,-0.7604177807881607,True
M10T,-2.3966164180625,10,True,neutral,tolerant,10,-1.0898948028344464,True
M10V,-0.623653787017683,10,True,neutral,tolerant,10,-0.28361527364821193,True
M10W,-5.70366876691097,10,True,impactful,tolerant,10,-2.5938230662589525,True
M10Y,-5.70366876691097,10,True,impactful,tolerant,10,-2.5938230662589525,True
L11A,-3.70383032733972,11,True,mild,sensitive,11,-1.5376851581011624,True
L11C,-5.49411577493311,11,True,impactful,sensitive,11,-2.280941494982588,True
L11D,-6.32988491936507,11,True,impactful,sensitive,11,-2.6279200807740684,True
L11E,-6.32988491936507,11,True,impactful,sensitive,11,-2.6279200807740684,True
L11F,-4.75987982035845,11,True,mild,sensitive,11,-1.9761155094184446,True
L11G,-6.32988491936507,11,True,impactful,sensitive,11,-2.6279200807740684,True
L11H,-6.32988491936507,11,True,impactful,sensitive,11,-2.6279200807740684,True
L11I,-2.00221479880919,11,True,neutral,sensitive,11,-0.8312410956661532,True
L11K,-6.32988491936507,11,True,impactful,sensitive,11,-2.6279200807740684,True
L11L,0.0,11,True,neutral,sensitive,11,0.0,True
L11M,-1.52071768617895,11,True,neutral,sensitive,11,-0.6313423696648814,True
L11N,-6.32988491936507,11,True,impactful,sensitive,11,-2.6279200807740684,True
L11P,-5.49574930577938,11,True,impactful,sensitive,11,-2.281619672953935,True
L11Q,-6.32988491936507,11,True,impactful,sensitive,11,-2.6279200807740684,True
L11R,-6.32988491936507,11,True,impactful,sensitive,11,-2.6279200807740684,True
L11S,-2.2324588733479103,11,True,neutral,sensitive,11,-0.926829409619298,True
L11T,-5.49411577493311,11,True,impactful,sensitive,11,-2.280941494982588,True
L11V,-2.55281641519037,11,True,neutral,sensitive,11,-1.0598293026599546,True
L11W,-5.78977694496096,11,True,impactful,sensitive,11,-2.4036884225680075,True
L11Y,-5.78977694496096,11,True,impactful,sensitive,11,-2.4036884225680075,True
K12A,-3.9712815866405298,12,True,mild,sensitive,12,-1.4768147232891833,True
K12C,-5.53395870672305,12,True,impactful,sensitive,12,-2.057933067162969,True
K12D,-5.63650080814322,12,True,impactful,sensitive,12,-2.0960657660991897,True
K12E,-2.1523795159775,12,True,neutral,sensitive,12,-0.8004130883074907,True
K12F,-6.752467768844731,12,True,impactful,sensitive,12,-2.511064401253251,True
K12G,-6.30791776966672,12,True,impactful,sensitive,12,-2.3457479990538146,True
K12H,-4.53211546415057,12,True,mild,sensitive,12,-1.6853740282783918,True
K12I,-3.26914132015113,12,True,neutral,sensitive,12,-1.2157073047535667,True
K12K,0.0,12,True,neutral,sensitive,12,0.0,True
K12L,-3.8646974662905897,12,True,mild,sensitive,12,-1.437178904280244,True
K12M,-5.58975220097329,12,True,impactful,sensitive,12,-2.0786811939263017,True
K12N,-5.63650080814322,12,True,impactful,sensitive,12,-2.0960657660991897,True
K12P,-6.752467768844731,12,True,impactful,sensitive,12,-2.511064401253251,True
K12Q,-2.85851614715263,12,True,neutral,sensitive,12,-1.0630066493083945,True
K12R,-1.74298096350595,12,True,neutral,sensitive,12,-0.6481685806359193,True
K12S,-3.82961980118963,12,True,mild,sensitive,12,-1.4241344471825725,True
K12T,-3.96755093840876,12,True,mild,sensitive,12,-1.4754273937543994,True
K12V,-3.77225219465496,12,True,mild,sensitive,12,-1.4028009496397982,True
K12W,-6.752467768844731,12,True,impactful,sensitive,12,-2.511064401253251,True
K12Y,-6.752467768844731,12,True,impactful,sensitive,12,-2.511064401253251,True
L13A,-1.22088708707075,13,True,neutral,tolerant,13,-0.5987794024968244,True
L13C,-3.90424186260308,13,True,mild,tolerant,13,-1.9148204895028818,True
L13D,-1.41344576771325,13,True,neutral,tolerant,13,-0.6932190709655361,True
L13E,-2.5621166564825097,13,True,neutral,tolerant,13,-1.2565803152006436,True
L13F,-3.66389522611596,13,True,mild,tolerant,13,-1.7969434008581238,True
L13G,-3.24539512982346,13,True,neutral,tolerant,13,-1.5916916292105747,True
L13H,-3.0824846344463395,13,True,neutral,tolerant,13,-1.5117927998139782,True
L13I,-1.3851122874113997,13,True,neutral,tolerant,13,-0.6793230239146149,True
L13K,-2.8422828399879903,13,True,neutral,tolerant,13,-1.3939867483882735,True
L13L,0.0,13,True,neutral,tolerant,13,0.0,True
L13M,-0.392857261585314,13,True,neutral,tolerant,13,-0.1926753414379926,True
L13N,-2.36697970012344,13,True,neutral,tolerant,13,-1.1608761412675126,True
L13P,-5.718564376911369,13,True,impactful,tolerant,13,-2.8046480276584216,True
L13Q,-2.64372300165602,13,True,neutral,tolerant,13,-1.296603835082554,True
L13R,-2.76512395187283,13,True,neutral,tolerant,13,-1.3561444668110603,True
L13S,-2.7938447381184,13,True,neutral,tolerant,13,-1.370230466580804,True
L13T,-2.17665588917365,13,True,neutral,tolerant,13,-1.067532556092195,True
L13V,-0.624802923125024,13,True,neutral,tolerant,13,-0.3064322040498337,True
L13W,-4.9939847964922,13,True,mild,tolerant,13,-2.4492807436405775,True
L13Y,-3.81613711809218,13,True,mild,tolerant,13,-1.8716098545194724,True
D14A,-3.65885565588444,14,True,mild,sensitive,14,-1.7384756138814978,True
D14C,-5.07890936718131,14,True,mild,sensitive,14,-2.4132026268264153,True
D14D,0.0,14,True,neutral,sensitive,14,0.0,True
D14E,-0.631520781004183,14,True,neutral,sensitive,14,-0.3000619813108706,True
D14F,-6.1340195812559495,14,True,impactful,sensitive,14,-2.9145296945329586,True
D14G,-6.1340195812559495,14,True,impactful,sensitive,14,-2.9145296945329586,True
D14H,-3.79319854985767,14,True,mild,sensitive,14,-1.802307551251072,True
D14I,-5.5264067627771,14,True,impactful,sensitive,14,-2.6258273878681866,True
D14K,-3.70137014094292,14,True,mild,sensitive,14,-1.7586760269237638,True
D14L,-3.96861964460452,14,True,mild,sensitive,14,-1.8856574628244698,True
D14M,-5.5264067627771,14,True,impactful,sensitive,14,-2.6258273878681866,True
D14N,-3.79319854985767,14,True,mild,sensitive,14,-1.802307551251072,True
D14P,-6.1340195812559495,14,True,impactful,sensitive,14,-2.9145296945329586,True
D14Q,-1.27230687923205,14,True,neutral,sensitive,14,-0.6045263030153409,True
D14R,-4.9372628334979805,14,True,mild,sensitive,14,-2.3459004242365764,True
D14S,-3.86279713984154,14,True,mild,sensitive,14,-1.835376757261673,True
D14T,-5.07890936718131,14,True,mild,sensitive,14,-2.4132026268264153,True
D14V,-5.5264067627771,14,True,impactful,sensitive,14,-2.6258273878681866,True
D14W,-6.1340195812559495,14,True,impactful,sensitive,14,-2.9145296945329586,True
D14Y,-6.1340195812559495,14,True,impactful,sensitive,14,-2.9145296945329586,True
K15A,-3.7464025918860697,15,True,mild,sensitive,15,-1.6955944975015615,True
K15C,-2.6953539750286204,15,True,neutral,sensitive,15,-1.2198975568657928,True
K15D,-5.53079008396729,15,True,impactful,sensitive,15,-2.5031952661793175,True
K15E,-2.51735426080521,15,True,neutral,sensitive,15,-1.1393361840310274,True
K15F,-6.43979728561556,15,True,impactful,sensitive,15,-2.914605297936783,True
K15G,-6.43979728561556,15,True,impactful,sensitive,15,-2.914605297936783,True
K15H,-5.53079008396729,15,True,impactful,sensitive,15,-2.5031952661793175,True
K15I,-3.81433696161923,15,True,mild,sensitive,15,-1.726341097923059,True
K15K,0.0,15,True,neutral,sensitive,15,0.0,True
K15L,-4.15159970980962,15,True,mild,sensitive,15,-1.8789837587204896,True
K15M,-3.56031740297358,15,True,mild,sensitive,15,-1.6113736977749336,True
K15N,-4.39294499136865,15,True,mild,sensitive,15,-1.9882148734692755,True
K15P,-6.43979728561556,15,True,impactful,sensitive,15,-2.914605297936783,True
K15Q,-3.41937767634799,15,True,neutral,sensitive,15,-1.5475854051169853,True
K15R,-0.453190167559049,15,True,neutral,sensitive,15,-0.20511056555939478,True
K15S,-4.20421658379167,15,True,mild,sensitive,15,-1.902797772247205,True
K15T,-2.19785772907619,15,True,neutral,sensitive,15,-0.9947343832678504,True
K15V,-4.81416332200696,15,True,mild,sensitive,15,-2.1788552187498267,True
K15W,-6.43979728561556,15,True,impactful,sensitive,15,-2.914605297936783,True
K15Y,-6.43979728561556,15,True,impactful,sensitive,15,-2.914605297936783,True
E16A,-3.37517459076294,16,True,neutral,sensitive,16,-1.648128713302686,True
E16C,-5.142416289893402,16,True,mild,sensitive,16,-2.5110890459782036,True
E16D,-0.436807677697818,16,True,neutral,sensitive,16,-0.21329719587694165,True
E16E,0.0,16,True,neutral,sensitive,16,0.0,True
E16F,-6.24742679406193,16,True,impactful,sensitive,16,-3.050675811476328,True
E16G,-6.24742679406193,16,True,impactful,sensitive,16,-3.050675811476328,True
E16H,-3.36741684977888,16,True,neutral,sensitive,16,-1.6443405372180517,True
E16I,-4.17327843719517,16,True,mild,sensitive,16,-2.0378501425591624,True
E16K,-3.0340189112539906,16,True,neutral,sensitive,16,-1.481539265561587,True
E16L,-5.56226957379063,16,True,impactful,sensitive,16,-2.7161072558388764,True
E16M,-5.56226957379063,16,True,impactful,sensitive,16,-2.7161072558388764,True
E16N,-2.50547455036827,16,True,neutral,sensitive,16,-1.2234462057791409,True
E16P,-6.24742679406193,16,True,impactful,sensitive,16,-3.050675811476328,True
E16Q,-2.21615346438744,16,True,neutral,sensitive,16,-1.082168065538954,True
E16R,-4.71816731558715,16,True,mild,sensitive,16,-2.303924380168933,True
E16S,-4.19948323028138,16,True,mild,sensitive,16,-2.050646183400942,True
E16T,-3.6196606484088703,16,True,mild,sensitive,16,-1.767513497933146,True
E16V,-4.810051808301379,16,True,mild,sensitive,16,-2.3487924208220066,True
E16W,-6.24742679406193,16,True,impactful,sensitive,16,-3.050675811476328,True
E16Y,-6.24742679406193,16,True,impactful,sensitive,16,-3.050675811476328,True
N17A,-2.3278500017459,17,True,neutral,tolerant,17,-1.3100851422706241,True
N17C,-4.47505910957866,17,True,mild,tolerant,17,-2.5185078273276833,True
N17D,-0.676763660181316,17,True,neutral,tolerant,17,-0.380874203822093,True
N17E,-1.67395509408768,17,True,neutral,tolerant,17,-0.9420811890575915,True
N17F,-6.050186443968968,17,True,impactful,tolerant,17,-3.4049699775613336,True
N17G,-2.50615510571971,17,True,neutral,tolerant,17,-1.41043304584341,True
N17H,-2.06234159584806,17,True,neutral,tolerant,17,-1.1606603006984277,True
N17I,-4.72486546008996,17,True,mild,tolerant,17,-2.659095746654208,True
N17K,-3.46189820050543,17,True,neutral,tolerant,17,-1.9483134193070917,True
N17L,-2.9304818628564,17,True,neutral,tolerant,17,-1.649238887961984,True
N17M,-4.52904730523528,17,True,mild,tolerant,17,-2.548891715007169,True
N17N,0.0,17,True,neutral,tolerant,17,0.0,True
N17P,-6.050186443968968,17,True,impactful,tolerant,17,-3.4049699775613336,True
N17Q,-1.9636943215154696,17,True,neutral,tolerant,17,-1.1051428368018308,True
N17R,-1.73652699883811,17,True,neutral,tolerant,17,-0.9772958818752687,True
N17S,-1.4450420426317598,17,True,neutral,tolerant,17,-0.8132517596015233,True
N17T,-1.12675572921982,17,True,neutral,tolerant,17,-0.6341241655227232,True
N17V,-3.4413362694620098,17,True,neutral,tolerant,17,-1.9367414192485937,True
N17W,-6.050186443968968,17,True,impactful,tolerant,17,-3.4049699775613336,True
N17Y,-6.050186443968968,17,True,impactful,tolerant,17,-3.4049699775613336,True
A18A,0.0,18,True,neutral,sensitive,18,0.0,True
A18C,-3.5593231320313103,18,True,mild,sensitive,18,-1.9969019057962065,True
A18D,-5.9414782452242685,18,True,impactful,sensitive,18,-3.333372326991826,True
A18E,-5.17919589982996,18,True,mild,sensitive,18,-2.9057058826125615,True
A18F,-4.24566872238762,18,True,mild,sensitive,18,-2.3819652356982473,True
A18G,-4.82522251725858,18,True,mild,sensitive,18,-2.707114719057676,True
A18H,-5.43214491161168,18,True,impactful,sensitive,18,-3.047618921962803,True
A18I,-3.51230151272205,18,True,mild,sensitive,18,-1.9705211705470587,True
A18K,-5.05853668973785,18,True,mild,sensitive,18,-2.8380119426000707,True
A18L,-2.88372526134542,18,True,neutral,sensitive,18,-1.6178684138989483,True
A18M,-3.46868494931442,18,True,neutral,sensitive,18,-1.9460507880158524,True
A18N,-5.51155867972036,18,True,impactful,sensitive,18,-3.0921727595887165,True
A18P,-6.63905310403697,18,True,impactful,sensitive,18,-3.724735660223002,True
A18Q,-5.9414782452242685,18,True,impactful,sensitive,18,-3.333372326991826,True
A18R,-4.6796579040053885,18,True,mild,sensitive,18,-2.625447996807624,True
A18S,-2.31313395408206,18,True,neutral,sensitive,18,-1.297747192352343,True
A18T,-1.97587606844527,18,True,neutral,sensitive,18,-1.108533993777547,True
A18V,-1.04589200639962,18,True,neutral,sensitive,18,-0.5867811556756537,True
A18W,-6.07020530774644,18,True,impactful,sensitive,18,-3.4055926079111845,True
A18Y,-5.4297942322981285,18,True,impactful,sensitive,18,-3.0463001105407934,True
L19A,-1.8614578289051005,19,True,neutral,tolerant,19,-1.0125431847240152,True
L19C,-1.8708269740050605,19,True,neutral,tolerant,19,-1.017639547300886,True
L19D,-3.87236648483069,19,True,mild,tolerant,19,-2.106380403619072,True
L19E,-2.45141553321216,19,True,neutral,tolerant,19,-1.333451691753101,True
L19F,-1.2682625557920502,19,True,neutral,tolerant,19,-0.6898735965795388,True
L19G,-3.51090544330104,19,True,mild,tolerant,19,-1.9097630489517532,True
L19H,-2.728645502562589,19,True,neutral,tolerant,19,-1.4842514099675796,True
L19I,-0.261019303367011,19,True,neutral,tolerant,19,-0.14198189859672145,True
L19K,-3.4026362738624303,19,True,neutral,tolerant,19,-1.8508698481880936,True
L19L,0.0,19,True,neutral,tolerant,19,0.0,True
L19M,-0.115348892257585,19,True,neutral,tolerant,19,-0.06274422815669214,True
L19N,-2.54962453556575,19,True,neutral,tolerant,19,-1.3868726473436785,True
L19P,-5.044874670352,19,True,mild,tolerant,19,-2.7441682459474888,True
L19Q,-2.1016190598343,19,True,neutral,tolerant,19,-1.1431792989761038,True
L19R,-2.2216861428298103,19,True,neutral,tolerant,19,-1.208489995092333,True
L19S,-1.8956793665851497,19,True,neutral,tolerant,19,-1.0311580489506689,True
L19T,-1.93965365564084,19,True,neutral,tolerant,19,-1.055077939047031,True
L19V,-0.477317442570802,19,True,neutral,tolerant,19,-0.2596376430989249,True
L19W,-3.76401475835677,19,True,mild,tolerant,19,-2.047442295814191,True
L19Y,-2.54738979698542,19,True,neutral,tolerant,19,-1.3856570574527787,True
D20A,-2.8132141389314502,20,True,neutral,sensitive,20,-1.5416926922292669,True
D20C,-3.92700128502448,20,True,mild,sensitive,20,-2.152068376066379,True
D20D,0.0,20,True,neutral,sensitive,20,0.0,True
D20E,-0.424565146625854,20,True,neutral,sensitive,20,-0.2326694491081099,True
D20F,-4.61060071426009,20,True,mild,sensitive,20,-2.5266933396907056,True
D20G,-4.31021032334818,20,True,mild,sensitive,20,-2.3620739230327588,True
D20H,-2.57368214501033,20,True,neutral,sensitive,20,-1.4104247878515497,True
D20I,-5.42261088802911,20,True,mild,sensitive,20,-2.9716897349494813,True
D20K,-3.2660402831643904,20,True,neutral,sensitive,20,-1.789849683818769,True
D20L,-4.27859625227139,20,True,mild,sensitive,20,-2.3447488350928776,True
D20M,-4.06913758817395,20,True,mild,sensitive,20,-2.2299616643282008,True
D20N,-2.43700825044002,20,True,neutral,sensitive,20,-1.3355249991857658,True
D20P,-6.20567197887255,20,True,impactful,sensitive,20,-3.4008215044140546,True
D20Q,-2.3764437258581,20,True,neutral,sensitive,20,-1.3023345343490749,True
D20R,-3.50317445744661,20,True,mild,sensitive,20,-1.9198035392716573,True
D20S,-3.09666202023588,20,True,neutral,sensitive,20,-1.6970273044038278,True
D20T,-3.01283427266209,20,True,neutral,sensitive,20,-1.6510881687894874,True
D20V,-3.94065673255621,20,True,mild,sensitive,20,-2.159551810539939,True
D20W,-5.62828151944486,20,True,impactful,sensitive,20,-3.0844009946690414,True
D20Y,-4.26419799002062,20,True,mild,sensitive,20,-2.336858324596139,True
R21A,-1.11988572490369,21,True,neutral,tolerant,21,-0.3296347640694491,True
R21C,-4.366706723700831,21,True,mild,tolerant,21,-1.2853260905271295,True
R21D,-1.23184377413506,21,True,neutral,tolerant,21,-0.3625892560532024,True
R21E,-1.10541537162667,21,True,neutral,tolerant,21,-0.3253754620867559,True
R21F,-5.80629748732427,21,True,impactful,tolerant,21,-1.7090650052850445,True
R21G,-3.53636031668962,21,True,mild,tolerant,21,-1.0409162941663497,True
R21H,-1.2732774544241898,21,True,neutral,tolerant,21,-0.37478512668795927,True
R21I,-3.2266735796882897,21,True,neutral,tolerant,21,-0.9497609983921758,True
R21K,-0.948454956967898,21,True,neutral,tolerant,21,-0.27917466846673117,True
R21L,-2.55971755869713,21,True,neutral,tolerant,21,-0.7534446370571595,True
R21M,-2.9779910436260097,21,True,neutral,tolerant,21,-0.8765620931108966,True
R21N,-3.11949575142459,21,True,neutral,tolerant,21,-0.918213549087722,True
R21P,-4.82757002508252,21,True,mild,tolerant,21,-1.420979722179846,True
R21Q,-1.00596262836934,21,True,neutral,tolerant,21,-0.29610186672727506,True
R21R,0.0,21,True,neutral,tolerant,21,0.0,True
R21S,-2.8702595403896805,21,True,neutral,tolerant,21,-0.8448516713576337,True
R21T,-2.97103053884438,21,True,neutral,tolerant,21,-0.8745132908978903,True
R21V,-3.26671490506459,21,True,neutral,tolerant,21,-0.9615470338330506,True
R21W,-5.80629748732427,21,True,impactful,tolerant,21,-1.7090650052850445,True
R21Y,-5.80629748732427,21,True,impactful,tolerant,21,-1.7090650052850445,True
A22A,0.0,22,True,neutral,tolerant,22,0.0,True
A22C,-1.85281795479694,22,True,neutral,tolerant,22,-1.0974576158327798,True
A22D,-5.193359254596059,22,True,mild,tolerant,22,-3.0761207008795046,True
A22E,-3.92412708482312,22,True,mild,tolerant,22,-2.3243315100574984,True
A22F,-2.59165360909331,22,True,neutral,tolerant,22,-1.5350833488720574,True
A22G,-3.5217834091321003,22,True,mild,tolerant,22,-2.0860160673956445,True
A22H,-4.40313751638922,22,True,mild,tolerant,22,-2.608058060107677,True
A22I,-2.73019176463002,22,True,neutral,tolerant,22,-1.6171420063259956,True
A22K,-3.81315364773474,22,True,mild,tolerant,22,-2.2585999343392946,True
A22L,-1.01117164101004,22,True,neutral,tolerant,22,-0.5989352680156954,True
A22M,-3.18484407945616,22,True,neutral,tolerant,22,-1.8864408028808,True
A22N,-3.80008123101758,22,True,mild,tolerant,22,-2.250856905270279,True
A22P,-2.70027871563794,22,True,neutral,tolerant,22,-1.5994239658978224,True
A22Q,-4.1619593768151,22,True,mild,tolerant,22,-2.46520388203652,True
A22R,-3.33733084078899,22,True,neutral,tolerant,22,-1.9767614720567044,True
A22S,-0.43028859157902,22,True,neutral,tolerant,22,-0.25486772222374615,True
A22T,-2.3009264079249703,22,True,neutral,tolerant,22,-1.362880364641526,True
A22V,-1.2997765268543,22,True,neutral,tolerant,22,-0.769881166459909,True
A22W,-5.69406038926251,22,True,impactful,tolerant,22,-3.3726950470386408,True
A22Y,-5.69406038926251,22,True,impactful,tolerant,22,-3.3726950470386408,True
E23A,-2.26348455047855,23,True,neutral,tolerant,23,-1.0286814068801196,True
E23C,-4.46619037162209,23,True,mild,tolerant,23,-2.0297408232379244,True
E23D,-0.407165873968229,23,True,neutral,tolerant,23,-0.1850438802326521,True
E23E,0.0,23,True,neutral,tolerant,23,0.0,True
E23F,-5.9454746868390895,23,True,impactful,tolerant,23,-2.702028279421972,True
E23G,-4.07834728947443,23,True,mild,tolerant,23,-1.8534785344990743,True
E23H,-0.41255527396726704,23,True,neutral,tolerant,23,-0.18749319033378714,True
E23I,-2.27718718852302,23,True,neutral,tolerant,23,-1.0349088180539994,True
E23K,-2.72110188603592,23,True,neutral,tolerant,23,-1.2366538644143943,True
E23L,-2.31348769020552,23,True,neutral,tolerant,23,-1.0514062362198593,True
E23M,-2.39894096755952,23,True,neutral,tolerant,23,-1.0902420204324994,True
E23N,-2.16954283680934,23,True,neutral,tolerant,23,-0.9859878995789358,True
E23P,-5.35645944266134,23,True,mild,tolerant,23,-2.4343396707559655,True
E23Q,-0.6078512766040861,23,True,neutral,tolerant,23,-0.27624898356773364,True
E23R,-3.32994186396361,23,True,neutral,tolerant,23,-1.5133521811433963,True
E23S,-3.0512243359075497,23,True,neutral,tolerant,23,-1.3866839700340075,True
E23T,-2.76083100940291,23,True,neutral,tolerant,23,-1.2547094815868767,True
E23V,-2.29702498727709,23,True,neutral,tolerant,23,-1.0439244637439276,True
E23W,-5.9454746868390895,23,True,impactful,tolerant,23,-2.702028279421972,True
E23Y,-5.9454746868390895,23,True,impactful,tolerant,23,-2.702028279421972,True
Q24A,-1.1655868557333702,24,True,neutral,tolerant,24,-0.5885807832765075,True
Q24C,-3.93146305403552,24,True,mild,tolerant,24,-1.9852519719012724,True
Q24D,-2.27429599131262,24,True,neutral,tolerant,24,-1.1484402980223822,True
Q24E,-0.44333355496607,24,True,neutral,tolerant,24,-0.2238680109947791,True
Q24F,-2.79123410516608,24,True,neutral,tolerant,24,-1.4094760487780942,True
Q24G,-0.9649874554775358,24,True,neutral,tolerant,24,-0.48728506983686914,True
Q24H,-1.4375141810910002,24,True,neutral,tolerant,24,-0.7258946156743323,True
Q24I,-1.8919166795723603,24,True,neutral,tolerant,24,-0.9553520577889174,True
Q24K,-1.0684345189434,24,True,neutral,tolerant,24,-0.5395222354696986,True
Q24L,-1.77068884591201,24,True,neutral,tolerant,24,-0.8941362222295595,True
Q24M,-1.8835222689226496,24,True,neutral,tolerant,24,-0.9511131726547482,True
Q24N,-1.49834637278799,24,True,neutral,tolerant,24,-0.7566127546627076,True
Q24P,-5.55266203563349,24,True,impactful,tolerant,24,-2.8039010170088003,True
Q24Q,0.0,24,True,neutral,tolerant,24,0.0,True
Q24R,-1.21960255170021,24,True,neutral,tolerant,24,-0.6158568292313883,True
Q24S,-1.79851919248999,24,True,neutral,tolerant,24,-0.9081895783626961,True
Q24T,-1.83570103958964,24,True,neutral,tolerant,24,-0.9269651166951098,True
Q24V,-1.95034014799853,24,True,neutral,tolerant,24,-0.9848538753830851,True
Q24W,-4.88412275057452,24,True,mild,tolerant,24,-2.4663119526541353,True
Q24Y,-2.9586517538728194,24,True,neutral,tolerant,24,-1.4940161328785835,True
A25A,0.0,25,True,neutral,tolerant,25,0.0,True
A25C,-1.4646846931041002,25,True,neutral,tolerant,25,-0.8051856687829472,True
A25D,-4.801833235768,25,True,mild,tolerant,25,-2.6397267094613133,True
A25E,-4.0447213469273695,25,True,mild,tolerant,25,-2.2235172376003716,True
A25F,-2.81446417740761,25,True,neutral,tolerant,25,-1.5472041399906467,True
A25G,-3.9120866109089305,25,True,mild,tolerant,25,-2.1506035319218304,True
A25H,-3.64512389400351,25,True,mild,tolerant,25,-2.003845287800325,True
A25I,-2.29340792796908,25,True,neutral,tolerant,25,-1.2607622684718336,True
A25K,-5.4838488914716,25,True,impactful,tolerant,25,-3.0146532956703447,True
A25L,-1.74620948712241,25,True,neutral,tolerant,25,-0.9599491688166731,True
A25M,-2.2123805678393302,25,True,neutral,tolerant,25,-1.2162188459434518,True
A25N,-2.5605193920455696,25,True,neutral,tolerant,25,-1.4076022838380176,True
A25P,-2.976905854944229,25,True,neutral,tolerant,25,-1.636503708274078,True
A25Q,-2.59194302467352,25,True,neutral,tolerant,25,-1.4248768950715818,True
A25R,-4.22086990967711,25,True,mild,tolerant,25,-2.3203519344949095,True
A25S,-0.363637443901564,25,True,neutral,tolerant,25,-0.1999035422715326,True
A25T,-1.67445693745176,25,True,neutral,tolerant,25,-0.9205044166693671,True
A25V,-2.42507360539179,25,True,neutral,tolerant,25,-1.3331432505565761,True
A25W,-2.89052213824044,25,True,neutral,tolerant,25,-1.5890157191979517,True
A25Y,-2.7081576731608097,25,True,neutral,tolerant,25,-1.4887639349957185,True
E26A,-4.76373198685767,26,True,mild,sensitive,26,-1.9521492550220154,True
E26C,-5.647964019337912,26,True,impactful,sensitive,26,-2.314502323631893,True
E26D,-0.412440105830573,26,True,neutral,sensitive,26,-0.16901552135166545,True
E26E,0.0,26,True,neutral,sensitive,26,0.0,True
E26F,-6.63714973457924,26,True,impactful,sensitive,26,-2.7198647920524897,True
E26G,-5.91641432859729,26,True,impactful,sensitive,26,-2.424511676105312,True
E26H,-3.72313484223774,26,True,mild,sensitive,26,-1.5257186862469196,True
E26I,-5.827959511287268,26,True,impactful,sensitive,26,-2.388263413988288,True
E26K,-3.57750241421254,26,True,mild,sensitive,26,-1.4660393766928206,True
E26L,-4.13049382240837,26,True,mild,sensitive,26,-1.6926519922894334,True
E26M,-5.827959511287268,26,True,impactful,sensitive,26,-2.388263413988288,True
E26N,-3.41850024128452,26,True,neutral,sensitive,26,-1.4008812245791742,True
E26P,-6.63714973457924,26,True,impactful,sensitive,26,-2.7198647920524897,True
E26Q,-1.10428239731128,26,True,neutral,sensitive,26,-0.45252840948911865,True
E26R,-5.74332758879638,26,True,impactful,sensitive,26,-2.353581751607309,True
E26S,-4.17953585852607,26,True,mild,sensitive,26,-1.7127491292686032,True
E26T,-4.28895795131609,26,True,mild,sensitive,26,-1.757589657138831,True
E26V,-5.29239783490633,26,True,mild,sensitive,26,-2.1687933996277535,True
E26W,-6.63714973457924,26,True,impactful,sensitive,26,-2.7198647920524897,True
E26Y,-6.63714973457924,26,True,impactful,sensitive,26,-2.7198647920524897,True
A27A,0.0,27,True,neutral,tolerant,27,0.0,True
A27C,-1.7267672135623795,27,True,neutral,tolerant,27,-0.9974600696950151,True
A27D,-0.33549893709363104,27,True,neutral,tolerant,27,-0.19379959878067698,True
A27E,-0.415123555903387,27,True,neutral,tolerant,27,-0.2397944365350765,True
A27F,-1.5563848479443,27,True,neutral,tolerant,27,-0.8990393880018532,True
A27G,-0.428051515969121,27,True,neutral,tolerant,27,-0.24726222017545402,True
A27H,-2.35539394220958,27,True,neutral,tolerant,27,-1.360583747075362,True
A27I,-0.5825826943436461,27,True,neutral,tolerant,27,-0.33652652791819443,True
A27K,-2.09673392950754,27,True,neutral,tolerant,27,-1.211169840979229,True
A27L,-1.32863479744123,27,True,neutral,tolerant,27,-0.7674804960657637,True
A27M,-0.6513886107121619,27,True,neutral,tolerant,27,-0.3762719861347544,True
A27N,-0.9667288857558342,27,True,neutral,tolerant,27,-0.5584270156327961,True
A27P,-2.30435200906816,27,True,neutral,tolerant,27,-1.3310995816425615,True
A27Q,-0.97199393029927,27,True,neutral,tolerant,27,-0.561468347235571,True
A27R,-1.5624794430576,27,True,neutral,tolerant,27,-0.9025599061230732,True
A27S,-0.0897484521781697,27,True,neutral,tolerant,27,-0.05184282899370845,True
A27T,-0.0916683164423901,27,True,neutral,tolerant,27,-0.052951830790681165,True
A27V,-0.6377991971325799,27,True,neutral,tolerant,27,-0.3684221165578124,True
A27W,-3.2328899217877503,27,True,neutral,tolerant,27,-1.8674657367683625,True
A27Y,-3.05690234972565,27,True,neutral,tolerant,27,-1.7658072303317172,True
D28A,-1.7922164831062002,28,True,neutral,tolerant,28,-0.9510538490818526,True
D28C,-3.85983378570461,28,True,mild,tolerant,28,-2.0482513208160373,True
D28D,0.0,28,True,neutral,tolerant,28,0.0,True
D28E,-0.16648934595900106,28,True,neutral,tolerant,28,-0.08834888798199132,True
D28F,-5.2336911935883315,28,True,mild,tolerant,28,-2.7772996183703933,True
D28G,-2.52313976675714,28,True,neutral,tolerant,28,-1.3389240694778677,True
D28H,-2.70680775175699,28,True,neutral,tolerant,28,-1.4363889381105175,True
D28I,-2.90580202119731,28,True,neutral,tolerant,28,-1.5419868207772585,True
D28K,-1.20629666358913,28,True,neutral,tolerant,28,-0.64013086357328,True
D28L,-2.26681480023904,28,True,neutral,tolerant,28,-1.2029031990524892,True
D28M,-2.3045460788654,28,True,neutral,tolerant,28,-1.2229256004234363,True
D28N,-1.5367869037896895,28,True,neutral,tolerant,28,-0.8155081229554565,True
D28P,-5.41446397827836,28,True,mild,tolerant,28,-2.8732281260642427,True
D28Q,-1.32580094391763,28,True,neutral,tolerant,28,-0.7035467549343472,True
D28R,-1.2128901288196,28,True,neutral,tolerant,28,-0.6436297380370153,True
D28S,-0.8523628029788779,28,True,neutral,tolerant,28,-0.4523130616354357,True
D28T,-1.9494277839955905,28,True,neutral,tolerant,28,-1.0344792690795996,True
D28V,-2.99199444974235,28,True,neutral,tolerant,28,-1.587725514569093,True
D28W,-5.2336911935883315,28,True,mild,tolerant,28,-2.7772996183703933,True
D28Y,-5.2336911935883315,28,True,mild,tolerant,28,-2.7772996183703933,True
K29A,-1.17757860885133,29,True,neutral,tolerant,29,-0.5750333272072312,True
K29C,-1.54798704150833,29,True,neutral,tolerant,29,-0.7559105882710498,True
K29D,-2.71823160469639,29,True,neutral,tolerant,29,-1.3273625658783985,True
K29E,-2.7230643200193,29,True,neutral,tolerant,29,-1.329722469795377,True
K29F,-2.53425053664526,29,True,neutral,tolerant,29,-1.2375212211822857,True
K29G,-3.32148217123917,29,True,neutral,tolerant,29,-1.6219409301687582,True
K29H,-3.2948254880646,29,True,neutral,tolerant,29,-1.6089239807243945,True
K29I,-2.3596092160938,29,True,neutral,tolerant,29,-1.1522406472403646,True
K29K,0.0,29,True,neutral,tolerant,29,0.0,True
K29L,-0.751151830793359,29,True,neutral,tolerant,29,-0.3668012761544998,True
K29M,-1.21160912885438,29,True,neutral,tolerant,29,-0.5916510570104537,True
K29N,-1.83538165806613,29,True,neutral,tolerant,29,-0.8962506737128894,True
K29P,-4.4846880112313885,29,True,mild,tolerant,29,-2.1899557695772875,True
K29Q,-0.708841682886149,29,True,neutral,tolerant,29,-0.34614045152433304,True
K29R,-0.207381723781191,29,True,neutral,tolerant,29,-0.10126831595913,True
K29S,-1.49498079242084,29,True,neutral,tolerant,29,-0.730026660398679,True
K29T,-1.9436761697798897,29,True,neutral,tolerant,29,-0.9491328787062272,True
K29V,-1.7020532951518703,29,True,neutral,tolerant,29,-0.831143978022768,True
K29W,-4.3858906091535,29,True,mild,tolerant,29,-2.1417111781680602,True
K29Y,-2.9476639081445404,29,True,neutral,tolerant,29,-1.4393985860888043,True
K30A,-2.79044364786286,30,True,neutral,tolerant,30,-1.2354634067645054,True
K30C,-4.662763328799532,30,True,mild,tolerant,30,-2.064429242836439,True
K30D,-3.25980624249832,30,True,neutral,tolerant,30,-1.4432727673370689,True
K30E,-2.42435515415283,30,True,neutral,tolerant,30,-1.0733784501438337,True
K30F,-5.62146213892444,30,True,impactful,tolerant,30,-2.488891245115228,True
K30G,-3.85698572007581,30,True,mild,tolerant,30,-1.7076728000640489,True
K30H,-3.2424172071853,30,True,neutral,tolerant,30,-1.4355738063404455,True
K30I,-3.1364143381008303,30,True,neutral,tolerant,30,-1.388641245682497,True
K30K,0.0,30,True,neutral,tolerant,30,0.0,True
K30L,-1.40159464047577,30,True,neutral,tolerant,30,-0.6205532553045018,True
K30M,-3.83682315513186,30,True,mild,tolerant,30,-1.6987458643082092,True
K30N,-3.0541664717591805,30,True,neutral,tolerant,30,-1.352226165511503,True
K30P,-5.346777501815571,30,True,mild,tolerant,30,-2.3672751652462414,True
K30Q,-2.63077241390876,30,True,neutral,tolerant,30,-1.1647692836940367,True
K30R,-0.483373198774449,30,True,neutral,tolerant,30,-0.21401252784800434,True
K30S,-2.0060877911783503,30,True,neutral,tolerant,30,-0.8881914023442385,True
K30T,-1.6500166808686798,30,True,neutral,tolerant,30,-0.7305416224138948,True
K30V,-3.066524192815609,30,True,neutral,tolerant,30,-1.3576975220708496,True
K30W,-5.62146213892444,30,True,impactful,tolerant,30,-2.488891245115228,True
K30Y,-5.62146213892444,30,True,impactful,tolerant,30,-2.488891245115228,True
A31A,0.0,31,True,neutral,tolerant,31,0.0,True
A31C,-3.0246928888324303,31,True,neutral,tolerant,31,-1.7252716086311413,True
A31D,-0.9303317819328052,31,True,neutral,tolerant,31,-0.530657183710134,True
A31E,-0.33104846574913105,31,True,neutral,tolerant,31,-0.18882859848238848,True
A31F,-3.689827203504181,31,True,mild,tolerant,31,-2.1046613156874723,True
A31G,-0.554704687587237,31,True,neutral,tolerant,31,-0.31640113024442873,True
A31H,-0.26365060321295003,31,True,neutral,tolerant,31,-0.15038515215915432,True
A31I,-1.40268798880168,31,True,neutral,tolerant,31,-0.8000871003408259,True
A31K,-2.13402158664446,31,True,neutral,tolerant,31,-1.2172365892872108,True
A31L,-1.38241584739846,31,True,neutral,tolerant,31,-0.7885239594552623,True
A31M,-2.66823170018118,31,True,neutral,tolerant,31,-1.5219477040358864,True
A31N,-1.13448713806386,31,True,neutral,tolerant,31,-0.6471065068739317,True
A31P,-2.12660906769139,31,True,neutral,tolerant,31,-1.2130085208623504,True
A31Q,-0.232290617990395,31,True,neutral,tolerant,31,-0.13249755360284224,True
A31R,-2.35968513227307,31,True,neutral,tolerant,31,-1.345954089769174,True
A31S,-0.305744823723678,31,True,neutral,tolerant,31,-0.17439551162498804,True
A31T,-0.328811984469979,31,True,neutral,tolerant,31,-0.18755291933215065,True
A31V,-1.06760154792865,31,True,neutral,tolerant,31,-0.6089552584900467,True
A31W,-4.399049575319982,31,True,mild,tolerant,31,-2.50919865791403,True
A31Y,-4.399049575319982,31,True,mild,tolerant,31,-2.50919865791403,True
A32A,0.0,32,True,neutral,tolerant,32,0.0,True
A32C,-2.2463131130447205,32,True,neutral,tolerant,32,-1.1714010398306858,True
A32D,-4.29879371219375,32,True,mild,tolerant,32,-2.2417228458662883,True
A32E,-2.7283892894210497,32,True,neutral,tolerant,32,-1.4227927674600613,True
A32F,-2.92449234849104,32,True,neutral,tolerant,32,-1.5250560387620757,True
A32G,-4.46455054842216,32,True,mild,tolerant,32,-2.3281612542918277,True
A32H,-4.77170241126141,32,True,mild,tolerant,32,-2.48833394323106,True
A32I,-2.25060785131877,32,True,neutral,tolerant,32,-1.173640647858083,True
A32K,-2.82656031668734,32,True,neutral,tolerant,32,-1.4739867184516522,True
A32L,-2.1053888354266,32,True,neutral,tolerant,32,-1.0979122441767701,True
A32M,-2.83549646056085,32,True,neutral,tolerant,32,-1.4786467136075891,True
A32N,-3.4352021292641903,32,True,neutral,tolerant,32,-1.7913795378216033,True
A32P,-2.8187448800365003,32,True,neutral,tolerant,32,-1.469911146543907,True
A32Q,-2.46435346459983,32,True,neutral,tolerant,32,-1.2851041086742405,True
A32R,-2.47862868134765,32,True,neutral,tolerant,32,-1.2925483085255869,True
A32S,-0.20027291364169,32,True,neutral,tolerant,32,-0.10443775532780158,True
A32T,-0.893930258311943,32,True,neutral,tolerant,32,-0.46616423509338095,True
A32V,-1.04716042621077,32,True,neutral,tolerant,32,-0.5460702717753398,True
A32W,-4.8234456741398,32,True,mild,tolerant,32,-2.5153168743228984,True
A32Y,-3.3391281323190296,32,True,neutral,tolerant,32,-1.7412791402996792,True
E33A,-1.82771191724916,33,True,neutral,tolerant,33,-1.033993344036999,True
E33C,-3.10552648226212,33,True,neutral,tolerant,33,-1.7568926930358904,True
E33D,-0.41883978559195295,33,True,neutral,tolerant,33,-0.23695066297525513,True
E33E,0.0,33,True,neutral,tolerant,33,0.0,True
E33F,-3.72207302614242,33,True,mild,tolerant,33,-2.1056922038585464,True
E33G,-3.70525658216626,33,True,mild,tolerant,33,-2.0961786197003325,True
E33H,-2.03491698878114,33,True,neutral,tolerant,33,-1.151215682411439,True
E33I,-3.69255906762175,33,True,mild,tolerant,33,-2.088995241728712,True
E33K,-1.27519082045481,33,True,neutral,tolerant,33,-0.7214150152896363,True
E33L,-3.61370787736796,33,True,mild,tolerant,33,-2.0443866767123358,True
E33M,-3.25398478076154,33,True,neutral,tolerant,33,-1.8408801590401032,True
E33N,-1.45045063389026,33,True,neutral,tolerant,33,-0.8205649299228829,True
E33P,-2.5921477653372995,33,True,neutral,tolerant,33,-1.4664584231376796,True
E33Q,-1.32929151675527,33,True,neutral,tolerant,33,-0.7520214578884438,True
E33R,-2.54707753970741,33,True,neutral,tolerant,33,-1.4409607980055466,True
E33S,-1.82759428366757,33,True,neutral,tolerant,33,-1.033926795069817,True
E33T,-2.3008124605243,33,True,neutral,tolerant,33,-1.3016410013018478,True
E33V,-2.70307306878932,33,True,neutral,tolerant,33,-1.5292123092245522,True
E33W,-5.311196007948388,33,True,mild,tolerant,33,-3.0047083838901623,True
E33Y,-3.58853459494937,33,True,mild,tolerant,33,-2.03014536974118,True
D34A,-1.2598525124391002,34,True,neutral,tolerant,34,-0.7210655935989929,True
D34C,-2.56162186631008,34,True,neutral,tolerant,34,-1.4661219256776488,True
D34D,0.0,34,True,neutral,tolerant,34,0.0,True
D34E,-0.0863981543553966,34,True,neutral,tolerant,34,-0.049449229843197946,True
D34F,-3.52511628167661,34,True,mild,tolerant,34,-2.0175695480668328,True
D34G,-1.53146841119935,34,True,neutral,tolerant,34,-0.8765225834741873,True
D34H,-1.77469744344527,34,True,neutral,tolerant,34,-1.0157325979681582,True
D34I,-1.58758635957506,34,True,neutral,tolerant,34,-0.9086412016120742,True
D34K,-1.94735151190204,34,True,neutral,tolerant,34,-1.1145496476861743,True
D34L,-1.4131451579524898,34,True,neutral,tolerant,34,-0.8088013018188988,True
D34M,-1.7736102645221998,34,True,neutral,tolerant,34,-1.015110360596901,True
D34N,-0.185011245413065,34,True,neutral,tolerant,34,-0.10588957213569815,True
D34P,-2.41231460850052,34,True,neutral,tolerant,34,-1.380667219338527,True
D34Q,-1.52830118599556,34,True,neutral,tolerant,34,-0.8747098497620395,True
D34R,-1.69150811298771,34,True,neutral,tolerant,34,-0.9681199104867076,True
D34S,-1.29707252456638,34,True,neutral,tolerant,34,-0.7423681428048198,True
D34T,-1.56787042440743,34,True,neutral,tolerant,34,-0.8973569581354446,True
D34V,-1.7144260146861898,34,True,neutral,tolerant,34,-0.9812367715709185,True
D34W,-4.63697671589538,34,True,mild,tolerant,34,-2.6539331668899893,True
D34Y,-4.63697671589538,34,True,mild,tolerant,34,-2.6539331668899893,True
R35A,-1.11910796805116,35,True,neutral,tolerant,35,-0.4250914422832165,True
R35C,-3.8906486097515,35,True,mild,tolerant,35,-1.4778568968788266,True
R35D,-2.50408306292421,35,True,neutral,tolerant,35,-0.9511721042153859,True
R35E,-1.11578456252774,35,True,neutral,tolerant,35,-0.42382905180117675,True
R35F,-3.01993002305263,35,True,neutral,tolerant,35,-1.1471157794804865,True
R35G,-2.31181126123395,35,True,neutral,tolerant,35,-0.8781379557469079,True
R35H,-1.74429268317972,35,True,neutral,tolerant,35,-0.6625668958002021,True
R35I,-1.36091922587209,35,True,neutral,tolerant,35,-0.516943077051238,True
R35K,-0.116205302115957,35,True,neutral,tolerant,35,-0.04414040547262983,True
R35L,-1.50953508431119,35,True,neutral,tolerant,35,-0.5733945825481118,True
R35M,-2.2261947992421804,35,True,neutral,tolerant,35,-0.8456166741992067,True
R35N,-1.02183170010162,35,True,neutral,tolerant,35,-0.38814120135641056,True
R35P,-2.08960254497893,35,True,neutral,tolerant,35,-0.7937323162756409,True
R35Q,-1.6461910256681698,35,True,neutral,tolerant,35,-0.6253031319163829,True
R35R,0.0,35,True,neutral,tolerant,35,0.0,True
R35S,-1.38425568341128,35,True,neutral,tolerant,35,-0.5258073945937093,True
R35T,-1.12964708800651,35,True,neutral,tolerant,35,-0.42909471080610734,True
R35V,-1.17633915742765,35,True,neutral,tolerant,35,-0.4468306216387189,True
R35W,-4.458303528517249,35,True,mild,tolerant,35,-1.6934797456353312,True
R35Y,-4.458303528517249,35,True,mild,tolerant,35,-1.6934797456353312,True
S36A,-0.3684813341000861,36,True,neutral,tolerant,36,-0.2416321549383981,True
S36C,-0.28202782224233697,36,True,neutral,tolerant,36,-0.1849401425106907,True
S36D,-1.60004890195093,36,True,neutral,tolerant,36,-1.0492343258836745,True
S36E,-2.36515753419596,36,True,neutral,tolerant,36,-1.5509553914102163,True
S36F,-1.6669284794053605,36,True,neutral,tolerant,36,-1.0930907031982826,True
S36G,-2.0908966922675902,36,True,neutral,tolerant,36,-1.3711084572033099,True
S36H,-1.32944547858443,36,True,neutral,tolerant,36,-0.8717857490610695,True
S36I,-1.48020333599898,36,True,neutral,tolerant,36,-0.9706454268516383,True
S36K,-2.2602213908556603,36,True,neutral,tolerant,36,-1.4821433673000506,True
S36L,-1.20904884214995,36,True,neutral,tolerant,36,-0.7928354847822922,True
S36M,-2.04024998397432,36,True,neutral,tolerant,36,-1.337896806753425,True
S36N,-1.13814795983258,36,True,neutral,tolerant,36,-0.7463421311278394,True
S36P,-4.57094661392819,36,True,mild,tolerant,36,-2.99740469386122,True
S36Q,-2.37479829939342,36,True,neutral,tolerant,36,-1.5572773367961519,True
S36R,-1.35930229937094,36,True,neutral,tolerant,36,-0.8913644014339858,True
S36S,0.0,36,True,neutral,tolerant,36,0.0,True
S36T,-0.27363746140801604,36,True,neutral,tolerant,36,-0.17943815155079848,True
S36V,-1.54805141881019,36,True,neutral,tolerant,36,-1.015136902920976,True
S36W,-1.89901503243434,36,True,neutral,tolerant,36,-1.2452817879314508,True
S36Y,-1.98663175218647,36,True,neutral,tolerant,36,-1.3027365755777376,True
K37A,-0.896447548123775,37,True,neutral,tolerant,37,-0.39196407304515635,True
K37C,-4.1852923497855015,37,True,mild,tolerant,37,-1.8299835163140543,True
K37D,-0.7868333273061819,37,True,neutral,tolerant,37,-0.34403618641614114,True
K37E,-1.5844768923216102,37,True,neutral,tolerant,37,-0.6927990574129594,True
K37F,-5.2656381925765405,37,True,mild,tolerant,37,-2.3023555560659106,True
K37G,-2.5367234249756296,37,True,neutral,tolerant,37,-1.1091607623039876,True
K37H,-0.7689921765110791,37,True,neutral,tolerant,37,-0.3362352948323585,True
K37I,-2.49051883107401,37,True,neutral,tolerant,37,-1.0889581962341925,True
K37K,0.0,37,True,neutral,tolerant,37,0.0,True
K37L,-1.40458176935261,37,True,neutral,tolerant,37,-0.6141414435152273,True
K37M,-2.52360768973571,37,True,neutral,tolerant,37,-1.1034260185184972,True
K37N,-1.0769442566769,37,True,neutral,tolerant,37,-0.47088472512770185,True
K37P,-1.70285068247689,37,True,neutral,tolerant,37,-0.7445569913023049,True
K37Q,-1.22293096492913,37,True,neutral,tolerant,37,-0.5347161728200528,True
K37R,-0.6057187893977939,37,True,neutral,tolerant,37,-0.2648453936978801,True
K37S,-0.9628275017716909,37,True,neutral,tolerant,37,-0.42098814372820015,True
K37T,-1.00940297506705,37,True,neutral,tolerant,37,-0.44135287366143905,True
K37V,-1.57233607635718,37,True,neutral,tolerant,37,-0.6874905887965083,True
K37W,-5.5267322857149015,37,True,impactful,tolerant,37,-2.416516729699254,True
K37Y,-5.5267322857149015,37,True,impactful,tolerant,37,-2.416516729699254,True
Q38A,-1.43424218144252,38,True,neutral,tolerant,38,-0.621416269521491,True
Q38C,-3.39803596476584,38,True,neutral,tolerant,38,-1.4722721589465921,True
Q38D,-2.09009864175884,38,True,neutral,tolerant,38,-0.9055801856192768,True
Q38E,-0.63557260068922,38,True,neutral,tolerant,38,-0.2753754976953283,True
Q38F,-5.46371580985966,38,True,impactful,tolerant,38,-2.3672723757669325,True
Q38G,-2.0113466125969897,38,True,neutral,tolerant,38,-0.8714591753657751,True
Q38H,-3.1398488861930605,38,True,neutral,tolerant,38,-1.3604070546557805,True
Q38I,-3.9470152667955296,38,True,mild,tolerant,38,-1.7101292477463987,True
Q38K,-0.595087344226834,38,True,neutral,tolerant,38,-0.25783438966838873,True
Q38L,-1.34020255987925,38,True,neutral,tolerant,38,-0.5806715810893847,True
Q38M,-1.73674111054963,38,True,neutral,tolerant,38,-0.7524804360145749,True
Q38N,-1.2363835619853998,38,True,neutral,tolerant,38,-0.5356897675495201,True
Q38P,-4.99058072604088,38,True,mild,tolerant,38,-2.1622764255915627,True
Q38Q,0.0,38,True,neutral,tolerant,38,0.0,True
Q38R,-0.23657557093221,38,True,neutral,tolerant,38,-0.10250145383449148,True
Q38S,-1.3840538569204095,38,True,neutral,tolerant,38,-0.5996710985862058,True
Q38T,-1.409907197231,38,True,neutral,tolerant,38,-0.6108726142704806,True
Q38V,-2.24906286649749,38,True,neutral,tolerant,38,-0.9744548546274876,True
Q38W,-4.800110406628652,38,True,mild,tolerant,38,-2.0797510635047574,True
Q38Y,-5.46371580985966,38,True,impactful,tolerant,38,-2.3672723757669325,True
L39A,-1.46987904326283,39,True,neutral,tolerant,39,-0.7487095376233275,True
L39C,-2.35738620583108,39,True,neutral,tolerant,39,-1.2007774001930567,True
L39D,-4.09583738209621,39,True,mild,tolerant,39,-2.0862890226139883,True
L39E,-1.58409054351507,39,True,neutral,tolerant,39,-0.8068852357782613,True
L39F,-1.05308400901696,39,True,neutral,tolerant,39,-0.5364074309947313,True
L39G,-2.57361922139994,39,True,neutral,tolerant,39,-1.3109196066878737,True
L39H,-0.9461231739819008,39,True,neutral,tolerant,39,-0.4819249906130131,True
L39I,-0.663181027608885,39,True,neutral,tolerant,39,-0.3378032789959484,True
L39K,-2.17853760726726,39,True,neutral,tolerant,39,-1.1096776242291413,True
L39L,0.0,39,True,neutral,tolerant,39,0.0,True
L39M,-0.344825340467841,39,True,neutral,tolerant,39,-0.1756430383886489,True
L39N,-2.61446392807896,39,True,neutral,tolerant,39,-1.3317245984946324,True
L39P,-1.82492166969107,39,True,neutral,tolerant,39,-0.9295569358416088,True
L39Q,-2.2551929789428,39,True,neutral,tolerant,39,-1.1487234274512472,True
L39R,-2.32002399608612,39,True,neutral,tolerant,39,-1.1817462813326642,True
L39S,-1.5935180740084698,39,True,neutral,tolerant,39,-0.8116873193435693,True
L39T,-1.64547901964105,39,True,neutral,tolerant,39,-0.8381545689838403,True
L39V,-0.293967621452785,39,True,neutral,tolerant,39,-0.1497377372260341,True
L39W,-3.3994878831271804,39,True,neutral,tolerant,39,-1.7315907814308105,True
L39Y,-2.87216969134214,39,True,neutral,tolerant,39,-1.4629917008728934,True
E40A,-2.9305102063939303,40,True,neutral,tolerant,40,-1.4746893281318054,True
E40C,-5.06004646319767,40,True,mild,tolerant,40,-2.5463130968961454,True
E40D,-0.15647880004724,40,True,neutral,tolerant,40,-0.0787431540095159,True
E40E,0.0,40,True,neutral,tolerant,40,0.0,True
E40F,-4.18562711869449,40,True,mild,tolerant,40,-2.1062883964745733,True
E40G,-2.68142439283194,40,True,neutral,tolerant,40,-1.3493445365499677,True
E40H,-3.25058067617548,40,True,neutral,tolerant,40,-1.6357549695368898,True
E40I,-4.665717188383192,40,True,mild,tolerant,40,-2.347878990756507,True
E40K,-2.65141442202357,40,True,neutral,tolerant,40,-1.334242939704445,True
E40L,-3.26748134261613,40,True,neutral,tolerant,40,-1.644259711265468,True
E40M,-3.22118447154867,40,True,neutral,tolerant,40,-1.6209622316866166,True
E40N,-1.85012505806573,40,True,neutral,tolerant,40,-0.9310186577360832,True
E40P,-6.30729785292153,40,True,impactful,tolerant,40,-3.1739540823840127,True
E40Q,-1.92393595578082,40,True,neutral,tolerant,40,-0.9681617268585797,True
E40R,-2.55804578909297,40,True,neutral,tolerant,40,-1.2872580405341254,True
E40S,-2.49587401617329,40,True,neutral,tolerant,40,-1.2559720037765514,True
E40T,-3.280953485642,40,True,neutral,tolerant,40,-1.6510391538021185,True
E40V,-3.39428419912458,40,True,neutral,tolerant,40,-1.7080693574020502,True
E40W,-5.564310764634921,40,True,impactful,tolerant,40,-2.8000686314323695,True
E40Y,-3.93297994946326,40,True,mild,tolerant,40,-1.9791514619451864,True
D41A,-2.36781544869994,41,True,neutral,tolerant,41,-1.060993075100954,True
D41C,-2.66777824064829,41,True,neutral,tolerant,41,-1.1954032316103596,True
D41D,0.0,41,True,neutral,tolerant,41,0.0,True
D41E,-0.27601842970895896,41,True,neutral,tolerant,41,-0.12368094087832626,True
D41F,-5.12131298804462,41,True,mild,tolerant,41,-2.29480621841677,True
D41G,-2.7057207359619,41,True,neutral,tolerant,41,-1.2124048627137862,True
D41H,-2.33973771517295,41,True,neutral,tolerant,41,-1.048411739485029,True
D41I,-3.3464844665093,41,True,neutral,tolerant,41,-1.4995243175935646,True
D41K,-3.07512107860489,41,True,neutral,tolerant,41,-1.3779292517447486,True
D41L,-3.89576993769404,41,True,mild,tolerant,41,-1.7456533313646996,True
D41M,-3.4362914279905,41,True,neutral,tolerant,41,-1.539765867786899,True
D41N,-1.09680778608201,41,True,neutral,tolerant,41,-0.49146797584615765,True
D41P,-4.83251635160561,41,True,mild,tolerant,41,-2.165399498166476,True
D41Q,-2.05188539039602,41,True,neutral,tolerant,41,-0.9194281553092772,True
D41R,-3.02908215447779,41,True,neutral,tolerant,41,-1.3572996964680606,True
D41S,-1.613227955488,41,True,neutral,tolerant,41,-0.7228703952716471,True
D41T,-1.44197960122522,41,True,neutral,tolerant,41,-0.6461358177964456,True
D41V,-3.313450019999,41,True,neutral,tolerant,41,-1.4847219312815463,True
D41W,-5.12131298804462,41,True,mild,tolerant,41,-2.29480621841677,True
D41Y,-3.86157518858991,41,True,mild,tolerant,41,-1.7303310257246143,True
E42A,-1.3109015534276298,42,True,neutral,tolerant,42,-0.6785029318844268,True
E42C,-4.41202095303693,42,True,mild,tolerant,42,-2.2835957012513712,True
E42D,-0.137563738529316,42,True,neutral,tolerant,42,-0.07120092250182569,True
E42E,0.0,42,True,neutral,tolerant,42,0.0,True
E42F,-5.01259379367555,42,True,mild,tolerant,42,-2.594443172686577,True
E42G,-3.1555981855807502,42,True,neutral,tolerant,42,-1.633290169782317,True
E42H,-2.11513985215327,42,True,neutral,tolerant,42,-1.0947645818857554,True
E42I,-2.7999797817939003,42,True,neutral,tolerant,42,-1.449227431454989,True
E42K,-2.37241214330908,42,True,neutral,tolerant,42,-1.2279248511564853,True
E42L,-2.7806611913537096,42,True,neutral,tolerant,42,-1.439228419538899,True
E42M,-3.43760858559765,42,True,neutral,tolerant,42,-1.779254512209904,True
E42N,-1.97928987710104,42,True,neutral,tolerant,42,-1.0244506775896212,True
E42P,-4.99373788245129,42,True,mild,tolerant,42,-2.5846836365752948,True
E42Q,-0.981938094523588,42,True,neutral,tolerant,42,-0.5082363922151253,True
E42R,-1.73507864276105,42,True,neutral,tolerant,42,-0.8980506149262234,True
E42S,-1.7706455846944902,42,True,neutral,tolerant,42,-0.9164595292469848,True
E42T,-2.6542968559572,42,True,neutral,tolerant,42,-1.3738241396919668,True
E42V,-2.65521601266472,42,True,neutral,tolerant,42,-1.3742998813823195,True
E42W,-5.2867547115649405,42,True,mild,tolerant,42,-2.7363447411984847,True
E42Y,-5.2867547115649405,42,True,mild,tolerant,42,-2.7363447411984847,True
L43A,-1.09328211894505,43,True,neutral,tolerant,43,-0.561849942623808,True
L43C,-2.6107589785744,43,True,neutral,tolerant,43,-1.341698320038421,True
L43D,-3.2925188282633,43,True,neutral,tolerant,43,-1.6920623530663652,True
L43E,-4.20849368239599,43,True,mild,tolerant,43,-2.162792103714715,True
L43F,-2.75289736091097,43,True,neutral,tolerant,43,-1.4147448288732156,True
L43G,-2.7898910809747703,43,True,neutral,tolerant,43,-1.433756316516811,True
L43H,-1.43639850467702,43,True,neutral,tolerant,43,-0.7381813014708883,True
L43I,-0.2822809971774439,43,True,neutral,tolerant,43,-0.145067370370035,True
L43K,-1.92945955829592,43,True,neutral,tolerant,43,-0.9915709068484342,True
L43L,0.0,43,True,neutral,tolerant,43,0.0,True
L43M,-0.325654755110419,43,True,neutral,tolerant,43,-0.16735763102986917,True
L43N,-1.25531091290922,43,True,neutral,tolerant,43,-0.6451183570747988,True
L43P,-5.642832972702429,43,True,impactful,tolerant,43,-2.8999151518254576,True
L43Q,-1.12092173065179,43,True,neutral,tolerant,43,-0.5760542490717734,True
L43R,-2.62173071651506,43,True,neutral,tolerant,43,-1.347336819219576,True
L43S,-2.53551196761833,43,True,neutral,tolerant,43,-1.3030280371757723,True
L43T,-2.4161691053693,43,True,neutral,tolerant,43,-1.24169640177696,True
L43V,-0.44816786107412493,43,True,neutral,tolerant,43,-0.2303184902294994,True
L43W,-4.70185893031386,43,True,mild,tolerant,43,-2.416338037954191,True
L43Y,-3.52852771455966,43,True,mild,tolerant,43,-1.8133499666900756,True
V44A,-0.298761842971395,44,True,neutral,tolerant,44,-0.13980188696409995,True
V44C,-2.75336491555775,44,True,neutral,tolerant,44,-1.2884028524773088,True
V44D,-0.86408859604497,44,True,neutral,tolerant,44,-0.4043395067783567,True
V44E,-0.8002181204244159,44,True,neutral,tolerant,44,-0.374452112443656,True
V44F,-3.90727195966307,44,True,mild,tolerant,44,-1.82835929585263,True
V44G,-2.17381713523192,44,True,neutral,tolerant,44,-1.0172106799107332,True
V44H,-1.36110273084585,44,True,neutral,tolerant,44,-0.636911086876841,True
V44I,-0.271000785871081,44,True,neutral,tolerant,44,-0.1268114457211946,True
V44K,-1.38724350406134,44,True,neutral,tolerant,44,-0.6491433364368224,True
V44L,-0.0180942574185814,44,True,neutral,tolerant,44,-0.008466982614557113,True
V44M,-0.302060594275278,44,True,neutral,tolerant,44,-0.14134549659082285,True
V44N,-0.3374617187441161,44,True,neutral,tolerant,44,-0.15791101229447446,True
V44P,-4.8724422609132185,44,True,mild,tolerant,44,-2.279998728835371,True
V44Q,-0.394068762858351,44,True,neutral,tolerant,44,-0.18439957423371714,True
V44R,-0.401132370077216,44,True,neutral,tolerant,44,-0.1877049013402483,True
V44S,-0.438381159241564,44,True,neutral,tolerant,44,-0.20513500874791468,True
V44T,-0.482769628276393,44,True,neutral,tolerant,44,-0.22590604051287394,True
V44V,0.0,44,True,neutral,tolerant,44,0.0,True
V44W,-4.44055655845049,44,True,mild,tolerant,44,-2.077903188264997,True
V44Y,-3.5722751473924603,44,True,mild,tolerant,44,-1.6716017058719255,True
S45A,-0.0122603353809214,45,True,neutral,tolerant,45,-0.007975442173878052,True
S45C,-1.72158419869282,45,True,neutral,tolerant,45,-1.1199037218429575,True
S45D,-0.289912278128735,45,True,neutral,tolerant,45,-0.18859015988347375,True
S45E,-0.30336479094575,45,True,neutral,tolerant,45,-0.19734112262079107,True
S45F,-3.44491148489494,45,True,neutral,tolerant,45,-2.240941335476189,True
S45G,-0.5230504888029961,45,True,neutral,tolerant,45,-0.3402483535612254,True
S45H,-0.32411145872594704,45,True,neutral,tolerant,45,-0.21083698909105933,True
S45I,-1.6665767342792202,45,True,neutral,tolerant,45,-1.0841209444611082,True
S45K,-1.61840258093444,45,True,neutral,tolerant,45,-1.0527832883253139,True
S45L,-1.80429113302,45,True,neutral,tolerant,45,-1.1737052167948503,True
S45M,-1.63991820641034,45,True,neutral,tolerant,45,-1.0667793676727748,True
S45N,-0.718905863392283,45,True,neutral,tolerant,45,-0.4676537764920532,True
S45P,-3.933965406309581,45,True,mild,tolerant,45,-2.5590746612757678,True
S45Q,-0.28034292708321096,45,True,neutral,tolerant,45,-0.18236522365343558,True
S45R,-0.969372487595086,45,True,neutral,tolerant,45,-0.630584236039219,True
S45S,0.0,45,True,neutral,tolerant,45,0.0,True
S45T,-0.107592422533494,45,True,neutral,tolerant,45,-0.06998969584458846,True
S45V,-0.9855044346374828,45,True,neutral,tolerant,45,-0.6410781912852483,True
S45W,-3.29223963501374,45,True,neutral,tolerant,45,-2.141627126486337,True
S45Y,-3.47894079934336,45,True,neutral,tolerant,45,-2.2630776654515024,True
L46A,-3.0059450102744,46,True,neutral,tolerant,46,-1.280328708914294,True
L46C,-2.9666537266469,46,True,neutral,tolerant,46,-1.2635932868535322,True
L46D,-4.40442544635552,46,True,mild,tolerant,46,-1.8759865286846533,True
L46E,-4.282137761717291,46,True,mild,tolerant,46,-1.8239002686719692,True
L46F,-2.95846673681404,46,True,neutral,tolerant,46,-1.2601061844325725,True
L46G,-3.89157356354886,46,True,mild,tolerant,46,-1.6575464086113403,True
L46H,-5.18976483634449,46,True,mild,tolerant,46,-2.210487846508937,True
L46I,-1.4551860351339498,46,True,neutral,tolerant,46,-0.6198105591502768,True
L46K,-1.42055623973376,46,True,neutral,tolerant,46,-0.6050606149286945,True
L46L,0.0,46,True,neutral,tolerant,46,0.0,True
L46M,-0.180522262098302,46,True,neutral,tolerant,46,-0.07689024049761578,True
L46N,-1.74988110754716,46,True,neutral,tolerant,46,-0.7453306735557519,True
L46P,-4.08524331542328,46,True,mild,tolerant,46,-1.7400365880808881,True
L46Q,-1.95899592085183,46,True,neutral,tolerant,46,-0.8343994016988463,True
L46R,-3.3574544264437503,46,True,neutral,tolerant,46,-1.430047880568149,True
L46S,-3.59230446097047,46,True,mild,tolerant,46,-1.5300780675696817,True
L46T,-1.93168969489382,46,True,neutral,tolerant,46,-0.8227688013696176,True
L46V,-0.593350638167952,46,True,neutral,tolerant,46,-0.2527271303707908,True
L46W,-2.9886277091309,46,True,neutral,tolerant,46,-1.2729527130996154,True
L46Y,-2.91184882582025,46,True,neutral,tolerant,46,-1.240250116011177,True
Q47A,-1.48789525440033,47,True,neutral,tolerant,47,-0.7349476235944225,True
Q47C,-2.23872218259582,47,True,neutral,tolerant,47,-1.1058194742680614,True
Q47D,-1.8548094022038504,47,True,neutral,tolerant,47,-0.9161853015787188,True
Q47E,-0.309108482143791,47,True,neutral,tolerant,47,-0.1526845009503162,True
Q47F,-4.15890592124337,47,True,mild,tolerant,47,-2.0542965067809744,True
Q47G,-1.4910915329339498,47,True,neutral,tolerant,47,-0.7365264291626789,True
Q47H,-0.4620057444601821,47,True,neutral,tolerant,47,-0.22820828480619926,True
Q47I,-2.55660987393823,47,True,neutral,tolerant,47,-1.2628404760026104,True
Q47K,-0.996303970274264,47,True,neutral,tolerant,47,-0.49212552642079044,True
Q47L,-1.26395941583426,47,True,neutral,tolerant,47,-0.6243342508418566,True
Q47M,-2.41560033268742,47,True,neutral,tolerant,47,-1.1931886460502454,True
Q47N,-0.577326361598347,47,True,neutral,tolerant,47,-0.2851710402599058,True
Q47P,-6.1007885791501915,47,True,impactful,tolerant,47,-3.0134917461683326,True
Q47Q,0.0,47,True,neutral,tolerant,47,0.0,True
Q47R,-1.10063430814541,47,True,neutral,tolerant,47,-0.5436596204105621,True
Q47S,-1.78967152037474,47,True,neutral,tolerant,47,-0.8840103676815251,True
Q47T,-2.3459460701596697,47,True,neutral,tolerant,47,-1.1587828405564817,True
Q47V,-2.46572346005947,47,True,neutral,tolerant,47,-1.2179470241956585,True
Q47W,-5.69571336683095,47,True,impactful,tolerant,47,-2.8134043651577527,True
Q47Y,-5.69571336683095,47,True,impactful,tolerant,47,-2.8134043651577527,True
K48A,-2.8981777099749904,48,True,neutral,tolerant,48,-0.8519066856348474,True
K48C,-3.1780272204852005,48,True,neutral,tolerant,48,-0.9341672275452828,True
K48D,-3.0581271799618297,48,True,neutral,tolerant,48,-0.8989231340660634,True
K48E,-3.93650742959222,48,True,mild,tolerant,48,-1.1571191738100144,True
K48F,-6.732900788541019,48,True,impactful,tolerant,48,-1.979106793807936,True
K48G,-4.50752362303554,48,True,mild,tolerant,48,-1.3249668910586312,True
K48H,-2.5441638430529503,48,True,neutral,tolerant,48,-0.7478458549272184,True
K48I,-3.4604633187763305,48,True,neutral,tolerant,48,-1.0171880856419766,True
K48K,0.0,48,True,neutral,tolerant,48,0.0,True
K48L,-3.5333497552270496,48,True,mild,tolerant,48,-1.038612735445457,True
K48M,-3.40131727169876,48,True,neutral,tolerant,48,-0.9998023633100321,True
K48N,-1.45940096293622,48,True,neutral,tolerant,48,-0.42898454193067015,True
K48P,-6.732900788541019,48,True,impactful,tolerant,48,-1.979106793807936,True
K48Q,-2.4288922929853,48,True,neutral,tolerant,48,-0.7139622860114355,True
K48R,-0.7184687459536441,48,True,neutral,tolerant,48,-0.21119075134384216,True
K48S,-1.99811066854334,48,True,neutral,tolerant,48,-0.5873359081162332,True
K48T,-2.9902579366977,48,True,neutral,tolerant,48,-0.8789732662968475,True
K48V,-4.12134340362081,48,True,mild,tolerant,48,-1.211450901460402,True
K48W,-6.732900788541019,48,True,impactful,tolerant,48,-1.979106793807936,True
K48Y,-6.732900788541019,48,True,impactful,tolerant,48,-1.979106793807936,True
K49A,-3.68860428594588,49,True,mild,sensitive,49,-1.4984711758867153,True
K49C,-5.66279042478666,49,True,impactful,sensitive,49,-2.3004712809561054,True
K49D,-3.53591306507334,49,True,mild,sensitive,49,-1.4364413739477468,True
K49E,-3.15590701607328,49,True,neutral,sensitive,49,-1.28206642154128,True
K49F,-6.81120675772403,49,True,impactful,sensitive,49,-2.7670078458516487,True
K49G,-5.87913765656125,49,True,impactful,sensitive,49,-2.388360917703619,True
K49H,-4.88754747673677,49,True,mild,sensitive,49,-1.9855339437122133,True
K49I,-2.57695956616462,49,True,neutral,sensitive,49,-1.046872836437374,True
K49K,0.0,49,True,neutral,sensitive,49,0.0,True
K49L,-1.55121668571511,49,True,neutral,sensitive,49,-0.6301715529516464,True
K49M,-5.34341382854783,49,True,mild,sensitive,49,-2.1707266440645463,True
K49N,-1.60560745175715,49,True,neutral,sensitive,49,-0.6522674431123051,True
K49P,-6.81120675772403,49,True,impactful,sensitive,49,-2.7670078458516487,True
K49Q,-1.5780544383267798,49,True,neutral,sensitive,49,-0.6410742130356769,True
K49R,-0.440140558156517,49,True,neutral,sensitive,49,-0.17880420034460376,True
K49S,-1.99892035087207,49,True,neutral,sensitive,49,-0.8120482156591802,True
K49T,-4.64789266144535,49,True,mild,sensitive,49,-1.888175754804574,True
K49V,-5.34341382854783,49,True,mild,sensitive,49,-2.1707266440645463,True
K49W,-6.81120675772403,49,True,impactful,sensitive,49,-2.7670078458516487,True
K49Y,-6.81120675772403,49,True,impactful,sensitive,49,-2.7670078458516487,True
L50A,-2.4686502095069702,50,True,neutral,tolerant,50,-1.2834989285436877,True
L50C,-3.264530739412629,50,True,neutral,tolerant,50,-1.6972925893259125,True
L50D,-4.95494715739308,50,True,mild,tolerant,50,-2.5761727372363294,True
L50E,-4.95494715739308,50,True,mild,tolerant,50,-2.5761727372363294,True
L50F,-2.79596862100683,50,True,neutral,tolerant,50,-1.4536780931879147,True
L50G,-6.12936895162087,50,True,impactful,tolerant,50,-3.1867773132693062,True
L50H,-2.8842938241582203,50,True,neutral,tolerant,50,-1.4996000724021565,True
L50I,-0.785533440750241,50,True,neutral,tolerant,50,-0.40841400926522153,True
L50K,-2.87731904872214,50,True,neutral,tolerant,50,-1.4959737519276857,True
L50L,0.0,50,True,neutral,tolerant,50,0.0,True
L50M,-0.17818653014548202,50,True,neutral,tolerant,50,-0.09264261888618042,True
L50N,-3.76643517609668,50,True,mild,tolerant,50,-1.9582424007793378,True
L50P,-4.114545710364201,50,True,mild,tolerant,50,-2.139231791672577,True
L50Q,-2.2095217441637205,50,True,neutral,tolerant,50,-1.1487730340680766,True
L50R,-3.60627440763219,50,True,mild,tolerant,50,-1.8749717235779852,True
L50S,-2.27146172710901,50,True,neutral,tolerant,50,-1.180976827638398,True
L50T,-1.4630130698606398,50,True,neutral,tolerant,50,-0.7606487546838664,True
L50V,-0.7437503677082979,50,True,neutral,tolerant,50,-0.38669018250593873,True
L50W,-4.474369585001219,50,True,mild,tolerant,50,-2.326311174479624,True
L50Y,-2.84338967336223,50,True,neutral,tolerant,50,-1.4783332142958685,True
K51A,-2.10699537825253,51,True,neutral,tolerant,51,-1.0191211579801034,True
K51C,-4.14551395788482,51,True,mild,tolerant,51,-2.005121144919714,True
K51D,-2.82994880846223,51,True,neutral,tolerant,51,-1.3688025785307527,True
K51E,-0.8462277736644499,51,True,neutral,tolerant,51,-0.4093073186174197,True
K51F,-3.9778528126778703,51,True,mild,tolerant,51,-1.924026035639841,True
K51G,-3.1208681433524,51,True,neutral,tolerant,51,-1.509515772547326,True
K51H,-0.5389427391106,51,True,neutral,tolerant,51,-0.2606782881616432,True
K51I,-2.57862044948323,51,True,neutral,tolerant,51,-1.2472389287574217,True
K51K,0.0,51,True,neutral,tolerant,51,0.0,True
K51L,-2.58914155819622,51,True,neutral,tolerant,51,-1.2523278267234483,True
K51M,-2.23566155958697,51,True,neutral,tolerant,51,-1.0813550048446297,True
K51N,-1.0373669025445,51,True,neutral,tolerant,51,-0.501758366384359,True
K51P,-5.02299400932452,51,True,mild,tolerant,51,-2.429544708140501,True
K51Q,-1.25766310175026,51,True,neutral,tolerant,51,-0.6083122392359404,True
K51R,-0.291928736250515,51,True,neutral,tolerant,51,-0.14120142588164494,True
K51S,-2.11795315537361,51,True,neutral,tolerant,51,-1.0244212657182536,True
K51T,-1.8606323724863705,51,True,neutral,tolerant,51,-0.8999591729509291,True
K51V,-2.41579308479495,51,True,neutral,tolerant,51,-1.168481844539423,True
K51W,-5.34134838712947,51,True,mild,tolerant,51,-2.5835278091502887,True
K51Y,-4.89832674273213,51,True,mild,tolerant,51,-2.3692450746419107,True
G52A,-0.00950122335472457,52,True,neutral,tolerant,52,-0.007011455037679504,True
G52C,-0.956185123622906,52,True,neutral,tolerant,52,-0.7056195556802982,True
G52D,-2.28458257354016,52,True,neutral,tolerant,52,-1.6859142655853618,True
G52E,-0.434246270878936,52,True,neutral,tolerant,52,-0.3204532816327963,True
G52F,-1.97514778739466,52,True,neutral,tolerant,52,-1.4575659772489657,True
G52G,0.0,52,True,neutral,tolerant,52,0.0,True
G52H,-1.67697002014835,52,True,neutral,tolerant,52,-1.2375248383104134,True
G52I,-0.454038162123812,52,True,neutral,tolerant,52,-0.3350587645683265,True
G52K,-2.3106822386631403,52,True,neutral,tolerant,52,-1.7051745883539315,True
G52L,-0.493745053116937,52,True,neutral,tolerant,52,-0.3643605787127018,True
G52M,-1.23975438283676,52,True,neutral,tolerant,52,-0.9148803041982619,True
G52N,-0.7073538127141659,52,True,neutral,tolerant,52,-0.521993775792077,True
G52P,-2.9572463928153097,52,True,neutral,tolerant,52,-2.182308461178736,True
G52Q,-0.158394524341096,52,True,neutral,tolerant,52,-0.11688769373893124,True
G52R,-2.34450143641702,52,True,neutral,tolerant,52,-1.7301315623781037,True
G52S,-0.0829478493747683,52,True,neutral,tolerant,52,-0.06121160345885369,True
G52T,-0.339655677585367,52,True,neutral,tolerant,52,-0.2506498818910676,True
G52V,-0.425621834921882,52,True,neutral,tolerant,52,-0.3140888543711046,True
G52W,-4.21742124814091,52,True,mild,tolerant,52,-3.1122581116451795,True
G52Y,-4.21742124814091,52,True,mild,tolerant,52,-3.1122581116451795,True
T53A,-0.312241792549526,53,True,neutral,tolerant,53,-0.15905236608206672,True
T53C,-3.53824160420673,53,True,mild,tolerant,53,-1.8023394444541732,True
T53D,-4.60437579298217,53,True,mild,tolerant,53,-2.345415897805055,True
T53E,-4.60437579298217,53,True,mild,tolerant,53,-2.345415897805055,True
T53F,-2.83491259433843,53,True,neutral,tolerant,53,-1.4440717627313084,True
T53G,-4.04245262079204,53,True,mild,tolerant,53,-2.0591787180751684,True
T53H,-4.60437579298217,53,True,mild,tolerant,53,-2.345415897805055,True
T53I,-0.88264786112957,53,True,neutral,tolerant,53,-0.44961063534653567,True
T53K,-3.34319158819176,53,True,neutral,tolerant,53,-1.702983217031141,True
T53L,-0.69958037922336,53,True,neutral,tolerant,53,-0.3563581725287973,True
T53M,-1.57571908664145,53,True,neutral,tolerant,53,-0.8026531200855938,True
T53N,-2.9646588934358102,53,True,neutral,tolerant,53,-1.5101630303138072,True
T53P,-3.31147560465896,53,True,neutral,tolerant,53,-1.6868274609988614,True
T53Q,-1.5947673671789,53,True,neutral,tolerant,53,-0.8123560943880995,True
T53R,-2.7476290249526603,53,True,neutral,tolerant,53,-1.3996105196749582,True
T53S,-0.288331991420642,53,True,neutral,tolerant,53,-0.146872989288688,True
T53T,0.0,53,True,neutral,tolerant,53,0.0,True
T53V,-0.306926948894594,53,True,neutral,tolerant,53,-0.15634504605366562,True
T53W,-4.276855564091971,53,True,mild,tolerant,53,-2.1785808725530673,True
T53Y,-2.80551120088931,53,True,neutral,tolerant,53,-1.4290950321789735,True
E54A,-4.36641493129932,54,True,mild,sensitive,54,-2.5900368599696146,True
E54C,-5.53715285807998,54,True,impactful,sensitive,54,-3.284486295361227,True
E54D,-1.0032925510912,54,True,neutral,sensitive,54,-0.5951254586530781,True
E54E,0.0,54,True,neutral,sensitive,54,0.0,True
E54F,-6.70383317043403,54,True,impactful,sensitive,54,-3.976528865831887,True
E54G,-3.45537147391529,54,True,neutral,sensitive,54,-2.04963101838446,True
E54H,-1.45570879772342,54,True,neutral,sensitive,54,-0.8634862931736459,True
E54I,-3.9886672771600096,54,True,mild,sensitive,54,-2.3659673742744634,True
E54K,-1.3534209084830502,54,True,neutral,sensitive,54,-0.8028119395839353,True
E54L,-6.0503598228117585,54,True,impactful,sensitive,54,-3.5889065065327044,True
E54M,-3.67784445993711,54,True,mild,sensitive,54,-2.181595855260958,True
E54N,-3.207186600207,54,True,neutral,sensitive,54,-1.9024145991697856,True
E54P,-5.072925567216919,54,True,mild,sensitive,54,-3.0091194752909747,True
E54Q,-0.74517924050038,54,True,neutral,sensitive,54,-0.44201976462319886,True
E54R,-1.8878413245993,54,True,neutral,sensitive,54,-1.1198153847992294,True
E54S,-2.8518622515557497,54,True,neutral,sensitive,54,-1.691645999590639,True
E54T,-3.57422592420122,54,True,mild,sensitive,54,-2.1201321988850457,True
E54V,-4.88208473471708,54,True,mild,sensitive,54,-2.8959179590954474,True
E54W,-6.70383317043403,54,True,impactful,sensitive,54,-3.976528865831887,True
E54Y,-6.70383317043403,54,True,impactful,sensitive,54,-3.976528865831887,True
D55A,-1.96110161694827,55,True,neutral,tolerant,55,-1.2287064985641118,True
D55C,-3.0110291431074603,55,True,neutral,tolerant,55,-1.8865269619527603,True
D55D,0.0,55,True,neutral,tolerant,55,0.0,True
D55E,-0.6878304191793441,55,True,neutral,tolerant,55,-0.4309525312976326,True
D55F,-4.38965575443416,55,True,mild,tolerant,55,-2.7502901967546918,True
D55G,-2.4323375566527003,55,True,neutral,tolerant,55,-1.5239541575675326,True
D55H,-2.36331366523198,55,True,neutral,tolerant,55,-1.480708002849248,True
D55I,-2.6315090183691,55,True,neutral,tolerant,55,-1.6487428310480403,True
D55K,-2.53954086881732,55,True,neutral,tolerant,55,-1.5911212055093118,True
D55L,-1.96283600176714,55,True,neutral,tolerant,55,-1.2297931581637673,True
D55M,-1.27067985866608,55,True,neutral,tolerant,55,-0.7961303924511136,True
D55N,-1.4093990112963102,55,True,neutral,tolerant,55,-0.8830433411933137,True
D55P,-4.19952763130157,55,True,mild,tolerant,55,-2.631167526907353,True
D55Q,-0.905380509902522,55,True,neutral,tolerant,55,-0.567256131235887,True
D55R,-2.74138607104299,55,True,neutral,tolerant,55,-1.7175850814937708,True
D55S,-2.2940368707661603,55,True,neutral,tolerant,55,-1.4373033945290008,True
D55T,-2.36035090336078,55,True,neutral,tolerant,55,-1.4788517172119406,True
D55V,-2.49062245094741,55,True,neutral,tolerant,55,-1.5604719125727395,True
D55W,-5.647935073872151,55,True,impactful,tolerant,55,-3.5386511686905333,True
D55Y,-5.647935073872151,55,True,impactful,tolerant,55,-3.5386511686905333,True
E56A,-1.64491262089348,56,True,neutral,tolerant,56,-0.9249976041490777,True
E56C,-4.983259570765379,56,True,mild,tolerant,56,-2.802278434283736,True
E56D,-0.7967494526196,56,True,neutral,tolerant,56,-0.44804284763764646,True
E56E,0.0,56,True,neutral,tolerant,56,0.0,True
E56F,-6.57551802009913,56,True,impactful,tolerant,56,-3.6976665735150065,True
E56G,-3.09744152725137,56,True,neutral,tolerant,56,-1.7418104495685036,True
E56H,-1.03997305506142,56,True,neutral,tolerant,56,-0.5848168298379814,True
E56I,-4.35749105340405,56,True,mild,tolerant,56,-2.450384739774455,True
E56K,-2.2269255343636702,56,True,neutral,tolerant,56,-1.252285840439298,True
E56L,-2.23194606240345,56,True,neutral,tolerant,56,-1.2551090763664667,True
E56M,-5.2928122998056,56,True,mild,tolerant,56,-2.9763518343434194,True
E56N,-1.74463018700486,56,True,neutral,tolerant,56,-0.9810726251398596,True
E56P,-4.17517069911951,56,True,mild,tolerant,56,-2.347858995392237,True
E56Q,-0.841509955632876,56,True,neutral,tolerant,56,-0.47321339926567063,True
E56R,-2.55845481724083,56,True,neutral,tolerant,56,-1.4387175015934701,True
E56S,-1.59027278957653,56,True,neutral,tolerant,56,-0.8942715264125989,True
E56T,-1.35722536068843,56,True,neutral,tolerant,56,-0.7632199978168104,True
E56V,-2.64744665991964,56,True,neutral,tolerant,56,-1.4887610359557988,True
E56W,-6.57551802009913,56,True,impactful,tolerant,56,-3.6976665735150065,True
E56Y,-6.57551802009913,56,True,impactful,tolerant,56,-3.6976665735150065,True
L57A,-1.15498343918254,57,True,neutral,tolerant,57,-0.5096325690827579,True
L57C,-2.2441149231511,57,True,neutral,tolerant,57,-0.9902081837743981,True
L57D,-4.99645309601553,57,True,mild,tolerant,57,-2.2046681720615164,True
L57E,-4.628874249337981,57,True,mild,tolerant,57,-2.042475238710591,True
L57F,-2.22118338790658,57,True,neutral,tolerant,57,-0.9800897207530166,True
L57G,-4.837316121323781,57,True,mild,tolerant,57,-2.13444951567488,True
L57H,-3.2342250309312304,57,True,neutral,tolerant,57,-1.4270909483099037,True
L57I,-1.38855350597841,57,True,neutral,tolerant,57,-0.6126945777348124,True
L57K,-2.47687242679283,57,True,neutral,tolerant,57,-1.0929116516597734,True
L57L,0.0,57,True,neutral,tolerant,57,0.0,True
L57M,-1.84706920554607,57,True,neutral,tolerant,57,-0.8150130924494752,True
L57N,-3.23790593126036,57,True,neutral,tolerant,57,-1.4287151332355332,True
L57P,-6.135477714275991,57,True,impactful,tolerant,57,-2.707258964933347,True
L57Q,-3.5322971458653902,57,True,mild,tolerant,57,-1.5586142693830978,True
L57R,-1.00404709008831,57,True,neutral,tolerant,57,-0.4430324112386702,True
L57S,-2.27795887727611,57,True,neutral,tolerant,57,-1.0051417150299244,True
L57T,-1.61628567515673,57,True,neutral,tolerant,57,-0.7131806336416224,True
L57V,-0.432297762033473,57,True,neutral,tolerant,57,-0.1907499377045406,True
L57W,-1.13575859344658,57,True,neutral,tolerant,57,-0.5011496703759405,True
L57Y,-2.42743303872821,57,True,neutral,tolerant,57,-1.0710966874806467,True
D58A,-2.8030952997060603,58,True,neutral,tolerant,58,-1.479833801526274,True
D58C,-5.3206501494856,58,True,mild,tolerant,58,-2.8089226713520112,True
D58D,0.0,58,True,neutral,tolerant,58,0.0,True
D58E,-0.425037226253288,58,True,neutral,tolerant,58,-0.22438925083372768,True
D58F,-6.26712762670894,58,True,impactful,tolerant,58,-3.308595073972531,True
D58G,-2.93752179791618,58,True,neutral,tolerant,58,-1.5508013765113295,True
D58H,-1.49672771846344,58,True,neutral,tolerant,58,-0.7901651683750317,True
D58I,-2.88327777188143,58,True,neutral,tolerant,58,-1.5221644110590626,True
D58K,-2.817354656548,58,True,neutral,tolerant,58,-1.4873617219094803,True
D58L,-3.50029162438874,58,True,mild,tolerant,58,-1.8479035876921268,True
D58M,-3.52984843274053,58,True,mild,tolerant,58,-1.8635074681840955,True
D58N,-1.4336519891207502,58,True,neutral,tolerant,58,-0.7568656953435501,True
D58P,-5.75494285533411,58,True,impactful,tolerant,58,-3.0381981533302107,True
D58Q,-2.14343271983449,58,True,neutral,tolerant,58,-1.1315791476804553,True
D58R,-2.83302338461357,58,True,neutral,tolerant,58,-1.4956336894807527,True
D58S,-2.2779185032169904,58,True,neutral,tolerant,58,-1.2025780209956203,True
D58T,-1.96884003567805,58,True,neutral,tolerant,58,-1.0394066997651121,True
D58V,-3.30399786978086,58,True,neutral,tolerant,58,-1.744274526943566,True
D58W,-6.26712762670894,58,True,impactful,tolerant,58,-3.308595073972531,True
D58Y,-3.81331588578171,58,True,mild,tolerant,58,-2.013158005819005,True
K59A,-1.27777091981866,59,True,neutral,tolerant,59,-0.5451015945281311,True
K59C,-1.60482039852351,59,True,neutral,tolerant,59,-0.6846220590859788,True
K59D,-1.03968465689336,59,True,neutral,tolerant,59,-0.4435331525305285,True
K59E,-1.11476356523244,59,True,neutral,tolerant,59,-0.4755620804207265,True
K59F,-4.35328274372533,59,True,mild,tolerant,59,-1.857125818275193,True
K59G,-1.56332460992095,59,True,neutral,tolerant,59,-0.6669198088761619,True
K59H,-1.08842893068941,59,True,neutral,tolerant,59,-0.4643276321655115,True
K59I,-1.70446313608132,59,True,neutral,tolerant,59,-0.7271300034157955,True
K59K,0.0,59,True,neutral,tolerant,59,0.0,True
K59L,-1.98796468451715,59,True,neutral,tolerant,59,-0.8480727668694331,True
K59M,-2.30399074425133,59,True,neutral,tolerant,59,-0.9828906018988857,True
K59N,-0.672871986466691,59,True,neutral,tolerant,59,-0.28704956972127516,True
K59P,-5.748055040886282,59,True,impactful,tolerant,59,-2.452140614271645,True
K59Q,-0.463032222652708,59,True,neutral,tolerant,59,-0.19753118416696794,True
K59R,-0.292690399861547,59,True,neutral,tolerant,59,-0.12486275997754602,True
K59S,-1.28012682161602,59,True,neutral,tolerant,59,-0.5461066305689223,True
K59T,-1.29094888187787,59,True,neutral,tolerant,59,-0.5507233597598254,True
K59V,-1.45154693866623,59,True,neutral,tolerant,59,-0.6192350589037363,True
K59W,-5.44409099285759,59,True,impactful,tolerant,59,-2.3224684761052985,True
K59Y,-5.44409099285759,59,True,impactful,tolerant,59,-2.3224684761052985,True
Y60A,-0.5465914111081379,60,True,neutral,tolerant,60,-0.20102720070385474,True
Y60C,-0.966831851725568,60,True,neutral,tolerant,60,-0.35558462272518787,True
Y60D,-2.8644755526822,60,True,neutral,tolerant,60,-1.0535063122797697,True
Y60E,-2.37801565018814,60,True,neutral,tolerant,60,-0.874594477103304,True
Y60F,-0.27454653373306,60,True,neutral,tolerant,60,-0.10097363408512176,True
Y60G,-5.56647633027917,60,True,impactful,tolerant,60,-2.0472571133008555,True
Y60H,-1.3929897864368102,60,True,neutral,tolerant,60,-0.5123184003362456,True
Y60I,-0.6595272848088821,60,True,neutral,tolerant,60,-0.24256313062832457,True
Y60K,-3.32418053052217,60,True,neutral,tolerant,60,-1.2225781325951344,True
Y60L,-0.626380538932183,60,True,neutral,tolerant,60,-0.23037231057404356,True
Y60M,-2.43755959228789,60,True,neutral,tolerant,60,-0.8964937454707261,True
Y60N,-2.5376624795131804,60,True,neutral,tolerant,60,-0.9333099170978587,True
Y60P,-5.56647633027917,60,True,impactful,tolerant,60,-2.0472571133008555,True
Y60Q,-2.8787673362915,60,True,neutral,tolerant,60,-1.0587625918217736,True
Y60R,-2.68435245533998,60,True,neutral,tolerant,60,-0.9872600425709127,True
Y60S,-0.4705539533243421,60,True,neutral,tolerant,60,-0.17306189247494463,True
Y60T,-0.7491456896738661,60,True,neutral,tolerant,60,-0.2755232845850581,True
Y60V,-0.59438386771527,60,True,neutral,tolerant,60,-0.21860446878974393,True
Y60W,-2.77438461973052,60,True,neutral,tolerant,60,-1.0203723703772472,True
Y60Y,0.0,60,True,neutral,tolerant,60,0.0,True
S61A,-0.523112189387816,61,True,neutral,tolerant,61,-0.32403200875824434,True
S61C,-0.5574084901033061,61,True,neutral,tolerant,61,-0.3452762073054478,True
S61D,-1.20098109636224,61,True,neutral,tolerant,61,-0.7439251560747501,True
S61E,-0.7766164822585792,61,True,neutral,tolerant,61,-0.48106047590958706,True
S61F,-1.2156330721060602,61,True,neutral,tolerant,61,-0.7530010469235242,True
S61G,-2.0750833097100703,61,True,neutral,tolerant,61,-1.285371334919463,True
S61H,-1.28206454954027,61,True,neutral,tolerant,61,-0.79415077639738,True
S61I,-1.64021199825523,61,True,neutral,tolerant,61,-1.0159984786552079,True
S61K,-1.52801306368752,61,True,neutral,tolerant,61,-0.9464989585024538,True
S61L,-0.664167155897831,61,True,neutral,tolerant,61,-0.4114058552691733,True
S61M,-2.04203495393747,61,True,neutral,tolerant,61,-1.2649001523999257,True
S61N,-1.58518739285474,61,True,neutral,tolerant,61,-0.9819145215600461,True
S61P,-2.77653663852952,61,True,neutral,tolerant,61,-1.7198734088503322,True
S61Q,-0.856392412167382,61,True,neutral,tolerant,61,-0.5304761755306527,True
S61R,-2.31318824340841,61,True,neutral,tolerant,61,-1.4328609586114907,True
S61S,0.0,61,True,neutral,tolerant,61,0.0,True
S61T,-0.8986602205711991,61,True,neutral,tolerant,61,-0.5566581746137282,True
S61V,-0.8213497479430201,61,True,neutral,tolerant,61,-0.5087696561430065,True
S61W,-4.54543640639162,61,True,mild,tolerant,61,-2.8155851064560133,True
S61Y,-3.64355548562434,61,True,mild,tolerant,61,-2.2569319296700634,True
E62A,-2.34667735143705,62,True,neutral,tolerant,62,-0.8637335521298855,True
E62C,-3.95389910901013,62,True,mild,tolerant,62,-1.4552981985773088,True
E62D,-0.421090410033336,62,True,neutral,tolerant,62,-0.15498931517074382,True
E62E,0.0,62,True,neutral,tolerant,62,0.0,True
E62F,-4.33523915083026,62,True,mild,tolerant,62,-1.5956567309034326,True
E62G,-2.09601063302884,62,True,neutral,tolerant,62,-0.7714715055562994,True
E62H,-3.74283522967063,62,True,mild,tolerant,62,-1.3776126342978472,True
E62I,-2.76002249120507,62,True,neutral,tolerant,62,-1.0158720920142994,True
E62K,-3.04382029762564,62,True,neutral,tolerant,62,-1.1203285854799216,True
E62L,-3.46079137517716,62,True,neutral,tolerant,62,-1.2738017119531677,True
E62M,-5.244752330976018,62,True,mild,tolerant,62,-1.9304181540343865,True
E62N,-1.24260591566869,62,True,neutral,tolerant,62,-0.45736173350839004,True
E62P,-6.36212966134626,62,True,impactful,tolerant,62,-2.341687428031122,True
E62Q,-1.2770867810729498,62,True,neutral,tolerant,62,-0.47005298837472087,True
E62R,-2.21166079331958,62,True,neutral,tolerant,62,-0.8140384667498102,True
E62S,-2.50338776916178,62,True,neutral,tolerant,62,-0.9214134226388204,True
E62T,-1.36950841422802,62,True,neutral,tolerant,62,-0.5040703045813095,True
E62V,-3.52780255455765,62,True,mild,tolerant,62,-1.2984662888551775,True
E62W,-5.70937818391122,62,True,impactful,tolerant,62,-2.1014314116180697,True
E62Y,-5.70937818391122,62,True,impactful,tolerant,62,-2.1014314116180697,True
A63A,0.0,63,True,neutral,tolerant,63,0.0,True
A63C,-1.3604062516351003,63,True,neutral,tolerant,63,-0.7632343947925964,True
A63D,-0.3573342731938129,63,True,neutral,tolerant,63,-0.20047673804198746,True
A63E,-0.33632525491514303,63,True,neutral,tolerant,63,-0.18868996087021642,True
A63F,-4.635713357344481,63,True,mild,tolerant,63,-2.600793604463528,True
A63G,-0.9813956775009058,63,True,neutral,tolerant,63,-0.5505965112033213,True
A63H,-1.2561440067886498,63,True,neutral,tolerant,63,-0.7047397125978817,True
A63I,-1.86223397741381,63,True,neutral,tolerant,63,-1.0447768973461593,True
A63K,-0.729363968223172,63,True,neutral,tolerant,63,-0.4091981099037579,True
A63L,-1.75172043936528,63,True,neutral,tolerant,63,-0.982775026046701,True
A63M,-2.61383566612896,63,True,neutral,tolerant,63,-1.4664511283504063,True
A63N,-0.402380497671211,63,True,neutral,tolerant,63,-0.22574920928752557,True
A63P,-4.97252743532217,63,True,mild,tolerant,63,-2.7897578117758304,True
A63Q,-0.9096935417452492,63,True,neutral,tolerant,63,-0.5103691628483505,True
A63R,-0.660904092797053,63,True,neutral,tolerant,63,-0.3707897803877556,True
A63S,-0.0749993087951974,63,True,neutral,tolerant,63,-0.042077175100720926,True
A63T,-0.8592602877852591,63,True,neutral,tolerant,63,-0.4820743839782083,True
A63V,-2.6003479667113902,63,True,neutral,tolerant,63,-1.4588840680772412,True
A63W,-4.635713357344481,63,True,mild,tolerant,63,-2.600793604463528,True
A63Y,-4.54271572206688,63,True,mild,tolerant,63,-2.5486187531697095,True
L64A,-1.16860107352967,64,True,neutral,tolerant,64,-0.5661148543421228,True
L64C,-2.3121408018390497,64,True,neutral,tolerant,64,-1.120089038852282,True
L64D,-5.07689982548436,64,True,mild,tolerant,64,-2.459443577723751,True
L64E,-2.26688426988416,64,True,neutral,tolerant,64,-1.0981650516371346,True
L64F,-1.22243858194786,64,True,neutral,tolerant,64,-0.5921957932755858,True
L64G,-2.1369109729407,64,True,neutral,tolerant,64,-1.0352010378824061,True
L64H,-1.52802357844401,64,True,neutral,tolerant,64,-0.7402328006848244,True
L64I,-2.00305888618273,64,True,neutral,tolerant,64,-0.9703579906571433,True
L64K,-4.0660040240171496,64,True,mild,tolerant,64,-1.9697271617751193,True
L64L,0.0,64,True,neutral,tolerant,64,0.0,True
L64M,-1.45472395948452,64,True,neutral,tolerant,64,-0.7047236743879871,True
L64N,-3.14106764542088,64,True,neutral,tolerant,64,-1.5216527631583157,True
L64P,-3.1906886083509507,64,True,neutral,tolerant,64,-1.545691046912947,True
L64Q,-1.8859807107683504,64,True,neutral,tolerant,64,-0.9136408647510714,True
L64R,-3.44984975873932,64,True,neutral,tolerant,64,-1.671238575686053,True
L64S,-1.6684850211866,64,True,neutral,tolerant,64,-0.8082776715993529,True
L64T,-1.45705119630982,64,True,neutral,tolerant,64,-0.7058510765153829,True
L64V,-0.390495019933166,64,True,neutral,tolerant,64,-0.1891706556995354,True
L64W,-4.875127970360371,64,True,mild,tolerant,64,-2.3616976086661956,True
L64Y,-1.28683089660592,64,True,neutral,tolerant,64,-0.6233898822244304,True
K65A,-1.1499042614068,65,True,neutral,tolerant,65,-0.5609637773357403,True
K65C,-2.1630110596478,65,True,neutral,tolerant,65,-1.0551929366315826,True
K65D,-1.0278925760352802,65,True,neutral,tolerant,65,-0.5014421821888777,True
K65E,-0.9011881963310008,65,True,neutral,tolerant,65,-0.43963132555552725,True
K65F,-2.88707938936319,65,True,neutral,tolerant,65,-1.4084189563259588,True
K65G,-1.2825966055783502,65,True,neutral,tolerant,65,-0.6256957738229453,True
K65H,-0.288925018716015,65,True,neutral,tolerant,65,-0.14094779479071579,True
K65I,-1.48843215595511,65,True,neutral,tolerant,65,-0.7261096010645853,True
K65K,0.0,65,True,neutral,tolerant,65,0.0,True
K65L,-1.29581704907281,65,True,neutral,tolerant,65,-0.6321451715420501,True
K65M,-1.72904605525726,65,True,neutral,tolerant,65,-0.8434895311701451,True
K65N,-0.5376487688788361,65,True,neutral,tolerant,65,-0.2622839956269065,True
K65P,-4.596678898453692,65,True,mild,tolerant,65,-2.242421777723855,True
K65Q,-0.331700607599398,65,True,neutral,tolerant,65,-0.1618152328228411,True
K65R,-0.344029573182881,65,True,neutral,tolerant,65,-0.167829736235405,True
K65S,-1.16794896919762,65,True,neutral,tolerant,65,-0.5697666210010679,True
K65T,-1.54986006292126,65,True,neutral,tolerant,65,-0.7560762964513846,True
K65V,-1.56121232863341,65,True,neutral,tolerant,65,-0.7616143312851854,True
K65W,-4.2799794712892005,65,True,mild,tolerant,65,-2.087924648784693,True
K65Y,-2.24587039370581,65,True,neutral,tolerant,65,-1.0956146365771418,True
D66A,-0.677363895750192,66,True,neutral,tolerant,66,-0.4131134843915387,True
D66C,-2.36129743910732,66,True,neutral,tolerant,66,-1.4401178138880244,True
D66D,0.0,66,True,neutral,tolerant,66,0.0,True
D66E,-0.189100392834479,66,True,neutral,tolerant,66,-0.11532932693015951,True
D66F,-2.40624250494752,66,True,neutral,tolerant,66,-1.4675290958768414,True
D66G,-1.23381817723968,66,True,neutral,tolerant,66,-0.7524861149273275,True
D66H,-1.06987313346404,66,True,neutral,tolerant,66,-0.6524986359550858,True
D66I,-1.36535537645393,66,True,neutral,tolerant,66,-0.8327085640945076,True
D66K,-0.538143222538109,66,True,neutral,tolerant,66,-0.32820500643630063,True
D66L,-1.3042458746398702,66,True,neutral,tolerant,66,-0.7954388492747092,True
D66M,-1.3018981757206,66,True,neutral,tolerant,66,-0.7940070249821437,True
D66N,-0.554763914917229,66,True,neutral,tolerant,66,-0.3383417028041129,True
D66P,-4.4007392120289,66,True,mild,tolerant,66,-2.6839409676039234,True
D66Q,-0.886289427820436,66,True,neutral,tolerant,66,-0.5405338489450774,True
D66R,-0.735853434071663,66,True,neutral,tolerant,66,-0.44878532507869934,True
D66S,-0.617438787663298,66,True,neutral,tolerant,66,-0.3765661124993613,True
D66T,-0.6182405809216519,66,True,neutral,tolerant,66,-0.37705511347623416,True
D66V,-1.3995919009618203,66,True,neutral,tolerant,66,-0.8535888767619647,True
D66W,-4.47566249204705,66,True,mild,tolerant,66,-2.7296354864062007,True
D66Y,-3.9081970435129914,66,True,mild,tolerant,66,-2.3835473199324326,True
A67A,0.0,67,True,neutral,tolerant,67,0.0,True
A67C,-1.74384020336986,67,True,neutral,tolerant,67,-1.0073222129355848,True
A67D,-3.59030366865748,67,True,mild,tolerant,67,-2.073924336435166,True
A67E,-3.02116723166414,67,True,neutral,tolerant,67,-1.7451649844793318,True
A67F,-2.3416545626046004,67,True,neutral,tolerant,67,-1.3526472502327582,True
A67G,-3.56280113991059,67,True,mild,tolerant,67,-2.0580376123734627,True
A67H,-3.6991995223829,67,True,mild,tolerant,67,-2.1368275841881568,True
A67I,-1.43786750696141,67,True,neutral,tolerant,67,-0.8305783272008567,True
A67K,-2.66701868774574,67,True,neutral,tolerant,67,-1.5405925160396103,True
A67L,-1.0553186729426802,67,True,neutral,tolerant,67,-0.6096005464988116,True
A67M,-2.13271211865405,67,True,neutral,tolerant,67,-1.2319524958569197,True
A67N,-3.30330576526547,67,True,neutral,tolerant,67,-1.9081411628427425,True
A67P,-6.293723646057591,67,True,impactful,tolerant,67,-3.6355439096429114,True
A67Q,-2.8552046678882004,67,True,neutral,tolerant,67,-1.649297383374493,True
A67R,-2.35109064238032,67,True,neutral,tolerant,67,-1.358097963401744,True
A67S,-0.409322393495317,67,True,neutral,tolerant,67,-0.23644341862460322,True
A67T,-0.85826054788468,67,True,neutral,tolerant,67,-0.495770720677173,True
A67V,-0.65323018562867,67,True,neutral,tolerant,67,-0.37733576440790045,True
A67W,-4.773346357236751,67,True,mild,tolerant,67,-2.757304141966683,True
A67Y,-2.35890010511423,67,True,neutral,tolerant,67,-1.3626090678411062,True
Q68A,-2.0633713424010103,68,True,neutral,tolerant,68,-1.1200453879067795,True
Q68C,-1.7011026241842402,68,True,neutral,tolerant,68,-0.9233976014984248,True
Q68D,-1.5076524130935498,68,True,neutral,tolerant,68,-0.8183883807783229,True
Q68E,-0.2950177053397,68,True,neutral,tolerant,68,-0.1601423909629707,True
Q68F,-4.41231657790861,68,True,mild,tolerant,68,-2.3951068484456544,True
Q68G,-3.29225490435306,68,True,neutral,tolerant,68,-1.7871116292345355,True
Q68H,-0.65247251365163,68,True,neutral,tolerant,68,-0.35417707643504853,True
Q68I,-2.36803415715957,68,True,neutral,tolerant,68,-1.2854233659395402,True
Q68K,-1.72729411820609,68,True,neutral,tolerant,68,-0.9376149464225938,True
Q68L,-2.25549149699746,68,True,neutral,tolerant,68,-1.2243326233926113,True
Q68M,-2.31096309549683,68,True,neutral,tolerant,68,-1.2544438819830008,True
Q68N,-1.01997502905519,68,True,neutral,tolerant,68,-0.5536658882467523,True
Q68P,-5.17366592034659,68,True,mild,tolerant,68,-2.808384769903667,True
Q68Q,0.0,68,True,neutral,tolerant,68,0.0,True
Q68R,-2.08332853787675,68,True,neutral,tolerant,68,-1.1308786122948558,True
Q68S,-1.56948407370495,68,True,neutral,tolerant,68,-0.8519520272588587,True
Q68T,-0.8508224095303532,68,True,neutral,tolerant,68,-0.46184595866942124,True
Q68V,-2.49809016745726,68,True,neutral,tolerant,68,-1.356020757456076,True
Q68W,-3.8285913677722,68,True,mild,tolerant,68,-2.078247388404197,True
Q68Y,-5.41690635518983,68,True,mild,tolerant,68,-2.9404212684243793,True
E69A,-1.24982782446048,69,True,neutral,tolerant,69,-0.7607313537646094,True
E69C,-2.36333328791015,69,True,neutral,tolerant,69,-1.4384875230993892,True
E69D,-0.300137777391637,69,True,neutral,tolerant,69,-0.1826845372158385,True
E69E,0.0,69,True,neutral,tolerant,69,0.0,True
E69F,-3.2868047368389304,69,True,neutral,tolerant,69,-2.000575893799421,True
E69G,-2.2485028710571,69,True,neutral,tolerant,69,-1.3685938171373826,True
E69H,-1.0947076757419,69,True,neutral,tolerant,69,-0.6663145401672705,True
E69I,-2.06464797461133,69,True,neutral,tolerant,69,-1.2566870556361986,True
E69K,-1.17949842344333,69,True,neutral,tolerant,69,-0.7179240331096016,True
E69L,-2.18243185465348,69,True,neutral,tolerant,69,-1.3283784428517074,True
E69M,-2.27423443590236,69,True,neutral,tolerant,69,-1.3842558209559217,True
E69N,-1.18635163065487,69,True,neutral,tolerant,69,-0.7220953673507119,True
E69P,-4.3948613349389305,69,True,mild,tolerant,69,-2.675015508139336,True
E69Q,-0.9842220645914292,69,True,neutral,tolerant,69,-0.5990653824056483,True
E69R,-0.996252033929319,69,True,neutral,tolerant,69,-0.6063876508661942,True
E69S,-1.56288644235944,69,True,neutral,tolerant,69,-0.9512804050347382,True
E69T,-1.6663696379250903,69,True,neutral,tolerant,69,-1.0142674100556321,True
E69V,-1.98040836816858,69,True,neutral,tolerant,69,-1.2054130252492894,True
E69W,-2.89381158209018,69,True,neutral,tolerant,69,-1.7613731742077876,True
E69Y,-4.20076219086972,69,True,mild,tolerant,69,-2.5568733914873385,True
K70A,-1.44781456209408,70,True,neutral,tolerant,70,-0.7034599951354602,True
K70C,-3.0285035580620003,70,True,neutral,tolerant,70,-1.4714806398553004,True
K70D,-1.05498710265095,70,True,neutral,tolerant,70,-0.5125941135896558,True
K70E,-0.9740953466527148,70,True,neutral,tolerant,70,-0.47329065873372944,True
K70F,-6.0150724935070095,70,True,impactful,tolerant,70,-2.9225862053091607,True
K70G,-2.61745069507526,70,True,neutral,tolerant,70,-1.2717594514050081,True
K70H,-1.6178515079636202,70,True,neutral,tolerant,70,-0.7860770596725294,True
K70I,-2.9402674191827,70,True,neutral,tolerant,70,-1.428608717268041,True
K70K,0.0,70,True,neutral,tolerant,70,0.0,True
K70L,-2.2908153084372898,70,True,neutral,tolerant,70,-1.1130547847223664,True
K70M,-3.01323086770845,70,True,neutral,tolerant,70,-1.4640599887836092,True
K70N,-1.12853552784524,70,True,neutral,tolerant,70,-0.5483296118944684,True
K70P,-4.46218506088005,70,True,mild,tolerant,70,-2.1680737046048795,True
K70Q,-1.15951186118,70,True,neutral,tolerant,70,-0.5633803040669986,True
K70R,-0.37131742082534,70,True,neutral,tolerant,70,-0.18041464555357326,True
K70S,-0.7612421123208191,70,True,neutral,tolerant,70,-0.36987013851799716,True
K70T,-2.07917217429738,70,True,neutral,tolerant,70,-1.0102222245240666,True
K70V,-2.9495034374532096,70,True,neutral,tolerant,70,-1.4330962873876885,True
K70W,-6.0150724935070095,70,True,impactful,tolerant,70,-2.9225862053091607,True
K70Y,-6.0150724935070095,70,True,impactful,tolerant,70,-2.9225862053091607,True
L71A,-2.44799162925695,71,True,neutral,tolerant,71,-1.1978303359722804,True
L71C,-3.25243400877222,71,True,neutral,tolerant,71,-1.5914532038811864,True
L71D,-5.3236281687098215,71,True,mild,tolerant,71,-2.6049122234346695,True
L71E,-2.90646403217543,71,True,neutral,tolerant,71,-1.4221661326549488,True
L71F,-1.64784157253195,71,True,neutral,tolerant,71,-0.8063077507557341,True
L71G,-5.89756043236863,71,True,impactful,tolerant,71,-2.8857438521001786,True
L71H,-3.31932904263118,71,True,neutral,tolerant,71,-1.6241857099586183,True
L71I,-1.73661139704583,71,True,neutral,tolerant,71,-0.8497438423872796,True
L71K,-4.17396629995732,71,True,mild,tolerant,71,-2.0423695063583347,True
L71L,0.0,71,True,neutral,tolerant,71,0.0,True
L71M,-0.7914790060400521,71,True,neutral,tolerant,71,-0.38727974082482064,True
L71N,-2.55270939688334,71,True,neutral,tolerant,71,-1.2490699387875317,True
L71P,-5.84691041718705,71,True,impactful,tolerant,71,-2.860960219682134,True
L71Q,-1.5956409339779898,71,True,neutral,tolerant,71,-0.7807653805655073,True
L71R,-2.67045657084777,71,True,neutral,tolerant,71,-1.3066849793227848,True
L71S,-4.05383157868118,71,True,mild,tolerant,71,-1.9835862115838285,True
L71T,-2.6345067378094504,71,True,neutral,tolerant,71,-1.289094314358171,True
L71V,-0.963733697290154,71,True,neutral,tolerant,71,-0.4715659337296305,True
L71W,-5.32088926777278,71,True,mild,tolerant,71,-2.6035720478432167,True
L71Y,-3.2095923139024705,71,True,neutral,tolerant,71,-1.5704902720042377,True
E72A,-2.02144839895102,72,True,neutral,tolerant,72,-0.8283776243005466,True
E72C,-2.20331650969324,72,True,neutral,tolerant,72,-0.9029061027869862,True
E72D,-0.455808136335054,72,True,neutral,tolerant,72,-0.18678748431571543,True
E72E,0.0,72,True,neutral,tolerant,72,0.0,True
E72F,-2.6038378834379,72,True,neutral,tolerant,72,-1.0670373980683119,True
E72G,-2.08724764057946,72,True,neutral,tolerant,72,-0.855341765205271,True
E72H,-1.16034947824317,72,True,neutral,tolerant,72,-0.47550436837480026,True
E72I,-3.10381606317096,72,True,neutral,tolerant,72,-1.27192550549876,True
E72K,-2.16958074187423,72,True,neutral,tolerant,72,-0.8890813842265876,True
E72L,-1.03461461441567,72,True,neutral,tolerant,72,-0.423978963203327,True
E72M,-2.30033097547641,72,True,neutral,tolerant,72,-0.9426620583334906,True
E72N,-1.04618913558976,72,True,neutral,tolerant,72,-0.4287221336733644,True
E72P,-5.28048479726688,72,True,mild,tolerant,72,-2.163911507107968,True
E72Q,-1.05889930262391,72,True,neutral,tolerant,72,-0.43393068511483385,True
E72R,-2.0951157848208704,72,True,neutral,tolerant,72,-0.8585660842815015,True
E72S,-2.0071110976952,72,True,neutral,tolerant,72,-0.822502282857579,True
E72T,-3.02440653388377,72,True,neutral,tolerant,72,-1.2393839490326723,True
E72V,-1.30121694469898,72,True,neutral,tolerant,72,-0.5332310247982118,True
E72W,-5.7981167653110814,72,True,impactful,tolerant,72,-2.376034032804387,True
E72Y,-5.7981167653110814,72,True,impactful,tolerant,72,-2.376034032804387,True
L73A,-0.5245324735458771,73,True,neutral,tolerant,73,-0.25737044382997676,True
L73C,-1.23683272326976,73,True,neutral,tolerant,73,-0.6068722204737539,True
L73D,-1.00442432234792,73,True,neutral,tolerant,73,-0.49283723443997196,True
L73E,-0.456101238766091,73,True,neutral,tolerant,73,-0.2237935383849291,True
L73F,-1.76672911826865,73,True,neutral,tolerant,73,-0.8668745601627205,True
L73G,-0.8388873751168651,73,True,neutral,tolerant,73,-0.41161382172901473,True
L73H,-0.735590479634369,73,True,neutral,tolerant,73,-0.3609295091699306,True
L73I,-0.25568405721794,73,True,neutral,tolerant,73,-0.12545556777749217,True
L73K,-1.59865668533037,73,True,neutral,tolerant,73,-0.7844070698880201,True
L73L,0.0,73,True,neutral,tolerant,73,0.0,True
L73M,-0.19433659499246805,73,True,neutral,tolerant,73,-0.09535443128526029,True
L73N,-0.27251845415300696,73,True,neutral,tolerant,73,-0.133715640183494,True
L73P,-3.42639344098538,73,True,neutral,tolerant,73,-1.6812160259233202,True
L73Q,-0.23849170521048496,73,True,neutral,tolerant,73,-0.11701985885612089,True
L73R,-1.46450556608807,73,True,neutral,tolerant,73,-0.7185836274111853,True
L73S,-0.5553781514299101,73,True,neutral,tolerant,73,-0.27250538057389934,True
L73T,-0.547477320857554,73,True,neutral,tolerant,73,-0.26862870873071193,True
L73V,-0.0316287496547764,73,True,neutral,tolerant,73,-0.015519163725761304,True
L73W,-4.2223309969784,73,True,mild,tolerant,73,-2.0717558158853495,True
L73Y,-1.6365785572003502,73,True,neutral,tolerant,73,-0.8030140570361411,True
A74A,0.0,74,True,neutral,tolerant,74,0.0,True
A74C,-2.1971621007566102,74,True,neutral,tolerant,74,-1.2462938536491224,True
A74D,-1.34106207026816,74,True,neutral,tolerant,74,-0.7606891703446141,True
A74E,-1.1068485154267,74,True,neutral,tolerant,74,-0.627836471975338,True
A74F,-4.56247124415052,74,True,mild,tolerant,74,-2.5879655702588242,True
A74G,-2.476366560117,74,True,neutral,tolerant,74,-1.4046666935467582,True
A74H,-1.5264021860938897,74,True,neutral,tolerant,74,-0.8658194413922901,True
A74I,-2.9838756276792098,74,True,neutral,tolerant,74,-1.6925405064785266,True
A74K,-1.71958279923361,74,True,neutral,tolerant,74,-0.9753970691500666,True
A74L,-1.94027349716244,74,True,neutral,tolerant,74,-1.1005792121933686,True
A74M,-2.75785683527236,74,True,neutral,tolerant,74,-1.564336114235982,True
A74N,-2.49309129232144,74,True,neutral,tolerant,74,-1.4141534450900985,True
A74P,-4.733777321547191,74,True,mild,tolerant,74,-2.6851353290484434,True
A74Q,-1.08487068423632,74,True,neutral,tolerant,74,-0.6153700108436462,True
A74R,-1.4216668239825,74,True,neutral,tolerant,74,-0.8064105165732288,True
A74S,-0.32955940087932,74,True,neutral,tolerant,74,-0.18693561826264268,True
A74T,-0.380152047516949,74,True,neutral,tolerant,74,-0.21563322984196404,True
A74V,-3.074043352538569,74,True,neutral,tolerant,74,-1.7436862463631928,True
A74W,-4.39467352153925,74,True,mild,tolerant,74,-2.492785851714284,True
A74Y,-2.3740860782164,74,True,neutral,tolerant,74,-1.3466502477428315,True
E75A,-2.9683455357081003,75,True,neutral,tolerant,75,-1.6335222453347136,True
E75C,-3.03034578131956,75,True,neutral,tolerant,75,-1.6676418514264535,True
E75D,-0.0243986853700586,75,True,neutral,tolerant,75,-0.013426939293105488,True
E75E,0.0,75,True,neutral,tolerant,75,0.0,True
E75F,-4.90604942085158,75,True,mild,tolerant,75,-2.6998679127026786,True
E75G,-3.0725247619014704,75,True,neutral,tolerant,75,-1.6908535369385498,True
E75H,-0.997607061414453,75,True,neutral,tolerant,75,-0.5489971795129159,True
E75I,-2.02416830532315,75,True,neutral,tolerant,75,-1.1139282523784957,True
E75K,-1.23353872078942,75,True,neutral,tolerant,75,-0.6788336858534096,True
E75L,-2.06358455587034,75,True,neutral,tolerant,75,-1.1356195687437793,True
E75M,-2.59717483276389,75,True,neutral,tolerant,75,-1.4292617935840204,True
E75N,-0.536607546149671,75,True,neutral,tolerant,75,-0.2953026704961616,True
E75P,-3.5902381149584706,75,True,mild,tolerant,75,-1.9757584675647255,True
E75Q,-0.9887692260069668,75,True,neutral,tolerant,75,-0.5441335945410635,True
E75R,-1.25477883878051,75,True,neutral,tolerant,75,-0.6905224211487442,True
E75S,-3.09812793453624,75,True,neutral,tolerant,75,-1.7049433224931363,True
E75T,-2.03523810702491,75,True,neutral,tolerant,75,-1.1200201197550326,True
E75V,-2.56511632678675,75,True,neutral,tolerant,75,-1.4116195474115705,True
E75W,-5.5998495928647,75,True,impactful,tolerant,75,-3.081675893332577,True
E75Y,-5.5998495928647,75,True,impactful,tolerant,75,-3.081675893332577,True
K76A,-1.53348540178811,76,True,neutral,tolerant,76,-0.7167003596548029,True
K76C,-2.57923782888222,76,True,neutral,tolerant,76,-1.2054504577870009,True
K76D,-1.47487978452481,76,True,neutral,tolerant,76,-0.689310032416329,True
K76E,-0.7351170758714449,76,True,neutral,tolerant,76,-0.3435694086498063,True
K76F,-5.3118746545321915,76,True,mild,tolerant,76,-2.482594533280396,True
K76G,-3.25136149650976,76,True,neutral,tolerant,76,-1.5195788308119196,True
K76H,-1.5652108802392302,76,True,neutral,tolerant,76,-0.7315277990224195,True
K76I,-1.48440036581182,76,True,neutral,tolerant,76,-0.6937596372345859,True
K76K,0.0,76,True,neutral,tolerant,76,0.0,True
K76L,-2.77501170813796,76,True,neutral,tolerant,76,-1.2969486940988664,True
K76M,-2.82020673453106,76,True,neutral,tolerant,76,-1.3180713546946397,True
K76N,-2.19814971162789,76,True,neutral,tolerant,76,-1.02734247555393,True
K76P,-3.4089631849868702,76,True,neutral,tolerant,76,-1.5932366476271569,True
K76Q,-1.54191486899447,76,True,neutral,tolerant,76,-0.7206400138383067,True
K76R,-0.8091947464540559,76,True,neutral,tolerant,76,-0.378190861900708,True
K76S,-1.7053756320063302,76,True,neutral,tolerant,76,-0.7970361683132329,True
K76T,-0.908896223069057,76,True,neutral,tolerant,76,-0.42478803463203324,True
K76V,-2.68117435102298,76,True,neutral,tolerant,76,-1.253092216877145,True
K76W,-2.59464441250724,76,True,neutral,tolerant,76,-1.212650985429604,True
K76Y,-4.3090768547821,76,True,mild,tolerant,76,-2.013920007325409,True
K77A,-0.407139177200104,77,True,neutral,tolerant,77,-0.15273743875013354,True
K77C,-1.05003992928266,77,True,neutral,tolerant,77,-0.3939203554100121,True
K77D,-2.1805996516224,77,True,neutral,tolerant,77,-0.818047548306913,True
K77E,-1.35022362679747,77,True,neutral,tolerant,77,-0.5065336623097864,True
K77F,-5.00361091956437,77,True,mild,tolerant,77,-1.8770945149816622,True
K77G,-2.42859039911382,77,True,neutral,tolerant,77,-0.9110807755832806,True
K77H,-1.8518301423918304,77,True,neutral,tolerant,77,-0.6947103319664296,True
K77I,-0.699990047441151,77,True,neutral,tolerant,77,-0.26259985033127525,True
K77K,0.0,77,True,neutral,tolerant,77,0.0,True
K77L,-1.2178072423515802,77,True,neutral,tolerant,77,-0.4568579235417682,True
K77M,-1.49098627777134,77,True,neutral,tolerant,77,-0.5593404860826335,True
K77N,-0.631990061817208,77,True,neutral,tolerant,77,-0.23708979327738902,True
K77P,-3.05378713661619,77,True,neutral,tolerant,77,-1.1456220669857509,True
K77Q,-0.8957580586769259,77,True,neutral,tolerant,77,-0.33604182373945846,True
K77R,-1.09229375585466,77,True,neutral,tolerant,77,-0.4097717929758635,True
K77S,-0.482356276828302,77,True,neutral,tolerant,77,-0.1809549815236656,True
K77T,-0.269582901630703,77,True,neutral,tolerant,77,-0.10113348022429577,True
K77V,-0.730560503410422,77,True,neutral,tolerant,77,-0.2740682950490758,True
K77W,-3.45536653649872,77,True,neutral,tolerant,77,-1.2962737665217237,True
K77Y,-2.62757296103063,77,True,neutral,tolerant,77,-0.9857286811769397,True
A78A,0.0,78,True,neutral,tolerant,78,0.0,True
A78C,-1.54733746440201,78,True,neutral,tolerant,78,-0.9856760108852175,True
A78D,-4.08221282242207,78,True,mild,tolerant,78,-2.6004277301878043,True
A78E,-2.03211658061447,78,True,neutral,tolerant,78,-1.2944872149191256,True
A78F,-2.22507349258991,78,True,neutral,tolerant,78,-1.4174035170473003,True
A78G,-2.55052084193399,78,True,neutral,tolerant,78,-1.6247181154685395,True
A78H,-2.2886110821499703,78,True,neutral,tolerant,78,-1.4578778668640844,True
A78I,-2.1564976805363,78,True,neutral,tolerant,78,-1.3737197477188436,True
A78K,-1.20103212734994,78,True,neutral,tolerant,78,-0.7650745771148134,True
A78L,-1.6458931389093403,78,True,neutral,tolerant,78,-1.0484573797419652,True
A78M,-2.49908295793221,78,True,neutral,tolerant,78,-1.591951450485833,True
A78N,-2.36500711236499,78,True,neutral,tolerant,78,-1.5065432265817906,True
A78P,-3.232179422274509,78,True,neutral,tolerant,78,-2.0589443432393417,True
A78Q,-2.42658559349743,78,True,neutral,tolerant,78,-1.545769596417314,True
A78R,-1.12495843976508,78,True,neutral,tolerant,78,-0.7166145542451728,True
A78S,-1.25784680620072,78,True,neutral,tolerant,78,-0.8012663370235052,True
A78T,-1.2918526101217,78,True,neutral,tolerant,78,-0.8229285186270059,True
A78V,-1.6482391021548402,78,True,neutral,tolerant,78,-1.0499517917540218,True
A78W,-2.57144573869641,78,True,neutral,tolerant,78,-1.6380475728386794,True
A78Y,-2.8773570975367497,78,True,neutral,tolerant,78,-1.8329174669653316,True
T79A,-0.0965722248785069,79,True,neutral,tolerant,79,-0.04844036831133399,True
T79C,-0.941361665185598,79,True,neutral,tolerant,79,-0.4721844798867189,True
T79D,-1.21046046241215,79,True,neutral,tolerant,79,-0.6071637129549247,True
T79E,-0.927452101853814,79,True,neutral,tolerant,79,-0.4652074803230338,True
T79F,-4.2074020834671,79,True,mild,tolerant,79,-2.1104215711445184,True
T79G,-1.38770865307401,79,True,neutral,tolerant,79,-0.6960709287613291,True
T79H,-1.44267196435155,79,True,neutral,tolerant,79,-0.7236403778989465,True
T79I,-1.6622911238636398,79,True,neutral,tolerant,79,-0.833800757742892,True
T79K,-1.35126762535963,79,True,neutral,tolerant,79,-0.6777922072516112,True
T79L,-1.53458628031975,79,True,neutral,tolerant,79,-0.7697443516262295,True
T79M,-0.7852032866316629,79,True,neutral,tolerant,79,-0.39385585712205007,True
T79N,-0.927386291690715,79,True,neutral,tolerant,79,-0.46517447012219026,True
T79P,-2.9155348000951498,79,True,neutral,tolerant,79,-1.462424415703325,True
T79Q,-1.46551355758851,79,True,neutral,tolerant,79,-0.7350976596443759,True
T79R,-1.29559973801148,79,True,neutral,tolerant,79,-0.6498693446516175,True
T79S,-0.362401722498378,79,True,neutral,tolerant,79,-0.18177972948814491,True
T79T,0.0,79,True,neutral,tolerant,79,0.0,True
T79V,-1.8709200908638604,79,True,neutral,tolerant,79,-0.9384484865760819,True
T79W,-2.95558791783979,79,True,neutral,tolerant,79,-1.482514951859124,True
T79Y,-4.26487126402455,79,True,mild,tolerant,79,-2.1392479575745265,True
D80A,-1.38465120106498,80,True,neutral,tolerant,80,-0.7924930341969223,True
D80C,-3.23211956618225,80,True,neutral,tolerant,80,-1.8498754342761057,True
D80D,0.0,80,True,neutral,tolerant,80,0.0,True
D80E,-0.542823540345409,80,True,neutral,tolerant,80,-0.3106803173181667,True
D80F,-4.14051210436444,80,True,mild,tolerant,80,-2.369785978008818,True
D80G,-2.33054287578824,80,True,neutral,tolerant,80,-1.3338658815584046,True
D80H,-1.02507457270329,80,True,neutral,tolerant,80,-0.5866924881695318,True
D80I,-3.0767747451904905,80,True,neutral,tolerant,80,-1.7609651813258684,True
D80K,-0.68857253443201,80,True,neutral,tolerant,80,-0.3940984824604069,True
D80L,-2.05046773003173,80,True,neutral,tolerant,80,-1.1735673154696977,True
D80M,-3.12136557365524,80,True,neutral,tolerant,80,-1.786486352953932,True
D80N,-0.5562759574208449,80,True,neutral,tolerant,80,-0.3183796908623452,True
D80P,-3.06894429010588,80,True,neutral,tolerant,80,-1.7564834886769378,True
D80Q,-0.945155548586453,80,True,neutral,tolerant,80,-0.5409515319895958,True
D80R,-1.58293818622316,80,True,neutral,tolerant,80,-0.9059808601482549,True
D80S,-1.3816825456168005,80,True,neutral,tolerant,80,-0.790793950151927,True
D80T,-1.25775773774545,80,True,neutral,tolerant,80,-0.7198666675794633,True
D80V,-2.2867347218736,80,True,neutral,tolerant,80,-1.308792666880458,True
D80W,-3.74505355933743,80,True,mild,tolerant,80,-2.143448730038708,True
D80Y,-5.32029038950084,80,True,mild,tolerant,80,-3.0450217862385554,True
A81A,0.0,81,True,neutral,sensitive,81,0.0,True
A81C,-1.87135614972743,81,True,neutral,sensitive,81,-1.069129139509907,True
A81D,-3.76085361702652,81,True,mild,sensitive,81,-2.148622640313515,True
A81E,-3.81710844293266,81,True,mild,sensitive,81,-2.180761724914312,True
A81F,-4.18628650171537,81,True,mild,sensitive,81,-2.391677760522919,True
A81G,-2.90551350642055,81,True,neutral,sensitive,81,-1.6599561528714186,True
A81H,-3.95945115040486,81,True,mild,sensitive,81,-2.26208389139632,True
A81I,-2.52644993412366,81,True,neutral,sensitive,81,-1.4433923999330194,True
A81K,-3.22210003030109,81,True,neutral,sensitive,81,-1.8408259877802542,True
A81L,-2.53923586046439,81,True,neutral,sensitive,81,-1.4506971593335711,True
A81M,-2.57968371901572,81,True,neutral,sensitive,81,-1.4738055260730079,True
A81N,-3.97838149982943,81,True,mild,sensitive,81,-2.272899036441725,True
A81P,-4.84006338157917,81,True,mild,sensitive,81,-2.7651886569399715,True
A81Q,-4.4691942033808205,81,True,mild,sensitive,81,-2.5533064636889966,True
A81R,-3.93209921010744,81,True,mild,sensitive,81,-2.246457386308891,True
A81S,-1.67187059895797,81,True,neutral,sensitive,81,-0.9551605530011994,True
A81T,-1.89335957391786,81,True,neutral,sensitive,81,-1.0816999705483559,True
A81V,-1.71245004806713,81,True,neutral,sensitive,81,-0.9783440990697452,True
A81W,-4.96026359914882,81,True,mild,sensitive,81,-2.8338605424054193,True
A81Y,-4.17158047722838,81,True,mild,sensitive,81,-2.383276025071505,True
E82A,-5.10513112065486,82,True,mild,sensitive,82,-2.2374155362602606,True
E82C,-5.5697972573859,82,True,impactful,sensitive,82,-2.4410638283265964,True
E82D,-2.58735896399597,82,True,neutral,sensitive,82,-1.1339566030939188,True
E82E,0.0,82,True,neutral,sensitive,82,0.0,True
E82F,-5.99605945974141,82,True,impactful,sensitive,82,-2.627880905406567,True
E82G,-5.5583265353443085,82,True,impactful,sensitive,82,-2.4360365780755417,True
E82H,-3.95056933254309,82,True,mild,sensitive,82,-1.7314080662773277,True
E82I,-5.21112158480993,82,True,mild,sensitive,82,-2.2838677635569358,True
E82K,-2.9703213816164906,82,True,neutral,sensitive,82,-1.3017967707090516,True
E82L,-5.152896534001621,82,True,mild,sensitive,82,-2.258349587784529,True
E82M,-5.455006460263691,82,True,impactful,sensitive,82,-2.390754696821276,True
E82N,-3.5784226500457503,82,True,mild,sensitive,82,-1.5683080891154373,True
E82P,-6.680029765322441,82,True,impactful,sensitive,82,-2.927643193951151,True
E82Q,-2.5059128467815097,82,True,neutral,sensitive,82,-1.098261377306979,True
E82R,-2.695198508968609,82,True,neutral,sensitive,82,-1.181219223317093,True
E82S,-4.9190207350284405,82,True,mild,sensitive,82,-2.1558493123144737,True
E82T,-2.72701993624205,82,True,neutral,sensitive,82,-1.195165536170746,True
E82V,-5.508716963712351,82,True,impactful,sensitive,82,-2.4142942910131246,True
E82W,-6.717645289853211,82,True,impactful,sensitive,82,-2.9441288741424416,True
E82Y,-5.58803111613652,82,True,impactful,sensitive,82,-2.4490551448844715,True
A83A,0.0,83,True,neutral,tolerant,83,0.0,True
A83C,-2.60925155081552,83,True,neutral,tolerant,83,-1.3850915563667214,True
A83D,-2.20223195662082,83,True,neutral,tolerant,83,-1.1690298267037897,True
A83E,-1.94567795382388,83,True,neutral,tolerant,83,-1.0328410476207377,True
A83F,-4.18923008142431,83,True,mild,tolerant,83,-2.223805217877413,True
A83G,-0.3631694423879001,83,True,neutral,tolerant,83,-0.19278437451715663,True
A83H,-2.00365344401336,83,True,neutral,tolerant,83,-1.0636166782465286,True
A83I,-3.4186826712916805,83,True,neutral,tolerant,83,-1.8147688751678062,True
A83K,-3.15984625033826,83,True,neutral,tolerant,83,-1.6773685003244099,True
A83L,-2.192594309954,83,True,neutral,tolerant,83,-1.1639137914111073,True
A83M,-2.52966794246225,83,True,neutral,tolerant,83,-1.342845501584898,True
A83N,-1.69046572146811,83,True,neutral,tolerant,83,-0.8973645321398922,True
A83P,-4.47933168348366,83,True,mild,tolerant,83,-2.3778023590787956,True
A83Q,-1.5811734463614602,83,True,neutral,tolerant,83,-0.8393479689691179,True
A83R,-2.5178168810247703,83,True,neutral,tolerant,83,-1.336554500195666,True
A83S,-0.0828400333728975,83,True,neutral,tolerant,83,-0.04397469102512386,True
A83T,-0.732716581521572,83,True,neutral,tolerant,83,-0.3889542769298031,True
A83V,-2.73890003073465,83,True,neutral,tolerant,83,-1.453913979707101,True
A83W,-5.05855095065195,83,True,mild,tolerant,83,-2.6852743297245425,True
A83Y,-4.78892303994982,83,True,mild,tolerant,83,-2.5421454150909204,True
D84A,-3.3174296465931405,84,True,neutral,sensitive,84,-1.7493325498121282,True
D84C,-4.52670229930611,84,True,mild,sensitive,84,-2.3870009371917678,True
D84D,0.0,84,True,neutral,sensitive,84,0.0,True
D84E,-0.110782271056185,84,True,neutral,sensitive,84,-0.05841722458220439,True
D84F,-5.53302524331339,84,True,impactful,sensitive,84,-2.9176507682688344,True
D84G,-4.77576258953773,84,True,mild,sensitive,84,-2.5183343244770904,True
D84H,-1.6961187657495298,84,True,neutral,sensitive,84,-0.8943899589008272,True
D84I,-4.936293235242741,84,True,mild,sensitive,84,-2.602984645264609,True
D84K,-4.37097898895982,84,True,mild,sensitive,84,-2.3048855995438338,True
D84L,-4.95246514539806,84,True,mild,sensitive,84,-2.6115123464794303,True
D84M,-5.80976245865513,84,True,impactful,sensitive,84,-3.063578631136651,True
D84N,-2.1593771820115,84,True,neutral,sensitive,84,-1.138673368911864,True
D84P,-5.63869431503888,84,True,impactful,sensitive,84,-2.9733717228541607,True
D84Q,-1.3506433243055702,84,True,neutral,sensitive,84,-0.7122153540831258,True
D84R,-2.94248772475122,84,True,neutral,sensitive,84,-1.5516198089132318,True
D84S,-2.76851988959607,84,True,neutral,sensitive,84,-1.4598838479201222,True
D84T,-4.52728826314043,84,True,mild,sensitive,84,-2.387309925088298,True
D84V,-4.79235149031669,84,True,mild,sensitive,84,-2.5270819113710705,True
D84W,-6.15213399229566,84,True,impactful,sensitive,84,-3.244116496812731,True
D84Y,-5.813814603238701,84,True,impactful,sensitive,84,-3.0657153903664556,True
V85A,-2.63305988690956,85,True,neutral,sensitive,85,-1.4269450057542694,True
V85C,-4.71337774845021,85,True,mild,sensitive,85,-2.55434024566694,True
V85D,-4.26925442673195,85,True,mild,sensitive,85,-2.3136546619415004,True
V85E,-2.65893941069912,85,True,neutral,sensitive,85,-1.4409700028332972,True
V85F,-3.63420091912126,85,True,mild,sensitive,85,-1.9694974949978337,True
V85G,-3.88028364514682,85,True,mild,sensitive,85,-2.1028581217918987,True
V85H,-4.74250020479215,85,True,mild,sensitive,85,-2.570122698561015,True
V85I,-1.90926824757518,85,True,neutral,sensitive,85,-1.0346976170451938,True
V85K,-4.37185976784953,85,True,mild,sensitive,85,-2.369259997695291,True
V85L,-1.3420636228301002,85,True,neutral,sensitive,85,-0.7273100750661623,True
V85M,-1.95327501099772,85,True,neutral,sensitive,85,-1.0585463838724862,True
V85N,-3.47530900827827,85,True,neutral,sensitive,85,-1.8833885463334445,True
V85P,-5.6612556893980805,85,True,impactful,sensitive,85,-3.0680276481542887,True
V85Q,-4.837865024557769,85,True,mild,sensitive,85,-2.6218041487117456,True
V85R,-4.0529551643495605,85,True,mild,sensitive,85,-2.1964347104548883,True
V85S,-3.3317070791986096,85,True,neutral,sensitive,85,-1.805565760556473,True
V85T,-2.94067479105694,85,True,neutral,sensitive,85,-1.5936520196550736,True
V85V,0.0,85,True,neutral,sensitive,85,0.0,True
V85W,-5.666655903587871,85,True,impactful,sensitive,85,-3.070954208505777,True
V85Y,-4.15730615207953,85,True,mild,sensitive,85,-2.2529860716780363,True
A86A,0.0,86,True,neutral,tolerant,86,0.0,True
A86C,-3.14718084627148,86,True,neutral,tolerant,86,-1.9258387981179361,True
A86D,-2.96824862088856,86,True,neutral,tolerant,86,-1.816345687074045,True
A86E,-2.4214648328066803,86,True,neutral,tolerant,86,-1.4817549899688858,True
A86F,-5.36788106869282,86,True,mild,tolerant,86,-3.2847408937489644,True
A86G,-3.16845933423681,86,True,neutral,tolerant,86,-1.9388596379395393,True
A86H,-3.6162306157817,86,True,mild,tolerant,86,-2.212862101987248,True
A86I,-3.59968869533296,86,True,mild,tolerant,86,-2.202739686482176,True
A86K,-3.2199294340323696,86,True,neutral,tolerant,86,-1.9703554813534072,True
A86L,-3.0235878004198504,86,True,neutral,tolerant,86,-1.8502091173003803,True
A86M,-3.75169338457404,86,True,mild,tolerant,86,-2.2957551636140803,True
A86N,-2.35951345500958,86,True,neutral,tolerant,86,-1.4438453899851846,True
A86P,-5.7509913314929415,86,True,impactful,tolerant,86,-3.519175660639379,True
A86Q,-1.5085228352488402,86,True,neutral,tolerant,86,-0.9231029120588655,True
A86R,-2.239757145998,86,True,neutral,tolerant,86,-1.3705635045520248,True
A86S,-1.03664188458356,86,True,neutral,tolerant,86,-0.6343471375184212,True
A86T,-1.73548877356706,86,True,neutral,tolerant,86,-1.0619890553138074,True
A86V,-2.80981826708879,86,True,neutral,tolerant,86,-1.7193981848329143,True
A86W,-6.05768042993896,86,True,impactful,tolerant,86,-3.7068464026772534,True
A86Y,-5.825567943161991,86,True,impactful,tolerant,86,-3.5648109574970674,True
S87A,-0.34680720073353305,87,True,neutral,tolerant,87,-0.1878429687936369,True
S87C,-2.4141357025559302,87,True,neutral,tolerant,87,-1.3075807436514137,True
S87D,-3.47138008807576,87,True,neutral,tolerant,87,-1.8802214607311005,True
S87E,-3.38172894843068,87,True,neutral,tolerant,87,-1.8316632526228327,True
S87F,-2.5212854310045003,87,True,neutral,tolerant,87,-1.3656168024605737,True
S87G,-1.3515442542066003,87,True,neutral,tolerant,87,-0.7320438694155464,True
S87H,-3.25524837381748,87,True,neutral,tolerant,87,-1.7631569281295205,True
S87I,-3.71644902925334,87,True,mild,tolerant,87,-2.012959412459156,True
S87K,-3.79562031343394,87,True,mild,tolerant,87,-2.0558413625231493,True
S87L,-4.230124067154399,87,True,mild,tolerant,87,-2.291183866595149,True
S87M,-3.7192897860443503,87,True,mild,tolerant,87,-2.0144980661783274,True
S87N,-2.9848493040088906,87,True,neutral,tolerant,87,-1.6166992884829048,True
S87P,-5.7047628694773485,87,True,impactful,tolerant,87,-3.0899000695481185,True
S87Q,-2.17462184169094,87,True,neutral,tolerant,87,-1.177851618659357,True
S87R,-3.2627672449249303,87,True,neutral,tolerant,87,-1.767229412979353,True
S87S,0.0,87,True,neutral,tolerant,87,0.0,True
S87T,-1.44456816196517,87,True,neutral,tolerant,87,-0.782428887273296,True
S87V,-2.98558165511715,87,True,neutral,tolerant,87,-1.61709595558233,True
S87W,-5.761530454902671,87,True,impactful,tolerant,87,-3.120647388966472,True
S87Y,-5.1493155776822315,87,True,mild,tolerant,87,-2.7890502945766156,True
L88A,-3.88188803298006,88,True,mild,tolerant,88,-2.0393889081511123,True
L88C,-3.45550825864082,88,True,neutral,tolerant,88,-1.8153860067124845,True
L88D,-4.81315514978639,88,True,mild,tolerant,88,-2.5286394512902195,True
L88E,-4.75220895401466,88,True,mild,tolerant,88,-2.4966207545645815,True
L88F,-3.3663705938514306,88,True,neutral,tolerant,88,-1.7685566382903308,True
L88G,-6.03035189676026,88,True,impactful,tolerant,88,-3.168106000486508,True
L88H,-3.2563651716883,88,True,neutral,tolerant,88,-1.710764183719264,True
L88I,-2.72536958779577,88,True,neutral,tolerant,88,-1.4318003148834284,True
L88K,-5.317217654763139,88,True,mild,tolerant,88,-2.793453756321909,True
L88L,0.0,88,True,neutral,tolerant,88,0.0,True
L88M,-1.83566699627577,88,True,neutral,tolerant,88,-0.9643861130095361,True
L88N,-2.9152343787323,88,True,neutral,tolerant,88,-1.531547691777021,True
L88P,-3.7585811286627697,88,True,mild,tolerant,88,-1.974608386192038,True
L88Q,-3.39802902689564,88,True,neutral,tolerant,88,-1.785188714396411,True
L88R,-3.92015193698016,88,True,mild,tolerant,88,-2.059491234837865,True
L88S,-2.908745779155569,88,True,neutral,tolerant,88,-1.52813884075046,True
L88T,-3.13680845195579,88,True,neutral,tolerant,88,-1.6479538589376308,True
L88V,-1.03394930476812,88,True,neutral,tolerant,88,-0.5431956629918309,True
L88W,-4.09921930545327,88,True,mild,tolerant,88,-2.1535660772787795,True
L88Y,-3.73724086500894,88,True,mild,tolerant,88,-1.9633970641181164,True
N89A,-2.799543495841549,89,True,neutral,tolerant,89,-1.71562852378266,True
N89C,-3.0459993953206497,89,True,neutral,tolerant,89,-1.8666627090449806,True
N89D,-3.15780710510985,89,True,neutral,tolerant,89,-1.9351812001411528,True
N89E,-2.39099107355664,89,True,neutral,tolerant,89,-1.4652576364670518,True
N89F,-6.32761166550598,89,True,impactful,tolerant,89,-3.877714733451097,True
N89G,-3.1595683242103303,89,True,neutral,tolerant,89,-1.9362605181549302,True
N89H,-2.8194384991187595,89,True,neutral,tolerant,89,-1.7278206669495129,True
N89I,-4.1112709360916,89,True,mild,tolerant,89,-2.519487086889184,True
N89K,-2.9309736703086298,89,True,neutral,tolerant,89,-1.7961721397459025,True
N89L,-4.60031547489485,89,True,mild,tolerant,89,-2.819185506084054,True
N89M,-5.5848830049376215,89,True,impactful,tolerant,89,-3.422552498109965,True
N89N,0.0,89,True,neutral,tolerant,89,0.0,True
N89P,-2.9797940088588,89,True,neutral,tolerant,89,-1.8260904337398385,True
N89Q,-1.6975396692563602,89,True,neutral,tolerant,89,-1.0402937054397636,True
N89R,-2.00501912389449,89,True,neutral,tolerant,89,-1.2287246134209728,True
N89S,-2.48223300296252,89,True,neutral,tolerant,89,-1.5211729158282092,True
N89T,-1.66406535278792,89,True,neutral,tolerant,89,-1.019779828004857,True
N89V,-3.77189852658529,89,True,mild,tolerant,89,-2.311511398424714,True
N89W,-6.51327041357386,89,True,impactful,tolerant,89,-3.9914909417322564,True
N89Y,-6.51327041357386,89,True,impactful,tolerant,89,-3.9914909417322564,True
R90A,-3.4456117046872503,90,True,neutral,sensitive,90,-1.277560406196029,True
R90C,-3.58307743900565,90,True,mild,sensitive,90,-1.328529811464459,True
R90D,-4.35548878726348,90,True,mild,sensitive,90,-1.6149237061938901,True
R90E,-3.0735723129862005,90,True,neutral,sensitive,90,-1.1396160186331656,True
R90F,-6.76721923031753,90,True,impactful,sensitive,90,-2.5091426689029013,True
R90G,-3.81226083961639,90,True,mild,sensitive,90,-1.413506199830954,True
R90H,-3.028987529721629,90,True,neutral,sensitive,90,-1.123084918004455,True
R90I,-6.16504470789937,90,True,impactful,sensitive,90,-2.2858690114519167,True
R90K,-1.45656593644146,90,True,neutral,sensitive,90,-0.540064037651148,True
R90L,-4.37190675840248,90,True,mild,sensitive,90,-1.6210111448477356,True
R90M,-5.317427920881371,90,True,mild,sensitive,90,-1.9715905205679363,True
R90N,-3.57238765071299,90,True,mild,sensitive,90,-1.3245662626250057,True
R90P,-4.45700598125001,90,True,mild,sensitive,90,-1.6525641482114517,True
R90Q,-3.76786953113029,90,True,mild,sensitive,90,-1.3970468355839827,True
R90R,0.0,90,True,neutral,sensitive,90,0.0,True
R90S,-3.52391391104185,90,True,mild,sensitive,90,-1.3065932186920928,True
R90T,-4.03402974971439,90,True,mild,sensitive,90,-1.4957334509402511,True
R90V,-5.3247525677267005,90,True,mild,sensitive,90,-1.9743063456814371,True
R90W,-6.76721923031753,90,True,impactful,sensitive,90,-2.5091426689029013,True
R90Y,-6.298548324804139,90,True,impactful,sensitive,90,-2.3353693468522976,True
R91A,-4.14077436775249,91,True,mild,sensitive,91,-1.8111335413255707,True
R91C,-3.01482874798171,91,True,neutral,sensitive,91,-1.318656121266985,True
R91D,-4.4235422691887,91,True,mild,sensitive,91,-1.9348134101659815,True
R91E,-2.38059735942795,91,True,neutral,sensitive,91,-1.0412496173732027,True
R91F,-7.32067275605647,91,True,impactful,sensitive,91,-3.201989482165067,True
R91G,-3.78612858950656,91,True,mild,sensitive,91,-1.6560150037706387,True
R91H,-3.0783899341603,91,True,neutral,sensitive,91,-1.3464571521830855,True
R91I,-5.50736882229801,91,True,impactful,sensitive,91,-2.4088683692100297,True
R91K,-1.04201611077951,91,True,neutral,sensitive,91,-0.45576748724387367,True
R91L,-5.36854296001333,91,True,mild,sensitive,91,-2.3481473172383667,True
R91M,-4.61196285264446,91,True,mild,sensitive,91,-2.0172267001125395,True
R91N,-3.8847874982925896,91,True,mild,sensitive,91,-1.6991674296174843,True
R91P,-5.7402650244294,91,True,impactful,sensitive,91,-2.510734852593534,True
R91Q,-3.62625406378294,91,True,mild,sensitive,91,-1.586087475674311,True
R91R,0.0,91,True,neutral,sensitive,91,0.0,True
R91S,-4.52833905484987,91,True,mild,sensitive,91,-1.9806504823359077,True
R91T,-4.1536620319448,91,True,mild,sensitive,91,-1.8167704775155284,True
R91V,-5.44205582042895,91,True,impactful,sensitive,91,-2.380301111527279,True
R91W,-7.32067275605647,91,True,impactful,sensitive,91,-3.201989482165067,True
R91Y,-7.32067275605647,91,True,impactful,sensitive,91,-3.201989482165067,True
I92A,-3.85156604896771,92,True,mild,sensitive,92,-2.1043923032116996,True
I92C,-3.46763008262473,92,True,neutral,sensitive,92,-1.894619997031241,True
I92D,-5.4051897372678,92,True,mild,sensitive,92,-2.9532505832410267,True
I92E,-3.66530502922853,92,True,mild,sensitive,92,-2.0026242817512996,True
I92F,-4.6232904951380895,92,True,mild,sensitive,92,-2.5260418255291275,True
I92G,-4.70069267361426,92,True,mild,sensitive,92,-2.568332298174852,True
I92H,-5.425426022716191,92,True,impactful,sensitive,92,-2.96430714641605,True
I92I,0.0,92,True,neutral,sensitive,92,0.0,True
I92K,-4.37596565998474,92,True,mild,sensitive,92,-2.3909101744363705,True
I92L,-1.2564731063353,92,True,neutral,sensitive,92,-0.6865031783300642,True
I92M,-1.65854957390843,92,True,neutral,sensitive,92,-0.9061869674449413,True
I92N,-4.65750745653112,92,True,mild,sensitive,92,-2.5447370547629826,True
I92P,-5.6162572684155085,92,True,impactful,sensitive,92,-3.068572216664444,True
I92Q,-4.15884916727079,92,True,mild,sensitive,92,-2.2722835507828543,True
I92R,-5.05713509494759,92,True,mild,sensitive,92,-2.763082869359537,True
I92S,-4.01170667022729,92,True,mild,sensitive,92,-2.191888840081558,True
I92T,-2.1717589192526496,92,True,neutral,sensitive,92,-1.1865907778815166,True
I92V,-1.50228412198318,92,True,neutral,sensitive,92,-0.8208077190798432,True
I92W,-5.9639665520975305,92,True,impactful,sensitive,92,-3.258551235856342,True
I92Y,-5.16950527066711,92,True,mild,sensitive,92,-2.8244789170679967,True
Q93A,-2.7547061810664903,93,True,neutral,tolerant,93,-1.3376670436198101,True
Q93C,-1.85342924017818,93,True,neutral,tolerant,93,-0.9000129412378208,True
Q93D,-1.92155065496307,93,True,neutral,tolerant,93,-0.9330922482611289,True
Q93E,-2.42166007487375,93,True,neutral,tolerant,93,-1.1759420642655858,True
Q93F,-5.55347798547856,93,True,impactful,tolerant,93,-2.696732061553935,True
Q93G,-3.7006748811310697,93,True,mild,tolerant,93,-1.7970231677209882,True
Q93H,-1.91053697235023,93,True,neutral,tolerant,93,-0.9277440770618393,True
Q93I,-3.22266910267625,93,True,neutral,tolerant,93,-1.564906733346381,True
Q93K,-2.33101123282972,93,True,neutral,tolerant,93,-1.1319235880382406,True
Q93L,-2.65739466837536,93,True,neutral,tolerant,93,-1.290413218734094,True
Q93M,-3.10497093851609,93,True,neutral,tolerant,93,-1.507753285775923,True
Q93N,-2.40484325673839,93,True,neutral,tolerant,93,-1.167775928961272,True
Q93P,-4.16090583697916,93,True,mild,tolerant,93,-2.0205082661764937,True
Q93Q,0.0,93,True,neutral,tolerant,93,0.0,True
Q93R,-1.8039954035598704,93,True,neutral,tolerant,93,-0.8760081981772023,True
Q93S,-2.84437191336242,93,True,neutral,tolerant,93,-1.381208128276565,True
Q93T,-1.84616170731814,93,True,neutral,tolerant,93,-0.8964838755022019,True
Q93V,-2.4247364976370003,93,True,neutral,tolerant,93,-1.1774359547468742,True
Q93W,-6.193539286749918,93,True,impactful,tolerant,93,-3.00754158254453,True
Q93Y,-4.771040723117942,93,True,mild,tolerant,93,-2.3167857185451513,True
L94A,-2.11063156998802,94,True,neutral,tolerant,94,-0.9990031325706585,True
L94C,-4.4490175625802495,94,True,mild,tolerant,94,-2.1058068803096566,True
L94D,-3.24655235868446,94,True,neutral,tolerant,94,-1.5366566209368528,True
L94E,-3.02947655545335,94,True,neutral,tolerant,94,-1.4339104048199387,True
L94F,-4.70586587379194,94,True,mild,tolerant,94,-2.2273782010197976,True
L94G,-2.85728351364526,94,True,neutral,tolerant,94,-1.352408076029259,True
L94H,-2.89450709640113,94,True,neutral,tolerant,94,-1.3700267245453657,True
L94I,-2.8326325955381804,94,True,neutral,tolerant,94,-1.3407403151751678,True
L94K,-3.43295338695558,94,True,neutral,tolerant,94,-1.6248838671342067,True
L94L,0.0,94,True,neutral,tolerant,94,0.0,True
L94M,-1.87435717740419,94,True,neutral,tolerant,94,-0.8871698492568798,True
L94N,-2.9921776050797404,94,True,neutral,tolerant,94,-1.4162560833387885,True
L94P,-6.2060282755307306,94,True,impactful,tolerant,94,-2.9374343567278642,True
L94Q,-2.42394386140827,94,True,neutral,tolerant,94,-1.1472999575837977,True
L94R,-2.5109452270941,94,True,neutral,tolerant,94,-1.1884794026816283,True
L94S,-2.63677853165026,94,True,neutral,tolerant,94,-1.2480387626480078,True
L94T,-3.2019621229837,94,True,neutral,tolerant,94,-1.5155511917465865,True
L94V,-2.14138769934078,94,True,neutral,tolerant,94,-1.0135606091127771,True
L94W,-5.8443140100610105,94,True,impactful,tolerant,94,-2.766227932339075,True
L94Y,-6.14861855750708,94,True,impactful,tolerant,94,-2.9102612162512673,True
V95A,-3.21931631876907,95,True,neutral,sensitive,95,-1.707528870195013,True
V95C,-3.67622949451186,95,True,mild,sensitive,95,-1.9498761146098191,True
V95D,-4.80664902647905,95,True,mild,sensitive,95,-2.5494518614890036,True
V95E,-3.96714568881165,95,True,mild,sensitive,95,-2.1041783798696954,True
V95F,-3.80301743380557,95,True,mild,sensitive,95,-2.0171245752454987,True
V95G,-5.73047581251812,95,True,impactful,sensitive,95,-3.0394505916617307,True
V95H,-5.478849468911589,95,True,impactful,sensitive,95,-2.9059877058605474,True
V95I,-0.688265808737959,95,True,neutral,sensitive,95,-0.3650569320996526,True
V95K,-4.03956716410977,95,True,mild,sensitive,95,-2.14259080898475,True
V95L,-0.989026003674534,95,True,neutral,sensitive,95,-0.5245804659834072,True
V95M,-1.54815973030244,95,True,neutral,sensitive,95,-0.8211456015529143,True
V95N,-3.71921968200827,95,True,mild,sensitive,95,-1.9726781567257938,True
V95P,-4.1009941429595695,95,True,mild,sensitive,95,-2.17517174524857,True
V95Q,-4.5300063773014685,95,True,mild,sensitive,95,-2.402720300056554,True
V95R,-4.05580708641576,95,True,mild,sensitive,95,-2.1512044814050495,True
V95S,-3.0518888228128302,95,True,neutral,sensitive,95,-1.6187251445893698,True
V95T,-3.1254090220282,95,True,neutral,sensitive,95,-1.6577203380628502,True
V95V,0.0,95,True,neutral,sensitive,95,0.0,True
V95W,-5.7290926197935415,95,True,impactful,sensitive,95,-3.038716944739093,True
V95Y,-5.382562202427679,95,True,mild,sensitive,95,-2.854916835193107,True
E96A,-2.7505109688978098,96,True,neutral,sensitive,96,-1.5807996403497269,True
E96C,-6.208539162621349,96,True,impactful,sensitive,96,-3.5682302620672304,True
E96D,-2.35355305784452,96,True,neutral,sensitive,96,-1.352656240769511,True
E96E,0.0,96,True,neutral,sensitive,96,0.0,True
E96F,-7.539196102545461,96,True,impactful,sensitive,96,-4.33299798553638,True
E96G,-4.03575006750777,96,True,mild,sensitive,96,-2.3194643931248016,True
E96H,-2.4348704716799103,96,True,neutral,sensitive,96,-1.3993917528248099,True
E96I,-5.7831033553422495,96,True,impactful,sensitive,96,-3.3237197770179034,True
E96K,-3.86937724828063,96,True,mild,sensitive,96,-2.2238450352046897,True
E96L,-4.7584270240411515,96,True,mild,sensitive,96,-2.734808118670747,True
E96M,-4.59760242210414,96,True,mild,sensitive,96,-2.642377484589949,True
E96N,-3.56497124565882,96,True,mild,sensitive,96,-2.0488939425145616,True
E96P,-7.539196102545461,96,True,impactful,sensitive,96,-4.33299798553638,True
E96Q,-1.07194570831102,96,True,neutral,sensitive,96,-0.6160787611225305,True
E96R,-3.17513209160448,96,True,neutral,sensitive,96,-1.8248419021875637,True
E96S,-4.3218681824635,96,True,mild,sensitive,96,-2.483904898301483,True
E96T,-5.09067409795503,96,True,mild,sensitive,96,-2.9257602947897805,True
E96V,-4.02814156407311,96,True,mild,sensitive,96,-2.3150915621748016,True
E96W,-7.539196102545461,96,True,impactful,sensitive,96,-4.33299798553638,True
E96Y,-7.539196102545461,96,True,impactful,sensitive,96,-4.33299798553638,True
E97A,-3.67875583494125,97,True,mild,sensitive,97,-2.1142892962684443,True
E97C,-5.04034245329794,97,True,mild,sensitive,97,-2.8968332166316375,True
E97D,-1.84030633779708,97,True,neutral,sensitive,97,-1.0576782386324057,True
E97E,0.0,97,True,neutral,sensitive,97,0.0,True
E97F,-5.57629868607853,97,True,impactful,sensitive,97,-3.2048630443993336,True
E97G,-3.45349182229634,97,True,neutral,sensitive,97,-1.9848234354885812,True
E97H,-3.7842349814846,97,True,mild,sensitive,97,-2.1749112675332745,True
E97I,-4.264910803797431,97,True,mild,sensitive,97,-2.451169815719113,True
E97K,-2.39302276455345,97,True,neutral,sensitive,97,-1.375340643368054,True
E97L,-4.76969904858932,97,True,mild,sensitive,97,-2.741286483074034,True
E97M,-4.25683900848815,97,True,mild,sensitive,97,-2.446530717287522,True
E97N,-2.58126827253336,97,True,neutral,sensitive,97,-1.4835308795376407,True
E97P,-5.522649793266879,97,True,impactful,sensitive,97,-3.174029446053131,True
E97Q,-1.02091819776549,97,True,neutral,sensitive,97,-0.5867517483491039,True
E97R,-4.3167682968926,97,True,mild,sensitive,97,-2.480973843901968,True
E97S,-3.37879018577595,97,True,neutral,sensitive,97,-1.941890205452313,True
E97T,-3.74076424985645,97,True,mild,sensitive,97,-2.1499273581067815,True
E97V,-4.27214824402732,97,True,mild,sensitive,97,-2.455329385719681,True
E97W,-6.39892884847532,97,True,impactful,sensitive,97,-3.6776528203945866,True
E97Y,-5.46195641875513,97,True,impactful,sensitive,97,-3.139147176654936,True
E98A,-3.54265240581238,98,True,mild,sensitive,98,-1.616454327572453,True
E98C,-5.59357771235833,98,True,impactful,sensitive,98,-2.552257987523628,True
E98D,-1.66782532859196,98,True,neutral,sensitive,98,-0.7610014083273291,True
E98E,0.0,98,True,neutral,sensitive,98,0.0,True
E98F,-6.02018199811464,98,True,impactful,sensitive,98,-2.746910542976245,True
E98G,-4.4307094834007685,98,True,mild,sensitive,98,-2.021660241605646,True
E98H,-2.99934515223359,98,True,neutral,sensitive,98,-1.3685521174069744,True
E98I,-5.71935458650318,98,True,impactful,sensitive,98,-2.609647917223309,True
E98K,-2.74228597066344,98,True,neutral,sensitive,98,-1.2512602188821411,True
E98L,-4.33967894794798,98,True,mild,sensitive,98,-1.9801244977284098,True
E98M,-6.05843337672868,98,True,impactful,sensitive,98,-2.764364021165308,True
E98N,-1.82584199510332,98,True,neutral,sensitive,98,-0.8331018277734441,True
E98P,-7.122593724430112,98,True,impactful,sensitive,98,-3.249922975933417,True
E98Q,-2.03172840243745,98,True,neutral,sensitive,98,-0.9270444267079512,True
E98R,-4.342056238201,98,True,mild,sensitive,98,-1.9812092163734243,True
E98S,-3.66297122330415,98,True,mild,sensitive,98,-1.6713538353265511,True
E98T,-3.49778939043065,98,True,mild,sensitive,98,-1.5959840677064931,True
E98V,-2.78054845360566,98,True,neutral,sensitive,98,-1.2687187637944624,True
E98W,-6.47927582915242,98,True,impactful,sensitive,98,-2.956387546343913,True
E98Y,-4.95133427411401,98,True,mild,sensitive,98,-2.259212815098088,True
L99A,-1.9086112795904,99,True,neutral,sensitive,99,-1.0152581281902637,True
L99C,-3.7056653058846303,99,True,mild,sensitive,99,-1.9711749911482364,True
L99D,-3.77081030050148,99,True,mild,sensitive,99,-2.005827927554366,True
L99E,-3.81699985989714,99,True,mild,sensitive,99,-2.030397794721888,True
L99F,-2.92754961779928,99,True,neutral,sensitive,99,-1.5572676201457196,True
L99G,-5.44585639130738,99,True,impactful,sensitive,99,-2.896844436242807,True
L99H,-3.91327927265238,99,True,mild,sensitive,99,-2.0816122339439596,True
L99I,-2.03336733636758,99,True,neutral,sensitive,99,-1.0816203057789764,True
L99K,-5.0229285453623485,99,True,mild,sensitive,99,-2.6718740937612093,True
L99L,0.0,99,True,neutral,sensitive,99,0.0,True
L99M,-1.91972413232548,99,True,neutral,sensitive,99,-1.021169449257743,True
L99N,-3.73889649260356,99,True,mild,sensitive,99,-1.9888518396435686,True
L99P,-4.486775557273691,99,True,mild,sensitive,99,-2.386675276730575,True
L99Q,-3.65580722356932,99,True,mild,sensitive,99,-1.9446537063439984,True
L99R,-4.720116424027959,99,True,mild,sensitive,99,-2.5107975713772213,True
L99S,-3.2963204491713305,99,True,neutral,sensitive,99,-1.7534299230690804,True
L99T,-3.32831207809188,99,True,neutral,sensitive,99,-1.7704474067458011,True
L99V,-0.854971525498806,99,True,neutral,sensitive,99,-0.4547897206287987,True
L99W,-4.57414861245709,99,True,mild,sensitive,99,-2.433152108031079,True
L99Y,-3.25624814417593,99,True,neutral,sensitive,99,-1.7321140407849567,True
D100A,-3.10156491184846,100,True,neutral,sensitive,100,-1.7407163141938646,True
D100C,-4.788033729768019,100,True,mild,sensitive,100,-2.6872268236199695,True
D100D,0.0,100,True,neutral,sensitive,100,0.0,True
D100E,-1.28289061752847,100,True,neutral,sensitive,100,-0.720007057961958,True
D100F,-5.41068394356129,100,True,mild,sensitive,100,-3.036681829718904,True
D100G,-3.67448947846082,100,True,mild,sensitive,100,-2.0622633938937756,True
D100H,-2.10898809986937,100,True,neutral,sensitive,100,-1.1836444170034837,True
D100I,-5.24091957803483,100,True,mild,sensitive,100,-2.941403604358609,True
D100K,-3.39001470146476,100,True,neutral,sensitive,100,-1.9026053182552485,True
D100L,-5.736226237029411,100,True,impactful,sensitive,100,-3.219388559162241,True
D100M,-4.1212495793933,100,True,mild,sensitive,100,-2.3130021720032383,True
D100N,-1.67182464420614,100,True,neutral,sensitive,100,-0.9382916415915301,True
D100P,-5.95621789067714,100,True,impactful,sensitive,100,-3.342856250916228,True
D100Q,-1.89570159475336,100,True,neutral,sensitive,100,-1.0639399098901494,True
D100R,-3.54078816572915,100,True,mild,sensitive,100,-1.9872251267880103,True
D100S,-3.52952500858852,100,True,mild,sensitive,100,-1.980903814179293,True
D100T,-3.23523489300732,100,True,neutral,sensitive,100,-1.8157369968280839,True
D100V,-3.98071256978649,100,True,mild,sensitive,100,-2.2341274515561342,True
D100W,-5.54478180485398,100,True,impactful,sensitive,100,-3.111942654974879,True
D100Y,-5.82288187392866,100,True,impactful,sensitive,100,-3.2680230018241176,True
R101A,-2.59896924685563,101,True,neutral,tolerant,101,-1.3396786635832103,True
R101C,-2.21910104283662,101,True,neutral,tolerant,101,-1.143869756450647,True
R101D,-3.02253163844862,101,True,neutral,tolerant,101,-1.55801041160213,True
R101E,-1.83786583278143,101,True,neutral,tolerant,101,-0.947356205035788,True
R101F,-5.71729069619921,101,True,impactful,tolerant,101,-2.9470654062057653,True
R101G,-3.51562411491911,101,True,mild,tolerant,101,-1.8121825110604568,True
R101H,-2.64673101391229,101,True,neutral,tolerant,101,-1.3642982008625573,True
R101I,-3.14365003003017,101,True,neutral,tolerant,101,-1.6204427490242173,True
R101K,-1.7344200110189798,101,True,neutral,tolerant,101,-0.8940334654844629,True
R101L,-3.19271070206223,101,True,neutral,tolerant,101,-1.6457318268468668,True
R101M,-3.65883826495362,101,True,mild,tolerant,101,-1.8860044469516033,True
R101N,-2.96147340470604,101,True,neutral,tolerant,101,-1.5265370061049413,True
R101P,-4.23155927693475,101,True,mild,tolerant,101,-2.1812222995157216,True
R101Q,-2.02769104516332,101,True,neutral,tolerant,101,-1.0452045297690802,True
R101R,0.0,101,True,neutral,tolerant,101,0.0,True
R101S,-2.74419686345905,101,True,neutral,tolerant,101,-1.4145384717791063,True
R101T,-2.21144992796101,101,True,neutral,tolerant,101,-1.139925871634049,True
R101V,-3.09676732929395,101,True,neutral,tolerant,101,-1.5962763399974624,True
R101W,-5.478739750968161,101,True,impactful,tolerant,101,-2.824100653202131,True
R101Y,-4.6202948191413205,101,True,mild,tolerant,101,-2.3816020124733344,True
A102A,0.0,102,True,neutral,sensitive,102,0.0,True
A102C,-1.90228574676366,102,True,neutral,sensitive,102,-1.1189901420591077,True
A102D,-4.4996597633257585,102,True,mild,sensitive,102,-2.6468551984619895,True
A102E,-4.1600334426548,102,True,mild,sensitive,102,-2.4470752729375707,True
A102F,-4.26201558988323,102,True,mild,sensitive,102,-2.507064692302553,True
A102G,-3.69641804138032,102,True,mild,sensitive,102,-2.1743606901702246,True
A102H,-4.1725972180893,102,True,mild,sensitive,102,-2.454465719342464,True
A102I,-3.3814453015216697,102,True,neutral,sensitive,102,-1.9890828519070722,True
A102K,-3.8474240789623,102,True,mild,sensitive,102,-2.263187654117737,True
A102L,-2.4810845675742,102,True,neutral,sensitive,102,-1.4594595882631312,True
A102M,-3.9733871026309706,102,True,mild,sensitive,102,-2.337283452810967,True
A102N,-3.0364370445821898,102,True,neutral,sensitive,102,-1.7861370856881562,True
A102P,-3.50184631689462,102,True,mild,sensitive,102,-2.0599068853234237,True
A102Q,-3.72209540209785,102,True,mild,sensitive,102,-2.1894650001120377,True
A102R,-3.92485599031686,102,True,mild,sensitive,102,-2.30873577728165,True
A102S,-1.2370898436847,102,True,neutral,sensitive,102,-0.727698949687082,True
A102T,-0.5716359228178199,102,True,neutral,sensitive,102,-0.3362559823455757,True
A102V,-2.59244277141902,102,True,neutral,sensitive,102,-1.5249643277859697,True
A102W,-5.93470513026747,102,True,impactful,sensitive,102,-3.4909984202399507,True
A102Y,-4.82909139449432,102,True,mild,sensitive,102,-2.8406382557062653,True
Q103A,-3.6741728942178,103,True,mild,sensitive,103,-1.8843262473217908,True
Q103C,-5.29472251920779,103,True,mild,sensitive,103,-2.7154368894643452,True
Q103D,-2.06448376385129,103,True,neutral,sensitive,103,-1.0587854887059824,True
Q103E,-1.01159586410813,103,True,neutral,sensitive,103,-0.5188042842025608,True
Q103F,-5.14309705645662,103,True,mild,sensitive,103,-2.6376746699253633,True
Q103G,-3.82273308153492,103,True,mild,sensitive,103,-1.9605164180971613,True
Q103H,-2.47798442087445,103,True,neutral,sensitive,103,-1.2708523031282868,True
Q103I,-4.17393781031836,103,True,mild,sensitive,103,-2.1406343133850085,True
Q103K,-3.77438252667518,103,True,mild,sensitive,103,-1.935719484959322,True
Q103L,-4.5702961545533,103,True,mild,sensitive,103,-2.3439095682218944,True
Q103M,-4.73511254057446,103,True,mild,sensitive,103,-2.4284368485404513,True
Q103N,-2.27285422607591,103,True,neutral,sensitive,103,-1.1656497932558136,True
Q103P,-5.5476941458069895,103,True,impactful,sensitive,103,-2.845175225017017,True
Q103Q,0.0,103,True,neutral,sensitive,103,0.0,True
Q103R,-3.0345192655932496,103,True,neutral,sensitive,103,-1.556275239295271,True
Q103S,-3.14975225955874,103,True,neutral,sensitive,103,-1.615373316968307,True
Q103T,-2.91732153360029,103,True,neutral,sensitive,103,-1.4961695314586958,True
Q103V,-3.62125011896682,103,True,mild,sensitive,103,-1.8571844177569727,True
Q103W,-6.09342144578835,103,True,impactful,sensitive,103,-3.1250554333907856,True
Q103Y,-5.562618810526558,103,True,impactful,sensitive,103,-2.8528294476878715,True
E104A,-3.0803231730024905,104,True,neutral,sensitive,104,-1.392148701268152,True
E104C,-4.63725021173608,104,True,mild,sensitive,104,-2.0958001797685486,True
E104D,-1.75477477646608,104,True,neutral,sensitive,104,-0.7930685479647851,True
E104E,0.0,104,True,neutral,sensitive,104,0.0,True
E104F,-5.675604828362732,104,True,impactful,sensitive,104,-2.5650834172100168,True
E104G,-2.2452452652072,104,True,neutral,sensitive,104,-1.0147361508630066,True
E104H,-2.51472027954577,104,True,neutral,sensitive,104,-1.1365250899339636,True
E104I,-4.209477681346931,104,True,mild,sensitive,104,-1.9024688508226415,True
E104K,-3.6836396154272,104,True,mild,sensitive,104,-1.664816909960228,True
E104L,-3.93020515400548,104,True,mild,sensitive,104,-1.7762519364268348,True
E104M,-5.21535697157638,104,True,mild,sensitive,104,-2.3570748998887554,True
E104N,-1.94957331677655,104,True,neutral,sensitive,104,-0.8811075359771424,True
E104P,-5.50716034747654,104,True,impactful,sensitive,104,-2.4889551176352267,True
E104Q,-1.8332373283625096,104,True,neutral,sensitive,104,-0.8285296127901125,True
E104R,-3.67281784144562,104,True,mild,sensitive,104,-1.6599260210022395,True
E104S,-2.8693867247268905,104,True,neutral,sensitive,104,-1.2968162033371773,True
E104T,-2.69936646973277,104,True,neutral,sensitive,104,-1.219975734371503,True
E104V,-3.59347585069044,104,True,mild,sensitive,104,-1.6240674947430649,True
E104W,-6.487010189864191,104,True,impactful,sensitive,104,-2.9317971861147307,True
E104Y,-6.25991168396425,104,True,impactful,sensitive,104,-2.8291602638529754,True
R105A,-2.32198814361938,105,True,neutral,tolerant,105,-0.8002909231858787,True
R105C,-2.64551406744676,105,True,neutral,tolerant,105,-0.9117966003211619,True
R105D,-3.30016509840716,105,True,neutral,tolerant,105,-1.1374270710759535,True
R105E,-3.2405152751398303,105,True,neutral,tolerant,105,-1.116868304545787,True
R105F,-6.461908061887269,105,True,impactful,tolerant,105,-2.2271458976225205,True
R105G,-5.20645684017493,105,True,mild,tolerant,105,-1.7944450589038103,True
R105H,-2.80734913683117,105,True,neutral,tolerant,105,-0.9675742912785409,True
R105I,-4.9218718781519915,105,True,mild,tolerant,105,-1.6963606812518421,True
R105K,-1.54470358802966,105,True,neutral,tolerant,105,-0.5323938728583946,True
R105L,-3.79922089260226,105,True,mild,tolerant,105,-1.3094304567758965,True
R105M,-3.8725463746222895,105,True,mild,tolerant,105,-1.3347026433975686,True
R105N,-3.12854620403318,105,True,neutral,tolerant,105,-1.0782773102160181,True
R105P,-3.81281707353683,105,True,mild,tolerant,105,-1.314116484231217,True
R105Q,-2.3407913895682,105,True,neutral,tolerant,105,-0.8067716053119366,True
R105R,0.0,105,True,neutral,tolerant,105,0.0,True
R105S,-1.9090709213453096,105,True,neutral,tolerant,105,-0.65797585326568,True
R105T,-3.4462164237217,105,True,neutral,tolerant,105,-1.1877647742591848,True
R105V,-4.0992088471675086,105,True,mild,tolerant,105,-1.412823593284099,True
R105W,-6.461908061887269,105,True,impactful,tolerant,105,-2.2271458976225205,True
R105Y,-5.09290162029884,105,True,mild,tolerant,105,-1.7553073863033133,True
L106A,-3.33252431505418,106,True,neutral,sensitive,106,-1.6125109151035222,True
L106C,-4.460963752048549,106,True,mild,sensitive,106,-2.1585297096151868,True
L106D,-6.252479261460249,106,True,impactful,sensitive,106,-3.025391595799698,True
L106E,-5.3758295999672105,106,True,mild,sensitive,106,-2.6012064993868753,True
L106F,-3.4495392109960497,106,True,neutral,sensitive,106,-1.669130996188482,True
L106G,-4.43115407654048,106,True,mild,sensitive,106,-2.1441056806845307,True
L106H,-5.3678728537451,106,True,mild,sensitive,106,-2.5973564629223542,True
L106I,-2.54766773389963,106,True,neutral,sensitive,106,-1.2327418018864236,True
L106K,-4.47486311884524,106,True,mild,sensitive,106,-2.1652552061318797,True
L106L,0.0,106,True,neutral,sensitive,106,0.0,True
L106M,-2.26573270289748,106,True,neutral,sensitive,106,-1.0963216975266972,True
L106N,-4.78972544457939,106,True,mild,sensitive,106,-2.3176078640577806,True
L106P,-4.69578208036155,106,True,mild,sensitive,106,-2.272151421469049,True
L106Q,-5.66581856027817,106,True,impactful,sensitive,106,-2.7415236642605376,True
L106R,-4.14641485157455,106,True,mild,sensitive,106,-2.0063287089932635,True
L106S,-3.4345683622182404,106,True,neutral,sensitive,106,-1.6618870409220403,True
L106T,-3.35081414023528,106,True,neutral,sensitive,106,-1.6213608258473482,True
L106V,-2.4197606704375403,106,True,neutral,sensitive,106,-1.1708513199416262,True
L106W,-5.70852372914611,106,True,impactful,sensitive,106,-2.7621874447526453,True
L106Y,-3.61524470266819,106,True,mild,sensitive,106,-1.7493110305266795,True
A107A,0.0,107,True,neutral,tolerant,107,0.0,True
A107C,-2.39487080820997,107,True,neutral,tolerant,107,-1.3563228108000667,True
A107D,-2.34215544304421,107,True,neutral,tolerant,107,-1.3264677338544268,True
A107E,-2.5213256197317,107,True,neutral,tolerant,107,-1.42793984534505,True
A107F,-3.93899354486252,107,True,mild,tolerant,107,-2.230828810546362,True
A107G,-1.15537237365064,107,True,neutral,tolerant,107,-0.6543392236351437,True
A107H,-2.04198291879808,107,True,neutral,tolerant,107,-1.1564665628456365,True
A107I,-2.61285006690718,107,True,neutral,tolerant,107,-1.4797742470273496,True
A107K,-2.18562276381144,107,True,neutral,tolerant,107,-1.2378162530516919,True
A107L,-2.31873610172652,107,True,neutral,tolerant,107,-1.3132043099009494,True
A107M,-2.7644381089909102,107,True,neutral,tolerant,107,-1.5656253579172767,True
A107N,-1.8111426363375904,107,True,neutral,tolerant,107,-1.0257313517105056,True
A107P,-4.7009339893130715,107,True,mild,tolerant,107,-2.662349877042579,True
A107Q,-2.30695081309942,107,True,neutral,tolerant,107,-1.3065297720753595,True
A107R,-2.6364613536346404,107,True,neutral,tolerant,107,-1.493146378280113,True
A107S,-0.18057928330877,107,True,neutral,tolerant,107,-0.10227015180525713,True
A107T,-0.163484934814914,107,True,neutral,tolerant,107,-0.09258885512800026,True
A107V,-2.28714427220354,107,True,neutral,tolerant,107,-1.2953124391286168,True
A107W,-4.46882845337533,107,True,mild,tolerant,107,-2.530898096083824,True
A107Y,-4.7775514148342095,107,True,mild,tolerant,107,-2.7057417633952157,True
T108A,-0.935625684504534,108,True,neutral,tolerant,108,-0.49857374333594284,True
T108C,-1.3187451890633402,108,True,neutral,tolerant,108,-0.7027294529283403,True
T108D,-2.35930063567863,108,True,neutral,tolerant,108,-1.257217890729531,True
T108E,-1.92098249796067,108,True,neutral,tolerant,108,-1.023648079304561,True
T108F,-6.138146977007941,108,True,impactful,tolerant,108,-3.2708795474053924,True
T108G,-3.79550159982804,108,True,mild,tolerant,108,-2.0225368668303756,True
T108H,-3.6202974251158,108,True,mild,tolerant,108,-1.9291745290054751,True
T108I,-1.57754597578926,108,True,neutral,tolerant,108,-0.8406385325455359,True
T108K,-3.13620930390939,108,True,neutral,tolerant,108,-1.6712149296790055,True
T108L,-2.4553105868199503,108,True,neutral,tolerant,108,-1.308379419886758,True
T108M,-2.50369455084739,108,True,neutral,tolerant,108,-1.334162138833135,True
T108N,-2.32623203774046,108,True,neutral,tolerant,108,-1.2395963836097952,True
T108P,-4.71749808571858,108,True,mild,tolerant,108,-2.513847918809949,True
T108Q,-2.36030830435215,108,True,neutral,tolerant,108,-1.2577548545505546,True
T108R,-3.4832264636394603,108,True,neutral,tolerant,108,-1.8561325171221594,True
T108S,-0.987588192519402,108,True,neutral,tolerant,108,-0.5262633873497409,True
T108T,0.0,108,True,neutral,tolerant,108,0.0,True
T108V,-1.46480864544614,108,True,neutral,tolerant,108,-0.7805633617440467,True
T108W,-6.138146977007941,108,True,impactful,tolerant,108,-3.2708795474053924,True
T108Y,-6.138146977007941,108,True,impactful,tolerant,108,-3.2708795474053924,True
A109A,0.0,109,True,neutral,sensitive,109,0.0,True
A109C,-2.54646350722471,109,True,neutral,sensitive,109,-1.4498036752380787,True
A109D,-5.68074832650878,109,True,impactful,sensitive,109,-3.2342775690710974,True
A109E,-4.263455952839741,109,True,mild,sensitive,109,-2.4273562499936783,True
A109F,-5.1268217556098215,109,True,mild,sensitive,109,-2.9189049842989765,True
A109G,-2.94569083513035,109,True,neutral,sensitive,109,-1.6770997843756834,True
A109H,-4.85505333869333,109,True,mild,sensitive,109,-2.764176338653243,True
A109I,-3.5782004698017595,109,True,mild,sensitive,109,-2.0372128550591593,True
A109K,-4.66571599848182,109,True,mild,sensitive,109,-2.6563790068165036,True
A109L,-2.10699480247693,109,True,neutral,sensitive,109,-1.1995965383646168,True
A109M,-3.9617908129936703,109,True,mild,sensitive,109,-2.2556062024476606,True
A109N,-3.8817626746253904,109,True,mild,sensitive,109,-2.2100429776853137,True
A109P,-4.00671345007785,109,True,mild,sensitive,109,-2.2811824591508296,True
A109Q,-4.730810538804961,109,True,mild,sensitive,109,-2.6934399360348755,True
A109R,-3.98993787790782,109,True,mild,sensitive,109,-2.271631453955849,True
A109S,-1.10026421084686,109,True,neutral,sensitive,109,-0.6264244871732766,True
A109T,-1.31767730470749,109,True,neutral,sensitive,109,-0.7502064701585947,True
A109V,-3.3877096076804,109,True,neutral,sensitive,109,-1.9287587769939256,True
A109W,-6.2757714340295,109,True,impactful,sensitive,109,-3.573048058295704,True
A109Y,-5.41898762499877,109,True,mild,sensitive,109,-3.0852467166730926,True
L110A,-2.34001186410161,110,True,neutral,tolerant,110,-1.1685651949478797,True
L110C,-3.32773454482878,110,True,neutral,tolerant,110,-1.6618183979189343,True
L110D,-3.8432271027404905,110,True,mild,tolerant,110,-1.919247289913698,True
L110E,-2.14499794485848,110,True,neutral,tolerant,110,-1.0711783047128638,True
L110F,-5.79380392526573,110,True,impactful,tolerant,110,-2.8933347378635115,True
L110G,-5.209900082141231,110,True,mild,tolerant,110,-2.6017423238508752,True
L110H,-3.75692176455984,110,True,mild,tolerant,110,-1.8761477587175883,True
L110I,-1.5255027976253102,110,True,neutral,tolerant,110,-0.7618121520870839,True
L110K,-3.50167609487265,110,True,mild,tolerant,110,-1.748682077738177,True
L110L,0.0,110,True,neutral,tolerant,110,0.0,True
L110M,-1.64738050967929,110,True,neutral,tolerant,110,-0.8226759684339466,True
L110N,-2.59933179163686,110,True,neutral,tolerant,110,-1.2980654963450442,True
L110P,-4.6787930449474295,110,True,mild,tolerant,110,-2.336515805995231,True
L110Q,-2.48304481103102,110,True,neutral,tolerant,110,-1.2399936035284944,True
L110R,-3.8814802403139503,110,True,mild,tolerant,110,-1.9383503063777023,True
L110S,-2.11934797062116,110,True,neutral,tolerant,110,-1.058369110193438,True
L110T,-1.8820859988963496,110,True,neutral,tolerant,110,-0.9398842056954144,True
L110V,-0.6672924800969511,110,True,neutral,tolerant,110,-0.3332353904073572,True
L110W,-5.61478106061978,110,True,impactful,tolerant,110,-2.803933529290819,True
L110Y,-5.4860213068474994,110,True,impactful,tolerant,110,-2.7396329293337702,True
Q111A,-1.63229486568286,111,True,neutral,tolerant,111,-0.8656461689849186,True
Q111C,-3.5575572282688,111,True,mild,tolerant,111,-1.886660217060211,True
Q111D,-1.66981721224011,111,True,neutral,tolerant,111,-0.8855451935003329,True
Q111E,-0.8835768975139621,111,True,neutral,tolerant,111,-0.4685825903254098,True
Q111F,-3.93963254793446,111,True,mild,tolerant,111,-2.089284169193947,True
Q111G,-2.9560516083264603,111,True,neutral,tolerant,111,-1.5676669723512306,True
Q111H,-1.34503146824635,111,True,neutral,tolerant,111,-0.713303314327664,True
Q111I,-2.914678075815,111,True,neutral,tolerant,111,-1.5457255690736214,True
Q111K,-3.01012582227865,111,True,neutral,tolerant,111,-1.596343859801343,True
Q111L,-1.13231610978572,111,True,neutral,tolerant,111,-0.6004951207794561,True
Q111M,-3.01234776898996,111,True,neutral,tolerant,111,-1.5975222128665716,True
Q111N,-2.02059800781511,111,True,neutral,tolerant,111,-1.0715728887574332,True
Q111P,-4.39019290779414,111,True,mild,tolerant,111,-2.328227424857398,True
Q111Q,0.0,111,True,neutral,tolerant,111,0.0,True
Q111R,-2.66898335107389,111,True,neutral,tolerant,111,-1.4154276053396175,True
Q111S,-0.499870209849557,111,True,neutral,tolerant,111,-0.2650934835630538,True
Q111T,-0.30621701363622306,111,True,neutral,tolerant,111,-0.1623944241356824,True
Q111V,-2.53986601551509,111,True,neutral,tolerant,111,-1.3469535022680152,True
Q111W,-5.24731309191421,111,True,mild,tolerant,111,-2.78277936846888,True
Q111Y,-4.39089454185716,111,True,mild,tolerant,111,-2.3285995186815303,True
K112A,-4.49927612614904,112,True,mild,sensitive,112,-2.042797299219653,True
K112C,-5.972429650713661,112,True,impactful,sensitive,112,-2.711650233989906,True
K112D,-3.66052735915018,112,True,mild,sensitive,112,-1.6619818818259242,True
K112E,-3.12856154663329,112,True,neutral,sensitive,112,-1.4204545128407264,True
K112F,-6.157207716108428,112,True,impactful,sensitive,112,-2.795544647748978,True
K112G,-4.59487345783451,112,True,mild,sensitive,112,-2.086201163642357,True
K112H,-4.32373396306217,112,True,mild,sensitive,112,-1.9630962436278596,True
K112I,-5.17243495033619,112,True,mild,sensitive,112,-2.348430247596255,True
K112K,0.0,112,True,neutral,sensitive,112,0.0,True
K112L,-4.66348642055668,112,True,mild,sensitive,112,-2.1173533692439888,True
K112M,-3.79941826135884,112,True,mild,sensitive,112,-1.725042239084076,True
K112N,-3.4935793639719304,112,True,mild,sensitive,112,-1.5861828190215341,True
K112P,-5.88528350544102,112,True,impactful,sensitive,112,-2.6720834447533615,True
K112Q,-3.60724466309898,112,True,mild,sensitive,112,-1.6377900463980117,True
K112R,-1.0518290935767198,112,True,neutral,sensitive,112,-0.4775598499304026,True
K112S,-3.71061456621569,112,True,mild,sensitive,112,-1.6847228758103174,True
K112T,-4.90431144761724,112,True,mild,sensitive,112,-2.226694672393765,True
K112V,-4.96827473640042,112,True,mild,sensitive,112,-2.255735795879405,True
K112W,-7.011212729770969,112,True,impactful,sensitive,112,-3.183286828161244,True
K112Y,-7.011212729770969,112,True,impactful,sensitive,112,-3.183286828161244,True
L113A,-4.57531265320097,113,True,mild,sensitive,113,-2.351304486866992,True
L113C,-4.31577615280463,113,True,mild,sensitive,113,-2.2179257684835108,True
L113D,-6.27288971602147,113,True,impactful,sensitive,113,-3.223708378614104,True
L113E,-2.83676207247183,113,True,neutral,sensitive,113,-1.4578438447284268,True
L113F,-3.65851322776204,113,True,mild,sensitive,113,-1.8801509797763918,True
L113G,-6.6717878978012095,113,True,impactful,sensitive,113,-3.4287066280704757,True
L113H,-5.47458290388584,113,True,impactful,sensitive,113,-2.813449554453144,True
L113I,-2.6422433424397203,113,True,neutral,sensitive,113,-1.3578784877414714,True
L113K,-5.4420516735969615,113,True,impactful,sensitive,113,-2.796731390353904,True
L113L,0.0,113,True,neutral,sensitive,113,0.0,True
L113M,-0.898598966089067,113,True,neutral,sensitive,113,-0.4618000869035813,True
L113N,-4.25751645880377,113,True,mild,sensitive,113,-2.1879854583252785,True
L113P,-5.14243456100821,113,True,mild,sensitive,113,-2.642754795840917,True
L113Q,-5.58412183799036,113,True,impactful,sensitive,113,-2.8697428412226054,True
L113R,-5.6639900617095185,113,True,impactful,sensitive,113,-2.910788017153384,True
L113S,-4.45656431404063,113,True,mild,sensitive,113,-2.2902783835513274,True
L113T,-4.84948757435499,113,True,mild,sensitive,113,-2.4922060538549506,True
L113V,-1.91861312838978,113,True,neutral,sensitive,113,-0.9859968048716102,True
L113W,-4.1053977675934785,113,True,mild,sensitive,113,-2.109809956826194,True
L113Y,-3.6928047740698497,113,True,mild,sensitive,113,-1.8977737900205724,True
E114A,-2.0323158390691103,114,True,neutral,tolerant,114,-1.1704916530693017,True
E114C,-2.65970523208439,114,True,neutral,tolerant,114,-1.5318301978129016,True
E114D,-1.1042345572637902,114,True,neutral,tolerant,114,-0.6359726709112116,True
E114E,0.0,114,True,neutral,tolerant,114,0.0,True
E114F,-4.6414891752203085,114,True,mild,tolerant,114,-2.6732185189755544,True
E114G,-3.3908210361837403,114,True,neutral,tolerant,114,-1.9529089148480048,True
E114H,-2.11030077873476,114,True,neutral,tolerant,114,-1.2154062865081507,True
E114I,-3.98100421079023,114,True,mild,tolerant,114,-2.292818916226165,True
E114K,-3.59059461824013,114,True,mild,tolerant,114,-2.0679664791328283,True
E114L,-3.44374309809587,114,True,neutral,tolerant,114,-1.9833888385589464,True
E114M,-4.56244367606213,114,True,mild,tolerant,114,-2.6276930670754584,True
E114N,-2.6985159535137795,114,True,neutral,tolerant,114,-1.554182838386478,True
E114P,-5.85914918131039,114,True,impactful,tolerant,114,-3.3745174243945013,True
E114Q,-2.1882713690323703,114,True,neutral,tolerant,114,-1.2603126555743103,True
E114R,-3.55671149538936,114,True,mild,tolerant,114,-2.048451838881383,True
E114S,-2.00016340381269,114,True,neutral,tolerant,114,-1.1519737847488298,True
E114T,-2.21006379429656,114,True,neutral,tolerant,114,-1.2728637814286234,True
E114V,-3.18526762323606,114,True,neutral,tolerant,114,-1.8345225157018112,True
E114W,-4.8649331596415095,114,True,mild,tolerant,114,-2.8019088109398975,True
E114Y,-4.71190048584621,114,True,mild,tolerant,114,-2.7137711977398147,True
E115A,-3.27454129545128,115,True,neutral,tolerant,115,-1.7410513374689598,True
E115C,-4.343983937795049,115,True,mild,tolerant,115,-2.3096667173957393,True
E115D,-0.99270587222349,115,True,neutral,tolerant,115,-0.5278149611210828,True
E115E,0.0,115,True,neutral,tolerant,115,0.0,True
E115F,-4.52704102650114,115,True,mild,tolerant,115,-2.406996926536067,True
E115G,-3.8563558861552,115,True,mild,tolerant,115,-2.0503981985731845,True
E115H,-2.05224067274726,115,True,neutral,tolerant,115,-1.0911624089328809,True
E115I,-3.3927838056374298,115,True,neutral,tolerant,115,-1.8039200759976983,True
E115K,-2.65169982378388,115,True,neutral,tolerant,115,-1.4098907627698352,True
E115L,-2.7498475621059,115,True,neutral,tolerant,115,-1.4620752477578483,True
E115M,-3.36485050672146,115,True,neutral,tolerant,115,-1.7890681309313385,True
E115N,-2.70098116169401,115,True,neutral,tolerant,115,-1.4360933149868065,True
E115P,-6.92212819479085,115,True,impactful,tolerant,115,-3.680448485537054,True
E115Q,-0.696989803471686,115,True,neutral,tolerant,115,-0.37058473845551826,True
E115R,-3.15600208108214,115,True,neutral,tolerant,115,-1.678024843343935,True
E115S,-3.18882751075817,115,True,neutral,tolerant,115,-1.695477901065282,True
E115T,-3.3472242627413,115,True,neutral,tolerant,115,-1.7796963768786895,True
E115V,-2.65445718793681,115,True,neutral,tolerant,115,-1.4113568345378158,True
E115W,-5.6581875235891,115,True,impactful,tolerant,115,-3.008419826398111,True
E115Y,-4.36194858333257,115,True,mild,tolerant,115,-2.319218397255054,True
A116A,0.0,116,True,neutral,sensitive,116,0.0,True
A116C,-2.67879198477034,116,True,neutral,sensitive,116,-1.494410844181475,True
A116D,-4.20560808579335,116,True,mild,sensitive,116,-2.346171843696068,True
A116E,-3.4305141682408498,116,True,neutral,sensitive,116,-1.9137721791327653,True
A116F,-4.2368354716170495,116,True,mild,sensitive,116,-2.363592585685624,True
A116G,-3.21894839091937,116,True,neutral,sensitive,116,-1.795746519176937,True
A116H,-4.07217428849863,116,True,mild,sensitive,116,-2.271733471925802,True
A116I,-3.25359494343502,116,True,neutral,sensitive,116,-1.815074702958004,True
A116K,-4.15997966358566,116,True,mild,sensitive,116,-2.320717232312382,True
A116L,-2.7506692995040094,116,True,neutral,sensitive,116,-1.534508858211426,True
A116M,-3.46046053239959,116,True,neutral,sensitive,116,-1.9304782808372118,True
A116N,-4.35809097954243,116,True,mild,sensitive,116,-2.4312370862629833,True
A116P,-5.18320317696917,116,True,mild,sensitive,116,-2.8915403208967985,True
A116Q,-4.04811518298699,116,True,mild,sensitive,116,-2.2583116801695517,True
A116R,-4.64075148877295,116,True,mild,sensitive,116,-2.588924182766731,True
A116S,-1.08612517209869,116,True,neutral,sensitive,116,-0.6059138763108952,True
A116T,-0.523055429507756,116,True,neutral,sensitive,116,-0.2917955968243661,True
A116V,-2.6198986954708503,116,True,neutral,sensitive,116,-1.4615561952654565,True
A116W,-5.9929156018719185,116,True,impactful,sensitive,116,-3.3432525237563597,True
A116Y,-4.19256002636301,116,True,mild,sensitive,116,-2.3388927561002104,True
E117A,-2.1009107352481697,117,True,neutral,tolerant,117,-1.1259401955969863,True
E117C,-1.87413814333435,117,True,neutral,tolerant,117,-1.0044060569914637,True
E117D,-1.96829130853716,117,True,neutral,tolerant,117,-1.0548655227202657,True
E117E,0.0,117,True,neutral,tolerant,117,0.0,True
E117F,-5.59916049278998,117,True,impactful,tolerant,117,-3.000755698307273,True
E117G,-3.0134873115275003,117,True,neutral,tolerant,117,-1.615016971470476,True
E117H,-3.15796487256104,117,True,neutral,tolerant,117,-1.692446769224479,True
E117I,-3.73230710010628,117,True,mild,tolerant,117,-2.000253754629553,True
E117K,-3.5347703517397795,117,True,mild,tolerant,117,-1.8943879692052625,True
E117L,-3.822964134809,117,True,mild,tolerant,117,-2.048839540628388,True
E117M,-3.81903580602734,117,True,mild,tolerant,117,-2.046734233057446,True
E117N,-2.61045795188282,117,True,neutral,tolerant,117,-1.3990216183999153,True
E117P,-4.3091207617838,117,True,mild,tolerant,117,-2.3093852546765947,True
E117Q,-1.2672952147271002,117,True,neutral,tolerant,117,-0.67918098470776,True
E117R,-3.48225190055069,117,True,neutral,tolerant,117,-1.8662417780262692,True
E117S,-1.7874811872072398,117,True,neutral,tolerant,117,-0.9579640314000848,True
E117T,-0.968995987157325,117,True,neutral,tolerant,117,-0.519313606717201,True
E117V,-3.8571006491472297,117,True,mild,tolerant,117,-2.0671343082194755,True
E117W,-6.62310013962304,117,True,impactful,tolerant,117,-3.5495152371548575,True
E117Y,-6.62310013962304,117,True,impactful,tolerant,117,-3.5495152371548575,True
K118A,-2.2212470360572403,118,True,neutral,sensitive,118,-1.1805081994542008,True
K118C,-4.26478295307178,118,True,mild,sensitive,118,-2.266569707586544,True
K118D,-3.404396695656,118,True,neutral,sensitive,118,-1.8093071811365742,True
K118E,-1.92562811547178,118,True,neutral,sensitive,118,-1.02339800234421,True
K118F,-4.90414963072965,118,True,mild,sensitive,118,-2.606368745325567,True
K118G,-4.81403434862151,118,True,mild,sensitive,118,-2.5584759050885717,True
K118H,-2.04874682054746,118,True,neutral,sensitive,118,-1.088830904893406,True
K118I,-3.6634550634116696,118,True,mild,sensitive,118,-1.9469868368923011,True
K118K,0.0,118,True,neutral,sensitive,118,0.0,True
K118L,-3.5510085576779,118,True,mild,sensitive,118,-1.887225801823319,True
K118M,-3.86021692874627,118,True,mild,sensitive,118,-2.05155827428618,True
K118N,-2.7609189093788795,118,True,neutral,sensitive,118,-1.467323245745426,True
K118P,-5.44257660733361,118,True,impactful,sensitive,118,-2.892522176425488,True
K118Q,-2.03625263418839,118,True,neutral,sensitive,118,-1.0821907207072419,True
K118R,-0.9887806791046032,118,True,neutral,sensitive,118,-0.5254992714438438,True
K118S,-3.12756685355675,118,True,neutral,sensitive,118,-1.662182663625972,True
K118T,-2.3963049037421498,118,True,neutral,sensitive,118,-1.2735447887332687,True
K118V,-3.56774143642988,118,True,mild,sensitive,118,-1.89611868957805,True
K118W,-6.38647334745772,118,True,impactful,sensitive,118,-3.3941673437871827,True
K118Y,-6.159852766118339,118,True,impactful,sensitive,118,-3.273727136059958,True
A119A,0.0,119,True,neutral,tolerant,119,0.0,True
A119C,-3.31473806413342,119,True,neutral,tolerant,119,-1.7976197555511382,True
A119D,-3.2229240352737896,119,True,neutral,tolerant,119,-1.7478279744446084,True
A119E,-2.18658808125735,119,True,neutral,tolerant,119,-1.1858113238725758,True
A119F,-5.473293232322612,119,True,impactful,tolerant,119,-2.9682285151902885,True
A119G,-4.39123937504504,119,True,mild,tolerant,119,-2.3814185311799854,True
A119H,-3.67661677634354,119,True,mild,tolerant,119,-1.99387065369032,True
A119I,-3.3513478397471803,119,True,neutral,tolerant,119,-1.817473648865268,True
A119K,-3.3274732540301297,119,True,neutral,tolerant,119,-1.8045261923512979,True
A119L,-2.84023944465844,119,True,neutral,tolerant,119,-1.5402938143012495,True
A119M,-1.56309802319139,119,True,neutral,tolerant,119,-0.8476856487561896,True
A119N,-2.18265370128703,119,True,neutral,tolerant,119,-1.1836776653379788,True
A119P,-4.935933287015058,119,True,mild,tolerant,119,-2.6768121695131306,True
A119Q,-1.5102383859443995,119,True,neutral,tolerant,119,-0.8190192726058018,True
A119R,-3.0076995863730698,119,True,neutral,tolerant,119,-1.6311093337146396,True
A119S,-0.411092453238511,119,True,neutral,tolerant,119,-0.22294006374006667,True
A119T,-0.598647835076219,119,True,neutral,tolerant,119,-0.3246534580198478,True
A119V,-2.87669616644427,119,True,neutral,tolerant,119,-1.5600647048020566,True
A119W,-6.50992363385086,119,True,impactful,tolerant,119,-3.530404847961626,True
A119Y,-6.50992363385086,119,True,impactful,tolerant,119,-3.530404847961626,True
A120A,0.0,120,True,neutral,sensitive,120,0.0,True
A120C,-1.78049567967851,120,True,neutral,sensitive,120,-1.0096431795086003,True
A120D,-5.2633283421482,120,True,mild,sensitive,120,-2.984609074212278,True
A120E,-4.996678884470058,120,True,mild,sensitive,120,-2.8334035367110504,True
A120F,-4.29174755711875,120,True,mild,sensitive,120,-2.433667039282029,True
A120G,-2.82694284905654,120,True,neutral,sensitive,120,-1.6030387486960411,True
A120H,-4.0547486505664505,120,True,mild,sensitive,120,-2.299275065023079,True
A120I,-4.5338619734493,120,True,mild,sensitive,120,-2.570959801010596,True
A120K,-4.6178350442872,120,True,mild,sensitive,120,-2.618577348866251,True
A120L,-3.6970755420632,120,True,mild,sensitive,120,-2.0964538963925823,True
A120M,-4.4684767036474415,120,True,mild,sensitive,120,-2.5338826025375867,True
A120N,-4.33138340435686,120,True,mild,sensitive,120,-2.4561428381759796,True
A120P,-5.45144879718179,120,True,impactful,sensitive,120,-3.091284162794921,True
A120Q,-4.63202270230084,120,True,mild,sensitive,120,-2.6266225647632413,True
A120R,-4.32217153270816,120,True,mild,sensitive,120,-2.450919178558733,True
A120S,-2.07229879162665,120,True,neutral,sensitive,120,-1.1751122817930948,True
A120T,-2.38248609407636,120,True,neutral,sensitive,120,-1.3510062746081009,True
A120V,-1.8381574416001103,120,True,neutral,sensitive,120,-1.0423407059935308,True
A120W,-4.88215179010861,120,True,mild,sensitive,120,-2.7684601049404924,True
A120Y,-4.2827468263436,120,True,mild,sensitive,120,-2.4285631086511135,True
D121A,-3.56950493141728,121,True,mild,sensitive,121,-1.9417051940758034,True
D121C,-4.756942015957089,121,True,mild,sensitive,121,-2.587635876058,True
D121D,0.0,121,True,neutral,sensitive,121,0.0,True
D121E,-1.9691551230988704,121,True,neutral,sensitive,121,-1.0711621930562563,True
D121F,-6.16039980609419,121,True,impactful,sensitive,121,-3.3510754378835523,True
D121G,-3.59357481668235,121,True,mild,sensitive,121,-1.954798500329183,True
D121H,-2.51694142968958,121,True,neutral,sensitive,121,-1.369141755260828,True
D121I,-6.19660952369462,121,True,impactful,sensitive,121,-3.3707724541621813,True
D121K,-5.03705771284986,121,True,mild,sensitive,121,-2.7400105369841294,True
D121L,-4.96565974251489,121,True,mild,sensitive,121,-2.7011721511268405,True
D121M,-5.13304470723891,121,True,mild,sensitive,121,-2.7922246252540517,True
D121N,-2.4876835343863903,121,True,neutral,sensitive,121,-1.3532263248665708,True
D121P,-4.9392902188051,121,True,mild,sensitive,121,-2.686827909520127,True
D121Q,-2.98122119890858,121,True,neutral,sensitive,121,-1.6216962289813355,True
D121R,-2.72614282921795,121,True,neutral,sensitive,121,-1.4829411341318015,True
D121S,-2.72497140662767,121,True,neutral,sensitive,121,-1.4823039148614245,True
D121T,-3.99109812830008,121,True,mild,sensitive,121,-2.171039433950162,True
D121V,-4.637601954535019,121,True,mild,sensitive,121,-2.5227184094689976,True
D121W,-6.88369145369953,121,True,impactful,sensitive,121,-3.7445247189381403,True
D121Y,-4.71596464663475,121,True,mild,sensitive,121,-2.5653453981397756,True
E122A,-3.7692967833029503,122,True,mild,sensitive,122,-1.690812858362144,True
E122C,-3.3295917746912798,122,True,neutral,sensitive,122,-1.4935721195218945,True
E122D,-1.4520295244410402,122,True,neutral,sensitive,122,-0.6513443572609906,True
E122E,0.0,122,True,neutral,sensitive,122,0.0,True
E122F,-5.64195567348803,122,True,impactful,sensitive,122,-2.5308410951614078,True
E122G,-2.47233055061829,122,True,neutral,sensitive,122,-1.1090260399829557,True
E122H,-2.70568372567082,122,True,neutral,sensitive,122,-1.2137024747668224,True
E122I,-4.29891428903236,122,True,mild,sensitive,122,-1.9283861088070928,True
E122K,-3.5152606460773903,122,True,mild,sensitive,122,-1.5768585607827315,True
E122L,-3.74043087835002,122,True,mild,sensitive,122,-1.6778643308068515,True
E122M,-5.1026262293049,122,True,mild,sensitive,122,-2.2889113104976855,True
E122N,-2.62693443504326,122,True,neutral,sensitive,122,-1.178377500153574,True
E122P,-4.67241703404105,122,True,mild,sensitive,122,-2.095930157525077,True
E122Q,-2.60556925094026,122,True,neutral,sensitive,122,-1.1687936095555587,True
E122R,-3.95816616934116,122,True,mild,sensitive,122,-1.7755349709532717,True
E122S,-3.52308422902505,122,True,mild,sensitive,122,-1.5803680256529329,True
E122T,-3.65669870441074,122,True,mild,sensitive,122,-1.6403041585799536,True
E122V,-2.47846193506092,122,True,neutral,sensitive,122,-1.1117764266601429,True
E122W,-6.651899003871652,122,True,impactful,sensitive,122,-2.9838765729709746,True
E122Y,-6.651899003871652,122,True,impactful,sensitive,122,-2.9838765729709746,True
S123A,-2.0809574917193,123,True,neutral,sensitive,123,-1.0497107450060008,True
S123C,-2.53460939851115,123,True,neutral,sensitive,123,-1.278549288295236,True
S123D,-3.88670762367286,123,True,mild,sensitive,123,-1.9605968749968488,True
S123E,-4.30130419380794,123,True,mild,sensitive,123,-2.1697344841240094,True
S123F,-3.85706663651421,123,True,mild,sensitive,123,-1.9456448815818785,True
S123G,-4.33346884911945,123,True,mild,sensitive,123,-2.1859595076645,True
S123H,-3.2563196204418,123,True,neutral,sensitive,123,-1.6426062081294541,True
S123I,-3.1343612719036003,123,True,neutral,sensitive,123,-1.581085975537887,True
S123K,-4.62173786900567,123,True,mild,sensitive,123,-2.331372899735716,True
S123L,-2.9362415183399504,123,True,neutral,sensitive,123,-1.4811471565368899,True
S123M,-3.81138969693282,123,True,mild,sensitive,123,-1.9226037697531309,True
S123N,-3.20736376318769,123,True,neutral,sensitive,123,-1.6179110908120113,True
S123P,-5.44538757128237,123,True,impactful,sensitive,123,-2.7468518059802225,True
S123Q,-3.5580056650704,123,True,mild,sensitive,123,-1.7947876361140094,True
S123R,-3.77169975699669,123,True,mild,sensitive,123,-1.9025827185853934,True
S123S,0.0,123,True,neutral,sensitive,123,0.0,True
S123T,-2.04716695488534,123,True,neutral,sensitive,123,-1.0326655676127694,True
S123V,-3.36518580892645,123,True,neutral,sensitive,123,-1.697522278387943,True
S123W,-4.1517629459998,123,True,mild,sensitive,123,-2.0943004326018344,True
S123Y,-4.97243346974904,123,True,mild,sensitive,123,-2.5082765326986847,True
E124A,-3.80595515680124,124,True,mild,tolerant,124,-2.404812190761208,True
E124C,-4.87625762823717,124,True,mild,tolerant,124,-3.0810882699765543,True
E124D,-1.9556478185076,124,True,neutral,tolerant,124,-1.235686055411988,True
E124E,0.0,124,True,neutral,tolerant,124,0.0,True
E124F,-4.14258524852141,124,True,mild,tolerant,124,-2.6175136323163177,True
E124G,-4.00646622089606,124,True,mild,tolerant,124,-2.5315061299832844,True
E124H,-1.9176837805571896,124,True,neutral,tolerant,124,-1.2116982842711426,True
E124I,-3.2383584403682595,124,True,neutral,tolerant,124,-2.046173308567634,True
E124K,-3.09711439195315,124,True,neutral,tolerant,124,-1.956927535691372,True
E124L,-3.1354118298276603,124,True,neutral,tolerant,124,-1.9811259672758754,True
E124M,-3.3849767288558,124,True,neutral,tolerant,124,-2.138814822462853,True
E124N,-2.0442731408631,124,True,neutral,tolerant,124,-1.2916844176706155,True
E124P,-4.33463343113505,124,True,mild,tolerant,124,-2.738860256681428,True
E124Q,-1.86976091164302,124,True,neutral,tolerant,124,-1.1814179749576967,True
E124R,-3.70782951451671,124,True,mild,tolerant,124,-2.3428110028674336,True
E124S,-3.32175132042838,124,True,neutral,tolerant,124,-2.098865525456447,True
E124T,-3.97486318427752,124,True,mild,tolerant,124,-2.5115375899994308,True
E124V,-1.7341814472751498,124,True,neutral,tolerant,124,-1.0957513984227394,True
E124W,-6.274767050239348,124,True,impactful,tolerant,124,-3.9647435860186517,True
E124Y,-5.8397547014539,124,True,impactful,tolerant,124,-3.689878813210835,True
R125A,-4.1945945323260405,125,True,mild,sensitive,125,-1.6037460709493656,True
R125C,-4.78644712128219,125,True,mild,sensitive,125,-1.8300328447494743,True
R125D,-4.1877376701098505,125,True,mild,sensitive,125,-1.6011244431010698,True
R125E,-3.80891916417098,125,True,mild,sensitive,125,-1.456288348498744,True
R125F,-5.0642958685442805,125,True,mild,sensitive,125,-1.9362645277657302,True
R125G,-4.3014621177224495,125,True,mild,sensitive,125,-1.6446054362278246,True
R125H,-4.67957088204413,125,True,mild,sensitive,125,-1.7891701707925627,True
R125I,-4.4341309758493885,125,True,mild,sensitive,125,-1.6953295666100838,True
R125K,-2.29790245983518,125,True,neutral,sensitive,125,-0.8785716981664873,True
R125L,-4.71176293226532,125,True,mild,sensitive,125,-1.8014783625999382,True
R125M,-4.87228618116076,125,True,mild,sensitive,125,-1.8628522397954848,True
R125N,-4.629048517700281,125,True,mild,sensitive,125,-1.769853633118398,True
R125P,-5.32164864372624,125,True,mild,sensitive,125,-2.034659855100769,True
R125Q,-4.40340097591485,125,True,mild,sensitive,125,-1.6835803698103726,True
R125R,0.0,125,True,neutral,sensitive,125,0.0,True
R125S,-2.3126829111846603,125,True,neutral,sensitive,125,-0.8842228023664069,True
R125T,-3.632495830618201,125,True,mild,sensitive,125,-1.3888352905622572,True
R125V,-4.712538463501518,125,True,mild,sensitive,125,-1.8017748764020154,True
R125W,-6.34012609571918,125,True,impactful,sensitive,125,-2.42406083281063,True
R125Y,-5.4187965811507794,125,True,mild,sensitive,125,-2.071803045400748,True
G126A,-0.7856965452752109,126,True,neutral,tolerant,126,-0.5422848572670164,True
G126C,-2.17358489348173,126,True,neutral,tolerant,126,-1.5002002755486359,True
G126D,-2.6371460049703703,126,True,neutral,tolerant,126,-1.820148444711202,True
G126E,-2.7547468280854,126,True,neutral,tolerant,126,-1.9013160990186029,True
G126F,-3.73795594198069,126,True,mild,tolerant,126,-2.5799234025616986,True
G126G,0.0,126,True,neutral,tolerant,126,0.0,True
G126H,-3.32866027536188,126,True,neutral,tolerant,126,-2.297429043273605,True
G126I,-2.02727038441048,126,True,neutral,tolerant,126,-1.3992145411134618,True
G126K,-3.12147179381659,126,True,neutral,tolerant,126,-2.1544283175891077,True
G126L,-2.478081560611741,126,True,neutral,tolerant,126,-1.710362751972713,True
G126M,-1.9440884591133896,126,True,neutral,tolerant,126,-1.3418026831153742,True
G126N,-2.3005547081817403,126,True,neutral,tolerant,126,-1.5878343732876006,True
G126P,-5.27192018057658,126,True,mild,tolerant,126,-3.638659861544478,True
G126Q,-2.2666880331726,126,True,neutral,tolerant,126,-1.5644597191238774,True
G126R,-2.96594786628768,126,True,neutral,tolerant,126,-2.0470862765062123,True
G126S,-2.26276599434888,126,True,neutral,tolerant,126,-1.5617527423953852,True
G126T,-2.38092836047891,126,True,neutral,tolerant,126,-1.6433079716203165,True
G126V,-1.95598473620656,126,True,neutral,tolerant,126,-1.3500134496820253,True
G126W,-3.80654535047444,126,True,mild,tolerant,126,-2.6272635592910807,True
G126Y,-4.818597521801982,126,True,mild,tolerant,126,-3.3257782346774807,True
M127A,-3.0083820982412304,127,True,neutral,tolerant,127,-1.4155698052780066,True
M127C,-2.6476226140434,127,True,neutral,tolerant,127,-1.2458173549171723,True
M127D,-5.15596812912634,127,True,mild,tolerant,127,-2.4260990001349665,True
M127E,-3.3916455138704102,127,True,neutral,tolerant,127,-1.5959112981188133,True
M127F,-4.70068789697658,127,True,mild,tolerant,127,-2.2118705781709016,True
M127G,-5.20494593624955,127,True,mild,tolerant,127,-2.449145110179591,True
M127H,-4.60822252587287,127,True,mild,tolerant,127,-2.1683617474792283,True
M127I,-0.512493819727225,127,True,neutral,tolerant,127,-0.2411498117282298,True
M127K,-2.22188226983126,127,True,neutral,tolerant,127,-1.0454886877217044,True
M127L,-0.8552204090749829,127,True,neutral,tolerant,127,-0.4024170296226033,True
M127M,0.0,127,True,neutral,tolerant,127,0.0,True
M127N,-5.13119833033342,127,True,mild,tolerant,127,-2.4144437721389718,True
M127P,-5.2412685858005705,127,True,mild,tolerant,127,-2.4662364384328,True
M127Q,-4.15077022987279,127,True,mild,tolerant,127,-1.95311127848083,True
M127R,-1.2896077303955802,127,True,neutral,tolerant,127,-0.6068144617893885,True
M127S,-2.99460744654378,127,True,neutral,tolerant,127,-1.4090882546024683,True
M127T,-1.54375837679946,127,True,neutral,tolerant,127,-0.7264029878783943,True
M127V,-1.99735208425048,127,True,neutral,tolerant,127,-0.9398378293192977,True
M127W,-4.6301896504684406,127,True,mild,tolerant,127,-2.178698199854892,True
M127Y,-4.64640647882777,127,True,mild,tolerant,127,-2.18632889695825,True
K128A,-4.547322062088571,128,True,mild,sensitive,128,-2.385506672652362,True
K128C,-5.84168406984242,128,True,impactful,sensitive,128,-3.0645237214044223,True
K128D,-4.20881007796605,128,True,mild,sensitive,128,-2.2079246615541264,True
K128E,-2.02851941748214,128,True,neutral,sensitive,128,-1.0641530421502559,True
K128F,-6.16103403311216,128,True,impactful,sensitive,128,-3.2320534142411232,True
K128G,-5.43195058119475,128,True,impactful,sensitive,128,-2.8495791984890557,True
K128H,-3.79334700302004,128,True,mild,sensitive,128,-1.9899744209527006,True
K128I,-4.44248718499224,128,True,mild,sensitive,128,-2.330510722195067,True
K128K,0.0,128,True,neutral,sensitive,128,0.0,True
K128L,-4.8717902067178205,128,True,mild,sensitive,128,-2.5557213426290692,True
K128M,-6.13529535320997,128,True,impactful,sensitive,128,-3.2185510073709716,True
K128N,-3.04292178187488,128,True,neutral,sensitive,128,-1.5963043998004722,True
K128P,-5.9025389252849605,128,True,impactful,sensitive,128,-3.096447931244708,True
K128Q,-3.33344810984992,128,True,neutral,sensitive,128,-1.7487133307059135,True
K128R,-1.85949968200578,128,True,neutral,sensitive,128,-0.9754859758453884,True
K128S,-4.36933280553972,128,True,mild,sensitive,128,-2.2921342320465823,True
K128T,-4.1065424269743405,128,True,mild,sensitive,128,-2.154275467477656,True
K128V,-4.75608685959076,128,True,mild,sensitive,128,-2.495023836965034,True
K128W,-5.437497927273389,128,True,impactful,sensitive,128,-2.852489313696517,True
K128Y,-6.12964257118351,128,True,impactful,sensitive,128,-3.2155855808937943,True
V129A,-2.3140676837208902,129,True,neutral,tolerant,129,-1.3040648027976809,True
V129C,-2.34642743202266,129,True,neutral,tolerant,129,-1.3223007468388146,True
V129D,-3.2625731681970604,129,True,neutral,tolerant,129,-1.8385835752032702,True
V129E,-3.43096737548842,129,True,neutral,tolerant,129,-1.9334800902311189,True
V129F,-3.42896257302704,129,True,neutral,tolerant,129,-1.9323503080968971,True
V129G,-3.4294234827764,129,True,neutral,tolerant,129,-1.9326100482011452,True
V129H,-3.45025090962129,129,True,neutral,tolerant,129,-1.9443470922264057,True
V129I,-1.7500276120383302,129,True,neutral,tolerant,129,-0.9862068550707619,True
V129K,-3.5819448329362102,129,True,mild,tolerant,129,-2.018561606929442,True
V129L,-2.22683003626594,129,True,neutral,tolerant,129,-1.2549030836633694,True
V129M,-1.63323804990168,129,True,neutral,tolerant,129,-0.9203915125084101,True
V129N,-3.5298677348712904,129,True,mild,tolerant,129,-1.9892141893512718,True
V129P,-5.52611392925297,129,True,impactful,tolerant,129,-3.1141745429854026,True
V129Q,-3.28475688072667,129,True,neutral,tolerant,129,-1.8510849375915688,True
V129R,-3.3685675183836,129,True,neutral,tolerant,129,-1.8983154068804762,True
V129S,-2.40884436741693,129,True,neutral,tolerant,129,-1.3574750544525334,True
V129T,-2.39930576569284,129,True,neutral,tolerant,129,-1.3520996910334782,True
V129V,0.0,129,True,neutral,tolerant,129,0.0,True
V129W,-5.3458960660981205,129,True,mild,tolerant,129,-3.012614949967036,True
V129Y,-3.74688031914479,129,True,mild,tolerant,129,-2.1115090016016165,True
I130A,-3.50345183015716,130,True,mild,sensitive,130,-1.403599701291723,True
I130C,-3.950087608786201,130,True,mild,sensitive,130,-1.5825368969093936,True
I130D,-3.4872704897312,130,True,neutral,sensitive,130,-1.3971169164014399,True
I130E,-4.7500123802157015,130,True,mild,sensitive,130,-1.9030134510808063,True
I130F,-2.8610735107657304,130,True,neutral,sensitive,130,-1.146241512589684,True
I130G,-4.53071590204663,130,True,mild,sensitive,130,-1.8151559647574886,True
I130H,-3.807667687133221,130,True,mild,sensitive,130,-1.5254787242325492,True
I130I,0.0,130,True,neutral,sensitive,130,0.0,True
I130K,-4.13278130528302,130,True,mild,sensitive,130,-1.6557300875859478,True
I130L,-1.64789736955652,130,True,neutral,sensitive,130,-0.6602026709084765,True
I130M,-1.6353365351372298,130,True,neutral,sensitive,130,-0.6551703815282912,True
I130N,-4.903369205550612,130,True,mild,sensitive,130,-1.9644533122994694,True
I130P,-5.92558096512957,130,True,impactful,sensitive,130,-2.3739854508753693,True
I130Q,-4.88117546927863,130,True,mild,sensitive,130,-1.9555617610203118,True
I130R,-4.11989188440871,130,True,mild,sensitive,130,-1.6505661555080822,True
I130S,-4.04032259832053,130,True,mild,sensitive,130,-1.618688044547911,True
I130T,-3.0851258442899705,130,True,neutral,sensitive,130,-1.2360043532548088,True
I130V,-0.261556183434552,130,True,neutral,sensitive,130,-0.10478813431360115,True
I130W,-3.5105063463657795,130,True,mild,sensitive,130,-1.4064259758698243,True
I130Y,-3.4670975829252004,130,True,neutral,sensitive,130,-1.3890349768344796,True
E131A,-3.88144253495986,131,True,mild,sensitive,131,-2.156844970614515,True
E131C,-6.04172156686041,131,True,impactful,sensitive,131,-3.35727159631152,True
E131D,-2.7759285128933,131,True,neutral,sensitive,131,-1.5425315196328833,True
E131E,0.0,131,True,neutral,sensitive,131,0.0,True
E131F,-6.75141120155292,131,True,impactful,sensitive,131,-3.751632843578993,True
E131G,-4.95903935022834,131,True,mild,sensitive,131,-2.755645352283975,True
E131H,-3.6675956347904495,131,True,mild,sensitive,131,-2.038014250603181,True
E131I,-5.7020258498952,131,True,impactful,sensitive,131,-3.1685090442251265,True
E131K,-4.4475351792606,131,True,mild,sensitive,131,-2.4714120579189647,True
E131L,-4.52674813094475,131,True,mild,sensitive,131,-2.515429212600157,True
E131M,-4.749102669283071,131,True,mild,sensitive,131,-2.638987467910842,True
E131N,-3.2739919274224705,131,True,neutral,sensitive,131,-1.819296037205586,True
E131P,-6.143650629884468,131,True,impactful,sensitive,131,-3.4139116689038,True
E131Q,-2.1454925010442,131,True,neutral,sensitive,131,-1.1922100272485923,True
E131R,-3.74300001106121,131,True,mild,sensitive,131,-2.0799150512094164,True
E131S,-4.14838436017172,131,True,mild,sensitive,131,-2.305179546733858,True
E131T,-4.540583529179259,131,True,mild,sensitive,131,-2.523117284452253,True
E131V,-4.50289278744333,131,True,mild,sensitive,131,-2.502173244699076,True
E131W,-6.75141120155292,131,True,impactful,sensitive,131,-3.751632843578993,True
E131Y,-5.73488244276412,131,True,impactful,sensitive,131,-3.1867668379300618,True
S132A,-1.8161586877507,132,True,neutral,tolerant,132,-1.2144620059827516,True
S132C,-1.79167164491765,132,True,neutral,tolerant,132,-1.1980875650486047,True
S132D,-1.65743727338358,132,True,neutral,tolerant,132,-1.1083252853399945,True
S132E,-2.0769422256327097,132,True,neutral,tolerant,132,-1.3888474826922286,True
S132F,-4.97673747099786,132,True,mild,tolerant,132,-3.3279352806791964,True
S132G,-2.93852243640975,132,True,neutral,tolerant,132,-1.9649846000887439,True
S132H,-1.2001554531139,132,True,neutral,tolerant,132,-0.802541765160952,True
S132I,-3.0964608998867,132,True,neutral,tolerant,132,-2.0705977628975543,True
S132K,-3.321162041137,132,True,neutral,tolerant,132,-2.220855006711104,True
S132L,-3.43754957621888,132,True,neutral,tolerant,132,-2.2986831393959117,True
S132M,-3.35595903271572,132,True,neutral,tolerant,132,-2.2441236915897336,True
S132N,0.25512843097374,132,True,neutral,tolerant,132,0.17060391702188735,True
S132P,-4.57219925729905,132,True,mild,tolerant,132,-3.0574213141304893,True
S132Q,-1.80873510995423,132,True,neutral,tolerant,132,-1.2094978730338648,True
S132R,-3.4394965159672704,132,True,neutral,tolerant,132,-2.2999850544588987,True
S132S,0.0,132,True,neutral,tolerant,132,0.0,True
S132T,-0.400364130852089,132,True,neutral,tolerant,132,-0.2677227649530767,True
S132V,-3.76693433849972,132,True,mild,tolerant,132,-2.518942129889286,True
S132W,-5.6530750803984,132,True,impactful,tolerant,132,-3.7802010079937185,True
S132Y,-5.6530750803984,132,True,impactful,tolerant,132,-3.7802010079937185,True
R133A,-3.25300083063546,133,True,neutral,sensitive,133,-1.3903566489262,True
R133C,-4.99004487358676,133,True,mild,sensitive,133,-2.1327821386003625,True
R133D,-3.39559753140837,133,True,neutral,sensitive,133,-1.4513035350036396,True
R133E,-3.44825191524427,133,True,neutral,sensitive,133,-1.473808408648893,True
R133F,-4.84793086864449,133,True,mild,sensitive,133,-2.0720415602961086,True
R133G,-3.930764889607661,133,True,mild,sensitive,133,-1.6800380277075044,True
R133H,-3.56368844124848,133,True,mild,sensitive,133,-1.5231468348636636,True
R133I,-4.25521239704896,133,True,mild,sensitive,133,-1.8187092954644275,True
R133K,-0.735892660586217,133,True,neutral,sensitive,133,-0.3145259736506644,True
R133L,-3.1570010577700494,133,True,neutral,sensitive,133,-1.3493256349646219,True
R133M,-5.001583265474831,133,True,mild,sensitive,133,-2.1377137327544165,True
R133N,-3.5379808240895096,133,True,mild,sensitive,133,-1.5121592088820124,True
R133P,-4.4095911365071,133,True,mild,sensitive,133,-1.884691912141639,True
R133Q,-2.37397117270401,133,True,neutral,sensitive,133,-1.0146528624412854,True
R133R,0.0,133,True,neutral,sensitive,133,0.0,True
R133S,-3.59827945154081,133,True,mild,sensitive,133,-1.5379312888668988,True
R133T,-3.56928827182526,133,True,mild,sensitive,133,-1.525540243928292,True
R133V,-3.94995348458458,133,True,mild,sensitive,133,-1.688239375324283,True
R133W,-3.40778996744283,133,True,neutral,sensitive,133,-1.4565146724701514,True
R133Y,-5.79696945146974,133,True,impactful,sensitive,133,-2.477667679813829,True
A134A,0.0,134,True,neutral,tolerant,134,0.0,True
A134C,-2.10901256980897,134,True,neutral,tolerant,134,-1.2316891105819598,True
A134D,-3.90164316667571,134,True,mild,tolerant,134,-2.2786072831259934,True
A134E,-3.77701709768482,134,True,mild,tolerant,134,-2.205824136041849,True
A134F,-3.54566838427993,134,True,mild,tolerant,134,-2.0707136605866174,True
A134G,-3.0436891411079,134,True,neutral,tolerant,134,-1.7775516489400176,True
A134H,-4.1664221161423,134,True,mild,tolerant,134,-2.4332414249219663,True
A134I,-3.28638595388633,134,True,neutral,tolerant,134,-1.919289553090687,True
A134K,-4.5164395330615585,134,True,mild,tolerant,134,-2.6376558732306012,True
A134L,-2.91437817548577,134,True,neutral,tolerant,134,-1.7020324649789462,True
A134M,-3.42943092577634,134,True,neutral,tolerant,134,-2.0028295645266487,True
A134N,-2.49747097258092,134,True,neutral,tolerant,134,-1.4585535643351253,True
A134P,-3.97444986293484,134,True,mild,tolerant,134,-2.3211272833590604,True
A134Q,-2.59951295965829,134,True,neutral,tolerant,134,-1.5181473316291372,True
A134R,-4.3405805639609705,134,True,mild,tolerant,134,-2.534952086472714,True
A134S,-0.8038021684199291,134,True,neutral,tolerant,134,-0.46943028793549035,True
A134T,-1.6643032130795,134,True,neutral,tolerant,134,-0.9719734123928258,True
A134V,-1.9966289430731896,134,True,neutral,tolerant,134,-1.1660556993639764,True
A134W,-5.45104872448647,134,True,impactful,tolerant,134,-3.1834790609189243,True
A134Y,-4.30604070403014,134,True,mild,tolerant,134,-2.5147803862340177,True
Q135A,-0.663749177386317,135,True,neutral,tolerant,135,-0.38571282449102645,True
Q135C,-2.83501383555128,135,True,neutral,tolerant,135,-1.6474614677302724,True
Q135D,-1.70693160862692,135,True,neutral,tolerant,135,-0.9919189874841916,True
Q135E,-1.57699094441177,135,True,neutral,tolerant,135,-0.9164088666159066,True
Q135F,-1.90732922745737,135,True,neutral,tolerant,135,-1.1083725127220558,True
Q135G,-1.8461523467480097,135,True,neutral,tolerant,135,-1.072821873631434,True
Q135H,-1.75799449725358,135,True,neutral,tolerant,135,-1.0215922611693151,True
Q135I,-0.56939615213953,135,True,neutral,tolerant,135,-0.3308831190735089,True
Q135K,-2.67534983733606,135,True,neutral,tolerant,135,-1.5546787512776095,True
Q135L,0.13809093796419,135,True,neutral,tolerant,135,0.08024634535672248,True
Q135M,0.0857018975894916,135,True,neutral,tolerant,135,0.04980242855238067,True
Q135N,-0.901185142820963,135,True,neutral,tolerant,135,-0.5236897892598252,True
Q135P,-4.06320281823017,135,True,mild,tolerant,135,-2.361177217078937,True
Q135Q,0.0,135,True,neutral,tolerant,135,0.0,True
Q135R,-1.3231924346441202,135,True,neutral,tolerant,135,-0.7689234257456463,True
Q135S,-0.36712763382813,135,True,neutral,tolerant,135,-0.21334239109743944,True
Q135T,-0.574204326608315,135,True,neutral,tolerant,135,-0.33367720849491295,True
Q135V,-0.578169053272284,135,True,neutral,tolerant,135,-0.3359811600055064,True
Q135W,-3.91941764457159,135,True,mild,tolerant,135,-2.2776218812061746,True
Q135Y,-2.64861368113866,135,True,neutral,tolerant,135,-1.539142041516943,True
K136A,-2.03053659359999,136,True,neutral,tolerant,136,-0.8942640502098318,True
K136C,-3.50531156569925,136,True,mild,tolerant,136,-1.5437663757795346,True
K136D,-2.35620105402215,136,True,neutral,tolerant,136,-1.037689202115216,True
K136E,-2.22976056199327,136,True,neutral,tolerant,136,-0.9820038296532485,True
K136F,-4.92563732130003,136,True,mild,tolerant,136,-2.1692888444827547,True
K136G,-3.14704112356036,136,True,neutral,tolerant,136,-1.3859812968661984,True
K136H,-2.87938911217727,136,True,neutral,tolerant,136,-1.2681052770492407,True
K136I,-2.17080478958878,136,True,neutral,tolerant,136,-0.9560392506449895,True
K136K,0.0,136,True,neutral,tolerant,136,0.0,True
K136L,-2.24631652399334,136,True,neutral,tolerant,136,-0.9892952036082748,True
K136M,-2.2120078767454903,136,True,neutral,tolerant,136,-0.9741854095066638,True
K136N,-2.30245223166309,136,True,neutral,tolerant,136,-1.0140178042550059,True
K136P,-6.644404278035929,136,True,impactful,tolerant,136,-2.9262471307515234,True
K136Q,-1.8855893145601,136,True,neutral,tolerant,136,-0.8304281453413073,True
K136R,-1.60110287450717,136,True,neutral,tolerant,136,-0.7051381126901514,True
K136S,-1.20394951120741,136,True,neutral,tolerant,136,-0.5302286939984014,True
K136T,-2.00622109208707,136,True,neutral,tolerant,136,-0.8835553149255906,True
K136V,-2.2961060363326,136,True,neutral,tolerant,136,-1.0112228906555394,True
K136W,-5.88484697142432,136,True,impactful,tolerant,136,-2.5917322071998536,True
K136Y,-4.95313665851036,136,True,mild,tolerant,136,-2.181399765679302,True
D137A,-2.18962627986286,137,True,neutral,sensitive,137,-1.0920966467619044,True
D137C,-3.35114883340075,137,True,neutral,sensitive,137,-1.6714169159434116,True
D137D,0.0,137,True,neutral,sensitive,137,0.0,True
D137E,-1.4607713166388,137,True,neutral,sensitive,137,-0.7285733968662096,True
D137F,-4.8210887098075705,137,True,mild,sensitive,137,-2.4045632179991396,True
D137G,-3.8853852575808094,137,True,mild,sensitive,137,-1.9378723438813952,True
D137H,-3.0536466731317096,137,True,neutral,sensitive,137,-1.523034922805025,True
D137I,-3.73420154198656,137,True,mild,sensitive,137,-1.8624680475574462,True
D137K,-4.28807161771439,137,True,mild,sensitive,137,-2.1387159433773713,True
D137L,-4.10015791250751,137,True,mild,sensitive,137,-2.0449922201902835,True
D137M,-4.75625829064742,137,True,mild,sensitive,137,-2.3722284383044956,True
D137N,-2.08331051661776,137,True,neutral,sensitive,137,-1.039070662553687,True
D137P,-6.51803527863378,137,True,impactful,sensitive,137,-3.2509312373240147,True
D137Q,-2.82227542254767,137,True,neutral,sensitive,137,-1.4076363412097386,True
D137R,-4.22120039931299,137,True,mild,sensitive,137,-2.105363295917538,True
D137S,-2.96009536241689,137,True,neutral,sensitive,137,-1.4763753290325965,True
D137T,-3.36159396053276,137,True,neutral,sensitive,137,-1.6766265210804967,True
D137V,-3.80658643479416,137,True,mild,sensitive,137,-1.8985706918481198,True
D137W,-4.91842712966572,137,True,mild,sensitive,137,-2.4531116679815934,True
D137Y,-3.97627885044094,137,True,mild,sensitive,137,-1.9832063759432077,True
E138A,-3.50724512524599,138,True,mild,sensitive,138,-1.8255652514149812,True
E138C,-4.6243487318988885,138,True,mild,sensitive,138,-2.4070317454037196,True
E138D,-1.76459090346765,138,True,neutral,sensitive,138,-0.9184917852320257,True
E138E,0.0,138,True,neutral,sensitive,138,0.0,True
E138F,-5.20759437056088,138,True,mild,sensitive,138,-2.71061844463849,True
E138G,-2.40442380518379,138,True,neutral,sensitive,138,-1.2515328674412645,True
E138H,-2.4333430126339,138,True,neutral,sensitive,138,-1.2665856790737788,True
E138I,-5.033466643750058,138,True,mild,sensitive,138,-2.619982770192604,True
E138K,-3.72231262195435,138,True,mild,sensitive,138,-1.9375105916118827,True
E138L,-4.53516786878175,138,True,mild,sensitive,138,-2.360611983173264,True
E138M,-5.45149380697209,138,True,impactful,sensitive,138,-2.83757117250657,True
E138N,-2.04870845720224,138,True,neutral,sensitive,138,-1.0663785495991207,True
E138P,-6.6349257662390615,138,True,impactful,sensitive,138,-3.4535624092468886,True
E138Q,-2.35536968813646,138,True,neutral,sensitive,138,-1.2259995818217804,True
E138R,-5.38670386302744,138,True,mild,sensitive,138,-2.8038471908392832,True
E138S,-3.78912462033872,138,True,mild,sensitive,138,-1.9722870780770383,True
E138T,-3.54477479492329,138,True,mild,sensitive,138,-1.8450999170609006,True
E138V,-4.96263384701613,138,True,mild,sensitive,138,-2.583113407556045,True
E138W,-6.30872357198699,138,True,impactful,sensitive,138,-3.2837700595547257,True
E138Y,-4.80148041275508,138,True,mild,sensitive,138,-2.499231015756433,True
E139A,-2.9701075978014506,139,True,neutral,tolerant,139,-1.496649214733843,True
E139C,-4.8520349452626,139,True,mild,tolerant,139,-2.4449600061842207,True
E139D,-1.7270809968545902,139,True,neutral,tolerant,139,-0.8702830899586014,True
E139E,0.0,139,True,neutral,tolerant,139,0.0,True
E139F,-6.256779995241411,139,True,impactful,tolerant,139,-3.1528167106040534,True
E139G,-3.73774188197366,139,True,mild,tolerant,139,-1.8834632309868375,True
E139H,-3.6938006314524,139,True,mild,tolerant,139,-1.8613210573713943,True
E139I,-3.6063568172786,139,True,mild,tolerant,139,-1.8172577662255027,True
E139K,-2.81062683590867,139,True,neutral,tolerant,139,-1.4162862146766508,True
E139L,-3.4714671850174703,139,True,neutral,tolerant,139,-1.7492863357127513,True
E139M,-3.49301716194345,139,True,mild,tolerant,139,-1.7601454561256529,True
E139N,-2.18927026058108,139,True,neutral,tolerant,139,-1.1031821267230284,True
E139P,-5.94299785564035,139,True,impactful,tolerant,139,-2.9947006230996616,True
E139Q,-2.19281066591504,139,True,neutral,tolerant,139,-1.1049661512704332,True
E139R,-3.3293687816262203,139,True,neutral,tolerant,139,-1.6776823763114581,True
E139S,-3.30213513100128,139,True,neutral,tolerant,139,-1.6639592297654124,True
E139T,-3.463713552924,139,True,neutral,tolerant,139,-1.7453792491840958,True
E139V,-3.36779439179688,139,True,neutral,tolerant,139,-1.6970451964766793,True
E139W,-5.81646046040693,139,True,impactful,tolerant,139,-2.9309379185596813,True
E139Y,-5.37077410425339,139,True,mild,tolerant,139,-2.706354763576158,True
K140A,-3.39970804318645,140,True,neutral,sensitive,140,-1.6411007194195355,True
K140C,-4.177099918862701,140,True,mild,sensitive,140,-2.016361874270776,True
K140D,-3.48240766859819,140,True,neutral,sensitive,140,-1.6810213281997317,True
K140E,-3.57275961737469,140,True,mild,sensitive,140,-1.7246358522278291,True
K140F,-6.010176333320639,140,True,impactful,sensitive,140,-2.9012210987406353,True
K140G,-4.7870066031744685,140,True,mild,sensitive,140,-2.3107748902380805,True
K140H,-3.63162068258527,140,True,mild,sensitive,140,-1.7530491557338401,True
K140I,-2.6450453353434704,140,True,neutral,sensitive,140,-1.276811346029867,True
K140K,0.0,140,True,neutral,sensitive,140,0.0,True
K140L,-4.86678183982933,140,True,mild,sensitive,140,-2.3492838435373318,True
K140M,-4.93803866703544,140,True,mild,sensitive,140,-2.3836808061311836,True
K140N,-3.53591457057554,140,True,mild,sensitive,140,-1.7068500800259145,True
K140P,-6.44656464618045,140,True,impactful,sensitive,140,-3.111873650396006,True
K140Q,-3.28462204275982,140,True,neutral,sensitive,140,-1.5855466201568709,True
K140R,-0.4315974674007971,140,True,neutral,sensitive,140,-0.20833992367980897,True
K140S,-3.23404169337924,140,True,neutral,sensitive,140,-1.5611305683363856,True
K140T,-2.79142697069469,140,True,neutral,sensitive,140,-1.3474724157550002,True
K140V,-4.32372127885436,140,True,mild,sensitive,140,-2.087138663426781,True
K140W,-5.53833538652476,140,True,impactful,sensitive,140,-2.6734549178210094,True
K140Y,-6.543477199341531,140,True,impactful,sensitive,140,-3.15865509712411,True
M141A,-2.64274582548744,141,True,neutral,sensitive,141,-1.4104575235102588,True
M141C,-2.929955824255169,141,True,neutral,sensitive,141,-1.563744116447965,True
M141D,-4.67805827731652,141,True,mild,sensitive,141,-2.49672232154355,True
M141E,-4.88003434184192,141,True,mild,sensitive,141,-2.6045187872616635,True
M141F,-3.5841942049468702,141,True,mild,sensitive,141,-1.9129171005905388,True
M141G,-4.705319263212201,141,True,mild,sensitive,141,-2.511271758074314,True
M141H,-5.14832862940416,141,True,mild,sensitive,141,-2.747709892799476,True
M141I,-0.9756982937042552,141,True,neutral,sensitive,141,-0.5207390683428513,True
M141K,-4.5930105137864015,141,True,mild,sensitive,141,-2.4513315553291517,True
M141L,-0.205848868792537,141,True,neutral,sensitive,141,-0.10986341663824524,True
M141M,0.0,141,True,neutral,sensitive,141,0.0,True
M141N,-4.08942362309257,141,True,mild,sensitive,141,-2.18256264389241,True
M141P,-5.99268673002679,141,True,impactful,sensitive,141,-3.19835150353416,True
M141Q,-4.54862168495716,141,True,mild,sensitive,141,-2.427640832983402,True
M141R,-4.30035934015833,141,True,mild,sensitive,141,-2.295140957797251,True
M141S,-2.97721641294459,141,True,neutral,sensitive,141,-1.5889675231939477,True
M141T,-2.84092770376814,141,True,neutral,sensitive,141,-1.5162289974630558,True
M141V,-1.59114370428888,141,True,neutral,sensitive,141,-0.8492078909201553,True
M141W,-4.80157079477412,141,True,mild,sensitive,141,-2.5626420773579905,True
M141Y,-4.28715912124252,141,True,mild,sensitive,141,-2.2880958807027283,True
E142A,-1.32130119669296,142,True,neutral,tolerant,142,-0.7264360470450237,True
E142C,-3.01990075282777,142,True,neutral,tolerant,142,-1.6603063486532792,True
E142D,-1.65138739293888,142,True,neutral,tolerant,142,-0.9079136027947405,True
E142E,0.0,142,True,neutral,tolerant,142,0.0,True
E142F,-5.85288563918718,142,True,impactful,tolerant,142,-3.217848525513544,True
E142G,-2.94188123780556,142,True,neutral,tolerant,142,-1.6174121257259428,True
E142H,-3.06054190802298,142,True,neutral,tolerant,142,-1.682650383610066,True
E142I,-3.27003495941267,142,True,neutral,tolerant,142,-1.7978272293707607,True
E142K,-3.04146681283984,142,True,neutral,tolerant,142,-1.6721631178931124,True
E142L,-3.86444886551533,142,True,mild,tolerant,142,-2.1246290890364863,True
E142M,-4.22947544745802,142,True,mild,tolerant,142,-2.3253164629043717,True
E142N,-1.64080445530229,142,True,neutral,tolerant,142,-0.9020952266348687,True
E142P,-5.75497840743155,142,True,impactful,tolerant,142,-3.1640202669819595,True
E142Q,-1.74441012839208,142,True,neutral,tolerant,142,-0.9590564220073993,True
E142R,-3.0536610928806605,142,True,neutral,tolerant,142,-1.6788673913862304,True
E142S,-2.32895057615137,142,True,neutral,tolerant,142,-1.2804299689859246,True
E142T,-2.2902151811879703,142,True,neutral,tolerant,142,-1.2591336988634367,True
E142V,-1.96968573551835,142,True,neutral,tolerant,142,-1.0829103335501005,True
E142W,-6.079449808351232,142,True,impactful,tolerant,142,-3.3424108734940847,True
E142Y,-3.5794646957012897,142,True,mild,tolerant,142,-1.9679481034230097,True
I143A,-1.44588506203223,143,True,neutral,tolerant,143,-0.7378117481019212,True
I143C,-2.5004976779487995,143,True,neutral,tolerant,143,-1.2759634989928916,True
I143D,-0.936827557754566,143,True,neutral,tolerant,143,-0.47804794185054134,True
I143E,-1.77002233779818,143,True,neutral,tolerant,143,-0.9032137543455814,True
I143F,-2.3700673396850096,143,True,neutral,tolerant,143,-1.2094070081576702,True
I143G,-2.0960372674181698,143,True,neutral,tolerant,143,-1.0695738969645026,True
I143H,-1.69133707323643,143,True,neutral,tolerant,143,-0.8630619372194197,True
I143I,0.0,143,True,neutral,tolerant,143,0.0,True
I143K,-2.14215470501086,143,True,neutral,tolerant,143,-1.0931068790401453,True
I143L,-0.110476792591585,143,True,neutral,tolerant,143,-0.05637451939099827,True
I143M,-0.15077189984888098,143,True,neutral,tolerant,143,-0.07693646052044971,True
I143N,-2.04589303906597,143,True,neutral,tolerant,143,-1.043986108730659,True
I143P,-4.1724842005119,143,True,mild,tolerant,143,-2.1291511633576232,True
I143Q,-1.5719020925109,143,True,neutral,tolerant,143,-0.8021161993958567,True
I143R,-2.35945116604755,143,True,neutral,tolerant,143,-1.2039897465541796,True
I143S,-1.7155052302278302,143,True,neutral,tolerant,143,-0.875394556613913,True
I143T,-1.6519058606785602,143,True,neutral,tolerant,143,-0.8429408275745012,True
I143V,-0.309538202403684,143,True,neutral,tolerant,143,-0.15795233536668046,True
I143W,-4.31036854334134,143,True,mild,tolerant,143,-2.1995113120930183,True
I143Y,-3.17080151631938,143,True,neutral,tolerant,143,-1.618008700049545,True
Q144A,-3.28102068897521,144,True,neutral,tolerant,144,-1.781552393956529,True
Q144C,-4.2752398380761,144,True,mild,tolerant,144,-2.3214007134596115,True
Q144D,-3.4829344658437003,144,True,neutral,tolerant,144,-1.8911889999558704,True
Q144E,-1.9652958901531297,144,True,neutral,tolerant,144,-1.0671306065518351,True
Q144F,-3.7697104341526098,144,True,mild,tolerant,144,-2.046904693729662,True
Q144G,-4.32054328096044,144,True,mild,tolerant,144,-2.3459999052282794,True
Q144H,-3.39479991824979,144,True,neutral,tolerant,144,-1.8433330645197397,True
Q144I,-1.80748286761318,144,True,neutral,tolerant,144,-0.9814401477722601,True
Q144K,-4.20874196267803,144,True,mild,tolerant,144,-2.2852932151111456,True
Q144L,-0.66261658888183,144,True,neutral,tolerant,144,-0.3597923579587195,True
Q144M,-2.31710202956834,144,True,neutral,tolerant,144,-1.2581568539600871,True
Q144N,-3.4744631305846,144,True,neutral,tolerant,144,-1.8865891729381468,True
Q144P,-5.28522197372356,144,True,mild,tolerant,144,-2.8698081336450856,True
Q144Q,0.0,144,True,neutral,tolerant,144,0.0,True
Q144R,-4.78051968047038,144,True,mild,tolerant,144,-2.5957612244616524,True
Q144S,-3.4196157347971403,144,True,neutral,tolerant,144,-1.8568077364492628,True
Q144T,-3.85998268223886,144,True,mild,tolerant,144,-2.095921373272798,True
Q144V,-1.78080588381976,144,True,neutral,tolerant,144,-0.9669548857620558,True
Q144W,-4.51941937617242,144,True,mild,tolerant,144,-2.453987088825191,True
Q144Y,-3.92122833064116,144,True,mild,tolerant,144,-2.12917697933989,True
E145A,-3.44694379962965,145,True,neutral,sensitive,145,-2.020147297327846,True
E145C,-4.31947411709134,145,True,mild,sensitive,145,-2.5315103670843717,True
E145D,-0.2743692503807,145,True,neutral,sensitive,145,-0.16079934337368373,True
E145E,0.0,145,True,neutral,sensitive,145,0.0,True
E145F,-6.992696345592719,145,True,impactful,sensitive,145,-4.098203349036677,True
E145G,-5.381185470805758,145,True,mild,sensitive,145,-3.1537465990702014,True
E145H,-3.8551504010053,145,True,mild,sensitive,145,-2.259384578367649,True
E145I,-6.15386848332061,145,True,impactful,sensitive,145,-3.60659224731974,True
E145K,-5.06404726467582,145,True,mild,sensitive,145,-2.967881691710345,True
E145L,-5.4841437625774585,145,True,impactful,sensitive,145,-3.2140872738681017,True
E145M,-4.29098689960085,145,True,mild,sensitive,145,-2.5148148887803776,True
E145N,-2.2620963185003102,145,True,neutral,sensitive,145,-1.325744784294035,True
E145P,-6.2346747776792695,145,True,impactful,sensitive,145,-3.653950320628989,True
E145Q,-2.33669517282567,145,True,neutral,sensitive,145,-1.3694648687251538,True
E145R,-4.833057622086169,145,True,mild,sensitive,145,-2.8325057966237046,True
E145S,-3.47392339914303,145,True,neutral,sensitive,145,-2.035959207300326,True
E145T,-3.22079119586529,145,True,neutral,sensitive,145,-1.887606241298063,True
E145V,-4.28680066743627,145,True,mild,sensitive,145,-2.512361467406298,True
E145W,-6.42393909666141,145,True,impactful,sensitive,145,-3.764872292293699,True
E145Y,-6.992696345592719,145,True,impactful,sensitive,145,-4.098203349036677,True
I146A,-1.77002235583241,146,True,neutral,tolerant,146,-0.9032137635481571,True
I146C,-2.37323118589959,146,True,neutral,tolerant,146,-1.2110214676798015,True
I146D,-1.71651372461295,146,True,neutral,tolerant,146,-0.875909174977969,True
I146E,-1.90473843715126,146,True,neutral,tolerant,146,-0.9719571997073209,True
I146F,-3.91013064432675,146,True,mild,tolerant,146,-1.9952763893574983,True
I146G,-1.9394866071292,146,True,neutral,tolerant,146,-0.9896886285103355,True
I146H,-2.4753621337041203,146,True,neutral,tolerant,146,-1.2631372375384755,True
I146I,0.0,146,True,neutral,tolerant,146,0.0,True
I146K,-1.98062195718884,146,True,neutral,tolerant,146,-1.0106793319440022,True
I146L,-0.311011795790377,146,True,neutral,tolerant,146,-0.1587042862244473,True
I146M,-0.209205698484567,146,True,neutral,tolerant,146,-0.10675428231814812,True
I146N,-1.6862032804994398,146,True,neutral,tolerant,146,-0.8604422458669496,True
I146P,-4.7029188655163,146,True,mild,tolerant,146,-2.3998233887769,True
I146Q,-0.9630060625788828,146,True,neutral,tolerant,146,-0.49140640921030243,True
I146R,-2.31664976177022,146,True,neutral,tolerant,146,-1.1821488826153213,True
I146S,-1.86124097567226,146,True,neutral,tolerant,146,-0.9497611490428861,True
I146T,-1.84102750683203,146,True,neutral,tolerant,146,-0.9394465430124094,True
I146V,-0.25158757183622,146,True,neutral,tolerant,146,-0.12838106641498825,True
I146W,-4.41982513055026,146,True,mild,tolerant,146,-2.2553652371874344,True
I146Y,-3.4411079142600203,146,True,neutral,tolerant,146,-1.7559416804950345,True
Q147A,-3.09280120568356,147,True,neutral,sensitive,147,-1.573241017824278,True
Q147C,-5.4621594537686216,147,True,impactful,sensitive,147,-2.7784822648069905,True
Q147D,-2.08024665447321,147,True,neutral,sensitive,147,-1.0581764382381813,True
Q147E,-1.79801663734696,147,True,neutral,sensitive,147,-0.9146121384738417,True
Q147F,-6.411721758899809,147,True,impactful,sensitive,147,-3.2615040525206247,True
Q147G,-4.0743399813761405,147,True,mild,sensitive,147,-2.0725285438595304,True
Q147H,-2.01423318344368,147,True,neutral,sensitive,147,-1.0245968146394322,True
Q147I,-4.26389730717502,147,True,mild,sensitive,147,-2.16895225180036,True
Q147K,-3.0152385151440697,147,True,neutral,sensitive,147,-1.533786556287825,True
Q147L,-4.072592579806701,147,True,mild,sensitive,147,-2.071639678510344,True
Q147M,-3.5707296513224303,147,True,mild,sensitive,147,-1.816352871532279,True
Q147N,-1.80767971228453,147,True,neutral,sensitive,147,-0.9195275355003814,True
Q147P,-6.33255763240242,147,True,impactful,sensitive,147,-3.2212349751815927,True
Q147Q,0.0,147,True,neutral,sensitive,147,0.0,True
Q147R,-3.7053480220321298,147,True,mild,sensitive,147,-1.8848303223829765,True
Q147S,-2.3915412455583303,147,True,neutral,sensitive,147,-1.2165252575615706,True
Q147T,-3.7993237948543,147,True,mild,sensitive,147,-1.9326337635527098,True
Q147V,-4.2328554771945095,147,True,mild,sensitive,147,-2.153161944908368,True
Q147W,-6.411721758899809,147,True,impactful,sensitive,147,-3.2615040525206247,True
Q147Y,-4.8927109797447415,147,True,mild,sensitive,147,-2.4888161539604616,True
L148A,-4.2087097605433605,148,True,mild,sensitive,148,-2.1881895002401355,True
L148C,-4.66733255290601,148,True,mild,sensitive,148,-2.4266363487795792,True
L148D,-5.37693421873291,148,True,mild,sensitive,148,-2.7955719615586525,True
L148E,-4.6079408159876385,148,True,mild,sensitive,148,-2.3957574375407518,True
L148F,-4.91088965126407,148,True,mild,sensitive,148,-2.553266388781971,True
L148G,-6.689903496739559,148,True,impactful,sensitive,148,-3.478210050601196,True
L148H,-4.6827157179865,148,True,mild,sensitive,148,-2.4346343534472243,True
L148I,-2.8328052957906498,148,True,neutral,sensitive,148,-1.4728301919478224,True
L148K,-5.1728187880743,148,True,mild,sensitive,148,-2.689448406451232,True
L148L,0.0,148,True,neutral,sensitive,148,0.0,True
L148M,-2.209934628751,148,True,neutral,sensitive,148,-1.1489877007403109,True
L148N,-4.51012469978357,148,True,mild,sensitive,148,-2.3449009493032786,True
L148P,-4.96713026352883,148,True,mild,sensitive,148,-2.58250696944604,True
L148Q,-4.084038053074069,148,True,mild,sensitive,148,-2.123370271359384,True
L148R,-5.499850896955191,148,True,impactful,sensitive,148,-2.8594787168336153,True
L148S,-4.464433832407,148,True,mild,sensitive,148,-2.321145384786193,True
L148T,-4.120804581341259,148,True,mild,sensitive,148,-2.142485899590341,True
L148V,-1.80994548583938,148,True,neutral,sensitive,148,-0.9410256191221524,True
L148W,-5.2678408254605005,148,True,mild,sensitive,148,-2.738852199140672,True
L148Y,-4.35576957896412,148,True,mild,sensitive,148,-2.2646487404548803,True
K149A,-2.4153222773738,149,True,neutral,sensitive,149,-1.1432827931444853,True
K149C,-4.86390394817,149,True,mild,sensitive,149,-2.302308782369453,True
K149D,-2.88272839117652,149,True,neutral,sensitive,149,-1.3645275406165351,True
K149E,-2.82646305075884,149,True,neutral,sensitive,149,-1.3378945748410969,True
K149F,-6.493925981258018,149,True,impactful,sensitive,149,-3.0738729584355156,True
K149G,-3.27889661037687,149,True,neutral,sensitive,149,-1.552052125822171,True
K149H,-3.49093791967773,149,True,mild,sensitive,149,-1.6524210010776461,True
K149I,-4.1170783150218,149,True,mild,sensitive,149,-1.9488019630699795,True
K149K,0.0,149,True,neutral,sensitive,149,0.0,True
K149L,-3.5806156735256804,149,True,mild,sensitive,149,-1.6948695943203196,True
K149M,-3.5743234340593,149,True,mild,sensitive,149,-1.6918911888380999,True
K149N,-1.9819194621928504,149,True,neutral,sensitive,149,-0.9381333661969881,True
K149P,-5.78391499360492,149,True,impactful,sensitive,149,-2.737792199055478,True
K149Q,-1.37546052767385,149,True,neutral,sensitive,149,-0.6510685421445221,True
K149R,-0.6211146488167321,149,True,neutral,sensitive,149,-0.29400204569564015,True
K149S,-2.4335954313025896,149,True,neutral,sensitive,149,-1.1519323148497134,True
K149T,-2.58256687575133,149,True,neutral,sensitive,149,-1.2224473308803323,True
K149V,-3.56771697446881,149,True,mild,sensitive,149,-1.688764048561969,True
K149W,-6.493925981258018,149,True,impactful,sensitive,149,-3.0738729584355156,True
K149Y,-5.727417804542401,149,True,impactful,sensitive,149,-2.71104948868457,True
E150A,-3.0311287689172404,150,True,neutral,sensitive,150,-1.5922321001747222,True
E150C,-4.14875280728202,150,True,mild,sensitive,150,-2.1793126914248835,True
E150D,-1.85643174093564,150,True,neutral,sensitive,150,-0.9751714410855747,True
E150E,0.0,150,True,neutral,sensitive,150,0.0,True
E150F,-5.677352685136629,150,True,impactful,sensitive,150,-2.9822762008612327,True
E150G,-3.90964744091765,150,True,mild,sensitive,150,-2.053712207686483,True
E150H,-2.34525740387105,150,True,neutral,sensitive,150,-1.2319483619133154,True
E150I,-4.33588139512962,150,True,mild,sensitive,150,-2.2776101136547373,True
E150K,-3.3929868781776897,150,True,neutral,sensitive,150,-1.7823137962020512,True
E150L,-4.46406175306703,150,True,mild,sensitive,150,-2.3449424165950488,True
E150M,-5.1086132154264,150,True,mild,sensitive,150,-2.6835210804601766,True
E150N,-2.2722018728715,150,True,neutral,sensitive,150,-1.193572769709641,True
E150P,-6.34389637746558,150,True,impactful,sensitive,150,-3.332407239165569,True
E150Q,-1.73474082003306,150,True,neutral,sensitive,150,-0.9112479969390154,True
E150R,-4.24941826425473,150,True,mild,sensitive,150,-2.232191597004326,True
E150S,-3.1387399054992096,150,True,neutral,sensitive,150,-1.648759525785645,True
E150T,-2.89978464202363,150,True,neutral,sensitive,150,-1.5232378901121346,True
E150V,-3.71214601907475,150,True,mild,sensitive,150,-1.9499660036607311,True
E150W,-6.3291405983874105,150,True,impactful,sensitive,150,-3.324656125008931,True
E150Y,-5.78095579765556,150,True,impactful,sensitive,150,-3.0366982376688543,True
A151A,0.0,151,True,neutral,sensitive,151,0.0,True
A151C,-2.60342707543002,151,True,neutral,sensitive,151,-1.5066071922652033,True
A151D,-4.4657100426286105,151,True,mild,sensitive,151,-2.5843131663996797,True
A151E,-4.6804228268973,151,True,mild,sensitive,151,-2.7085677799064025,True
A151F,-3.87794768015816,151,True,mild,sensitive,151,-2.2441741968860045,True
A151G,-5.3853280242740285,151,True,mild,sensitive,151,-3.11649748543022,True
A151H,-6.13692178198784,151,True,impactful,sensitive,151,-3.551445931545701,True
A151I,-4.14856924826128,151,True,mild,sensitive,151,-2.400783308289251,True
A151K,-4.8815181670472585,151,True,mild,sensitive,151,-2.8249419578736887,True
A151L,-3.52916360515256,151,True,mild,sensitive,151,-2.042332324336451,True
A151M,-3.3926326684916,151,True,neutral,sensitive,151,-1.9633216644714608,True
A151N,-4.50937107721258,151,True,mild,sensitive,151,-2.609579873251871,True
A151P,-5.93813279302067,151,True,impactful,sensitive,151,-3.436406442501593,True
A151Q,-5.30021271792852,151,True,mild,sensitive,151,-3.067241128714018,True
A151R,-4.9230247021031515,151,True,mild,sensitive,151,-2.8489618525853113,True
A151S,-1.98069013206273,151,True,neutral,sensitive,151,-1.1462283798064608,True
A151T,-2.00747008441172,151,True,neutral,sensitive,151,-1.1617259787975305,True
A151V,-3.43902157597046,151,True,neutral,sensitive,151,-1.9901669955001517,True
A151W,-6.18993111776684,151,True,impactful,sensitive,151,-3.5821225144604165,True
A151Y,-4.74370263074225,151,True,mild,sensitive,151,-2.7451878982487554,True
K152A,-3.2683336098789706,152,True,neutral,sensitive,152,-1.7556402386151462,True
K152C,-3.56659857385095,152,True,mild,sensitive,152,-1.915858268664317,True
K152D,-3.63546272429121,152,True,mild,sensitive,152,-1.9528498025596115,True
K152E,-2.83772358774666,152,True,neutral,sensitive,152,-1.524330839929117,True
K152F,-6.54342362707554,152,True,impactful,sensitive,152,-3.514909794788144,True
K152G,-5.292116855930139,152,True,mild,sensitive,152,-2.842749366723455,True
K152H,-4.08817806292562,152,True,mild,sensitive,152,-2.1960334429145765,True
K152I,-3.38419132889646,152,True,neutral,sensitive,152,-1.8178751563868372,True
K152K,0.0,152,True,neutral,sensitive,152,0.0,True
K152L,-3.763104621335299,152,True,mild,sensitive,152,-2.0214147892875336,True
K152M,-3.66801562589056,152,True,mild,sensitive,152,-1.9703361398658004,True
K152N,-3.32231276119811,152,True,neutral,sensitive,152,-1.784636045473947,True
K152P,-4.29643594108392,152,True,mild,sensitive,152,-2.307902656570786,True
K152Q,-2.4116332678395898,152,True,neutral,sensitive,152,-1.2954492751304265,True
K152R,-1.63529005996712,152,True,neutral,sensitive,152,-0.8784234945930035,True
K152S,-3.6521890797456096,152,True,mild,sensitive,152,-1.9618346450470376,True
K152T,-2.7293375025521405,152,True,neutral,sensitive,152,-1.4661094356335764,True
K152V,-3.55944830453626,152,True,mild,sensitive,152,-1.9120173815260333,True
K152W,-5.74624186056106,152,True,impactful,sensitive,152,-3.086690232821533,True
K152Y,-6.54342362707554,152,True,impactful,sensitive,152,-3.514909794788144,True
H153A,-2.2284105522431696,153,True,neutral,tolerant,153,-1.0778373139171726,True
H153C,-3.50458776573806,153,True,mild,tolerant,153,-1.6950985355942165,True
H153D,-1.94282094049898,153,True,neutral,tolerant,153,-0.9397033692115403,True
H153E,-1.90196307379016,153,True,neutral,tolerant,153,-0.9199412417788324,True
H153F,-2.10532712911818,153,True,neutral,tolerant,153,-1.018304340500211,True
H153G,-3.11773524702436,153,True,neutral,tolerant,153,-1.5079857617686117,True
H153H,0.0,153,True,neutral,tolerant,153,0.0,True
H153I,-2.24284566733723,153,True,neutral,tolerant,153,-1.0848192884296364,True
H153K,-2.63450974361835,153,True,neutral,tolerant,153,-1.2742593157673938,True
H153L,-2.03783966056062,153,True,neutral,tolerant,153,-0.9856620108541194,True
H153M,-2.03898776678388,153,True,neutral,tolerant,153,-0.9862173267165958,True
H153N,-0.168662692184389,153,True,neutral,tolerant,153,-0.08157874809875845,True
H153P,-5.676605131220598,153,True,impactful,tolerant,153,-2.745659600581351,True
H153Q,-0.8503435314881841,153,True,neutral,tolerant,153,-0.41129404407256315,True
H153R,-2.01332796785133,153,True,neutral,tolerant,153,-0.9738061986462884,True
H153S,-1.87848517694214,153,True,neutral,tolerant,153,-0.9085854558130815,True
H153T,-1.4166720994263,153,True,neutral,tolerant,153,-0.685215769064632,True
H153V,-2.06683041993983,153,True,neutral,tolerant,153,-0.9996842574218592,True
H153W,-2.32213068221312,153,True,neutral,tolerant,153,-1.1231678536801868,True
H153Y,-2.27063915807676,153,True,neutral,tolerant,153,-1.0982624402639884,True
I154A,-2.9538947013396504,154,True,neutral,tolerant,154,-1.181387004775731,True
I154C,-3.13488268436033,154,True,neutral,tolerant,154,-1.253771728261044,True
I154D,-4.15768751217547,154,True,mild,tolerant,154,-1.662834492568345,True
I154E,-3.57091840204898,154,True,mild,tolerant,154,-1.428160791710669,True
I154F,-2.74175315561438,154,True,neutral,tolerant,154,-1.0965426583678484,True
I154G,-4.72428084340407,154,True,mild,tolerant,154,-1.8894390489875323,True
I154H,-3.99000318277562,154,True,mild,tolerant,154,-1.5957704609467458,True
I154I,0.0,154,True,neutral,tolerant,154,0.0,True
I154K,-2.83487984459026,154,True,neutral,tolerant,154,-1.1337879468014542,True
I154L,-1.60224236043801,154,True,neutral,tolerant,154,-0.6408042582777932,True
I154M,-1.62790737085354,154,True,neutral,tolerant,154,-0.6510687777843924,True
I154N,-3.75233261235552,154,True,mild,tolerant,154,-1.5007159814540945,True
I154P,-5.732622255141751,154,True,impactful,tolerant,154,-2.292717283537958,True
I154Q,-2.86228735986132,154,True,neutral,tolerant,154,-1.1447493674505176,True
I154R,-3.0244162100894703,154,True,neutral,tolerant,154,-1.2095915287746506,True
I154S,-3.19575393579745,154,True,neutral,tolerant,154,-1.2781167075792426,True
I154T,-2.84433104307196,154,True,neutral,tolerant,154,-1.137567879464854,True
I154V,-1.1615894622343998,154,True,neutral,tolerant,154,-0.46456858971506004,True
I154W,-5.88217812264581,154,True,impactful,tolerant,154,-2.3525309790895044,True
I154Y,-5.08927522282774,154,True,mild,tolerant,154,-2.0354156867030704,True
A155A,0.0,155,True,neutral,sensitive,155,0.0,True
A155C,-2.67461943798242,155,True,neutral,sensitive,155,-1.6730858254316006,True
A155D,-4.82442798297092,155,True,mild,sensitive,155,-3.0178805849900754,True
A155E,-3.60853245424617,155,True,mild,sensitive,155,-2.257287303783087,True
A155F,-5.5656085151377415,155,True,impactful,sensitive,155,-3.481519869459491,True
A155G,-4.14040689693935,155,True,mild,sensitive,155,-2.58999691410827,True
A155H,-4.2904482482144,155,True,mild,sensitive,155,-2.6838540268182016,True
A155I,-4.02028755502664,155,True,mild,sensitive,155,-2.5148572641601916,True
A155K,-4.84120694702845,155,True,mild,sensitive,155,-3.0283765256579023,True
A155L,-3.4655354080930603,155,True,neutral,sensitive,155,-2.167836697240786,True
A155M,-3.81325756259382,155,True,mild,sensitive,155,-2.385351383488117,True
A155N,-4.565785837979781,155,True,mild,sensitive,155,-2.8560891538433975,True
A155P,-7.43236718231993,155,True,impactful,sensitive,155,-4.649255144695547,True
A155Q,-4.35369710381951,155,True,mild,sensitive,155,-2.7234188195827023,True
A155R,-5.22166617124663,155,True,mild,sensitive,155,-3.2663696121339023,True
A155S,-2.2087205272187003,155,True,neutral,sensitive,155,-1.38164665744634,True
A155T,-1.86352324784424,155,True,neutral,sensitive,155,-1.165711385722364,True
A155V,-3.3561118599218305,155,True,neutral,sensitive,155,-2.099387711634139,True
A155W,-5.98456400436301,155,True,impactful,sensitive,155,-3.7435939726217393,True
A155Y,-6.04242725001462,155,True,impactful,sensitive,155,-3.7797898421119434,True
E156A,-3.25573884959715,156,True,neutral,sensitive,156,-1.9196512178036693,True
E156C,-3.67759657433227,156,True,mild,sensitive,156,-2.168387290455154,True
E156D,-2.15361633883572,156,True,neutral,sensitive,156,-1.2698169043992626,True
E156E,0.0,156,True,neutral,sensitive,156,0.0,True
E156F,-6.021446483186799,156,True,impactful,sensitive,156,-3.550369857158361,True
E156G,-4.61049832712043,156,True,mild,sensitive,156,-2.7184455317826366,True
E156H,-2.0850952343546,156,True,neutral,sensitive,156,-1.229415438637133,True
E156I,-4.22479882059488,156,True,mild,sensitive,156,-2.4910290952648055,True
E156K,-4.11657694606804,156,True,mild,sensitive,156,-2.42721923125985,True
E156L,-3.9401056956179694,156,True,mild,sensitive,156,-2.323168118291827,True
E156M,-4.43178110819288,156,True,mild,sensitive,156,-2.613070149171956,True
E156N,-2.188278594229,156,True,neutral,sensitive,156,-1.2902544897988917,True
E156P,-6.1670989880693,156,True,impactful,sensitive,156,-3.636249597914732,True
E156Q,-2.70176967930575,156,True,neutral,sensitive,156,-1.5930194940991842,True
E156R,-4.31733532463336,156,True,mild,sensitive,156,-2.5455905391873554,True
E156S,-2.85466153029495,156,True,neutral,sensitive,156,-1.6831677036154329,True
E156T,-2.9748464088279105,156,True,neutral,sensitive,156,-1.754031203145173,True
E156V,-4.04648093281384,156,True,mild,sensitive,156,-2.385889166588583,True
E156W,-7.00721080109281,156,True,impactful,sensitive,156,-4.131596964353959,True
E156Y,-7.00721080109281,156,True,impactful,sensitive,156,-4.131596964353959,True
D157A,-2.8439374509261204,157,True,neutral,sensitive,157,-1.6337223210489393,True
D157C,-4.86039395038953,157,True,mild,sensitive,157,-2.792091676719821,True
D157D,0.0,157,True,neutral,sensitive,157,0.0,True
D157E,-0.108009514945807,157,True,neutral,sensitive,157,-0.06204691857592402,True
D157F,-5.79376655218474,157,True,impactful,sensitive,157,-3.3282749366265354,True
D157G,-3.88764983049142,157,True,mild,sensitive,157,-2.233291137407984,True
D157H,-3.59662921390952,157,True,mild,sensitive,157,-2.0661120466581337,True
D157I,-3.96209368840897,157,True,mild,sensitive,157,-2.2760559993093215,True
D157K,-3.4728530677972995,157,True,neutral,sensitive,157,-1.995007862334003,True
D157L,-4.3419893808342005,157,True,mild,sensitive,157,-2.4942900790297915,True
D157M,-4.24951141044558,157,True,mild,sensitive,157,-2.441165378843438,True
D157N,-2.62518965360631,157,True,neutral,sensitive,157,-1.5080609219048458,True
D157P,-6.548780588656322,157,True,impactful,sensitive,157,-3.761998710574939,True
D157Q,-2.92769806169031,157,True,neutral,sensitive,157,-1.6818392651770833,True
D157R,-4.02814549210581,157,True,mild,sensitive,157,-2.3139999794098434,True
D157S,-3.23262801689267,157,True,neutral,sensitive,157,-1.8570086853091332,True
D157T,-2.97200955202959,157,True,neutral,sensitive,157,-1.7072943506335696,True
D157V,-2.18056864735743,157,True,neutral,sensitive,157,-1.2526448746639018,True
D157W,-5.79376655218474,157,True,impactful,sensitive,157,-3.3282749366265354,True
D157Y,-4.76259664736523,157,True,mild,sensitive,157,-2.7359112439057465,True
A158A,0.0,158,True,neutral,sensitive,158,0.0,True
A158C,-3.0159863965265,158,True,neutral,sensitive,158,-2.0586954917975167,True
A158D,-4.31173321699825,158,True,mild,sensitive,158,-2.943165044076785,True
A158E,-4.41118963433076,158,True,mild,sensitive,158,-3.0110534398031654,True
A158F,-5.57392853885028,158,True,impactful,sensitive,158,-3.804732530540698,True
A158G,-3.87758034588974,158,True,mild,sensitive,158,-2.646814715861973,True
A158H,-4.47651679810398,158,True,mild,sensitive,158,-3.0556453974150224,True
A158I,-4.48254491022191,158,True,mild,sensitive,158,-3.0597601531233125,True
A158K,-4.9043465248667,158,True,mild,sensitive,158,-3.3476795825684285,True
A158L,-3.93265622630048,158,True,mild,sensitive,158,-2.6844092046298775,True
A158M,-3.4503345833697403,158,True,neutral,sensitive,158,-2.3551791414434304,True
A158N,-3.3017883052041,158,True,neutral,sensitive,158,-2.2537822805241947,True
A158P,-4.69034062183895,158,True,mild,sensitive,158,-3.2016003468368974,True
A158Q,-5.05282608773252,158,True,mild,sensitive,158,-3.4490309039961295,True
A158R,-4.57663215131848,158,True,mild,sensitive,158,-3.123983579099057,True
A158S,-0.362081602857232,158,True,neutral,sensitive,158,-0.24715488250328146,True
A158T,-1.98531945820839,158,True,neutral,sensitive,158,-1.3551679885223211,True
A158V,-3.50622360931655,158,True,mild,sensitive,158,-2.3933286788187194,True
A158W,-6.25428631167889,158,True,impactful,sensitive,158,-4.269140951395905,True
A158Y,-5.372682043283089,158,True,mild,sensitive,158,-3.6673627951727337,True
D159A,-4.16785179699477,159,True,mild,sensitive,159,-2.061498100305961,True
D159C,-5.81266117375591,159,True,impactful,sensitive,159,-2.8750518375102057,True
D159D,0.0,159,True,neutral,sensitive,159,0.0,True
D159E,-1.91734946674126,159,True,neutral,sensitive,159,-0.948357205541662,True
D159F,-5.83080552430719,159,True,impactful,sensitive,159,-2.884026375477155,True
D159G,-4.18790698586245,159,True,mild,sensitive,159,-2.0714177749407,True
D159H,-2.7727378964246405,159,True,neutral,sensitive,159,-1.3714484546324945,True
D159I,-5.3438951269165305,159,True,mild,sensitive,159,-2.643191310285099,True
D159K,-5.21021987892416,159,True,mild,sensitive,159,-2.5770730116467204,True
D159L,-5.07158413546187,159,True,mild,sensitive,159,-2.5085011583989423,True
D159M,-5.466490530783651,159,True,impactful,sensitive,159,-2.70382930906436,True
D159N,-2.2703638689862595,159,True,neutral,sensitive,159,-1.1229647863902534,True
D159P,-6.3027245043105,159,True,impactful,sensitive,159,-3.1174464029063045,True
D159Q,-2.67926696763438,159,True,neutral,sensitive,159,-1.3252159704846906,True
D159R,-5.438093768433631,159,True,impactful,sensitive,159,-2.689783734871531,True
D159S,-4.36616194116552,159,True,mild,sensitive,159,-2.1595860375435993,True
D159T,-4.0936846888691,159,True,mild,sensitive,159,-2.024813649909596,True
D159V,-4.99103191314245,159,True,mild,sensitive,159,-2.468658510105487,True
D159W,-6.84948893125255,159,True,impactful,sensitive,159,-3.387886399901555,True
D159Y,-6.247203679083049,159,True,impactful,sensitive,159,-3.0899847556816273,True
R160A,-2.81367743161079,160,True,neutral,tolerant,160,-1.2352977499014066,True
R160C,-2.5280662244626297,160,True,neutral,tolerant,160,-1.1099049534233947,True
R160D,-3.8176637677014,160,True,mild,tolerant,160,-1.6760810635716157,True
R160E,-3.83528750034676,160,True,mild,tolerant,160,-1.683818466955917,True
R160F,-5.01283146211004,160,True,mild,tolerant,160,-2.2007993369142125,True
R160G,-3.26949777686426,160,True,neutral,tolerant,160,-1.4354180055230832,True
R160H,-1.41573951300966,160,True,neutral,tolerant,160,-0.6215566202505839,True
R160I,-3.44501874160833,160,True,neutral,tolerant,160,-1.5124775328068298,True
R160K,-1.17343943030001,160,True,neutral,tolerant,160,-0.5151788444581388,True
R160L,-3.23338971108187,160,True,neutral,tolerant,160,-1.4195653665840335,True
R160M,-3.75821247149232,160,True,mild,tolerant,160,-1.6499799719501236,True
R160N,-2.59643249713932,160,True,neutral,tolerant,160,-1.1399200155118423,True
R160P,-6.19303406344198,160,True,impactful,tolerant,160,-2.7189474378564387,True
R160Q,-2.83770648096319,160,True,neutral,tolerant,160,-1.2458472998476122,True
R160R,0.0,160,True,neutral,tolerant,160,0.0,True
R160S,-2.95456972300923,160,True,neutral,tolerant,160,-1.2971541406118756,True
R160T,-2.85672968107138,160,True,neutral,tolerant,160,-1.2541991158822305,True
R160V,-3.34820982583789,160,True,neutral,tolerant,160,-1.4699752066773,True
R160W,-4.93550218663355,160,True,mild,tolerant,160,-2.166849219205471,True
R160Y,-5.19686337707437,160,True,mild,tolerant,160,-2.281595453736793,True
K161A,-3.31571672660638,161,True,neutral,sensitive,161,-1.5297960582972452,True
K161C,-5.62232422052919,161,True,impactful,sensitive,161,-2.594012136808134,True
K161D,-4.6069841053413,161,True,mild,sensitive,161,-2.125557369975485,True
K161E,-3.65091627397652,161,True,mild,sensitive,161,-1.6844494827575114,True
K161F,-7.48732284431018,161,True,impactful,sensitive,161,-3.4544799567808147,True
K161G,-6.81894993823985,161,True,impactful,sensitive,161,-3.14610794509043,True
K161H,-3.93743733405434,161,True,mild,sensitive,161,-1.816643763652796,True
K161I,-6.12077752740051,161,True,impactful,sensitive,161,-2.8239871216969727,True
K161K,0.0,161,True,neutral,sensitive,161,0.0,True
K161L,-3.9875006309482894,161,True,mild,sensitive,161,-1.8397418267771795,True
K161M,-4.12411955213685,161,True,mild,sensitive,161,-1.9027746804121135,True
K161N,-4.04419832517043,161,True,mild,sensitive,161,-1.8659008494824594,True
K161P,-6.52231861569322,161,True,impactful,sensitive,161,-3.0092490197310915,True
K161Q,-3.37601745238833,161,True,neutral,sensitive,161,-1.5576174375705298,True
K161R,-1.9693310228548,161,True,neutral,sensitive,161,-0.9086044088359784,True
K161S,-3.38022633962683,161,True,neutral,sensitive,161,-1.5595593221276782,True
K161T,-3.41505649623635,161,True,neutral,sensitive,161,-1.5756291618288683,True
K161V,-5.1436252832335585,161,True,mild,sensitive,161,-2.373151367397517,True
K161W,-7.48732284431018,161,True,impactful,sensitive,161,-3.4544799567808147,True
K161Y,-7.48732284431018,161,True,impactful,sensitive,161,-3.4544799567808147,True
Y162A,-3.5825441681552297,162,True,mild,sensitive,162,-1.2462348643838894,True
Y162C,-1.8445327661951,162,True,neutral,sensitive,162,-0.641644857351327,True
Y162D,-5.24483967212764,162,True,mild,sensitive,162,-1.824486105603267,True
Y162E,-5.11046130018825,162,True,mild,sensitive,162,-1.7777408306618987,True
Y162F,-1.92358541831746,162,True,neutral,sensitive,162,-0.6691443567497186,True
Y162G,-7.32863716756589,162,True,impactful,sensitive,162,-2.5493623296605983,True
Y162H,-3.4464594534353195,162,True,neutral,sensitive,162,-1.1988960157798212,True
Y162I,-4.0239390564097794,162,True,mild,sensitive,162,-1.3997798516566926,True
Y162K,-6.36126480337134,162,True,impactful,sensitive,162,-2.212849195275013,True
Y162L,-3.4727505355118704,162,True,neutral,sensitive,162,-1.208041712683552,True
Y162M,-3.5008658463972204,162,True,mild,sensitive,162,-1.2178219914473885,True
Y162N,-4.4977855250621,162,True,mild,sensitive,162,-1.5646135457807737,True
Y162P,-7.32863716756589,162,True,impactful,sensitive,162,-2.5493623296605983,True
Y162Q,-4.15585588324458,162,True,mild,sensitive,162,-1.445668845925555,True
Y162R,-4.9167628583294505,162,True,mild,sensitive,162,-1.7103602932307094,True
Y162S,-3.11032114299575,162,True,neutral,sensitive,162,-1.0819659063205997,True
Y162T,-4.497770924110459,162,True,mild,sensitive,162,-1.5646084666487006,True
Y162V,-3.96197496583239,162,True,mild,sensitive,162,-1.3782248319855332,True
Y162W,-2.98030565607926,162,True,neutral,sensitive,162,-1.0367383180202405,True
Y162Y,0.0,162,True,neutral,sensitive,162,0.0,True
E163A,-4.20238439133266,163,True,mild,sensitive,163,-2.252595393364427,True
E163C,-5.65115207596275,163,True,impactful,sensitive,163,-3.0291753319307015,True
E163D,-0.8784847160270971,163,True,neutral,sensitive,163,-0.4708923411540077,True
E163E,0.0,163,True,neutral,sensitive,163,0.0,True
E163F,-6.58463920856239,163,True,impactful,sensitive,163,-3.529550504415122,True
E163G,-4.76731231067842,163,True,mild,sensitive,163,-2.5554125348248395,True
E163H,-3.34509014377826,163,True,neutral,sensitive,163,-1.793061735096088,True
E163I,-4.84949452175559,163,True,mild,sensitive,163,-2.5994644950574037,True
E163K,-3.4194489980508305,163,True,neutral,sensitive,163,-1.832920157599207,True
E163L,-4.96711474896892,163,True,mild,sensitive,163,-2.6625122216132326,True
E163M,-4.98385647821189,163,True,mild,sensitive,163,-2.671486256032228,True
E163N,-2.69008729783578,163,True,neutral,sensitive,163,-1.441961917465478,True
E163P,-4.74549160709251,163,True,mild,sensitive,163,-2.543716028317969,True
E163Q,-2.06535542938524,163,True,neutral,sensitive,163,-1.1070881891454076,True
E163R,-4.83814547125404,163,True,mild,sensitive,163,-2.5933810870446625,True
E163S,-3.89999948499612,163,True,mild,sensitive,163,-2.0905086388920173,True
E163T,-3.98769423134075,163,True,mild,sensitive,163,-2.137515471976016,True
E163V,-4.92620820931753,163,True,mild,sensitive,163,-2.6405851739668416,True
E163W,-5.65422803384854,163,True,impactful,sensitive,163,-3.0308241312594837,True
E163Y,-5.743980693376441,163,True,impactful,sensitive,163,-3.0789340632808715,True
E164A,-3.9800456584341095,164,True,mild,sensitive,164,-2.261270163989022,True
E164C,-5.567059131654591,164,True,impactful,sensitive,164,-3.1629347489762134,True
E164D,-2.1327582898483204,164,True,neutral,sensitive,164,-1.2117304929943178,True
E164E,0.0,164,True,neutral,sensitive,164,0.0,True
E164F,-7.02859922578372,164,True,impactful,sensitive,164,-3.993311405918432,True
E164G,-5.7294114697215495,164,True,impactful,sensitive,164,-3.255175524492621,True
E164H,-3.82050160245958,164,True,mild,sensitive,164,-2.1706249190400135,True
E164I,-4.75090074296207,164,True,mild,sensitive,164,-2.6992328792429254,True
E164K,-3.81136948181171,164,True,mild,sensitive,164,-2.1654364881205797,True
E164L,-4.82526689213877,164,True,mild,sensitive,164,-2.741484141860397,True
E164M,-5.59833767525786,164,True,impactful,sensitive,164,-3.1807057102899914,True
E164N,-2.93361862467156,164,True,neutral,sensitive,164,-1.6667407456582397,True
E164P,-6.57165916428063,164,True,impactful,sensitive,164,-3.7337000807019347,True
E164Q,-2.80376997276417,164,True,neutral,sensitive,164,-1.5929669984224106,True
E164R,-5.34043450201841,164,True,mild,sensitive,164,-3.0341775543607685,True
E164S,-5.10937296549275,164,True,mild,sensitive,164,-2.9028995230437857,True
E164T,-4.46259927360112,164,True,mild,sensitive,164,-2.535433876204201,True
E164V,-4.889657219373992,164,True,mild,sensitive,164,-2.7780676231372885,True
E164W,-7.02859922578372,164,True,impactful,sensitive,164,-3.993311405918432,True
E164Y,-6.223052581513691,164,True,impactful,sensitive,164,-3.53563861803741,True
V165A,-2.56495951398519,165,True,neutral,sensitive,165,-1.1784244844539657,True
V165C,-3.0999090136733,165,True,neutral,sensitive,165,-1.4241974040426324,True
V165D,-5.25414301246596,165,True,mild,sensitive,165,-2.413921442796058,True
V165E,-4.96867927262313,165,True,mild,sensitive,165,-2.282770265313367,True
V165F,-5.1898971778544905,165,True,mild,sensitive,165,-2.3844048503829844,True
V165G,-4.6024801978263605,165,True,mild,sensitive,165,-2.1145266912639586,True
V165H,-5.33253474885098,165,True,mild,sensitive,165,-2.449937115180469,True
V165I,-1.90147514539508,165,True,neutral,sensitive,165,-0.8735985327241171,True
V165K,-5.76798341823074,165,True,impactful,sensitive,165,-2.649996169103989,True
V165L,-0.601664776935131,165,True,neutral,sensitive,165,-0.2764240529755145,True
V165M,-1.49248418363004,165,True,neutral,sensitive,165,-0.6856949963772734,True
V165N,-4.01421062383024,165,True,mild,sensitive,165,-1.8442568231913605,True
V165P,-4.39960597091656,165,True,mild,sensitive,165,-2.021319779048907,True
V165Q,-5.2251914725905495,165,True,mild,sensitive,165,-2.4006201788713026,True
V165R,-6.47618663185614,165,True,impactful,sensitive,165,-2.9753673893336945,True
V165S,-1.43564057559549,165,True,neutral,sensitive,165,-0.6595792237393882,True
V165T,-2.9953819009381903,165,True,neutral,sensitive,165,-1.3761743033797482,True
V165V,0.0,165,True,neutral,sensitive,165,0.0,True
V165W,-6.24678264097802,165,True,impactful,sensitive,165,-2.8699718545471784,True
V165Y,-5.640446054637951,165,True,impactful,sensitive,165,-2.5914014228239823,True
A166A,0.0,166,True,neutral,tolerant,166,0.0,True
A166C,-2.42147525118822,166,True,neutral,tolerant,166,-1.542514235555521,True
A166D,-4.11051830054135,166,True,mild,tolerant,166,-2.6184587230388643,True
A166E,-3.3172263871494003,166,True,neutral,tolerant,166,-2.11312047159165,True
A166F,-4.29290483784944,166,True,mild,tolerant,166,-2.7346415458999926,True
A166G,-2.4421460030807003,166,True,neutral,tolerant,166,-1.5556817990225196,True
A166H,-3.99969264976559,166,True,mild,tolerant,166,-2.5478612044797013,True
A166I,-4.42747605928444,166,True,mild,tolerant,166,-2.820365331289797,True
A166K,-4.57366886407371,166,True,mild,tolerant,166,-2.913492230857564,True
A166L,-3.1202172397298,166,True,neutral,tolerant,166,-1.9876228377503495,True
A166M,-3.8927702444832497,166,True,mild,tolerant,166,-2.4797501089122718,True
A166N,-3.022303966093629,166,True,neutral,tolerant,166,-1.9252506874012907,True
A166P,-4.662058469319441,166,True,mild,tolerant,166,-2.9697976687511662,True
A166Q,-2.7947547252289504,166,True,neutral,tolerant,166,-1.7802985789081793,True
A166R,-3.021623355262661,166,True,neutral,tolerant,166,-1.9248171286047984,True
A166S,-0.5736986224113969,166,True,neutral,tolerant,166,-0.36545419638459303,True
A166T,-1.5171440554983002,166,True,neutral,tolerant,166,-0.9664423792257292,True
A166V,-2.97041809211758,166,True,neutral,tolerant,166,-1.8921986464221303,True
A166W,-4.81715852522167,166,True,mild,tolerant,166,-3.0685986141860813,True
A166Y,-4.63988382319756,166,True,mild,tolerant,166,-2.955672103232946,True
R167A,-4.21526719878632,167,True,mild,sensitive,167,-1.8051059968116951,True
R167C,-3.42443321397726,167,True,neutral,sensitive,167,-1.4664467609577148,True
R167D,-4.38613004528068,167,True,mild,sensitive,167,-1.878274679671963,True
R167E,-3.8637670892532,167,True,mild,sensitive,167,-1.6545829277685538,True
R167F,-3.42849491794136,167,True,neutral,sensitive,167,-1.468186106493149,True
R167G,-3.941325649901221,167,True,mild,sensitive,167,-1.6877958692803363,True
R167H,-2.08608196085731,167,True,neutral,sensitive,167,-0.8933239293747356,True
R167I,-4.678737636552509,167,True,mild,sensitive,167,-2.0035781759413056,True
R167K,-1.7757051170852802,167,True,neutral,sensitive,167,-0.7604110971524529,True
R167L,-3.7516564780675,167,True,mild,sensitive,167,-1.6065737442425843,True
R167M,-4.05557463476324,167,True,mild,sensitive,167,-1.736720769643345,True
R167N,-3.84459515176065,167,True,mild,sensitive,167,-1.6463729193144596,True
R167P,-3.75137643123235,167,True,mild,sensitive,167,-1.606453819645239,True
R167Q,-3.34192829505546,167,True,neutral,sensitive,167,-1.4311156379496444,True
R167R,0.0,167,True,neutral,sensitive,167,0.0,True
R167S,-3.4098239578647203,167,True,neutral,sensitive,167,-1.4601906318503368,True
R167T,-3.56574211493937,167,True,mild,sensitive,167,-1.5269595428290559,True
R167V,-5.02587158558375,167,True,mild,sensitive,167,-2.1522315218724093,True
R167W,-4.34116404321181,167,True,mild,sensitive,167,-1.8590188659454845,True
R167Y,-5.068951807629901,167,True,mild,sensitive,167,-2.170679787069424,True
K168A,-4.461947419420951,168,True,mild,sensitive,168,-2.4355391862595304,True
K168C,-4.70113679476476,168,True,mild,sensitive,168,-2.5660999127376534,True
K168D,-4.448035149849232,168,True,mild,sensitive,168,-2.4279452200993186,True
K168E,-3.8242597160418303,168,True,mild,sensitive,168,-2.0874594703454314,True
K168F,-5.5983185979944805,168,True,impactful,sensitive,168,-3.0558236215949277,True
K168G,-3.32422984061215,168,True,neutral,sensitive,168,-1.814519822825447,True
K168H,-4.4222307612563,168,True,mild,sensitive,168,-2.4138599802504563,True
K168I,-5.47096897778328,168,True,impactful,sensitive,168,-2.9863102541738704,True
K168K,0.0,168,True,neutral,sensitive,168,0.0,True
K168L,-4.02861506690595,168,True,mild,sensitive,168,-2.199006160202205,True
K168M,-6.175172461577341,168,True,impactful,sensitive,168,-3.3706973880104885,True
K168N,-4.10313364270682,168,True,mild,sensitive,168,-2.239681877418707,True
K168P,-6.48098776436504,168,True,impactful,sensitive,168,-3.5376256558012202,True
K168Q,-3.6733237154161,168,True,mild,sensitive,168,-2.00507155547642,True
K168R,-1.9876572900758895,168,True,neutral,sensitive,168,-1.0849561332263522,True
K168S,-2.8740107270035296,168,True,neutral,sensitive,168,-1.5687692142853025,True
K168T,-2.87659053127312,168,True,neutral,sensitive,168,-1.570177391881506,True
K168V,-5.14890150782985,168,True,mild,sensitive,168,-2.810510794889153,True
K168W,-5.43923128958118,168,True,impactful,sensitive,168,-2.9689863424305236,True
K168Y,-5.89702156596583,168,True,impactful,sensitive,168,-3.2188696450374588,True
L169A,-3.06135053448147,169,True,neutral,sensitive,169,-1.5715254794818438,True
L169C,-3.8693445475857,169,True,mild,sensitive,169,-1.9863042395617179,True
L169D,-6.00367581111774,169,True,impactful,sensitive,169,-3.0819500744688284,True
L169E,-5.0359726591888485,169,True,mild,sensitive,169,-2.585185609667436,True
L169F,-2.6771434685451805,169,True,neutral,sensitive,169,-1.3742951438129787,True
L169G,-5.6942683141866315,169,True,impactful,sensitive,169,-2.923117637773598,True
L169H,-4.19305390799703,169,True,mild,sensitive,169,-2.152478449964364,True
L169I,-1.99068335223434,169,True,neutral,sensitive,169,-1.0219050626120094,True
L169K,-5.1830299043626,169,True,mild,sensitive,169,-2.6606765425514434,True
L169L,0.0,169,True,neutral,sensitive,169,0.0,True
L169M,-1.44955137164103,169,True,neutral,sensitive,169,-0.7441182865841208,True
L169N,-4.36615686801816,169,True,mild,sensitive,169,-2.241339790468453,True
L169P,-5.82286358850485,169,True,impactful,sensitive,169,-2.9891312314002643,True
L169Q,-4.25309021547643,169,True,mild,sensitive,169,-2.183297719379999,True
L169R,-5.37080748446381,169,True,mild,sensitive,169,-2.757071009072239,True
L169S,-3.33888900396078,169,True,neutral,sensitive,169,-1.7139981468260315,True
L169T,-4.76378262532634,169,True,mild,sensitive,169,-2.445458528871571,True
L169V,-1.8452512555657896,169,True,neutral,sensitive,169,-0.947248389723746,True
L169W,-4.61614195670092,169,True,mild,sensitive,169,-2.3696680991448154,True
L169Y,-4.66653485042197,169,True,mild,sensitive,169,-2.3955369813833745,True
V170A,-1.19994101572681,170,True,neutral,tolerant,170,-0.5929316084954045,True
V170C,-2.21055576216021,170,True,neutral,tolerant,170,-1.0923106773982016,True
V170D,-3.63275189164568,170,True,mild,tolerant,170,-1.795066085872166,True
V170E,-3.45728552979302,170,True,neutral,tolerant,170,-1.7083621972588436,True
V170F,-4.12700215663682,170,True,mild,tolerant,170,-2.039291927625705,True
V170G,-1.5332782350113503,170,True,neutral,tolerant,170,-0.7576448494058775,True
V170H,-3.0093117293141,170,True,neutral,tolerant,170,-1.487003128270874,True
V170I,-1.06890450780964,170,True,neutral,tolerant,170,-0.5281820196467494,True
V170K,-3.11061811261813,170,True,neutral,tolerant,170,-1.5370620528480352,True
V170L,-0.409773129109721,170,True,neutral,tolerant,170,-0.20248281988598862,True
V170M,-1.71896350177066,170,True,neutral,tolerant,170,-0.8493982459899658,True
V170N,-3.1446359430753303,170,True,neutral,tolerant,170,-1.5538714181969597,True
V170P,-5.30351861098928,170,True,mild,tolerant,170,-2.6206486647966387,True
V170Q,-2.4904058729355603,170,True,neutral,tolerant,170,-1.2305941214549412,True
V170R,-3.04850922901021,170,True,neutral,tolerant,170,-1.506371944103655,True
V170S,-2.3872020896665003,170,True,neutral,tolerant,170,-1.1795976271152007,True
V170T,-2.33481597701028,170,True,neutral,tolerant,170,-1.1537118697046498,True
V170V,0.0,170,True,neutral,tolerant,170,0.0,True
V170W,-5.85690940373067,170,True,impactful,tolerant,170,-2.8940978498534173,True
V170Y,-4.9618034917609695,170,True,mild,tolerant,170,-2.4517956189921186,True
I171A,-2.81070808733036,171,True,neutral,tolerant,171,-1.3308794478599384,True
I171C,-4.13300668705052,171,True,mild,tolerant,171,-1.9569921481556964,True
I171D,-2.91895628652992,171,True,neutral,tolerant,171,-1.382135323285756,True
I171E,-2.87249517347628,171,True,neutral,tolerant,171,-1.36013583469905,True
I171F,-3.1164303869772403,171,True,neutral,tolerant,171,-1.4756399540066187,True
I171G,-2.59108713609159,171,True,neutral,tolerant,171,-1.2268882110464607,True
I171H,-3.62286940750543,171,True,mild,tolerant,171,-1.7154404822270597,True
I171I,0.0,171,True,neutral,tolerant,171,0.0,True
I171K,-4.06114068830646,171,True,mild,tolerant,171,-1.9229633633240268,True
I171L,-0.946635570529159,171,True,neutral,tolerant,171,-0.4482350305637933,True
I171M,-1.5323641843519598,171,True,neutral,tolerant,171,-0.7255794398512999,True
I171N,-1.89941503529934,171,True,neutral,tolerant,171,-0.8993792150920482,True
I171P,-5.72033252698416,171,True,impactful,tolerant,171,-2.7085961112094363,True
I171Q,-2.6268876572020496,171,True,neutral,tolerant,171,-1.2438398745732986,True
I171R,-3.65118928571845,171,True,mild,tolerant,171,-1.728850036940158,True
I171S,-2.99052486989022,171,True,neutral,tolerant,171,-1.4160232809630482,True
I171T,-1.8049805827451,171,True,neutral,tolerant,171,-0.8546641937631291,True
I171V,-0.430138729210739,171,True,neutral,tolerant,171,-0.20367209139064138,True
I171W,-4.0544444061332205,171,True,mild,tolerant,171,-1.9197926518717752,True
I171Y,-4.43441399546829,171,True,mild,tolerant,171,-2.0997094918799233,True
I172A,-2.29518387717816,172,True,neutral,tolerant,172,-0.9898756905666198,True
I172C,-2.19814480401022,172,True,neutral,tolerant,172,-0.9480243075383644,True
I172D,-4.13248385761964,172,True,mild,tolerant,172,-1.7822734609594508,True
I172E,-3.62928266847234,172,True,mild,tolerant,172,-1.5652509253996723,True
I172F,-3.7134121869104906,172,True,mild,tolerant,172,-1.6015346262347392,True
I172G,-2.7296823917777697,172,True,neutral,tolerant,172,-1.177267873592169,True
I172H,-3.21921167319132,172,True,neutral,tolerant,172,-1.3883939364362419,True
I172I,0.0,172,True,neutral,tolerant,172,0.0,True
I172K,-3.65717543764691,172,True,mild,tolerant,172,-1.5772806256877547,True
I172L,-0.28313109909945505,172,True,neutral,tolerant,172,-0.122109864498758,True
I172M,-1.49765814296986,172,True,neutral,tolerant,172,-0.6459157382752629,True
I172N,-2.81526522124423,172,True,neutral,tolerant,172,-1.2141783639721002,True
I172P,-4.80339280681891,172,True,mild,tolerant,172,-2.071625641409785,True
I172Q,-2.9316758385220294,172,True,neutral,tolerant,172,-1.264384380715657,True
I172R,-3.63596346635052,172,True,mild,tolerant,172,-1.5681322454886446,True
I172S,-2.28676529408696,172,True,neutral,tolerant,172,-0.9862448918171796,True
I172T,-0.9948670284365092,172,True,neutral,tolerant,172,-0.42907006126512076,True
I172V,-0.203043013536793,172,True,neutral,tolerant,172,-0.08756916830845235,True
I172W,-4.567947685381911,172,True,mild,tolerant,172,-1.970081967941875,True
I172Y,-3.69278847726444,172,True,mild,tolerant,172,-1.5926399537725793,True
E173A,-3.69898003183877,173,True,mild,sensitive,173,-2.046499534918817,True
E173C,-5.07979711720952,173,True,mild,sensitive,173,-2.8104510833716123,True
E173D,-1.99588986248662,173,True,neutral,sensitive,173,-1.1042470194946128,True
E173E,0.0,173,True,neutral,sensitive,173,0.0,True
E173F,-6.07395123234518,173,True,impactful,sensitive,173,-3.360477284310951,True
E173G,-4.06043974151587,173,True,mild,sensitive,173,-2.24648091394193,True
E173H,-2.43427031179785,173,True,neutral,sensitive,173,-1.3467856052427931,True
E173I,-6.5803509390717005,173,True,impactful,sensitive,173,-3.6406482382978753,True
E173K,-4.75693605957933,173,True,mild,sensitive,173,-2.631824813806397,True
E173L,-5.56405178501881,173,True,impactful,sensitive,173,-3.0783700620964947,True
E173M,-5.20191971577667,173,True,mild,sensitive,173,-2.878016693085518,True
E173N,-3.12862080988676,173,True,neutral,sensitive,173,-1.7309423076792827,True
E173P,-7.08186448514638,173,True,impactful,sensitive,173,-3.91811587260871,True
E173Q,-2.19784809818037,173,True,neutral,sensitive,173,-1.2159825335722134,True
E173R,-4.32198888989419,173,True,mild,sensitive,173,-2.3911857260543017,True
E173S,-4.2926638629612714,173,True,mild,sensitive,173,-2.3749613470462685,True
E173T,-3.9268366547024702,173,True,mild,sensitive,173,-2.1725636035823435,True
E173V,-5.44636381103796,173,True,impactful,sensitive,173,-3.013257954990142,True
E173W,-7.14116250204425,173,True,impactful,sensitive,173,-3.9509231229746367,True
E173Y,-7.14116250204425,173,True,impactful,sensitive,173,-3.9509231229746367,True
S174A,-0.204789870550302,174,True,neutral,tolerant,174,-0.14242525690551186,True
S174C,-1.6523689983415202,174,True,neutral,tolerant,174,-1.1491734354785315,True
S174D,-2.01074480883313,174,True,neutral,tolerant,174,-1.3984131402590045,True
S174E,-2.26381008944485,174,True,neutral,tolerant,174,-1.574412507357274,True
S174F,-4.41675078322317,174,True,mild,tolerant,174,-3.0717186514050123,True
S174G,-0.13538742295855,174,True,neutral,tolerant,174,-0.09415792121373671,True
S174H,-2.29236111953527,174,True,neutral,tolerant,174,-1.5942688986163633,True
S174I,-2.17197491763828,174,True,neutral,tolerant,174,-1.5105438799570734,True
S174K,-3.34630251897937,174,True,neutral,tolerant,174,-2.3272537585404285,True
S174L,-1.48107564016736,174,True,neutral,tolerant,174,-1.0300440054993754,True
S174M,-3.57170499164119,174,True,mild,tolerant,174,-2.4840144664296013,True
S174N,-1.14016558928567,174,True,neutral,tolerant,174,-0.7929512164467569,True
S174P,-5.22870256618149,174,True,mild,tolerant,174,-3.6364069388284967,True
S174Q,-1.78031401255518,174,True,neutral,tolerant,174,-1.2381553830240468,True
S174R,-2.05776710708114,174,True,neutral,tolerant,174,-1.4311157484996568,True
S174S,0.0,174,True,neutral,tolerant,174,0.0,True
S174T,-0.6046961669811189,174,True,neutral,tolerant,174,-0.4205481779964783,True
S174V,-2.12545983155993,174,True,neutral,tolerant,174,-1.478194022677078,True
S174W,-5.26858784689446,174,True,mild,tolerant,174,-3.664145963893693,True
S174Y,-4.65096453897626,174,True,mild,tolerant,174,-3.234607344309113,True
D175A,-3.2146458925452697,175,True,neutral,sensitive,175,-1.8174919761617438,True
D175C,-5.053412957488081,175,True,mild,sensitive,175,-2.857091514734242,True
D175D,0.0,175,True,neutral,sensitive,175,0.0,True
D175E,-0.218881183792603,175,True,neutral,sensitive,175,-0.12375073602923677,True
D175F,-4.62808859146541,175,True,mild,sensitive,175,-2.6166222225161104,True
D175G,-3.9052018111602793,175,True,mild,sensitive,175,-2.2079175107701743,True
D175H,-2.4560747826572,175,True,neutral,sensitive,175,-1.388612108314757,True
D175I,-3.72416588821356,175,True,mild,sensitive,175,-2.1055636751219877,True
D175K,-3.3485056202602403,175,True,neutral,sensitive,175,-1.8931734008615342,True
D175L,-4.42065470309661,175,True,mild,sensitive,175,-2.4993435422830546,True
D175M,-4.51844208876406,175,True,mild,sensitive,175,-2.5546304369399664,True
D175N,-2.03712624660595,175,True,neutral,sensitive,175,-1.1517475738838832,True
D175P,-5.107400386711371,175,True,mild,sensitive,175,-2.8876148515827804,True
D175Q,-2.05994965119072,175,True,neutral,sensitive,175,-1.1646514382870223,True
D175R,-4.36899873984932,175,True,mild,sensitive,175,-2.4701383663908754,True
D175S,-3.2943624885516,175,True,neutral,sensitive,175,-1.8625620331606867,True
D175T,-3.18971944894652,175,True,neutral,sensitive,175,-1.8033990985169512,True
D175V,-4.6169983833098485,175,True,mild,sensitive,175,-2.61035205621772,True
D175W,-5.90031980313655,175,True,impactful,sensitive,175,-3.335914516699106,True
D175Y,-4.216151085831,175,True,mild,sensitive,175,-2.3837215746074762,True
L176A,-3.88272396704708,176,True,mild,sensitive,176,-1.9720475972209874,True
L176C,-3.88675916820084,176,True,mild,sensitive,176,-1.9740970884562934,True
L176D,-5.97294352087046,176,True,impactful,sensitive,176,-3.0336766194655502,True
L176E,-5.5153448820599404,176,True,impactful,sensitive,176,-2.8012608454325107,True
L176F,-3.89513530040506,176,True,mild,sensitive,176,-1.9783513520937623,True
L176G,-5.3844064180318405,176,True,mild,sensitive,176,-2.734756791690364,True
L176H,-1.98551298603244,176,True,neutral,sensitive,176,-1.0084482303114142,True
L176I,-2.9889564886577498,176,True,neutral,sensitive,176,-1.5181003109367117,True
L176K,-4.76255089036053,176,True,mild,sensitive,176,-2.41891443215857,True
L176L,0.0,176,True,neutral,sensitive,176,0.0,True
L176M,-0.768727064078746,176,True,neutral,sensitive,176,-0.3904388703655825,True
L176N,-4.36781115076409,176,True,mild,sensitive,176,-2.2184248888365325,True
L176P,-4.79113252712222,176,True,mild,sensitive,176,-2.4334311344992208,True
L176Q,-2.70377776943196,176,True,neutral,sensitive,176,-1.3732571511342682,True
L176R,-4.17540199752141,176,True,mild,sensitive,176,-2.1206996805662865,True
L176S,-3.61736765184785,176,True,mild,sensitive,176,-1.8372722981687508,True
L176T,-4.05076787778491,176,True,mild,sensitive,176,-2.0573976229273443,True
L176V,-1.72608510364265,176,True,neutral,sensitive,176,-0.8766840007496605,True
L176W,-3.8436415227965295,176,True,mild,sensitive,176,-1.9521975020476143,True
L176Y,-4.8609227734157,176,True,mild,sensitive,176,-2.468877817982412,True
E177A,-3.69844121071008,177,True,mild,sensitive,177,-1.9955337229813939,True
E177C,-4.70838038405311,177,True,mild,sensitive,177,-2.5404572633988525,True
E177D,-1.9518042554798705,177,True,neutral,sensitive,177,-1.0531169729532828,True
E177E,0.0,177,True,neutral,sensitive,177,0.0,True
E177F,-6.51672376090414,177,True,impactful,sensitive,177,-3.5161683767150076,True
E177G,-4.16950992113456,177,True,mild,sensitive,177,-2.2497039108895387,True
E177H,-2.6687042201945697,177,True,neutral,sensitive,177,-1.4399280574311368,True
E177I,-4.2455624949750606,177,True,mild,sensitive,177,-2.290738894865697,True
E177K,-3.1563098075078,177,True,neutral,sensitive,177,-1.7030208950785095,True
E177L,-4.62711904221312,177,True,mild,sensitive,177,-2.496611832640934,True
E177M,-3.73599703826328,177,True,mild,sensitive,177,-2.015797373559334,True
E177N,-3.27483231895113,177,True,neutral,sensitive,177,-1.766970990549191,True
E177P,-6.360290208009981,177,True,impactful,sensitive,177,-3.4317629711884576,True
E177Q,-1.82025177052748,177,True,neutral,sensitive,177,-0.9821364151701037,True
E177R,-3.5777948892471496,177,True,mild,sensitive,177,-1.9304377029782238,True
E177S,-3.33394208611695,177,True,neutral,sensitive,177,-1.7988643010053347,True
E177T,-3.7204529580093504,177,True,mild,sensitive,177,-2.0074103979195375,True
E177V,-4.3174880053205404,177,True,mild,sensitive,177,-2.329547077356583,True
E177W,-5.15019839995884,177,True,mild,sensitive,177,-2.7788449245593063,True
E177Y,-4.98133074652162,177,True,mild,sensitive,177,-2.687730566386229,True
R178A,-2.97209457290098,178,True,neutral,tolerant,178,-1.5028593470477698,True
R178C,-3.30730311322586,178,True,neutral,tolerant,178,-1.672359770294991,True
R178D,-4.4313807996305705,178,True,mild,tolerant,178,-2.240757113106408,True
R178E,-3.728043944357161,178,True,mild,tolerant,178,-1.8851101640797818,True
R178F,-6.306871326854268,178,True,impactful,tolerant,178,-3.1891113461234712,True
R178G,-3.4290419196737303,178,True,neutral,tolerant,178,-1.7339178057750138,True
R178H,-2.9161408751931805,178,True,neutral,tolerant,178,-1.4745659884283053,True
R178I,-3.3490014777021404,178,True,neutral,tolerant,178,-1.6934448250510432,True
R178K,-1.44287054141898,178,True,neutral,tolerant,178,-0.729597065827836,True
R178L,-1.5008878468713602,178,True,neutral,tolerant,178,-0.7589339013998379,True
R178M,-3.43702817744721,178,True,neutral,tolerant,178,-1.737956110024226,True
R178N,-3.87383676861641,178,True,mild,tolerant,178,-1.9588312733164377,True
R178P,-3.8086190119913,178,True,mild,tolerant,178,-1.9258534818184152,True
R178Q,-3.5488985266232502,178,True,mild,tolerant,178,-1.7945240945862406,True
R178R,0.0,178,True,neutral,tolerant,178,0.0,True
R178S,-3.4461085843108,178,True,neutral,tolerant,178,-1.7425476780228926,True
R178T,-3.49031597877125,178,True,mild,tolerant,178,-1.764901440443268,True
R178V,-3.12849209144033,178,True,neutral,tolerant,178,-1.5819427903321872,True
R178W,-5.419330723643991,178,True,mild,tolerant,178,-2.740320549363243,True
R178Y,-4.09812338229208,178,True,mild,tolerant,178,-2.072243288147166,True
A179A,0.0,179,True,neutral,tolerant,179,0.0,True
A179C,-3.1304834003539,179,True,neutral,tolerant,179,-1.8348494777246886,True
A179D,-3.2287054178107,179,True,neutral,tolerant,179,-1.892419697522468,True
A179E,-3.866452187738101,179,True,mild,tolerant,179,-2.266217982985222,True
A179F,-4.45221466722296,179,True,mild,tolerant,179,-2.609547060990238,True
A179G,-2.0550117463105,179,True,neutral,tolerant,179,-1.2044904084173236,True
A179H,-4.48794757061639,179,True,mild,tolerant,179,-2.6304909507171756,True
A179I,-2.9108890960496403,179,True,neutral,tolerant,179,-1.7061401242368415,True
A179K,-3.2770666950272704,179,True,neutral,tolerant,179,-1.9207653722616767,True
A179L,-1.91700076751358,179,True,neutral,tolerant,179,-1.1235989485433713,True
A179M,-3.24374359062209,179,True,neutral,tolerant,179,-1.9012339220367376,True
A179N,-3.31398009969166,179,True,neutral,tolerant,179,-1.9424011813708508,True
A179P,-4.07870865624865,179,True,mild,tolerant,179,-2.390626459435293,True
A179Q,-4.31053780547274,179,True,mild,tolerant,179,-2.5265069414487398,True
A179R,-4.10849144830807,179,True,mild,tolerant,179,-2.408082849860245,True
A179S,-0.306921581472883,179,True,neutral,tolerant,179,-0.17989391140176317,True
A179T,-0.133696902832141,179,True,neutral,tolerant,179,-0.0783628791346505,True
A179V,-2.73779669312785,179,True,neutral,tolerant,179,-1.6046866218597793,True
A179W,-4.45885031716305,179,True,mild,tolerant,179,-2.61343637048971,True
A179Y,-4.72241460446641,179,True,mild,tolerant,179,-2.7679175585550357,True
E180A,-4.2675127580697,180,True,mild,sensitive,180,-2.28492333337387,True
E180C,-4.15163618888528,180,True,mild,sensitive,180,-2.2228803843000504,True
E180D,-2.32268254982297,180,True,neutral,sensitive,180,-1.2436170329134235,True
E180E,0.0,180,True,neutral,sensitive,180,0.0,True
E180F,-5.4194143567581,180,True,mild,sensitive,180,-2.9016776326121714,True
E180G,-3.5201344253683704,180,True,mild,sensitive,180,-1.88475998576158,True
E180H,-3.29680356429478,180,True,neutral,sensitive,180,-1.7651835663204012,True
E180I,-3.47357182226948,180,True,neutral,sensitive,180,-1.859829309671134,True
E180K,-3.7226025752116696,180,True,mild,sensitive,180,-1.993166035390181,True
E180L,-1.92990348864409,180,True,neutral,sensitive,180,-1.033314195493377,True
E180M,-3.6830363515815097,180,True,mild,sensitive,180,-1.9719813798985044,True
E180N,-2.40842873226166,180,True,neutral,sensitive,180,-1.2895274880447904,True
E180P,-5.96685744151849,180,True,impactful,sensitive,180,-3.1947911038485133,True
E180Q,-2.57305989811906,180,True,neutral,sensitive,180,-1.3776747563937357,True
E180R,-4.24874890118139,180,True,mild,sensitive,180,-2.2748767378839996,True
E180S,-3.70903275199522,180,True,mild,sensitive,180,-1.9859004435912126,True
E180T,-3.75675573783089,180,True,mild,sensitive,180,-2.011452414975011,True
E180V,-3.3764640934557097,180,True,neutral,sensitive,180,-1.807835624356907,True
E180W,-6.6619369268374005,180,True,impactful,sensitive,180,-3.566952459793249,True
E180Y,-6.127608063404501,180,True,impactful,sensitive,180,-3.2808606407484673,True
E181A,-2.8555538420150097,181,True,neutral,sensitive,181,-1.42303697826175,True
E181C,-4.9698565675928,181,True,mild,sensitive,181,-2.476678803349419,True
E181D,-0.7942065968286791,181,True,neutral,sensitive,181,-0.39578499240242687,True
E181E,0.0,181,True,neutral,sensitive,181,0.0,True
E181F,-5.9544164017423205,181,True,impactful,sensitive,181,-2.967324446478798,True
E181G,-3.84340194322237,181,True,mild,sensitive,181,-1.915321296715284,True
E181H,-3.22663813245883,181,True,neutral,sensitive,181,-1.6079631595103414,True
E181I,-3.62209618821921,181,True,mild,sensitive,181,-1.8050357653279976,True
E181K,-4.21254315262992,181,True,mild,sensitive,181,-2.0992791627720244,True
E181L,-4.00067225897876,181,True,mild,sensitive,181,-1.9936954011048966,True
E181M,-4.971503877602371,181,True,mild,sensitive,181,-2.4774997239791716,True
E181N,-2.6232532611759702,181,True,neutral,sensitive,181,-1.307272284302287,True
E181P,-5.140927176714,181,True,mild,sensitive,181,-2.561930147271356,True
E181Q,-1.8085863339335704,181,True,neutral,sensitive,181,-0.9012910888593906,True
E181R,-4.10928476478961,181,True,mild,sensitive,181,-2.0478213677725203,True
E181S,-2.94536145392171,181,True,neutral,sensitive,181,-1.4677917122794542,True
E181T,-2.86882102744657,181,True,neutral,sensitive,181,-1.4296485487349733,True
E181V,-2.99162982175278,181,True,neutral,sensitive,181,-1.490849095186641,True
E181W,-6.59681804229933,181,True,impactful,sensitive,181,-3.2874589422666847,True
E181Y,-6.26111943772415,181,True,impactful,sensitive,181,-3.1201668671418625,True
R182A,-4.75062412205554,182,True,mild,sensitive,182,-1.6317762364785289,True
R182C,-4.31646682694943,182,True,mild,sensitive,182,-1.4826489768077702,True
R182D,-4.90130729220386,182,True,mild,sensitive,182,-1.6835339024120926,True
R182E,-4.10906327396959,182,True,mild,sensitive,182,-1.4114086133484778,True
R182F,-3.17813068988585,182,True,neutral,sensitive,182,-1.091645645485192,True
R182G,-4.1449588865225,182,True,mild,sensitive,182,-1.42373827910455,True
R182H,-4.20978324894634,182,True,mild,sensitive,182,-1.4460045858950616,True
R182I,-5.329487230749691,182,True,mild,sensitive,182,-1.8306080195606422,True
R182K,-1.06256452099409,182,True,neutral,sensitive,182,-0.3649767884252485,True
R182L,-4.23183145097352,182,True,mild,sensitive,182,-1.4535778502074284,True
R182M,-4.6215147205775,182,True,mild,sensitive,182,-1.5874288733058193,True
R182N,-4.58829447925266,182,True,mild,sensitive,182,-1.5760181620032168,True
R182P,-2.47556119472398,182,True,neutral,sensitive,182,-0.8503223630648166,True
R182Q,-3.33152100852809,182,True,neutral,sensitive,182,-1.1443331809406334,True
R182R,0.0,182,True,neutral,sensitive,182,0.0,True
R182S,-5.08321708343733,182,True,mild,sensitive,182,-1.7460174975968676,True
R182T,-3.27694881274044,182,True,neutral,sensitive,182,-1.1255883571088943,True
R182V,-5.03391759499798,182,True,mild,sensitive,182,-1.7290837786498359,True
R182W,-4.30501507125928,182,True,mild,sensitive,182,-1.4787154509549485,True
R182Y,-6.585843283576518,182,True,impactful,sensitive,182,-2.2621496231240346,True
A183A,0.0,183,True,neutral,sensitive,183,0.0,True
A183C,-0.890975226043432,183,True,neutral,sensitive,183,-0.5757518986021843,True
A183D,-4.6769982804352805,183,True,mild,sensitive,183,-3.0222957507782597,True
A183E,-4.977198001957,183,True,mild,sensitive,183,-3.21628606001897,True
A183F,-4.9949709211303,183,True,mild,sensitive,183,-3.2277709943455637,True
A183G,-2.357062618011569,183,True,neutral,sensitive,183,-1.5231436719860523,True
A183H,-2.3485868618962003,183,True,neutral,sensitive,183,-1.51766660311492,True
A183I,-1.73210674378616,183,True,neutral,sensitive,183,-1.119294585490434,True
A183K,-5.1776201902358485,183,True,mild,sensitive,183,-3.345799712083103,True
A183L,-2.2350854893010097,183,True,neutral,sensitive,183,-1.4443215438411288,True
A183M,-1.60049371832369,183,True,neutral,sensitive,183,-1.0342457007674586,True
A183N,-3.9459638040466296,183,True,mild,sensitive,183,-2.5498982301496644,True
A183P,-4.51819149713935,183,True,mild,sensitive,183,-2.9196741465844296,True
A183Q,-5.066290327150768,183,True,mild,sensitive,183,-3.2738578912908474,True
A183R,-3.57511918327583,183,True,mild,sensitive,183,-2.3102568930461045,True
A183S,-0.417093384826715,183,True,neutral,sensitive,183,-0.2695274808872032,True
A183T,-2.34158111773823,183,True,neutral,sensitive,183,-1.5131394620876835,True
A183V,-2.50680534876631,183,True,neutral,sensitive,183,-1.6199080477103613,True
A183W,-5.68647086502421,183,True,impactful,sensitive,183,-3.6746211355646587,True
A183Y,-3.77635867036627,183,True,mild,sensitive,183,-2.440298687003238,True
E184A,-3.38492259078593,184,True,neutral,tolerant,184,-1.3610286562789993,True
E184C,-3.80053767551824,184,True,mild,tolerant,184,-1.5281415001125,True
E184D,-0.259309313076415,184,True,neutral,tolerant,184,-0.10426454268045132,True
E184E,0.0,184,True,neutral,tolerant,184,0.0,True
E184F,-3.253367899905529,184,True,neutral,tolerant,184,-1.3081324084760093,True
E184G,-3.65806576789618,184,True,mild,tolerant,184,-1.470855596583659,True
E184H,-0.8867665259037191,184,True,neutral,tolerant,184,-0.3565560572845204,True
E184I,-4.56390675550646,184,True,mild,tolerant,184,-1.8350812203913236,True
E184K,-2.79679786407775,184,True,neutral,tolerant,184,-1.1245521682508834,True
E184L,-3.14464901950872,184,True,neutral,tolerant,184,-1.2644181114042201,True
E184M,-4.49722806417523,184,True,mild,tolerant,184,-1.8082706782796603,True
E184N,-1.9918959564699,184,True,neutral,tolerant,184,-0.8009126957471541,True
E184P,-4.251594961494661,184,True,mild,tolerant,184,-1.7095051429646106,True
E184Q,-1.54983886471023,184,True,neutral,tolerant,184,-0.6231679014543632,True
E184R,-1.94092190250882,184,True,neutral,tolerant,184,-0.7804167622931386,True
E184S,-1.48125579546354,184,True,neutral,tolerant,184,-0.59559163639164,True
E184T,-2.97180415791605,184,True,neutral,tolerant,184,-1.1949196802263362,True
E184V,-2.0728644140445103,184,True,neutral,tolerant,184,-0.8334689471999142,True
E184W,-6.548376362164018,184,True,impactful,tolerant,184,-2.6330078877626253,True
E184Y,-6.548376362164018,184,True,impactful,tolerant,184,-2.6330078877626253,True
L185A,-1.7545835582754,185,True,neutral,tolerant,185,-0.8185551110397346,True
L185C,-0.6823168749215249,185,True,neutral,tolerant,185,-0.3183171087415428,True
L185D,-2.3144927865627403,185,True,neutral,tolerant,185,-1.0797661308120847,True
L185E,-2.03729043590352,185,True,neutral,tolerant,185,-0.9504446175366718,True
L185F,-1.8471872271841496,185,True,neutral,tolerant,185,-0.8617569329927421,True
L185G,-2.67488612139456,185,True,neutral,tolerant,185,-1.2478982239346266,True
L185H,-1.4733166202471295,185,True,neutral,tolerant,185,-0.6873373707368247,True
L185I,-0.303180316070575,185,True,neutral,tolerant,185,-0.1414408542219216,True
L185K,-2.93304296207773,185,True,neutral,tolerant,185,-1.3683345521986299,True
L185L,0.0,185,True,neutral,tolerant,185,0.0,True
L185M,-0.21986481561579704,185,True,neutral,tolerant,185,-0.10257218455700993,True
L185N,-2.03200349315369,185,True,neutral,tolerant,185,-0.947978132546979,True
L185P,-2.5017278416428903,185,True,neutral,tolerant,185,-1.1671157532218068,True
L185Q,-1.49967264164973,185,True,neutral,tolerant,185,-0.6996330838272724,True
L185R,-2.76229730895682,185,True,neutral,tolerant,185,-1.28867762939735,True
L185S,-1.80975684493871,185,True,neutral,tolerant,185,-0.8442947662291993,True
L185T,-1.7654952406929498,185,True,neutral,tolerant,185,-0.8236456713443729,True
L185V,-0.285810573223425,185,True,neutral,tolerant,185,-0.13333745457593632,True
L185W,-5.013687133690089,185,True,mild,tolerant,185,-2.339004722277249,True
L185Y,-4.2170338657189,185,True,mild,tolerant,185,-1.9673469570208113,True
S186A,-0.250065818300635,186,True,neutral,tolerant,186,-0.14758044080172433,True
S186C,-2.37435136701312,186,True,neutral,tolerant,186,-1.4012623706159812,True
S186D,-3.23076993766656,186,True,neutral,tolerant,186,-1.9066918252560694,True
S186E,-2.36131271249893,186,True,neutral,tolerant,186,-1.3935673949741996,True
S186F,-2.04621753242624,186,True,neutral,tolerant,186,-1.2076088106077403,True
S186G,-1.13583685224382,186,True,neutral,tolerant,186,-0.6703327326866422,True
S186H,-1.75249964605735,186,True,neutral,tolerant,186,-1.0342663864561965,True
S186I,-3.06045452727376,186,True,neutral,tolerant,186,-1.8061773946477333,True
S186K,-4.565082095709808,186,True,mild,tolerant,186,-2.694158012315601,True
S186L,-1.7100180594740702,186,True,neutral,tolerant,186,-1.0091951819368337,True
S186M,-4.05951546929135,186,True,mild,tolerant,186,-2.395789582401774,True
S186N,-0.96720168584392,186,True,neutral,tolerant,186,-0.5708099256069102,True
S186P,-2.5914209572137703,186,True,neutral,tolerant,186,-1.5293695466553234,True
S186Q,-2.99070264540137,186,True,neutral,tolerant,186,-1.7650121784521255,True
S186R,-4.47973605258379,186,True,mild,tolerant,186,-2.643789646295746,True
S186S,0.0,186,True,neutral,tolerant,186,0.0,True
S186T,-0.222988600042415,186,True,neutral,tolerant,186,-0.1316003766994469,True
S186V,-1.36007496794434,186,True,neutral,tolerant,186,-0.802670531529047,True
S186W,-4.32346226867623,186,True,mild,tolerant,186,-2.551562111674824,True
S186Y,-3.1089067942433,186,True,neutral,tolerant,186,-1.8347722940458226,True
E187A,-4.7741110946165985,187,True,mild,tolerant,187,-2.0956988780643377,True
E187C,-3.32897876202562,187,True,neutral,tolerant,187,-1.4613269189617328,True
E187D,-0.655826535622468,187,True,neutral,tolerant,187,-0.28788918139308706,True
E187E,0.0,187,True,neutral,tolerant,187,0.0,True
E187F,-4.65823295760059,187,True,mild,tolerant,187,-2.0448316743223733,True
E187G,-5.11185138254951,187,True,mild,tolerant,187,-2.2439572508735215,True
E187H,-0.7085799964013628,187,True,neutral,tolerant,187,-0.31104644907649015,True
E187I,-2.28134136442984,187,True,neutral,tolerant,187,-1.0014439218451694,True
E187K,-3.52224066149759,187,True,mild,tolerant,187,-1.5461633917352087,True
E187L,-2.48261012163397,187,True,neutral,tolerant,187,-1.0897951772522187,True
E187M,-4.79466251044891,187,True,mild,tolerant,187,-2.1047203646298627,True
E187N,-3.16249310080934,187,True,neutral,tolerant,187,-1.388244452611465,True
E187P,-7.331240623377822,187,True,impactful,tolerant,187,-3.2182059538910797,True
E187Q,-2.2133075583506403,187,True,neutral,tolerant,187,-0.9715790175216399,True
E187R,-2.51573781268703,187,True,neutral,tolerant,187,-1.1043372906628273,True
E187S,-2.09552279155436,187,True,neutral,tolerant,187,-0.9198748575773147,True
E187T,-4.4987274863328,187,True,mild,tolerant,187,-1.9748133126721874,True
E187V,-3.2503106906907404,187,True,neutral,tolerant,187,-1.426793874889529,True
E187W,-6.516531725491849,187,True,impactful,tolerant,187,-2.860571937964229,True
E187Y,-5.55539157435948,187,True,impactful,tolerant,187,-2.4386587699480886,True
G188A,0.109621810052663,188,True,neutral,tolerant,188,0.07097620271035038,True
G188C,0.0704538526255968,188,True,neutral,tolerant,188,0.045616350644796105,True
G188D,-1.8271201531150096,188,True,neutral,tolerant,188,-1.1829949742789077,True
G188E,-1.48807642326034,188,True,neutral,tolerant,188,-0.9634762809980925,True
G188F,-1.02117291685067,188,True,neutral,tolerant,188,-0.6611729537570451,True
G188G,0.0,188,True,neutral,tolerant,188,0.0,True
G188H,-0.527531389746536,188,True,neutral,tolerant,188,-0.34155771407838953,True
G188I,-0.6121132178546701,188,True,neutral,tolerant,188,-0.39632142373188745,True
G188K,-0.929697637937437,188,True,neutral,tolerant,188,-0.6019459811681743,True
G188L,-0.31370916370399105,188,True,neutral,tolerant,188,-0.20311546748272347,True
G188M,-0.594677743528929,188,True,neutral,tolerant,188,-0.3850325774749208,True
G188N,-0.5699672529752811,188,True,neutral,tolerant,188,-0.36903341831338765,True
G188P,-1.95636486087314,188,True,neutral,tolerant,188,-1.2666763016778453,True
G188Q,-1.52943826550321,188,True,neutral,tolerant,188,-0.9902565950441125,True
G188R,-0.4589911673513951,188,True,neutral,tolerant,188,-0.2971803705899635,True
G188S,0.322343445011345,188,True,neutral,tolerant,188,0.2087058559285495,True
G188T,-0.0179942984910735,188,True,neutral,tolerant,188,-0.01165066492442905,True
G188V,-0.31916327427734403,188,True,neutral,tolerant,188,-0.20664680907864308,True
G188W,-1.10606796884242,188,True,neutral,tolerant,188,-0.7161394646765188,True
G188Y,-2.0021280820686003,188,True,neutral,tolerant,188,-1.2963063512335604,True
K189A,-1.90042072389433,189,True,neutral,tolerant,189,-1.0648741943193767,True
K189C,-1.97162474340739,189,True,neutral,tolerant,189,-1.1047723715797753,True
K189D,-3.6012981073694506,189,True,mild,tolerant,189,-2.017937066446227,True
K189E,-1.3966456453764498,189,True,neutral,tolerant,189,-0.7825908693114259,True
K189F,-2.33247021564835,189,True,neutral,tolerant,189,-1.3069670891468277,True
K189G,-3.56762976507662,189,True,mild,tolerant,189,-1.999071481356375,True
K189H,-1.44157757856851,189,True,neutral,tolerant,189,-0.8077678501533627,True
K189I,-4.7458665496110894,189,True,mild,tolerant,189,-2.6592799977513795,True
K189K,0.0,189,True,neutral,tolerant,189,0.0,True
K189L,-1.99743302966648,189,True,neutral,tolerant,189,-1.119233684115136,True
K189M,-3.1280934480750493,189,True,neutral,tolerant,189,-1.7527834486295866,True
K189N,-1.24153947276212,189,True,neutral,tolerant,189,-0.6956792930904593,True
K189P,-3.56979191669505,189,True,mild,tolerant,189,-2.000283012799767,True
K189Q,-1.04469111468249,189,True,neutral,tolerant,189,-0.5853780665896301,True
K189R,-0.4388063972005671,189,True,neutral,tolerant,189,-0.2458790323669004,True
K189S,-1.987076629219,189,True,neutral,tolerant,189,-1.1134306198547337,True
K189T,-2.09482455398913,189,True,neutral,tolerant,189,-1.1738056637261016,True
K189V,-2.29450388221967,189,True,neutral,tolerant,189,-1.2856931847882818,True
K189W,-6.102903965451452,189,True,impactful,tolerant,189,-3.419676949165916,True
K189Y,-4.5321254402911695,189,True,mild,tolerant,189,-2.5395131541686764,True
C190A,-0.3485229504572511,190,True,neutral,tolerant,190,-0.20370204984186208,True
C190C,0.0,190,True,neutral,tolerant,190,0.0,True
C190D,-4.66359101850458,190,True,mild,tolerant,190,-2.7257402958603802,True
C190E,-4.33622582198375,190,True,mild,tolerant,190,-2.534404369515534,True
C190F,-2.32299242029898,190,True,neutral,tolerant,190,-1.3577249852877387,True
C190G,-1.6920073924660302,190,True,neutral,tolerant,190,-0.9889316434992996,True
C190H,-4.4585863219132,190,True,mild,tolerant,190,-2.6059207061659695,True
C190I,-0.36512276671465,190,True,neutral,tolerant,190,-0.21340418450528698,True
C190K,-2.61930029709501,190,True,neutral,tolerant,190,-1.5309087650315196,True
C190L,-0.86614780583721,190,True,neutral,tolerant,190,-0.5062394980978792,True
C190M,-0.5981362385316171,190,True,neutral,tolerant,190,-0.3495941306411502,True
C190N,-1.8401519034808,190,True,neutral,tolerant,190,-1.0755180233257564,True
C190P,-6.42760794256438,190,True,impactful,tolerant,190,-3.7567595240497518,True
C190Q,-3.51797969419232,190,True,mild,tolerant,190,-2.0561620807721277,True
C190R,-2.65675456488845,190,True,neutral,tolerant,190,-1.5527997513061398,True
C190S,-0.13650878213773698,190,True,neutral,tolerant,190,-0.07978561729260907,True
C190T,-1.54907318136556,190,True,neutral,tolerant,190,-0.9053905402362407,True
C190V,-0.211830041512057,190,True,neutral,tolerant,190,-0.12380881550979936,True
C190W,-4.60322374981187,190,True,mild,tolerant,190,-2.6904572926609456,True
C190Y,-1.91347797737997,190,True,neutral,tolerant,190,-1.1183750906738905,True
A191A,0.0,191,True,neutral,tolerant,191,0.0,True
A191C,-0.611868721225836,191,True,neutral,tolerant,191,-0.3535484458053151,True
A191D,-1.83280747673203,191,True,neutral,tolerant,191,-1.0590282071630912,True
A191E,-2.6763327986781897,191,True,neutral,tolerant,191,-1.5464318874395007,True
A191F,-2.66198623189637,191,True,neutral,tolerant,191,-1.5381421902995769,True
A191G,-0.6277389796392779,191,True,neutral,tolerant,191,-0.36271855861212776,True
A191H,-1.9225523680191496,191,True,neutral,tolerant,191,-1.1108843745611583,True
A191I,-1.3576873863334,191,True,neutral,tolerant,191,-0.7844955113345083,True
A191K,-0.538630210288406,191,True,neutral,tolerant,191,-0.3112299535915794,True
A191L,-0.6363784179341789,191,True,neutral,tolerant,191,-0.36771057712170896,True
A191M,-1.1244938976381298,191,True,neutral,tolerant,191,-0.6497522361186109,True
A191N,-0.7371203212033679,191,True,neutral,tolerant,191,-0.4259210103285817,True
A191P,-4.01622383156663,191,True,mild,tolerant,191,-2.3206443545797213,True
A191Q,-1.21137109218374,191,True,neutral,tolerant,191,-0.6999513981970229,True
A191R,-0.280812988863862,191,True,neutral,tolerant,191,-0.1622586550524452,True
A191S,-0.120127929873015,191,True,neutral,tolerant,191,-0.06941201834819499,True
A191T,-0.350928716075897,191,True,neutral,tolerant,191,-0.20277274822697577,True
A191V,-0.4397577249349779,191,True,neutral,tolerant,191,-0.25409970274368354,True
A191W,-2.8047269045034504,191,True,neutral,tolerant,191,-1.620620246789103,True
A191Y,-1.61111106777602,191,True,neutral,tolerant,191,-0.9309281456499171,True
E192A,-1.64726825442094,192,True,neutral,tolerant,192,-0.7770174567262939,True
E192C,-1.8040307528424704,192,True,neutral,tolerant,192,-0.850962424406361,True
E192D,-0.30639380626664603,192,True,neutral,tolerant,192,-0.14452614834472566,True
E192E,0.0,192,True,neutral,tolerant,192,0.0,True
E192F,-6.47864845160616,192,True,impactful,tolerant,192,-3.0559824906359028,True
E192G,-1.5088606917653302,192,True,neutral,tolerant,192,-0.7117305236249502,True
E192H,-1.11117791138153,192,True,neutral,tolerant,192,-0.5241433096005496,True
E192I,-3.14824180212013,192,True,neutral,tolerant,192,-1.4850276096061277,True
E192K,-1.4255470066674298,192,True,neutral,tolerant,192,-0.6724314067194146,True
E192L,-1.76898663767076,192,True,neutral,tolerant,192,-0.834432093556564,True
E192M,-1.82184419805382,192,True,neutral,tolerant,192,-0.859365037554832,True
E192N,-0.6478591005079151,192,True,neutral,tolerant,192,-0.3055955393073502,True
E192P,-2.84555125573489,192,True,neutral,tolerant,192,-1.3422482912430544,True
E192Q,-0.242215141559843,192,True,neutral,tolerant,192,-0.11425303241917194,True
E192R,-1.37751327586315,192,True,neutral,tolerant,192,-0.6497738661236743,True
E192S,-1.4784582237957702,192,True,neutral,tolerant,192,-0.6973896606376923,True
E192T,-1.81969410457302,192,True,neutral,tolerant,192,-0.858350837127129,True
E192V,-2.6930412954978595,192,True,neutral,tolerant,192,-1.2703092484606981,True
E192W,-6.47864845160616,192,True,impactful,tolerant,192,-3.0559824906359028,True
E192Y,-6.47864845160616,192,True,impactful,tolerant,192,-3.0559824906359028,True
L193A,-1.80220222736392,193,True,neutral,tolerant,193,-0.8566802551166974,True
L193C,-2.93358820250508,193,True,neutral,tolerant,193,-1.3944867293862824,True
L193D,-5.74127813525537,193,True,impactful,tolerant,193,-2.7291274768873666,True
L193E,-5.34993319823672,193,True,mild,tolerant,193,-2.5431009170522114,True
L193F,-2.3321846886666,193,True,neutral,tolerant,193,-1.108608425697342,True
L193G,-6.63527697645693,193,True,impactful,tolerant,193,-3.154091525719347,True
L193H,-4.46409593058451,193,True,mild,tolerant,193,-2.122016487723664,True
L193I,-0.7135291961603001,193,True,neutral,tolerant,193,-0.33917745995349086,True
L193K,-4.213086994032141,193,True,mild,tolerant,193,-2.0026989125163657,True
L193L,0.0,193,True,neutral,tolerant,193,0.0,True
L193M,-0.507921270689361,193,True,neutral,tolerant,193,-0.24144134167996098,True
L193N,-5.48846507528826,193,True,impactful,tolerant,193,-2.6089523081848798,True
L193P,-4.91672517072629,193,True,mild,tolerant,193,-2.337174657561857,True
L193Q,-5.0581828398154505,193,True,mild,tolerant,193,-2.404416829502112,True
L193R,-2.55011446365376,193,True,neutral,tolerant,193,-1.2122017585646556,True
L193S,-2.30756292007781,193,True,neutral,tolerant,193,-1.0969044211878582,True
L193T,-2.2683319767292,193,True,neutral,tolerant,193,-1.0782559176813928,True
L193V,-0.45444290724285,193,True,neutral,tolerant,193,-0.21602029994282343,True
L193W,-5.86306995745922,193,True,impactful,tolerant,193,-2.7870214511220643,True
L193Y,-2.3654796298175,193,True,neutral,tolerant,193,-1.1244352392736237,True
E194A,-2.33604182320087,194,True,neutral,sensitive,194,-0.9698342419589606,True
E194C,-5.76288927620677,194,True,impactful,sensitive,194,-2.392528805424058,True
E194D,-0.237176466179442,194,True,neutral,sensitive,194,-0.0984664983319801,True
E194E,0.0,194,True,neutral,sensitive,194,0.0,True
E194F,-7.04740946675487,194,True,impactful,sensitive,194,-2.9258119225791384,True
E194G,-4.422969869053981,194,True,mild,sensitive,194,-1.8362460755448746,True
E194H,-1.45014773742241,194,True,neutral,sensitive,194,-0.6020452706298282,True
E194I,-5.09019347765924,194,True,mild,sensitive,194,-2.113251519643536,True
E194K,-2.36062081595151,194,True,neutral,sensitive,194,-0.9800384894025143,True
E194L,-5.4201625233731185,194,True,mild,sensitive,194,-2.250241909174042,True
E194M,-4.43674953516782,194,True,mild,sensitive,194,-1.8419668601246864,True
E194N,-0.6204162478147021,194,True,neutral,sensitive,194,-0.2575728377045652,True
E194P,-4.56468008531979,194,True,mild,sensitive,194,-1.8950786781143252,True
E194Q,-0.511536921080762,194,True,neutral,sensitive,194,-0.21237035106272695,True
E194R,-2.14797182999924,194,True,neutral,sensitive,194,-0.8917548525060751,True
E194S,-2.20595426107626,194,True,neutral,sensitive,194,-0.9158269159991284,True
E194T,-2.11487558992247,194,True,neutral,sensitive,194,-0.8780145732919962,True
E194V,-4.1088654064998,194,True,mild,sensitive,194,-1.7058420475383234,True
E194W,-7.04740946675487,194,True,impactful,sensitive,194,-2.9258119225791384,True
E194Y,-7.04740946675487,194,True,impactful,sensitive,194,-2.9258119225791384,True
E195A,-3.0728384875558903,195,True,neutral,tolerant,195,-1.3395324394446062,True
E195C,-4.54276688291972,195,True,mild,tolerant,195,-1.98031352091848,True
E195D,-0.415119842134026,195,True,neutral,tolerant,195,-0.18096183611587804,True
E195E,0.0,195,True,neutral,tolerant,195,0.0,True
E195F,-3.21284076448376,195,True,neutral,tolerant,195,-1.4005631744801317,True
E195G,-4.59831385333523,195,True,mild,tolerant,195,-2.004527930196993,True
E195H,-1.8522076671777497,195,True,neutral,tolerant,195,-0.807426835097361,True
E195I,-2.1374421799828003,195,True,neutral,tolerant,195,-0.9317681840809997,True
E195K,-3.2627573465893103,195,True,neutral,tolerant,195,-1.422323146983525,True
E195L,-4.04430659742323,195,True,mild,tolerant,195,-1.7630213576950058,True
E195M,-4.13604009118834,195,True,mild,tolerant,195,-1.8030104398350475,True
E195N,-0.7585977251710699,195,True,neutral,tolerant,195,-0.3306930271378442,True
E195P,-3.27976464481754,195,True,neutral,tolerant,195,-1.4297370829180955,True
E195Q,-2.6651447822082903,195,True,neutral,tolerant,195,-1.1618078548684543,True
E195R,-4.53583813467508,195,True,mild,tolerant,195,-1.977293094340244,True
E195S,-2.17054835256728,195,True,neutral,tolerant,195,-0.9462000497004762,True
E195T,-1.92994688988303,195,True,neutral,tolerant,195,-0.8413154403893883,True
E195V,-4.1322944375487705,195,True,mild,tolerant,195,-1.8013776092852332,True
E195W,-6.61165923761088,195,True,impactful,tolerant,195,-2.882199003689835,True
E195Y,-6.37643601418121,195,True,impactful,tolerant,195,-2.7796589126402114,True
E196A,-2.02579697214003,196,True,neutral,tolerant,196,-1.0267761876848764,True
E196C,-5.588621149628941,196,True,impactful,tolerant,196,-2.8325953673280675,True
E196D,-0.7072626380130792,196,True,neutral,tolerant,196,-0.35847641453618523,True
E196E,0.0,196,True,neutral,tolerant,196,0.0,True
E196F,-2.93381150319017,196,True,neutral,tolerant,196,-1.487003797547099,True
E196G,-5.56405341795951,196,True,impactful,tolerant,196,-2.820143200496682,True
E196H,-3.2732734499668803,196,True,neutral,tolerant,196,-1.6590602515595025,True
E196I,-4.21826679424278,196,True,mild,tolerant,196,-2.138030591019621,True
E196K,-2.3474274027928304,196,True,neutral,tolerant,196,-1.1897947290149402,True
E196L,-3.26768525361016,196,True,neutral,tolerant,196,-1.6562278714986682,True
E196M,-4.96118835510517,196,True,mild,tolerant,196,-2.514580748069838,True
E196N,-2.11011127383093,196,True,neutral,tolerant,196,-1.0695109327990628,True
E196P,-3.06653847425238,196,True,neutral,tolerant,196,-1.5542765278475354,True
E196Q,-0.26442434759660105,196,True,neutral,tolerant,196,-0.1340236101100912,True
E196R,-2.15924449665996,196,True,neutral,tolerant,196,-1.0944141308583282,True
E196S,-2.24179846526246,196,True,neutral,tolerant,196,-1.1362566502843432,True
E196T,-3.49361808060763,196,True,mild,tolerant,196,-1.7707420355376564,True
E196V,-4.67415717771139,196,True,mild,tolerant,196,-2.3690988552028784,True
E196W,-6.4650068874005,196,True,impactful,tolerant,196,-3.2767919078233794,True
E196Y,-2.99813408790097,196,True,neutral,tolerant,196,-1.5196057311167912,True
L197A,-4.808678178189269,197,True,mild,sensitive,197,-2.0694876000254383,True
L197C,-3.9878605149408703,197,True,mild,sensitive,197,-1.716236267116722,True
L197D,-5.13971025765308,197,True,mild,sensitive,197,-2.211952277068758,True
L197E,-4.64356691190245,197,True,mild,sensitive,197,-1.9984294618961496,True
L197F,-2.40829903109861,197,True,neutral,sensitive,197,-1.0364480211251275,True
L197G,-5.67030370272315,197,True,impactful,sensitive,197,-2.4403012150799865,True
L197H,-5.926162040414059,197,True,impactful,sensitive,197,-2.5504137319907856,True
L197I,-0.0343151545660156,197,True,neutral,sensitive,197,-0.014768047316917048,True
L197K,-5.939854926623629,197,True,impactful,sensitive,197,-2.556306673287584,True
L197L,0.0,197,True,neutral,sensitive,197,0.0,True
L197M,-0.514130993860971,197,True,neutral,sensitive,197,-0.22126407240350696,True
L197N,-3.3810460981891204,197,True,neutral,sensitive,197,-1.455084477695603,True
L197P,-3.4094917524870003,197,True,neutral,sensitive,197,-1.4673264965337691,True
L197Q,-2.77009317366103,197,True,neutral,sensitive,197,-1.192151618673155,True
L197R,-4.9333396871732695,197,True,mild,sensitive,197,-2.123137571490153,True
L197S,-4.7434851915254805,197,True,mild,sensitive,197,-2.0414308092588462,True
L197T,-3.3116238901614,197,True,neutral,sensitive,197,-1.4252075773591673,True
L197V,-0.817352220745673,197,True,neutral,sensitive,197,-0.3517599271580632,True
L197W,-4.33044909550599,197,True,mild,sensitive,197,-1.8636744597172514,True
L197Y,-3.47304347569252,197,True,neutral,sensitive,197,-1.4946769446736772,True
K198A,-3.29892562506115,198,True,neutral,tolerant,198,-1.4102596447913855,True
K198C,-1.74029204479804,198,True,neutral,tolerant,198,-0.7439584640180134,True
K198D,-2.9530533952788995,198,True,neutral,tolerant,198,-1.2624025230028701,True
K198E,-1.5097780648429298,198,True,neutral,tolerant,198,-0.6454159079138829,True
K198F,-2.0806305276985704,198,True,neutral,tolerant,198,-0.889449961115722,True
K198G,-2.15612030903974,198,True,neutral,tolerant,198,-0.9217211318904812,True
K198H,-2.30219590442699,198,True,neutral,tolerant,198,-0.9841670735929998,True
K198I,-1.95694386447852,198,True,neutral,tolerant,198,-0.8365750771192371,True
K198K,0.0,198,True,neutral,tolerant,198,0.0,True
K198L,-2.17054645361524,198,True,neutral,tolerant,198,-0.9278881728720058,True
K198M,-3.88973676660744,198,True,mild,tolerant,198,-1.6628258452192657,True
K198N,-2.60146484169949,198,True,neutral,tolerant,198,-1.112101726611189,True
K198P,-2.85433129128576,198,True,neutral,tolerant,198,-1.2201997530304969,True
K198Q,-2.0253154493365,198,True,neutral,tolerant,198,-0.8658032859164123,True
K198R,-0.23672702850740696,198,True,neutral,tolerant,198,-0.101198575863373,True
K198S,-2.3822605195409,198,True,neutral,tolerant,198,-1.0183939427328002,True
K198T,-2.25613788815744,198,True,neutral,tolerant,198,-0.9644777052814946,True
K198V,-3.11711840979869,198,True,neutral,tolerant,198,-1.3325387720112376,True
K198W,-3.03770489115556,198,True,neutral,tolerant,198,-1.2985902404825165,True
K198Y,-2.11423060568466,198,True,neutral,tolerant,198,-0.9038136781045666,True
T199A,-0.540599399380645,199,True,neutral,tolerant,199,-0.2824365216547442,True
T199C,-1.00184618258411,199,True,neutral,tolerant,199,-0.5234152153448924,True
T199D,-2.89829482095007,199,True,neutral,tolerant,199,-1.5142160884694558,True
T199E,-0.816532508655504,199,True,neutral,tolerant,199,-0.42659796112777487,True
T199F,-4.20079246680764,199,True,mild,tolerant,199,-2.1947068640436984,True
T199G,-1.5380913268722098,199,True,neutral,tolerant,199,-0.8035768534830346,True
T199H,-1.88475422839401,199,True,neutral,tolerant,199,-0.9846911207292292,True
T199I,-0.10859691814612897,199,True,neutral,tolerant,199,-0.05673653329759096,True
T199K,-3.9335631143783294,199,True,mild,tolerant,199,-2.0550927082184143,True
T199L,-0.33442322793546697,199,True,neutral,tolerant,199,-0.17471964150692446,True
T199M,-1.32103663807578,199,True,neutral,tolerant,199,-0.6901764845911127,True
T199N,-0.3535953657499389,199,True,neutral,tolerant,199,-0.18473613786857154,True
T199P,-2.54961287097473,199,True,neutral,tolerant,199,-1.3320469679938207,True
T199Q,-0.8759678572904499,199,True,neutral,tolerant,199,-0.4576499992007424,True
T199R,-1.73296456536191,199,True,neutral,tolerant,199,-0.9053885086674168,True
T199S,-0.718724257331783,199,True,neutral,tolerant,199,-0.3754979741047523,True
T199T,0.0,199,True,neutral,tolerant,199,0.0,True
T199V,-0.295315900211944,199,True,neutral,tolerant,199,-0.15428799170098972,True
T199W,-2.2187830365176,199,True,neutral,tolerant,199,-1.1592046973388084,True
T199Y,-2.18773616509496,199,True,neutral,tolerant,199,-1.1429842383761852,True
V200A,-1.95881572681473,200,True,neutral,tolerant,200,-0.9527894941274245,True
V200C,-1.7514392073317098,200,True,neutral,tolerant,200,-0.8519192762772586,True
V200D,-4.02427810899931,200,True,mild,tolerant,200,-1.9574530933221257,True
V200E,-4.44343351125471,200,True,mild,tolerant,200,-2.1613348869021265,True
V200F,-1.8778350383309,200,True,neutral,tolerant,200,-0.913399597386057,True
V200G,-3.90347617314819,200,True,mild,tolerant,200,-1.898693704282317,True
V200H,-3.55324244721011,200,True,mild,tolerant,200,-1.7283361714144647,True
V200I,-0.676031339025912,200,True,neutral,tolerant,200,-0.3288290719271452,True
V200K,-2.57532954418678,200,True,neutral,tolerant,200,-1.2526685895090401,True
V200L,-0.447978034788576,200,True,neutral,tolerant,200,-0.21790143876396176,True
V200M,-0.249885662141902,200,True,neutral,tolerant,200,-0.12154713195459164,True
V200N,-3.8002831869820297,200,True,mild,tolerant,200,-1.848499501866638,True
V200P,-6.260947856047982,200,True,impactful,tolerant,200,-3.0453938361126704,True
V200Q,-2.88390396387563,200,True,neutral,tolerant,200,-1.4027625780406172,True
V200R,-3.62108803612212,200,True,mild,tolerant,200,-1.761337011387997,True
V200S,-1.76013263592711,200,True,neutral,tolerant,200,-0.8561478554745031,True
V200T,-1.44206730372466,200,True,neutral,tolerant,200,-0.7014373828046527,True
V200V,0.0,200,True,neutral,tolerant,200,0.0,True
V200W,-4.24055369954163,200,True,mild,tolerant,200,-2.062651917123696,True
V200Y,-2.72633579767197,200,True,neutral,tolerant,200,-1.3261196905486428,True
T201A,-0.581803364919081,201,True,neutral,tolerant,201,-0.35631408478568677,True
T201C,-0.7827393213538342,201,True,neutral,tolerant,201,-0.47937337892975473,True
T201D,-0.476329264835384,201,True,neutral,tolerant,201,-0.29171853634786804,True
T201E,-0.6615766668507671,201,True,neutral,tolerant,201,-0.4051696823673101,True
T201F,-3.01223327533452,201,True,neutral,tolerant,201,-1.8447833192080094,True
T201G,-1.61544457941803,201,True,neutral,tolerant,201,-0.9893474179500338,True
T201H,-2.47564706762984,201,True,neutral,tolerant,201,-1.516161597445525,True
T201I,-3.08528959758671,201,True,neutral,tolerant,201,-1.8895252340381476,True
T201K,-3.922176768783471,201,True,mild,tolerant,201,-2.402060403915225,True
T201L,-1.98810372735414,201,True,neutral,tolerant,201,-1.2175752200569137,True
T201M,-3.74743729242578,201,True,mild,tolerant,201,-2.295044631321712,True
T201N,-1.86601699980782,201,True,neutral,tolerant,201,-1.1428055930435037,True
T201P,-3.1172438824523105,201,True,neutral,tolerant,201,-1.9090950104495494,True
T201Q,-0.4397508119156301,201,True,neutral,tolerant,201,-0.2693167787079974,True
T201R,-3.49504170820551,201,True,mild,tolerant,201,-2.1404698952201042,True
T201S,-0.325272858988786,201,True,neutral,tolerant,201,-0.19920699680438023,True
T201T,0.0,201,True,neutral,tolerant,201,0.0,True
T201V,-1.9045009703501896,201,True,neutral,tolerant,201,-1.166374347659818,True
T201W,-3.98077666376484,201,True,mild,tolerant,201,-2.437948762779784,True
T201Y,-5.26565617009938,201,True,mild,tolerant,201,-3.2248480709732856,True
N202A,-2.70452210248758,202,True,neutral,tolerant,202,-1.4879596716242887,True
N202C,-3.9395304905449,202,True,mild,tolerant,202,-2.1674300571156015,True
N202D,-2.33910508269998,202,True,neutral,tolerant,202,-1.2869164676257072,True
N202E,-1.36835808483386,202,True,neutral,tolerant,202,-0.7528360166482244,True
N202F,-3.83093950265234,202,True,mild,tolerant,202,-2.107686041513972,True
N202G,-2.64852489526556,202,True,neutral,tolerant,202,-1.4571514242103312,True
N202H,-0.763650537271469,202,True,neutral,tolerant,202,-0.42014121519991715,True
N202I,-3.7040326539010096,202,True,mild,tolerant,202,-2.0378651024204375,True
N202K,-3.68210105257984,202,True,mild,tolerant,202,-2.025798889957235,True
N202L,-2.33244663824183,202,True,neutral,tolerant,202,-1.283253159856706,True
N202M,-4.22010837294085,202,True,mild,tolerant,202,-2.321796913045866,True
N202N,0.0,202,True,neutral,tolerant,202,0.0,True
N202P,-3.12234789483761,202,True,neutral,tolerant,202,-1.7178368570277547,True
N202Q,-0.24616273165019106,202,True,neutral,tolerant,202,-0.13543251024477004,True
N202R,-3.6073267985838697,202,True,mild,tolerant,202,-1.9846599862228342,True
N202S,-1.6024943700236,202,True,neutral,tolerant,202,-0.8816518801628235,True
N202T,-2.6242506058207,202,True,neutral,tolerant,202,-1.4437963239809541,True
N202V,-4.1224941002797,202,True,mild,tolerant,202,-2.268092008596709,True
N202W,-5.05968003352769,202,True,mild,tolerant,202,-2.78370801047887,True
N202Y,-3.18939364651719,202,True,neutral,tolerant,202,-1.7547237342180695,True
N203A,-1.20521935527116,203,True,neutral,tolerant,203,-0.6802602566509522,True
N203C,-1.56372147636591,203,True,neutral,tolerant,203,-0.8826091019787443,True
N203D,-0.8024678340962769,203,True,neutral,tolerant,203,-0.45293578499961024,True
N203E,-1.52119033649174,203,True,neutral,tolerant,203,-0.8586033108338196,True
N203F,-4.26022416072192,203,True,mild,tolerant,203,-2.404592299557993,True
N203G,-2.50015146372632,203,True,neutral,tolerant,203,-1.4111569557377965,True
N203H,-0.7186282776419001,203,True,neutral,tolerant,203,-0.40561434268977886,True
N203I,-3.6437631873826497,203,True,mild,tolerant,203,-2.056644103982659,True
N203K,-2.24234529914711,203,True,neutral,tolerant,203,-1.2656437867733026,True
N203L,-1.4818729609529298,203,True,neutral,tolerant,203,-0.8364114601488001,True
N203M,-4.3812365571251,203,True,mild,tolerant,203,-2.4728951553619085,True
N203N,0.0,203,True,neutral,tolerant,203,0.0,True
N203P,-5.6264066520648095,203,True,impactful,tolerant,203,-3.1757047515181234,True
N203Q,-1.83762579971635,203,True,neutral,tolerant,203,-1.0372085319374962,True
N203R,-3.81003151192986,203,True,mild,tolerant,203,-2.150490699322112,True
N203S,-0.998918424722851,203,True,neutral,tolerant,203,-0.5638181141079057,True
N203T,-0.814768954640501,203,True,neutral,tolerant,203,-0.4598788890759844,True
N203V,-3.09703292440759,203,True,neutral,tolerant,203,-1.7480539146668068,True
N203W,-6.28844513789899,203,True,impactful,tolerant,203,-3.549378198029478,True
N203Y,-5.20683074953102,203,True,mild,tolerant,203,-2.9388841180841587,True
L204A,-3.37618906396811,204,True,neutral,sensitive,204,-1.8383993651615536,True
L204C,-2.09454166941899,204,True,neutral,sensitive,204,-1.1405179041835387,True
L204D,-5.6561014359205695,204,True,impactful,sensitive,204,-3.0798551538652643,True
L204E,-5.6561014359205695,204,True,impactful,sensitive,204,-3.0798551538652643,True
L204F,-2.05181992117736,204,True,neutral,sensitive,204,-1.11725509710789,True
L204G,-6.35129699653445,204,True,impactful,sensitive,204,-3.4584024013922057,True
L204H,-4.26118150868923,204,True,mild,sensitive,204,-2.3202946375299396,True
L204I,-0.847262302903082,204,True,neutral,sensitive,204,-0.4613504902334031,True
L204K,-5.3244974103004905,204,True,mild,sensitive,204,-2.899290434699784,True
L204L,0.0,204,True,neutral,sensitive,204,0.0,True
L204M,-0.266209494549068,204,True,neutral,sensitive,204,-0.14495614922814268,True
L204N,-3.65777556120501,204,True,mild,sensitive,204,-1.991728585756195,True
L204P,-4.10983239119191,204,True,mild,sensitive,204,-2.237882155215394,True
L204Q,-4.05272050599226,204,True,mild,sensitive,204,-2.206783643993154,True
L204R,-4.34970151332169,204,True,mild,sensitive,204,-2.3684954690702043,True
L204S,-3.2463367486757897,204,True,neutral,sensitive,204,-1.7676923018202648,True
L204T,-2.44120899208847,204,True,neutral,sensitive,204,-1.3292848760096896,True
L204V,-1.16215042057098,204,True,neutral,sensitive,204,-0.6328130785687844,True
L204W,-4.74492595083604,204,True,mild,sensitive,204,-2.5837027164299684,True
L204Y,-3.0440910133247296,204,True,neutral,sensitive,204,-1.6575656399445742,True
K205A,-3.54447895646356,205,True,mild,sensitive,205,-1.7478727122655386,True
K205C,-5.9855660707332685,205,True,impactful,sensitive,205,-2.9516348470398084,True
K205D,-4.26397850873128,205,True,mild,sensitive,205,-2.1026762389172418,True
K205E,-3.0401949652896696,205,True,neutral,sensitive,205,-1.499197451886895,True
K205F,-3.16360600306703,205,True,neutral,sensitive,205,-1.5600545730527762,True
K205G,-5.5699672645901,205,True,impactful,sensitive,205,-2.746692506732463,True
K205H,-4.5712118575565,205,True,mild,sensitive,205,-2.2541808164039563,True
K205I,-3.85708961290206,205,True,mild,sensitive,205,-1.9020289768854406,True
K205K,0.0,205,True,neutral,sensitive,205,0.0,True
K205L,-2.5805828439576097,205,True,neutral,sensitive,205,-1.272551026567359,True
K205M,-4.70527527008154,205,True,mild,sensitive,205,-2.320290894456023,True
K205N,-3.7379285378271,205,True,mild,sensitive,205,-1.843267620407942,True
K205P,-4.7135891712737985,205,True,mild,sensitive,205,-2.324390690562845,True
K205Q,-3.4415041487,205,True,neutral,sensitive,205,-1.6970932158285517,True
K205R,-0.105633698838148,205,True,neutral,sensitive,205,-0.0520906632435167,True
K205S,-4.25797725637007,205,True,mild,sensitive,205,-2.099716868761454,True
K205T,-4.23212540065821,205,True,mild,sensitive,205,-2.0869686612773073,True
K205V,-2.8381206989009904,205,True,neutral,sensitive,205,-1.3995494922262037,True
K205W,-6.587105050119691,205,True,impactful,sensitive,205,-3.2482690153754046,True
K205Y,-5.77469173806456,205,True,impactful,sensitive,205,-2.847647350903963,True
S206A,-0.25376906377549696,206,True,neutral,tolerant,206,-0.1547694439383827,True
S206C,-0.488316368583627,206,True,neutral,tolerant,206,-0.29781586339680416,True
S206D,-3.8570149060172,206,True,mild,tolerant,206,-2.35232791336,True
S206E,-3.00041556178004,206,True,neutral,tolerant,206,-1.8299025151922603,True
S206F,-2.1562775936824097,206,True,neutral,tolerant,206,-1.315077098784032,True
S206G,-3.17513152407454,206,True,neutral,tolerant,206,-1.9364588145660935,True
S206H,-3.39487230834237,206,True,neutral,tolerant,206,-2.070474988506835,True
S206I,-4.482850867192781,206,True,mild,tolerant,206,-2.7340146417055706,True
S206K,-2.08855282452032,206,True,neutral,tolerant,206,-1.2737729117876813,True
S206L,-1.98906836934728,206,True,neutral,tolerant,206,-1.2130990314550263,True
S206M,-2.28048107942835,206,True,neutral,tolerant,206,-1.3908266962255627,True
S206N,-3.0367099447345205,206,True,neutral,tolerant,206,-1.852037843212074,True
S206P,-3.5739947920523703,206,True,mild,tolerant,206,-2.1797187504855775,True
S206Q,-3.11156647158207,206,True,neutral,tolerant,206,-1.8976915681499698,True
S206R,-3.64941748003222,206,True,mild,tolerant,206,-2.225717767486745,True
S206S,0.0,206,True,neutral,tolerant,206,0.0,True
S206T,-0.437920027392752,206,True,neutral,tolerant,206,-0.2670799904476056,True
S206V,-3.34714714893839,206,True,neutral,tolerant,206,-2.041368223982696,True
S206W,-5.7220210639911615,206,True,impactful,tolerant,206,-3.4897635082150424,True
S206Y,-3.22798433765954,206,True,neutral,tolerant,206,-1.9686928483266706,True
L207A,-4.51408665610177,207,True,mild,sensitive,207,-2.142224582273003,True
L207C,-2.45557151739336,207,True,neutral,sensitive,207,-1.165326691497807,True
L207D,-6.715718987780969,207,True,impactful,sensitive,207,-3.1870407901486275,True
L207E,-5.9776292056393885,207,True,impactful,sensitive,207,-2.8367696953102186,True
L207F,-2.3605625955136698,207,True,neutral,sensitive,207,-1.120238844610594,True
L207G,-6.934924007097,207,True,impactful,sensitive,207,-3.291067676806127,True
L207H,-6.715718987780969,207,True,impactful,sensitive,207,-3.1870407901486275,True
L207I,-0.8801881645263679,207,True,neutral,sensitive,207,-0.4177059207592735,True
L207K,-4.82329186283841,207,True,mild,sensitive,207,-2.2889623490242625,True
L207L,0.0,207,True,neutral,sensitive,207,0.0,True
L207M,-0.6660319369455079,207,True,neutral,sensitive,207,-0.31607501065026133,True
L207N,-5.83773979581188,207,True,impactful,sensitive,207,-2.7703831690065917,True
L207P,-5.07833184402734,207,True,mild,sensitive,207,-2.4099952309311385,True
L207Q,-5.3908873642980994,207,True,mild,sensitive,207,-2.558322937034008,True
L207R,-3.1760754638415496,207,True,neutral,sensitive,207,-1.5072521757194428,True
L207S,-3.6586437894149,207,True,mild,sensitive,207,-1.7362618976024264,True
L207T,-4.29884248245283,207,True,mild,sensitive,207,-2.040077371749581,True
L207V,-0.763726131270475,207,True,neutral,sensitive,207,-0.36243719209961583,True
L207W,-4.982335757399361,207,True,mild,sensitive,207,-2.364438910850643,True
L207Y,-4.2596364476745,207,True,mild,sensitive,207,-2.0214715854911223,True
E208A,-1.4149040507266202,208,True,neutral,tolerant,208,-0.7700519952942422,True
E208C,-1.62757379705734,208,True,neutral,tolerant,208,-0.8857960716622398,True
E208D,-1.01243259729536,208,True,neutral,tolerant,208,-0.5510096188132682,True
E208E,0.0,208,True,neutral,tolerant,208,0.0,True
E208F,-2.65351852559191,208,True,neutral,tolerant,208,-1.4441595768511162,True
E208G,-4.25516634739047,208,True,mild,tolerant,208,-2.3158456111806336,True
E208H,-0.605877571550169,208,True,neutral,tolerant,208,-0.3297447856175395,True
E208I,-1.43232957036951,208,True,neutral,tolerant,208,-0.779535716938233,True
E208K,-1.82612281282552,208,True,neutral,tolerant,208,-0.9938550355739462,True
E208L,-1.59936365979942,208,True,neutral,tolerant,208,-0.8704428945532834,True
E208M,-1.08266440691549,208,True,neutral,tolerant,208,-0.5892328079428297,True
E208N,-0.4686911214214921,208,True,neutral,tolerant,208,-0.2550819845642312,True
E208P,-3.23435594444382,208,True,neutral,tolerant,208,-1.7602764280953922,True
E208Q,-0.578447748240475,208,True,neutral,tolerant,208,-0.31481628911676895,True
E208R,-2.97346023048438,208,True,neutral,tolerant,208,-1.6182856938155594,True
E208S,-1.35574364939565,208,True,neutral,tolerant,208,-0.7378543455215059,True
E208T,-1.4057909351007398,208,True,neutral,tolerant,208,-0.7650922435234755,True
E208V,-1.26659199320281,208,True,neutral,tolerant,208,-0.6893341573859025,True
E208W,-6.17612633598451,208,True,impactful,tolerant,208,-3.3613151406074424,True
E208Y,-3.34453842501453,208,True,neutral,tolerant,208,-1.8202425006826972,True
A209A,0.0,209,True,neutral,tolerant,209,0.0,True
A209C,-0.503186385289515,209,True,neutral,tolerant,209,-0.28427324113183755,True
A209D,-3.13033673242496,209,True,neutral,tolerant,209,-1.7684718720052215,True
A209E,-3.232952423917681,209,True,neutral,tolerant,209,-1.8264442179677154,True
A209F,-3.62465356380275,209,True,mild,tolerant,209,-2.0477342922730783,True
A209G,-4.19428584260224,209,True,mild,tolerant,209,-2.36954588909217,True
A209H,-3.0556801541416903,209,True,neutral,tolerant,209,-1.726294921076418,True
A209I,-1.89146693669416,209,True,neutral,tolerant,209,-1.0685770766202032,True
A209K,-2.9331019510077403,209,True,neutral,tolerant,209,-1.657044829826521,True
A209L,-1.0916508158563498,209,True,neutral,tolerant,209,-0.6167239907120072,True
A209M,-2.71915402112031,209,True,neutral,tolerant,209,-1.5361757577677577,True
A209N,-1.80897461564101,209,True,neutral,tolerant,209,-1.0219733525135293,True
A209P,-4.04794931902498,209,True,mild,tolerant,209,-2.286873624759465,True
A209Q,-1.40870179191905,209,True,neutral,tolerant,209,-0.7958407379139402,True
A209R,-3.253237779442029,209,True,neutral,tolerant,209,-1.8379043526832048,True
A209S,-0.4498503694653629,209,True,neutral,tolerant,209,-0.2541412611525561,True
A209T,-1.9437729433329296,209,True,neutral,tolerant,209,-1.0981271568142672,True
A209V,-0.640826625905737,209,True,neutral,tolerant,209,-0.36203257336740063,True
A209W,-4.92968746108591,209,True,mild,tolerant,209,-2.7850082460469783,True
A209Y,-4.13514328765838,209,True,mild,tolerant,209,-2.3361335268458516,True
Q210A,-0.099002459721488,210,True,neutral,tolerant,210,-0.0593851544578496,True
Q210C,-0.7420735036184491,210,True,neutral,tolerant,210,-0.4451217652109955,True
Q210D,-2.92650598949297,210,True,neutral,tolerant,210,-1.7554211349573319,True
Q210E,-0.6363918156910611,210,True,neutral,tolerant,210,-0.3817301749556673,True
Q210F,-2.0196393713113303,210,True,neutral,tolerant,210,-1.2114506685175415,True
Q210G,-1.45287316372832,210,True,neutral,tolerant,210,-0.8714843800688363,True
Q210H,-2.35243524885914,210,True,neutral,tolerant,210,-1.4110733308908763,True
Q210I,-1.5667312159437998,210,True,neutral,tolerant,210,-0.9397804409556814,True
Q210K,-1.20542873949458,210,True,neutral,tolerant,210,-0.7230585187903115,True
Q210L,-2.16777611654385,210,True,neutral,tolerant,210,-1.3003082940883022,True
Q210M,-3.6392365367263104,210,True,mild,tolerant,210,-2.182941963766528,True
Q210N,-1.62285461400649,210,True,neutral,tolerant,210,-0.9734452273865263,True
Q210P,-3.51758927461254,210,True,mild,tolerant,210,-2.1099736610564404,True
Q210Q,0.0,210,True,neutral,tolerant,210,0.0,True
Q210R,-1.1213242788608102,210,True,neutral,tolerant,210,-0.6726097077266152,True
Q210S,-0.233996665400062,210,True,neutral,tolerant,210,-0.1403594229526844,True
Q210T,-0.308900694123902,210,True,neutral,tolerant,210,-0.18528949163778577,True
Q210V,-1.49007399339421,210,True,neutral,tolerant,210,-0.8937987450036454,True
Q210W,-2.0200700161918204,210,True,neutral,tolerant,210,-1.211708984450462,True
Q210Y,-4.37768785428862,210,True,mild,tolerant,210,-2.6258910144911964,True
A211A,0.0,211,True,neutral,tolerant,211,0.0,True
A211C,-0.593138465950356,211,True,neutral,tolerant,211,-0.30920642752931554,True
A211D,-0.928294319507589,211,True,neutral,tolerant,211,-0.48392506422728376,True
A211E,-0.211950481149844,211,True,neutral,tolerant,211,-0.1104909811985588,True
A211F,-2.5874869118288504,211,True,neutral,tolerant,211,-1.348871520250422,True
A211G,-1.9428082078876496,211,True,neutral,tolerant,211,-1.0127968759757544,True
A211H,-3.22674207668593,211,True,neutral,tolerant,211,-1.682118843012431,True
A211I,-1.61538994488148,211,True,neutral,tolerant,211,-0.8421118888711326,True
A211K,-1.88474004892203,211,True,neutral,tolerant,211,-0.9825256172095653,True
A211L,-1.6740821596109798,211,True,neutral,tolerant,211,-0.8727084714266318,True
A211M,-1.85050048224066,211,True,neutral,tolerant,211,-0.9646763379915416,True
A211N,-1.05589113068891,211,True,neutral,tolerant,211,-0.5504420015267288,True
A211P,-4.25565882258841,211,True,mild,tolerant,211,-2.2184989456177178,True
A211Q,-1.87150941208058,211,True,neutral,tolerant,211,-0.9756284116049216,True
A211R,-2.16087973780254,211,True,neutral,tolerant,211,-1.1264787944175083,True
A211S,-0.336340663140795,211,True,neutral,tolerant,211,-0.17533628461606224,True
A211T,-0.7377863143379492,211,True,neutral,tolerant,211,-0.3846121666901832,True
A211V,-1.34949946255858,211,True,neutral,tolerant,211,-0.7035016808459603,True
A211W,-5.62896913664746,211,True,impactful,tolerant,211,-2.934413357641203,True
A211Y,-4.22507695611518,211,True,mild,tolerant,211,-2.2025564461471854,True
E212A,-1.6116886487496698,212,True,neutral,tolerant,212,-0.9271017953784243,True
E212C,-3.6561409704021504,212,True,mild,tolerant,212,-2.103144959447393,True
E212D,-0.178771841887072,212,True,neutral,tolerant,212,-0.10283605068832077,True
E212E,0.0,212,True,neutral,tolerant,212,0.0,True
E212F,-2.4475822172761403,212,True,neutral,tolerant,212,-1.4079381087242886,True
E212G,-1.85567258962558,212,True,neutral,tolerant,212,-1.067450211808013,True
E212H,-3.3898819889552905,212,True,neutral,tolerant,212,-1.949983131369422,True
E212I,-1.63643146004596,212,True,neutral,tolerant,212,-0.9413347582979659,True
E212K,-2.04552250701901,212,True,neutral,tolerant,212,-1.1766587735264573,True
E212L,-1.77636339677164,212,True,neutral,tolerant,212,-1.021828686123171,True
E212M,-1.81671349491025,212,True,neutral,tolerant,212,-1.0450395267883466,True
E212N,-0.463947744466481,212,True,neutral,tolerant,212,-0.2668795782549766,True
E212P,-2.51343133416679,212,True,neutral,tolerant,212,-1.4458169102786496,True
E212Q,-1.70095393285485,212,True,neutral,tolerant,212,-0.9784504260355182,True
E212R,-3.75928155650033,212,True,mild,tolerant,212,-2.1624751673148914,True
E212S,-1.9155785893281696,212,True,neutral,tolerant,212,-1.1019103166932194,True
E212T,-1.35914225018473,212,True,neutral,tolerant,212,-0.7818279425734479,True
E212V,-1.78878664197405,212,True,neutral,tolerant,212,-1.0289749875756975,True
E212W,-5.73451346780329,212,True,impactful,tolerant,212,-3.298700239495171,True
E212Y,-4.426910388529059,212,True,mild,tolerant,212,-2.546519498272001,True
K213A,-4.07520919454336,213,True,mild,sensitive,213,-1.707461352630291,True
K213C,-4.73552021519223,213,True,mild,sensitive,213,-1.984123358100698,True
K213D,-2.6330101020436,213,True,neutral,sensitive,213,-1.1031980876820606,True
K213E,-1.1672767358342802,213,True,neutral,sensitive,213,-0.4890742583056038,True
K213F,-6.44446002252915,213,True,impactful,sensitive,213,-2.700147624758305,True
K213G,-5.70939490943194,213,True,impactful,sensitive,213,-2.392164595577655,True
K213H,-2.3936996034279,213,True,neutral,sensitive,213,-1.0029300012701732,True
K213I,-3.90904036507719,213,True,mild,sensitive,213,-1.6378387048640843,True
K213K,0.0,213,True,neutral,sensitive,213,0.0,True
K213L,-4.03904112210876,213,True,mild,sensitive,213,-1.692307385574096,True
K213M,-4.36150372627508,213,True,mild,sensitive,213,-1.827415157469523,True
K213N,-2.41103943271754,213,True,neutral,sensitive,213,-1.010195171463868,True
K213P,-5.41717473393003,213,True,mild,sensitive,213,-2.2697280205923893,True
K213Q,-1.02789759604552,213,True,neutral,sensitive,213,-0.4306761532780581,True
K213R,-0.909547856826233,213,True,neutral,sensitive,213,-0.3810891023650928,True
K213S,-1.99002625493048,213,True,neutral,sensitive,213,-0.8337959498037828,True
K213T,-3.96396154358525,213,True,mild,sensitive,213,-1.6608499872956675,True
K213V,-4.00175036496948,213,True,mild,sensitive,213,-1.676683027759312,True
K213W,-6.44446002252915,213,True,impactful,sensitive,213,-2.700147624758305,True
K213Y,-5.28511846372182,213,True,mild,sensitive,213,-2.2143981057367452,True
Y214A,-1.74139463784106,214,True,neutral,tolerant,214,-0.7656876171194624,True
Y214C,-1.53044682166439,214,True,neutral,tolerant,214,-0.6729342990633567,True
Y214D,-3.77412479746853,214,True,mild,tolerant,214,-1.6594748600282005,True
Y214E,-3.9312743914562702,214,True,mild,tolerant,214,-1.7285732111641288,True
Y214F,-2.1209614465412097,214,True,neutral,tolerant,214,-0.9325823571030264,True
Y214G,-4.08938337098406,214,True,mild,tolerant,214,-1.7980934021358392,True
Y214H,-3.07894853123525,214,True,neutral,tolerant,214,-1.3538072949608801,True
Y214I,-2.57525451706757,214,True,neutral,tolerant,214,-1.132334079708802,True
Y214K,-2.91152401723318,214,True,neutral,tolerant,214,-1.280191082766405,True
Y214L,-2.4288932960785097,214,True,neutral,tolerant,214,-1.0679793538456592,True
Y214M,-4.45423824296874,214,True,mild,tolerant,214,-1.9585193340031422,True
Y214N,-2.88990266679682,214,True,neutral,tolerant,214,-1.2706842197413493,True
Y214P,-4.48992564435603,214,True,mild,tolerant,214,-1.9742110105109423,True
Y214Q,-3.60829881484836,214,True,mild,tolerant,214,-1.5865615187729716,True
Y214R,-2.32166797253479,214,True,neutral,tolerant,214,-1.0208326010677586,True
Y214S,-2.00491401292824,214,True,neutral,tolerant,214,-0.8815565407917362,True
Y214T,-2.85864535760615,214,True,neutral,tolerant,214,-1.2569404456009612,True
Y214V,-1.6214146927026698,214,True,neutral,tolerant,214,-0.7129326836317651,True
Y214W,-3.25188058162089,214,True,neutral,tolerant,214,-1.4298451595011803,True
Y214Y,0.0,214,True,neutral,tolerant,214,0.0,True
S215A,-0.8704496293587729,215,True,neutral,tolerant,215,-0.5866562784518277,True
S215C,-1.8469291365472704,215,True,neutral,tolerant,215,-1.2447734334831662,True
S215D,-2.98654161661102,215,True,neutral,tolerant,215,-2.01283719487963,True
S215E,-1.05779710189804,215,True,neutral,tolerant,215,-0.7129227128441404,True
S215F,-2.69627282374396,215,True,neutral,tolerant,215,-1.8172049560566454,True
S215G,-2.11288791716846,215,True,neutral,tolerant,215,-1.4240214717363984,True
S215H,-2.65734403598844,215,True,neutral,tolerant,215,-1.7909681504115924,True
S215I,-2.73360090374677,215,True,neutral,tolerant,215,-1.8423629339080836,True
S215K,-1.93132199218867,215,True,neutral,tolerant,215,-1.3016516225806531,True
S215L,-1.33866307801276,215,True,neutral,tolerant,215,-0.9022177423711017,True
S215M,-2.22169975739495,215,True,neutral,tolerant,215,-1.4973573054086953,True
S215N,-1.9427256354575,215,True,neutral,tolerant,215,-1.3093373274109399,True
S215P,-3.58064959932387,215,True,mild,tolerant,215,-2.413247702715215,True
S215Q,-1.6694046606818798,215,True,neutral,tolerant,215,-1.125127396730848,True
S215R,-3.56564824155815,215,True,mild,tolerant,215,-2.403137248966105,True
S215S,0.0,215,True,neutral,tolerant,215,0.0,True
S215T,-0.877971520433846,215,True,neutral,tolerant,215,-0.5917258016915274,True
S215V,-1.56151561239805,215,True,neutral,tolerant,215,-1.0524134964463168,True
S215W,-5.58728791915914,215,True,impactful,tolerant,215,-3.7656602136845074,True
S215Y,-4.72568128075273,215,True,mild,tolerant,215,-3.1849638391576414,True
Q216A,-0.862668595286167,216,True,neutral,tolerant,216,-0.5090572693655525,True
Q216C,-4.5306669784087,216,True,mild,tolerant,216,-2.6735283665546397,True
Q216D,-0.620028272122178,216,True,neutral,tolerant,216,-0.3658761903013938,True
Q216E,-0.23705000303161494,216,True,neutral,tolerant,216,-0.13988225363221918,True
Q216F,-5.879503929555678,216,True,impactful,tolerant,216,-3.4694716278744346,True
Q216G,-2.31241312661219,216,True,neutral,tolerant,216,-1.3645456880086995,True
Q216H,-0.508967128690986,216,True,neutral,tolerant,216,-0.3003394561295139,True
Q216I,-1.82480290252718,216,True,neutral,tolerant,216,-1.07680885541298,True
Q216K,-2.17952683036256,216,True,neutral,tolerant,216,-1.2861300189156355,True
Q216L,-1.18433021355341,216,True,neutral,tolerant,216,-0.6988684969326228,True
Q216M,-1.79317542541577,216,True,neutral,tolerant,216,-1.0581456083407772,True
Q216N,-1.06180072193027,216,True,neutral,tolerant,216,-0.6265643366058707,True
Q216P,-3.9304112061824,216,True,mild,tolerant,216,-2.31931984893836,True
Q216Q,0.0,216,True,neutral,tolerant,216,0.0,True
Q216R,-2.61186675766043,216,True,neutral,tolerant,216,-1.541252071614155,True
Q216S,-1.06025290822324,216,True,neutral,tolerant,216,-0.6256509779609719,True
Q216T,-1.02422939687459,216,True,neutral,tolerant,216,-0.604393648761432,True
Q216V,-1.7849491574500098,216,True,neutral,tolerant,216,-1.0532913206912655,True
Q216W,-4.90778088132662,216,True,mild,tolerant,216,-2.8960617643254265,True
Q216Y,-5.60399049923607,216,True,impactful,tolerant,216,-3.3068922604575515,True
K217A,-3.92148657153121,217,True,mild,sensitive,217,-2.181073559413637,True
K217C,-5.59313826122129,217,True,impactful,sensitive,217,-3.1108218154451555,True
K217D,-4.79699626647849,217,True,mild,sensitive,217,-2.668019265290221,True
K217E,-3.78527165724897,217,True,mild,sensitive,217,-2.105312813451734,True
K217F,-6.53127186370519,217,True,impactful,sensitive,217,-3.632598024097618,True
K217G,-2.95477510746572,217,True,neutral,sensitive,217,-1.6434027615172158,True
K217H,-3.6852337756600497,217,True,mild,sensitive,217,-2.0496732047234167,True
K217I,-4.7212863795788484,217,True,mild,sensitive,217,-2.625910531907888,True
K217K,0.0,217,True,neutral,sensitive,217,0.0,True
K217L,-2.35957069777097,217,True,neutral,sensitive,217,-1.3123587615565775,True
K217M,-4.046033362232141,217,True,mild,sensitive,217,-2.2503446654476824,True
K217N,-3.6984812487881498,217,True,mild,sensitive,217,-2.057041255803459,True
K217P,-3.33580855045901,217,True,neutral,sensitive,217,-1.8553279976759374,True
K217Q,-2.00501206440016,217,True,neutral,sensitive,217,-1.1151584278563522,True
K217R,-0.85971434541548,217,True,neutral,sensitive,217,-0.4781605631514738,True
K217S,-3.09509765755709,217,True,neutral,sensitive,217,-1.7214481145258527,True
K217T,-2.68924033137662,217,True,neutral,sensitive,217,-1.495716197080858,True
K217V,-3.64156232547343,217,True,mild,sensitive,217,-2.0253837819328924,True
K217W,-5.68560204792933,217,True,impactful,sensitive,217,-3.1622488232172166,True
K217Y,-5.37910833438558,217,True,mild,sensitive,217,-2.991781495956741,True
E218A,-4.21830081195113,218,True,mild,tolerant,218,-2.188019988550596,True
E218C,-2.5955347351398195,218,True,neutral,tolerant,218,-1.3462960880773471,True
E218D,-2.15907042732794,218,True,neutral,tolerant,218,-1.1199033597362,True
E218E,0.0,218,True,neutral,tolerant,218,0.0,True
E218F,-4.40248002549568,218,True,mild,tolerant,218,-2.283553194615293,True
E218G,-4.61326867327353,218,True,mild,tolerant,218,-2.3928886344660514,True
E218H,-1.02227314084623,218,True,neutral,tolerant,218,-0.5302500143168699,True
E218I,-3.21162013896902,218,True,neutral,tolerant,218,-1.6658577405828856,True
E218K,-3.78589041864146,218,True,mild,tolerant,218,-1.9637300135118168,True
E218L,-2.29724913767854,218,True,neutral,tolerant,218,-1.1915762426616385,True
E218M,-4.72881442584593,218,True,mild,tolerant,218,-2.4528218700248483,True
E218N,-1.88907252154396,218,True,neutral,tolerant,218,-0.9798562552128744,True
E218P,-4.1528651127417895,218,True,mild,tolerant,218,-2.1540786874871007,True
E218Q,-0.9979295843137828,218,True,neutral,tolerant,218,-0.5176230845032113,True
E218R,-3.21707951771608,218,True,neutral,tolerant,218,-1.6686895039767602,True
E218S,-2.6634668859418,218,True,neutral,tolerant,218,-1.3815322910998662,True
E218T,-5.101617319902211,218,True,mild,tolerant,218,-2.6461936138496704,True
E218V,-3.25571695378192,218,True,neutral,tolerant,218,-1.6887306262644097,True
E218W,-6.44600889521024,218,True,impactful,tolerant,218,-3.343525494705367,True
E218Y,-5.64945449877324,218,True,impactful,tolerant,218,-2.930355116615175,True
D219A,-2.04623496859901,219,True,neutral,tolerant,219,-1.1781735108527795,True
D219C,-4.85232478216047,219,True,mild,tolerant,219,-2.79385340008636,True
D219D,0.0,219,True,neutral,tolerant,219,0.0,True
D219E,-1.61455177907613,219,True,neutral,tolerant,219,-0.9296205798448037,True
D219F,-4.8562303947103205,219,True,mild,tolerant,219,-2.796102159061014,True
D219G,-2.87552788477486,219,True,neutral,tolerant,219,-1.6556606819596227,True
D219H,-1.97320790474892,219,True,neutral,tolerant,219,-1.1361262613805265,True
D219I,-3.45524480041536,219,True,neutral,tolerant,219,-1.989447917678962,True
D219K,-2.15424359508053,219,True,neutral,tolerant,219,-1.2403623135156745,True
D219L,-3.55991094868404,219,True,mild,tolerant,219,-2.04971220074787,True
D219M,-4.6764782751613305,219,True,mild,tolerant,219,-2.6926051565064832,True
D219N,-0.926778737466338,219,True,neutral,tolerant,219,-0.5336171923852979,True
D219P,-2.99197147460726,219,True,neutral,tolerant,219,-1.722706136247343,True
D219Q,-1.96228686566697,219,True,neutral,tolerant,219,-1.1298381863770233,True
D219R,-3.6479370746927593,219,True,mild,tolerant,219,-2.1003955540860586,True
D219S,-1.7792273989262,219,True,neutral,tolerant,219,-1.0244368918363105,True
D219T,-2.5142955732165,219,True,neutral,tolerant,219,-1.4476716937577603,True
D219V,-2.1930756531612,219,True,neutral,tolerant,219,-1.2627208905630927,True
D219W,-6.16564549760106,219,True,impactful,tolerant,219,-3.550032285664551,True
D219Y,-5.16165966944862,219,True,mild,tolerant,219,-2.971961083601834,True
R220A,-1.8112727944857705,220,True,neutral,tolerant,220,-0.7236936483282712,True
R220C,-2.6591888141231497,220,True,neutral,tolerant,220,-1.062478308262157,True
R220D,-2.46841306019645,220,True,neutral,tolerant,220,-0.9862538975648238,True
R220E,-1.3769249012294498,220,True,neutral,tolerant,220,-0.5501500427094353,True
R220F,-3.03075036063651,220,True,neutral,tolerant,220,-1.2109356427914317,True
R220G,-2.86108214608256,220,True,neutral,tolerant,220,-1.143144744827466,True
R220H,-1.98371164736305,220,True,neutral,tolerant,220,-0.7925915542274926,True
R220I,-2.39452837102435,220,True,neutral,tolerant,220,-0.9567332861884809,True
R220K,-0.0127943036563059,220,True,neutral,tolerant,220,-0.005111961223643552,True
R220L,-1.70009772529099,220,True,neutral,tolerant,220,-0.6792736737812782,True
R220M,-3.03131133259172,220,True,neutral,tolerant,220,-1.2111597790132709,True
R220N,-1.37500434164551,220,True,neutral,tolerant,220,-0.5493826835483169,True
R220P,-6.0866673138094285,220,True,impactful,tolerant,220,-2.4319265921187494,True
R220Q,-1.04300389898811,220,True,neutral,tolerant,220,-0.4167319793999406,True
R220R,0.0,220,True,neutral,tolerant,220,0.0,True
R220S,-1.76882091548013,220,True,neutral,tolerant,220,-0.7067320093694612,True
R220T,-1.79217478201064,220,True,neutral,tolerant,220,-0.7160630416267169,True
R220V,-2.95795292625814,220,True,neutral,tolerant,220,-1.1818494438297908,True
R220W,-4.80274110068373,220,True,mild,tolerant,220,-1.9189341548724126,True
R220Y,-3.0270575563099102,220,True,neutral,tolerant,220,-1.2094601836315442,True
Y221A,-3.39622919646748,221,True,neutral,tolerant,221,-1.723486184833319,True
Y221C,-2.77880992394598,221,True,neutral,tolerant,221,-1.410164107646226,True
Y221D,-3.6288325015991,221,True,mild,tolerant,221,-1.841525504252012,True
Y221E,-1.9798186581729096,221,True,neutral,tolerant,221,-1.0046995972431336,True
Y221F,-0.6260566085622521,221,True,neutral,tolerant,221,-0.31770527056976683,True
Y221G,-2.52453822962035,221,True,neutral,tolerant,221,-1.281128719569295,True
Y221H,-3.70844692254835,221,True,mild,tolerant,221,-1.8819274755801714,True
Y221I,-2.44257914078578,221,True,neutral,tolerant,221,-1.23953689841811,True
Y221K,-4.827927208518348,221,True,mild,tolerant,221,-2.4500307146281664,True
Y221L,-1.5703489220610702,221,True,neutral,tolerant,221,-0.7969057787251916,True
Y221M,-2.94162195965815,221,True,neutral,tolerant,221,-1.492786415518256,True
Y221N,-3.2949862339512204,221,True,neutral,tolerant,221,-1.6721083663427814,True
Y221P,-6.83931238403262,221,True,impactful,tolerant,221,-3.470749388733877,True
Y221Q,-4.40364522546629,221,True,mild,tolerant,221,-2.2347201175034215,True
Y221R,-4.40071538309026,221,True,mild,tolerant,221,-2.233233308879292,True
Y221S,-2.8295994958215296,221,True,neutral,tolerant,221,-1.4359383179239529,True
Y221T,-4.31816642427088,221,True,mild,tolerant,221,-2.1913421461021874,True
Y221V,-2.40014522488044,221,True,neutral,tolerant,221,-1.2180029371921417,True
Y221W,-3.4189192625259195,221,True,neutral,tolerant,221,-1.7350007243777499,True
Y221Y,0.0,221,True,neutral,tolerant,221,0.0,True
E222A,-1.77051933570626,222,True,neutral,tolerant,222,-0.8476982645078814,True
E222C,-5.19058240764724,222,True,mild,tolerant,222,-2.4851734799001943,True
E222D,-1.85062617141284,222,True,neutral,tolerant,222,-0.8860522232781752,True
E222E,0.0,222,True,neutral,tolerant,222,0.0,True
E222F,-5.414175627065951,222,True,mild,tolerant,222,-2.5922265802163023,True
E222G,-2.4001226550391603,222,True,neutral,tolerant,222,-1.1491429482023425,True
E222H,-2.28500598218394,222,True,neutral,tolerant,222,-1.0940268013027858,True
E222I,-2.5664803324060204,222,True,neutral,tolerant,222,-1.228792524203836,True
E222K,-2.0145194856018,222,True,neutral,tolerant,222,-0.9645218989267647,True
E222L,-3.66721869285078,222,True,mild,tolerant,222,-1.7558096422936886,True
E222M,-3.9855152607561295,222,True,mild,tolerant,222,-1.9082052941065217,True
E222N,-3.22777960698382,222,True,neutral,tolerant,222,-1.5454127587726414,True
E222P,-6.77595285021199,222,True,impactful,tolerant,222,-3.2442252144174804,True
E222Q,-1.8566869791861695,222,True,neutral,tolerant,222,-0.8889540476905687,True
E222R,-3.0404316416856303,222,True,neutral,tolerant,222,-1.4557133458153653,True
E222S,-1.9732463510275,222,True,neutral,tolerant,222,-0.9447609373581196,True
E222T,-4.08055665025561,222,True,mild,tolerant,222,-1.9537096946009616,True
E222V,-2.6789479943164904,222,True,neutral,tolerant,222,-1.282640364152296,True
E222W,-6.20438157952824,222,True,impactful,tolerant,222,-2.9705654105227635,True
E222Y,-4.26146995149133,222,True,mild,tolerant,222,-2.040328286327742,True
E223A,-2.54276212871108,223,True,neutral,tolerant,223,-1.1146613256562505,True
E223C,-4.3287934526729615,223,True,mild,tolerant,223,-1.8975973387233007,True
E223D,-0.278001652089653,223,True,neutral,tolerant,223,-0.12186656650024774,True
E223E,0.0,223,True,neutral,tolerant,223,0.0,True
E223F,-5.78330056773394,223,True,impactful,tolerant,223,-2.5352042979995675,True
E223G,-2.07120932592428,223,True,neutral,tolerant,223,-0.9079484497893713,True
E223H,-2.37579664254458,223,True,neutral,tolerant,223,-1.0414692767234115,True
E223I,-3.4423725374084904,223,True,neutral,tolerant,223,-1.5090202471654024,True
E223K,-2.41197427478339,223,True,neutral,tolerant,223,-1.0573283329265402,True
E223L,-1.98081762346028,223,True,neutral,tolerant,223,-0.8683237700919744,True
E223M,-2.744423333049029,223,True,neutral,tolerant,223,-1.2030628095475953,True
E223N,-0.665064043267141,223,True,neutral,tolerant,223,-0.2915416899378752,True
E223P,-2.90269267219289,223,True,neutral,tolerant,223,-1.2724427603455333,True
E223Q,-1.60668646608163,223,True,neutral,tolerant,223,-0.7043172642752528,True
E223R,-2.82837712641302,223,True,neutral,tolerant,223,-1.2398653266011321,True
E223S,-1.77115674066391,223,True,neutral,tolerant,223,-0.776415496440548,True
E223T,-2.47847918812085,223,True,neutral,tolerant,223,-1.0864818483208267,True
E223V,-3.25387042108334,223,True,neutral,tolerant,223,-1.426387264512594,True
E223W,-6.197951555077079,223,True,impactful,tolerant,223,-2.7169733333402277,True
E223Y,-6.197951555077079,223,True,impactful,tolerant,223,-2.7169733333402277,True
E224A,-2.83213328081025,224,True,neutral,sensitive,224,-1.5499394382391145,True
E224C,-5.154950953608,224,True,mild,sensitive,224,-2.821146108949907,True
E224D,-0.5860821174808929,224,True,neutral,sensitive,224,-0.3207447170955325,True
E224E,0.0,224,True,neutral,sensitive,224,0.0,True
E224F,-6.06235398939635,224,True,impactful,sensitive,224,-3.3177398819463164,True
E224G,-4.88316250627277,224,True,mild,sensitive,224,-2.6724046509694657,True
E224H,-0.978930282584699,224,True,neutral,sensitive,224,-0.535738435244299,True
E224I,-4.1508575207087715,224,True,mild,sensitive,224,-2.271636655467487,True
E224K,-1.44912297030022,224,True,neutral,sensitive,224,-0.7930604317759872,True
E224L,-4.231585739861,224,True,mild,sensitive,224,-2.315816726896559,True
E224M,-4.33321575398244,224,True,mild,sensitive,224,-2.371435707847396,True
E224N,-2.03118967623249,224,True,neutral,sensitive,224,-1.1116076376307382,True
E224P,-4.34085376477115,224,True,mild,sensitive,224,-2.375615756234007,True
E224Q,-1.08112412426244,224,True,neutral,sensitive,224,-0.5916659816753693,True
E224R,-2.4142416097571404,224,True,neutral,sensitive,224,-1.3212401795334798,True
E224S,-1.87427798589281,224,True,neutral,sensitive,224,-1.0257346955534308,True
E224T,-2.75742381124875,224,True,neutral,sensitive,224,-1.509053243345714,True
E224V,-5.02525610792302,224,True,mild,sensitive,224,-2.750168108858761,True
E224W,-6.4127374774821115,224,True,impactful,sensitive,224,-3.509493988425563,True
E224Y,-5.604660056317919,224,True,impactful,sensitive,224,-3.0672580694102622,True
I225A,-4.47372555326546,225,True,mild,sensitive,225,-2.008626237473185,True
I225C,-5.0731876888268,225,True,mild,sensitive,225,-2.2777744808162135,True
I225D,-4.65380460471578,225,True,mild,sensitive,225,-2.089478650804257,True
I225E,-3.77986592267664,225,True,mild,sensitive,225,-1.6970951338034792,True
I225F,-4.13098313654224,225,True,mild,sensitive,225,-1.8547407559593,True
I225G,-6.046003901985031,225,True,impactful,sensitive,225,-2.7145523177049,True
I225H,-6.02510985133463,225,True,impactful,sensitive,225,-2.705171246415702,True
I225I,0.0,225,True,neutral,sensitive,225,0.0,True
I225K,-5.36787865403651,225,True,mild,sensitive,225,-2.4100856826588175,True
I225L,-0.9445609507036992,225,True,neutral,sensitive,225,-0.4240917074341343,True
I225M,-0.5520976588678089,225,True,neutral,sensitive,225,-0.2478824036132371,True
I225N,-3.81841773652215,225,True,mild,sensitive,225,-1.7144042386804539,True
I225P,-7.0832187124853005,225,True,impactful,sensitive,225,-3.1802440230769298,True
I225Q,-4.2275977483663185,225,True,mild,sensitive,225,-1.8981190637974912,True
I225R,-5.09622007390188,225,True,mild,sensitive,225,-2.288115627679731,True
I225S,-4.33591140438764,225,True,mild,sensitive,225,-1.9467500423344446,True
I225T,-3.84205408730564,225,True,mild,sensitive,225,-1.7250165558144774,True
I225V,-0.6279990211310451,225,True,neutral,sensitive,225,-0.28196081675831963,True
I225W,-2.9607935207137204,225,True,neutral,sensitive,225,-1.329345637911396,True
I225Y,-4.85064721350849,225,True,mild,sensitive,225,-2.177857614593198,True
K226A,-3.31611638229792,226,True,neutral,tolerant,226,-1.4803655289828346,True
K226C,-4.264568778787,226,True,mild,tolerant,226,-1.9037693157554343,True
K226D,-3.9162150849069,226,True,mild,tolerant,226,-1.7482588508432868,True
K226E,-2.7621620551586497,226,True,neutral,tolerant,226,-1.233071768454564,True
K226F,-3.8638153155718,226,True,mild,tolerant,226,-1.7248667851533062,True
K226G,-3.53932330021702,226,True,mild,tolerant,226,-1.5800085417799201,True
K226H,-2.54611955495942,226,True,neutral,tolerant,226,-1.1366270622924166,True
K226I,-3.92676306425993,226,True,mild,tolerant,226,-1.7529676316080403,True
K226K,0.0,226,True,neutral,tolerant,226,0.0,True
K226L,-1.80563031704786,226,True,neutral,tolerant,226,-0.8060612388976934,True
K226M,-3.31244117573166,226,True,neutral,tolerant,226,-1.478724860054076,True
K226N,-1.40977516741251,226,True,neutral,tolerant,226,-0.6293453910707739,True
K226P,-2.93519220796409,226,True,neutral,tolerant,226,-1.3103150989526051,True
K226Q,-2.60618382218414,226,True,neutral,tolerant,226,-1.1634406781225923,True
K226R,-0.438947618745032,226,True,neutral,tolerant,226,-0.19595299106147793,True
K226S,-3.27429198834436,226,True,neutral,tolerant,226,-1.461694474067523,True
K226T,-2.91781083234155,226,True,neutral,tolerant,226,-1.3025557846368392,True
K226V,-2.6871662314306004,226,True,neutral,tolerant,226,-1.1995924753702412,True
K226W,-5.35234547900537,226,True,mild,tolerant,226,-2.389369621833383,True
K226Y,-3.81914324912501,226,True,mild,tolerant,226,-1.7049244852903462,True
V227A,-0.43367334257432,227,True,neutral,tolerant,227,-0.2380322464397735,True
V227C,-1.88829521271386,227,True,neutral,tolerant,227,-1.0364371228252796,True
V227D,-1.33235102868071,227,True,neutral,tolerant,227,-0.731293527337025,True
V227E,-1.9451999111616,227,True,neutral,tolerant,227,-1.067670661700619,True
V227F,-1.69792420190272,227,True,neutral,tolerant,227,-0.9319473262161639,True
V227G,-1.93701410222013,227,True,neutral,tolerant,227,-1.0631776797716435,True
V227H,-1.74284973140542,227,True,neutral,tolerant,227,-0.9566058045227741,True
V227I,-0.0924719985505251,227,True,neutral,tolerant,227,-0.050755523540128175,True
V227K,-2.5209408215445896,227,True,neutral,tolerant,227,-1.3836801758022554,True
V227L,-0.333695056605372,227,True,neutral,tolerant,227,-0.18315671301842093,True
V227M,-1.0907946072777,227,True,neutral,tolerant,227,-0.5987093632120248,True
V227N,-1.67026346414132,227,True,neutral,tolerant,227,-0.9167650521376064,True
V227P,-2.28462809186198,227,True,neutral,tolerant,227,-1.2539741404375688,True
V227Q,-1.66896265612055,227,True,neutral,tolerant,227,-0.9160510717635009,True
V227R,-2.60968156604382,227,True,neutral,tolerant,227,-1.4323877090771877,True
V227S,-1.52215391503106,227,True,neutral,tolerant,227,-0.8354714949071306,True
V227T,-0.768854341517327,227,True,neutral,tolerant,227,-0.42200455534104864,True
V227V,0.0,227,True,neutral,tolerant,227,0.0,True
V227W,-4.3696874469929305,227,True,mild,tolerant,227,-2.398410086894276,True
V227Y,-1.73270655944539,227,True,neutral,tolerant,227,-0.9510384759123993,True
L228A,-4.06906783761689,228,True,mild,sensitive,228,-1.879831144514368,True
L228C,-4.86581620083421,228,True,mild,sensitive,228,-2.2479135769748564,True
L228D,-6.15629362759163,228,True,impactful,sensitive,228,-2.8440893486553085,True
L228E,-5.31832000297467,228,True,mild,sensitive,228,-2.456961637666071,True
L228F,-3.65384798412261,228,True,mild,sensitive,228,-1.6880075516011623,True
L228G,-7.3151125537089685,228,True,impactful,sensitive,228,-3.3794414231598884,True
L228H,-5.620547526516991,228,True,impactful,sensitive,228,-2.596584945548065,True
L228I,-0.6889770282753851,228,True,neutral,sensitive,228,-0.3182941467905227,True
L228K,-5.7604850203689,228,True,impactful,sensitive,228,-2.661233378487972,True
L228L,0.0,228,True,neutral,sensitive,228,0.0,True
L228M,-0.905360781152608,228,True,neutral,sensitive,228,-0.41825928231004555,True
L228N,-3.99256321836345,228,True,mild,sensitive,228,-1.844487480630883,True
L228P,-4.54406760818779,228,True,mild,sensitive,228,-2.0992719103088526,True
L228Q,-4.41818014962599,228,True,mild,sensitive,228,-2.0411143236693463,True
L228R,-5.24638784276318,228,True,mild,sensitive,228,-2.423730361989686,True
L228S,-3.4438920712416805,228,True,neutral,sensitive,228,-1.5910119546342492,True
L228T,-4.490068655223348,228,True,mild,sensitive,228,-2.074325431752925,True
L228V,-0.47272553083261,228,True,neutral,sensitive,228,-0.2183901107401235,True
L228W,-6.22211107861673,228,True,impactful,sensitive,228,-2.8744957461957323,True
L228Y,-4.8660986267206,228,True,mild,sensitive,228,-2.248044052306908,True
S229A,-0.184199700963978,229,True,neutral,tolerant,229,-0.11363987482675618,True
S229C,-1.36952888421884,229,True,neutral,tolerant,229,-0.844915003443418,True
S229D,-1.68662026119432,229,True,neutral,tolerant,229,-1.0405408605949675,True
S229E,-0.7364048407994859,229,True,neutral,tolerant,229,-0.4543164483564296,True
S229F,-3.96009496535957,229,True,mild,tolerant,229,-2.443134781492047,True
S229G,-1.17437053573106,229,True,neutral,tolerant,229,-0.7245143177882071,True
S229H,-1.81787887772234,229,True,neutral,tolerant,229,-1.121519345761425,True
S229I,-2.47274299651231,229,True,neutral,tolerant,229,-1.5255301888755486,True
S229K,-2.56709504237169,229,True,neutral,tolerant,229,-1.5837395921753132,True
S229L,-1.32360881033995,229,True,neutral,tolerant,229,-0.8165851450325567,True
S229M,-2.54108343885552,229,True,neutral,tolerant,229,-1.567692034268589,True
S229N,-0.6913638432305379,229,True,neutral,tolerant,229,-0.42652892590649666,True
S229P,-2.2351321922022303,229,True,neutral,tolerant,229,-1.3789389516587038,True
S229Q,-1.93425444611261,229,True,neutral,tolerant,229,-1.1933159065351535,True
S229R,-2.29095766084053,229,True,neutral,tolerant,229,-1.4133798287882602,True
S229S,0.0,229,True,neutral,tolerant,229,0.0,True
S229T,-0.0789011496874072,229,True,neutral,tolerant,229,-0.04867715163075946,True
S229V,-2.64148958131795,229,True,neutral,tolerant,229,-1.6296364424383902,True
S229W,-3.901600033444351,229,True,mild,tolerant,229,-2.40704700987213,True
S229Y,-4.55490357472681,229,True,mild,tolerant,229,-2.810095072744576,True
D230A,-1.47726878111206,230,True,neutral,tolerant,230,-0.7767654254258199,True
D230C,-2.4541123958630497,230,True,neutral,tolerant,230,-1.2904013701422272,True
D230D,0.0,230,True,neutral,tolerant,230,0.0,True
D230E,-0.29336181848188503,230,True,neutral,tolerant,230,-0.15425311943926337,True
D230F,-2.7880147093117302,230,True,neutral,tolerant,230,-1.465971162093957,True
D230G,-1.69336249258152,230,True,neutral,tolerant,230,-0.8903900588490364,True
D230H,-1.58308110251971,230,True,neutral,tolerant,230,-0.8324027975170617,True
D230I,-2.3810962548475296,230,True,neutral,tolerant,230,-1.2520086182178434,True
D230K,-2.83453747627743,230,True,neutral,tolerant,230,-1.4904333840918351,True
D230L,-2.4805528028355,230,True,neutral,tolerant,230,-1.3043040493519826,True
D230M,-3.34119651837584,230,True,neutral,tolerant,230,-1.7568407105129276,True
D230N,-0.9647262138599008,230,True,neutral,tolerant,230,-0.507264471780293,True
D230P,-2.65926247101761,230,True,neutral,tolerant,230,-1.3982717099483744,True
D230Q,-1.45816162424749,230,True,neutral,tolerant,230,-0.7667186559954032,True
D230R,-2.61200115712586,230,True,neutral,tolerant,230,-1.3734211512276568,True
D230S,-1.21487314165983,230,True,neutral,tolerant,230,-0.6387946897580968,True
D230T,-1.81243905076029,230,True,neutral,tolerant,230,-0.9530019237679894,True
D230V,-2.5795743064138903,230,True,neutral,tolerant,230,-1.3563707289818543,True
D230W,-5.03239064938228,230,True,mild,tolerant,230,-2.646090619158508,True
D230Y,-2.24671358415694,230,True,neutral,tolerant,230,-1.181348618017842,True
K231A,-3.52425177659332,231,True,mild,sensitive,231,-1.7144249109363077,True
K231C,-4.56671778297572,231,True,mild,sensitive,231,-2.2215480688265425,True
K231D,-3.8937439356164,231,True,mild,sensitive,231,-1.894169890007338,True
K231E,-2.62408024426257,231,True,neutral,sensitive,231,-1.276523025096773,True
K231F,-4.44437693548569,231,True,mild,sensitive,231,-2.162033536421393,True
K231G,-4.61054480691431,231,True,mild,sensitive,231,-2.242868379172006,True
K231H,-1.84678394499581,231,True,neutral,sensitive,231,-0.8983956315058145,True
K231I,-4.73018762935972,231,True,mild,sensitive,231,-2.301070416999569,True
K231K,0.0,231,True,neutral,sensitive,231,0.0,True
K231L,-2.4644776051815898,231,True,neutral,sensitive,231,-1.1988819376725062,True
K231M,-3.78474734902441,231,True,mild,sensitive,231,-1.8411468726107303,True
K231N,-1.84889749091303,231,True,neutral,sensitive,231,-0.8994237974827619,True
K231P,-4.28021079290184,231,True,mild,sensitive,231,-2.0821724645628623,True
K231Q,-2.47245123762742,231,True,neutral,sensitive,231,-1.2027608302608772,True
K231R,-0.22587467353245005,231,True,neutral,sensitive,231,-0.10988010834684593,True
K231S,-2.01792071204742,231,True,neutral,sensitive,231,-0.9816476677419987,True
K231T,-3.78472936696025,231,True,mild,sensitive,231,-1.84113812496706,True
K231V,-4.738299160678388,231,True,mild,sensitive,231,-2.3050163925541325,True
K231W,-6.3814415567423,231,True,impactful,sensitive,231,-3.104347551223678,True
K231Y,-5.3576005955443895,231,True,mild,sensitive,231,-2.6062848247259103,True
L232A,-4.773241167974652,232,True,mild,sensitive,232,-2.3356015615328167,True
L232C,-3.16568091868487,232,True,neutral,sensitive,232,-1.5490039234980237,True
L232D,-5.918568506158151,232,True,impactful,sensitive,232,-2.89602334316734,True
L232E,-5.08217679367731,232,True,mild,sensitive,232,-2.4867673007888556,True
L232F,-1.6889498788262298,232,True,neutral,sensitive,232,-0.826422515753797,True
L232G,-6.25634539555421,232,True,impactful,sensitive,232,-3.061301443007805,True
L232H,-3.75460928929295,232,True,mild,sensitive,232,-1.8371733190131578,True
L232I,-1.07627066324474,232,True,neutral,sensitive,232,-0.5266315598239483,True
L232K,-4.5470402736014295,232,True,mild,sensitive,232,-2.224918873705755,True
L232L,0.0,232,True,neutral,sensitive,232,0.0,True
L232M,-1.8811820020088497,232,True,neutral,sensitive,232,-0.9204838948633304,True
L232N,-4.79787439498296,232,True,mild,sensitive,232,-2.3476548815813008,True
L232P,-4.0472427520744,232,True,mild,sensitive,232,-1.9803622232769493,True
L232Q,-4.61317051571601,232,True,mild,sensitive,232,-2.257277158425086,True
L232R,-4.42459200271124,232,True,mild,sensitive,232,-2.165003532612803,True
L232S,-2.35911309908577,232,True,neutral,sensitive,232,-1.1543410534178373,True
L232T,-3.21234048047256,232,True,neutral,sensitive,232,-1.5718349813760413,True
L232V,-1.96240962217233,232,True,neutral,sensitive,232,-0.9602294995409834,True
L232W,-4.009601174461522,232,True,mild,sensitive,232,-1.961943768319958,True
L232Y,-1.81274059821629,232,True,neutral,sensitive,232,-0.886994732270017,True
K233A,-3.6174752944289694,233,True,mild,sensitive,233,-1.6169840382785294,True
K233C,-4.39743568508199,233,True,mild,sensitive,233,-1.9656204212602417,True
K233D,-3.73155606194259,233,True,mild,sensitive,233,-1.6679772766921195,True
K233E,-3.3293312655377503,233,True,neutral,sensitive,233,-1.4881858413261115,True
K233F,-5.2277234928086385,233,True,mild,sensitive,233,-2.3367527782216984,True
K233G,-5.21174400542156,233,True,mild,sensitive,233,-2.329610068474773,True
K233H,-2.1783851529673703,233,True,neutral,sensitive,233,-0.9737216525005171,True
K233I,-3.91975716966664,233,True,mild,sensitive,233,-1.7521017453912664,True
K233K,0.0,233,True,neutral,sensitive,233,0.0,True
K233L,-2.47886671016376,233,True,neutral,sensitive,233,-1.1080346310941513,True
K233M,-4.33268073955188,233,True,mild,sensitive,233,-1.9366754514126143,True
K233N,-2.9475306826311,233,True,neutral,sensitive,233,-1.3175238745902902,True
K233P,-3.0805936094533504,233,True,neutral,sensitive,233,-1.377001994341255,True
K233Q,-2.6670264515217403,233,True,neutral,sensitive,233,-1.1921406093411977,True
K233R,-1.8510406105157096,233,True,neutral,sensitive,233,-0.8274011231033764,True
K233S,-3.46543800010363,233,True,neutral,sensitive,233,-1.5490245200682093,True
K233T,-3.07736848257137,233,True,neutral,sensitive,233,-1.3755603870695712,True
K233V,-4.00086178887685,233,True,mild,sensitive,233,-1.7883548954530055,True
K233W,-6.74413425515888,233,True,impactful,sensitive,233,-3.014576895492187,True
K233Y,-6.74413425515888,233,True,impactful,sensitive,233,-3.014576895492187,True
E234A,-1.50716658541991,234,True,neutral,tolerant,234,-0.6353627740710143,True
E234C,-1.6821499781176,234,True,neutral,tolerant,234,-0.7091289621462274,True
E234D,-1.03604390550857,234,True,neutral,tolerant,234,-0.4367557881333301,True
E234E,0.0,234,True,neutral,tolerant,234,0.0,True
E234F,-4.3084995992044,234,True,mild,tolerant,234,-1.81629574588245,True
E234G,-4.1677597732345895,234,True,mild,tolerant,234,-1.7569653127933054,True
E234H,-2.51983475764194,234,True,neutral,tolerant,234,-1.06226426282526,True
E234I,-3.50330975137122,234,True,mild,tolerant,234,-1.4768590437142062,True
E234K,-1.45529128367107,234,True,neutral,tolerant,234,-0.6134941658204333,True
E234L,-3.10847239562967,234,True,neutral,tolerant,234,-1.3104109814511204,True
E234M,-3.4137131415773703,234,True,neutral,tolerant,234,-1.4390886000906047,True
E234N,-1.73527078041197,234,True,neutral,tolerant,234,-0.7315226249524033,True
E234P,-4.1869196320831294,234,True,mild,tolerant,234,-1.7650423635895356,True
E234Q,-0.820976310764601,234,True,neutral,tolerant,234,-0.3460916605370843,True
E234R,-3.31241740919519,234,True,neutral,tolerant,234,-1.3963862617091005,True
E234S,-1.7081141786631,234,True,neutral,tolerant,234,-0.7200744585795423,True
E234T,-2.5242926663838903,234,True,neutral,tolerant,234,-1.0641435436507778,True
E234V,-3.20717881429589,234,True,neutral,tolerant,234,-1.3520217659450668,True
E234W,-5.62699228771702,234,True,impactful,tolerant,234,-2.3721209481326255,True
E234Y,-5.62699228771702,234,True,impactful,tolerant,234,-2.3721209481326255,True
A235A,0.0,235,True,neutral,sensitive,235,0.0,True
A235C,-3.3048462011751605,235,True,neutral,sensitive,235,-1.7823566782851434,True
A235D,-4.05573919267046,235,True,mild,sensitive,235,-2.1873253384283156,True
A235E,-3.80591169236045,235,True,mild,sensitive,235,-2.052589351791935,True
A235F,-4.2547514896199985,235,True,mild,sensitive,235,-2.294655869090452,True
A235G,-4.09945336409084,235,True,mild,sensitive,235,-2.2109010937355094,True
A235H,-4.78697638640171,235,True,mild,sensitive,235,-2.5816933108906754,True
A235I,-1.82497657881668,235,True,neutral,sensitive,235,-0.9842392035705759,True
A235K,-4.35921525110107,235,True,mild,sensitive,235,-2.3509948548043313,True
A235L,-1.92592668354822,235,True,neutral,sensitive,235,-1.038683217721027,True
A235M,-3.8461390049712096,235,True,mild,sensitive,235,-2.0742845880954444,True
A235N,-4.19524410211446,235,True,mild,sensitive,235,-2.262562578488885,True
A235P,-5.27113780548288,235,True,mild,sensitive,235,-2.8428093465962045,True
A235Q,-3.91826915357441,235,True,mild,sensitive,235,-2.1131855366548358,True
A235R,-3.65471485622476,235,True,mild,sensitive,235,-1.9710464677308834,True
A235S,-0.975793458903752,235,True,neutral,sensitive,235,-0.5262610972594189,True
A235T,-0.898442649598488,235,True,neutral,sensitive,235,-0.4845445624666729,True
A235V,-1.52703005591199,235,True,neutral,sensitive,235,-0.8235518545852651,True
A235W,-5.89886476458475,235,True,impactful,sensitive,235,-3.1813525857027627,True
A235Y,-3.9152161686675298,235,True,mild,sensitive,235,-2.111539012820974,True
E236A,-4.26757667021373,236,True,mild,sensitive,236,-2.2184052673602332,True
E236C,-5.67948730085201,236,True,impactful,sensitive,236,-2.9523557554467192,True
E236D,-0.940379654288064,236,True,neutral,sensitive,236,-0.48883554757237846,True
E236E,0.0,236,True,neutral,sensitive,236,0.0,True
E236F,-4.29357146637231,236,True,mild,sensitive,236,-2.2319180867372452,True
E236G,-3.9556414955138894,236,True,mild,sensitive,236,-2.0562526716121634,True
E236H,-3.9529076567867,236,True,mild,sensitive,236,-2.054831546064533,True
E236I,-2.7468935244434203,236,True,neutral,sensitive,236,-1.4279117950089018,True
E236K,-3.86548585245371,236,True,mild,sensitive,236,-2.009387256201376,True
E236L,-3.651327296813069,236,True,mild,sensitive,236,-1.8980616715435932,True
E236M,-5.01122250706996,236,True,mild,sensitive,236,-2.604973094728581,True
E236N,-2.61714939242376,236,True,neutral,sensitive,236,-1.3604671799208075,True
E236P,-5.954921264861901,236,True,impactful,sensitive,236,-3.095534004787662,True
E236Q,-2.15043596430789,236,True,neutral,sensitive,236,-1.1178565352178162,True
E236R,-2.7248021191337,236,True,neutral,sensitive,236,-1.416428066961429,True
E236S,-2.4258248983985897,236,True,neutral,sensitive,236,-1.261011376752024,True
E236T,-3.5577999969301004,236,True,mild,sensitive,236,-1.849443574966557,True
E236V,-2.66212524522658,236,True,neutral,sensitive,236,-1.3838468814404516,True
E236W,-6.67843208682892,236,True,impactful,sensitive,236,-3.471635090363093,True
E236Y,-6.67843208682892,236,True,impactful,sensitive,236,-3.471635090363093,True
T237A,-1.58791097715534,237,True,neutral,tolerant,237,-0.8020718646742376,True
T237C,-1.61255079756456,237,True,neutral,tolerant,237,-0.8145177177385358,True
T237D,-2.81391581367728,237,True,neutral,tolerant,237,-1.4213408284107287,True
T237E,-3.45218921139669,237,True,neutral,tolerant,237,-1.7437399689455995,True
T237F,-2.22910877270116,237,True,neutral,tolerant,237,-1.1259481517566308,True
T237G,-2.09745534294487,237,True,neutral,tolerant,237,-1.059448509513112,True
T237H,-2.65898383153948,237,True,neutral,tolerant,237,-1.3430829250403784,True
T237I,-2.92016402980918,237,True,neutral,tolerant,237,-1.475008008786224,True
T237K,-3.2623235350806006,237,True,neutral,tolerant,237,-1.6478366599872514,True
T237L,-3.33984733345141,237,True,neutral,tolerant,237,-1.6869948107970003,True
T237M,-3.89183930300785,237,True,mild,tolerant,237,-1.9658122222746133,True
T237N,-1.94191158650675,237,True,neutral,tolerant,237,-0.9808815919972105,True
T237P,-4.223437722839799,237,True,mild,tolerant,237,-2.133306349303136,True
T237Q,-2.06413933472876,237,True,neutral,tolerant,237,-1.0426202154728077,True
T237R,-3.5290713052214504,237,True,mild,tolerant,237,-1.782573987502833,True
T237S,-0.781938795802172,237,True,neutral,tolerant,237,-0.3949661643713305,True
T237T,0.0,237,True,neutral,tolerant,237,0.0,True
T237V,-2.63984144341465,237,True,neutral,tolerant,237,-1.3334138874441364,True
T237W,-5.3962127561729005,237,True,mild,tolerant,237,-2.7256883350451813,True
T237Y,-3.88841699430553,237,True,mild,tolerant,237,-1.9640835752900838,True
R238A,-3.96423156819959,238,True,mild,sensitive,238,-1.4329397302238827,True
R238C,-3.2653850248058,238,True,neutral,sensitive,238,-1.1803296190003871,True
R238D,-4.26881618949242,238,True,mild,sensitive,238,-1.5430370839120053,True
R238E,-3.68477809414976,238,True,mild,sensitive,238,-1.3319264622484814,True
R238F,-6.7011734722163405,238,True,impactful,sensitive,238,-2.4222544879794126,True
R238G,-4.64057425976173,238,True,mild,sensitive,238,-1.6774154368804706,True
R238H,-2.0673211738215,238,True,neutral,sensitive,238,-0.7472688197292398,True
R238I,-4.24276173119747,238,True,mild,sensitive,238,-1.5336192515280989,True
R238K,-2.6467786609559902,238,True,neutral,sensitive,238,-0.9567237017173296,True
R238L,-2.89624115787767,238,True,neutral,sensitive,238,-1.0468962148236403,True
R238M,-4.6499700509402,238,True,mild,sensitive,238,-1.6808117073164661,True
R238N,-3.56698799409919,238,True,mild,sensitive,238,-1.2893492032549652,True
R238P,-4.29682090487196,238,True,mild,sensitive,238,-1.5531598702857539,True
R238Q,-1.16247779107125,238,True,neutral,sensitive,238,-0.42019760543035584,True
R238R,0.0,238,True,neutral,sensitive,238,0.0,True
R238S,-3.02190577161429,238,True,neutral,sensitive,238,-1.0923198523202313,True
R238T,-4.30016972331219,238,True,mild,sensitive,238,-1.5543703583487636,True
R238V,-4.89344944872299,238,True,mild,sensitive,238,-1.7688215262616287,True
R238W,-6.7011734722163405,238,True,impactful,sensitive,238,-2.4222544879794126,True
R238Y,-4.81955687023304,238,True,mild,sensitive,238,-1.7421117819731475,True
A239A,0.0,239,True,neutral,sensitive,239,0.0,True
A239C,-2.45087035095737,239,True,neutral,sensitive,239,-1.4690440073663023,True
A239D,-3.67121593882063,239,True,mild,sensitive,239,-2.2005153281834726,True
A239E,-3.96084255746387,239,True,mild,sensitive,239,-2.3741166157119693,True
A239F,-3.50466930837293,239,True,mild,sensitive,239,-2.1006877998482136,True
A239G,-3.17016996103036,239,True,neutral,sensitive,239,-1.9001899393679187,True
A239H,-5.63940562496529,239,True,impactful,sensitive,239,-3.3802420577763055,True
A239I,-4.08863174002805,239,True,mild,sensitive,239,-2.4507130512512116,True
A239K,-4.04729083215409,239,True,mild,sensitive,239,-2.425933440633457,True
A239L,-3.74706010640556,239,True,mild,sensitive,239,-2.245976084539191,True
A239M,-4.49563409482642,239,True,mild,sensitive,239,-2.6946689871769793,True
A239N,-4.543368660323191,239,True,mild,sensitive,239,-2.723280936136202,True
A239P,-4.83629747133682,239,True,mild,sensitive,239,-2.8988615474224795,True
A239Q,-3.90828282848784,239,True,mild,sensitive,239,-2.342612478885281,True
A239R,-3.86913042637826,239,True,mild,sensitive,239,-2.3191446517639456,True
A239S,-1.92370036708996,239,True,neutral,sensitive,239,-1.1530599711804244,True
A239T,-1.68895543261372,239,True,neutral,sensitive,239,-1.0123545931431044,True
A239V,-1.95067045800969,239,True,neutral,sensitive,239,-1.1692257591537771,True
A239W,-5.11185681689641,239,True,mild,sensitive,239,-3.0640309555512966,True
A239Y,-3.47008556478352,239,True,neutral,sensitive,239,-2.079958412325748,True
E240A,-2.85934140187427,240,True,neutral,sensitive,240,-1.6978128883442267,True
E240C,-5.29794030573068,240,True,mild,sensitive,240,-3.1457983040611475,True
E240D,-1.66827267365767,240,True,neutral,sensitive,240,-0.9905829519874243,True
E240E,0.0,240,True,neutral,sensitive,240,0.0,True
E240F,-6.553125256716322,240,True,impactful,sensitive,240,-3.8910990175898794,True
E240G,-3.75040196946417,240,True,mild,sensitive,240,-2.2269046977230555,True
E240H,-2.3585933063696,240,True,neutral,sensitive,240,-1.4004798836864505,True
E240I,-3.95446363733239,240,True,mild,sensitive,240,-2.3480719460609363,True
E240K,-4.43759001939214,240,True,mild,sensitive,240,-2.6349415719204043,True
E240L,-4.45433381807599,240,True,mild,sensitive,240,-2.6448836645948393,True
E240M,-4.11455631430172,240,True,mild,sensitive,240,-2.4431313923061064,True
E240N,-2.35765415074837,240,True,neutral,sensitive,240,-1.3999222341113282,True
E240P,-6.405259002892,240,True,impactful,sensitive,240,-3.8032993475926022,True
E240Q,-1.9014348795991296,240,True,neutral,sensitive,240,-1.1290294481150622,True
E240R,-4.5956778581124516,240,True,mild,sensitive,240,-2.7288105901124586,True
E240S,-2.8722941649997504,240,True,neutral,sensitive,240,-1.7055039490058517,True
E240T,-2.8724497559227204,240,True,neutral,sensitive,240,-1.7055963354113906,True
E240V,-4.021664162360509,240,True,mild,sensitive,240,-2.3879741128401295,True
E240W,-6.553125256716322,240,True,impactful,sensitive,240,-3.8910990175898794,True
E240Y,-6.40236937283264,240,True,impactful,sensitive,240,-3.8015835499777695,True
F241A,-2.8856492715580098,241,True,neutral,tolerant,241,-1.1722934596098387,True
F241C,-3.8327974419459694,241,True,mild,tolerant,241,-1.5570718927933496,True
F241D,-3.18625464773736,241,True,neutral,tolerant,241,-1.2944142314901796,True
F241E,-2.5667454658660698,241,True,neutral,tolerant,241,-1.04273896061298,True
F241F,0.0,241,True,neutral,tolerant,241,0.0,True
F241G,-4.428921268823982,241,True,mild,tolerant,241,-1.7992468758221674,True
F241H,-2.9049671234070296,241,True,neutral,tolerant,241,-1.180141326500499,True
F241I,-3.56662773757181,241,True,mild,tolerant,241,-1.4489405940039988,True
F241K,-4.3367753246458,241,True,mild,tolerant,241,-1.761812635717398,True
F241L,-3.2137596146016003,241,True,neutral,tolerant,241,-1.305588109438391,True
F241M,-4.07220568447335,241,True,mild,tolerant,241,-1.6543313621466724,True
F241N,-2.8671584753931296,241,True,neutral,tolerant,241,-1.16478158364462,True
F241P,-6.97023840554126,241,True,impactful,tolerant,241,-2.8316555914383814,True
F241Q,-2.92170010678545,241,True,neutral,tolerant,241,-1.1869390919696514,True
F241R,-4.520424362101791,241,True,mild,tolerant,241,-1.836419958095513,True
F241S,-2.36994860767635,241,True,neutral,tolerant,241,-0.9627903431557335,True
F241T,-3.12411648222592,241,True,neutral,tolerant,241,-1.2691706352779881,True
F241V,-3.23527933084611,241,True,neutral,tolerant,241,-1.3143304825516964,True
F241W,-4.23976265018314,241,True,mild,tolerant,241,-1.722401289060418,True
F241Y,-2.02363451435187,241,True,neutral,tolerant,241,-0.8221004295974572,True
A242A,0.0,242,True,neutral,sensitive,242,0.0,True
A242C,-0.909953282226494,242,True,neutral,sensitive,242,-0.5786926814999724,True
A242D,-3.82431990876523,242,True,mild,sensitive,242,-2.432109412806341,True
A242E,-4.40854140195958,242,True,mild,sensitive,242,-2.803650138127231,True
A242F,-4.23727402588698,242,True,mild,sensitive,242,-2.6947311649790606,True
A242G,-2.29977048787904,242,True,neutral,sensitive,242,-1.4625589867744009,True
A242H,-4.785026973425599,242,True,mild,sensitive,242,-3.043079402412791,True
A242I,-3.7446881092980897,242,True,mild,sensitive,242,-2.3814668793198392,True
A242K,-5.2085593542574005,242,True,mild,sensitive,242,-3.312428493133052,True
A242L,-3.29849982525376,242,True,neutral,sensitive,242,-2.097709570465806,True
A242M,-4.1782824502248905,242,True,mild,sensitive,242,-2.657214960825949,True
A242N,-4.19087722972482,242,True,mild,sensitive,242,-2.665224720078514,True
A242P,-3.62382761137936,242,True,mild,sensitive,242,-2.3046045974927125,True
A242Q,-4.80450111121296,242,True,mild,sensitive,242,-3.055464149230225,True
A242R,-4.740008222095611,242,True,mild,sensitive,242,-3.0144493370745065,True
A242S,-0.178136886520024,242,True,neutral,sensitive,242,-0.11328769789378045,True
A242T,-2.06828549433602,242,True,neutral,sensitive,242,-1.3153440975521313,True
A242V,-3.2297739328244104,242,True,neutral,sensitive,242,-2.0540027431426426,True
A242W,-4.87474653809217,242,True,mild,sensitive,242,-3.1001373376651036,True
A242Y,-4.415821957461611,242,True,mild,sensitive,242,-2.808280270540151,True
E243A,-4.00780398856126,243,True,mild,sensitive,243,-1.7158960284697655,True
E243C,-5.923616993752709,243,True,impactful,sensitive,243,-2.536129736575544,True
E243D,-2.06944451094947,243,True,neutral,sensitive,243,-0.8860093027532239,True
E243E,0.0,243,True,neutral,sensitive,243,0.0,True
E243F,-7.008120636667299,243,True,impactful,sensitive,243,-3.0004477269386833,True
E243G,-6.725428772145281,243,True,impactful,sensitive,243,-2.879416396814134,True
E243H,-4.373731880280791,243,True,mild,sensitive,243,-1.8725639238808034,True
E243I,-6.2496154038808,243,True,impactful,sensitive,243,-2.67570227525827,True
E243K,-3.71053821303711,243,True,mild,sensitive,243,-1.5886250428932016,True
E243L,-4.64129349270371,243,True,mild,sensitive,243,-1.9871174073939197,True
E243M,-5.397897398945202,243,True,mild,sensitive,243,-2.3110488275805987,True
E243N,-2.859649442813,243,True,neutral,sensitive,243,-1.2243266226949616,True
E243P,-7.241655784741559,243,True,impactful,sensitive,243,-3.1004331639092606,True
E243Q,-1.749108881889,243,True,neutral,sensitive,243,-0.7488612198502111,True
E243R,-3.80873633603044,243,True,mild,sensitive,243,-1.6306674605684057,True
E243S,-2.7178883655981405,243,True,neutral,sensitive,243,-1.1636332180077988,True
E243T,-4.14809941147095,243,True,mild,sensitive,243,-1.7759619298138183,True
E243V,-5.178415165432781,243,True,mild,sensitive,243,-2.21707998731832,True
E243W,-7.008120636667299,243,True,impactful,sensitive,243,-3.0004477269386833,True
E243Y,-7.008120636667299,243,True,impactful,sensitive,243,-3.0004477269386833,True
R244A,-3.88258132107332,244,True,mild,sensitive,244,-1.7449683545519035,True
R244C,-5.29678759679959,244,True,mild,sensitive,244,-2.3805623045245596,True
R244D,-4.40801153427995,244,True,mild,sensitive,244,-1.981115139062155,True
R244E,-3.64695839432008,244,True,mild,sensitive,244,-1.639071139068045,True
R244F,-6.35669520739612,244,True,impactful,sensitive,244,-2.8569219957436944,True
R244G,-4.28516138273577,244,True,mild,sensitive,244,-1.9259019679605027,True
R244H,-3.8322136081788303,244,True,mild,sensitive,244,-1.7223313360778787,True
R244I,-3.78110916934129,244,True,mild,sensitive,244,-1.6993632071002251,True
R244K,-0.568178726807752,244,True,neutral,sensitive,244,-0.25535946732856485,True
R244L,-1.81888982396278,244,True,neutral,sensitive,244,-0.8174729440964095,True
R244M,-3.161769064516549,244,True,neutral,sensitive,244,-1.4210100203277534,True
R244N,-3.54977949863617,244,True,mild,sensitive,244,-1.5953955316111368,True
R244P,-4.74164295062824,244,True,mild,sensitive,244,-2.1310608106317996,True
R244Q,-2.0614031799363404,244,True,neutral,sensitive,244,-0.9264669603796429,True
R244R,0.0,244,True,neutral,sensitive,244,0.0,True
R244S,-1.6844409157049,244,True,neutral,sensitive,244,-0.7570468845208701,True
R244T,-3.59798955199871,244,True,mild,sensitive,244,-1.617062822140839,True
R244V,-4.845359496417389,244,True,mild,sensitive,244,-2.1776746675684695,True
R244W,-6.35669520739612,244,True,impactful,sensitive,244,-2.8569219957436944,True
R244Y,-5.357236757211831,244,True,mild,sensitive,244,-2.407730279450435,True
S245A,-1.5591217973026,245,True,neutral,tolerant,245,-1.1221771415522812,True
S245C,-3.76827404193253,245,True,mild,tolerant,245,-2.712213375682023,True
S245D,-2.7244116358098,245,True,neutral,tolerant,245,-1.960893925781893,True
S245E,-2.57002696969986,245,True,neutral,tolerant,245,-1.8497756387984858,True
S245F,-4.31576500928628,245,True,mild,tolerant,245,-3.106269728324679,True
S245G,-4.60884165417116,245,True,mild,tolerant,245,-3.317211498352936,True
S245H,-2.95429213380539,245,True,neutral,tolerant,245,-2.1263503003804707,True
S245I,-3.0912615109624904,245,True,neutral,tolerant,245,-2.2249339417638896,True
S245K,-3.3933829196302496,245,True,neutral,tolerant,245,-2.442385676046028,True
S245L,-2.0044078890175,245,True,neutral,tolerant,245,-1.4426715855643626,True
S245M,-2.39149325665332,245,True,neutral,tolerant,245,-1.7212760872407462,True
S245N,-2.52148777980063,245,True,neutral,tolerant,245,-1.8148395809044728,True
S245P,-4.778974380494598,245,True,mild,tolerant,245,-3.43966444387678,True
S245Q,-2.15822568902189,245,True,neutral,tolerant,245,-1.5533818709490046,True
S245R,-3.6764955019670897,245,True,mild,tolerant,245,-2.6461558169894035,True
S245S,0.0,245,True,neutral,tolerant,245,0.0,True
S245T,-0.128338415853551,245,True,neutral,tolerant,245,-0.09237151125912597,True
S245V,-2.80972926395203,245,True,neutral,tolerant,245,-2.0223012463891146,True
S245W,-3.4802063691869503,245,True,neutral,tolerant,245,-2.504876810870652,True
S245Y,-3.55987312242446,245,True,mild,tolerant,245,-2.5622169170634383,True
V246A,-1.88992027589514,246,True,neutral,sensitive,246,-1.0635626538955674,True
V246C,-4.01809366060628,246,True,mild,sensitive,246,-2.2612035077782724,True
V246D,-5.73455423649076,246,True,impactful,sensitive,246,-3.2271507959675336,True
V246E,-4.00461721859806,246,True,mild,sensitive,246,-2.253619568598328,True
V246F,-4.79708735872707,246,True,mild,sensitive,246,-2.6995863409106673,True
V246G,-5.33095667419956,246,True,mild,sensitive,246,-3.0000241282815647,True
V246H,-4.780819317674308,246,True,mild,sensitive,246,-2.6904314145698924,True
V246I,-1.97095331821531,246,True,neutral,sensitive,246,-1.109164428024612,True
V246K,-4.7147679230578605,246,True,mild,sensitive,246,-2.6532606421051654,True
V246L,-1.05823089374137,246,True,neutral,sensitive,246,-0.5955250452291018,True
V246M,-1.6564121473785902,246,True,neutral,sensitive,246,-0.9321547167255085,True
V246N,-4.63476509737623,246,True,mild,sensitive,246,-2.6082386278507292,True
V246P,-7.04405791929688,246,True,impactful,sensitive,246,-3.9640809352622406,True
V246Q,-4.81690458808276,246,True,mild,sensitive,246,-2.7107385917834788,True
V246R,-4.14167283942942,246,True,mild,sensitive,246,-2.330748345765219,True
V246S,-3.15882872601441,246,True,neutral,sensitive,246,-1.7776476107968082,True
V246T,-3.42416356870417,246,True,neutral,sensitive,246,-1.9269662000840855,True
V246V,0.0,246,True,neutral,sensitive,246,0.0,True
V246W,-6.17770817913078,246,True,impactful,sensitive,246,-3.476538026386694,True
V246Y,-5.327097190481902,246,True,mild,sensitive,246,-2.997852183359986,True
T247A,-0.124058700180882,247,True,neutral,tolerant,247,-0.05719105937836653,True
T247C,-2.10022859632608,247,True,neutral,tolerant,247,-0.9682053591202979,True
T247D,-1.8973700532040605,247,True,neutral,tolerant,247,-0.8746875730385103,True
T247E,-2.27933901178133,247,True,neutral,tolerant,247,-1.0507752586166628,True
T247F,-4.6275853897637,247,True,mild,tolerant,247,-2.1333168122715986,True
T247G,-2.0182115239326297,247,True,neutral,tolerant,247,-0.9303954896757972,True
T247H,-2.03307907005442,247,True,neutral,tolerant,247,-0.9372494282695609,True
T247I,-1.6876089356384598,247,True,neutral,tolerant,247,-0.7779877002164066,True
T247K,-2.5676943611056497,247,True,neutral,tolerant,247,-1.1837070713894213,True
T247L,-2.6201488478242405,247,True,neutral,tolerant,247,-1.2078885891726212,True
T247M,-2.5902888628154304,247,True,neutral,tolerant,247,-1.1941231364217375,True
T247N,-2.02822818748953,247,True,neutral,tolerant,247,-0.9350131714620851,True
T247P,-4.295541411399141,247,True,mild,tolerant,247,-1.9802445420060828,True
T247Q,-1.69258684016171,247,True,neutral,tolerant,247,-0.7802825141452479,True
T247R,-3.0375618081168105,247,True,neutral,tolerant,247,-1.4003159591401082,True
T247S,-0.37936080544208506,247,True,neutral,tolerant,247,-0.174885327012371,True
T247T,0.0,247,True,neutral,tolerant,247,0.0,True
T247V,-1.45750815116795,247,True,neutral,tolerant,247,-0.6719112411814955,True
T247W,-5.375644663044982,247,True,mild,tolerant,247,-2.4781721287821648,True
T247Y,-3.53039952291445,247,True,mild,tolerant,247,-1.6275141400802133,True
K248A,-3.7845916915374302,248,True,mild,sensitive,248,-1.4808412924591445,True
K248C,-3.70402626939735,248,True,mild,sensitive,248,-1.4493175209209348,True
K248D,-3.8925444065880495,248,True,mild,sensitive,248,-1.5230812092347088,True
K248E,-2.6000738313852003,248,True,neutral,sensitive,248,-1.0173611862984189,True
K248F,-6.83770827044646,248,True,impactful,sensitive,248,-2.6754697938242233,True
K248G,-4.81684722574826,248,True,mild,sensitive,248,-1.8847439440574463,True
K248H,-4.49717160805616,248,True,mild,sensitive,248,-1.7596607399883335,True
K248I,-3.96695474051347,248,True,mild,sensitive,248,-1.5521966076827969,True
K248K,0.0,248,True,neutral,sensitive,248,0.0,True
K248L,-3.7410725479765294,248,True,mild,sensitive,248,-1.4638130500356508,True
K248M,-3.71949189357168,248,True,mild,sensitive,248,-1.455368935910354,True
K248N,-3.47771865442126,248,True,neutral,sensitive,248,-1.3607675032786353,True
K248P,-5.09000997356875,248,True,mild,sensitive,248,-1.991627515524005,True
K248Q,-2.37698916497329,248,True,neutral,sensitive,248,-0.9300722492973895,True
K248R,-0.806451942163139,248,True,neutral,sensitive,248,-0.31554984888050475,True
K248S,-3.15518967783315,248,True,neutral,sensitive,248,-1.2345678322244935,True
K248T,-3.3481486919136803,248,True,neutral,sensitive,248,-1.3100691541878613,True
K248V,-3.92261070357835,248,True,mild,sensitive,248,-1.5348455996164068,True
K248W,-6.83770827044646,248,True,impactful,sensitive,248,-2.6754697938242233,True
K248Y,-6.83770827044646,248,True,impactful,sensitive,248,-2.6754697938242233,True
L249A,-6.0358458025297415,249,True,impactful,sensitive,249,-2.699560686660623,True
L249C,-4.05636640607976,249,True,mild,sensitive,249,-1.814229130232954,True
L249D,-6.11606594910931,249,True,impactful,sensitive,249,-2.735439528014322,True
L249E,-5.6869416068332015,249,True,impactful,sensitive,249,-2.543511628926484,True
L249F,-3.83787244006796,249,True,mild,sensitive,249,-1.7165066667679654,True
L249G,-7.14427031079442,249,True,impactful,sensitive,249,-3.1953088095481137,True
L249H,-5.3315333131453695,249,True,mild,sensitive,249,-2.3845535824915203,True
L249I,-2.56525808944129,249,True,neutral,sensitive,249,-1.1473238574934128,True
L249K,-4.36792064963071,249,True,mild,sensitive,249,-1.9535732445739682,True
L249L,0.0,249,True,neutral,sensitive,249,0.0,True
L249M,-2.70385759050227,249,True,neutral,sensitive,249,-1.2093131422591339,True
L249N,-5.2292718056157685,249,True,mild,sensitive,249,-2.3388166378250648,True
L249P,-5.1608503090078095,249,True,mild,sensitive,249,-2.3082147986780286,True
L249Q,-5.15541567164795,249,True,mild,sensitive,249,-2.3057841313212206,True
L249R,-4.4218896045189915,249,True,mild,sensitive,249,-1.9777111158322933,True
L249S,-4.28288317469463,249,True,mild,sensitive,249,-1.915539830245505,True
L249T,-5.802056352781791,249,True,impactful,sensitive,249,-2.5949972454887047,True
L249V,-3.32239405070109,249,True,neutral,sensitive,249,-1.4859565102058634,True
L249W,-3.5701169081465696,249,True,mild,sensitive,249,-1.5967517341108157,True
L249Y,-4.28816420864817,249,True,mild,sensitive,249,-1.9179017977496982,True
E250A,-4.11939920994924,250,True,mild,sensitive,250,-2.365046972657614,True
E250C,-5.73905154488059,250,True,impactful,sensitive,250,-3.294928651091598,True
E250D,-2.7793437946348303,250,True,neutral,sensitive,250,-1.5956886653762379,True
E250E,0.0,250,True,neutral,sensitive,250,0.0,True
E250F,-5.176606861563379,250,True,mild,sensitive,250,-2.9720155203724388,True
E250G,-4.4535251587422,250,True,mild,sensitive,250,-2.556876781667283,True
E250H,-2.42700659581886,250,True,neutral,sensitive,250,-1.3934033361462401,True
E250I,-5.75043750077225,250,True,impactful,sensitive,250,-3.3014656044529875,True
E250K,-3.61337721747195,250,True,mild,sensitive,250,-2.074527476873826,True
E250L,-3.71062707832133,250,True,mild,sensitive,250,-2.130360980079269,True
E250M,-4.102076183560819,250,True,mild,sensitive,250,-2.3551014031633413,True
E250N,-2.35089531174169,250,True,neutral,sensitive,250,-1.349706002428974,True
E250P,-5.5214175994094585,250,True,impactful,sensitive,250,-3.1699797258597617,True
E250Q,-1.66560559736213,250,True,neutral,sensitive,250,-0.9562645606594226,True
E250R,-3.34782280597186,250,True,neutral,sensitive,250,-1.9220662501305454,True
E250S,-4.04487423405142,250,True,mild,sensitive,250,-2.3222603769305414,True
E250T,-3.9242488774135897,250,True,mild,sensitive,250,-2.2530064347894103,True
E250V,-4.09875973168494,250,True,mild,sensitive,250,-2.353197347724852,True
E250W,-6.55391928619126,250,True,impactful,sensitive,250,-3.762763980099901,True
E250Y,-6.55391928619126,250,True,impactful,sensitive,250,-3.762763980099901,True
K251A,-3.401427310834689,251,True,neutral,tolerant,251,-1.5059752152759418,True
K251C,-5.30880638665343,251,True,mild,tolerant,251,-2.350463529099138,True
K251D,-3.98171700972198,251,True,mild,tolerant,251,-1.762897331888732,True
K251E,-3.00706694537424,251,True,neutral,tolerant,251,-1.3313729433476729,True
K251F,-5.43737320429416,251,True,impactful,tolerant,251,-2.4073862333583476,True
K251G,-4.1731560270477415,251,True,mild,tolerant,251,-1.847656578223657,True
K251H,-3.23019915141635,251,True,neutral,tolerant,251,-1.430164286310931,True
K251I,-3.4277850575783098,251,True,neutral,tolerant,251,-1.5176450555221155,True
K251K,0.0,251,True,neutral,tolerant,251,0.0,True
K251L,-3.01278188800709,251,True,neutral,tolerant,251,-1.3339032228966083,True
K251M,-3.521102684092189,251,True,mild,tolerant,251,-1.5589612501180226,True
K251N,-2.64204325057717,251,True,neutral,tolerant,251,-1.169759424339989,True
K251P,-5.438729402085039,251,True,impactful,tolerant,251,-2.407986687248269,True
K251Q,-2.90287785351594,251,True,neutral,tolerant,251,-1.2852434289697205,True
K251R,-1.06409145309012,251,True,neutral,tolerant,251,-0.471124386529207,True
K251S,-3.0064896434347896,251,True,neutral,tolerant,251,-1.3311173440556423,True
K251T,-1.8455032229989696,251,True,neutral,tolerant,251,-0.8170929023517187,True
K251V,-3.43531418004578,251,True,neutral,tolerant,251,-1.5209785596051426,True
K251W,-6.444580643388928,251,True,impactful,tolerant,251,-2.853325335183826,True
K251Y,-6.444580643388928,251,True,impactful,tolerant,251,-2.853325335183826,True
S252A,-0.539054942485846,252,True,neutral,tolerant,252,-0.3302581161944551,True
S252C,-3.87939580643212,252,True,mild,tolerant,252,-2.376755781324798,True
S252D,-2.0051964208683,252,True,neutral,tolerant,252,-1.2285062993800802,True
S252E,-1.68579859398786,252,True,neutral,tolerant,252,-1.0328236030380342,True
S252F,-2.36660498145527,252,True,neutral,tolerant,252,-1.4499273475678283,True
S252G,-3.61384841124883,252,True,mild,tolerant,252,-2.214065161906388,True
S252H,-3.8089937980547406,252,True,mild,tolerant,252,-2.3336231934742933,True
S252I,-3.2732239865323,252,True,neutral,tolerant,252,-2.0053777499740595,True
S252K,-2.6322486781637,252,True,neutral,tolerant,252,-1.6126769672063883,True
S252L,-4.057328811088009,252,True,mild,tolerant,252,-2.4857684520100616,True
S252M,-3.3687670299849803,252,True,neutral,tolerant,252,-2.063913277726865,True
S252N,-1.35084397475354,252,True,neutral,tolerant,252,-0.8276098616542193,True
S252P,-6.2547968062686214,252,True,impactful,tolerant,252,-3.832072109183209,True
S252Q,-2.20258832192296,252,True,neutral,tolerant,252,-1.3494406833479369,True
S252R,-2.50109524995377,252,True,neutral,tolerant,252,-1.5323243338860963,True
S252S,0.0,252,True,neutral,tolerant,252,0.0,True
S252T,-0.15311959036837305,252,True,neutral,tolerant,252,-0.09381045136944147,True
S252V,-4.0352070379256295,252,True,mild,tolerant,252,-2.4722152971168008,True
S252W,-5.63337649595302,252,True,impactful,tolerant,252,-3.4513519174651024,True
S252Y,-5.63337649595302,252,True,impactful,tolerant,252,-3.4513519174651024,True
I253A,-3.2457461816595097,253,True,neutral,sensitive,253,-1.7955288194584083,True
I253C,-3.3776261045399902,253,True,neutral,sensitive,253,-1.868484062717382,True
I253D,-5.726195493632799,253,True,impactful,sensitive,253,-3.167699647239122,True
I253E,-5.29552782712844,253,True,mild,sensitive,253,-2.9294566782765545,True
I253F,-4.53960407791636,253,True,mild,sensitive,253,-2.511283844956181,True
I253G,-6.2227786626618,253,True,impactful,sensitive,253,-3.4424067072944706,True
I253H,-4.8513906096250885,253,True,mild,sensitive,253,-2.6837624282678854,True
I253I,0.0,253,True,neutral,sensitive,253,0.0,True
I253K,-4.11290177842919,253,True,mild,sensitive,253,-2.2752344950755137,True
I253L,-2.12493085935547,253,True,neutral,sensitive,253,-1.175499987919115,True
I253M,-1.85869102850916,253,True,neutral,sensitive,253,-1.0282175873809853,True
I253N,-3.60922715610314,253,True,mild,sensitive,253,-1.9966044823140527,True
I253P,-3.43198560463823,253,True,neutral,sensitive,253,-1.8985554372411404,True
I253Q,-4.85919292484029,253,True,mild,sensitive,253,-2.6880786258518348,True
I253R,-4.02052319728204,253,True,mild,sensitive,253,-2.22413117538661,True
I253S,-4.45999329439987,253,True,mild,sensitive,253,-2.467243600234877,True
I253T,-2.88968572565067,253,True,neutral,sensitive,253,-1.5985581463213916,True
I253V,-0.35467102386112803,253,True,neutral,sensitive,253,-0.19620204696470656,True
I253W,-5.10511955114769,253,True,mild,sensitive,253,-2.8241238740915935,True
I253Y,-5.38199477957656,253,True,mild,sensitive,253,-2.9772897176955397,True
D254A,-4.4483741553134415,254,True,mild,sensitive,254,-2.366841932464652,True
D254C,-4.20849135932029,254,True,mild,sensitive,254,-2.2392077361020832,True
D254D,0.0,254,True,neutral,sensitive,254,0.0,True
D254E,-2.2448472514061297,254,True,neutral,sensitive,254,-1.1944136039590105,True
D254F,-5.54908507311695,254,True,impactful,sensitive,254,-2.9524960759379835,True
D254G,-4.16719362485959,254,True,mild,sensitive,254,-2.217234492345008,True
D254H,-2.97844795041435,254,True,neutral,sensitive,254,-1.584739785047906,True
D254I,-4.89025589952511,254,True,mild,sensitive,254,-2.6019535046649236,True
D254K,-4.88183884299805,254,True,mild,sensitive,254,-2.5974750499215484,True
D254L,-4.058899925119859,254,True,mild,sensitive,254,-2.1596147731809685,True
D254M,-5.8844761969854495,254,True,impactful,sensitive,254,-3.1309472916029746,True
D254N,-2.33503563827887,254,True,neutral,sensitive,254,-1.2424000476390624,True
D254P,-7.12583103060972,254,True,impactful,sensitive,254,-3.791433700953265,True
D254Q,-3.2819979461653195,254,True,neutral,sensitive,254,-1.746249323917223,True
D254R,-5.28709483944425,254,True,mild,sensitive,254,-2.8130991975948967,True
D254S,-3.89646911926956,254,True,mild,sensitive,254,-2.0731903787870523,True
D254T,-3.51948018029528,254,True,mild,sensitive,254,-1.8726062557600152,True
D254V,-3.77319928448588,254,True,mild,sensitive,254,-2.0076023226147752,True
D254W,-6.5913045111320985,254,True,impactful,sensitive,254,-3.507028716987865,True
D254Y,-6.5913045111320985,254,True,impactful,sensitive,254,-3.507028716987865,True
D255A,-3.27087077218167,255,True,neutral,tolerant,255,-1.6858531897944902,True
D255C,-3.77629308958656,255,True,mild,tolerant,255,-1.9463550210612839,True
D255D,0.0,255,True,neutral,tolerant,255,0.0,True
D255E,-0.76295051473702,255,True,neutral,tolerant,255,-0.39323551693448383,True
D255F,-4.44792167042592,255,True,mild,tolerant,255,-2.2925219179607175,True
D255G,-2.09123945461311,255,True,neutral,tolerant,255,-1.077854476908019,True
D255H,-1.46062056598824,255,True,neutral,tolerant,255,-0.7528245570546627,True
D255I,-3.50294681257365,255,True,mild,tolerant,255,-1.8054684727635366,True
D255K,-2.2137088453834,255,True,neutral,tolerant,255,-1.140976938008666,True
D255L,-3.79651974218835,255,True,mild,tolerant,255,-1.9567801247057328,True
D255M,-3.71542738578052,255,True,mild,tolerant,255,-1.9149839740045829,True
D255N,-1.58810460616606,255,True,neutral,tolerant,255,-0.8185316395874023,True
D255P,-3.27165251230856,255,True,neutral,tolerant,255,-1.686256109744039,True
D255Q,-2.2748486618464803,255,True,neutral,tolerant,255,-1.1724892666168012,True
D255R,-1.90934819362738,255,True,neutral,tolerant,255,-0.9841051410625048,True
D255S,-3.17577435044802,255,True,neutral,tolerant,255,-1.6368391451916875,True
D255T,-3.86518827676408,255,True,mild,tolerant,255,-1.9921728614159615,True
D255V,-3.5795759185376097,255,True,mild,tolerant,255,-1.8449642008794704,True
D255W,-6.0395405867416505,255,True,impactful,tolerant,255,-3.1128648828459995,True
D255Y,-3.93777723212876,255,True,mild,tolerant,255,-2.0295862386078007,True
L256A,-3.88272432479646,256,True,mild,sensitive,256,-1.7963744078526898,True
L256C,-4.97428378792217,256,True,mild,sensitive,256,-2.301393389418227,True
L256D,-6.0144362168307985,256,True,impactful,sensitive,256,-2.7826284829386063,True
L256E,-5.191477507342071,256,True,mild,sensitive,256,-2.401879853682646,True
L256F,-4.51916049414394,256,True,mild,sensitive,256,-2.0908268467101787,True
L256G,-6.34763845593263,256,True,impactful,sensitive,256,-2.936787244903537,True
L256H,-4.19999084810942,256,True,mild,sensitive,256,-1.9431603795756955,True
L256I,-1.01603788073629,256,True,neutral,sensitive,256,-0.47007829907142185,True
L256K,-3.99482479987452,256,True,mild,sensitive,256,-1.8482386165095614,True
L256L,0.0,256,True,neutral,sensitive,256,0.0,True
L256M,-2.44691063626909,256,True,neutral,sensitive,256,-1.132083371777047,True
L256N,-4.64360054066707,256,True,mild,sensitive,256,-2.148400059791143,True
L256P,-5.7468226638529805,256,True,impactful,sensitive,256,-2.658814867149882,True
L256Q,-5.17561103474146,256,True,mild,sensitive,256,-2.394539099372429,True
L256R,-4.10142762425522,256,True,mild,sensitive,256,-1.897559291763101,True
L256S,-4.64110914126857,256,True,mild,sensitive,256,-2.1472473933268708,True
L256T,-4.10634786878776,256,True,mild,sensitive,256,-1.8998356834456591,True
L256V,-2.22490604028751,256,True,neutral,sensitive,256,-1.029371115823132,True
L256W,-3.78347198249811,256,True,mild,sensitive,256,-1.7504544937126258,True
L256Y,-4.84950352374947,256,True,mild,sensitive,256,-2.2436627718378284,True
E257A,-3.70495620915622,257,True,mild,sensitive,257,-1.8845855480959692,True
E257C,-5.7267001603153,257,True,impactful,sensitive,257,-2.912978116647429,True
E257D,-2.17671368239376,257,True,neutral,sensitive,257,-1.1072204141155801,True
E257E,0.0,257,True,neutral,sensitive,257,0.0,True
E257F,-6.5472163360753,257,True,impactful,sensitive,257,-3.3303468625977177,True
E257G,-5.1552108827815095,257,True,mild,sensitive,257,-2.622280906604757,True
E257H,-4.28649610254279,257,True,mild,sensitive,257,-2.1803951654968716,True
E257I,-3.7518162052092303,257,True,mild,sensitive,257,-1.9084216385542285,True
E257K,-3.2492807541261,257,True,neutral,sensitive,257,-1.6527989010501742,True
E257L,-2.16156433595424,257,True,neutral,sensitive,257,-1.0995144554614773,True
E257M,-3.77811746411044,257,True,mild,sensitive,257,-1.9218001967945264,True
E257N,-3.2304564104766103,257,True,neutral,sensitive,257,-1.6432235959746253,True
E257P,-7.07865273476104,257,True,impactful,sensitive,257,-3.600670531800655,True
E257Q,-2.1819437653452702,257,True,neutral,sensitive,257,-1.1098807799038182,True
E257R,-3.61433159966129,257,True,mild,sensitive,257,-1.838487883315504,True
E257S,-3.5552819661916297,257,True,mild,sensitive,257,-1.8084513377870401,True
E257T,-3.7635964429510897,257,True,mild,sensitive,257,-1.9144138458970783,True
E257V,-4.22713990008229,257,True,mild,sensitive,257,-2.150202678721868,True
E257W,-6.5472163360753,257,True,impactful,sensitive,257,-3.3303468625977177,True
E257Y,-5.35776013821867,257,True,mild,sensitive,257,-2.725310842189719,True
D258A,-1.32365080689771,258,True,neutral,tolerant,258,-0.5812188382580704,True
D258C,-4.61640173305979,258,True,mild,tolerant,258,-2.0270751456799463,True
D258D,0.0,258,True,neutral,tolerant,258,0.0,True
D258E,-0.21595657452662606,258,True,neutral,tolerant,258,-0.09482714678710415,True
D258F,-3.80986009910381,258,True,mild,tolerant,258,-1.672920417671771,True
D258G,-1.10412143777498,258,True,neutral,tolerant,258,-0.4848228671906795,True
D258H,-3.73088728004481,258,True,mild,tolerant,258,-1.6382432279565955,True
D258I,-3.81899470763687,258,True,mild,tolerant,258,-1.676931450288425,True
D258K,-3.63646827096255,258,True,mild,tolerant,258,-1.5967835722208887,True
D258L,-2.57483547092825,258,True,neutral,tolerant,258,-1.1306175868438388,True
D258M,-3.33458618645079,258,True,neutral,tolerant,258,-1.4642262893359255,True
D258N,-0.7346460697814101,258,True,neutral,tolerant,258,-0.32258518106445405,True
D258P,-6.136249677681401,258,True,impactful,tolerant,258,-2.6944447057622334,True
D258Q,-2.29429944295852,258,True,neutral,tolerant,258,-1.0074334181670161,True
D258R,-3.46177952569997,258,True,neutral,tolerant,258,-1.5200772467692072,True
D258S,-3.29785843110978,258,True,neutral,tolerant,258,-1.4480990273874665,True
D258T,-2.96498008623902,258,True,neutral,tolerant,258,-1.301931198320443,True
D258V,-1.55156847426204,258,True,neutral,tolerant,258,-0.6812981349680993,True
D258W,-5.39908323234696,258,True,mild,tolerant,258,-2.370752820615953,True
D258Y,-3.85175527568255,258,True,mild,tolerant,258,-1.6913167089993775,True
E259A,-1.33988346054658,259,True,neutral,tolerant,259,-0.6302702923136879,True
E259C,-1.45609816588688,259,True,neutral,tolerant,259,-0.6849367453767777,True
E259D,-0.465575098958473,259,True,neutral,tolerant,259,-0.2190027434138402,True
E259E,0.0,259,True,neutral,tolerant,259,0.0,True
E259F,-3.17412022998049,259,True,neutral,tolerant,259,-1.4930803641478685,True
E259G,-1.90481709991551,259,True,neutral,tolerant,259,-0.896010485776217,True
E259H,-0.299730981015372,259,True,neutral,tolerant,259,-0.14099101793745858,True
E259I,-1.46990447718148,259,True,neutral,tolerant,259,-0.6914311220234389,True
E259K,-0.48234764184629,259,True,neutral,tolerant,259,-0.22689241129916207,True
E259L,-1.4704613708486998,259,True,neutral,tolerant,259,-0.6916930802793332,True
E259M,-1.41400249953067,259,True,neutral,tolerant,259,-0.6651352859807159,True
E259N,-0.33822847574985304,259,True,neutral,tolerant,259,-0.15909992664042003,True
E259P,-1.8683995946712,259,True,neutral,tolerant,259,-0.8788799872280049,True
E259Q,-0.14937083835709802,259,True,neutral,tolerant,259,-0.07026282861650113,True
E259R,-0.58724494291192,259,True,neutral,tolerant,259,-0.2762352493535864,True
E259S,-1.1479850150684798,259,True,neutral,tolerant,259,-0.5400028228751995,True
E259T,-1.04530978498564,259,True,neutral,tolerant,259,-0.4917052289551372,True
E259V,-2.7069859633508395,259,True,neutral,tolerant,259,-1.2733442009308775,True
E259W,-4.91283179637814,259,True,mild,tolerant,259,-2.310956156685529,True
E259Y,-3.59287646327532,259,True,mild,tolerant,259,-1.690059893590859,True
L260A,-2.68463230118746,260,True,neutral,tolerant,260,-1.2990149446618169,True
L260C,-1.47324382993355,260,True,neutral,tolerant,260,-0.7128595418329733,True
L260D,-5.34954299836337,260,True,mild,tolerant,260,-2.588487182736823,True
L260E,-2.3304943147084303,260,True,neutral,tolerant,260,-1.1276579447832025,True
L260F,-1.23613996634483,260,True,neutral,tolerant,260,-0.5981319263965615,True
L260G,-2.17555276102527,260,True,neutral,tolerant,260,-1.0526862647901842,True
L260H,-2.75243414464879,260,True,neutral,tolerant,260,-1.3318222709734802,True
L260I,-0.270226150205602,260,True,neutral,tolerant,260,-0.13075451986487688,True
L260K,-3.61679841943053,260,True,mild,tolerant,260,-1.750062828563661,True
L260L,0.0,260,True,neutral,tolerant,260,0.0,True
L260M,-0.8384892722002159,260,True,neutral,tolerant,260,-0.4057204016523655,True
L260N,-4.45251982902428,260,True,mild,tolerant,260,-2.154443942564239,True
L260P,-2.2303235559323302,260,True,neutral,tolerant,260,-1.079188248351884,True
L260Q,-3.10031627485354,260,True,neutral,tolerant,260,-1.5001522452186957,True
L260R,-3.03507257800177,260,True,neutral,tolerant,260,-1.4685827311299517,True
L260S,-1.5294673396128702,260,True,neutral,tolerant,260,-0.7400644515267405,True
L260T,-1.57244488360456,260,True,neutral,tolerant,260,-0.7608600263640737,True
L260V,-0.219893987367682,260,True,neutral,tolerant,260,-0.10640026036546966,True
L260W,-2.87102370728347,260,True,neutral,tolerant,260,-1.3892042871532078,True
L260Y,-1.78839196215367,260,True,neutral,tolerant,260,-0.8653504931469083,True
Y261A,-0.327079926096264,261,True,neutral,tolerant,261,-0.14679784529843568,True
Y261C,-0.5881935409844841,261,True,neutral,tolerant,261,-0.2639891278731875,True
Y261D,-1.7892343010534495,261,True,neutral,tolerant,261,-0.8030322840766322,True
Y261E,-1.2113767411721,261,True,neutral,tolerant,261,-0.5436820827590869,True
Y261F,-0.237270031473823,261,True,neutral,tolerant,261,-0.10648996344703245,True
Y261G,-1.38347558844282,261,True,neutral,tolerant,261,-0.6209223471165236,True
Y261H,-0.7482824257297289,261,True,neutral,tolerant,261,-0.3358391604242985,True
Y261I,-1.40135312019326,261,True,neutral,tolerant,261,-0.6289460224656692,True
Y261K,-0.7522614065799649,261,True,neutral,tolerant,261,-0.33762498024598475,True
Y261L,-0.306626530969157,261,True,neutral,tolerant,261,-0.1376180880154615,True
Y261M,-1.4548338180865,261,True,neutral,tolerant,261,-0.6529488749472783,True
Y261N,-2.31519614290527,261,True,neutral,tolerant,261,-1.0390909930734047,True
Y261P,-4.6676150502324285,261,True,mild,tolerant,261,-2.0948880606479277,True
Y261Q,-1.02018276012979,261,True,neutral,tolerant,261,-0.4578716669808328,True
Y261R,-0.729577791335639,261,True,neutral,tolerant,261,-0.3274442703467605,True
Y261S,-0.4373936188454149,261,True,neutral,tolerant,261,-0.19630810597313986,True
Y261T,-0.459048394351194,261,True,neutral,tolerant,261,-0.2060270588376887,True
Y261V,-0.457191698126304,261,True,neutral,tolerant,261,-0.20519374873993795,True
Y261W,-2.53138896108099,261,True,neutral,tolerant,261,-1.136121221299186,True
Y261Y,0.0,261,True,neutral,tolerant,261,0.0,True
A262A,0.0,262,True,neutral,tolerant,262,0.0,True
A262C,-0.240601838905548,262,True,neutral,tolerant,262,-0.14876203089588408,True
A262D,-0.465355881925442,262,True,neutral,tolerant,262,-0.287725507001425,True
A262E,-0.508248117179007,262,True,neutral,tolerant,262,-0.3142454041685004,True
A262F,-1.37217366916454,262,True,neutral,tolerant,262,-0.848403082434076,True
A262G,-0.8183784563711691,262,True,neutral,tolerant,262,-0.5059963039559566,True
A262H,-0.23090293906113504,262,True,neutral,tolerant,262,-0.14276528521482945,True
A262I,-0.91917999014035,262,True,neutral,tolerant,262,-0.5683210183020099,True
A262K,-0.4811397770055361,262,True,neutral,tolerant,262,-0.2974845524777321,True
A262L,-0.720969772581949,262,True,neutral,tolerant,262,-0.445769359335355,True
A262M,-1.39025762960859,262,True,neutral,tolerant,262,-0.8595842383825715,True
A262N,-0.322531251842482,262,True,neutral,tolerant,262,-0.19941827655903716,True
A262P,-1.4265605956978702,262,True,neutral,tolerant,262,-0.8820300475565644,True
A262Q,-0.222270104414147,262,True,neutral,tolerant,262,-0.13742767840219638,True
A262R,-0.481397487021956,262,True,neutral,tolerant,262,-0.2976438923464514,True
A262S,-0.0778045174200673,262,True,neutral,tolerant,262,-0.0481058585293153,True
A262T,-0.21720078098336604,262,True,neutral,tolerant,262,-0.13429335967769526,True
A262V,-0.6564498737761071,262,True,neutral,tolerant,262,-0.4058772653130734,True
A262W,-3.4810932483904504,262,True,neutral,tolerant,262,-2.1523297732225792,True
A262Y,-2.370380135531,262,True,neutral,tolerant,262,-1.4655854858003807,True
Q263A,-0.501652717117377,263,True,neutral,tolerant,263,-0.2567286425929712,True
Q263C,-1.9637094473837304,263,True,neutral,tolerant,263,-1.0049590955486831,True
Q263D,-2.82692050420794,263,True,neutral,tolerant,263,-1.4467208867797885,True
Q263E,-0.542506504642461,263,True,neutral,tolerant,263,-0.277636208839926,True
Q263F,-3.33728169308826,263,True,neutral,tolerant,263,-1.7079062263236036,True
Q263G,-3.22312789510787,263,True,neutral,tolerant,263,-1.6494862305728766,True
Q263H,-0.467014668619743,263,True,neutral,tolerant,263,-0.23900207823991415,True
Q263I,-2.54885130936521,263,True,neutral,tolerant,263,-1.30441461691822,True
Q263K,-2.8806628838095,263,True,neutral,tolerant,263,-1.474224392081438,True
Q263L,-3.05397726871278,263,True,neutral,tolerant,263,-1.5629207456738854,True
Q263M,-1.6503450628808898,263,True,neutral,tolerant,263,-0.8445899590418983,True
Q263N,-1.5765004542256102,263,True,neutral,tolerant,263,-0.8067988228714084,True
Q263P,-1.8854536337874,263,True,neutral,tolerant,263,-0.964910456093405,True
Q263Q,0.0,263,True,neutral,tolerant,263,0.0,True
Q263R,-2.09979926969477,263,True,neutral,tolerant,263,-1.0746051956503537,True
Q263S,-0.653373252932286,263,True,neutral,tolerant,263,-0.3343740053791276,True
Q263T,-0.6806970205569151,263,True,neutral,tolerant,263,-0.34835737182654875,True
Q263V,-1.88740856752029,263,True,neutral,tolerant,263,-0.9659109240794812,True
Q263W,-3.27797322762678,263,True,neutral,tolerant,263,-1.6775541893214092,True
Q263Y,-3.01013360285165,263,True,neutral,tolerant,263,-1.540483062314953,True
K264A,-1.86008147297868,264,True,neutral,tolerant,264,-0.8533228078674326,True
K264C,-4.91743139460385,264,True,mild,tolerant,264,-2.2558992313488395,True
K264D,-3.1705261663801,264,True,neutral,tolerant,264,-1.454496660503883,True
K264E,-1.83105086150361,264,True,neutral,tolerant,264,-0.840004852037065,True
K264F,-5.75002366403643,264,True,impactful,tolerant,264,-2.637855604487271,True
K264G,-4.92672745567065,264,True,mild,tolerant,264,-2.260163851499551,True
K264H,-0.987122039051814,264,True,neutral,tolerant,264,-0.4528477716207939,True
K264I,-1.97794647429222,264,True,neutral,tolerant,264,-0.9073940382577378,True
K264K,0.0,264,True,neutral,tolerant,264,0.0,True
K264L,-0.92578713471188,264,True,neutral,tolerant,264,-0.4247100402622747,True
K264M,-2.06331141402004,264,True,neutral,tolerant,264,-0.9465556831212435,True
K264N,-1.02838212124117,264,True,neutral,tolerant,264,-0.47177606572948205,True
K264P,-3.48209605611582,264,True,neutral,tolerant,264,-1.5974310948383503,True
K264Q,-1.00022353638782,264,True,neutral,tolerant,264,-0.4588581570025296,True
K264R,-0.41891233905133896,264,True,neutral,tolerant,264,-0.19217838498072054,True
K264S,-1.6505590398833998,264,True,neutral,tolerant,264,-0.7572032165928787,True
K264T,-1.66042571031818,264,True,neutral,tolerant,264,-0.7617296069913738,True
K264V,-1.30949829676832,264,True,neutral,tolerant,264,-0.6007396878732155,True
K264W,-5.75002366403643,264,True,impactful,tolerant,264,-2.637855604487271,True
K264Y,-5.75002366403643,264,True,impactful,tolerant,264,-2.637855604487271,True
L265A,-1.1229583615795,265,True,neutral,tolerant,265,-0.5937612552908146,True
L265C,-2.01676594799752,265,True,neutral,tolerant,265,-1.06635964598586,True
L265D,-0.212300553901996,265,True,neutral,tolerant,265,-0.1122533547962368,True
L265E,-0.051624216921169,265,True,neutral,tolerant,265,-0.027296167775450124,True
L265F,-2.13676665953065,265,True,neutral,tolerant,265,-1.1298097039341197,True
L265G,-2.06974112732633,265,True,neutral,tolerant,265,-1.0943701315512266,True
L265H,-1.8227833983948896,265,True,neutral,tolerant,265,-0.9637918873785286,True
L265I,-0.5642282202979201,265,True,neutral,tolerant,265,-0.29833417499414355,True
L265K,-1.4491874548763302,265,True,neutral,tolerant,265,-0.7662540231222573,True
L265L,0.0,265,True,neutral,tolerant,265,0.0,True
L265M,-0.388171201078552,265,True,neutral,tolerant,265,-0.20524449303352668,True
L265N,-0.410346221526144,265,True,neutral,tolerant,265,-0.2169694762809394,True
L265P,-5.330456304698731,265,True,mild,tolerant,265,-2.8184646332736594,True
L265Q,-0.21806265644059605,265,True,neutral,tolerant,265,-0.11530005123084128,True
L265R,-2.7271389631602503,265,True,neutral,tolerant,265,-1.4419674936485918,True
L265S,-1.00288898394144,265,True,neutral,tolerant,265,-0.5302748903216944,True
L265T,-1.9347207476668105,265,True,neutral,tolerant,265,-1.022978463917428,True
L265V,-0.371663061934158,265,True,neutral,tolerant,265,-0.19651585824505247,True
L265W,-4.45011048290707,265,True,mild,tolerant,265,-2.3529841149205004,True
L265Y,-3.25756512191309,265,True,neutral,tolerant,265,-1.7224289182531354,True
K266A,-2.47075269108148,266,True,neutral,tolerant,266,-1.0399987536117512,True
K266C,-4.51384020377178,266,True,mild,tolerant,266,-1.8999830306247572,True
K266D,-0.794547365265716,266,True,neutral,tolerant,266,-0.33444394193906596,True
K266E,-0.467434998535128,266,True,neutral,tolerant,266,-0.19675454270506443,True
K266F,-5.3727147793990895,266,True,mild,tolerant,266,-2.2615038300902213,True
K266G,-3.66707916890072,266,True,mild,tolerant,266,-1.5435611094621675,True
K266H,-1.8001504031655202,266,True,neutral,tolerant,266,-0.7577262517465343,True
K266I,-4.11913895388306,266,True,mild,tolerant,266,-1.7338438579689972,True
K266K,0.0,266,True,neutral,tolerant,266,0.0,True
K266L,-3.09309502748565,266,True,neutral,tolerant,266,-1.3019574905247764,True
K266M,-3.8952774949095694,266,True,mild,tolerant,266,-1.6396152291165353,True
K266N,-0.790337127495624,266,True,neutral,tolerant,266,-0.33267175241596636,True
K266P,-5.75244853079705,266,True,impactful,tolerant,266,-2.4213428255444085,True
K266Q,-0.41568062232787,266,True,neutral,tolerant,266,-0.17496989103037888,True
K266R,-0.35160865109266803,266,True,neutral,tolerant,266,-0.1480004697416415,True
K266S,-1.36641342378192,266,True,neutral,tolerant,266,-0.575156009252202,True
K266T,-1.34785794147977,266,True,neutral,tolerant,266,-0.5673455640641593,True
K266V,-3.41726976821464,266,True,neutral,tolerant,266,-1.4384103728903486,True
K266W,-3.34319536462456,266,True,neutral,tolerant,266,-1.4072306891906023,True
K266Y,-5.3727147793990895,266,True,mild,tolerant,266,-2.2615038300902213,True
Y267A,-1.89580348688115,267,True,neutral,tolerant,267,-0.666062454365357,True
Y267C,-0.89521359432607,267,True,neutral,tolerant,267,-0.3145200269670334,True
Y267D,-2.08646548335086,267,True,neutral,tolerant,267,-0.733048720717116,True
Y267E,-2.5564124232486,267,True,neutral,tolerant,267,-0.8981576122113119,True
Y267F,-0.196575100714417,267,True,neutral,tolerant,267,-0.06906374788051546,True
Y267G,-0.97957353577346,267,True,neutral,tolerant,267,-0.34415864196030194,True
Y267H,-0.4898003426991061,267,True,neutral,tolerant,267,-0.17208409028926522,True
Y267I,-1.57546326554364,267,True,neutral,tolerant,267,-0.5535156658756808,True
Y267K,-1.2150688692930902,267,True,neutral,tolerant,267,-0.4268964367376077,True
Y267L,-1.23352150453891,267,True,neutral,tolerant,267,-0.43337949661506325,True
Y267M,-2.52292343050244,267,True,neutral,tolerant,267,-0.886391751004132,True
Y267N,-0.24272892399068505,267,True,neutral,tolerant,267,-0.08527920956864098,True
Y267P,-2.89374342945848,267,True,neutral,tolerant,267,-1.0166738611181658,True
Y267Q,-0.795944028626682,267,True,neutral,tolerant,267,-0.2796431364923286,True
Y267R,-1.3133399839083102,267,True,neutral,tolerant,267,-0.4614225362235383,True
Y267S,-0.861610761210917,267,True,neutral,tolerant,267,-0.3027141696336191,True
Y267T,-1.6404358081188,267,True,neutral,tolerant,267,-0.5763428056469886,True
Y267V,-1.52424502576028,267,True,neutral,tolerant,267,-0.5355208965156448,True
Y267W,-1.41100454994718,267,True,neutral,tolerant,267,-0.49573553385779956,True
Y267Y,0.0,267,True,neutral,tolerant,267,0.0,True
K268A,-1.1778098619863602,268,True,neutral,tolerant,268,-0.5832161351161562,True
K268C,-1.16448802597056,268,True,neutral,tolerant,268,-0.5766195612848902,True
K268D,-3.17550226534419,268,True,neutral,tolerant,268,-1.5724135261724312,True
K268E,-2.15769928172297,268,True,neutral,tolerant,268,-1.0684280005153752,True
K268F,-1.8909751766549296,268,True,neutral,tolerant,268,-0.9363542195761054,True
K268G,-3.60754448542208,268,True,mild,tolerant,268,-1.7863478817363083,True
K268H,-1.7084777774351,268,True,neutral,tolerant,268,-0.8459869784135656,True
K268I,-0.597292032380729,268,True,neutral,tolerant,268,-0.29576110873556,True
K268K,0.0,268,True,neutral,tolerant,268,0.0,True
K268L,-0.468872864622172,268,True,neutral,tolerant,268,-0.2321717866282823,True
K268M,-0.754529942387563,268,True,neutral,tolerant,268,-0.3736206080721258,True
K268N,-2.0627892132052,268,True,neutral,tolerant,268,-1.0214313798119357,True
K268P,-3.8160772755925096,268,True,mild,tolerant,268,-1.889607068005199,True
K268Q,-1.27142403539895,268,True,neutral,tolerant,268,-0.629571067412025,True
K268R,-0.14799839956514402,268,True,neutral,tolerant,268,-0.0732843707491044,True
K268S,-1.20388890372025,268,True,neutral,tolerant,268,-0.5961296947818234,True
K268T,-1.20851250694038,268,True,neutral,tolerant,268,-0.5984191644894442,True
K268V,-0.64521198780917,268,True,neutral,tolerant,268,-0.3194896341129757,True
K268W,-4.80686001191649,268,True,mild,tolerant,268,-2.380212977217202,True
K268Y,-4.00384442603508,268,True,mild,tolerant,268,-1.9825837319959425,True
A269A,0.0,269,True,neutral,tolerant,269,0.0,True
A269C,-0.38099890266070097,269,True,neutral,tolerant,269,-0.23274059976377193,True
A269D,-0.543531228107963,269,True,neutral,tolerant,269,-0.3320266361313989,True
A269E,-0.6829708034508399,269,True,neutral,tolerant,269,-0.4172060163591896,True
A269F,-2.06402348973335,269,True,neutral,tolerant,269,-1.2608489462103734,True
A269G,-0.7864199504232141,269,True,neutral,tolerant,269,-0.4803999424919443,True
A269H,-1.86886937498155,269,True,neutral,tolerant,269,-1.1416352545264605,True
A269I,-0.8600201625347121,269,True,neutral,tolerant,269,-0.5253600654475367,True
A269K,-0.7662321615139841,269,True,neutral,tolerant,269,-0.46806783847320155,True
A269L,-0.672262505848818,269,True,neutral,tolerant,269,-0.41066464422153004,True
A269M,-1.7079304359303702,269,True,neutral,tolerant,269,-1.0433225692705816,True
A269N,-0.553529137738646,269,True,neutral,tolerant,269,-0.3381340539417368,True
A269P,-4.03105384852143,269,True,mild,tolerant,269,-2.4624477494110915,True
A269Q,-1.36180087504365,269,True,neutral,tolerant,269,-0.8318825860208461,True
A269R,-0.488164454939315,269,True,neutral,tolerant,269,-0.2982047644560057,True
A269S,-0.18220302780520606,269,True,neutral,tolerant,269,-0.11130226799609347,True
A269T,-0.371789730185639,269,True,neutral,tolerant,269,-0.22711499740584937,True
A269V,-0.8819773485935619,269,True,neutral,tolerant,269,-0.5387730401746907,True
A269W,-4.01301783789318,269,True,mild,tolerant,269,-2.4514301010618444,True
A269Y,-2.17725920988522,269,True,neutral,tolerant,269,-1.3300211911664146,True
I270A,-1.9489502769492295,270,True,neutral,tolerant,270,-0.9228343135968631,True
I270C,-2.59128333888673,270,True,neutral,tolerant,270,-1.2269811137099715,True
I270D,-4.07858103859155,270,True,mild,tolerant,270,-1.931221426074311,True
I270E,-4.12655568060658,270,True,mild,tolerant,270,-1.9539375755613553,True
I270F,-2.37110541142221,270,True,neutral,tolerant,270,-1.1227261468367489,True
I270G,-5.29129310713503,270,True,mild,tolerant,270,-2.505444546387456,True
I270H,-4.106454581355201,270,True,mild,tolerant,270,-1.94441963949619,True
I270I,0.0,270,True,neutral,tolerant,270,0.0,True
I270K,-2.79021246602158,270,True,neutral,tolerant,270,-1.321174704313666,True
I270L,-0.14012375075885,270,True,neutral,tolerant,270,-0.0663490530669551,True
I270M,-0.187192421176316,270,True,neutral,tolerant,270,-0.08863622204728036,True
I270N,-4.74392052042903,270,True,mild,tolerant,270,-2.2462618410568314,True
I270P,-3.08297206559166,270,True,neutral,tolerant,270,-1.4597973296897493,True
I270Q,-4.12859151757456,270,True,mild,tolerant,270,-1.954901551006579,True
I270R,-3.34706926613171,270,True,neutral,tolerant,270,-1.58484821562858,True
I270S,-2.66337688189879,270,True,neutral,tolerant,270,-1.2611176414947867,True
I270T,-0.9923054391830792,270,True,neutral,tolerant,270,-0.46985986234619864,True
I270V,-0.24352352169342895,270,True,neutral,tolerant,270,-0.11530918189376702,True
I270W,-4.6939294367755,270,True,mild,tolerant,270,-2.2225908998763395,True
I270Y,-4.6939294367755,270,True,mild,tolerant,270,-2.2225908998763395,True
S271A,-0.480788772989611,271,True,neutral,tolerant,271,-0.3382443210567471,True
S271C,-0.53979062161991,271,True,neutral,tolerant,271,-0.3797532774888053,True
S271D,-2.14088385572594,271,True,neutral,tolerant,271,-1.506153735118559,True
S271E,-1.4355252604887,271,True,neutral,tolerant,271,-1.0099201445045025,True
S271F,-4.52653546391953,271,True,mild,tolerant,271,-3.184506379407144,True
S271G,-1.95826130400108,271,True,neutral,tolerant,271,-1.3776751921739616,True
S271H,-0.3478406119011789,271,True,neutral,tolerant,271,-0.2447126851088514,True
S271I,-2.7474578680175696,271,True,neutral,tolerant,271,-1.9328904363157864,True
S271K,-1.01025784202776,271,True,neutral,tolerant,271,-0.7107361840920482,True
S271L,-2.64746615747321,271,True,neutral,tolerant,271,-1.862544308984085,True
S271M,-2.6619871579949,271,True,neutral,tolerant,271,-1.8727601173358117,True
S271N,-0.4454026211855271,271,True,neutral,tolerant,271,-0.3133494700032223,True
S271P,-1.8806287330562697,271,True,neutral,tolerant,271,-1.323059157594293,True
S271Q,-0.508086496108563,271,True,neutral,tolerant,271,-0.35744880406776064,True
S271R,-1.26480673168397,271,True,neutral,tolerant,271,-0.8898163148990421,True
S271S,0.0,271,True,neutral,tolerant,271,0.0,True
S271T,-0.14127119958491002,271,True,neutral,tolerant,271,-0.09938705658899119,True
S271V,-2.5487192928648503,271,True,neutral,tolerant,271,-1.7930739551564616,True
S271W,-4.52653546391953,271,True,mild,tolerant,271,-3.184506379407144,True
S271Y,-3.3391450939700498,271,True,neutral,tolerant,271,-2.349153991672499,True
E272A,-1.19977228598651,272,True,neutral,tolerant,272,-0.6258759407003871,True
E272C,-1.2325932609224,272,True,neutral,tolerant,272,-0.6429974051671324,True
E272D,-0.272484714149102,272,True,neutral,tolerant,272,-0.1421449960017353,True
E272E,0.0,272,True,neutral,tolerant,272,0.0,True
E272F,-5.0225648204374505,272,True,mild,tolerant,272,-2.6200825927023494,True
E272G,-2.69446446358935,272,True,neutral,tolerant,272,-1.4056004631296424,True
E272H,-0.328631861643308,272,True,neutral,tolerant,272,-0.1714348447222238,True
E272I,-3.1153456118006098,272,True,neutral,tolerant,272,-1.625158280589299,True
E272K,-1.01820332045287,272,True,neutral,tolerant,272,-0.5311582609934223,True
E272L,-1.4234217181454798,272,True,neutral,tolerant,272,-0.7425454123780955,True
E272M,-2.9913463942371803,272,True,neutral,tolerant,272,-1.560472566604157,True
E272N,-0.144421059107427,272,True,neutral,tolerant,272,-0.07533901831336634,True
E272P,-3.6047555773018,272,True,mild,tolerant,272,-1.8804649968086513,True
E272Q,-0.192933229211749,272,True,neutral,tolerant,272,-0.10064598735582438,True
E272R,-1.06208417191788,272,True,neutral,tolerant,272,-0.5540492458162756,True
E272S,-1.93176235428568,272,True,neutral,tolerant,272,-1.0077275453183276,True
E272T,-1.22455832619669,272,True,neutral,tolerant,272,-0.6388058828352218,True
E272V,-2.35747374029234,272,True,neutral,tolerant,272,-1.2298051156171799,True
E272W,-5.0225648204374505,272,True,mild,tolerant,272,-2.6200825927023494,True
E272Y,-4.20361002569584,272,True,mild,tolerant,272,-2.192864771006674,True
E273A,-1.1084421415281398,273,True,neutral,tolerant,273,-0.43616719794443987,True
E273C,-4.08095247118083,273,True,mild,tolerant,273,-1.6058371814025734,True
E273D,-0.8816530490014101,273,True,neutral,tolerant,273,-0.3469266690022851,True
E273E,0.0,273,True,neutral,tolerant,273,0.0,True
E273F,-5.650983344309631,273,True,impactful,tolerant,273,-2.2236375527189924,True
E273G,-2.73703686218178,273,True,neutral,tolerant,273,-1.0770121904627732,True
E273H,-3.49306593359241,273,True,mild,tolerant,273,-1.3745063665567088,True
E273I,-1.3686846040342502,273,True,neutral,tolerant,273,-0.5385714835672899,True
E273K,-1.46346117882627,273,True,neutral,tolerant,273,-0.5758656566314935,True
E273L,-0.742719883367001,273,True,neutral,tolerant,273,-0.29225706804975526,True
E273M,-0.5916382820053371,273,True,neutral,tolerant,273,-0.23280711007898744,True
E273N,-2.5237780059144503,273,True,neutral,tolerant,273,-0.9930957510835187,True
E273P,-5.650983344309631,273,True,impactful,tolerant,273,-2.2236375527189924,True
E273Q,-0.171812815114462,273,True,neutral,tolerant,273,-0.06760760109328498,True
E273R,-2.4844218086995,273,True,neutral,tolerant,273,-0.9776092573660133,True
E273S,-1.29727407388463,273,True,neutral,tolerant,273,-0.5104717482070423,True
E273T,-0.9339125625986128,273,True,neutral,tolerant,273,-0.36749056201722113,True
E273V,-0.882478153400256,273,True,neutral,tolerant,273,-0.34725134402155144,True
E273W,-5.650983344309631,273,True,impactful,tolerant,273,-2.2236375527189924,True
E273Y,-5.650983344309631,273,True,impactful,tolerant,273,-2.2236375527189924,True
L274A,-5.84692580545041,274,True,impactful,sensitive,274,-2.587214778449182,True
L274C,-5.84692580545041,274,True,impactful,sensitive,274,-2.587214778449182,True
L274D,-5.36325467672052,274,True,mild,sensitive,274,-2.3731944310398356,True
L274E,-5.36325467672052,274,True,mild,sensitive,274,-2.3731944310398356,True
L274F,-4.07780634454582,274,True,mild,sensitive,274,-1.8043945124851921,True
L274G,-6.043585523518879,274,True,impactful,sensitive,274,-2.6742350256426892,True
L274H,-3.1599206579481502,274,True,neutral,sensitive,274,-1.398237928271528,True
L274I,-1.5659325258792702,274,True,neutral,sensitive,274,-0.6929117809623051,True
L274K,-3.94883166662587,274,True,mild,sensitive,274,-1.7473243180166453,True
L274L,0.0,274,True,neutral,sensitive,274,0.0,True
L274M,-0.3881445010058821,274,True,neutral,sensitive,274,-0.1717506297480447,True
L274N,-2.0443274779968403,274,True,neutral,sensitive,274,-0.9045974652410917,True
L274P,-3.04363029282815,274,True,neutral,sensitive,274,-1.346780433984658,True
L274Q,-4.09352609240936,274,True,mild,sensitive,274,-1.8113503667818436,True
L274R,-3.65896400786815,274,True,mild,sensitive,274,-1.6190603523898974,True
L274S,-5.84692580545041,274,True,impactful,sensitive,274,-2.587214778449182,True
L274T,-5.84692580545041,274,True,impactful,sensitive,274,-2.587214778449182,True
L274V,-1.03767683320259,274,True,neutral,sensitive,274,-0.45916314443625406,True
L274W,-5.256946651244999,274,True,mild,sensitive,274,-2.3261540368686577,True
L274Y,-4.5330434282009415,274,True,mild,sensitive,274,-2.005833037570069,True
D275A,-1.64216710419534,275,True,neutral,tolerant,275,-0.8874973024600559,True
D275C,-2.3421745562354,275,True,neutral,tolerant,275,-1.2658112534583035,True
D275D,0.0,275,True,neutral,tolerant,275,0.0,True
D275E,-0.373351507321562,275,True,neutral,tolerant,275,-0.20177511458533476,True
D275F,-5.990572218240218,275,True,impactful,tolerant,275,-3.237561311694575,True
D275G,-1.37997062464717,275,True,neutral,tolerant,275,-0.745795116538151,True
D275H,-1.43497019862055,275,True,neutral,tolerant,275,-0.775519237434937,True
D275I,-4.91020636601023,275,True,mild,tolerant,275,-2.6536854216742984,True
D275K,-1.02399432758459,275,True,neutral,tolerant,275,-0.5534103083321897,True
D275L,-1.92290910399126,275,True,neutral,tolerant,275,-1.0392222803076712,True
D275M,-5.225927163457,275,True,mild,tolerant,275,-2.8243144370459374,True
D275N,-0.6161815305713011,275,True,neutral,tolerant,275,-0.33301083964637,True
D275P,-5.990572218240218,275,True,impactful,tolerant,275,-3.237561311694575,True
D275Q,-1.7015357418562902,275,True,neutral,tolerant,275,-0.9195826521423219,True
D275R,-1.18386663471288,275,True,neutral,tolerant,275,-0.6398121373250724,True
D275S,-1.51718207043196,275,True,neutral,tolerant,275,-0.8199500473545949,True
D275T,-3.15188565267146,275,True,neutral,tolerant,275,-1.7034137434991077,True
D275V,-4.27385182741687,275,True,mild,tolerant,275,-2.3097722261371403,True
D275W,-5.990572218240218,275,True,impactful,tolerant,275,-3.237561311694575,True
D275Y,-5.990572218240218,275,True,impactful,tolerant,275,-3.237561311694575,True
H276A,-1.41454872643436,276,True,neutral,tolerant,276,-0.6277855878204534,True
H276C,-2.7436735956397404,276,True,neutral,tolerant,276,-1.2176595325690103,True
H276D,-1.22695612196328,276,True,neutral,tolerant,276,-0.544530814571671,True
H276E,-1.11427341983474,276,True,neutral,tolerant,276,-0.4945215253397066,True
H276F,-2.15721066061341,276,True,neutral,tolerant,276,-0.9573836074487327,True
H276G,-2.63843800285992,276,True,neutral,tolerant,276,-1.1709553171267866,True
H276H,0.0,276,True,neutral,tolerant,276,0.0,True
H276I,-0.931970057897792,276,True,neutral,tolerant,276,-0.413614151067971,True
H276K,-2.06257901758784,276,True,neutral,tolerant,276,-0.9153854913477959,True
H276L,-0.610629162514968,276,True,neutral,tolerant,276,-0.271001048296203,True
H276M,-0.7643914803964891,276,True,neutral,tolerant,276,-0.3392417283887211,True
H276N,-0.186812802625659,276,True,neutral,tolerant,276,-0.08290869230384042,True
H276P,-4.49352526266125,276,True,mild,tolerant,276,-1.9942546663038214,True
H276Q,-0.17468888116197,276,True,neutral,tolerant,276,-0.07752801999433535,True
H276R,-1.93258995094123,276,True,neutral,tolerant,276,-0.8576955291075585,True
H276S,-0.689830288622845,276,True,neutral,tolerant,276,-0.3061510043072677,True
H276T,-1.6097893430373702,276,True,neutral,tolerant,276,-0.7144345967729465,True
H276V,-0.7422594003715558,276,True,neutral,tolerant,276,-0.3294193726023884,True
H276W,-2.22711425728242,276,True,neutral,tolerant,276,-0.9884072616400151,True
H276Y,-2.5393170747002003,276,True,neutral,tolerant,276,-1.1269648281551463,True
A277A,0.0,277,True,neutral,sensitive,277,0.0,True
A277C,-1.75130229187401,277,True,neutral,sensitive,277,-1.153339038501995,True
A277D,-2.77171861195336,277,True,neutral,sensitive,277,-1.8253452266585328,True
A277E,-4.4226760982967,277,True,mild,sensitive,277,-2.912601109747323,True
A277F,-3.89364468119144,277,True,mild,sensitive,277,-2.564201756436008,True
A277G,-4.10509450084417,277,True,mild,sensitive,277,-2.7034543188412905,True
A277H,-5.23914406229338,277,True,mild,sensitive,277,-3.4502949053489766,True
A277I,-1.52331013814606,277,True,neutral,sensitive,277,-1.003192343333101,True
A277K,-4.96952628949051,277,True,mild,sensitive,277,-3.27273520917867,True
A277L,-2.85841374136126,277,True,neutral,sensitive,277,-1.8824392404436223,True
A277M,-2.10758366882573,277,True,neutral,sensitive,277,-1.387971987157569,True
A277N,-5.23914406229338,277,True,mild,sensitive,277,-3.4502949053489766,True
A277P,-3.49780741392834,277,True,mild,sensitive,277,-2.303518849009467,True
A277Q,-5.23914406229338,277,True,mild,sensitive,277,-3.4502949053489766,True
A277R,-4.60701476850681,277,True,mild,sensitive,277,-3.03399933188484,True
A277S,-1.1758071104048502,277,True,neutral,sensitive,277,-0.7743404713568994,True
A277T,-0.18261826680317106,277,True,neutral,sensitive,277,-0.12026523189339967,True
A277V,-1.20316968813898,277,True,neutral,sensitive,277,-0.7923603924414815,True
A277W,-5.317830862750388,277,True,mild,sensitive,277,-3.5021149476129385,True
A277Y,-3.90166958075513,277,True,mild,sensitive,277,-2.5694866407131576,True
L278A,-5.33127400455931,278,True,mild,sensitive,278,-2.9325734404919674,True
L278C,-5.2639472011943,278,True,mild,sensitive,278,-2.8955389914629737,True
L278D,-5.59417614134865,278,True,impactful,sensitive,278,-3.0771879966257667,True
L278E,-5.23341387693909,278,True,mild,sensitive,278,-2.8787435283740037,True
L278F,-0.632588174508906,278,True,neutral,sensitive,278,-0.34796772361496014,True
L278G,-5.99193171944116,278,True,impactful,sensitive,278,-3.295981373804294,True
L278H,-5.59417614134865,278,True,impactful,sensitive,278,-3.0771879966257667,True
L278I,-0.555068432742618,278,True,neutral,sensitive,278,-0.3053264458222229,True
L278K,-4.81691502749691,278,True,mild,sensitive,278,-2.649640041510443,True
L278L,0.0,278,True,neutral,sensitive,278,0.0,True
L278M,-0.5588497038229361,278,True,neutral,sensitive,278,-0.30740640928535723,True
L278N,-5.59417614134865,278,True,impactful,sensitive,278,-3.0771879966257667,True
L278P,-4.75610258721255,278,True,mild,sensitive,278,-2.6161889476298987,True
L278Q,-5.59417614134865,278,True,impactful,sensitive,278,-3.0771879966257667,True
L278R,-4.80021623214052,278,True,mild,sensitive,278,-2.6404545365620042,True
L278S,-5.33127400455931,278,True,mild,sensitive,278,-2.9325734404919674,True
L278T,-4.55582712434477,278,True,mild,sensitive,278,-2.5060234407199165,True
L278V,-1.5538225426787902,278,True,neutral,sensitive,278,-0.854711034548332,True
L278W,-3.9524343108693913,278,True,mild,sensitive,278,-2.174115206877809,True
L278Y,-2.26906093233576,278,True,neutral,sensitive,278,-1.2481421550149407,True
N279A,-0.737465538073431,279,True,neutral,tolerant,279,-0.37048877207802955,True
N279C,-0.731029630016823,279,True,neutral,tolerant,279,-0.36725549330092366,True
N279D,-0.302138267510503,279,True,neutral,tolerant,279,-0.15178856495475113,True
N279E,-1.22924866727671,279,True,neutral,tolerant,279,-0.6175513373921958,True
N279F,-2.66450606275586,279,True,neutral,tolerant,279,-1.3385975729303694,True
N279G,-3.37172091693188,279,True,neutral,tolerant,279,-1.6938889721780006,True
N279H,-0.632253037626719,279,True,neutral,tolerant,279,-0.3176319969674343,True
N279I,-0.5523096127760649,279,True,neutral,tolerant,279,-0.27746992866793646,True
N279K,-1.94532885827625,279,True,neutral,tolerant,279,-0.9772965145917899,True
N279L,-0.44246062450058105,279,True,neutral,tolerant,279,-0.22228386955184862,True
N279M,-0.560769129778981,279,True,neutral,tolerant,279,-0.28171983039889914,True
N279N,0.0,279,True,neutral,tolerant,279,0.0,True
N279P,-5.09122104285306,279,True,mild,tolerant,279,-2.5577333924946584,True
N279Q,-0.308256575542477,279,True,neutral,tolerant,279,-0.1548622874718506,True
N279R,-1.36013321757746,279,True,neutral,tolerant,279,-0.6833052659779159,True
N279S,-0.601405423815707,279,True,neutral,tolerant,279,-0.3021347378111141,True
N279T,-0.626211910398722,279,True,neutral,tolerant,279,-0.31459704863003163,True
N279V,-0.733328910290128,279,True,neutral,tolerant,279,-0.3684106083281905,True
N279W,-4.5251535235914,279,True,mild,tolerant,279,-2.2733517511878802,True
N279Y,-3.50198778105475,279,True,mild,tolerant,279,-1.7593325868822474,True
D280A,-2.41269604471228,280,True,neutral,sensitive,280,-1.0292285443585039,True
D280C,-4.54538226758099,280,True,mild,sensitive,280,-1.9390081005306368,True
D280D,0.0,280,True,neutral,sensitive,280,0.0,True
D280E,-0.142643638376864,280,True,neutral,sensitive,280,-0.06085014505261825,True
D280F,-5.371635549623232,280,True,mild,sensitive,280,-2.2914783027392973,True
D280G,-3.67789628809566,280,True,mild,sensitive,280,-1.5689485010738924,True
D280H,-3.29211208844594,280,True,neutral,sensitive,280,-1.4043773728075708,True
D280I,-5.19585342463323,280,True,mild,sensitive,280,-2.2164916582242484,True
D280K,-3.48005831569271,280,True,neutral,sensitive,280,-1.484553084253201,True
D280L,-5.19585342463323,280,True,mild,sensitive,280,-2.2164916582242484,True
D280M,-5.19585342463323,280,True,mild,sensitive,280,-2.2164916582242484,True
D280N,-1.55110389688241,280,True,neutral,sensitive,280,-0.6616831860921235,True
D280P,-5.371635549623232,280,True,mild,sensitive,280,-2.2914783027392973,True
D280Q,-1.3487790507205,280,True,neutral,sensitive,280,-0.5753737202316553,True
D280R,-4.96348209502995,280,True,mild,sensitive,280,-2.1173647060984764,True
D280S,-3.20308305502423,280,True,neutral,sensitive,280,-1.3663986051650026,True
D280T,-3.27925545014453,280,True,neutral,sensitive,280,-1.3988928779192469,True
D280V,-2.90812640574529,280,True,neutral,sensitive,280,-1.2405734713063248,True
D280W,-5.371635549623232,280,True,mild,sensitive,280,-2.2914783027392973,True
D280Y,-5.371635549623232,280,True,mild,sensitive,280,-2.2914783027392973,True
M281A,-2.4124526875490897,281,True,neutral,sensitive,281,-0.7578128398126233,True
M281C,-4.37924128070846,281,True,mild,sensitive,281,-1.3756312354999578,True
M281D,-5.0740866513067004,281,True,mild,sensitive,281,-1.593899865695837,True
M281E,-5.0740866513067004,281,True,mild,sensitive,281,-1.593899865695837,True
M281F,-2.87632434826961,281,True,neutral,sensitive,281,-0.903526744310517,True
M281G,-5.0740866513067004,281,True,mild,sensitive,281,-1.593899865695837,True
M281H,-5.0740866513067004,281,True,mild,sensitive,281,-1.593899865695837,True
M281I,-0.284261682342998,281,True,neutral,sensitive,281,-0.08929383521511144,True
M281K,-5.0740866513067004,281,True,mild,sensitive,281,-1.593899865695837,True
M281L,-0.18064008530341305,281,True,neutral,sensitive,281,-0.05674365210736944,True
M281M,0.0,281,True,neutral,sensitive,281,0.0,True
M281N,-5.0740866513067004,281,True,mild,sensitive,281,-1.593899865695837,True
M281P,-5.0740866513067004,281,True,mild,sensitive,281,-1.593899865695837,True
M281Q,-5.0740866513067004,281,True,mild,sensitive,281,-1.593899865695837,True
M281R,-5.0740866513067004,281,True,mild,sensitive,281,-1.593899865695837,True
M281S,-4.37924128070846,281,True,mild,sensitive,281,-1.3756312354999578,True
M281T,-1.59397246131783,281,True,neutral,sensitive,281,-0.5007073522016179,True
M281V,-0.273205061585648,281,True,neutral,sensitive,281,-0.08582066899796544,True
M281W,-4.43965726926719,281,True,mild,sensitive,281,-1.3946094364388089,True
M281Y,-3.6945253636356497,281,True,mild,sensitive,281,-1.1605445246766215,True
T282A,-1.1451558319796102,282,True,neutral,tolerant,282,-0.39522385481130645,True
T282C,-0.292625118378446,282,True,neutral,tolerant,282,-0.10099274183515972,True
T282D,-2.45006883508227,282,True,neutral,tolerant,282,-0.8455841751077098,True
T282E,-1.90630026889998,282,True,neutral,tolerant,282,-0.6579151235688724,True
T282F,-4.13157275341583,282,True,mild,tolerant,282,-1.4259160757323392,True
T282G,-1.57488606330422,282,True,neutral,tolerant,282,-0.5435352320144143,True
T282H,-1.0240109632783,282,True,neutral,tolerant,282,-0.3534135258921643,True
T282I,-0.610929468961464,282,True,neutral,tolerant,282,-0.21084807237402547,True
T282K,-3.13274494215161,282,True,neutral,tolerant,282,-1.0811939280241363,True
T282L,-2.08073742869351,282,True,neutral,tolerant,282,-0.7181180451195198,True
T282M,-1.8482142936813504,282,True,neutral,tolerant,282,-0.6378681025475538,True
T282N,-0.43626782341634296,282,True,neutral,tolerant,282,-0.15056767479643368,True
T282P,-3.4207788686255896,282,True,neutral,tolerant,282,-1.1806021269420888,True
T282Q,-1.3207625901029,282,True,neutral,tolerant,282,-0.4558304359753965,True
T282R,-4.2440156897192,282,True,mild,tolerant,282,-1.464723135427697,True
T282S,-0.3479479266394689,282,True,neutral,tolerant,282,-0.12008612015914799,True
T282T,0.0,282,True,neutral,tolerant,282,0.0,True
T282V,-0.5991963887286911,282,True,neutral,tolerant,282,-0.2067986730967318,True
T282W,-4.13157275341583,282,True,mild,tolerant,282,-1.4259160757323392,True
T282Y,-2.8483368288968096,282,True,neutral,tolerant,282,-0.9830370940621936,True
S283A,-0.3951948063967101,283,True,neutral,sensitive,283,-0.19359621403501048,True
S283C,-2.64511340355578,283,True,neutral,sensitive,283,-1.2957759877735147,True
S283D,-1.4711579910507802,283,True,neutral,sensitive,283,-0.7206841099750694,True
S283E,-1.83289109551325,283,True,neutral,sensitive,283,-0.8978882593756727,True
S283F,-4.1240874633610805,283,True,mild,sensitive,283,-2.0202889975595633,True
S283G,-2.44002264597589,283,True,neutral,sensitive,283,-1.1953070707777234,True
S283H,-3.22867450360502,283,True,neutral,sensitive,283,-1.5816482153407727,True
S283I,-4.1240874633610805,283,True,mild,sensitive,283,-2.0202889975595633,True
S283K,-4.1240874633610805,283,True,mild,sensitive,283,-2.0202889975595633,True
S283L,-4.1240874633610805,283,True,mild,sensitive,283,-2.0202889975595633,True
S283M,-4.1240874633610805,283,True,mild,sensitive,283,-2.0202889975595633,True
S283N,-0.8455882401416959,283,True,neutral,sensitive,283,-0.4142328777459419,True
S283P,-4.1240874633610805,283,True,mild,sensitive,283,-2.0202889975595633,True
S283Q,-2.66425387276776,283,True,neutral,sensitive,283,-1.305152432793324,True
S283R,-4.1240874633610805,283,True,mild,sensitive,283,-2.0202889975595633,True
S283S,0.0,283,True,neutral,sensitive,283,0.0,True
S283T,-0.20680668465910895,283,True,neutral,sensitive,283,-0.10130950746084773,True
S283V,-4.1240874633610805,283,True,mild,sensitive,283,-2.0202889975595633,True
S283W,-4.1240874633610805,283,True,mild,sensitive,283,-2.0202889975595633,True
S283Y,-4.1240874633610805,283,True,mild,sensitive,283,-2.0202889975595633,True
I284A,-0.9486552022902858,284,True,neutral,tolerant,284,-0.0,True
I284C,-0.9486552022902858,284,True,neutral,tolerant,284,-0.0,True
I284D,-0.9486552022902858,284,True,neutral,tolerant,284,-0.0,True
I284E,-0.9486552022902858,284,True,neutral,tolerant,284,-0.0,True
I284F,-0.9486552022902858,284,True,neutral,tolerant,284,-0.0,True
I284G,-0.9486552022902858,284,True,neutral,tolerant,284,-0.0,True
I284H,-0.9486552022902858,284,True,neutral,tolerant,284,-0.0,True
I284I,0.0,284,True,neutral,tolerant,284,0.0,True
I284K,-0.9486552022902858,284,True,neutral,tolerant,284,-0.0,True
I284L,-0.0362758560951548,284,True,neutral,tolerant,284,-0.0,True
I284M,-0.6309016068551769,284,True,neutral,tolerant,284,-0.0,True
I284N,-0.9486552022902858,284,True,neutral,tolerant,284,-0.0,True
I284P,-0.9486552022902858,284,True,neutral,tolerant,284,-0.0,True
I284Q,-0.9486552022902858,284,True,neutral,tolerant,284,-0.0,True
I284R,-0.9486552022902858,284,True,neutral,tolerant,284,-0.0,True
I284S,-0.9486552022902858,284,True,neutral,tolerant,284,-0.0,True
I284T,-0.9486552022902858,284,True,neutral,tolerant,284,-0.0,True
I284V,-0.1997797819575,284,True,neutral,tolerant,284,-0.0,True
I284W,-0.9486552022902858,284,True,neutral,tolerant,284,-0.0,True
I284Y,-0.9486552022902858,284,True,neutral,tolerant,284,-0.0,True
