Mutation,Variant_score,Residue,LocalConfidence,Variant_class,Residue_class,pdb_pos,RSA*Variant_score,aligned
M1A,-2.82006308999953,1,True,neutral,tolerant,1,-0.0,True
M1C,-2.82006308999953,1,True,neutral,tolerant,1,-0.0,True
M1D,-2.82006308999953,1,True,neutral,tolerant,1,-0.0,True
M1E,-2.82006308999953,1,True,neutral,tolerant,1,-0.0,True
M1F,-2.82006308999953,1,True,neutral,tolerant,1,-0.0,True
M1G,-2.82006308999953,1,True,neutral,tolerant,1,-0.0,True
M1H,-2.82006308999953,1,True,neutral,tolerant,1,-0.0,True
M1I,-1.96367451421269,1,True,neutral,tolerant,1,-0.0,True
M1K,-2.82006308999953,1,True,neutral,tolerant,1,-0.0,True
M1L,-1.96367451421269,1,True,neutral,tolerant,1,-0.0,True
M1M,0.0,1,True,neutral,tolerant,1,0.0,True
M1N,-2.82006308999953,1,True,neutral,tolerant,1,-0.0,True
M1P,-2.82006308999953,1,True,neutral,tolerant,1,-0.0,True
M1Q,-2.82006308999953,1,True,neutral,tolerant,1,-0.0,True
M1R,-2.82006308999953,1,True,neutral,tolerant,1,-0.0,True
M1S,-2.82006308999953,1,True,neutral,tolerant,1,-0.0,True
M1T,-2.82006308999953,1,True,neutral,tolerant,1,-0.0,True
M1V,-1.96367451421269,1,True,neutral,tolerant,1,-0.0,True
M1W,-2.82006308999953,1,True,neutral,tolerant,1,-0.0,True
M1Y,-2.82006308999953,1,True,neutral,tolerant,1,-0.0,True
S2A,-0.7656953656014129,2,True,neutral,tolerant,2,-0.35745469997576895,True
S2C,-0.705611907998095,2,True,neutral,tolerant,2,-0.3294055367237076,True
S2D,-2.89096837191057,2,True,neutral,tolerant,2,-1.349610143205003,True
S2E,-2.89096837191057,2,True,neutral,tolerant,2,-1.349610143205003,True
S2F,-2.89096837191057,2,True,neutral,tolerant,2,-1.349610143205003,True
S2G,-2.89096837191057,2,True,neutral,tolerant,2,-1.349610143205003,True
S2H,-2.89096837191057,2,True,neutral,tolerant,2,-1.349610143205003,True
S2I,-2.89096837191057,2,True,neutral,tolerant,2,-1.349610143205003,True
S2K,-2.89096837191057,2,True,neutral,tolerant,2,-1.349610143205003,True
S2L,-2.89096837191057,2,True,neutral,tolerant,2,-1.349610143205003,True
S2M,-2.89096837191057,2,True,neutral,tolerant,2,-1.349610143205003,True
S2N,-2.89096837191057,2,True,neutral,tolerant,2,-1.349610143205003,True
S2P,-2.89096837191057,2,True,neutral,tolerant,2,-1.349610143205003,True
S2Q,-2.89096837191057,2,True,neutral,tolerant,2,-1.349610143205003,True
S2R,-2.89096837191057,2,True,neutral,tolerant,2,-1.349610143205003,True
S2S,0.0,2,True,neutral,tolerant,2,0.0,True
S2T,-1.99942834197206,2,True,neutral,tolerant,2,-0.9334065350406152,True
S2V,-2.89096837191057,2,True,neutral,tolerant,2,-1.349610143205003,True
S2W,-2.89096837191057,2,True,neutral,tolerant,2,-1.349610143205003,True
S2Y,-2.89096837191057,2,True,neutral,tolerant,2,-1.349610143205003,True
D3A,-2.8238668986945403,3,True,neutral,tolerant,3,-1.0879420442020076,True
D3C,-2.8238668986945403,3,True,neutral,tolerant,3,-1.0879420442020076,True
D3D,0.0,3,True,neutral,tolerant,3,0.0,True
D3E,-0.632108117454838,3,True,neutral,tolerant,3,-0.24353024491997763,True
D3F,-2.8238668986945403,3,True,neutral,tolerant,3,-1.0879420442020076,True
D3G,-2.8238668986945403,3,True,neutral,tolerant,3,-1.0879420442020076,True
D3H,-1.94602976804573,3,True,neutral,tolerant,3,-0.7497405790989604,True
D3I,-2.8238668986945403,3,True,neutral,tolerant,3,-1.0879420442020076,True
D3K,-2.8238668986945403,3,True,neutral,tolerant,3,-1.0879420442020076,True
D3L,-2.8238668986945403,3,True,neutral,tolerant,3,-1.0879420442020076,True
D3M,-2.8238668986945403,3,True,neutral,tolerant,3,-1.0879420442020076,True
D3N,-1.94602976804573,3,True,neutral,tolerant,3,-0.7497405790989604,True
D3P,-2.8238668986945403,3,True,neutral,tolerant,3,-1.0879420442020076,True
D3Q,-1.94602976804573,3,True,neutral,tolerant,3,-0.7497405790989604,True
D3R,-2.8238668986945403,3,True,neutral,tolerant,3,-1.0879420442020076,True
D3S,-2.8238668986945403,3,True,neutral,tolerant,3,-1.0879420442020076,True
D3T,-2.8238668986945403,3,True,neutral,tolerant,3,-1.0879420442020076,True
D3V,-2.8238668986945403,3,True,neutral,tolerant,3,-1.0879420442020076,True
D3W,-2.8238668986945403,3,True,neutral,tolerant,3,-1.0879420442020076,True
D3Y,-2.8238668986945403,3,True,neutral,tolerant,3,-1.0879420442020076,True
V4A,0.0343909670626084,4,True,neutral,tolerant,4,0.01272429625822493,True
V4C,-0.6786176128827921,4,True,neutral,tolerant,4,-0.2510813824063232,True
V4D,-0.7955489778185301,4,True,neutral,tolerant,4,-0.2943447581239148,True
V4E,-0.7955489778185301,4,True,neutral,tolerant,4,-0.2943447581239148,True
V4F,-0.9121313915904048,4,True,neutral,tolerant,4,-0.33747902557942805,True
V4G,-0.9815197437426828,4,True,neutral,tolerant,4,-0.36315198639057017,True
V4H,-0.7955489778185301,4,True,neutral,tolerant,4,-0.2943447581239148,True
V4I,-0.0232537733274683,4,True,neutral,tolerant,4,-0.008603651662416318,True
V4K,-0.9815197437426828,4,True,neutral,tolerant,4,-0.36315198639057017,True
V4L,-0.0228092333213329,4,True,neutral,tolerant,4,-0.008439176533630249,True
V4M,-0.0179158239860619,4,True,neutral,tolerant,4,-0.006628666524376988,True
V4N,-0.267671686910607,4,True,neutral,tolerant,4,-0.09903571010343863,True
V4P,-0.9815197437426828,4,True,neutral,tolerant,4,-0.36315198639057017,True
V4Q,-0.7955489778185301,4,True,neutral,tolerant,4,-0.2943447581239148,True
V4R,-0.9815197437426828,4,True,neutral,tolerant,4,-0.36315198639057017,True
V4S,-0.0793485632498696,4,True,neutral,tolerant,4,-0.029358134204768776,True
V4T,0.0355428232060641,4,True,neutral,tolerant,4,0.013150470921749357,True
V4V,0.0,4,True,neutral,tolerant,4,0.0,True
V4W,-0.9121313915904048,4,True,neutral,tolerant,4,-0.33747902557942805,True
V4Y,-0.550760701504469,4,True,neutral,tolerant,4,-0.20377566936610372,True
E5A,-3.0370104668634097,5,True,neutral,tolerant,5,-1.247983405065986,True
E5C,-3.0370104668634097,5,True,neutral,tolerant,5,-1.247983405065986,True
E5D,-1.32172398097041,5,True,neutral,tolerant,5,-0.5431293742073918,True
E5E,0.0,5,True,neutral,tolerant,5,0.0,True
E5F,-3.0370104668634097,5,True,neutral,tolerant,5,-1.247983405065986,True
E5G,-3.0370104668634097,5,True,neutral,tolerant,5,-1.247983405065986,True
E5H,-2.08161571227607,5,True,neutral,tolerant,5,-0.8553878536112353,True
E5I,-3.0370104668634097,5,True,neutral,tolerant,5,-1.247983405065986,True
E5K,-3.0370104668634097,5,True,neutral,tolerant,5,-1.247983405065986,True
E5L,-3.0370104668634097,5,True,neutral,tolerant,5,-1.247983405065986,True
E5M,-3.0370104668634097,5,True,neutral,tolerant,5,-1.247983405065986,True
E5N,-2.08161571227607,5,True,neutral,tolerant,5,-0.8553878536112353,True
E5P,-3.0370104668634097,5,True,neutral,tolerant,5,-1.247983405065986,True
E5Q,-2.08161571227607,5,True,neutral,tolerant,5,-0.8553878536112353,True
E5R,-3.0370104668634097,5,True,neutral,tolerant,5,-1.247983405065986,True
E5S,-3.0370104668634097,5,True,neutral,tolerant,5,-1.247983405065986,True
E5T,-3.0370104668634097,5,True,neutral,tolerant,5,-1.247983405065986,True
E5V,-3.0370104668634097,5,True,neutral,tolerant,5,-1.247983405065986,True
E5W,-3.0370104668634097,5,True,neutral,tolerant,5,-1.247983405065986,True
E5Y,-3.0370104668634097,5,True,neutral,tolerant,5,-1.247983405065986,True
E6A,-2.91810579480933,6,True,neutral,tolerant,6,-1.318547730111385,True
E6C,-2.91810579480933,6,True,neutral,tolerant,6,-1.318547730111385,True
E6D,-0.0597474609525177,6,True,neutral,tolerant,6,-0.026996923538205143,True
E6E,0.0,6,True,neutral,tolerant,6,0.0,True
E6F,-2.91810579480933,6,True,neutral,tolerant,6,-1.318547730111385,True
E6G,-2.91810579480933,6,True,neutral,tolerant,6,-1.318547730111385,True
E6H,-0.842579377823102,6,True,neutral,tolerant,6,-0.3807199615735337,True
E6I,-2.91810579480933,6,True,neutral,tolerant,6,-1.318547730111385,True
E6K,-2.7989122056402405,6,True,neutral,tolerant,6,-1.2646900403996928,True
E6L,-2.91810579480933,6,True,neutral,tolerant,6,-1.318547730111385,True
E6M,-2.91810579480933,6,True,neutral,tolerant,6,-1.318547730111385,True
E6N,-0.7789504583908199,6,True,neutral,tolerant,6,-0.35196919885748984,True
E6P,-2.91810579480933,6,True,neutral,tolerant,6,-1.318547730111385,True
E6Q,-0.818898884824327,6,True,neutral,tolerant,6,-0.3700199176111134,True
E6R,-1.1784467711508102,6,True,neutral,tolerant,6,-0.532481830481242,True
E6S,-2.91810579480933,6,True,neutral,tolerant,6,-1.318547730111385,True
E6T,-2.91810579480933,6,True,neutral,tolerant,6,-1.318547730111385,True
E6V,-2.91810579480933,6,True,neutral,tolerant,6,-1.318547730111385,True
E6W,-2.91810579480933,6,True,neutral,tolerant,6,-1.318547730111385,True
E6Y,-2.91810579480933,6,True,neutral,tolerant,6,-1.318547730111385,True
T7A,-0.0324101137337221,7,True,neutral,tolerant,7,-0.017238401459715787,True
T7C,-1.08283021214093,7,True,neutral,tolerant,7,-0.5759394139420336,True
T7D,-0.44227953865504,7,True,neutral,tolerant,7,-0.23524114439686894,True
T7E,-0.0344875933321037,7,True,neutral,tolerant,7,-0.018343378370179665,True
T7F,-0.55180069791457,7,True,neutral,tolerant,7,-0.2934936308633034,True
T7G,-0.6526411267543111,7,True,neutral,tolerant,7,-0.347128980926906,True
T7H,-1.08974300378343,7,True,neutral,tolerant,7,-0.5796162130585018,True
T7I,-0.034883110941354,7,True,neutral,tolerant,7,-0.018553747620613657,True
T7K,-1.39365824885007,7,True,neutral,tolerant,7,-0.7412636866597917,True
T7L,-0.282676540190003,7,True,neutral,tolerant,7,-0.15035095905783896,True
T7M,-0.944022384410434,7,True,neutral,tolerant,7,-0.5021098346993149,True
T7N,-1.08974300378343,7,True,neutral,tolerant,7,-0.5796162130585018,True
T7P,-1.39365824885007,7,True,neutral,tolerant,7,-0.7412636866597917,True
T7Q,-0.4511259108354121,7,True,neutral,tolerant,7,-0.2399463829023619,True
T7R,-1.39365824885007,7,True,neutral,tolerant,7,-0.7412636866597917,True
T7S,-1.08283021214093,7,True,neutral,tolerant,7,-0.5759394139420336,True
T7T,0.0,7,True,neutral,tolerant,7,0.0,True
T7V,0.112348232077869,7,True,neutral,tolerant,7,0.059756159566713325,True
T7W,-1.22652292556048,7,True,neutral,tolerant,7,-0.6523671827895334,True
T7Y,-0.525830885609879,7,True,neutral,tolerant,7,-0.2796807188192481,True
V8A,-0.315965130182216,8,True,neutral,tolerant,8,-0.18000397384571193,True
V8C,-1.7442398101940602,8,True,neutral,tolerant,8,-0.9936859076625186,True
V8D,-0.8327062841728181,8,True,neutral,tolerant,8,-0.47438918373987227,True
V8E,-0.802795640746459,8,True,neutral,tolerant,8,-0.45734921900097275,True
V8F,-1.88279679204088,8,True,neutral,tolerant,8,-1.0726212234744643,True
V8G,-0.6313903771270649,8,True,neutral,tolerant,8,-0.35970037853629994,True
V8H,-1.73742085224745,8,True,neutral,tolerant,8,-0.9898011766886646,True
V8I,-0.234840278573044,8,True,neutral,tolerant,8,-0.13378749527773426,True
V8K,-2.10877349629992,8,True,neutral,tolerant,8,-1.2013591786397266,True
V8L,-0.5552971267460229,8,True,neutral,tolerant,8,-0.3163503815175618,True
V8M,-0.540238254270545,8,True,neutral,tolerant,8,-0.3077714067248097,True
V8N,-1.73742085224745,8,True,neutral,tolerant,8,-0.9898011766886646,True
V8P,-2.10877349629992,8,True,neutral,tolerant,8,-1.2013591786397266,True
V8Q,-1.38348914565909,8,True,neutral,tolerant,8,-0.788167807781284,True
V8R,-2.10877349629992,8,True,neutral,tolerant,8,-1.2013591786397266,True
V8S,-1.7442398101940602,8,True,neutral,tolerant,8,-0.9936859076625186,True
V8T,-0.568152213604162,8,True,neutral,tolerant,8,-0.32367386913552254,True
V8V,0.0,8,True,neutral,tolerant,8,0.0,True
V8W,-1.88279679204088,8,True,neutral,tolerant,8,-1.0726212234744643,True
V8Y,-0.9947076807091608,8,True,neutral,tolerant,8,-0.5666806816285148,True
D9A,-1.30661423942105,9,True,neutral,tolerant,9,-0.6416667021502912,True
D9C,-2.52061206330385,9,True,neutral,tolerant,9,-1.237850301384344,True
D9D,0.0,9,True,neutral,tolerant,9,0.0,True
D9E,-0.0465198722880646,9,True,neutral,tolerant,9,-0.02284549803219773,True
D9F,-2.78455988094304,9,True,neutral,tolerant,9,-1.3674727412556182,True
D9G,-2.78455988094304,9,True,neutral,tolerant,9,-1.3674727412556182,True
D9H,-0.6996639918552979,9,True,neutral,tolerant,9,-0.3435988011779389,True
D9I,-2.6043874656014703,9,True,neutral,tolerant,9,-1.2789916608550986,True
D9K,-2.78455988094304,9,True,neutral,tolerant,9,-1.3674727412556182,True
D9L,-2.6043874656014703,9,True,neutral,tolerant,9,-1.2789916608550986,True
D9M,-2.6043874656014703,9,True,neutral,tolerant,9,-1.2789916608550986,True
D9N,-1.9037752443301104,9,True,neutral,tolerant,9,-0.9349271925935406,True
D9P,-2.78455988094304,9,True,neutral,tolerant,9,-1.3674727412556182,True
D9Q,-0.7240275771345509,9,True,neutral,tolerant,9,-0.3555635425277826,True
D9R,-2.78455988094304,9,True,neutral,tolerant,9,-1.3674727412556182,True
D9S,-2.03692509856906,9,True,neutral,tolerant,9,-1.0003159089289417,True
D9T,-2.52061206330385,9,True,neutral,tolerant,9,-1.237850301384344,True
D9V,-1.4294853573004198,9,True,neutral,tolerant,9,-0.7020076219263601,True
D9W,-2.78455988094304,9,True,neutral,tolerant,9,-1.3674727412556182,True
D9Y,-2.78455988094304,9,True,neutral,tolerant,9,-1.3674727412556182,True
E10A,-1.4653794259851998,10,True,neutral,tolerant,10,-0.7165891822289923,True
E10C,-2.6938501439409,10,True,neutral,tolerant,10,-1.3173269922199382,True
E10D,-0.729151570105215,10,True,neutral,tolerant,10,-0.3565643942294294,True
E10E,0.0,10,True,neutral,tolerant,10,0.0,True
E10F,-3.041701042186029,10,True,neutral,tolerant,10,-1.4874305069076181,True
E10G,-3.041701042186029,10,True,neutral,tolerant,10,-1.4874305069076181,True
E10H,-0.802605908260218,10,True,neutral,tolerant,10,-0.3924845000916207,True
E10I,-2.7938870621922405,10,True,neutral,tolerant,10,-1.3662463179394468,True
E10K,-1.6741954677879,10,True,neutral,tolerant,10,-0.8187028832802334,True
E10L,-2.7938870621922405,10,True,neutral,tolerant,10,-1.3662463179394468,True
E10M,-2.7938870621922405,10,True,neutral,tolerant,10,-1.3662463179394468,True
E10N,-2.07511501631982,10,True,neutral,tolerant,10,-1.014757643110748,True
E10P,-3.041701042186029,10,True,neutral,tolerant,10,-1.4874305069076181,True
E10Q,-0.682918662599937,10,True,neutral,tolerant,10,-0.333955914272778,True
E10R,-2.9177940521891297,10,True,neutral,tolerant,10,-1.42683841242353,True
E10S,-2.6938501439409,10,True,neutral,tolerant,10,-1.3173269922199382,True
E10T,-1.4078060621887698,10,True,neutral,tolerant,10,-0.6884350748698566,True
E10V,-1.51156248092819,10,True,neutral,tolerant,10,-0.7391732836484484,True
E10W,-3.041701042186029,10,True,neutral,tolerant,10,-1.4874305069076181,True
E10Y,-3.041701042186029,10,True,neutral,tolerant,10,-1.4874305069076181,True
Y11A,-1.15425748381115,11,True,neutral,tolerant,11,-0.4639289611291533,True
Y11C,-1.00213502076731,11,True,neutral,tolerant,11,-0.4027866101076863,True
Y11D,-2.18111019568472,11,True,neutral,tolerant,11,-0.8766503153621934,True
Y11E,-0.9060638217994592,11,True,neutral,tolerant,11,-0.36417285870758753,True
Y11F,-0.621488073572151,11,True,neutral,tolerant,11,-0.24979375951237962,True
Y11G,-2.23868647340766,11,True,neutral,tolerant,11,-0.8997918614074409,True
Y11H,-2.18111019568472,11,True,neutral,tolerant,11,-0.8766503153621934,True
Y11I,-2.02243543450836,11,True,neutral,tolerant,11,-0.8128744090826815,True
Y11K,-2.57843121139858,11,True,neutral,tolerant,11,-1.0363449490467773,True
Y11L,-0.870973193617141,11,True,neutral,tolerant,11,-0.35006893570399555,True
Y11M,-0.8276932041453029,11,True,neutral,tolerant,11,-0.3326734751287227,True
Y11N,-0.7813680699398491,11,True,neutral,tolerant,11,-0.31405408414574765,True
Y11P,-2.69119239473208,11,True,neutral,tolerant,11,-1.0816668805683958,True
Y11Q,-1.01074964959256,11,True,neutral,tolerant,11,-0.40624907481548744,True
Y11R,-2.57843121139858,11,True,neutral,tolerant,11,-1.0363449490467773,True
Y11S,-2.30110279175324,11,True,neutral,tolerant,11,-0.9248787576448051,True
Y11T,-2.30110279175324,11,True,neutral,tolerant,11,-0.9248787576448051,True
Y11V,-0.777106552921789,11,True,neutral,tolerant,11,-0.3123412590692361,True
Y11W,-1.88845217529038,11,True,neutral,tolerant,11,-0.759022720764007,True
Y11Y,0.0,11,True,neutral,tolerant,11,0.0,True
E12A,-1.31734740789224,12,True,neutral,tolerant,12,-0.6214983590778035,True
E12C,-2.56241281178375,12,True,neutral,tolerant,12,-1.2088955033901063,True
E12D,-0.584070289011105,12,True,neutral,tolerant,12,-0.27555276917218013,True
E12E,0.0,12,True,neutral,tolerant,12,0.0,True
E12F,-2.9427084416291,12,True,neutral,tolerant,12,-1.3883114330813566,True
E12G,-2.9427084416291,12,True,neutral,tolerant,12,-1.3883114330813566,True
E12H,-0.7294447631367209,12,True,neutral,tolerant,12,-0.3441375605336549,True
E12I,-2.45233587603985,12,True,neutral,tolerant,12,-1.1569633900179723,True
E12K,-1.49868468550082,12,True,neutral,tolerant,12,-0.7070496872985728,True
E12L,-1.9336349806718,12,True,neutral,tolerant,12,-0.9122506032526145,True
E12M,-2.45233587603985,12,True,neutral,tolerant,12,-1.1569633900179723,True
E12N,-2.00917938590643,12,True,neutral,tolerant,12,-0.947890954165023,True
E12P,-2.9427084416291,12,True,neutral,tolerant,12,-1.3883114330813566,True
E12Q,-0.7348150364042979,12,True,neutral,tolerant,12,-0.34667114886700023,True
E12R,-2.7027686136064704,12,True,neutral,tolerant,12,-1.2751125847744618,True
E12S,-1.47655285522632,12,True,neutral,tolerant,12,-0.6966083290687053,True
E12T,-2.56241281178375,12,True,neutral,tolerant,12,-1.2088955033901063,True
E12V,-0.821316119111322,12,True,neutral,tolerant,12,-0.38748064273231664,True
E12W,-2.9427084416291,12,True,neutral,tolerant,12,-1.3883114330813566,True
E12Y,-2.9427084416291,12,True,neutral,tolerant,12,-1.3883114330813566,True
E13A,-1.08882653166094,13,True,neutral,tolerant,13,-0.5005737695866838,True
E13C,-2.2309956558003,13,True,neutral,tolerant,13,-1.025671099005912,True
E13D,-0.627000225342047,13,True,neutral,tolerant,13,-0.2882551602158281,True
E13E,0.0,13,True,neutral,tolerant,13,0.0,True
E13F,-2.75451361995687,13,True,neutral,tolerant,13,-1.2663516419060237,True
E13G,-0.563079658168667,13,True,neutral,tolerant,13,-0.2588685147459678,True
E13H,-1.88798783986493,13,True,neutral,tolerant,13,-0.8679777379169382,True
E13I,-2.4380307933145096,13,True,neutral,tolerant,13,-1.1208527980266865,True
E13K,-2.6417801625106,13,True,neutral,tolerant,13,-1.214523908000296,True
E13L,-1.3121690778604298,13,True,neutral,tolerant,13,-0.6032525866518992,True
E13M,-2.4380307933145096,13,True,neutral,tolerant,13,-1.1208527980266865,True
E13N,-1.88798783986493,13,True,neutral,tolerant,13,-0.8679777379169382,True
E13P,-1.50838924276768,13,True,neutral,tolerant,13,-0.693462243342309,True
E13Q,-0.344841572729107,13,True,neutral,tolerant,13,-0.15853640681210274,True
E13R,-2.6417801625106,13,True,neutral,tolerant,13,-1.214523908000296,True
E13S,-1.27532958751773,13,True,neutral,tolerant,13,-0.5863161123703927,True
E13T,-2.2309956558003,13,True,neutral,tolerant,13,-1.025671099005912,True
E13V,-1.26795801721155,13,True,neutral,tolerant,13,-0.5829271292508237,True
E13W,-2.75451361995687,13,True,neutral,tolerant,13,-1.2663516419060237,True
E13Y,-2.75451361995687,13,True,neutral,tolerant,13,-1.2663516419060237,True
E14A,-1.15871949595908,14,True,neutral,tolerant,14,-0.5003001871927902,True
E14C,-2.27770064125265,14,True,neutral,tolerant,14,-0.9834425511625994,True
E14D,-0.6073872335017211,14,True,neutral,tolerant,14,-0.2622515178860452,True
E14E,0.0,14,True,neutral,tolerant,14,0.0,True
E14F,-2.49656879498626,14,True,neutral,tolerant,14,-1.0779432294245386,True
E14G,-2.67001770312118,14,True,neutral,tolerant,14,-1.152833245093482,True
E14H,-0.533692118332174,14,True,neutral,tolerant,14,-0.23043218625047857,True
E14I,-1.02336765684594,14,True,neutral,tolerant,14,-0.44185933875505595,True
E14K,-1.464726723655,14,True,neutral,tolerant,14,-0.6324248936748342,True
E14L,-1.04302592388369,14,True,neutral,tolerant,14,-0.45034718651559763,True
E14M,-2.10425173311773,14,True,neutral,tolerant,14,-0.9085525354936562,True
E14N,-1.8327319242368103,14,True,neutral,tolerant,14,-0.7913184579767004,True
E14P,-2.67001770312118,14,True,neutral,tolerant,14,-1.152833245093482,True
E14Q,-0.34576126343005203,14,True,neutral,tolerant,14,-0.14928930204534988,True
E14R,-2.5605836262543704,14,True,neutral,tolerant,14,-1.1055829059625104,True
E14S,-1.8677182956226,14,True,neutral,tolerant,14,-0.8064245196374814,True
E14T,-2.27770064125265,14,True,neutral,tolerant,14,-0.9834425511625994,True
E14V,-0.78472566141819,14,True,neutral,tolerant,14,-0.33882091107611007,True
E14W,-2.49656879498626,14,True,neutral,tolerant,14,-1.0779432294245386,True
E14Y,-1.33739145022575,14,True,neutral,tolerant,14,-0.5774453569059556,True
Q15A,-0.7241987157508231,15,True,neutral,tolerant,15,-0.29530447033460533,True
Q15C,-1.7069363816808,15,True,neutral,tolerant,15,-0.6960326401083424,True
Q15D,-0.487759258158653,15,True,neutral,tolerant,15,-0.19889221873585924,True
Q15E,-0.0566749168981736,15,True,neutral,tolerant,15,-0.023110171216640833,True
Q15F,-0.95385090022467,15,True,neutral,tolerant,15,-0.3889490946928851,True
Q15G,-2.14024000908346,15,True,neutral,tolerant,15,-0.872719639686276,True
Q15H,-1.49376706366096,15,True,neutral,tolerant,15,-0.6091091877736143,True
Q15I,-1.61554249080167,15,True,neutral,tolerant,15,-0.658765210670969,True
Q15K,-1.20311412547389,15,True,neutral,tolerant,15,-0.49059045790602146,True
Q15L,-0.726941993724021,15,True,neutral,tolerant,15,-0.2964230890662278,True
Q15M,-0.556760870432985,15,True,neutral,tolerant,15,-0.22702881180310844,True
Q15N,-1.49376706366096,15,True,neutral,tolerant,15,-0.6091091877736143,True
Q15P,-1.04740740924906,15,True,neutral,tolerant,15,-0.4270983688394967,True
Q15Q,0.0,15,True,neutral,tolerant,15,0.0,True
Q15R,-1.00593909417872,15,True,neutral,tolerant,15,-0.41018895081488826,True
Q15S,-0.6958529448176961,15,True,neutral,tolerant,15,-0.2837459951680832,True
Q15T,-1.7069363816808,15,True,neutral,tolerant,15,-0.6960326401083424,True
Q15V,-0.5440530241616429,15,True,neutral,tolerant,15,-0.22184696912563062,True
Q15W,-1.85750115047184,15,True,neutral,tolerant,15,-0.7574280117540837,True
Q15Y,-0.925566316463595,15,True,neutral,tolerant,15,-0.3774155696471531,True
E16A,-1.13523602891753,16,True,neutral,tolerant,16,-0.43406058293858507,True
E16C,-2.43802527735264,16,True,neutral,tolerant,16,-0.9321855950218171,True
E16D,-0.727425832477093,16,True,neutral,tolerant,16,-0.2781332452870294,True
E16E,0.0,16,True,neutral,tolerant,16,0.0,True
E16F,-2.85370046172918,16,True,neutral,tolerant,16,-1.0911201321996291,True
E16G,-2.36046947232951,16,True,neutral,tolerant,16,-0.9025319220576932,True
E16H,-0.7050006931910721,16,True,neutral,tolerant,16,-0.2695589322957031,True
E16I,-2.41223895163114,16,True,neutral,tolerant,16,-0.9223261232561164,True
E16K,-1.42182565243251,16,True,neutral,tolerant,16,-0.5436389048719341,True
E16L,-2.41223895163114,16,True,neutral,tolerant,16,-0.9223261232561164,True
E16M,-2.41223895163114,16,True,neutral,tolerant,16,-0.9223261232561164,True
E16N,-1.94185074921671,16,True,neutral,tolerant,16,-0.742471914839099,True
E16P,-2.85370046172918,16,True,neutral,tolerant,16,-1.0911201321996291,True
E16Q,-0.0736756302356736,16,True,neutral,tolerant,16,-0.028170077581978602,True
E16R,-2.62180114100104,16,True,neutral,tolerant,16,-1.002452796267472,True
E16S,-2.43802527735264,16,True,neutral,tolerant,16,-0.9321855950218171,True
E16T,-2.43802527735264,16,True,neutral,tolerant,16,-0.9321855950218171,True
E16V,-0.824068266586923,16,True,neutral,tolerant,16,-0.31508474278866827,True
E16W,-2.85370046172918,16,True,neutral,tolerant,16,-1.0911201321996291,True
E16Y,-2.85370046172918,16,True,neutral,tolerant,16,-1.0911201321996291,True
E17A,-0.5889221097843851,17,True,neutral,tolerant,17,-0.26758835992503843,True
E17C,-2.3267369261515,17,True,neutral,tolerant,17,-1.05719874954916,True
E17D,-0.5977001101110571,17,True,neutral,tolerant,17,-0.27157681726398186,True
E17E,0.0,17,True,neutral,tolerant,17,0.0,True
E17F,-2.5424997805162,17,True,neutral,tolerant,17,-1.155234852070991,True
E17G,-2.65038120769855,17,True,neutral,tolerant,17,-1.2042529033319065,True
E17H,-0.655943973507045,17,True,neutral,tolerant,17,-0.2980410637626173,True
E17I,-2.21885549896915,17,True,neutral,tolerant,17,-1.0081806982882446,True
E17K,-2.65038120769855,17,True,neutral,tolerant,17,-1.2042529033319065,True
E17L,-2.21885549896915,17,True,neutral,tolerant,17,-1.0081806982882446,True
E17M,-2.21885549896915,17,True,neutral,tolerant,17,-1.0081806982882446,True
E17N,-1.80672914041182,17,True,neutral,tolerant,17,-0.8209229700827102,True
E17P,-1.23147055478904,17,True,neutral,tolerant,17,-0.5595429014757524,True
E17Q,-0.6057944324158461,17,True,neutral,tolerant,17,-0.2752546320280364,True
E17R,-2.65038120769855,17,True,neutral,tolerant,17,-1.2042529033319065,True
E17S,-2.3267369261515,17,True,neutral,tolerant,17,-1.05719874954916,True
E17T,-2.3267369261515,17,True,neutral,tolerant,17,-1.05719874954916,True
E17V,-1.14555366492843,17,True,neutral,tolerant,17,-0.5205048703580584,True
E17W,-2.5424997805162,17,True,neutral,tolerant,17,-1.155234852070991,True
E17Y,-2.5424997805162,17,True,neutral,tolerant,17,-1.155234852070991,True
G18A,0.00096960448153471,18,True,neutral,tolerant,18,0.0005918417513330537,True
G18C,-0.673865484301063,18,True,neutral,tolerant,18,-0.41132413884924934,True
G18D,0.0743334295106639,18,True,neutral,tolerant,18,0.04537275553280179,True
G18E,0.0819961289460182,18,True,neutral,tolerant,18,0.05005002914294499,True
G18F,-0.821269630670341,18,True,neutral,tolerant,18,-0.5012988963945756,True
G18G,0.0,18,True,neutral,tolerant,18,0.0,True
G18H,-0.59748754375229,18,True,neutral,tolerant,18,-0.36470342395109995,True
G18I,-0.231527740769712,18,True,neutral,tolerant,18,-0.14132338101659886,True
G18K,-0.8455975371568308,18,True,neutral,tolerant,18,-0.5161485294722209,True
G18L,-0.6721752316830609,18,True,neutral,tolerant,18,-0.41029241706094843,True
G18M,-0.22147280461363605,18,True,neutral,tolerant,18,-0.13518589801452488,True
G18N,-0.184066148315879,18,True,neutral,tolerant,18,-0.11235306112443919,True
G18P,-0.32946487523379897,18,True,neutral,tolerant,18,-0.20110372061447335,True
G18Q,-0.0964647968066429,18,True,neutral,tolerant,18,-0.058881632017278286,True
G18R,-0.8455975371568308,18,True,neutral,tolerant,18,-0.5161485294722209,True
G18S,-0.297440724690214,18,True,neutral,tolerant,18,-0.18155633845647307,True
G18T,0.00349459983829504,18,True,neutral,tolerant,18,0.0021330863541710056,True
G18V,-0.19956008409082604,18,True,neutral,tolerant,18,-0.12181048243252979,True
G18W,-0.821269630670341,18,True,neutral,tolerant,18,-0.5012988963945756,True
G18Y,-0.493919204159068,18,True,neutral,tolerant,18,-0.3014858247600481,True
A19A,0.0,19,True,neutral,tolerant,19,0.0,True
A19C,-0.190225839351587,19,True,neutral,tolerant,19,-0.10477423958040419,True
A19D,-0.38446463650679297,19,True,neutral,tolerant,19,-0.21175877090548204,True
A19E,-0.371208512149008,19,True,neutral,tolerant,19,-0.20445744762519338,True
A19F,-1.4445232247296298,19,True,neutral,tolerant,19,-0.7956270449018662,True
A19G,-0.390404931792214,19,True,neutral,tolerant,19,-0.2150306183239745,True
A19H,-1.22503916508051,19,True,neutral,tolerant,19,-0.6747377086889582,True
A19I,-0.368124357081014,19,True,neutral,tolerant,19,-0.20275872991629224,True
A19K,-1.22492137919185,19,True,neutral,tolerant,19,-0.6746728335544355,True
A19L,-0.474394657966561,19,True,neutral,tolerant,19,-0.2612912090117567,True
A19M,-0.464311576486229,19,True,neutral,tolerant,19,-0.2557375618398998,True
A19N,-0.457643165923632,19,True,neutral,tolerant,19,-0.2520646767666228,True
A19P,-0.63680567655201,19,True,neutral,tolerant,19,-0.3507453600869868,True
A19Q,-0.42033310711346,19,True,neutral,tolerant,19,-0.23151471860183934,True
A19R,-1.53108317414678,19,True,neutral,tolerant,19,-0.8433032854652621,True
A19S,-0.9206238722477,19,True,neutral,tolerant,19,-0.5070692103823026,True
A19T,-0.879364400948363,19,True,neutral,tolerant,19,-0.4843439605129215,True
A19V,-0.42027330312741706,19,True,neutral,tolerant,19,-0.23148177924311245,True
A19W,-0.481818242248586,19,True,neutral,tolerant,19,-0.2653800352235976,True
A19Y,-0.4752178714918259,19,True,neutral,tolerant,19,-0.2617446257053875,True
A20A,0.0,20,True,neutral,tolerant,20,0.0,True
A20C,-0.189839855539851,20,True,neutral,tolerant,20,-0.11895312450558203,True
A20D,-0.24022620494865304,20,True,neutral,tolerant,20,-0.15052507064704343,True
A20E,-0.125673384094953,20,True,neutral,tolerant,20,-0.0787465922936643,True
A20F,-0.724295011526082,20,True,neutral,tolerant,20,-0.4538412360240549,True
A20G,-0.777819402229992,20,True,neutral,tolerant,20,-0.4873794700970949,True
A20H,-0.579161777962906,20,True,neutral,tolerant,20,-0.362901156277133,True
A20I,-0.0771733668645512,20,True,neutral,tolerant,20,-0.048356616639053746,True
A20K,-0.32755986876077503,20,True,neutral,tolerant,20,-0.20524810104247704,True
A20L,-0.0931529116587793,20,True,neutral,tolerant,20,-0.05836935488121556,True
A20M,-0.5520154059234449,20,True,neutral,tolerant,20,-0.34589131519870353,True
A20N,-0.579161777962906,20,True,neutral,tolerant,20,-0.362901156277133,True
A20P,-0.27918513645127097,20,True,neutral,tolerant,20,-0.17493662857020317,True
A20Q,-0.187219840790707,20,True,neutral,tolerant,20,-0.11731143056425913,True
A20R,-0.724295011526082,20,True,neutral,tolerant,20,-0.4538412360240549,True
A20S,-0.20869336939471106,20,True,neutral,tolerant,20,-0.1307666837530189,True
A20T,-0.200122642251964,20,True,neutral,tolerant,20,-0.12539629000711475,True
A20V,-0.000274663692418487,20,True,neutral,tolerant,20,-0.00017210350433795327,True
A20W,-0.724295011526082,20,True,neutral,tolerant,20,-0.4538412360240549,True
A20Y,-0.6225470177043609,20,True,neutral,tolerant,20,-0.39008622660914477,True
E21A,-0.6483732950759971,21,True,neutral,tolerant,21,-0.25289306888677837,True
E21C,-1.58896585143019,21,True,neutral,tolerant,21,-0.6197640365144484,True
E21D,-0.3671885805840539,21,True,neutral,tolerant,21,-0.14321911113442337,True
E21E,0.0,21,True,neutral,tolerant,21,0.0,True
E21F,-1.92156967851683,21,True,neutral,tolerant,21,-0.7494936277764831,True
E21G,-0.8673784330871971,21,True,neutral,tolerant,21,-0.33831435609006,True
E21H,-0.476069334665611,21,True,neutral,tolerant,21,-0.1856872205576595,True
E21I,-1.58317176089618,21,True,neutral,tolerant,21,-0.6175040956012714,True
E21K,-0.902290880668982,21,True,neutral,tolerant,21,-0.3519316905459331,True
E21L,-1.58317176089618,21,True,neutral,tolerant,21,-0.6175040956012714,True
E21M,-1.58317176089618,21,True,neutral,tolerant,21,-0.6175040956012714,True
E21N,-1.31128324146054,21,True,neutral,tolerant,21,-0.5114560479760185,True
E21P,-0.763155875706902,21,True,neutral,tolerant,21,-0.29766314083598044,True
E21Q,-0.0499373308991345,21,True,neutral,tolerant,21,-0.01947767583736838,True
E21R,-0.8562349261265301,21,True,neutral,tolerant,21,-0.33396791601480375,True
E21S,-0.65224617558538,21,True,neutral,tolerant,21,-0.2544036564524412,True
E21T,-1.26500571514225,21,True,neutral,tolerant,21,-0.4934058510601365,True
E21V,-0.312682233748138,21,True,neutral,tolerant,21,-0.12195932540631713,True
E21W,-1.92156967851683,21,True,neutral,tolerant,21,-0.7494936277764831,True
E21Y,-1.92156967851683,21,True,neutral,tolerant,21,-0.7494936277764831,True
E22A,-0.6932853434472491,22,True,neutral,tolerant,22,-0.4264180918419978,True
E22C,-1.5294882877783602,22,True,neutral,tolerant,22,-0.940740321908677,True
E22D,-0.234245152878632,22,True,neutral,tolerant,22,-0.1440768538637706,True
E22E,0.0,22,True,neutral,tolerant,22,0.0,True
E22F,-1.82604437750913,22,True,neutral,tolerant,22,-1.1231426806233913,True
E22G,-0.7771749543702979,22,True,neutral,tolerant,22,-0.47801596298305404,True
E22H,-0.4507823657563189,22,True,neutral,tolerant,22,-0.2772621086810223,True
E22I,-0.6469404564136271,22,True,neutral,tolerant,22,-0.39791280396551504,True
E22K,-0.5761096857001,22,True,neutral,tolerant,22,-0.3543470162608765,True
E22L,-1.41888375760329,22,True,neutral,tolerant,22,-0.8727109410020795,True
E22M,-1.41888375760329,22,True,neutral,tolerant,22,-0.8727109410020795,True
E22N,-1.24163292764359,22,True,neutral,tolerant,22,-0.763689509345957,True
E22P,-0.918398046456738,22,True,neutral,tolerant,22,-0.5648778619409808,True
E22Q,-0.387578386306885,22,True,neutral,tolerant,22,-0.23838732131044646,True
E22R,-1.3471462764284798,22,True,neutral,tolerant,22,-0.8285874641029298,True
E22S,-1.5294882877783602,22,True,neutral,tolerant,22,-0.940740321908677,True
E22T,-0.7566327088189579,22,True,neutral,tolerant,22,-0.4653810714006119,True
E22V,-0.570215403040984,22,True,neutral,tolerant,22,-0.35072162768453646,True
E22W,-1.82604437750913,22,True,neutral,tolerant,22,-1.1231426806233913,True
E22Y,-1.82604437750913,22,True,neutral,tolerant,22,-1.1231426806233913,True
E23A,-0.723288650720433,23,True,neutral,tolerant,23,-0.41606187844033415,True
E23C,-1.52039431041917,23,True,neutral,tolerant,23,-0.8745859791010349,True
E23D,-1.03070032343351,23,True,neutral,tolerant,23,-0.5928962278748106,True
E23E,0.0,23,True,neutral,tolerant,23,0.0,True
E23F,-1.75404735210842,23,True,neutral,tolerant,23,-1.0089916874329667,True
E23G,-0.409379372012109,23,True,neutral,tolerant,23,-0.23548987025363627,True
E23H,-1.27924409710474,23,True,neutral,tolerant,23,-0.7358676255945176,True
E23I,-1.46859991047629,23,True,neutral,tolerant,23,-0.8447919607496339,True
E23K,-0.831874707642689,23,True,neutral,tolerant,23,-0.47852451872993734,True
E23L,-1.46859991047629,23,True,neutral,tolerant,23,-0.8447919607496339,True
E23M,-1.46859991047629,23,True,neutral,tolerant,23,-0.8447919607496339,True
E23N,-1.27924409710474,23,True,neutral,tolerant,23,-0.7358676255945176,True
E23P,-0.787612715755606,23,True,neutral,tolerant,23,-0.453063414826665,True
E23Q,-0.0453329095451172,23,True,neutral,tolerant,23,-0.026077134601407592,True
E23R,-1.69775436836941,23,True,neutral,tolerant,23,-0.9766099204383724,True
E23S,-1.52039431041917,23,True,neutral,tolerant,23,-0.8745859791010349,True
E23T,-0.711290285890367,23,True,neutral,tolerant,23,-0.4091599835959489,True
E23V,-0.6250097780024749,23,True,neutral,tolerant,23,-0.3595283045299686,True
E23W,-1.75404735210842,23,True,neutral,tolerant,23,-1.0089916874329667,True
E23Y,-0.7077990887662859,23,True,neutral,tolerant,23,-0.4071517203223529,True
E24A,-0.92951463444902,24,True,neutral,tolerant,24,-0.3681929926721092,True
E24C,-1.76809023058055,24,True,neutral,tolerant,24,-0.7003638341828353,True
E24D,-0.12704798093413,24,True,neutral,tolerant,24,-0.05032537905206266,True
E24E,0.0,24,True,neutral,tolerant,24,0.0,True
E24F,-1.9833880484029904,24,True,neutral,tolerant,24,-0.785646136281078,True
E24G,-1.62328231933305,24,True,neutral,tolerant,24,-0.643003512753987,True
E24H,-1.3948636180408898,24,True,neutral,tolerant,24,-0.5525238558512321,True
E24I,-1.62646304622013,24,True,neutral,tolerant,24,-0.6442634405787069,True
E24K,-1.2357687534046,24,True,neutral,tolerant,24,-0.489504283960444,True
E24L,-1.62646304622013,24,True,neutral,tolerant,24,-0.6442634405787069,True
E24M,-1.62646304622013,24,True,neutral,tolerant,24,-0.6442634405787069,True
E24N,-1.3948636180408898,24,True,neutral,tolerant,24,-0.5525238558512321,True
E24P,-0.791437821411016,24,True,neutral,tolerant,24,-0.3134989479234482,True
E24Q,-0.411655038171578,24,True,neutral,tolerant,24,-0.16306198400285385,True
E24R,-1.93466736101271,24,True,neutral,tolerant,24,-0.7663472301310926,True
E24S,-1.76809023058055,24,True,neutral,tolerant,24,-0.7003638341828353,True
E24T,-1.42348107710711,24,True,neutral,tolerant,24,-0.5638596084104255,True
E24V,-0.7190213711157919,24,True,neutral,tolerant,24,-0.28481383790504106,True
E24W,-1.9833880484029904,24,True,neutral,tolerant,24,-0.785646136281078,True
E24Y,-1.9833880484029904,24,True,neutral,tolerant,24,-0.785646136281078,True
A25A,0.0,25,True,neutral,tolerant,25,0.0,True
A25C,-0.859949207926672,25,True,neutral,tolerant,25,-0.5163586011593347,True
A25D,-0.00835918909212042,25,True,neutral,tolerant,25,-0.00501929549634718,True
A25E,-0.0178200686616378,25,True,neutral,tolerant,25,-0.010700103729232356,True
A25F,-0.566683852691605,25,True,neutral,tolerant,25,-0.34026670270550535,True
A25G,-0.33389864891653004,25,True,neutral,tolerant,25,-0.20049025883658098,True
A25H,-0.304750865489102,25,True,neutral,tolerant,25,-0.1829884011236481,True
A25I,-0.3387986024998469,25,True,neutral,tolerant,25,-0.2034324479271754,True
A25K,-0.8992811351205758,25,True,neutral,tolerant,25,-0.5399755528578085,True
A25L,-0.891083564690288,25,True,neutral,tolerant,25,-0.5350533016814931,True
A25M,-0.8443777854132151,25,True,neutral,tolerant,25,-0.5070087024990464,True
A25N,-0.847295030316965,25,True,neutral,tolerant,25,-0.5087603693229177,True
A25P,-0.367595628023854,25,True,neutral,tolerant,25,-0.2207236922007487,True
A25Q,-0.27234231502905304,25,True,neutral,tolerant,25,-0.16352860788597634,True
A25R,-1.12118199559024,25,True,neutral,tolerant,25,-0.6732164662187506,True
A25S,-0.25041748242999395,25,True,neutral,tolerant,25,-0.15036378863019995,True
A25T,-0.256703325823759,25,True,neutral,tolerant,25,-0.15413813864063441,True
A25V,-0.238238892014648,25,True,neutral,tolerant,25,-0.14305112428561373,True
A25W,-1.08334003338165,25,True,neutral,tolerant,25,-0.6504941676329276,True
A25Y,-0.7463480147706909,25,True,neutral,tolerant,25,-0.448146487411966,True
W26A,-0.4117246938786821,26,True,neutral,tolerant,26,-0.17332958732382034,True
W26C,-1.30534958479869,26,True,neutral,tolerant,26,-0.5495315394250926,True
W26D,-0.31020020509275,26,True,neutral,tolerant,26,-0.13058938250697594,True
W26E,-0.284868553552754,26,True,neutral,tolerant,26,-0.11992515766708307,True
W26F,-1.2657783697668,26,True,neutral,tolerant,26,-0.5328726834629562,True
W26G,-0.5893908682194521,26,True,neutral,tolerant,26,-0.2481242380643016,True
W26H,-0.447190062079726,26,True,neutral,tolerant,26,-0.18825994667794158,True
W26I,-0.418743382205793,26,True,neutral,tolerant,26,-0.17628434415375951,True
W26K,-0.7487733975140899,26,True,neutral,tolerant,26,-0.31522176327955237,True
W26L,-0.4117952446922629,26,True,neutral,tolerant,26,-0.17335928810102688,True
W26M,-0.505300643761899,26,True,neutral,tolerant,26,-0.2127235829180503,True
W26N,-1.25524217960326,26,True,neutral,tolerant,26,-0.5284371139667292,True
W26P,-0.4845191151355739,26,True,neutral,tolerant,26,-0.20397488789365018,True
W26Q,-0.22770350213916,26,True,neutral,tolerant,26,-0.09585957472251769,True
W26R,-1.60767265907171,26,True,neutral,tolerant,26,-0.6768047743835277,True
W26S,-0.154861759647881,26,True,neutral,tolerant,26,-0.06519435266109423,True
W26T,-0.522683513272466,26,True,neutral,tolerant,26,-0.2200414961828257,True
W26V,-0.3735591325085629,26,True,neutral,tolerant,26,-0.15726248933184533,True
W26W,0.0,26,True,neutral,tolerant,26,0.0,True
W26Y,-0.259545929961004,26,True,neutral,tolerant,26,-0.1092647334506824,True
R27A,-0.338984168838303,27,True,neutral,tolerant,27,-0.1496181024454866,True
R27C,-0.941678467290154,27,True,neutral,tolerant,27,-0.41563045812010546,True
R27D,-0.468232005456589,27,True,neutral,tolerant,27,-0.2066644716794329,True
R27E,0.0682452497788839,27,True,neutral,tolerant,27,0.030121538736829427,True
R27F,-1.18348778122261,27,True,neutral,tolerant,27,-0.5223583057013197,True
R27G,-0.482623428097483,27,True,neutral,tolerant,27,-0.21301644190388505,True
R27H,-0.22482113664464606,27,True,neutral,tolerant,27,-0.09922974270357311,True
R27I,-0.141785726735834,27,True,neutral,tolerant,27,-0.06258024220059909,True
R27K,-0.354674518024894,27,True,neutral,tolerant,27,-0.156543382407822,True
R27L,-0.161700958197551,27,True,neutral,tolerant,27,-0.07137026667659777,True
R27M,-0.893424028300322,27,True,neutral,tolerant,27,-0.39433230245409845,True
R27N,-0.638333735120419,27,True,neutral,tolerant,27,-0.28174260321051714,True
R27P,-0.302140357685866,27,True,neutral,tolerant,27,-0.13335627779928322,True
R27Q,0.0755954982893176,27,True,neutral,tolerant,27,0.03336573222941235,True
R27R,0.0,27,True,neutral,tolerant,27,0.0,True
R27S,-0.941678467290154,27,True,neutral,tolerant,27,-0.41563045812010546,True
R27T,-0.7142276214343779,27,True,neutral,tolerant,27,-0.3152400355431888,True
R27V,-0.29487714111074603,27,True,neutral,tolerant,27,-0.1301504977614006,True
R27W,-1.18348778122261,27,True,neutral,tolerant,27,-0.5223583057013197,True
R27Y,-1.18348778122261,27,True,neutral,tolerant,27,-0.5223583057013197,True
Q28A,-0.6069318343455601,28,True,neutral,tolerant,28,-0.24646070318166602,True
Q28C,-1.2742086246447,28,True,neutral,tolerant,28,-0.5174260697145678,True
Q28D,-0.19714458637203,28,True,neutral,tolerant,28,-0.08005576678656327,True
Q28E,-0.0263120936185419,28,True,neutral,tolerant,28,-0.010684720636544253,True
Q28F,-1.48779641787083,28,True,neutral,tolerant,28,-0.6041590349845373,True
Q28G,-0.487302979410346,28,True,neutral,tolerant,28,-0.19788224669002052,True
Q28H,-1.07679385161013,28,True,neutral,tolerant,28,-0.4372605864968147,True
Q28I,-1.35177899136955,28,True,neutral,tolerant,28,-0.5489255661113597,True
Q28K,-0.8839708340561471,28,True,neutral,tolerant,28,-0.35895970688121737,True
Q28L,-1.14256918696172,28,True,neutral,tolerant,28,-0.46397039884376917,True
Q28M,-1.35177899136955,28,True,neutral,tolerant,28,-0.5489255661113597,True
Q28N,-0.4353935375874821,28,True,neutral,tolerant,28,-0.17680304667207142,True
Q28P,-0.644018041159365,28,True,neutral,tolerant,28,-0.2615205370747536,True
Q28Q,0.0,28,True,neutral,tolerant,28,0.0,True
Q28R,-1.42350008540209,28,True,neutral,tolerant,28,-0.5780498108253946,True
Q28S,-0.602415997953652,28,True,neutral,tolerant,28,-0.24462692853083867,True
Q28T,-0.6860724451780489,28,True,neutral,tolerant,28,-0.27859783867569327,True
Q28V,-0.5915749847505191,28,True,neutral,tolerant,28,-0.24022464875896465,True
Q28W,-1.48779641787083,28,True,neutral,tolerant,28,-0.6041590349845373,True
Q28Y,-1.48779641787083,28,True,neutral,tolerant,28,-0.6041590349845373,True
D29A,-0.252134657837816,29,True,neutral,tolerant,29,-0.14221913368334801,True
D29C,-1.35049345174052,29,True,neutral,tolerant,29,-0.7617596501751708,True
D29D,0.0,29,True,neutral,tolerant,29,0.0,True
D29E,-0.0414028651375467,29,True,neutral,tolerant,29,-0.023353709729417603,True
D29F,-0.8719392886956758,29,True,neutral,tolerant,29,-0.49182627777629856,True
D29G,-1.43055532566196,29,True,neutral,tolerant,29,-0.8069193693816308,True
D29H,-0.153059685841953,29,True,neutral,tolerant,29,-0.08633488195934609,True
D29I,-1.35049345174052,29,True,neutral,tolerant,29,-0.7617596501751708,True
D29K,-0.7233059216893001,29,True,neutral,tolerant,29,-0.4079881062478009,True
D29L,-1.35049345174052,29,True,neutral,tolerant,29,-0.7617596501751708,True
D29M,-0.7299653803127151,29,True,neutral,tolerant,29,-0.41174444202624594,True
D29N,-0.27069737703715896,29,True,neutral,tolerant,29,-0.15268962538796702,True
D29P,-0.630309209027833,29,True,neutral,tolerant,29,-0.35553235889623863,True
D29Q,-0.21236187009803,29,True,neutral,tolerant,29,-0.11978488578965889,True
D29R,-1.08498810840786,29,True,neutral,tolerant,29,-0.6119986445249296,True
D29S,-1.35049345174052,29,True,neutral,tolerant,29,-0.7617596501751708,True
D29T,-1.35049345174052,29,True,neutral,tolerant,29,-0.7617596501751708,True
D29V,-0.4699286610581479,29,True,neutral,tolerant,29,-0.2650680697441256,True
D29W,-1.59307405547645,29,True,neutral,tolerant,29,-0.8985897218819296,True
D29Y,-1.59307405547645,29,True,neutral,tolerant,29,-0.8985897218819296,True
G30A,0.04924285178407599,30,True,neutral,tolerant,30,0.034687982499524636,True
G30C,-0.6587506452260561,30,True,neutral,tolerant,30,-0.46404158218434866,True
G30D,0.0870983412722834,30,True,neutral,tolerant,30,0.06135440228032446,True
G30E,0.0878625347744668,30,True,neutral,tolerant,30,0.06189272063252356,True
G30F,-0.313687927249136,30,True,neutral,tolerant,30,-0.2209701700145831,True
G30G,0.0,30,True,neutral,tolerant,30,0.0,True
G30H,-0.17308840606997106,30,True,neutral,tolerant,30,-0.12192810495527302,True
G30I,-0.231969716850661,30,True,neutral,tolerant,30,-0.16340567589014998,True
G30K,-0.955002522153694,30,True,neutral,tolerant,30,-0.6727293317764707,True
G30L,-0.317127042225953,30,True,neutral,tolerant,30,-0.22339277463246307,True
G30M,-0.731505758824757,30,True,neutral,tolerant,30,-0.5152922310770836,True
G30N,-0.636014071206797,30,True,neutral,tolerant,30,-0.4480253310310341,True
G30P,-0.29758375198496,30,True,neutral,tolerant,30,-0.2096259580225055,True
G30Q,0.0767203186896915,30,True,neutral,tolerant,30,0.05404384546482676,True
G30R,-0.955002522153694,30,True,neutral,tolerant,30,-0.6727293317764707,True
G30S,-0.19662990055459,30,True,neutral,tolerant,30,-0.13851136362347205,True
G30T,-0.18341110282580106,30,True,neutral,tolerant,30,-0.12919968877792082,True
G30V,-0.125348136638264,30,True,neutral,tolerant,30,-0.0882985816727656,True
G30W,-0.735502060043004,30,True,neutral,tolerant,30,-0.5181073325933245,True
G30Y,-0.23254381915769606,30,True,neutral,tolerant,30,-0.16381008891778476,True
D31A,-0.393148904097076,31,True,neutral,tolerant,31,-0.1813267750333979,True
D31C,-1.98874657908205,31,True,neutral,tolerant,31,-0.9172428049159925,True
D31D,0.0,31,True,neutral,tolerant,31,0.0,True
D31E,-0.0650442391742639,31,True,neutral,tolerant,31,-0.02999947857175776,True
D31F,-2.40124697004161,31,True,neutral,tolerant,31,-1.1074948056547353,True
D31G,-1.37945062496176,31,True,neutral,tolerant,31,-0.6362254365596781,True
D31H,-0.5377789533667129,31,True,neutral,tolerant,31,-0.2480325451212351,True
D31I,-1.09341017634986,31,True,neutral,tolerant,31,-0.5042988521653456,True
D31K,-1.12775723271149,31,True,neutral,tolerant,31,-0.5201402824657768,True
D31L,-2.03158646864425,31,True,neutral,tolerant,31,-0.9370012703120517,True
D31M,-2.03158646864425,31,True,neutral,tolerant,31,-0.9370012703120517,True
D31N,-0.685753082478818,31,True,neutral,tolerant,31,-0.3162806601246243,True
D31P,-0.292208306847751,31,True,neutral,tolerant,31,-0.13477130259426895,True
D31Q,-0.430966390228731,31,True,neutral,tolerant,31,-0.19876882492508488,True
D31R,-2.30135059837931,31,True,neutral,tolerant,31,-1.0614209473219396,True
D31S,-0.739668723556973,31,True,neutral,tolerant,31,-0.34114744525025714,True
D31T,-0.899788079275374,31,True,neutral,tolerant,31,-0.4149971395779668,True
D31V,-0.833335714212661,31,True,neutral,tolerant,31,-0.384348210064002,True
D31W,-2.40124697004161,31,True,neutral,tolerant,31,-1.1074948056547353,True
D31Y,-2.40124697004161,31,True,neutral,tolerant,31,-1.1074948056547353,True
E32A,-0.922311699737053,32,True,neutral,tolerant,32,-0.40103467750753086,True
E32C,-2.34015417803377,32,True,neutral,tolerant,32,-1.0175334177949076,True
E32D,-0.0728462130032983,32,True,neutral,tolerant,32,-0.031674603659209113,True
E32E,0.0,32,True,neutral,tolerant,32,0.0,True
E32F,-2.5630040304785,32,True,neutral,tolerant,32,-1.1144318077136868,True
E32G,-0.6733351881877309,32,True,neutral,tolerant,32,-0.29277603236121136,True
E32H,-0.639005196715871,32,True,neutral,tolerant,32,-0.2778488476982838,True
E32I,-2.44896745633278,32,True,neutral,tolerant,32,-1.0648470298672923,True
E32K,-1.10899480269674,32,True,neutral,tolerant,32,-0.482207233393884,True
E32L,-1.25457967953937,32,True,neutral,tolerant,32,-0.5455096767557137,True
E32M,-2.44896745633278,32,True,neutral,tolerant,32,-1.0648470298672923,True
E32N,-1.90981160486091,32,True,neutral,tolerant,32,-0.8304141444523473,True
E32P,-1.35460428847017,32,True,neutral,tolerant,32,-0.58900184626502,True
E32Q,-0.4345909382004289,32,True,neutral,tolerant,32,-0.18896652487287374,True
E32R,-1.3617961937326002,32,True,neutral,tolerant,32,-0.5921289923354923,True
E32S,-2.34015417803377,32,True,neutral,tolerant,32,-1.0175334177949076,True
E32T,-1.12296043984353,32,True,neutral,tolerant,32,-0.4882796976063047,True
E32V,-1.19135896207044,32,True,neutral,tolerant,32,-0.5180203799711502,True
E32W,-2.5630040304785,32,True,neutral,tolerant,32,-1.1144318077136868,True
E32Y,-1.2670932957806005,32,True,neutral,tolerant,32,-0.550950780945529,True
Q33A,-0.495988562834037,33,True,neutral,tolerant,33,-0.21010887111817406,True
Q33C,-1.8663722102783304,33,True,neutral,tolerant,33,-0.7906258078759894,True
Q33D,-0.45377514816109,33,True,neutral,tolerant,33,-0.19222657792113504,True
Q33E,-0.0702178617703361,33,True,neutral,tolerant,33,-0.029745435226565805,True
Q33F,-2.14931010415523,33,True,neutral,tolerant,33,-0.9104829294582887,True
Q33G,-1.07764595659834,33,True,neutral,tolerant,33,-0.45650846082454033,True
Q33H,-0.0419542424356647,33,True,neutral,tolerant,33,-0.017772503596469588,True
Q33I,-1.99629538458953,33,True,neutral,tolerant,33,-0.845663390457808,True
Q33K,-1.83655319161057,33,True,neutral,tolerant,33,-0.7779939836372692,True
Q33L,-1.99629538458953,33,True,neutral,tolerant,33,-0.845663390457808,True
Q33M,-1.99629538458953,33,True,neutral,tolerant,33,-0.845663390457808,True
Q33N,-1.61681595140425,33,True,neutral,tolerant,33,-0.6849096931073251,True
Q33P,-0.7747293595607329,33,True,neutral,tolerant,33,-0.328188033670201,True
Q33Q,0.0,33,True,neutral,tolerant,33,0.0,True
Q33R,-0.9822485456547329,33,True,neutral,tolerant,33,-0.4160965565531413,True
Q33S,-0.869275193268797,33,True,neutral,tolerant,33,-0.36823919589019555,True
Q33T,-0.8625879499967299,33,True,neutral,tolerant,33,-0.3654063702162359,True
Q33V,-0.747397168856055,33,True,neutral,tolerant,33,-0.3166096704488134,True
Q33W,-2.14931010415523,33,True,neutral,tolerant,33,-0.9104829294582887,True
Q33Y,-1.0826168907899498,33,True,neutral,tolerant,33,-0.4586142298879115,True
E34A,-0.817171109359045,34,True,neutral,tolerant,34,-0.3362905545685022,True
E34C,-1.2684791601083705,34,True,neutral,tolerant,34,-0.5220174273488712,True
E34D,-0.0578247852072031,34,True,neutral,tolerant,34,-0.02379664290920347,True
E34E,0.0,34,True,neutral,tolerant,34,0.0,True
E34F,-3.0112240469421696,34,True,neutral,tolerant,34,-1.2392095034667454,True
E34G,-0.839593064139763,34,True,neutral,tolerant,34,-0.3455178651297282,True
E34H,-2.10390381269749,34,True,neutral,tolerant,34,-0.8658198654205685,True
E34I,-2.48737306954107,34,True,neutral,tolerant,34,-1.0236290287242584,True
E34K,-1.70133953944389,34,True,neutral,tolerant,34,-0.7001525270242019,True
E34L,-1.2341670226085202,34,True,neutral,tolerant,34,-0.5078969480317476,True
E34M,-2.48737306954107,34,True,neutral,tolerant,34,-1.0236290287242584,True
E34N,-2.10390381269749,34,True,neutral,tolerant,34,-0.8658198654205685,True
E34P,-1.5266105951733402,34,True,neutral,tolerant,34,-0.6282462972334782,True
E34Q,-0.6209084480544009,34,True,neutral,tolerant,34,-0.2555225508354804,True
E34R,-3.0112240469421696,34,True,neutral,tolerant,34,-1.2392095034667454,True
E34S,-1.50100633875485,34,True,neutral,tolerant,34,-0.6177093735810477,True
E34T,-1.22870900819003,34,True,neutral,tolerant,34,-0.5056508105036152,True
E34V,-1.11255588695774,34,True,neutral,tolerant,34,-0.4578502983382901,True
E34W,-3.0112240469421696,34,True,neutral,tolerant,34,-1.2392095034667454,True
E34Y,-1.7141482328905702,34,True,neutral,tolerant,34,-0.7054236906436067,True
E35A,-0.534054268415215,35,True,neutral,tolerant,35,-0.21745440511188643,True
E35C,-2.7551614906283395,35,True,neutral,tolerant,35,-1.1218373082376718,True
E35D,-0.397887073214961,35,True,neutral,tolerant,35,-0.1620103085486433,True
E35E,0.0,35,True,neutral,tolerant,35,0.0,True
E35F,-3.48851770236111,35,True,mild,tolerant,35,-1.4204428024521114,True
E35G,-1.873691604475,35,True,neutral,tolerant,35,-0.7629233905822281,True
E35H,-0.839065310070236,35,True,neutral,tolerant,35,-0.34164776623316195,True
E35I,-2.85285410446613,35,True,neutral,tolerant,35,-1.1616154552955764,True
E35K,-1.9330365148246005,35,True,neutral,tolerant,35,-0.7870872498371783,True
E35L,-1.32992055797029,35,True,neutral,tolerant,35,-0.5415125407342561,True
E35M,-2.85285410446613,35,True,neutral,tolerant,35,-1.1616154552955764,True
E35N,-2.29242399542872,35,True,neutral,tolerant,35,-0.9334214248852247,True
E35P,-1.00799473130609,35,True,neutral,tolerant,35,-0.4104318748402253,True
E35Q,-0.198825417355522,35,True,neutral,tolerant,35,-0.08095705887805581,True
E35R,-3.3516349971441297,35,True,neutral,tolerant,35,-1.3647073669477894,True
E35S,-2.7551614906283395,35,True,neutral,tolerant,35,-1.1218373082376718,True
E35T,-1.15798274914502,35,True,neutral,tolerant,35,-0.4715034870751784,True
E35V,-1.36593946272044,35,True,neutral,tolerant,35,-0.5561785961680384,True
E35W,-3.48851770236111,35,True,mild,tolerant,35,-1.4204428024521114,True
E35Y,-3.48851770236111,35,True,mild,tolerant,35,-1.4204428024521114,True
A36A,0.0,36,True,neutral,tolerant,36,0.0,True
A36C,-0.7588898234312751,36,True,neutral,tolerant,36,-0.4407728208488631,True
A36D,-0.20518249893639695,36,True,neutral,tolerant,36,-0.11917259403492932,True
A36E,0.0230667790480837,36,True,neutral,tolerant,36,0.01339747741371847,True
A36F,-2.2342099976158,36,True,neutral,tolerant,36,-1.2976574630625934,True
A36G,-0.513097467388675,36,True,neutral,tolerant,36,-0.2980135074795805,True
A36H,-0.5963205752164561,36,True,neutral,tolerant,36,-0.34635054253323627,True
A36I,-0.801899532563572,36,True,neutral,tolerant,36,-0.4657534046342885,True
A36K,-2.49824138214169,36,True,neutral,tolerant,36,-1.4510102351737173,True
A36L,-0.843085451001465,36,True,neutral,tolerant,36,-0.48967470768594984,True
A36M,-0.869355929675381,36,True,neutral,tolerant,36,-0.5049329344174622,True
A36N,-1.72905541188996,36,True,neutral,tolerant,36,-1.0042572818500155,True
A36P,-0.9410240982846032,36,True,neutral,tolerant,36,-0.5465587144287547,True
A36Q,-0.255772857330313,36,True,neutral,tolerant,36,-0.14855611492102896,True
A36R,-2.49824138214169,36,True,neutral,tolerant,36,-1.4510102351737173,True
A36S,-0.61398746516841,36,True,neutral,tolerant,36,-0.3566116959698976,True
A36T,-0.545268305302126,36,True,neutral,tolerant,36,-0.31669873758593403,True
A36V,-0.230583858227653,36,True,neutral,tolerant,36,-0.13392602522152677,True
A36W,-2.2342099976158,36,True,neutral,tolerant,36,-1.2976574630625934,True
A36Y,-1.02362235349272,36,True,neutral,tolerant,36,-0.5945328271671013,True
V37A,-0.14141416619754502,37,True,neutral,tolerant,37,-0.06322859021135345,True
V37C,-1.63854319170948,37,True,neutral,tolerant,37,-0.7326195019774505,True
V37D,-0.7191395997787491,37,True,neutral,tolerant,37,-0.3215390952816481,True
V37E,-0.147322264503864,37,True,neutral,tolerant,37,-0.06587019774462417,True
V37F,-1.78614051329169,37,True,neutral,tolerant,37,-0.7986126822475114,True
V37G,-1.05157667411204,37,True,neutral,tolerant,37,-0.4701771568653666,True
V37H,-0.662245944425875,37,True,neutral,tolerant,37,-0.29610100999882233,True
V37I,-0.25902393468297,37,True,neutral,tolerant,37,-0.11581384426595172,True
V37K,-1.13190504624869,37,True,neutral,tolerant,37,-0.5060932879061443,True
V37L,-0.42973026162546,37,True,neutral,tolerant,37,-0.19213943938104283,True
V37M,-1.53462858110024,37,True,neutral,tolerant,37,-0.6861575773495765,True
V37N,-1.55636917421316,37,True,neutral,tolerant,37,-0.6958781526628611,True
V37P,-0.654976414695213,37,True,neutral,tolerant,37,-0.2928506841741295,True
V37Q,-0.5357981914544679,37,True,neutral,tolerant,37,-0.23956414830558168,True
V37R,-2.08023574680321,37,True,neutral,tolerant,37,-0.9301074787223995,True
V37S,-0.6916115876906771,37,True,neutral,tolerant,37,-0.3092308701409047,True
V37T,-0.384881776611636,37,True,neutral,tolerant,37,-0.1720869470686543,True
V37V,0.0,37,True,neutral,tolerant,37,0.0,True
V37W,-1.78614051329169,37,True,neutral,tolerant,37,-0.7986126822475114,True
V37Y,-0.737367730215303,37,True,neutral,tolerant,37,-0.3296891909947039,True
E38A,-0.613140924541317,38,True,neutral,tolerant,38,-0.21914371400964097,True
E38C,-2.71410444052448,38,True,neutral,tolerant,38,-0.9700525662212808,True
E38D,-0.8177338002798701,38,True,neutral,tolerant,38,-0.2922675928027588,True
E38E,0.0,38,True,neutral,tolerant,38,0.0,True
E38F,-3.3255480959056096,38,True,neutral,tolerant,38,-1.188589656447465,True
E38G,-1.22756030775803,38,True,neutral,tolerant,38,-0.43874436405326744,True
E38H,-0.7818730786753209,38,True,neutral,tolerant,38,-0.27945055286146697,True
E38I,-2.84969869110934,38,True,neutral,tolerant,38,-1.018515532045572,True
E38K,-1.35665411512633,38,True,neutral,tolerant,38,-0.4848839956942282,True
E38L,-2.84969869110934,38,True,neutral,tolerant,38,-1.018515532045572,True
E38M,-2.84969869110934,38,True,neutral,tolerant,38,-1.018515532045572,True
E38N,-0.7124474712657621,38,True,neutral,tolerant,38,-0.2546370314569261,True
E38P,-1.55975532823494,38,True,neutral,tolerant,38,-0.5574747368746191,True
E38Q,-0.626049919212735,38,True,neutral,tolerant,38,-0.22375753918945832,True
E38R,-2.96454284505287,38,True,neutral,tolerant,38,-1.0595621714397825,True
E38S,-2.71410444052448,38,True,neutral,tolerant,38,-0.9700525662212808,True
E38T,-1.33928942912531,38,True,neutral,tolerant,38,-0.47867765449180144,True
E38V,-1.5020682691007798,38,True,neutral,tolerant,38,-0.5368567094636927,True
E38W,-3.3255480959056096,38,True,neutral,tolerant,38,-1.188589656447465,True
E38Y,-3.3255480959056096,38,True,neutral,tolerant,38,-1.188589656447465,True
E39A,-1.38280482023635,39,True,neutral,tolerant,39,-0.44548915019790486,True
E39C,-3.12412152431867,39,True,neutral,tolerant,39,-1.0064777202221686,True
E39D,-0.945240453925997,39,True,neutral,tolerant,39,-0.30452191111121557,True
E39E,0.0,39,True,neutral,tolerant,39,0.0,True
E39F,-3.62364768395048,39,True,mild,tolerant,39,-1.1674067834560982,True
E39G,-0.8169075602667841,39,True,neutral,tolerant,39,-0.2631777453243845,True
E39H,-2.46608544454566,39,True,neutral,tolerant,39,-0.7944825567055027,True
E39I,-3.07073228717468,39,True,neutral,tolerant,39,-0.9892776602159234,True
E39K,-1.91359657158766,39,True,neutral,tolerant,39,-0.6164908438433873,True
E39L,-3.07073228717468,39,True,neutral,tolerant,39,-0.9892776602159234,True
E39M,-3.07073228717468,39,True,neutral,tolerant,39,-0.9892776602159234,True
E39N,-0.794488938073899,39,True,neutral,tolerant,39,-0.25595528500087383,True
E39P,-0.431050907037861,39,True,neutral,tolerant,39,-0.13886884067666985,True
E39Q,-0.8172874581017591,39,True,neutral,tolerant,39,-0.26330013451567763,True
E39R,-3.53751067638398,39,True,mild,tolerant,39,-1.1396565892567232,True
E39S,-1.47745067942382,39,True,neutral,tolerant,39,-0.4759805852595572,True
E39T,-1.46032681512173,39,True,neutral,tolerant,39,-0.4704639023232492,True
E39V,-1.46077202720384,39,True,neutral,tolerant,39,-0.4706073333767244,True
E39W,-3.62364768395048,39,True,mild,tolerant,39,-1.1674067834560982,True
E39Y,-2.18092962571138,39,True,neutral,tolerant,39,-0.7026157787282908,True
E40A,-1.17138217308823,40,True,neutral,tolerant,40,-0.40122222088502313,True
E40C,-2.58688115958736,40,True,neutral,tolerant,40,-0.8860594158428324,True
E40D,-0.0544007480175261,40,True,neutral,tolerant,40,-0.018633362739211092,True
E40E,0.0,40,True,neutral,tolerant,40,0.0,True
E40F,-3.234064679872529,40,True,neutral,tolerant,40,-1.1077329356339216,True
E40G,-0.8363364079236629,40,True,neutral,tolerant,40,-0.2864622312882511,True
E40H,-1.47857900068154,40,True,neutral,tolerant,40,-0.5064433828998712,True
E40I,-1.3970399953013402,40,True,neutral,tolerant,40,-0.47851461500582926,True
E40K,-1.2513139711876202,40,True,neutral,tolerant,40,-0.4286004875938465,True
E40L,-2.70229900023507,40,True,neutral,tolerant,40,-0.9255923739314305,True
E40M,-2.70229900023507,40,True,neutral,tolerant,40,-0.9255923739314305,True
E40N,-2.09647444589035,40,True,neutral,tolerant,40,-0.7180851412406358,True
E40P,-1.40659508139193,40,True,neutral,tolerant,40,-0.48178742634792676,True
E40Q,-0.6899480334837129,40,True,neutral,tolerant,40,-0.23632123541693936,True
E40R,-1.7254790110165,40,True,neutral,tolerant,40,-0.59101165853101,True
E40S,-2.07552277047487,40,True,neutral,tolerant,40,-0.7109087662414341,True
E40T,-0.8742393171768349,40,True,neutral,tolerant,40,-0.2994447486749279,True
E40V,-1.28326209708402,40,True,neutral,tolerant,40,-0.43954337055703324,True
E40W,-3.234064679872529,40,True,neutral,tolerant,40,-1.1077329356339216,True
E40Y,-3.234064679872529,40,True,neutral,tolerant,40,-1.1077329356339216,True
A41A,0.0,41,True,neutral,tolerant,41,0.0,True
A41C,-0.7127886055303789,41,True,neutral,tolerant,41,-0.2954909854538531,True
A41D,-0.687657406728456,41,True,neutral,tolerant,41,-0.2850726894233052,True
A41E,-0.25923515807846104,41,True,neutral,tolerant,41,-0.10746756013010521,True
A41F,-2.20643641873562,41,True,neutral,tolerant,41,-0.9146920512685881,True
A41G,-1.37664262505396,41,True,neutral,tolerant,41,-0.5706958314692598,True
A41H,-0.7646242441079392,41,True,neutral,tolerant,41,-0.3169797744244846,True
A41I,-0.9950507891866908,41,True,neutral,tolerant,41,-0.4125045434117536,True
A41K,-0.9633175886953922,41,True,neutral,tolerant,41,-0.39934934618774454,True
A41L,-0.944470875957935,41,True,neutral,tolerant,41,-0.39153632325759674,True
A41M,-1.4783827546391202,41,True,neutral,tolerant,41,-0.612872840077516,True
A41N,-2.0665912730770297,41,True,neutral,tolerant,41,-0.8567183693368372,True
A41P,-0.180198772566758,41,True,neutral,tolerant,41,-0.07470253097509243,True
A41Q,-0.597385184455438,41,True,neutral,tolerant,41,-0.24764977369260968,True
A41R,-2.5698362399617203,41,True,neutral,tolerant,41,-1.0653417255965791,True
A41S,-0.7112271641598721,41,True,neutral,tolerant,41,-0.29484368014380796,True
A41T,-0.362324375643636,41,True,neutral,tolerant,41,-0.15020384161896794,True
A41V,-0.813804072395329,41,True,neutral,tolerant,41,-0.3373675805879668,True
A41W,-2.20643641873562,41,True,neutral,tolerant,41,-0.9146920512685881,True
A41Y,-0.914466803221462,41,True,neutral,tolerant,41,-0.37909794678560976,True
G42A,-0.24743787625581895,42,True,neutral,tolerant,42,-0.12679591037126292,True
G42C,-1.6961349346653798,42,True,neutral,tolerant,42,-0.8691594690662957,True
G42D,0.24095044242381405,42,True,neutral,tolerant,42,0.12347152005903785,True
G42E,0.24356123649309305,42,True,neutral,tolerant,42,0.12480938318579647,True
G42F,-2.08189359430745,42,True,neutral,tolerant,42,-1.0668358360520238,True
G42G,0.0,42,True,neutral,tolerant,42,0.0,True
G42H,-0.340718384159017,42,True,neutral,tolerant,42,-0.17459613844649735,True
G42I,-0.784000728737883,42,True,neutral,tolerant,42,-0.4017496740445599,True
G42K,-1.16383426816423,42,True,neutral,tolerant,42,-0.5963898000829438,True
G42L,-1.15543990174875,42,True,neutral,tolerant,42,-0.5920882301384124,True
G42M,-1.83683697620014,42,True,neutral,tolerant,42,-0.9412601664916586,True
G42N,-1.43974631533818,42,True,neutral,tolerant,42,-0.7377768816938867,True
G42P,-0.546663915987742,42,True,neutral,tolerant,42,-0.2801299055085762,True
G42Q,-0.216733414719577,42,True,neutral,tolerant,42,-0.1110618594173089,True
G42R,-2.15782271502403,42,True,neutral,tolerant,42,-1.1057446002664189,True
G42S,-0.538515411187408,42,True,neutral,tolerant,42,-0.27595432374253015,True
G42T,-0.28582221241336203,42,True,neutral,tolerant,42,-0.14646540042969047,True
G42V,-0.6186747991426469,42,True,neutral,tolerant,42,-0.3170308263555724,True
G42W,-2.08189359430745,42,True,neutral,tolerant,42,-1.0668358360520238,True
G42Y,-0.961554514959588,42,True,neutral,tolerant,42,-0.4927345075086576,True
G43A,-0.0549606549732198,43,True,neutral,tolerant,43,-0.023223313553327112,True
G43C,-0.713652808968612,43,True,neutral,tolerant,43,-0.30154995348884217,True
G43D,-0.411283575069932,43,True,neutral,tolerant,43,-0.1737855458206674,True
G43E,-0.17097431650263,43,True,neutral,tolerant,43,-0.07224422932443367,True
G43F,-2.2033892896427,43,True,neutral,tolerant,43,-0.9310296680115672,True
G43G,0.0,43,True,neutral,tolerant,43,0.0,True
G43H,-0.472405568929701,43,True,neutral,tolerant,43,-0.1996122982329448,True
G43I,-1.85456995386426,43,True,neutral,tolerant,43,-0.7836380328101091,True
G43K,-0.905783675016793,43,True,neutral,tolerant,43,-0.38273376302829026,True
G43L,-0.7286319349339129,43,True,neutral,tolerant,43,-0.3078792983486599,True
G43M,-0.821666194862018,43,True,neutral,tolerant,43,-0.34719039809019103,True
G43N,-1.0897875737378002,43,True,neutral,tolerant,43,-0.4604835685412477,True
G43P,-0.397846513097422,43,True,neutral,tolerant,43,-0.16810779136932147,True
G43Q,-0.35426856629798703,43,True,neutral,tolerant,43,-0.14969417670212715,True
G43R,-2.10124712111538,43,True,neutral,tolerant,43,-0.8878700730634618,True
G43S,-0.8464742273289829,43,True,neutral,tolerant,43,-0.3576728917377316,True
G43T,-0.520428752772656,43,True,neutral,tolerant,43,-0.2199042226424599,True
G43V,-0.7246783961936479,43,True,neutral,tolerant,43,-0.3062087529402193,True
G43W,-2.2033892896427,43,True,neutral,tolerant,43,-0.9310296680115672,True
G43Y,-2.11048211315418,43,True,neutral,tolerant,43,-0.8917722666578438,True
E44A,-1.18378245039931,44,True,neutral,tolerant,44,-0.2729478358878399,True
E44C,-2.5845894081920497,44,True,neutral,tolerant,44,-0.5959355837609265,True
E44D,-0.33038323738722497,44,True,neutral,tolerant,44,-0.07617733277600386,True
E44E,0.0,44,True,neutral,tolerant,44,0.0,True
E44F,-3.1034502379716,44,True,neutral,tolerant,44,-0.7155706911808123,True
E44G,-0.9604349078668052,44,True,neutral,tolerant,44,-0.22145000504522952,True
E44H,-0.7590897231871819,44,True,neutral,tolerant,44,-0.17502531577381586,True
E44I,-2.6730644062283195,44,True,neutral,tolerant,44,-0.6163354969679814,True
E44K,-1.12001177149944,44,True,neutral,tolerant,44,-0.2582440625780172,True
E44L,-2.6730644062283195,44,True,neutral,tolerant,44,-0.6163354969679814,True
E44M,-2.6730644062283195,44,True,neutral,tolerant,44,-0.6163354969679814,True
E44N,-2.01057239218277,44,True,neutral,tolerant,44,-0.4635829692837658,True
E44P,-1.1408495440167798,44,True,neutral,tolerant,44,-0.2630486826426351,True
E44Q,-0.563005153657561,44,True,neutral,tolerant,44,-0.12981358038607194,True
E44R,-0.7178223852254179,44,True,neutral,tolerant,44,-0.16551019702398465,True
E44S,-1.32219747064798,44,True,neutral,tolerant,44,-0.30486255148317765,True
E44T,-0.629276631976439,44,True,neutral,tolerant,44,-0.14509396960127277,True
E44V,-1.33737425910922,44,True,neutral,tolerant,44,-0.3083619035514784,True
E44W,-3.1034502379716,44,True,neutral,tolerant,44,-0.7155706911808123,True
E44Y,-3.1034502379716,44,True,neutral,tolerant,44,-0.7155706911808123,True
A45A,0.0,45,True,neutral,tolerant,45,0.0,True
A45C,-1.8471263224256496,45,True,neutral,tolerant,45,-0.530075070605903,True
A45D,-0.0653425040417971,45,True,neutral,tolerant,45,-0.018751523392313243,True
A45E,-0.0855871773111206,45,True,neutral,tolerant,45,-0.02456119460014805,True
A45F,-2.36478779869794,45,True,neutral,tolerant,45,-0.678629850132107,True
A45G,-0.4393936395560201,45,True,neutral,tolerant,45,-0.12609403682016837,True
A45H,-0.6839577925991739,45,True,neutral,tolerant,45,-0.196277304265452,True
A45I,-0.881842634151658,45,True,neutral,tolerant,45,-0.25306487752683254,True
A45K,-1.11695112398966,45,True,neutral,tolerant,45,-0.32053462652985043,True
A45L,-0.9201764503816658,45,True,neutral,tolerant,45,-0.2640656413067732,True
A45M,-2.06694663630936,45,True,neutral,tolerant,45,-0.5931575284691549,True
A45N,-1.02927694086301,45,True,neutral,tolerant,45,-0.29537451796177794,True
A45P,-0.223572795517177,45,True,neutral,tolerant,45,-0.06415931814219326,True
A45Q,-0.5251154424370611,45,True,neutral,tolerant,45,-0.15069386530128845,True
A45R,-1.17662481811033,45,True,neutral,tolerant,45,-0.3376593554887181,True
A45S,-0.936719352722132,45,True,neutral,tolerant,45,-0.26881300483014814,True
A45T,-0.134417546526323,45,True,neutral,tolerant,45,-0.038574183909655654,True
A45V,-0.304494739496902,45,True,neutral,tolerant,45,-0.08738171752432661,True
A45W,-2.36478779869794,45,True,neutral,tolerant,45,-0.678629850132107,True
A45Y,-1.11382432168076,45,True,neutral,tolerant,45,-0.31963731921819655,True
E46A,-0.534155551159316,46,True,neutral,tolerant,46,-0.1279257228863096,True
E46C,-2.61072805483047,46,True,neutral,tolerant,46,-0.6252472204939136,True
E46D,-0.155063378835922,46,True,neutral,tolerant,46,-0.03713636371975583,True
E46E,0.0,46,True,neutral,tolerant,46,0.0,True
E46F,-2.93520007643412,46,True,neutral,tolerant,46,-0.7029555169441531,True
E46G,-1.91856843705366,46,True,neutral,tolerant,46,-0.45948086411207956,True
E46H,-0.739739874225923,46,True,neutral,tolerant,46,-0.17716142414469507,True
E46I,-2.72499959065626,46,True,neutral,tolerant,46,-0.6526142838785699,True
E46K,-1.38122906600068,46,True,neutral,tolerant,46,-0.33079264337181563,True
E46L,-1.43350069568822,46,True,neutral,tolerant,46,-0.34331125522506883,True
E46M,-2.72499959065626,46,True,neutral,tolerant,46,-0.6526142838785699,True
E46N,-2.13083526737338,46,True,neutral,tolerant,46,-0.5103169691651877,True
E46P,-1.21360008854102,46,True,neutral,tolerant,46,-0.2906469253844647,True
E46Q,-0.390123547590015,46,True,neutral,tolerant,46,-0.09343127995601262,True
E46R,-1.09937957647297,46,True,neutral,tolerant,46,-0.26329208175691676,True
E46S,-1.24034368244026,46,True,neutral,tolerant,46,-0.2970517892386602,True
E46T,-2.2199643051380296,46,True,neutral,tolerant,46,-0.5316626175656538,True
E46V,-1.31440893486042,46,True,neutral,tolerant,46,-0.3147897888457821,True
E46W,-2.93520007643412,46,True,neutral,tolerant,46,-0.7029555169441531,True
E46Y,-1.5758389259456798,46,True,neutral,tolerant,46,-0.3774000538166474,True
A47A,0.0,47,True,neutral,tolerant,47,0.0,True
A47C,-1.34425105666723,47,True,neutral,tolerant,47,-0.39958017029779336,True
A47D,-0.0763812703588972,47,True,neutral,tolerant,47,-0.022704420328475357,True
A47E,-0.135499837819749,47,True,neutral,tolerant,47,-0.04027748239646117,True
A47F,-0.9300468526026948,47,True,neutral,tolerant,47,-0.27645749497811867,True
A47G,-0.5721978466524829,47,True,neutral,tolerant,47,-0.17008646701479171,True
A47H,-0.527473676029968,47,True,neutral,tolerant,47,-0.15679215593715795,True
A47I,-0.6838428511569561,47,True,neutral,tolerant,47,-0.203273072814008,True
A47K,-0.9141288867793028,47,True,neutral,tolerant,47,-0.27172586135733146,True
A47L,-0.457060071899874,47,True,neutral,tolerant,47,-0.1358616312483093,True
A47M,-1.4606904887039598,47,True,neutral,tolerant,47,-0.4341919251867706,True
A47N,-1.3836862327478603,47,True,neutral,tolerant,47,-0.41130232167410613,True
A47P,-0.141680782100481,47,True,neutral,tolerant,47,-0.04211477518194674,True
A47Q,-0.434660532376101,47,True,neutral,tolerant,47,-0.1292033424018107,True
A47R,-0.8661859280491759,47,True,neutral,tolerant,47,-0.25747476181833623,True
A47S,-0.047636578269733006,47,True,neutral,tolerant,47,-0.014160027595303656,True
A47T,-0.0328475683594993,47,True,neutral,tolerant,47,-0.00976397741616676,True
A47V,-0.5588313604830911,47,True,neutral,tolerant,47,-0.1661132636512099,True
A47W,-1.7273298424726695,47,True,neutral,tolerant,47,-0.5134507792963192,True
A47Y,-0.882384098285698,47,True,neutral,tolerant,47,-0.26228968652270596,True
E48A,-0.991601350727669,48,True,neutral,tolerant,48,-0.176434670656487,True
E48C,-2.31988708850168,48,True,neutral,tolerant,48,-0.41277526913377705,True
E48D,-0.050971571864394015,48,True,neutral,tolerant,48,-0.009069322554006559,True
E48E,0.0,48,True,neutral,tolerant,48,0.0,True
E48F,-2.76283586276671,48,True,neutral,tolerant,48,-0.49158871674333815,True
E48G,-0.676509686565678,48,True,neutral,tolerant,48,-0.12037071516446464,True
E48H,-0.537453212931674,48,True,neutral,tolerant,48,-0.09562853111009255,True
E48I,-1.26681005732299,48,True,neutral,tolerant,48,-0.22540229002722606,True
E48K,-1.14134567465806,48,True,neutral,tolerant,48,-0.20307853359187825,True
E48L,-1.25288355924204,48,True,neutral,tolerant,48,-0.22292436167375265,True
E48M,-2.44093495620488,48,True,neutral,tolerant,48,-0.4343131993274094,True
E48N,-1.5144575379424,48,True,neutral,tolerant,48,-0.2694659670784227,True
E48P,-1.01586319705981,48,True,neutral,tolerant,48,-0.18075155754252073,True
E48Q,-0.422017069577562,48,True,neutral,tolerant,48,-0.07508908961014718,True
E48R,-1.40148214893056,48,True,neutral,tolerant,48,-0.24936436522202626,True
E48S,-1.0677496990718,48,True,neutral,tolerant,48,-0.18998367273405883,True
E48T,-0.8456052232836581,48,True,neutral,tolerant,48,-0.15045772070194735,True
E48V,-1.22046022394368,48,True,neutral,tolerant,48,-0.21715530893824253,True
E48W,-2.76283586276671,48,True,neutral,tolerant,48,-0.49158871674333815,True
E48Y,-2.76283586276671,48,True,neutral,tolerant,48,-0.49158871674333815,True
E49A,-1.09568386167871,49,True,neutral,tolerant,49,-0.18340790958226597,True
E49C,-2.5951386455036403,49,True,neutral,tolerant,49,-0.43440354530616,True
E49D,-0.0803380554784734,49,True,neutral,tolerant,49,-0.0134478888761178,True
E49E,0.0,49,True,neutral,tolerant,49,0.0,True
E49F,-3.11445637333949,49,True,neutral,tolerant,49,-0.5213327976230248,True
E49G,-1.64658954361662,49,True,neutral,tolerant,49,-0.27562470955084406,True
E49H,-0.8558911374163841,49,True,neutral,tolerant,49,-0.14326870170654915,True
E49I,-1.5418583468417,49,True,neutral,tolerant,49,-0.25809362185269413,True
E49K,-1.08049231522262,49,True,neutral,tolerant,49,-0.18086497737683538,True
E49L,-2.6713169272421005,49,True,neutral,tolerant,49,-0.447155124386474,True
E49M,-2.6713169272421005,49,True,neutral,tolerant,49,-0.447155124386474,True
E49N,-2.10622548982472,49,True,neutral,tolerant,49,-0.35256375283814423,True
E49P,-0.8846305970621541,49,True,neutral,tolerant,49,-0.148079436262846,True
E49Q,-0.640959350400375,49,True,neutral,tolerant,49,-0.10729099760950156,True
E49R,-1.35015779161552,49,True,neutral,tolerant,49,-0.22600462307349767,True
E49S,-1.11078115902301,49,True,neutral,tolerant,49,-0.18593506530948237,True
E49T,-0.99616270853998,49,True,neutral,tolerant,49,-0.16674893768828786,True
E49V,-1.31570968130159,49,True,neutral,tolerant,49,-0.22023831025032872,True
E49W,-3.11445637333949,49,True,neutral,tolerant,49,-0.5213327976230248,True
E49Y,-2.47704878097492,49,True,neutral,tolerant,49,-0.4146363332903856,True
A50A,0.0,50,True,neutral,tolerant,50,0.0,True
A50C,-1.59499218640827,50,True,neutral,tolerant,50,-0.30539513120830813,True
A50D,-0.286861855276562,50,True,neutral,tolerant,50,-0.0549257950461331,True
A50E,-0.259221892885521,50,True,neutral,tolerant,50,-0.0496335371824673,True
A50F,-2.01907545030768,50,True,neutral,tolerant,50,-0.3865948794738187,True
A50G,-0.795934616818092,50,True,neutral,tolerant,50,-0.15239858778479048,True
A50H,-0.0320732900995983,50,True,neutral,tolerant,50,-0.00614111261592207,True
A50I,-1.70688535363869,50,True,neutral,tolerant,50,-0.3268194546494139,True
A50K,-0.9494152460263492,50,True,neutral,tolerant,50,-0.1817857141258543,True
A50L,-0.703001933042161,50,True,neutral,tolerant,50,-0.13460465161560983,True
A50M,-1.70688535363869,50,True,neutral,tolerant,50,-0.3268194546494139,True
A50N,-0.5428910527991,50,True,neutral,tolerant,50,-0.10394802288953585,True
A50P,-0.21069824649097305,50,True,neutral,tolerant,50,-0.0403426544536065,True
A50Q,-0.483271804443835,50,True,neutral,tolerant,50,-0.09253265149828296,True
A50R,-0.9765016027184392,50,True,neutral,tolerant,50,-0.18697197242004915,True
A50S,-0.138336096539643,50,True,neutral,tolerant,50,-0.026487383896660322,True
A50T,-0.0389745759291468,50,True,neutral,tolerant,50,-0.007462510369077906,True
A50V,-0.5844798844507789,50,True,neutral,tolerant,50,-0.11191108804264227,True
A50W,-2.01907545030768,50,True,neutral,tolerant,50,-0.3865948794738187,True
A50Y,-1.03191623099136,50,True,neutral,tolerant,50,-0.1975822799917606,True
N51A,-0.5015446748574871,51,True,neutral,tolerant,51,-0.11135397833296695,True
N51C,-0.17667222270597802,51,True,neutral,tolerant,51,-0.03922512957560296,True
N51D,-0.351549381695547,51,True,neutral,tolerant,51,-0.07805171541980233,True
N51E,-0.0370798385255448,51,True,neutral,tolerant,51,-0.008232541870645267,True
N51F,-1.65030082231936,51,True,neutral,tolerant,51,-0.36640317647404935,True
N51G,-0.6708597506203741,51,True,neutral,tolerant,51,-0.14894565904077722,True
N51H,-0.0657399246455873,51,True,neutral,tolerant,51,-0.014595713027310449,True
N51I,-0.657607479720147,51,True,neutral,tolerant,51,-0.1460033626499207,True
N51K,-0.232187874703735,51,True,neutral,tolerant,51,-0.0515508286002319,True
N51L,-0.6234696065537261,51,True,neutral,tolerant,51,-0.13842400196786905,True
N51M,-0.6490863244871129,51,True,neutral,tolerant,51,-0.14411147827200213,True
N51N,0.0,51,True,neutral,tolerant,51,0.0,True
N51P,-0.581257427881917,51,True,neutral,tolerant,51,-0.12905196740176866,True
N51Q,-0.320599560409983,51,True,neutral,tolerant,51,-0.07118017256109054,True
N51R,-0.239332796676002,51,True,neutral,tolerant,51,-0.053137158844325565,True
N51S,-0.188342944343126,51,True,neutral,tolerant,51,-0.04181628715230805,True
N51T,-0.17899015626848702,51,True,neutral,tolerant,51,-0.03973976194363723,True
N51V,-0.616673390666703,51,True,neutral,tolerant,51,-0.13691509216468,True
N51W,-1.65030082231936,51,True,neutral,tolerant,51,-0.36640317647404935,True
N51Y,-0.8553930040338199,51,True,neutral,tolerant,51,-0.18991611079196283,True
A52A,0.0,52,True,neutral,tolerant,52,0.0,True
A52C,-1.73800749744575,52,True,neutral,tolerant,52,-0.5580858490307818,True
A52D,-0.465561094776037,52,True,neutral,tolerant,52,-0.1494947859751077,True
A52E,-0.25302280370500096,52,True,neutral,tolerant,52,-0.08124731707853981,True
A52F,-1.60857025318486,52,True,neutral,tolerant,52,-0.5165226828961673,True
A52G,-0.434115544645766,52,True,neutral,tolerant,52,-0.13939740919826207,True
A52H,-0.597944770221594,52,True,neutral,tolerant,52,-0.1920040708990384,True
A52I,-0.7680446034513531,52,True,neutral,tolerant,52,-0.24662426671956167,True
A52K,-1.04399769949133,52,True,neutral,tolerant,52,-0.3352346542595904,True
A52L,-0.842216050376635,52,True,neutral,tolerant,52,-0.2704412151458326,True
A52M,-1.88143378192704,52,True,neutral,tolerant,52,-0.6041409896821931,True
A52N,-0.6862079650749511,52,True,neutral,tolerant,52,-0.22034597397500177,True
A52P,-0.742315917149068,52,True,neutral,tolerant,52,-0.2383626132108399,True
A52Q,-0.593630855096318,52,True,neutral,tolerant,52,-0.19061884385664957,True
A52R,-1.10060836177987,52,True,neutral,tolerant,52,-0.3534127171125563,True
A52S,-0.510994303493598,52,True,neutral,tolerant,52,-0.16408369361710373,True
A52T,-0.0630411811840612,52,True,neutral,tolerant,52,-0.020242945543512147,True
A52V,-0.209367911447367,52,True,neutral,tolerant,52,-0.0672294387634266,True
A52W,-2.12081447276771,52,True,neutral,tolerant,52,-0.6810077329417747,True
A52Y,-0.940755364424958,52,True,neutral,tolerant,52,-0.30208284892726894,True
E53A,-0.560038206108055,53,True,neutral,tolerant,53,-0.10078246428880254,True
E53C,-2.3679099447394303,53,True,neutral,tolerant,53,-0.42612056970762735,True
E53D,-0.0995462127316989,53,True,neutral,tolerant,53,-0.017913978939826634,True
E53E,0.0,53,True,neutral,tolerant,53,0.0,True
E53F,-2.9175434416160297,53,True,neutral,tolerant,53,-0.5250306398898889,True
E53G,-1.15919267066258,53,True,neutral,tolerant,53,-0.20860414996821194,True
E53H,-0.6685738656532441,53,True,neutral,tolerant,53,-0.12031415179310855,True
E53I,-1.85511773369669,53,True,neutral,tolerant,53,-0.3338403250147863,True
E53K,-0.622069391024451,53,True,neutral,tolerant,53,-0.1119453735518584,True
E53L,-1.17052596630023,53,True,neutral,tolerant,53,-0.21064364914955092,True
E53M,-2.43343310620971,53,True,neutral,tolerant,53,-0.43791188253047747,True
E53N,-1.39161846585974,53,True,neutral,tolerant,53,-0.250430661353999,True
E53P,-0.6690598714326971,53,True,neutral,tolerant,53,-0.12040161164777143,True
E53Q,-0.5538683274934151,53,True,neutral,tolerant,53,-0.09967215509138642,True
E53R,-1.2990997138183702,53,True,neutral,tolerant,53,-0.23378131900206867,True
E53S,-1.08608123127955,53,True,neutral,tolerant,53,-0.19544727790419872,True
E53T,-1.20190527194162,53,True,neutral,tolerant,53,-0.2162905562993117,True
E53V,-1.22027372523628,53,True,neutral,tolerant,53,-0.21959607718702853,True
E53W,-2.9175434416160297,53,True,neutral,tolerant,53,-0.5250306398898889,True
E53Y,-2.9175434416160297,53,True,neutral,tolerant,53,-0.5250306398898889,True
E54A,-0.903431032922837,54,True,neutral,tolerant,54,-0.1895599910217006,True
E54C,-2.4941648084050803,54,True,neutral,tolerant,54,-0.5233314347840102,True
E54D,-0.0484600913517863,54,True,neutral,tolerant,54,-0.010168008566006383,True
E54E,0.0,54,True,neutral,tolerant,54,0.0,True
E54F,-2.96783386571252,54,True,neutral,tolerant,54,-0.6227177730637188,True
E54G,-0.61790925958044,54,True,neutral,tolerant,54,-0.12965115147677037,True
E54H,-0.7292212504806851,54,True,neutral,tolerant,54,-0.15300689112564325,True
E54I,-2.44770765245185,54,True,neutral,tolerant,54,-0.5135836867606808,True
E54K,-1.42462617106156,54,True,neutral,tolerant,54,-0.29891836161750984,True
E54L,-2.44770765245185,54,True,neutral,tolerant,54,-0.5135836867606808,True
E54M,-2.44770765245185,54,True,neutral,tolerant,54,-0.5135836867606808,True
E54N,-1.9831766020814297,54,True,neutral,tolerant,54,-0.41611470625352226,True
E54P,-1.00531680803937,54,True,neutral,tolerant,54,-0.2109379002505267,True
E54Q,-0.576511255920136,54,True,neutral,tolerant,54,-0.12096492650088579,True
E54R,-2.78014694231646,54,True,neutral,tolerant,54,-0.583336868249387,True
E54S,-2.4941648084050803,54,True,neutral,tolerant,54,-0.5233314347840102,True
E54T,-0.873216036408743,54,True,neutral,tolerant,54,-0.18322021049700218,True
E54V,-1.17029375388344,54,True,neutral,tolerant,54,-0.2455537449949927,True
E54W,-2.96783386571252,54,True,neutral,tolerant,54,-0.6227177730637188,True
E54Y,-2.96783386571252,54,True,neutral,tolerant,54,-0.6227177730637188,True
A55A,0.0,55,True,neutral,tolerant,55,0.0,True
A55C,-1.53787892907837,55,True,neutral,tolerant,55,-0.3239941290413906,True
A55D,0.0220790071977823,55,True,neutral,tolerant,55,0.00465151617067219,True
A55E,0.0106660161411966,55,True,neutral,tolerant,55,0.002247073254381199,True
A55F,-1.47595974845528,55,True,neutral,tolerant,55,-0.3109492458470047,True
A55G,-0.410629557299889,55,True,neutral,tolerant,55,-0.08650977867013193,True
A55H,-0.500742248499889,55,True,neutral,tolerant,55,-0.10549435694146345,True
A55I,-0.632077536832197,55,True,neutral,tolerant,55,-0.13316354568646224,True
A55K,-0.61022430530154,55,True,neutral,tolerant,55,-0.12855959502257078,True
A55L,-0.539499408441176,55,True,neutral,tolerant,55,-0.11365955905319304,True
A55M,-0.634528626923539,55,True,neutral,tolerant,55,-0.13367993145931512,True
A55N,-0.5526817521309251,55,True,neutral,tolerant,55,-0.11643676204474716,True
A55P,-0.392135634745189,55,True,neutral,tolerant,55,-0.0826135536699885,True
A55Q,-0.401888185578281,55,True,neutral,tolerant,55,-0.08466818173813762,True
A55R,-1.81661664071148,55,True,neutral,tolerant,55,-0.3827174657124255,True
A55S,-0.50804746258336,55,True,neutral,tolerant,55,-0.1070333899756526,True
A55T,-0.43162070382238105,55,True,neutral,tolerant,55,-0.09093210874211671,True
A55V,-0.10736062821114,55,True,neutral,tolerant,55,-0.022618304063409304,True
A55W,-1.92921992886095,55,True,neutral,tolerant,55,-0.4064402722229795,True
A55Y,-0.966381090719768,55,True,neutral,tolerant,55,-0.20359326985347145,True
G56A,-0.455093698747769,56,True,neutral,tolerant,56,-0.10284139606495027,True
G56C,-1.60985092002256,56,True,neutral,tolerant,56,-0.3637917126233915,True
G56D,-0.189257536776099,56,True,neutral,tolerant,56,-0.042768136213318875,True
G56E,0.07268172344119099,56,True,neutral,tolerant,56,0.01642450758528624,True
G56F,-0.853132441216595,56,True,neutral,tolerant,56,-0.19278959810788607,True
G56G,0.0,56,True,neutral,tolerant,56,0.0,True
G56H,-0.420455409002035,56,True,neutral,tolerant,56,-0.0950138869507714,True
G56I,-0.654172523339975,56,True,neutral,tolerant,56,-0.1478289322676413,True
G56K,-0.540702266107938,56,True,neutral,tolerant,56,-0.12218709258121802,True
G56L,-0.6588946036270771,56,True,neutral,tolerant,56,-0.14889602093617835,True
G56M,-0.6733073861254859,56,True,neutral,tolerant,56,-0.15215300005365534,True
G56N,-0.360647303237906,56,True,neutral,tolerant,56,-0.08149854030961254,True
G56P,-0.5720881863248399,56,True,neutral,tolerant,56,-0.12927963607450488,True
G56Q,-0.35867096279549004,56,True,neutral,tolerant,56,-0.08105192984069824,True
G56R,-0.8553802628628291,56,True,neutral,tolerant,56,-0.1932975574947987,True
G56S,-0.241193676237441,56,True,neutral,tolerant,56,-0.05450458763667436,True
G56T,-0.451820344248851,56,True,neutral,tolerant,56,-0.1021016882917807,True
G56V,-0.5655164233041711,56,True,neutral,tolerant,56,-0.12779455885741034,True
G56W,-1.8644966936484295,56,True,neutral,tolerant,56,-0.4213361851875748,True
G56Y,-0.846593812824309,56,True,neutral,tolerant,56,-0.191312008604751,True
Q57A,-0.8915995659792891,57,True,neutral,tolerant,57,-0.15940681723228584,True
Q57C,-2.14385454885325,57,True,neutral,tolerant,57,-0.3832942985636144,True
Q57D,-0.514038876664746,57,True,neutral,tolerant,57,-0.09190370250212762,True
Q57E,-0.0551812991054412,57,True,neutral,tolerant,57,-0.009865724027669043,True
Q57F,-2.3146895900807003,57,True,neutral,tolerant,57,-0.4138374608002442,True
Q57G,-0.874940443588118,57,True,neutral,tolerant,57,-0.15642837513833646,True
Q57H,-0.6365370715760229,57,True,neutral,tolerant,57,-0.11380484300577882,True
Q57I,-1.03507953352706,57,True,neutral,tolerant,57,-0.18505923546586883,True
Q57K,-1.05252615220883,57,True,neutral,tolerant,57,-0.1881784720173937,True
Q57L,-0.3944527149985769,57,True,neutral,tolerant,57,-0.07052319701108702,True
Q57M,-2.11946306260681,57,True,neutral,tolerant,57,-0.378933406815266,True
Q57N,-0.33463593268376,57,True,neutral,tolerant,57,-0.05982870673796935,True
Q57P,-0.374964456080418,57,True,neutral,tolerant,57,-0.0670389407977831,True
Q57Q,0.0,57,True,neutral,tolerant,57,0.0,True
Q57R,-0.591441312047848,57,True,neutral,tolerant,57,-0.10574228693088514,True
Q57S,-0.9841884572989308,57,True,neutral,tolerant,57,-0.175960549467585,True
Q57T,-0.963257930020432,57,True,neutral,tolerant,57,-0.17221843376478693,True
Q57V,-0.952962285229758,57,True,neutral,tolerant,57,-0.17037770163563556,True
Q57W,-2.3146895900807003,57,True,neutral,tolerant,57,-0.4138374608002442,True
Q57Y,-1.12235158698953,57,True,neutral,tolerant,57,-0.2006623837923244,True
E58A,-0.971248871842601,58,True,neutral,tolerant,58,-0.18056853155306057,True
E58C,-2.68765404075168,58,True,neutral,tolerant,58,-0.4996718735337984,True
E58D,-0.0764080097214133,58,True,neutral,tolerant,58,-0.014205300530350039,True
E58E,0.0,58,True,neutral,tolerant,58,0.0,True
E58F,-3.1406761172599302,58,True,neutral,tolerant,58,-0.5838949120234324,True
E58G,-1.12067601344778,58,True,neutral,tolerant,58,-0.2083490935861777,True
E58H,-0.738093893223547,58,True,neutral,tolerant,58,-0.13722181236083428,True
E58I,-2.6929993425511096,58,True,neutral,tolerant,58,-0.5006656387000835,True
E58K,-1.27210179270125,58,True,neutral,tolerant,58,-0.2365012298632617,True
E58L,-1.05197864699248,58,True,neutral,tolerant,58,-0.19557730775247814,True
E58M,-2.6929993425511096,58,True,neutral,tolerant,58,-0.5006656387000835,True
E58N,-2.14058631130775,58,True,neutral,tolerant,58,-0.39796445391193436,True
E58P,-1.11124211957402,58,True,neutral,tolerant,58,-0.2065952028862786,True
E58Q,-0.695330085651323,58,True,neutral,tolerant,58,-0.12927143201981545,True
E58R,-1.5415442363176102,58,True,neutral,tolerant,58,-0.28659428818473287,True
E58S,-1.26506555635383,58,True,neutral,tolerant,58,-0.23519309669394997,True
E58T,-1.24237157613131,58,True,neutral,tolerant,58,-0.2309739734571832,True
E58V,-1.25687824372617,58,True,neutral,tolerant,58,-0.23367096260308848,True
E58W,-3.1406761172599302,58,True,neutral,tolerant,58,-0.5838949120234324,True
E58Y,-1.84167826667169,58,True,neutral,tolerant,58,-0.34239333485680007,True
E59A,-1.17925892290101,59,True,neutral,tolerant,59,-0.20791531825985962,True
E59C,-2.42166867736177,59,True,neutral,tolerant,59,-0.4269647691407555,True
E59D,-0.380752799664884,59,True,neutral,tolerant,59,-0.06713058343956425,True
E59E,0.0,59,True,neutral,tolerant,59,0.0,True
E59F,-2.75988267908023,59,True,neutral,tolerant,59,-0.48659533070924077,True
E59G,-0.602981191816559,59,True,neutral,tolerant,59,-0.10631170472116336,True
E59H,-0.4986674662402379,59,True,neutral,tolerant,59,-0.08792013605809287,True
E59I,-1.2082084747704298,59,True,neutral,tolerant,59,-0.21301941810894423,True
E59K,-1.23411338364499,59,True,neutral,tolerant,59,-0.21758671649316766,True
E59L,-1.74365932207719,59,True,neutral,tolerant,59,-0.3074248376214169,True
E59M,-2.45032642620686,59,True,neutral,tolerant,59,-0.43201742115468317,True
E59N,-0.7351641281407091,59,True,neutral,tolerant,59,-0.12961689812750182,True
E59P,-1.09116369004835,59,True,neutral,tolerant,59,-0.19238323449094605,True
E59Q,-0.440120884488053,59,True,neutral,tolerant,59,-0.07759777941389878,True
E59R,-1.02652069550849,59,True,neutral,tolerant,59,-0.18098601839020892,True
E59S,-1.94949744276377,59,True,neutral,tolerant,59,-0.3437161876730918,True
E59T,-1.05740801573528,59,True,neutral,tolerant,59,-0.18643176647015483,True
E59V,-1.190964128101,59,True,neutral,tolerant,59,-0.20997906475114408,True
E59W,-2.75988267908023,59,True,neutral,tolerant,59,-0.48659533070924077,True
E59Y,-1.4937521598528103,59,True,neutral,tolerant,59,-0.263363668220656,True
D60A,-0.7780767576671059,60,True,neutral,tolerant,60,-0.15163898903144074,True
D60C,-0.892572270437707,60,True,neutral,tolerant,60,-0.17395296208626695,True
D60D,0.0,60,True,neutral,tolerant,60,0.0,True
D60E,-0.0422423132996255,60,True,neutral,tolerant,60,-0.008232583250925447,True
D60F,-1.08610946062318,60,True,neutral,tolerant,60,-0.21167132800649283,True
D60G,-0.7547276907444659,60,True,neutral,tolerant,60,-0.14708850109038926,True
D60H,-0.58027404119447,60,True,neutral,tolerant,60,-0.11308931683262641,True
D60I,-0.902690729675472,60,True,neutral,tolerant,60,-0.17592494353186489,True
D60K,-1.48703218065955,60,True,neutral,tolerant,60,-0.2898069558182432,True
D60L,-2.05849470322671,60,True,neutral,tolerant,60,-0.40117900020530367,True
D60M,-1.61928334476144,60,True,neutral,tolerant,60,-0.3155813188550863,True
D60N,-0.7535860618061629,60,True,neutral,tolerant,60,-0.1468660095992254,True
D60P,-0.461850442448032,60,True,neutral,tolerant,60,-0.09000980107223161,True
D60Q,-0.291783996618667,60,True,neutral,tolerant,60,-0.05686563674703443,True
D60R,-1.43128931069578,60,True,neutral,tolerant,60,-0.2789432558506963,True
D60S,-0.914458099258936,60,True,neutral,tolerant,60,-0.1782182802876702,True
D60T,-0.878378388665396,60,True,neutral,tolerant,60,-0.1711867235870752,True
D60V,-0.9299158954934408,60,True,neutral,tolerant,60,-0.18123084244244053,True
D60W,-2.22444529057486,60,True,neutral,tolerant,60,-0.43352102693554273,True
D60Y,-1.08392293751372,60,True,neutral,tolerant,60,-0.21124519761441363,True
G61A,0.0423724408166086,61,True,neutral,tolerant,61,0.017923306502983658,True
G61C,-1.42984218336306,61,True,neutral,tolerant,61,-0.6048152810981413,True
G61D,0.0347812059501377,61,True,neutral,tolerant,61,0.014712256428319017,True
G61E,-0.18566450215154895,61,True,neutral,tolerant,61,-0.0785350504869128,True
G61F,-1.31531348001023,61,True,neutral,tolerant,61,-0.556370277364076,True
G61G,0.0,61,True,neutral,tolerant,61,0.0,True
G61H,-0.448503753613109,61,True,neutral,tolerant,61,-0.18971459016341405,True
G61I,-0.546501998182101,61,True,neutral,tolerant,61,-0.231167301886264,True
G61K,-0.956486108526102,61,True,neutral,tolerant,61,-0.4045882974539379,True
G61L,-0.569534924276635,61,True,neutral,tolerant,61,-0.24091010135914895,True
G61M,-1.50909013270069,61,True,neutral,tolerant,61,-0.6383367223542353,True
G61N,-0.46768151986974,61,True,neutral,tolerant,61,-0.19782667849337035,True
G61P,-0.6149001614713,61,True,neutral,tolerant,61,-0.2600993440638512,True
G61Q,-0.401613783521034,61,True,neutral,tolerant,61,-0.16988039393399648,True
G61R,-0.876318011906976,61,True,neutral,tolerant,61,-0.37067763902186107,True
G61S,0.0400890498787296,61,True,neutral,tolerant,61,0.01695744485194327,True
G61T,-0.230188687629812,61,True,neutral,tolerant,61,-0.0973685329992019,True
G61V,-0.0484575068481742,61,True,neutral,tolerant,61,-0.020497255547993476,True
G61W,-1.7600887174252098,61,True,neutral,tolerant,61,-0.7445077259389362,True
G61Y,-0.764707635328757,61,True,neutral,tolerant,61,-0.32346707126196117,True
R62A,-0.215126624072667,62,True,neutral,tolerant,62,-0.04211712147853728,True
R62C,-1.70941002319131,62,True,neutral,tolerant,62,-0.33466536238238237,True
R62D,-0.350142962368638,62,True,neutral,tolerant,62,-0.06855038861184139,True
R62E,-0.157678483636948,62,True,neutral,tolerant,62,-0.03087002307834134,True
R62F,-0.843698244870465,62,True,neutral,tolerant,62,-0.16517779528039772,True
R62G,-0.499085665404673,62,True,neutral,tolerant,62,-0.09771013554763414,True
R62H,-0.4429530976554431,62,True,neutral,tolerant,62,-0.08672059771154574,True
R62I,-1.8642968509565,62,True,neutral,tolerant,62,-0.364988839862363,True
R62K,-0.0414480715776341,62,True,neutral,tolerant,62,-0.008114632362271711,True
R62L,-0.875988333805204,62,True,neutral,tolerant,62,-0.17149949350849708,True
R62M,-0.796166063826047,62,True,neutral,tolerant,62,-0.15587202640210512,True
R62N,-0.4902568002122489,62,True,neutral,tolerant,62,-0.09598163546341698,True
R62P,-0.573568538653495,62,True,neutral,tolerant,62,-0.1122922647202255,True
R62Q,-0.392709982721759,62,True,neutral,tolerant,62,-0.07688408684617143,True
R62R,0.0,62,True,neutral,tolerant,62,0.0,True
R62S,-0.5931370645157571,62,True,neutral,tolerant,62,-0.11612335714985612,True
R62T,-0.5641777038153979,62,True,neutral,tolerant,62,-0.11045374318266156,True
R62V,-0.7920634794138051,62,True,neutral,tolerant,62,-0.15506882946257622,True
R62W,-1.97237702166449,62,True,neutral,tolerant,62,-0.38614859030585924,True
R62Y,-0.8485554993888679,62,True,neutral,tolerant,62,-0.16612874023891036,True
E63A,-1.0157096950471,63,True,neutral,tolerant,63,-0.2155926918455195,True
E63C,-3.04884552720056,63,True,neutral,tolerant,63,-0.6471424044050896,True
E63D,-0.0752728130517703,63,True,neutral,tolerant,63,-0.01597727034382908,True
E63E,0.0,63,True,neutral,tolerant,63,0.0,True
E63F,-2.27304873851406,63,True,neutral,tolerant,63,-0.48247318955598234,True
E63G,-1.62278428127886,63,True,neutral,tolerant,63,-0.34444923898189483,True
E63H,-0.855735624486024,63,True,neutral,tolerant,63,-0.18163688669181546,True
E63I,-3.17214007759849,63,True,neutral,tolerant,63,-0.6733126813452346,True
E63K,-1.5450710302465098,63,True,neutral,tolerant,63,-0.3279539657125439,True
E63L,-2.76075150235784,63,True,neutral,tolerant,63,-0.5859920908624275,True
E63M,-3.17214007759849,63,True,neutral,tolerant,63,-0.6733126813452346,True
E63N,-0.9905561237240892,63,True,neutral,tolerant,63,-0.2102536405619687,True
E63P,-1.3633596673136898,63,True,neutral,tolerant,63,-0.28938424242976263,True
E63Q,-0.830776163073207,63,True,neutral,tolerant,63,-0.17633903682463067,True
E63R,-1.18767988634344,63,True,neutral,tolerant,63,-0.25209477176024114,True
E63S,-1.36469585873546,63,True,neutral,tolerant,63,-0.2896678599898244,True
E63T,-1.41748077491489,63,True,neutral,tolerant,63,-0.3008718902589612,True
E63V,-1.4698557381924298,63,True,neutral,tolerant,63,-0.31198890467102847,True
E63W,-3.70044436410143,63,True,mild,tolerant,63,-0.7854495879791855,True
E63Y,-2.2802113667346604,63,True,neutral,tolerant,63,-0.48399351599009827,True
A64A,0.0,64,True,neutral,tolerant,64,0.0,True
A64C,-1.18820943674903,64,True,neutral,tolerant,64,-0.3725507115545837,True
A64D,-0.6669641401794929,64,True,neutral,tolerant,64,-0.2091196697487128,True
A64E,-0.605114051795114,64,True,neutral,tolerant,64,-0.18972721777462434,True
A64F,-2.52898991889035,64,True,neutral,tolerant,64,-0.7929384876581927,True
A64G,-0.5724537467612111,64,True,neutral,tolerant,64,-0.1794869187973151,True
A64H,-0.7647366658638041,64,True,neutral,tolerant,64,-0.2397752283460584,True
A64I,-0.8068209978991608,64,True,neutral,tolerant,64,-0.2529703329801105,True
A64K,-1.20331713612838,64,True,neutral,tolerant,64,-0.3772875735754148,True
A64L,-0.736258119782932,64,True,neutral,tolerant,64,-0.2308460763983199,True
A64M,-0.8225807606941059,64,True,neutral,tolerant,64,-0.2579116427034639,True
A64N,-0.812417272715047,64,True,neutral,tolerant,64,-0.2547249867475622,True
A64P,-0.453661225527349,64,True,neutral,tolerant,64,-0.14224075920265267,True
A64Q,-0.33827135907978995,64,True,neutral,tolerant,64,-0.10606146662874054,True
A64R,-1.39520736486623,64,True,neutral,tolerant,64,-0.4374527591442595,True
A64S,-0.285202415024487,64,True,neutral,tolerant,64,-0.08942225113542894,True
A64T,-0.0852818315412842,64,True,neutral,tolerant,64,-0.026739231351597417,True
A64V,-0.261429159202727,64,True,neutral,tolerant,64,-0.08196839401357499,True
A64W,-2.52898991889035,64,True,neutral,tolerant,64,-0.7929384876581927,True
A64Y,-1.26620115579267,64,True,neutral,tolerant,64,-0.39700420394946895,True
E65A,-1.36011722722938,65,True,neutral,tolerant,65,-0.3039855164241978,True
E65C,-3.01388403869846,65,True,neutral,tolerant,65,-0.6736015672801177,True
E65D,-0.7563625788163709,65,True,neutral,tolerant,65,-0.16904665606934233,True
E65E,0.0,65,True,neutral,tolerant,65,0.0,True
E65F,-3.2987185759747004,65,True,neutral,tolerant,65,-0.7372619431476773,True
E65G,-1.18814744377602,65,True,neutral,tolerant,65,-0.2655503562880996,True
E65H,-0.83646277860624,65,True,neutral,tolerant,65,-0.18694901044831405,True
E65I,-1.55985137391018,65,True,neutral,tolerant,65,-0.34862599778181674,True
E65K,-1.63927739148033,65,True,neutral,tolerant,65,-0.3663776727736574,True
E65L,-1.3629257381223,65,True,neutral,tolerant,65,-0.30461321719665724,True
E65M,-3.066911383065729,65,True,neutral,tolerant,65,-0.685453152084263,True
E65N,-0.8195362053674251,65,True,neutral,tolerant,65,-0.1831659298400531,True
E65P,-1.07208412734736,65,True,neutral,tolerant,65,-0.23961026342247108,True
E65Q,-0.804498449221032,65,True,neutral,tolerant,65,-0.1798049989022586,True
E65R,-1.62006008952638,65,True,neutral,tolerant,65,-0.36208261544933307,True
E65S,-1.54335164396355,65,True,neutral,tolerant,65,-0.34493831643474393,True
E65T,-1.45233768893475,65,True,neutral,tolerant,65,-0.3245967432472642,True
E65V,-1.43663725627434,65,True,neutral,tolerant,65,-0.32108770444177803,True
E65W,-3.2987185759747004,65,True,neutral,tolerant,65,-0.7372619431476773,True
E65Y,-1.7801637718635,65,True,neutral,tolerant,65,-0.3978657079521804,True
D66A,-1.28624591555791,66,True,neutral,tolerant,66,-0.31933795916450286,True
D66C,-2.85818734375562,66,True,neutral,tolerant,66,-0.7096059176746422,True
D66D,0.0,66,True,neutral,tolerant,66,0.0,True
D66E,-0.399625731603166,66,True,neutral,tolerant,66,-0.0992156041206343,True
D66F,-1.91151016734555,66,True,neutral,tolerant,66,-0.4745731344052946,True
D66G,-1.08511805785787,66,True,neutral,tolerant,66,-0.2694036823421734,True
D66H,-0.809242979702316,66,True,neutral,tolerant,66,-0.2009118151362588,True
D66I,-1.6245465924807798,66,True,neutral,tolerant,66,-0.40332831158918675,True
D66K,-1.4165734172332098,66,True,neutral,tolerant,66,-0.3516945388080981,True
D66L,-1.55227970955739,66,True,neutral,tolerant,66,-0.38538651785534583,True
D66M,-3.0637057022695298,66,True,neutral,tolerant,66,-0.760630229888068,True
D66N,-0.770265573252328,66,True,neutral,tolerant,66,-0.19123484335449376,True
D66P,-0.837081658668646,66,True,neutral,tolerant,66,-0.20782336044762922,True
D66Q,-0.762775201513616,66,True,neutral,tolerant,66,-0.1893751989463043,True
D66R,-1.59307145836805,66,True,neutral,tolerant,66,-0.39551393879280866,True
D66S,-0.8703223542964309,66,True,neutral,tolerant,66,-0.21607607151523325,True
D66T,-1.3373865147173505,66,True,neutral,tolerant,66,-0.33203470274089897,True
D66V,-1.50604970022509,66,True,neutral,tolerant,66,-0.3739089328509813,True
D66W,-1.98492980179712,66,True,neutral,tolerant,66,-0.49280112327179265,True
D66Y,-2.00367655327872,66,True,neutral,tolerant,66,-0.4974554038309668,True
G67A,-0.788051328184984,67,True,neutral,tolerant,67,-0.2420019857502161,True
G67C,-1.1561307863734098,67,True,neutral,tolerant,67,-0.3550351811901879,True
G67D,-0.893065923572014,67,True,neutral,tolerant,67,-0.2742508250167508,True
G67E,-0.7213692946251079,67,True,neutral,tolerant,67,-0.22152465900993987,True
G67F,-1.6327266471663502,67,True,neutral,tolerant,67,-0.501392582779582,True
G67G,0.0,67,True,neutral,tolerant,67,0.0,True
G67H,-0.805438592107797,67,True,neutral,tolerant,67,-0.2473414252582682,True
G67I,-2.2068376273609,67,True,neutral,tolerant,67,-0.6776958161845396,True
G67K,-1.51094909096113,67,True,neutral,tolerant,67,-0.463996020693522,True
G67L,-1.35032276910945,67,True,neutral,tolerant,67,-0.414669425506647,True
G67M,-2.9847586473463,67,True,neutral,tolerant,67,-0.9165868945447416,True
G67N,-0.8224699664570351,67,True,neutral,tolerant,67,-0.2525715749517706,True
G67P,-1.3423886311907602,67,True,neutral,tolerant,67,-0.4122329381068208,True
G67Q,-0.8376003397930991,67,True,neutral,tolerant,67,-0.2572179479245856,True
G67R,-1.31370113338028,67,True,neutral,tolerant,67,-0.40342331976339285,True
G67S,-1.03245595990632,67,True,neutral,tolerant,67,-0.31705598805656054,True
G67T,-1.10360760970127,67,True,neutral,tolerant,67,-0.3389058852954114,True
G67V,-1.26802074367482,67,True,neutral,tolerant,67,-0.3893953692693229,True
G67W,-1.5966862346468502,67,True,neutral,tolerant,67,-0.4903249643579954,True
G67Y,-1.57168856462835,67,True,neutral,tolerant,67,-0.4826484519694703,True
P68A,-0.6777945512031379,68,True,neutral,tolerant,68,-0.09630520664556712,True
P68C,-2.60851185459022,68,True,neutral,tolerant,68,-0.3706333619056093,True
P68D,-0.683055635003463,68,True,neutral,tolerant,68,-0.09705273369734199,True
P68E,-0.29720073945514697,68,True,neutral,tolerant,68,-0.042228103748602065,True
P68F,-3.03391333017314,68,True,neutral,tolerant,68,-0.4310770124788107,True
P68G,-0.8757995879849491,68,True,neutral,tolerant,68,-0.12443897660622354,True
P68H,-0.689696334104815,68,True,neutral,tolerant,68,-0.09799628495205703,True
P68I,-2.5656596256618704,68,True,neutral,tolerant,68,-0.364544654413284,True
P68K,-1.3232015079078,68,True,neutral,tolerant,68,-0.1880085852366125,True
P68L,-0.994840326121542,68,True,neutral,tolerant,68,-0.1413530147393651,True
P68M,-1.1274712754286105,68,True,neutral,tolerant,68,-0.1601980334223005,True
P68N,-0.726144158167952,68,True,neutral,tolerant,68,-0.10317501532389456,True
P68P,0.0,68,True,neutral,tolerant,68,0.0,True
P68Q,0.0108059989605636,68,True,neutral,tolerant,68,0.001535382603860689,True
P68R,-1.51299675574583,68,True,neutral,tolerant,68,-0.21497585803475286,True
P68S,-0.865284448437748,68,True,neutral,tolerant,68,-0.12294492109160983,True
P68T,-0.798761482308206,68,True,neutral,tolerant,68,-0.11349293008871734,True
P68V,-1.00638473988625,68,True,neutral,tolerant,68,-0.142993315847184,True
P68W,-3.03391333017314,68,True,neutral,tolerant,68,-0.4310770124788107,True
P68Y,-1.5268931667506698,68,True,neutral,tolerant,68,-0.2169503453348901,True
M69A,-0.3844746964739861,69,True,neutral,tolerant,69,-0.08618331644634886,True
M69C,-0.986085780470488,69,True,neutral,tolerant,69,-0.22103962534055363,True
M69D,-0.631336619049419,69,True,neutral,tolerant,69,-0.14151954373773867,True
M69E,-0.273498328422974,69,True,neutral,tolerant,69,-0.06130700720279898,True
M69F,-0.9316892229240692,69,True,neutral,tolerant,69,-0.20884616820121693,True
M69G,-0.8504925737717959,69,True,neutral,tolerant,69,-0.19064523957717416,True
M69H,-0.541782334538751,69,True,neutral,tolerant,69,-0.12144517912573237,True
M69I,-0.8082316744148921,69,True,neutral,tolerant,69,-0.18117209480071478,True
M69K,-0.992055621210117,69,True,neutral,tolerant,69,-0.22237781658777026,True
M69L,-0.323745052248036,69,True,neutral,tolerant,69,-0.07257024335207472,True
M69M,0.0,69,True,neutral,tolerant,69,0.0,True
M69N,-0.614254881563006,69,True,neutral,tolerant,69,-0.13769052507735308,True
M69P,-1.05214810757043,69,True,neutral,tolerant,69,-0.23584806525571914,True
M69Q,-0.545400920529973,69,True,neutral,tolerant,69,-0.12225631635902728,True
M69R,-0.880361383607855,69,True,neutral,tolerant,69,-0.19734059069802762,True
M69S,-0.812508457717752,69,True,neutral,tolerant,69,-0.18213077263346464,True
M69T,-0.23407858377823104,69,True,neutral,tolerant,69,-0.052470731738876446,True
M69V,-0.0481423946629898,69,True,neutral,tolerant,69,-0.010791532633425712,True
M69W,-0.771710889122033,69,True,neutral,tolerant,69,-0.17298564605745764,True
M69Y,-0.992444207604478,69,True,neutral,tolerant,69,-0.22246492157673076,True
E70A,-1.56821515513277,70,True,neutral,tolerant,70,-0.3336672036285051,True
E70C,-1.83850748908037,70,True,neutral,tolerant,70,-0.3911769700246105,True
E70D,-0.843250674625292,70,True,neutral,tolerant,70,-0.17941740560226274,True
E70E,0.0,70,True,neutral,tolerant,70,0.0,True
E70F,-1.97939303413897,70,True,neutral,tolerant,70,-0.4211530136162826,True
E70G,-1.33925019432561,70,True,neutral,tolerant,70,-0.284950611424059,True
E70H,-0.9512104549621172,70,True,neutral,tolerant,70,-0.20238787485926105,True
E70I,-2.1254992054773,70,True,neutral,tolerant,70,-0.45223984342006707,True
E70K,-2.03062697055176,70,True,neutral,tolerant,70,-0.43205399505226993,True
E70L,-1.82768915977644,70,True,neutral,tolerant,70,-0.38887516744671796,True
E70M,-3.67369529275308,70,True,mild,tolerant,70,-0.781647614680999,True
E70N,-1.24195277253972,70,True,neutral,tolerant,70,-0.2642487590402816,True
E70P,-1.65327806617563,70,True,neutral,tolerant,70,-0.3517659342569362,True
E70Q,-1.01119235699402,70,True,neutral,tolerant,70,-0.2151501501464231,True
E70R,-2.01808180769933,70,True,neutral,tolerant,70,-0.4293847762309022,True
E70S,-1.8242737177753,70,True,neutral,tolerant,70,-0.3881484680662498,True
E70T,-1.5278571101626202,70,True,neutral,tolerant,70,-0.325080272195641,True
E70V,-2.03173998806207,70,True,neutral,tolerant,70,-0.4322908104146512,True
E70W,-2.1827976068975703,70,True,neutral,tolerant,70,-0.4644311535931067,True
E70Y,-2.15948093623226,70,True,neutral,tolerant,70,-0.45947009434472685,True
E71A,-2.3291133298180298,71,True,neutral,tolerant,71,-0.8010811048519789,True
E71C,-1.66211604147821,71,True,neutral,tolerant,71,-0.5716723775753709,True
E71D,-0.110004329831024,71,True,neutral,tolerant,71,-0.037835166263216174,True
E71E,0.0,71,True,neutral,tolerant,71,0.0,True
E71F,-4.460666104543731,71,True,mild,tolerant,71,-1.534212734801894,True
E71G,-1.56607850495972,71,True,neutral,tolerant,71,-0.5386409853813702,True
E71H,-1.07863659833441,71,True,neutral,tolerant,71,-0.3709889883267373,True
E71I,-4.460666104543731,71,True,mild,tolerant,71,-1.534212734801894,True
E71K,-2.07958675491271,71,True,neutral,tolerant,71,-0.7152583062118197,True
E71L,-4.460666104543731,71,True,mild,tolerant,71,-1.534212734801894,True
E71M,-4.460666104543731,71,True,mild,tolerant,71,-1.534212734801894,True
E71N,-1.39941125263608,71,True,neutral,tolerant,71,-0.48131703084262895,True
E71P,-2.49314596656569,71,True,neutral,tolerant,71,-0.8574989030738737,True
E71Q,-1.15540689965272,71,True,neutral,tolerant,71,-0.39739355911878893,True
E71R,-1.70865258826868,71,True,neutral,tolerant,71,-0.5876782746872209,True
E71S,-1.50419756749231,71,True,neutral,tolerant,71,-0.5173574998931214,True
E71T,-2.16454543091956,71,True,neutral,tolerant,71,-0.7444792072178029,True
E71V,-2.58359723223519,71,True,neutral,tolerant,71,-0.8886089392022762,True
E71W,-4.460666104543731,71,True,mild,tolerant,71,-1.534212734801894,True
E71Y,-2.56448462951712,71,True,neutral,tolerant,71,-0.8820353024856874,True
S72A,-0.7321524492339879,72,True,neutral,tolerant,72,-0.18943982351873492,True
S72C,-1.31781096204077,72,True,neutral,tolerant,72,-0.3409752659316362,True
S72D,-1.04221715771842,72,True,neutral,tolerant,72,-0.2696671091286293,True
S72E,-0.7819142122749839,72,True,neutral,tolerant,72,-0.20231536551593812,True
S72F,-0.7741597293866842,72,True,neutral,tolerant,72,-0.20030894202944224,True
S72G,-1.46262779441246,72,True,neutral,tolerant,72,-0.378445706952134,True
S72H,-1.07228894762923,72,True,neutral,tolerant,72,-0.27744799489846667,True
S72I,-2.1203688163243504,72,True,neutral,tolerant,72,-0.5486320434758808,True
S72K,-1.93671185730752,72,True,neutral,tolerant,72,-0.5011119649177378,True
S72L,-1.53387631840754,72,True,neutral,tolerant,72,-0.39688081268143915,True
S72M,-1.50702601704092,72,True,neutral,tolerant,72,-0.3899334667323283,True
S72N,-2.7819852099166806,72,True,neutral,tolerant,72,-0.7198211079533209,True
S72P,-0.9172838772237352,72,True,neutral,tolerant,72,-0.2373414116140043,True
S72Q,-0.956368054681679,72,True,neutral,tolerant,72,-0.24745419575855548,True
S72R,-1.88124545323029,72,True,neutral,tolerant,72,-0.48676038307081126,True
S72S,0.0,72,True,neutral,tolerant,72,0.0,True
S72T,-0.8065343948120091,72,True,neutral,tolerant,72,-0.20868568229858744,True
S72V,-1.60914467396752,72,True,neutral,tolerant,72,-0.41635602444743985,True
S72W,-1.7821300777236,72,True,neutral,tolerant,72,-0.46111490546075173,True
S72Y,-1.73913805732942,72,True,neutral,tolerant,72,-0.4499909916300893,True
K73A,-2.34385222783654,73,True,neutral,tolerant,73,-0.5017327263729431,True
K73C,-1.8584241766694,73,True,neutral,tolerant,73,-0.3978203991889023,True
K73D,-1.5165422700161102,73,True,neutral,tolerant,73,-0.324636032407782,True
K73E,-1.51541571473043,73,True,neutral,tolerant,73,-0.3243948782734977,True
K73F,-2.70632069542279,73,True,neutral,tolerant,73,-0.5793239201804714,True
K73G,-2.62363198785187,73,True,neutral,tolerant,73,-0.5616233031376866,True
K73H,-1.5766979382651,73,True,neutral,tolerant,73,-0.3375131528503157,True
K73I,-3.12260457603684,73,True,neutral,tolerant,73,-0.6684350185189466,True
K73K,0.0,73,True,neutral,tolerant,73,0.0,True
K73L,-1.44788056597905,73,True,neutral,tolerant,73,-0.3099380819334363,True
K73M,-2.12763649157211,73,True,neutral,tolerant,73,-0.45544887385344407,True
K73N,-2.38441881693789,73,True,neutral,tolerant,73,-0.5104165440248172,True
K73P,-2.64788172970757,73,True,neutral,tolerant,73,-0.5668142827355476,True
K73Q,-1.5744519203866598,73,True,neutral,tolerant,73,-0.3370323628669504,True
K73R,-0.910602376541972,73,True,neutral,tolerant,73,-0.19492654340491453,True
K73S,-1.98078177594553,73,True,neutral,tolerant,73,-0.42401266982275815,True
K73T,-2.09997019999459,73,True,neutral,tolerant,73,-0.44952653637117435,True
K73V,-1.99945002457584,73,True,neutral,tolerant,73,-0.42800885660051374,True
K73W,-4.79248026487051,73,True,mild,tolerant,73,-1.0258941074973342,True
K73Y,-4.79248026487051,73,True,mild,tolerant,73,-1.0258941074973342,True
P74A,-1.9713070422383296,74,True,neutral,tolerant,74,-0.5957595846853869,True
P74C,-4.04279888794932,74,True,mild,tolerant,74,-1.221796571941653,True
P74D,-1.46574690280664,74,True,neutral,tolerant,74,-0.4429714637849921,True
P74E,-1.60031527644759,74,True,neutral,tolerant,74,-0.48364011492575526,True
P74F,-4.58430676422843,74,True,mild,tolerant,74,-1.3854486568596884,True
P74G,-2.33060339667241,74,True,neutral,tolerant,74,-0.7043445196093612,True
P74H,-1.65382679557056,74,True,neutral,tolerant,74,-0.4998121265533231,True
P74I,-2.0457685796172,74,True,neutral,tolerant,74,-0.6182630169936797,True
P74K,-2.1869773947821,74,True,neutral,tolerant,74,-0.6609385126288166,True
P74L,-1.5281904641576698,74,True,neutral,tolerant,74,-0.46184287720749245,True
P74M,-2.24200747303819,74,True,neutral,tolerant,74,-0.6775694563958652,True
P74N,-3.6730940215047503,74,True,mild,tolerant,74,-1.1100660231383102,True
P74P,0.0,74,True,neutral,tolerant,74,0.0,True
P74Q,-2.19319859017522,74,True,neutral,tolerant,74,-0.6628186544353631,True
P74R,-2.10437133005579,74,True,neutral,tolerant,74,-0.6359736777454789,True
P74S,-1.87344021676458,74,True,neutral,tolerant,74,-0.5661827110429555,True
P74T,-2.02636414855899,74,True,neutral,tolerant,74,-0.6123986967530494,True
P74V,-2.34832756823559,74,True,neutral,tolerant,74,-0.7097010393514015,True
P74W,-4.58430676422843,74,True,mild,tolerant,74,-1.3854486568596884,True
P74Y,-2.51165673244939,74,True,neutral,tolerant,74,-0.7590616477975315,True
K75A,-2.3650562732708,75,True,neutral,tolerant,75,-0.47462151228504285,True
K75C,-2.81706614796216,75,True,neutral,tolerant,75,-0.565331239879428,True
K75D,-1.9129711606746296,75,True,neutral,tolerant,75,-0.3838966858836797,True
K75E,-1.56949323077876,75,True,neutral,tolerant,75,-0.3149672416390998,True
K75F,-1.90145148047218,75,True,neutral,tolerant,75,-0.3815849066247594,True
K75G,-2.5783980723515096,75,True,neutral,tolerant,75,-0.5174351266830053,True
K75H,-3.63021397509392,75,True,mild,tolerant,75,-0.7285144401213542,True
K75I,-2.22205195276871,75,True,neutral,tolerant,75,-0.44592328314475665,True
K75K,0.0,75,True,neutral,tolerant,75,0.0,True
K75L,-1.88133908539642,75,True,neutral,tolerant,75,-0.37754873400831257,True
K75M,-2.38273816688857,75,True,neutral,tolerant,75,-0.4781699297936559,True
K75N,-3.63021397509392,75,True,mild,tolerant,75,-0.7285144401213542,True
K75P,-1.5815112400671398,75,True,neutral,tolerant,75,-0.31737902600447476,True
K75Q,-1.8000632316939802,75,True,neutral,tolerant,75,-0.3612382262912334,True
K75R,-0.500915924583633,75,True,neutral,tolerant,75,-0.10052423544440645,True
K75S,-1.80714231515427,75,True,neutral,tolerant,75,-0.3626588628044053,True
K75T,-1.9962115612953,75,True,neutral,tolerant,75,-0.400601440553706,True
K75V,-4.05991826803589,75,True,mild,tolerant,75,-0.8147478645250115,True
K75W,-2.71256336575146,75,True,neutral,tolerant,75,-0.5443595323173739,True
K75Y,-4.29463484227929,75,True,mild,tolerant,75,-0.8618509870531288,True
P76A,-1.7321019649046103,76,True,neutral,tolerant,76,-0.4752959966952606,True
P76C,-2.90005847058006,76,True,neutral,tolerant,76,-0.7957881286306333,True
P76D,-1.57643147424054,76,True,neutral,tolerant,76,-0.4325793653909977,True
P76E,-1.70372692729949,76,True,neutral,tolerant,76,-0.4675097681399839,True
P76F,-1.39960554032181,76,True,neutral,tolerant,76,-0.38405759230467623,True
P76G,-2.28547606101504,76,True,neutral,tolerant,76,-0.6271441545319908,True
P76H,-1.73790316703464,76,True,neutral,tolerant,76,-0.47688787073286965,True
P76I,-1.6626836649061498,76,True,neutral,tolerant,76,-0.4562473259153762,True
P76K,-1.74918114393153,76,True,neutral,tolerant,76,-0.47998259458777187,True
P76L,-1.6873678635539198,76,True,neutral,tolerant,76,-0.4630207728813357,True
P76M,-1.8118602565775,76,True,neutral,tolerant,76,-0.4971820042764974,True
P76N,-1.82986855695403,76,True,neutral,tolerant,76,-0.5021235569389135,True
P76P,0.0,76,True,neutral,tolerant,76,0.0,True
P76Q,-1.53056807687805,76,True,neutral,tolerant,76,-0.4199942580457521,True
P76R,-2.08610392704685,76,True,neutral,tolerant,76,-0.5724356102039491,True
P76S,-1.3785613088763202,76,True,neutral,tolerant,76,-0.3782829675064643,True
P76T,-1.79769148195629,76,True,neutral,tolerant,76,-0.49329403348032697,True
P76V,-1.92231782344234,76,True,neutral,tolerant,76,-0.5274920208917425,True
P76W,-3.6677096621469514,76,True,mild,tolerant,76,-1.0064348143355268,True
P76Y,-1.6655832839664295,76,True,neutral,tolerant,76,-0.45704299346798943,True
R77A,-2.17640867281954,77,True,neutral,tolerant,77,-0.4346109480126214,True
R77C,-4.02519006694021,77,True,mild,tolerant,77,-0.8037974176318332,True
R77D,-2.52155106274257,77,True,neutral,tolerant,77,-0.503533050353567,True
R77E,-1.53694670670939,77,True,neutral,tolerant,77,-0.30691564208043864,True
R77F,-2.8670637224948696,77,True,neutral,tolerant,77,-0.5725290925402452,True
R77G,-1.98496658903008,77,True,neutral,tolerant,77,-0.39638153523535125,True
R77H,-1.97912440800356,77,True,neutral,tolerant,77,-0.3952148996369423,True
R77I,-4.28792369007912,77,True,mild,tolerant,77,-0.8562631656566576,True
R77K,-0.21567483326289105,77,True,neutral,tolerant,77,-0.0430684939448508,True
R77L,-2.51572611989993,77,True,neutral,tolerant,77,-0.502369857078988,True
R77M,-3.40234063423197,77,True,neutral,tolerant,77,-0.6794194982644366,True
R77N,-1.95092043128254,77,True,neutral,tolerant,77,-0.38958279698382775,True
R77P,-1.89311927878484,77,True,neutral,tolerant,77,-0.378040381261553,True
R77Q,-3.0629001425852103,77,True,neutral,tolerant,77,-0.611636018208115,True
R77R,0.0,77,True,neutral,tolerant,77,0.0,True
R77S,-1.86575288282934,77,True,neutral,tolerant,77,-0.37257553661245485,True
R77T,-2.1406315732411296,77,True,neutral,tolerant,77,-0.4274665548850334,True
R77V,-2.38692728936947,77,True,neutral,tolerant,77,-0.47664978780209,True
R77W,-4.665328466950402,77,True,mild,tolerant,77,-0.9316278018616889,True
R77Y,-3.1174507060048,77,True,neutral,tolerant,77,-0.6225293179723069,True
L78A,-0.899399332564558,78,True,neutral,tolerant,78,-0.19391636113715016,True
L78C,-0.705145592304318,78,True,neutral,tolerant,78,-0.15203398799691545,True
L78D,-2.76147796009185,78,True,neutral,tolerant,78,-0.595392655956874,True
L78E,-1.34618338259571,78,True,neutral,tolerant,78,-0.2902459158290763,True
L78F,-1.00702954402552,78,True,neutral,tolerant,78,-0.21712213659110693,True
L78G,-1.29094154064397,78,True,neutral,tolerant,78,-0.27833541446896315,True
L78H,-1.25986804935357,78,True,neutral,tolerant,78,-0.2716357671146788,True
L78I,-0.8524045881108929,78,True,neutral,tolerant,78,-0.18378398777743246,True
L78K,-1.36209074835733,78,True,neutral,tolerant,78,-0.2936756476201543,True
L78L,0.0,78,True,neutral,tolerant,78,0.0,True
L78M,-0.828812012157083,78,True,neutral,tolerant,78,-0.17869727455320816,True
L78N,-1.3160127958369,78,True,neutral,tolerant,78,-0.2837409405796965,True
L78P,-0.0405162287470396,78,True,neutral,tolerant,78,-0.008735563126585227,True
L78Q,-1.33475306811052,78,True,neutral,tolerant,78,-0.2877814654883126,True
L78R,-1.24934425129662,78,True,neutral,tolerant,78,-0.26936676762729095,True
L78S,-0.17937223998407606,78,True,neutral,tolerant,78,-0.03867382463755048,True
L78T,-0.80443422488358,78,True,neutral,tolerant,78,-0.17344126464804857,True
L78V,-0.4464153882179661,78,True,neutral,tolerant,78,-0.09625006880093775,True
L78W,-2.71317900495776,78,True,neutral,tolerant,78,-0.5849790862696217,True
L78Y,-2.71317900495776,78,True,neutral,tolerant,78,-0.5849790862696217,True
F79A,-1.81692370999402,79,True,neutral,tolerant,79,-0.35786911964116863,True
F79C,-4.161600024182319,79,True,mild,tolerant,79,-0.8196866653018108,True
F79D,-4.262892574871549,79,True,mild,tolerant,79,-0.8396376823654179,True
F79E,-2.37580997846586,79,True,neutral,tolerant,79,-0.46794976627338936,True
F79F,0.0,79,True,neutral,tolerant,79,0.0,True
F79G,-2.9382783006054103,79,True,neutral,tolerant,79,-0.5787359496243615,True
F79H,-2.36092084552978,79,True,neutral,tolerant,79,-0.465017138520916,True
F79I,-1.35161473044283,79,True,neutral,tolerant,79,-0.26621985888400507,True
F79K,-2.61241543751406,79,True,neutral,tolerant,79,-0.5145525965772288,True
F79L,-1.3895494658009602,79,True,neutral,tolerant,79,-0.2736916477498565,True
F79M,-1.2090101772560502,79,True,neutral,tolerant,79,-0.23813185187244867,True
F79N,-2.91863589302939,79,True,neutral,tolerant,79,-0.5748670964258491,True
F79P,-2.03377920740793,79,True,neutral,tolerant,79,-0.40058191243592994,True
F79Q,-2.28544402554209,79,True,neutral,tolerant,79,-0.4501508989679088,True
F79R,-3.5095756787922903,79,True,mild,tolerant,79,-0.6912611418822793,True
F79S,-2.06574842140361,79,True,neutral,tolerant,79,-0.40687870651997643,True
F79T,-1.9506662647462,79,True,neutral,tolerant,79,-0.38421162927129554,True
F79V,-1.32966687523263,79,True,neutral,tolerant,79,-0.2618969147896094,True
F79W,-2.5284704965232203,79,True,neutral,tolerant,79,-0.4980184394381707,True
F79Y,-1.27350254471947,79,True,neutral,tolerant,79,-0.2508345463448461,True
M80A,-1.7424764366955598,80,True,neutral,tolerant,80,-0.6261228172967674,True
M80C,-1.82337576707436,80,True,neutral,tolerant,80,-0.6551923160787738,True
M80D,-3.4880663527676803,80,True,mild,tolerant,80,-1.253364398921014,True
M80E,-2.4961684558588098,80,True,neutral,tolerant,80,-0.8969464338889687,True
M80F,-2.6607553042720298,80,True,neutral,tolerant,80,-0.9560873089379931,True
M80G,-2.97860354739039,80,True,neutral,tolerant,80,-1.0702994918192164,True
M80H,-2.6138387372743903,80,True,neutral,tolerant,80,-0.939228812324884,True
M80I,-1.13176939357425,80,True,neutral,tolerant,80,-0.40667789033566865,True
M80K,-1.57721676853047,80,True,neutral,tolerant,80,-0.5667401784053737,True
M80L,-0.930095701443336,80,True,neutral,tolerant,80,-0.3342106261406287,True
M80M,0.0,80,True,neutral,tolerant,80,0.0,True
M80N,-2.41070885260112,80,True,neutral,tolerant,80,-0.8662382955004566,True
M80P,-2.55054333577394,80,True,neutral,tolerant,80,-0.9164849207721535,True
M80Q,-2.56428964816678,80,True,neutral,tolerant,80,-0.921424373416442,True
M80R,-1.64781091855001,80,True,neutral,tolerant,80,-0.5921067240665175,True
M80S,-2.1516794829390298,80,True,neutral,tolerant,80,-0.773161456537285,True
M80T,-1.3091165817593502,80,True,neutral,tolerant,80,-0.47040392918913726,True
M80V,-0.999765436546687,80,True,neutral,tolerant,80,-0.35924500244815244,True
M80W,-2.68385739339346,80,True,neutral,tolerant,80,-0.9643885661725425,True
M80Y,-4.60137331892613,80,True,mild,tolerant,80,-1.6534081983592237,True
P81A,-1.81693420946872,81,True,neutral,tolerant,81,-0.7022559608203369,True
P81C,-2.21419540440727,81,True,neutral,tolerant,81,-0.8557997934447341,True
P81D,-3.6926812829292,81,True,mild,tolerant,81,-1.42724344603814,True
P81E,-2.53805358025275,81,True,neutral,tolerant,81,-0.9809729192864184,True
P81F,-3.8182743721557,81,True,mild,tolerant,81,-1.4757859277017662,True
P81G,-3.3698855870536697,81,True,neutral,tolerant,81,-1.3024809750722686,True
P81H,-2.56981183878624,81,True,neutral,tolerant,81,-0.9932476765364006,True
P81I,-2.61084005897928,81,True,neutral,tolerant,81,-1.009105329522546,True
P81K,-3.16655576467189,81,True,neutral,tolerant,81,-1.2238927801689994,True
P81L,-3.05058158143992,81,True,neutral,tolerant,81,-1.1790680633182251,True
P81M,-4.8564914930259695,81,True,mild,tolerant,81,-1.8770630669384507,True
P81N,-4.62413770263285,81,True,mild,tolerant,81,-1.7872569344585743,True
P81P,0.0,81,True,neutral,tolerant,81,0.0,True
P81Q,-2.19397926063872,81,True,neutral,tolerant,81,-0.8479861327231297,True
P81R,-3.17640229258403,81,True,neutral,tolerant,81,-1.2276985222171422,True
P81S,-0.997902113449014,81,True,neutral,tolerant,81,-0.38569514726110765,True
P81T,-1.50765444730303,81,True,neutral,tolerant,81,-0.5827174792341158,True
P81V,-4.8564914930259695,81,True,mild,tolerant,81,-1.8770630669384507,True
P81W,-5.53974044759444,81,True,mild,tolerant,81,-2.1411428825803567,True
P81Y,-5.53974044759444,81,True,mild,tolerant,81,-2.1411428825803567,True
N82A,-1.53522710961826,82,True,neutral,tolerant,82,-0.37656637408560256,True
N82C,-1.7162626041116795,82,True,neutral,tolerant,82,-0.42097145221057936,True
N82D,-2.56676858964352,82,True,neutral,tolerant,82,-0.6295868115299337,True
N82E,-1.52691821660503,82,True,neutral,tolerant,82,-0.37452833704531396,True
N82F,-5.45902625743782,82,True,mild,tolerant,82,-1.3390108283800508,True
N82G,-1.76275286498446,82,True,neutral,tolerant,82,-0.43237476111352713,True
N82H,-3.50248211414195,82,True,mild,tolerant,82,-0.8591022017257521,True
N82I,-4.76429028317965,82,True,mild,tolerant,82,-1.1686033328803922,True
N82K,-1.68993788823807,82,True,neutral,tolerant,82,-0.41451442527088195,True
N82L,-3.0379957199635603,82,True,neutral,tolerant,82,-0.7451712033919979,True
N82M,-4.76429028317965,82,True,mild,tolerant,82,-1.1686033328803922,True
N82N,0.0,82,True,neutral,tolerant,82,0.0,True
N82P,-1.5787616287306498,82,True,neutral,tolerant,82,-0.38724468735079065,True
N82Q,-1.05663874006889,82,True,neutral,tolerant,82,-0.259176389325915,True
N82R,-1.7650604400513,82,True,neutral,tolerant,82,-0.4329407719469772,True
N82S,-1.46136118435804,82,True,neutral,tolerant,82,-0.35844825757407517,True
N82T,-1.17450606243498,82,True,neutral,tolerant,82,-0.2880873367215833,True
N82V,-2.60848247104926,82,True,neutral,tolerant,82,-0.639818551818771,True
N82W,-5.45902625743782,82,True,mild,tolerant,82,-1.3390108283800508,True
N82Y,-5.45902625743782,82,True,mild,tolerant,82,-1.3390108283800508,True
L83A,-2.8187459981133105,83,True,neutral,tolerant,83,-0.7709946393240656,True
L83C,-4.86826510208157,83,True,mild,tolerant,83,-1.3315872728602034,True
L83D,-4.9190616536253895,83,True,mild,tolerant,83,-1.3454813480846641,True
L83E,-3.80563380986496,83,True,mild,tolerant,83,-1.0409321267685063,True
L83F,-2.64999042544194,83,True,neutral,tolerant,83,-0.7248359425231561,True
L83G,-5.91238622123175,83,True,impactful,tolerant,83,-1.6171794426437371,True
L83H,-2.55237568497047,83,True,neutral,tolerant,83,-0.6981359696725027,True
L83I,-1.10944966476808,83,True,neutral,tolerant,83,-0.303461093943409,True
L83K,-4.0491602371033695,83,True,mild,tolerant,83,-1.1075424457047385,True
L83L,0.0,83,True,neutral,tolerant,83,0.0,True
L83M,-1.32376957080797,83,True,neutral,tolerant,83,-0.36208272880082193,True
L83N,-4.9190616536253895,83,True,mild,tolerant,83,-1.3454813480846641,True
L83P,-3.05086498820314,83,True,neutral,tolerant,83,-0.8344847505878548,True
L83Q,-2.826154419040221,83,True,neutral,tolerant,83,-0.773021020141751,True
L83R,-4.03278119757236,83,True,mild,tolerant,83,-1.1030623855346708,True
L83S,-3.72561757639561,83,True,mild,tolerant,83,-1.0190457676907234,True
L83T,-2.78902926575181,83,True,neutral,tolerant,83,-0.762866400254536,True
L83V,-1.35829202025981,83,True,neutral,tolerant,83,-0.37152544676175925,True
L83W,-4.856743832408241,83,True,mild,tolerant,83,-1.3284359292619192,True
L83Y,-3.4156116577868505,83,True,neutral,tolerant,83,-0.9342517133253899,True
V84A,-0.831809122612292,84,True,neutral,tolerant,84,-0.2795259370496548,True
V84C,-2.4154687449147403,84,True,neutral,tolerant,84,-0.8117080541459174,True
V84D,-3.17611659107478,84,True,neutral,tolerant,84,-1.0673205452604082,True
V84E,-2.24121706700337,84,True,neutral,tolerant,84,-0.7531515148792122,True
V84F,-3.06057880325634,84,True,neutral,tolerant,84,-1.0284945603960334,True
V84G,-2.1849865208871897,84,True,neutral,tolerant,84,-0.7342554777155691,True
V84H,-3.2051970316940097,84,True,neutral,tolerant,84,-1.0770929043184319,True
V84I,-0.17836182149319102,84,True,neutral,tolerant,84,-0.05993773563121382,True
V84K,-1.82136185851455,84,True,neutral,tolerant,84,-0.6120609480801298,True
V84L,-1.42136449437944,84,True,neutral,tolerant,84,-0.47764352587619785,True
V84M,-1.10764117781203,84,True,neutral,tolerant,84,-0.37221813241281676,True
V84N,-2.55731555411234,84,True,neutral,tolerant,84,-0.8593750743559657,True
V84P,-2.6078225958494903,84,True,neutral,tolerant,84,-0.8763477520838143,True
V84Q,-1.89193956862389,84,True,neutral,tolerant,84,-0.6357782890142801,True
V84R,-2.73916738064934,84,True,neutral,tolerant,84,-0.9204856114192137,True
V84S,-0.926645626512408,84,True,neutral,tolerant,84,-0.3113953430209923,True
V84T,-0.9098114474019308,84,True,neutral,tolerant,84,-0.3057382883405387,True
V84V,0.0,84,True,neutral,tolerant,84,0.0,True
V84W,-4.63368080993461,84,True,mild,tolerant,84,-1.55712883542116,True
V84Y,-4.63368080993461,84,True,mild,tolerant,84,-1.55712883542116,True
P85A,-1.1219121241089398,85,True,neutral,tolerant,85,-0.3154176313904097,True
P85C,-3.752904187907,85,True,mild,tolerant,85,-1.0551023777596973,True
P85D,-4.98929487129592,85,True,mild,tolerant,85,-1.4027048436279022,True
P85E,-3.31780862963762,85,True,neutral,tolerant,85,-0.932778349461301,True
P85F,-5.88916626698606,85,True,impactful,tolerant,85,-1.6556973000647177,True
P85G,-2.5716025804112403,85,True,neutral,tolerant,85,-0.722987814607142,True
P85H,-2.99876476461181,85,True,neutral,tolerant,85,-0.8430814310899019,True
P85I,-2.55642042412873,85,True,neutral,tolerant,85,-0.7187194591173287,True
P85K,-2.78781192322546,85,True,neutral,tolerant,85,-0.7837735368838328,True
P85L,-4.4077614179632585,85,True,mild,tolerant,85,-1.2392108404142759,True
P85M,-1.9941787852751,85,True,neutral,tolerant,85,-0.5606492126288846,True
P85N,-3.43613943138193,85,True,neutral,tolerant,85,-0.9660462145682603,True
P85P,0.0,85,True,neutral,tolerant,85,0.0,True
P85Q,-3.47702549002578,85,True,neutral,tolerant,85,-0.9775410397842506,True
P85R,-3.65876243485576,85,True,mild,tolerant,85,-1.0286350920211222,True
P85S,-2.55212231684125,85,True,neutral,tolerant,85,-0.7175110767574754,True
P85T,-1.90779960323164,85,True,neutral,tolerant,85,-0.5363643186375405,True
P85V,-1.9640050065546,85,True,neutral,tolerant,85,-0.5521660688874106,True
P85W,-5.88916626698606,85,True,impactful,tolerant,85,-1.6556973000647177,True
P85Y,-5.88916626698606,85,True,impactful,tolerant,85,-1.6556973000647177,True
P86A,-4.22548641433852,86,True,mild,sensitive,86,-1.2593893870954607,True
P86C,-5.5019866224894916,86,True,mild,sensitive,86,-1.6398451872408135,True
P86D,-4.41385920451487,86,True,mild,sensitive,86,-1.3155331465359448,True
P86E,-3.31720903027583,86,True,neutral,sensitive,86,-0.9886809322899213,True
P86F,-6.6127799972727095,86,True,impactful,sensitive,86,-1.9709127260479238,True
P86G,-3.88429907149432,86,True,mild,sensitive,86,-1.1576998592031904,True
P86H,-3.20876776512521,86,True,neutral,sensitive,86,-0.9563604453536794,True
P86I,-3.82938713592696,86,True,mild,sensitive,86,-1.1413335756331533,True
P86K,-6.228793030137429,86,True,impactful,sensitive,86,-1.8564669406935648,True
P86L,-2.75176815637196,86,True,neutral,sensitive,86,-0.8201535331227904,True
P86M,-5.5019866224894916,86,True,mild,sensitive,86,-1.6398451872408135,True
P86N,-5.46081909586687,86,True,mild,sensitive,86,-1.6275753699848476,True
P86P,0.0,86,True,neutral,sensitive,86,0.0,True
P86Q,-4.20792473715456,86,True,mild,sensitive,86,-1.254155199194625,True
P86R,-5.032963484127549,86,True,mild,sensitive,86,-1.5000547099242028,True
P86S,-4.0208503413945005,86,True,mild,sensitive,86,-1.1983984210357732,True
P86T,-4.27702104580597,86,True,mild,sensitive,86,-1.274749078637184,True
P86V,-5.5019866224894916,86,True,mild,sensitive,86,-1.6398451872408135,True
P86W,-6.6127799972727095,86,True,impactful,sensitive,86,-1.9709127260479238,True
P86Y,-6.6127799972727095,86,True,impactful,sensitive,86,-1.9709127260479238,True
K87A,-4.14067727319243,87,True,mild,sensitive,87,-0.9728807275637381,True
K87C,-5.3526685573335895,87,True,mild,sensitive,87,-1.2576464517485322,True
K87D,-4.0268398381193,87,True,mild,sensitive,87,-0.9461338358475072,True
K87E,-2.963781278434,87,True,neutral,sensitive,87,-0.6963608840443565,True
K87F,-6.5548630272967605,87,True,impactful,sensitive,87,-1.5401103467695336,True
K87G,-4.41677358212439,87,True,mild,sensitive,87,-1.037751462515823,True
K87H,-5.0912001945252685,87,True,mild,sensitive,87,-1.1962126537824966,True
K87I,-4.40343313057303,87,True,mild,sensitive,87,-1.0346170312730547,True
K87K,0.0,87,True,neutral,sensitive,87,0.0,True
K87L,-4.00516741255195,87,True,mild,sensitive,87,-0.9410417497555674,True
K87M,-5.665133394180501,87,True,mild,sensitive,87,-1.3310622235542235,True
K87N,-3.62125125544816,87,True,mild,sensitive,87,-0.8508379966969185,True
K87P,-3.677231797239,87,True,mild,sensitive,87,-0.863991011683014,True
K87Q,-3.47493200690208,87,True,neutral,sensitive,87,-0.8164592785331777,True
K87R,-1.53117546309488,87,True,neutral,sensitive,87,-0.3597602518331455,True
K87S,-4.05652002681484,87,True,mild,sensitive,87,-0.9531074012010039,True
K87T,-3.33815212393068,87,True,neutral,sensitive,87,-0.7843219002055248,True
K87V,-4.98947228939601,87,True,mild,sensitive,87,-1.1723109797746156,True
K87W,-6.5548630272967605,87,True,impactful,sensitive,87,-1.5401103467695336,True
K87Y,-6.5548630272967605,87,True,impactful,sensitive,87,-1.5401103467695336,True
I88A,-3.71992121288502,88,True,mild,sensitive,88,-0.9218136318461986,True
I88C,-5.0042092687879,88,True,mild,sensitive,88,-1.2400661348959507,True
I88D,-4.24253918561452,88,True,mild,sensitive,88,-1.0513207756645073,True
I88E,-4.31957903628127,88,True,mild,sensitive,88,-1.070411605947154,True
I88F,-3.9026872520552898,88,True,mild,sensitive,88,-0.9671038992212507,True
I88G,-5.05692370890232,88,True,mild,sensitive,88,-1.253129016261367,True
I88H,-5.487216674935,88,True,mild,sensitive,88,-1.3597575976416787,True
I88I,0.0,88,True,neutral,sensitive,88,0.0,True
I88K,-4.22647273211211,88,True,mild,sensitive,88,-1.0473394343923736,True
I88L,-1.30907978889494,88,True,neutral,sensitive,88,-0.32439600881810354,True
I88M,-1.37976979117705,88,True,neutral,sensitive,88,-0.34191331738721437,True
I88N,-3.04407838800196,88,True,neutral,sensitive,88,-0.7543366630317238,True
I88P,-3.91445216897167,88,True,mild,sensitive,88,-0.9700192998898165,True
I88Q,-3.55528832563341,88,True,mild,sensitive,88,-0.8810168431418935,True
I88R,-4.21223824865524,88,True,mild,sensitive,88,-1.0438120637460864,True
I88S,-3.45723644674479,88,True,neutral,sensitive,88,-0.8567191353639476,True
I88T,-3.6924929728743,88,True,mild,sensitive,88,-0.9150167874797497,True
I88V,-1.63533069460678,88,True,neutral,sensitive,88,-0.40524248783643185,True
I88W,-5.9810211854315,88,True,impactful,sensitive,88,-1.4821246326385786,True
I88Y,-4.78193062885655,88,True,mild,sensitive,88,-1.184984462830633,True
P89A,-3.26321151671589,89,True,neutral,sensitive,89,-1.0825367931781715,True
P89C,-5.53668716537439,89,True,mild,sensitive,89,-1.8367389113860402,True
P89D,-3.6313336815646298,89,True,mild,sensitive,89,-1.2046575278568168,True
P89E,-3.3953506076948194,89,True,neutral,sensitive,89,-1.1263725749131448,True
P89F,-6.314768332700701,89,True,impactful,sensitive,89,-2.0948593204968318,True
P89G,-4.5420932976332,89,True,mild,sensitive,89,-1.5067926450824687,True
P89H,-4.3961797849566295,89,True,mild,sensitive,89,-1.4583873408951307,True
P89I,-6.21289435720407,89,True,impactful,sensitive,89,-2.0610636789401906,True
P89K,-4.11926336733876,89,True,mild,sensitive,89,-1.3665231729823724,True
P89L,-4.08223558957552,89,True,mild,sensitive,89,-1.3542395892817751,True
P89M,-6.21289435720407,89,True,impactful,sensitive,89,-2.0610636789401906,True
P89N,-3.27999331844308,89,True,neutral,sensitive,89,-1.0881039829641979,True
P89P,0.0,89,True,neutral,sensitive,89,0.0,True
P89Q,-4.16701994453196,89,True,mild,sensitive,89,-1.3823659253332594,True
P89R,-4.44631891090754,89,True,mild,sensitive,89,-1.4750204792441521,True
P89S,-3.2904935107030298,89,True,neutral,sensitive,89,-1.0915873135416407,True
P89T,-3.8420747535481,89,True,mild,sensitive,89,-1.2745687067942804,True
P89V,-6.21289435720407,89,True,impactful,sensitive,89,-2.0610636789401906,True
P89W,-6.314768332700701,89,True,impactful,sensitive,89,-2.0948593204968318,True
P89Y,-6.314768332700701,89,True,impactful,sensitive,89,-2.0948593204968318,True
D90A,-3.40927004294774,90,True,neutral,sensitive,90,-0.6394006794582205,True
D90C,-4.65041932294194,90,True,mild,sensitive,90,-0.8721753446916068,True
D90D,0.0,90,True,neutral,sensitive,90,0.0,True
D90E,-1.1308822151101898,90,True,neutral,sensitive,90,-0.21209433327947058,True
D90F,-6.110595290242621,90,True,impactful,sensitive,90,-1.1460279564997855,True
D90G,-1.89028118352259,90,True,neutral,sensitive,90,-0.35451784630894384,True
D90H,-1.92058439456151,90,True,neutral,sensitive,90,-0.36020114316837903,True
D90I,-5.30816923489308,90,True,mild,sensitive,90,-0.9955348132338852,True
D90K,-3.7220935673141,90,True,mild,sensitive,90,-0.6980700050061094,True
D90L,-3.34116204039405,90,True,neutral,sensitive,90,-0.6266271817414723,True
D90M,-3.32940489097896,90,True,neutral,sensitive,90,-0.6244221556714339,True
D90N,-3.74857988962852,90,True,mild,sensitive,90,-0.7030374532489441,True
D90P,-3.5156971555442103,90,True,mild,sensitive,90,-0.6593608372778464,True
D90Q,-2.67142588259998,90,True,neutral,sensitive,90,-0.5010197206261279,True
D90R,-5.36704451201298,90,True,mild,sensitive,90,-1.0065767347360044,True
D90S,-3.4978017355922,90,True,mild,sensitive,90,-0.6560045928230621,True
D90T,-2.6669938275615697,90,True,neutral,sensitive,90,-0.5001884989959089,True
D90V,-5.30816923489308,90,True,mild,sensitive,90,-0.9955348132338852,True
D90W,-6.110595290242621,90,True,impactful,sensitive,90,-1.1460279564997855,True
D90Y,-6.110595290242621,90,True,impactful,sensitive,90,-1.1460279564997855,True
G91A,-3.5838790586131,91,True,mild,sensitive,91,-0.6285784519137888,True
G91C,-5.597096938786612,91,True,mild,sensitive,91,-0.9816778053764413,True
G91D,-3.95792006629116,91,True,mild,sensitive,91,-0.6941817029480282,True
G91E,-3.2496867354481203,91,True,neutral,sensitive,91,-0.5699642828246657,True
G91F,-6.741857937142742,91,True,impactful,sensitive,91,-1.1824580449965925,True
G91G,0.0,91,True,neutral,sensitive,91,0.0,True
G91H,-5.26839350304886,91,True,mild,sensitive,91,-0.9240263351689796,True
G91I,-6.4953470738484,91,True,impactful,sensitive,91,-1.1392223737322131,True
G91K,-4.51690405372536,91,True,mild,sensitive,91,-0.7922222014468695,True
G91L,-6.4953470738484,91,True,impactful,sensitive,91,-1.1392223737322131,True
G91M,-6.4953470738484,91,True,impactful,sensitive,91,-1.1392223737322131,True
G91N,-3.98113128783418,91,True,mild,sensitive,91,-0.6982527314246938,True
G91P,-3.94797568970537,91,True,mild,sensitive,91,-0.6924375534560075,True
G91Q,-4.01901279235366,91,True,mild,sensitive,91,-0.7048967886257296,True
G91R,-6.2488362105540585,91,True,impactful,sensitive,91,-1.095986702467834,True
G91S,-3.04573154733867,91,True,neutral,sensitive,91,-0.5341924740373357,True
G91T,-4.27385930663226,91,True,mild,sensitive,91,-0.7495944541442917,True
G91V,-6.4953470738484,91,True,impactful,sensitive,91,-1.1392223737322131,True
G91W,-6.741857937142742,91,True,impactful,sensitive,91,-1.1824580449965925,True
G91Y,-6.741857937142742,91,True,impactful,sensitive,91,-1.1824580449965925,True
E92A,-3.64990474660947,92,True,mild,sensitive,92,-0.9451361458551545,True
E92C,-5.604447756767841,92,True,mild,sensitive,92,-1.451261476727213,True
E92D,-1.27472277987307,92,True,neutral,sensitive,92,-0.3300871279783869,True
E92E,0.0,92,True,neutral,sensitive,92,0.0,True
E92F,-6.378208451417558,92,True,impactful,sensitive,92,-1.6516253907265523,True
E92G,-2.92374059633646,92,True,neutral,sensitive,92,-0.7570972698037268,True
E92H,-3.9008819091749305,92,True,mild,sensitive,92,-1.010126222197594,True
E92I,-6.1452832728622,92,True,impactful,sensitive,92,-1.5913098425641143,True
E92K,-4.36531481655373,92,True,mild,sensitive,92,-1.1303902725118005,True
E92L,-6.1452832728622,92,True,impactful,sensitive,92,-1.5913098425641143,True
E92M,-6.1452832728622,92,True,impactful,sensitive,92,-1.5913098425641143,True
E92N,-2.72315979774002,92,True,neutral,sensitive,92,-0.7051572395620903,True
E92P,-5.16507867979812,92,True,mild,sensitive,92,-1.337487659369143,True
E92Q,-1.4502124298903,92,True,neutral,sensitive,92,-0.37552985127379057,True
E92R,-3.6325076784188495,92,True,mild,sensitive,92,-0.9406312069265053,True
E92S,-4.081227095963319,92,True,mild,sensitive,92,-1.0568262778423456,True
E92T,-5.604447756767841,92,True,mild,sensitive,92,-1.451261476727213,True
E92V,-6.1452832728622,92,True,impactful,sensitive,92,-1.5913098425641143,True
E92W,-6.378208451417558,92,True,impactful,sensitive,92,-1.6516253907265523,True
E92Y,-6.378208451417558,92,True,impactful,sensitive,92,-1.6516253907265523,True
R93A,-2.83512350481646,93,True,neutral,tolerant,93,-0.5631039863912759,True
R93C,-2.8686868750858,93,True,neutral,tolerant,93,-0.5697702453966716,True
R93D,-3.06390261209715,93,True,neutral,tolerant,93,-0.6085434274223056,True
R93E,-2.56782658342998,93,True,neutral,tolerant,93,-0.5100142491268718,True
R93F,-4.0638444941432,93,True,mild,tolerant,93,-0.8071489763457123,True
R93G,-3.06907194932723,93,True,neutral,tolerant,93,-0.6095701461512476,True
R93H,-4.52905365629556,93,True,mild,tolerant,93,-0.8995474673704263,True
R93I,-2.78308482740842,93,True,neutral,tolerant,93,-0.5527682156055534,True
R93K,-0.5997253165461949,93,True,neutral,tolerant,93,-0.1191156984565985,True
R93L,-2.85214212992978,93,True,neutral,tolerant,93,-0.5664841762235455,True
R93M,-3.38610256130199,93,True,neutral,tolerant,93,-0.6725378444218069,True
R93N,-2.88838166240044,93,True,neutral,tolerant,93,-0.5736819667834688,True
R93P,-4.21494087047835,93,True,mild,tolerant,93,-0.8371592992466568,True
R93Q,-3.36326405367397,93,True,neutral,tolerant,93,-0.668001726447857,True
R93R,0.0,93,True,neutral,tolerant,93,0.0,True
R93S,-2.96114320032893,93,True,neutral,tolerant,93,-0.588133651866636,True
R93T,-4.93646343930112,93,True,mild,tolerant,93,-0.9804660137813656,True
R93V,-2.95685021469418,93,True,neutral,tolerant,93,-0.5872809915432528,True
R93W,-5.25545105389442,93,True,mild,tolerant,93,-1.0438224062213344,True
R93Y,-5.25545105389442,93,True,mild,tolerant,93,-1.0438224062213344,True
V94A,-4.42518882137336,94,True,mild,sensitive,94,-2.2827781773388334,True
V94C,-5.66251493861687,94,True,mild,sensitive,94,-2.921065304218603,True
V94D,-4.536743054693232,94,True,mild,sensitive,94,-2.3403245509946666,True
V94E,-4.07830648896219,94,True,mild,sensitive,94,-2.1038354360239304,True
V94F,-5.011133757264719,94,True,mild,sensitive,94,-2.5850437679763596,True
V94G,-3.01820832299801,94,True,neutral,sensitive,94,-1.5569731309824675,True
V94H,-5.66251493861687,94,True,mild,sensitive,94,-2.921065304218603,True
V94I,-1.9729866002889895,94,True,neutral,sensitive,94,-1.0177849888728265,True
V94K,-4.6292017612802185,94,True,mild,sensitive,94,-2.388020305056579,True
V94L,-0.7211480307219871,94,True,neutral,sensitive,94,-0.3720114674456131,True
V94M,-2.21567656617575,94,True,neutral,sensitive,94,-1.142979049589419,True
V94N,-4.46712643413519,94,True,mild,sensitive,94,-2.304412116835382,True
V94P,-2.905342276066209,94,True,neutral,sensitive,94,-1.4987500450761682,True
V94Q,-5.66251493861687,94,True,mild,sensitive,94,-2.921065304218603,True
V94R,-4.61705796463474,94,True,mild,sensitive,94,-2.3817558053727588,True
V94S,-5.66251493861687,94,True,mild,sensitive,94,-2.921065304218603,True
V94T,-4.03489838628897,94,True,mild,sensitive,94,-2.0814429295113253,True
V94V,0.0,94,True,neutral,sensitive,94,0.0,True
V94W,-5.974163742341911,94,True,impactful,sensitive,94,-3.0818324752602417,True
V94Y,-5.974163742341911,94,True,impactful,sensitive,94,-3.0818324752602417,True
D95A,-3.9940350540428704,95,True,mild,sensitive,95,-2.5252075272666468,True
D95C,-3.43735203066113,95,True,neutral,sensitive,95,-2.17324763159117,True
D95D,0.0,95,True,neutral,sensitive,95,0.0,True
D95E,-2.09878439746705,95,True,neutral,sensitive,95,-1.3269453289421986,True
D95F,-4.112182438412971,95,True,mild,sensitive,95,-2.5999055858218036,True
D95G,-4.592988785832019,95,True,mild,sensitive,95,-2.90389285464439,True
D95H,-0.592492919844417,95,True,neutral,sensitive,95,-0.3746005132150391,True
D95I,-5.954008728985831,95,True,impactful,sensitive,95,-3.764390511452171,True
D95K,-4.46431687205555,95,True,mild,sensitive,95,-2.8225407180658064,True
D95L,-4.92199948893681,95,True,mild,sensitive,95,-3.1119081306221332,True
D95M,-4.66691599618342,95,True,mild,sensitive,95,-2.950632942180732,True
D95N,-1.79875675852557,95,True,neutral,sensitive,95,-1.137254441909004,True
D95P,-4.28228869293626,95,True,mild,sensitive,95,-2.70745436507514,True
D95Q,-3.09283937792116,95,True,neutral,sensitive,95,-1.9554313299898685,True
D95R,-4.49267640829643,95,True,mild,sensitive,95,-2.8404708847809865,True
D95S,-3.66111447585225,95,True,mild,sensitive,95,-2.3147202534561813,True
D95T,-3.57427415698865,95,True,mild,sensitive,95,-2.259815921396645,True
D95V,-3.95120677755914,95,True,mild,sensitive,95,-2.498129576098667,True
D95W,-6.24091583948317,95,True,impactful,sensitive,95,-3.945786013807827,True
D95Y,-6.24091583948317,95,True,impactful,sensitive,95,-3.945786013807827,True
F96A,-4.39243310769542,96,True,mild,sensitive,96,-1.410703022540256,True
F96C,-4.86755164232757,96,True,mild,sensitive,96,-1.5632952502275053,True
F96D,-4.5409109876367015,96,True,mild,sensitive,96,-1.458389165704638,True
F96E,-4.29972584688428,96,True,mild,sensitive,96,-1.3809285422394457,True
F96F,0.0,96,True,neutral,sensitive,96,0.0,True
F96G,-5.43067286450565,96,True,mild,sensitive,96,-1.7441510061845893,True
F96H,-5.72499628102293,96,True,mild,sensitive,96,-1.8386778716154775,True
F96I,-3.20921996994279,96,True,neutral,sensitive,96,-1.0306944239317422,True
F96K,-3.96138500018731,96,True,mild,sensitive,96,-1.2722647462562968,True
F96L,-2.8762011954075097,96,True,neutral,sensitive,96,-0.9237399000309656,True
F96M,-3.87551808472396,96,True,mild,sensitive,96,-1.2446871567494389,True
F96N,-3.72246508057228,96,True,mild,sensitive,96,-1.1955316362732433,True
F96P,-2.84825385698009,96,True,neutral,sensitive,96,-0.9147641469973123,True
F96Q,-5.72499628102293,96,True,mild,sensitive,96,-1.8386778716154775,True
F96R,-3.56669016902629,96,True,mild,sensitive,96,-1.1455019299200904,True
F96S,-4.234761047600291,96,True,mild,sensitive,96,-1.3600640153447543,True
F96T,-5.70227614004166,96,True,mild,sensitive,96,-1.8313809200697235,True
F96V,-3.14570695242448,96,True,neutral,sensitive,96,-1.0102961609219403,True
F96W,-4.08661607935348,96,True,mild,sensitive,96,-1.3124847923137275,True
F96Y,-2.837257886490069,96,True,neutral,sensitive,96,-0.9112326080015655,True
D97A,-4.87379881323367,97,True,mild,sensitive,97,-2.519354243897279,True
D97C,-5.7818482537681115,97,True,impactful,sensitive,97,-2.9887413276372325,True
D97D,0.0,97,True,neutral,sensitive,97,0.0,True
D97E,-1.8837679506108096,97,True,neutral,sensitive,97,-0.9737535263053311,True
D97F,-6.71375217800185,97,True,impactful,sensitive,97,-3.4704592229364604,True
D97G,-3.98681947458384,97,True,mild,sensitive,97,-2.06085867468973,True
D97H,-4.09915313584053,97,True,mild,sensitive,97,-2.1189259641008396,True
D97I,-3.77886538171237,97,True,mild,sensitive,97,-1.953363464795347,True
D97K,-3.50319787173904,97,True,mild,sensitive,97,-1.8108659720243818,True
D97L,-5.09833023727274,97,True,mild,sensitive,97,-2.635418574354494,True
D97M,-3.76948647760202,97,True,mild,sensitive,97,-1.9485153406156297,True
D97N,-2.0483977075563,97,True,neutral,sensitive,97,-1.0588536079308204,True
D97P,-6.71375217800185,97,True,impactful,sensitive,97,-3.4704592229364604,True
D97Q,-0.5913541544812341,97,True,neutral,sensitive,97,-0.3056815957797222,True
D97R,-4.472597371699809,97,True,mild,sensitive,97,-2.311966004636863,True
D97S,-3.77853874481706,97,True,mild,sensitive,97,-1.9531946203107988,True
D97T,-4.725964068184322,97,True,mild,sensitive,97,-2.442935805917392,True
D97V,-3.8352286377560096,97,True,mild,sensitive,97,-1.982498645330056,True
D97W,-6.71375217800185,97,True,impactful,sensitive,97,-3.4704592229364604,True
D97Y,-6.71375217800185,97,True,impactful,sensitive,97,-3.4704592229364604,True
D98A,-3.6038131346071696,98,True,mild,sensitive,98,-2.620596637713409,True
D98C,-5.80685214403366,98,True,impactful,sensitive,98,-4.222587752461886,True
D98D,0.0,98,True,neutral,sensitive,98,0.0,True
D98E,-2.13271612938766,98,True,neutral,sensitive,98,-1.550854195019099,True
D98F,-3.82048808779244,98,True,mild,sensitive,98,-2.778156875324321,True
D98G,-6.82544900548875,98,True,impactful,sensitive,98,-4.963284178889003,True
D98H,-3.47316520684057,98,True,neutral,sensitive,98,-2.52559295482498,True
D98I,-6.0778481824240185,98,True,impactful,sensitive,98,-4.4196488320777245,True
D98K,-3.82413357368756,98,True,mild,sensitive,98,-2.780807775280216,True
D98L,-6.0778481824240185,98,True,impactful,sensitive,98,-4.4196488320777245,True
D98M,-6.0778481824240185,98,True,impactful,sensitive,98,-4.4196488320777245,True
D98N,-3.0584801913981097,98,True,neutral,sensitive,98,-2.224045089664346,True
D98P,-6.82544900548875,98,True,impactful,sensitive,98,-4.963284178889003,True
D98Q,-1.99734113205903,98,True,neutral,sensitive,98,-1.452413113426077,True
D98R,-3.90661226177284,98,True,mild,sensitive,98,-2.8407840738856254,True
D98S,-5.80685214403366,98,True,impactful,sensitive,98,-4.222587752461886,True
D98T,-4.9335801681145,98,True,mild,sensitive,98,-3.5875677005266593,True
D98V,-3.94271288425729,98,True,mild,sensitive,98,-2.867035482149174,True
D98W,-5.319184332635411,98,True,mild,sensitive,98,-3.8679687477751696,True
D98Y,-5.319184332635411,98,True,mild,sensitive,98,-3.8679687477751696,True
I99A,-4.78711925888504,99,True,mild,sensitive,99,-3.14377217120814,True
I99C,-5.86363040810515,99,True,impactful,sensitive,99,-3.8507329987730894,True
I99D,-5.8301917846226,99,True,impactful,sensitive,99,-3.8287733591102926,True
I99E,-4.56030348300884,99,True,mild,sensitive,99,-2.9948188893639234,True
I99F,-3.0238620636647497,99,True,neutral,sensitive,99,-1.9858150363973512,True
I99G,-6.6714693621311785,99,True,impactful,sensitive,99,-4.381252813538771,True
I99H,-5.8301917846226,99,True,impactful,sensitive,99,-3.8287733591102926,True
I99I,0.0,99,True,neutral,sensitive,99,0.0,True
I99K,-3.845539073536581,99,True,mild,sensitive,99,-2.525422507542371,True
I99L,-1.4372786913728002,99,True,neutral,sensitive,99,-0.943882219734098,True
I99M,-1.47622667369387,99,True,neutral,sensitive,99,-0.9694599370049655,True
I99N,-5.60050247080908,99,True,mild,sensitive,99,-3.677932982311529,True
I99P,-6.6714693621311785,99,True,impactful,sensitive,99,-4.381252813538771,True
I99Q,-4.56476735939638,99,True,mild,sensitive,99,-2.9977503831504664,True
I99R,-3.68498385802031,99,True,mild,sensitive,99,-2.4199835177897033,True
I99S,-3.78004432663871,99,True,mild,sensitive,99,-2.482411136502118,True
I99T,-5.86363040810515,99,True,impactful,sensitive,99,-3.8507329987730894,True
I99V,-2.53384194314772,99,True,neutral,sensitive,99,-1.6640115602557741,True
I99W,-5.77158252955937,99,True,mild,sensitive,99,-3.7902837926134816,True
I99Y,-5.77158252955937,99,True,mild,sensitive,99,-3.7902837926134816,True
H100A,-3.6698867667885,100,True,mild,sensitive,100,-1.966933531222723,True
H100C,-5.24943742375339,100,True,mild,sensitive,100,-2.813518548386054,True
H100D,-3.9366357369343,100,True,mild,sensitive,100,-2.109901837097197,True
H100E,-2.92082823420115,100,True,neutral,sensitive,100,-1.5654638297790822,True
H100F,-4.4406822238667685,100,True,mild,sensitive,100,-2.380053479217229,True
H100G,-6.44529680486122,100,True,impactful,sensitive,100,-3.4544581917055184,True
H100H,0.0,100,True,neutral,sensitive,100,0.0,True
H100I,-6.210236732989732,100,True,impactful,sensitive,100,-3.3284740492519216,True
H100K,-3.50191739071808,100,True,mild,sensitive,100,-1.8769077023602736,True
H100L,-5.4035589651365115,100,True,mild,sensitive,100,-2.896122412454447,True
H100M,-6.210236732989732,100,True,impactful,sensitive,100,-3.3284740492519216,True
H100N,-1.45768342012839,100,True,neutral,sensitive,100,-0.7812683548999506,True
H100P,-6.44529680486122,100,True,impactful,sensitive,100,-3.4544581917055184,True
H100Q,-1.32139761516162,100,True,neutral,sensitive,100,-0.7082238342774785,True
H100R,-3.68188592226178,100,True,mild,sensitive,100,-1.973364667316713,True
H100S,-2.8474068247262,100,True,neutral,sensitive,100,-1.5261124706273965,True
H100T,-3.2137054755461003,100,True,neutral,sensitive,100,-1.7224359935381044,True
H100V,-6.210236732989732,100,True,impactful,sensitive,100,-3.3284740492519216,True
H100W,-5.26999644550378,100,True,mild,sensitive,100,-2.8245374794375335,True
H100Y,-2.7186514151185603,100,True,neutral,sensitive,100,-1.4571039838328015,True
R101A,-3.51820041529544,101,True,mild,sensitive,101,-2.005965550517293,True
R101C,-5.57993152931291,101,True,mild,sensitive,101,-3.1814988064308527,True
R101D,-3.60719458609369,101,True,mild,sensitive,101,-2.0567071853718697,True
R101E,-3.59797398020632,101,True,mild,sensitive,101,-2.051449890283009,True
R101F,-6.60212296532033,101,True,impactful,sensitive,101,-3.7643197275330684,True
R101G,-4.24774687095749,101,True,mild,sensitive,101,-2.421929647161052,True
R101H,-4.90438936196687,101,True,mild,sensitive,101,-2.7963262307792323,True
R101I,-6.36148999011714,101,True,impactful,sensitive,101,-3.6271184878090525,True
R101K,-1.39654444113017,101,True,neutral,sensitive,101,-0.7962650525803824,True
R101L,-6.36148999011714,101,True,impactful,sensitive,101,-3.6271184878090525,True
R101M,-6.36148999011714,101,True,impactful,sensitive,101,-3.6271184878090525,True
R101N,-4.90438936196687,101,True,mild,sensitive,101,-2.7963262307792323,True
R101P,-5.01532258203872,101,True,mild,sensitive,101,-2.8595768110772273,True
R101Q,-1.63471153953417,101,True,neutral,sensitive,101,-0.9320603280820388,True
R101R,0.0,101,True,neutral,sensitive,101,0.0,True
R101S,-4.33172744433326,101,True,mild,sensitive,101,-2.469812688835452,True
R101T,-5.57993152931291,101,True,mild,sensitive,101,-3.1814988064308527,True
R101V,-6.36148999011714,101,True,impactful,sensitive,101,-3.6271184878090525,True
R101W,-6.60212296532033,101,True,impactful,sensitive,101,-3.7643197275330684,True
R101Y,-6.60212296532033,101,True,impactful,sensitive,101,-3.7643197275330684,True
K102A,-4.2467300665020185,102,True,mild,sensitive,102,-2.3865637237902324,True
K102C,-5.73352727558805,102,True,mild,sensitive,102,-3.2221092442899626,True
K102D,-4.874797078681059,102,True,mild,sensitive,102,-2.739522806167338,True
K102E,-2.79105487300485,102,True,neutral,sensitive,102,-1.5685080536583154,True
K102F,-6.80839601533922,102,True,impactful,sensitive,102,-3.8261605265602356,True
K102G,-5.53115428490083,102,True,mild,sensitive,102,-3.108380320933438,True
K102H,-4.874797078681059,102,True,mild,sensitive,102,-2.739522806167338,True
K102I,-5.77133062860608,102,True,mild,sensitive,102,-3.243353851208146,True
K102K,0.0,102,True,neutral,sensitive,102,0.0,True
K102L,-5.77133062860608,102,True,mild,sensitive,102,-3.243353851208146,True
K102M,-3.9235081504603,102,True,mild,sensitive,102,-2.2049205094866395,True
K102N,-3.15778890810817,102,True,neutral,sensitive,102,-1.774604068886737,True
K102P,-6.80839601533922,102,True,impactful,sensitive,102,-3.8261605265602356,True
K102Q,-2.8219186175849,102,True,neutral,sensitive,102,-1.58585276171407,True
K102R,-1.93118188686582,102,True,neutral,sensitive,102,-1.0852793945133004,True
K102S,-3.5349002267945897,102,True,mild,sensitive,102,-1.986531876615055,True
K102T,-4.67531457469266,102,True,mild,sensitive,102,-2.627418269242604,True
K102V,-4.85267003458052,102,True,mild,sensitive,102,-2.7270879209878918,True
K102W,-6.80839601533922,102,True,impactful,sensitive,102,-3.8261605265602356,True
K102Y,-6.80839601533922,102,True,impactful,sensitive,102,-3.8261605265602356,True
R103A,-4.698278706632371,103,True,mild,sensitive,103,-1.9385007571785513,True
R103C,-5.00268085178434,103,True,mild,sensitive,103,-2.064096496748209,True
R103D,-4.3703468725837205,103,True,mild,sensitive,103,-1.8031967132296742,True
R103E,-4.23134784451348,103,True,mild,sensitive,103,-1.7458459816136735,True
R103F,-6.92417692232068,103,True,impactful,sensitive,103,-2.8569020794379134,True
R103G,-5.4750084275294615,103,True,mild,sensitive,103,-2.2589779459746464,True
R103H,-4.28820219924832,103,True,mild,sensitive,103,-1.769303979017447,True
R103I,-6.02394494123549,103,True,impactful,sensitive,103,-2.4854680956458277,True
R103K,-2.67027751408632,103,True,neutral,sensitive,103,-1.101751366011124,True
R103L,-4.51374335138871,103,True,mild,sensitive,103,-1.8623618245602995,True
R103M,-6.02394494123549,103,True,impactful,sensitive,103,-2.4854680956458277,True
R103N,-4.5794006343913,103,True,mild,sensitive,103,-1.8894518932348412,True
R103P,-6.92417692232068,103,True,impactful,sensitive,103,-2.8569020794379134,True
R103Q,-3.44518473153148,103,True,neutral,sensitive,103,-1.4214765933885527,True
R103R,0.0,103,True,neutral,sensitive,103,0.0,True
R103S,-5.14713122823985,103,True,mild,sensitive,103,-2.1236964442222583,True
R103T,-5.99494706909952,103,True,impactful,sensitive,103,-2.4735036293801733,True
R103V,-6.02394494123549,103,True,impactful,sensitive,103,-2.4854680956458277,True
R103W,-6.92417692232068,103,True,impactful,sensitive,103,-2.8569020794379134,True
R103Y,-6.92417692232068,103,True,impactful,sensitive,103,-2.8569020794379134,True
M104A,-2.60274709283739,104,True,neutral,tolerant,104,-1.5328749938901496,True
M104C,-5.04181586601707,104,True,mild,tolerant,104,-2.969352453061801,True
M104D,-2.99275580452176,104,True,neutral,tolerant,104,-1.7625686906713276,True
M104E,-1.4308187222953102,104,True,neutral,tolerant,104,-0.8426735913881442,True
M104F,-6.165435226848151,104,True,impactful,tolerant,104,-3.631102503848009,True
M104G,-6.165435226848151,104,True,impactful,tolerant,104,-3.631102503848009,True
M104H,-3.01726409072748,104,True,neutral,tolerant,104,-1.7770027243011168,True
M104I,-1.15979796977223,104,True,neutral,tolerant,104,-0.6830572631205267,True
M104K,-3.09986631049497,104,True,neutral,tolerant,104,-1.8256508920273826,True
M104L,-0.942705848901836,104,True,neutral,tolerant,104,-0.5552019350448244,True
M104M,0.0,104,True,neutral,tolerant,104,0.0,True
M104N,-1.66151551552214,104,True,neutral,tolerant,104,-0.9785413237856643,True
M104P,-6.165435226848151,104,True,impactful,tolerant,104,-3.631102503848009,True
M104Q,-1.31023488341899,104,True,neutral,tolerant,104,-0.7716563374300248,True
M104R,-3.03568014705885,104,True,neutral,tolerant,104,-1.787848769356403,True
M104S,-3.73426992177222,104,True,mild,tolerant,104,-2.1992797530245425,True
M104T,-3.83565971695432,104,True,mild,tolerant,104,-2.258992770127889,True
M104V,-1.36117256890328,104,True,neutral,tolerant,104,-0.8016558347074915,True
M104W,-6.165435226848151,104,True,impactful,tolerant,104,-3.631102503848009,True
M104Y,-6.165435226848151,104,True,impactful,tolerant,104,-3.631102503848009,True
K105A,-2.77794135401713,105,True,neutral,sensitive,105,-1.04912125150878,True
K105C,-4.98291752642296,105,True,mild,sensitive,105,-1.8818556640608095,True
K105D,-5.82431874082202,105,True,impactful,sensitive,105,-2.1996204339307157,True
K105E,-4.47363533258325,105,True,mild,sensitive,105,-1.6895194321243021,True
K105F,-7.0614996313598715,105,True,impactful,sensitive,105,-2.6668559147470665,True
K105G,-5.40550574732847,105,True,mild,sensitive,105,-2.0414509278514372,True
K105H,-5.82431874082202,105,True,impactful,sensitive,105,-2.1996204339307157,True
K105I,-6.39625517562488,105,True,impactful,sensitive,105,-2.4156187549162014,True
K105K,0.0,105,True,neutral,sensitive,105,0.0,True
K105L,-5.16843716129219,105,True,mild,sensitive,105,-1.9519192711387645,True
K105M,-6.39625517562488,105,True,impactful,sensitive,105,-2.4156187549162014,True
K105N,-5.82431874082202,105,True,impactful,sensitive,105,-2.1996204339307157,True
K105P,-7.0614996313598715,105,True,impactful,sensitive,105,-2.6668559147470665,True
K105Q,-5.82431874082202,105,True,impactful,sensitive,105,-2.1996204339307157,True
K105R,-2.68146401964396,105,True,neutral,sensitive,105,-1.0126854852772704,True
K105S,-3.55589564894171,105,True,mild,sensitive,105,-1.3429245682446282,True
K105T,-3.9373687910930095,105,True,mild,sensitive,105,-1.4869922533784485,True
K105V,-5.505334260182692,105,True,mild,sensitive,105,-2.0791523048767044,True
K105W,-7.0614996313598715,105,True,impactful,sensitive,105,-2.6668559147470665,True
K105Y,-7.0614996313598715,105,True,impactful,sensitive,105,-2.6668559147470665,True
D106A,-4.6340711314425,106,True,mild,sensitive,106,-2.35620043208047,True
D106C,-6.02583477008267,106,True,impactful,sensitive,106,-3.0638447460547957,True
D106D,0.0,106,True,neutral,sensitive,106,0.0,True
D106E,-2.7931636803735698,106,True,neutral,sensitive,106,-1.4201882715855203,True
D106F,-7.0948098610229895,106,True,impactful,sensitive,106,-3.6073667377797713,True
D106G,-4.7991255803667405,106,True,mild,sensitive,106,-2.440122614723152,True
D106H,-4.29324534367711,106,True,mild,sensitive,106,-2.182907048008697,True
D106I,-4.91800790404461,106,True,mild,sensitive,106,-2.5005685108847273,True
D106K,-5.34983904923125,106,True,mild,sensitive,106,-2.7201337057240744,True
D106L,-5.0228517838634295,106,True,mild,sensitive,106,-2.55387653916551,True
D106M,-5.141419650684799,106,True,mild,sensitive,106,-2.6141625492657496,True
D106N,-3.40473552358463,106,True,neutral,sensitive,106,-1.731142894496886,True
D106P,-7.0948098610229895,106,True,impactful,sensitive,106,-3.6073667377797713,True
D106Q,-3.26815324369421,106,True,neutral,sensitive,106,-1.6616974289948994,True
D106R,-6.6884990921819805,106,True,impactful,sensitive,106,-3.400777416652081,True
D106S,-4.65701822063801,106,True,mild,sensitive,106,-2.367867914072836,True
D106T,-4.65958553246659,106,True,mild,sensitive,106,-2.3691732676309076,True
D106V,-6.02583477008267,106,True,impactful,sensitive,106,-3.0638447460547957,True
D106W,-7.0948098610229895,106,True,impactful,sensitive,106,-3.6073667377797713,True
D106Y,-7.0948098610229895,106,True,impactful,sensitive,106,-3.6073667377797713,True
L107A,-5.961131769711031,107,True,impactful,sensitive,107,-3.354051527682282,True
L107C,-5.961131769711031,107,True,impactful,sensitive,107,-3.354051527682282,True
L107D,-4.65179591248468,107,True,mild,sensitive,107,-2.6173491527250317,True
L107E,-4.41620822509174,107,True,mild,sensitive,107,-2.4847949208561175,True
L107F,-2.49070415963258,107,True,neutral,sensitive,107,-1.4014033600242377,True
L107G,-7.02097328589639,107,True,impactful,sensitive,107,-3.95037504371738,True
L107H,-5.750157245057792,107,True,mild,sensitive,107,-3.235345977452591,True
L107I,-3.01479418811984,107,True,neutral,sensitive,107,-1.6962844377454833,True
L107K,-7.02097328589639,107,True,impactful,sensitive,107,-3.95037504371738,True
L107L,0.0,107,True,neutral,sensitive,107,0.0,True
L107M,-1.5655629035830398,107,True,neutral,sensitive,107,-0.8808694139468667,True
L107N,-4.75574398151985,107,True,mild,sensitive,107,-2.6758358953799313,True
L107P,-4.66908039292772,107,True,mild,sensitive,107,-2.627074325775179,True
L107Q,-3.22209712203234,107,True,neutral,sensitive,107,-1.8129241546722483,True
L107R,-7.02097328589639,107,True,impactful,sensitive,107,-3.95037504371738,True
L107S,-5.080213586627768,107,True,mild,sensitive,107,-2.8583998474516426,True
L107T,-3.37839253548494,107,True,neutral,sensitive,107,-1.9008643127684077,True
L107V,-2.234656639350089,107,True,neutral,sensitive,107,-1.2573373320048002,True
L107W,-5.46313505054173,107,True,mild,sensitive,107,-3.073851941221618,True
L107Y,-2.73215254984298,107,True,neutral,sensitive,107,-1.5372551367214802,True
N108A,-1.4117123530428402,108,True,neutral,tolerant,108,-0.7645322849435472,True
N108C,-2.2686641973607,108,True,neutral,tolerant,108,-1.2286263691319843,True
N108D,-2.3614511241236,108,True,neutral,tolerant,108,-1.2788764083683957,True
N108E,-1.79559420218735,108,True,neutral,tolerant,108,-0.9724287920770369,True
N108F,-2.748047282253,108,True,neutral,tolerant,108,-1.4882428869488222,True
N108G,-3.3483491779592205,108,True,neutral,tolerant,108,-1.8133446536019133,True
N108H,-3.53034223966873,108,True,mild,tolerant,108,-1.9119055049061737,True
N108I,-1.1232839044109,108,True,neutral,tolerant,108,-0.6083298826623738,True
N108K,-3.04295131189108,108,True,neutral,tolerant,108,-1.6479522293883713,True
N108L,-0.78846171179336,108,True,neutral,tolerant,108,-0.42700230879794904,True
N108M,-0.853648864219988,108,True,neutral,tolerant,108,-0.46230530978555945,True
N108N,0.0,108,True,neutral,tolerant,108,0.0,True
N108P,-5.48819127138657,108,True,mild,tolerant,108,-2.972205636563609,True
N108Q,-1.33951954565884,108,True,neutral,tolerant,108,-0.725435274942315,True
N108R,-3.7116994330825297,108,True,mild,tolerant,108,-2.010121992969584,True
N108S,-1.35383635438102,108,True,neutral,tolerant,108,-0.7331887400599612,True
N108T,-1.29270860505743,108,True,neutral,tolerant,108,-0.7000841647808056,True
N108V,-1.0884786949920402,108,True,neutral,tolerant,108,-0.5894806417192139,True
N108W,-4.68560115630397,108,True,mild,tolerant,108,-2.5375518962073516,True
N108Y,-2.5330151180704,108,True,neutral,tolerant,108,-1.37178925426329,True
E109A,-5.44138172428413,109,True,mild,sensitive,109,-2.79651631409134,True
E109C,-6.458158670957639,109,True,impactful,sensitive,109,-3.3190735363635064,True
E109D,-1.61516966361807,109,True,neutral,sensitive,109,-0.8300921609993448,True
E109E,0.0,109,True,neutral,sensitive,109,0.0,True
E109F,-7.048564874754961,109,True,impactful,sensitive,109,-3.6225039267533967,True
E109G,-7.048564874754961,109,True,impactful,sensitive,109,-3.6225039267533967,True
E109H,-4.258420186768641,109,True,mild,sensitive,109,-2.1885510203056215,True
E109I,-4.48960954346429,109,True,mild,sensitive,109,-2.3073673137404884,True
E109K,-5.0825872493721915,109,True,mild,sensitive,109,-2.6121192889719387,True
E109L,-5.45342462590824,109,True,mild,sensitive,109,-2.802705582289621,True
E109M,-6.334727195675511,109,True,impactful,sensitive,109,-3.255637785705112,True
E109N,-4.258420186768641,109,True,mild,sensitive,109,-2.1885510203056215,True
E109P,-7.048564874754961,109,True,impactful,sensitive,109,-3.6225039267533967,True
E109Q,-2.12798542999533,109,True,neutral,sensitive,109,-1.093646112819538,True
E109R,-4.904429821173821,109,True,mild,sensitive,109,-2.5205579577369304,True
E109S,-6.06024781235664,109,True,impactful,sensitive,109,-3.1145732340477044,True
E109T,-6.458158670957639,109,True,impactful,sensitive,109,-3.3190735363635064,True
E109V,-6.334727195675511,109,True,impactful,sensitive,109,-3.255637785705112,True
E109W,-7.048564874754961,109,True,impactful,sensitive,109,-3.6225039267533967,True
E109Y,-7.048564874754961,109,True,impactful,sensitive,109,-3.6225039267533967,True
L110A,-5.11696077451962,110,True,mild,sensitive,110,-2.5681771012963983,True
L110C,-6.5118331008085715,110,True,impactful,sensitive,110,-3.268256567499386,True
L110D,-6.983974408375111,110,True,impactful,sensitive,110,-3.5052219358302312,True
L110E,-6.20661249864375,110,True,impactful,sensitive,110,-3.1150678689995073,True
L110F,-6.63864275734637,110,True,impactful,sensitive,110,-3.3319017018856685,True
L110G,-7.245207717784539,110,True,impactful,sensitive,110,-3.6363336314019357,True
L110H,-6.983974408375111,110,True,impactful,sensitive,110,-3.5052219358302312,True
L110I,-3.0855307518098503,110,True,neutral,sensitive,110,-1.5486125009210845,True
L110K,-5.48956053513247,110,True,mild,sensitive,110,-2.7551830634916574,True
L110L,0.0,110,True,neutral,sensitive,110,0.0,True
L110M,-1.8710456267346105,110,True,neutral,sensitive,110,-0.9390684716577107,True
L110N,-6.983974408375111,110,True,impactful,sensitive,110,-3.5052219358302312,True
L110P,-7.245207717784539,110,True,impactful,sensitive,110,-3.6363336314019357,True
L110Q,-6.983974408375111,110,True,impactful,sensitive,110,-3.5052219358302312,True
L110R,-5.65238703560912,110,True,mild,sensitive,110,-2.8369048722830525,True
L110S,-6.5118331008085715,110,True,impactful,sensitive,110,-3.268256567499386,True
L110T,-5.531375772631309,110,True,mild,sensitive,110,-2.7761699227156997,True
L110V,-4.374968378555669,110,True,mild,sensitive,110,-2.19577481708511,True
L110W,-5.2675870503408,110,True,mild,sensitive,110,-2.6437756781594044,True
L110Y,-6.63864275734637,110,True,impactful,sensitive,110,-3.3319017018856685,True
Q111A,-4.719291306946509,111,True,mild,sensitive,111,-2.731451589283395,True
Q111C,-5.73656674637387,111,True,mild,sensitive,111,-3.3202346151739226,True
Q111D,-4.19341322720614,111,True,mild,sensitive,111,-2.4270816270897444,True
Q111E,-2.2993596796485,111,True,neutral,sensitive,111,-1.330833221095169,True
Q111F,-6.86923267693612,111,True,impactful,sensitive,111,-3.9758038426143845,True
Q111G,-3.77923525804229,111,True,mild,sensitive,111,-2.187361932216586,True
Q111H,-1.45068722117524,111,True,neutral,sensitive,111,-0.8396349490017048,True
Q111I,-6.472369973777652,111,True,impactful,sensitive,111,-3.7461059513920514,True
Q111K,-2.12001366682752,111,True,neutral,sensitive,111,-1.227030569406675,True
Q111L,-5.53260027193421,111,True,mild,sensitive,111,-3.202182027500708,True
Q111M,-6.472369973777652,111,True,impactful,sensitive,111,-3.7461059513920514,True
Q111N,-3.3265842261979004,111,True,neutral,sensitive,111,-1.9253746337206805,True
Q111P,-5.28185314010826,111,True,mild,sensitive,111,-3.0570535310406344,True
Q111Q,0.0,111,True,neutral,sensitive,111,0.0,True
Q111R,-2.9670648140940803,111,True,neutral,sensitive,111,-1.717290452071679,True
Q111S,-3.55489970243826,111,True,mild,sensitive,111,-2.057520040705152,True
Q111T,-3.09198372560287,111,True,neutral,sensitive,111,-1.789591553482816,True
Q111V,-6.472369973777652,111,True,impactful,sensitive,111,-3.7461059513920514,True
Q111W,-6.86923267693612,111,True,impactful,sensitive,111,-3.9758038426143845,True
Q111Y,-6.86923267693612,111,True,impactful,sensitive,111,-3.9758038426143845,True
T112A,-0.119405696098235,112,True,neutral,tolerant,112,-0.04812805928227282,True
T112C,-1.6159515504213202,112,True,neutral,tolerant,112,-0.6513308372824567,True
T112D,-2.57707675234809,112,True,neutral,tolerant,112,-1.0387251761418217,True
T112E,-2.80663645108818,112,True,neutral,tolerant,112,-1.1312522761948571,True
T112F,-5.09955551688736,112,True,mild,tolerant,112,-2.0554439046867556,True
T112G,-1.54172532186796,112,True,neutral,tolerant,112,-0.6214129653144672,True
T112H,-4.22915928171989,112,True,mild,tolerant,112,-1.704619086658445,True
T112I,-4.54410199682868,112,True,mild,tolerant,112,-1.831560950895857,True
T112K,-3.56425153232436,112,True,mild,tolerant,112,-1.4366191450658456,True
T112L,-3.9127379169775898,112,True,mild,tolerant,112,-1.5770812329536568,True
T112M,-3.24288833953741,112,True,neutral,tolerant,112,-1.3070894216189302,True
T112N,-3.29945955453932,112,True,neutral,tolerant,112,-1.329891204768724,True
T112P,-6.1435013244086205,112,True,impactful,tolerant,112,-2.4762201938725616,True
T112Q,-2.7538184140645496,112,True,neutral,tolerant,112,-1.1099632615153963,True
T112R,-3.03271441350428,112,True,neutral,tolerant,112,-1.222376015958712,True
T112S,-1.22481138810156,112,True,neutral,tolerant,112,-0.49367657509117846,True
T112T,0.0,112,True,neutral,tolerant,112,0.0,True
T112V,-4.6252544875873705,112,True,mild,tolerant,112,-1.8642705452767239,True
T112W,-5.09955551688736,112,True,mild,tolerant,112,-2.0554439046867556,True
T112Y,-2.81489725819551,112,True,neutral,tolerant,112,-1.1345819047399972,True
L113A,-3.6863316793887697,113,True,mild,sensitive,113,-1.7055117319094635,True
L113C,-6.320122248928372,113,True,impactful,sensitive,113,-2.9240566449616474,True
L113D,-6.427093950748839,113,True,impactful,sensitive,113,-2.973547984402752,True
L113E,-5.43135217319579,113,True,mild,sensitive,113,-2.5128598447368455,True
L113F,-3.7328146336989914,113,True,mild,sensitive,113,-1.7270174538045262,True
L113G,-5.806327913509341,113,True,impactful,sensitive,113,-2.68634546130845,True
L113H,-6.427093950748839,113,True,impactful,sensitive,113,-2.973547984402752,True
L113I,-2.89650876635189,113,True,neutral,sensitive,113,-1.3400936519664615,True
L113K,-5.217517093982,113,True,mild,sensitive,113,-2.4139272830435967,True
L113L,0.0,113,True,neutral,sensitive,113,0.0,True
L113M,-2.4014835467394904,113,True,neutral,sensitive,113,-1.1110661544245162,True
L113N,-6.427093950748839,113,True,impactful,sensitive,113,-2.973547984402752,True
L113P,-7.0933417917866,113,True,impactful,sensitive,113,-3.281793038856903,True
L113Q,-5.534829263186821,113,True,mild,sensitive,113,-2.560734373214657,True
L113R,-5.40864338696813,113,True,mild,sensitive,113,-2.502353437637005,True
L113S,-5.171512845924822,113,True,mild,sensitive,113,-2.392643038541702,True
L113T,-6.320122248928372,113,True,impactful,sensitive,113,-2.9240566449616474,True
L113V,-3.43195202648947,113,True,neutral,sensitive,113,-1.5878208890575938,True
L113W,-4.9812264088497,113,True,mild,sensitive,113,-2.304605450207089,True
L113Y,-3.55205216051252,113,True,mild,sensitive,113,-1.643386205853551,True
I114A,-4.185652761670879,114,True,mild,sensitive,114,-2.315479936260197,True
I114C,-4.469887789628951,114,True,mild,sensitive,114,-2.4727171802203354,True
I114D,-6.147964704118331,114,True,impactful,sensitive,114,-3.401020039593337,True
I114E,-4.79294422586008,114,True,mild,sensitive,114,-2.6514302123243874,True
I114F,-6.66693786114717,114,True,impactful,sensitive,114,-3.6881131170607073,True
I114G,-7.185911018176018,114,True,impactful,sensitive,114,-3.975206194528082,True
I114H,-6.147964704118331,114,True,impactful,sensitive,114,-3.401020039593337,True
I114I,0.0,114,True,neutral,sensitive,114,0.0,True
I114K,-5.90340239570201,114,True,impactful,sensitive,114,-3.2657295244581506,True
I114L,-3.01714538798552,114,True,neutral,sensitive,114,-1.669068125916792,True
I114M,-2.9838270741920296,114,True,neutral,sensitive,114,-1.650636619174209,True
I114N,-5.028569587118018,114,True,mild,sensitive,114,-2.7817768577659034,True
I114P,-7.185911018176018,114,True,impactful,sensitive,114,-3.975206194528082,True
I114Q,-4.959958444600621,114,True,mild,sensitive,114,-2.7438215535520145,True
I114R,-5.38612203131124,114,True,mild,sensitive,114,-2.9795728905069723,True
I114S,-4.12300153109554,114,True,mild,sensitive,114,-2.2808216223389777,True
I114T,-4.1450646834722695,114,True,mild,sensitive,114,-2.293026836093636,True
I114V,-3.22434907335322,114,True,neutral,sensitive,114,-1.7836920575963415,True
I114W,-6.66693786114717,114,True,impactful,sensitive,114,-3.6881131170607073,True
I114Y,-5.693036339770499,114,True,mild,sensitive,114,-3.1493561868893747,True
E115A,-2.86370085477669,115,True,neutral,sensitive,115,-1.3064320904411983,True
E115C,-4.98291261217561,115,True,mild,sensitive,115,-2.273225197231025,True
E115D,-0.643967348094685,115,True,neutral,sensitive,115,-0.29378054881113563,True
E115E,0.0,115,True,neutral,sensitive,115,0.0,True
E115F,-6.63280618270081,115,True,impactful,sensitive,115,-3.025913419798466,True
E115G,-3.41848622285385,115,True,neutral,sensitive,115,-1.5595274537205983,True
E115H,-3.09348029564184,115,True,neutral,sensitive,115,-1.4112584150096827,True
E115I,-4.97321159681281,115,True,mild,sensitive,115,-2.268799554182909,True
E115K,-3.80794604684706,115,True,mild,sensitive,115,-1.7372006248388805,True
E115L,-5.87291803487486,115,True,impactful,sensitive,115,-2.679249326092645,True
E115M,-5.87291803487486,115,True,impactful,sensitive,115,-2.679249326092645,True
E115N,-1.84493177401236,115,True,neutral,sensitive,115,-0.8416654519706489,True
E115P,-5.20675485907915,115,True,mild,sensitive,115,-2.375342949531675,True
E115Q,-1.5130796028919098,115,True,neutral,sensitive,115,-0.6902731286729182,True
E115R,-4.5460711146035,115,True,mild,sensitive,115,-2.0739363120415493,True
E115S,-3.4606569873345,115,True,neutral,sensitive,115,-1.5787659296612897,True
E115T,-2.89425208046624,115,True,neutral,sensitive,115,-1.3203696850668956,True
E115V,-3.11145372507788,115,True,neutral,sensitive,115,-1.419457967330714,True
E115W,-6.63280618270081,115,True,impactful,sensitive,115,-3.025913419798466,True
E115Y,-6.63280618270081,115,True,impactful,sensitive,115,-3.025913419798466,True
A116A,0.0,116,True,neutral,tolerant,116,0.0,True
A116C,-3.85584137290663,116,True,mild,tolerant,116,-2.631975814158643,True
A116D,-1.85369495839847,116,True,neutral,tolerant,116,-1.265321839122952,True
A116E,-3.05171867874466,116,True,neutral,tolerant,116,-2.0830861483332637,True
A116F,-2.64684053717469,116,True,neutral,tolerant,116,-1.806718587213818,True
A116G,-2.94848637396543,116,True,neutral,tolerant,116,-2.012620352896775,True
A116H,-4.32838207786169,116,True,mild,tolerant,116,-2.954529463638691,True
A116I,-1.84242203708668,116,True,neutral,tolerant,116,-1.2576270059132602,True
A116K,-2.99424393462482,116,True,neutral,tolerant,116,-2.0438542085778315,True
A116L,-1.6005648121714602,116,True,neutral,tolerant,116,-1.0925366132095458,True
A116M,-1.82732775271924,116,True,neutral,tolerant,116,-1.2473237315964574,True
A116N,-1.92517209736707,116,True,neutral,tolerant,116,-1.314111735500042,True
A116P,-6.1964557327168786,116,True,impactful,tolerant,116,-4.229666120761971,True
A116Q,-1.9846328627831,116,True,neutral,tolerant,116,-1.354699322314688,True
A116R,-3.37833801574106,116,True,neutral,tolerant,116,-2.3060346859602214,True
A116S,-1.33493372257495,116,True,neutral,tolerant,116,-0.9112183130794765,True
A116T,-1.39289877946796,116,True,neutral,tolerant,116,-0.9507849375990236,True
A116V,-1.33499168974843,116,True,neutral,tolerant,116,-0.9112578811487665,True
A116W,-3.17825748136639,116,True,neutral,tolerant,116,-2.169460829198812,True
A116Y,-4.446683966602401,116,True,mild,tolerant,116,-3.0352816730326477,True
H117A,-5.8785996203145086,117,True,impactful,sensitive,117,-3.062797030012215,True
H117C,-6.60916849384155,117,True,impactful,sensitive,117,-3.443429207840016,True
H117D,-4.3485012593052295,117,True,mild,sensitive,117,-2.2656036475047237,True
H117E,-3.31158739343703,117,True,neutral,sensitive,117,-1.7253632988024767,True
H117F,-5.2490013346461915,117,True,mild,sensitive,117,-2.7347713293364926,True
H117G,-7.12847436151707,117,True,impactful,sensitive,117,-3.7139916839249927,True
H117H,0.0,117,True,neutral,sensitive,117,0.0,True
H117I,-5.54528972040342,117,True,mild,sensitive,117,-2.889139928413802,True
H117K,-3.70747504713736,117,True,mild,sensitive,117,-1.9316239064788003,True
H117L,-4.32835223494881,117,True,mild,sensitive,117,-2.255105845997163,True
H117M,-6.457281264344242,117,True,impactful,sensitive,117,-3.364294756534034,True
H117N,-4.3485012593052295,117,True,mild,sensitive,117,-2.2656036475047237,True
H117P,-7.12847436151707,117,True,impactful,sensitive,117,-3.7139916839249927,True
H117Q,-4.3485012593052295,117,True,mild,sensitive,117,-2.2656036475047237,True
H117R,-3.60640362471044,117,True,mild,sensitive,117,-1.878964893716894,True
H117S,-6.60916849384155,117,True,impactful,sensitive,117,-3.443429207840016,True
H117T,-6.14460232407524,117,True,impactful,sensitive,117,-3.201386548549625,True
H117V,-5.63034390338505,117,True,mild,sensitive,117,-2.933453832379304,True
H117W,-3.80921897280479,117,True,mild,sensitive,117,-1.9846332987631683,True
H117Y,-4.35011377020791,117,True,mild,sensitive,117,-2.266443778475121,True
F118A,-4.86912218008353,118,True,mild,sensitive,118,-2.3103961063458702,True
F118C,-6.21593343110033,118,True,impactful,sensitive,118,-2.9494573899299774,True
F118D,-4.7030268348779405,118,True,mild,sensitive,118,-2.2315839458265003,True
F118E,-4.957604301023991,118,True,mild,sensitive,118,-2.352380829698727,True
F118F,0.0,118,True,neutral,sensitive,118,0.0,True
F118G,-7.14956255755867,118,True,impactful,sensitive,118,-3.392463956362746,True
F118H,-5.792868479419991,118,True,impactful,sensitive,118,-2.7487132761158337,True
F118I,-4.99816672990833,118,True,mild,sensitive,118,-2.3716276824767566,True
F118K,-3.4960300165531404,118,True,mild,sensitive,118,-1.6588645425558204,True
F118L,-4.99686940778746,118,True,mild,sensitive,118,-2.3710121037613585,True
F118M,-6.0635920806819295,118,True,impactful,sensitive,118,-2.8771714932478556,True
F118N,-4.71582487589174,118,True,mild,sensitive,118,-2.2376566100632047,True
F118P,-7.14956255755867,118,True,impactful,sensitive,118,-3.392463956362746,True
F118Q,-4.52680074321211,118,True,mild,sensitive,118,-2.1479647510388475,True
F118R,-3.48671290045435,118,True,mild,sensitive,118,-1.6544435754983355,True
F118S,-5.15070550229353,118,True,mild,sensitive,118,-2.4440072557861083,True
F118T,-3.94681610813641,118,True,mild,sensitive,118,-1.872762323771693,True
F118V,-4.93815213338628,118,True,mild,sensitive,118,-2.3431507856152196,True
F118W,-3.3840630753772496,118,True,neutral,sensitive,118,-1.6057362834231244,True
F118Y,-4.11204395749267,118,True,mild,sensitive,118,-1.9511628579324636,True
E119A,-4.04501117518661,119,True,mild,sensitive,119,-2.1247417574841747,True
E119C,-5.30646032409883,119,True,mild,sensitive,119,-2.7873489952782746,True
E119D,-1.35188725034614,119,True,neutral,sensitive,119,-0.710112078265987,True
E119E,0.0,119,True,neutral,sensitive,119,0.0,True
E119F,-6.47451203958562,119,True,impactful,sensitive,119,-3.4008969305769488,True
E119G,-5.55610441826782,119,True,mild,sensitive,119,-2.918480705035713,True
E119H,-4.09125943360794,119,True,mild,sensitive,119,-2.1490347944185375,True
E119I,-2.07329735893717,119,True,neutral,sensitive,119,-1.0890505077559476,True
E119K,-3.7052580906687,119,True,mild,sensitive,119,-1.9462780809589915,True
E119L,-2.2768877535633703,119,True,neutral,sensitive,119,-1.1959913774223987,True
E119M,-4.7756520046037805,119,True,mild,sensitive,119,-2.508528850461468,True
E119N,-3.24554685162548,119,True,neutral,sensitive,119,-1.704803428930408,True
E119P,-6.718804831902161,119,True,impactful,sensitive,119,-3.529217737221795,True
E119Q,-1.6150536667904,119,True,neutral,sensitive,119,-0.8483467208837032,True
E119R,-4.21776533616143,119,True,mild,sensitive,119,-2.2154851358594914,True
E119S,-2.6590342674930296,119,True,neutral,sensitive,119,-1.3967232469915591,True
E119T,-2.7782479783845,119,True,neutral,sensitive,119,-1.4593431851389655,True
E119V,-2.0536331765182,119,True,neutral,sensitive,119,-1.0787214115673707,True
E119W,-5.624644614851579,119,True,mild,sensitive,119,-2.9544831315904356,True
E119Y,-6.47451203958562,119,True,impactful,sensitive,119,-3.4008969305769488,True
N120A,-1.4760525648878795,120,True,neutral,tolerant,120,-0.8268000401337912,True
N120C,-1.45977913277098,120,True,neutral,tolerant,120,-0.8176845962482346,True
N120D,-3.10831781757553,120,True,neutral,tolerant,120,-1.741101473927007,True
N120E,-1.8556121438434496,120,True,neutral,tolerant,120,-1.0394075600681967,True
N120F,-4.7146088913879405,120,True,mild,tolerant,120,-2.640853661543396,True
N120G,-2.38245212072213,120,True,neutral,tolerant,120,-1.3345131168682458,True
N120H,-1.4612555503428502,120,True,neutral,tolerant,120,-0.8185116007443579,True
N120I,-4.46729326833424,120,True,mild,tolerant,120,-2.5023216255369105,True
N120K,-1.41679070732485,120,True,neutral,tolerant,120,-0.7936049443919009,True
N120L,-2.94171308284653,120,True,neutral,tolerant,120,-1.647779051245617,True
N120M,-4.44035711848127,120,True,mild,tolerant,120,-2.4872335383581334,True
N120N,0.0,120,True,neutral,tolerant,120,0.0,True
N120P,-6.112254509685968,120,True,impactful,tolerant,120,-3.4237346244509763,True
N120Q,-1.21355988870139,120,True,neutral,tolerant,120,-0.6797666889046625,True
N120R,-1.62724451379769,120,True,neutral,tolerant,120,-0.9114891036537158,True
N120S,-0.8083650028955319,120,True,neutral,tolerant,120,-0.45279973947780516,True
N120T,-1.46263352849214,120,True,neutral,tolerant,120,-0.8192834651184582,True
N120V,-4.50722724188242,120,True,mild,tolerant,120,-2.5246903485199197,True
N120W,-5.65333562438084,120,True,mild,tolerant,120,-3.1666745699418355,True
N120Y,-4.796932610053942,120,True,mild,tolerant,120,-2.6869666899789264,True
R121A,-3.61582448143643,121,True,mild,sensitive,121,-1.7947184664687796,True
R121C,-5.04265152847275,121,True,mild,sensitive,121,-2.502925643813824,True
R121D,-5.64400191007463,121,True,mild,sensitive,121,-2.8014065684880753,True
R121E,-4.45828052208927,121,True,mild,sensitive,121,-2.2128724507426996,True
R121F,-6.72396041369495,121,True,impactful,sensitive,121,-3.3374451620144394,True
R121G,-5.007598197882911,121,True,mild,sensitive,121,-2.485526884542238,True
R121H,-5.64400191007463,121,True,mild,sensitive,121,-2.8014065684880753,True
R121I,-6.27410801508661,121,True,impactful,sensitive,121,-3.114160428169469,True
R121K,-2.41074347348583,121,True,neutral,sensitive,121,-1.196575180016844,True
R121L,-5.4801320792707005,121,True,mild,sensitive,121,-2.7200695973627256,True
R121M,-6.27410801508661,121,True,impactful,sensitive,121,-3.114160428169469,True
R121N,-4.73434755749041,121,True,mild,sensitive,121,-2.349898628025754,True
R121P,-7.1344459092329,121,True,impactful,sensitive,121,-3.541190090132986,True
R121Q,-3.8808863705092698,121,True,mild,sensitive,121,-1.9262822272426827,True
R121R,0.0,121,True,neutral,sensitive,121,0.0,True
R121S,-2.78609612404328,121,True,neutral,sensitive,121,-1.3828818818083652,True
R121T,-3.99171712485583,121,True,mild,sensitive,121,-1.9812931943124719,True
R121V,-4.974576361153591,121,True,mild,sensitive,121,-2.4691364594872907,True
R121W,-6.72396041369495,121,True,impactful,sensitive,121,-3.3374451620144394,True
R121Y,-6.72396041369495,121,True,impactful,sensitive,121,-3.3374451620144394,True
K122A,-4.36076545364653,122,True,mild,sensitive,122,-1.9113309568240007,True
K122C,-5.65868256683763,122,True,mild,sensitive,122,-2.480210247444723,True
K122D,-5.29240210873709,122,True,mild,sensitive,122,-2.31966889618681,True
K122E,-2.72529122456756,122,True,neutral,sensitive,122,-1.1944998049645132,True
K122F,-6.95620310407382,122,True,impactful,sensitive,122,-3.0489157181461195,True
K122G,-6.95620310407382,122,True,impactful,sensitive,122,-3.0489157181461195,True
K122H,-5.29240210873709,122,True,mild,sensitive,122,-2.31966889618681,True
K122I,-6.4542536417995295,122,True,impactful,sensitive,122,-2.828910410315643,True
K122K,0.0,122,True,neutral,sensitive,122,0.0,True
K122L,-5.65085893140015,122,True,mild,sensitive,122,-2.476781134651221,True
K122M,-6.4542536417995295,122,True,impactful,sensitive,122,-2.828910410315643,True
K122N,-4.78943399596663,122,True,mild,sensitive,122,-2.099217112101601,True
K122P,-5.96969525443713,122,True,impactful,sensitive,122,-2.6165276403640947,True
K122Q,-2.45665183427829,122,True,neutral,sensitive,122,-1.0767547007299239,True
K122R,-1.47176871158822,122,True,neutral,sensitive,122,-0.6450787435474753,True
K122S,-3.6009072786275502,122,True,mild,sensitive,122,-1.5782838190800756,True
K122T,-3.50834381305423,122,True,mild,sensitive,122,-1.5377130938021875,True
K122V,-6.4542536417995295,122,True,impactful,sensitive,122,-2.828910410315643,True
K122W,-6.95620310407382,122,True,impactful,sensitive,122,-3.0489157181461195,True
K122Y,-6.95620310407382,122,True,impactful,sensitive,122,-3.0489157181461195,True
K123A,-4.08802617545067,123,True,mild,sensitive,123,-2.2866733207382697,True
K123C,-5.94964144487717,123,True,impactful,sensitive,123,-3.327984160585639,True
K123D,-2.43181271260608,123,True,neutral,sensitive,123,-1.3602557841585878,True
K123E,-2.43500109948579,123,True,neutral,sensitive,123,-1.362039236343363,True
K123F,-6.782889565377411,123,True,impactful,sensitive,123,-3.7940688099808093,True
K123G,-5.7758370212997185,123,True,impactful,sensitive,123,-3.230765130823179,True
K123H,-4.766943129376268,123,True,mild,sensitive,123,-2.666431477587012,True
K123I,-6.37627118509557,123,True,impactful,sensitive,123,-3.5666232501906276,True
K123K,0.0,123,True,neutral,sensitive,123,0.0,True
K123L,-6.37627118509557,123,True,impactful,sensitive,123,-3.5666232501906276,True
K123M,-6.37627118509557,123,True,impactful,sensitive,123,-3.5666232501906276,True
K123N,-2.08070549257988,123,True,neutral,sensitive,123,-1.1638608790638367,True
K123P,-7.03943719984625,123,True,impactful,sensitive,123,-3.937570980970147,True
K123Q,-2.16318996853049,123,True,neutral,sensitive,123,-1.209999294630744,True
K123R,-1.4940604721307298,123,True,neutral,sensitive,123,-0.8357158380509466,True
K123S,-4.56944553802406,123,True,mild,sensitive,123,-2.5559594664812177,True
K123T,-3.90876677252011,123,True,mild,sensitive,123,-2.186403000397771,True
K123V,-5.7604600891804,123,True,mild,sensitive,123,-3.2221639088830645,True
K123W,-6.782889565377411,123,True,impactful,sensitive,123,-3.7940688099808093,True
K123Y,-6.028001899840058,123,True,impactful,sensitive,123,-3.3718157688176467,True
E124A,-5.22559651948507,124,True,mild,sensitive,124,-2.6580836924507127,True
E124C,-6.60580917246466,124,True,impactful,sensitive,124,-3.3601510509464076,True
E124D,-1.65898519798653,124,True,neutral,sensitive,124,-0.8438694959211366,True
E124E,0.0,124,True,neutral,sensitive,124,0.0,True
E124F,-7.34782363050243,124,True,impactful,sensitive,124,-3.737588635941432,True
E124G,-5.517595561584259,124,True,mild,sensitive,124,-2.8066137002921074,True
E124H,-4.42650961078022,124,True,mild,sensitive,124,-2.2516152877510485,True
E124I,-6.8192018647202,124,True,impactful,sensitive,124,-3.4686966750215893,True
E124K,-5.46179434897112,124,True,mild,sensitive,124,-2.7782295162639503,True
E124L,-5.9774299627422,124,True,impactful,sensitive,124,-3.0405158621578696,True
E124M,-6.8192018647202,124,True,impactful,sensitive,124,-3.4686966750215893,True
E124N,-4.42650961078022,124,True,mild,sensitive,124,-2.2516152877510485,True
E124P,-7.34782363050243,124,True,impactful,sensitive,124,-3.737588635941432,True
E124Q,-3.34388773909886,124,True,neutral,sensitive,124,-1.7009222651503944,True
E124R,-5.78027352506194,124,True,impactful,sensitive,124,-2.9402290700365343,True
E124S,-6.60580917246466,124,True,impactful,sensitive,124,-3.3601510509464076,True
E124T,-4.4386889976406785,124,True,mild,sensitive,124,-2.2578105287110266,True
E124V,-6.8192018647202,124,True,impactful,sensitive,124,-3.4686966750215893,True
E124W,-7.34782363050243,124,True,impactful,sensitive,124,-3.737588635941432,True
E124Y,-7.34782363050243,124,True,impactful,sensitive,124,-3.737588635941432,True
E125A,-4.79163777820782,125,True,mild,sensitive,125,-2.2369292680011186,True
E125C,-5.8555617894496,125,True,impactful,sensitive,125,-2.7336117949023975,True
E125D,-1.5929060964864998,125,True,neutral,sensitive,125,-0.7436326436471142,True
E125E,0.0,125,True,neutral,sensitive,125,0.0,True
E125F,-7.15458427868562,125,True,impactful,sensitive,125,-3.3400477486339764,True
E125G,-7.15458427868562,125,True,impactful,sensitive,125,-3.3400477486339764,True
E125H,-4.312747431545859,125,True,mild,sensitive,125,-2.0133639898652556,True
E125I,-6.639548197642361,125,True,impactful,sensitive,125,-3.099608187655063,True
E125K,-4.74299749526546,125,True,mild,sensitive,125,-2.214222027271767,True
E125L,-6.639548197642361,125,True,impactful,sensitive,125,-3.099608187655063,True
E125M,-6.639548197642361,125,True,impactful,sensitive,125,-3.099608187655063,True
E125N,-3.52327644430058,125,True,mild,sensitive,125,-1.6448071749828035,True
E125P,-7.15458427868562,125,True,impactful,sensitive,125,-3.3400477486339764,True
E125Q,-2.20132267713852,125,True,neutral,sensitive,125,-1.0276659782592112,True
E125R,-4.9129008051154415,125,True,mild,sensitive,125,-2.2935397270073756,True
E125S,-3.8145372144783902,125,True,mild,sensitive,125,-1.7807794190439934,True
E125T,-4.959685198718719,125,True,mild,sensitive,125,-2.3153805639364142,True
E125V,-5.58474992383806,125,True,mild,sensitive,125,-2.6071859220904887,True
E125W,-7.15458427868562,125,True,impactful,sensitive,125,-3.3400477486339764,True
E125Y,-7.15458427868562,125,True,impactful,sensitive,125,-3.3400477486339764,True
E126A,-5.41943976179229,126,True,mild,sensitive,126,-2.527265680079421,True
E126C,-6.489995157243249,126,True,impactful,sensitive,126,-3.0265013997236756,True
E126D,-1.37754113068834,126,True,neutral,sensitive,126,-0.6423934162034283,True
E126E,0.0,126,True,neutral,sensitive,126,0.0,True
E126F,-7.32529205256338,126,True,impactful,sensitive,126,-3.4160282270356768,True
E126G,-4.54056522916388,126,True,mild,sensitive,126,-2.117417145722236,True
E126H,-3.5738327058068102,126,True,mild,sensitive,126,-1.6665974972925799,True
E126I,-7.06178522040172,126,True,impactful,sensitive,126,-3.293146194452964,True
E126K,-5.3356923724175305,126,True,mild,sensitive,126,-2.4882114766439942,True
E126L,-7.06178522040172,126,True,impactful,sensitive,126,-3.293146194452964,True
E126M,-7.06178522040172,126,True,impactful,sensitive,126,-3.293146194452964,True
E126N,-4.41304388344228,126,True,mild,sensitive,126,-2.0579496851201537,True
E126P,-7.32529205256338,126,True,impactful,sensitive,126,-3.4160282270356768,True
E126Q,-3.4875161062278,126,True,mild,sensitive,126,-1.6263451853700195,True
E126R,-5.006696236064951,126,True,mild,sensitive,126,-2.334789595263468,True
E126S,-6.489995157243249,126,True,impactful,sensitive,126,-3.0265013997236756,True
E126T,-6.489995157243249,126,True,impactful,sensitive,126,-3.0265013997236756,True
E126V,-7.06178522040172,126,True,impactful,sensitive,126,-3.293146194452964,True
E126W,-7.32529205256338,126,True,impactful,sensitive,126,-3.4160282270356768,True
E126Y,-7.32529205256338,126,True,impactful,sensitive,126,-3.4160282270356768,True
L127A,-5.622136605387031,127,True,mild,sensitive,127,-2.690417648602627,True
L127C,-5.85979482821961,127,True,impactful,sensitive,127,-2.8041466313583365,True
L127D,-6.20341619151373,127,True,impactful,sensitive,127,-2.9685832228416476,True
L127E,-5.04596827172841,127,True,mild,sensitive,127,-2.4146980134810234,True
L127F,-3.2585185954271902,127,True,neutral,sensitive,127,-1.5593317190188847,True
L127G,-4.64311328739605,127,True,mild,sensitive,127,-2.2219157607985127,True
L127H,-6.20341619151373,127,True,impactful,sensitive,127,-2.9685832228416476,True
L127I,-1.13325379842606,127,True,neutral,sensitive,127,-0.5423073528149439,True
L127K,-5.43337697124866,127,True,mild,sensitive,127,-2.600088599937562,True
L127L,0.0,127,True,neutral,sensitive,127,0.0,True
L127M,-1.6465271482691202,127,True,neutral,sensitive,127,-0.7879292179350456,True
L127N,-5.34302925606642,127,True,mild,sensitive,127,-2.5568535979270606,True
L127P,-7.188417949219331,127,True,impactful,sensitive,127,-3.4399460336094454,True
L127Q,-6.20341619151373,127,True,impactful,sensitive,127,-2.9685832228416476,True
L127R,-5.27060824890279,127,True,mild,sensitive,127,-2.522197244039125,True
L127S,-6.58771134278243,127,True,impactful,sensitive,127,-3.1524838516977742,True
L127T,-6.58771134278243,127,True,impactful,sensitive,127,-3.1524838516977742,True
L127V,-2.99681758784426,127,True,neutral,sensitive,127,-1.434097300349021,True
L127W,-6.17766529215994,127,True,impactful,sensitive,127,-2.956260385644408,True
L127Y,-6.17766529215994,127,True,impactful,sensitive,127,-2.956260385644408,True
V128A,-3.0341171675054004,128,True,neutral,tolerant,128,-1.6653495948255668,True
V128C,-4.93445133093518,128,True,mild,tolerant,128,-2.708394590910192,True
V128D,-2.6991998588882,128,True,neutral,tolerant,128,-1.4815220188245053,True
V128E,-2.6514912595868103,128,True,neutral,tolerant,128,-1.4553359844263716,True
V128F,-4.2342217321943805,128,True,mild,tolerant,128,-2.324056408114625,True
V128G,-6.19925012521901,128,True,impactful,tolerant,128,-3.4026104182205903,True
V128H,-4.701249550587759,128,True,mild,tolerant,128,-2.5803960763592584,True
V128I,-0.092676662646076,128,True,neutral,tolerant,128,-0.05086785844672022,True
V128K,-2.97080228460261,128,True,neutral,tolerant,128,-1.6305976690536024,True
V128L,-0.201260758810029,128,True,neutral,tolerant,128,-0.11046690178222042,True
V128M,-0.8426756361379001,128,True,neutral,tolerant,128,-0.4625231827699781,True
V128N,-3.11775812744471,128,True,neutral,tolerant,128,-1.7112579863133859,True
V128P,-5.25625223241186,128,True,mild,tolerant,128,-2.8850229052772702,True
V128Q,-2.2819737424150097,128,True,neutral,tolerant,128,-1.252517235666923,True
V128R,-3.03797882163908,128,True,neutral,tolerant,128,-1.6674691583729981,True
V128S,-3.41265730332381,128,True,neutral,tolerant,128,-1.873120629036717,True
V128T,-2.50086547645382,128,True,neutral,tolerant,128,-1.3726613304620194,True
V128V,0.0,128,True,neutral,tolerant,128,0.0,True
V128W,-5.84031151826536,128,True,impactful,tolerant,128,-3.205598163697479,True
V128Y,-5.84031151826536,128,True,impactful,tolerant,128,-3.205598163697479,True
S129A,-0.99200696876477,129,True,neutral,tolerant,129,-0.6453081395945375,True
S129C,-1.49205367659446,129,True,neutral,tolerant,129,-0.9705923572465076,True
S129D,-1.96382867889942,129,True,neutral,tolerant,129,-1.2774856136756494,True
S129E,-2.3476562423798395,129,True,neutral,tolerant,129,-1.527168386794743,True
S129F,-1.96109926498954,129,True,neutral,tolerant,129,-1.2757101089989422,True
S129G,-1.71280624780255,129,True,neutral,tolerant,129,-1.114193597482132,True
S129H,-1.75472757412805,129,True,neutral,tolerant,129,-1.141463741697075,True
S129I,-4.98116390515173,129,True,mild,tolerant,129,-3.240285314377803,True
S129K,-2.1587275432612403,129,True,neutral,tolerant,129,-1.4042688193692756,True
S129L,-2.99168269164378,129,True,neutral,tolerant,129,-1.9461125302433335,True
S129M,-4.19997814695778,129,True,mild,tolerant,129,-2.7321179887736395,True
S129N,-1.74822600220145,129,True,neutral,tolerant,129,-1.1372344193067108,True
S129P,-3.82426322560233,129,True,mild,tolerant,129,-2.4877125515621543,True
S129Q,-1.67689045395406,129,True,neutral,tolerant,129,-1.0908300981921124,True
S129R,-2.9110961895965404,129,True,neutral,tolerant,129,-1.8936903927483832,True
S129S,0.0,129,True,neutral,tolerant,129,0.0,True
S129T,-1.34494307596497,129,True,neutral,tolerant,129,-0.8748957835368909,True
S129V,-2.50053207952219,129,True,neutral,tolerant,129,-1.6266152910620864,True
S129W,-5.11363746527283,129,True,mild,tolerant,129,-3.3264603810042583,True
S129Y,-2.48524522978636,129,True,neutral,tolerant,129,-1.6166710780939326,True
L130A,-5.42890055419571,130,True,mild,sensitive,130,-3.341388198750064,True
L130C,-6.48740525870185,130,True,impactful,sensitive,130,-3.9928783287773637,True
L130D,-6.572735352724402,130,True,impactful,sensitive,130,-4.045397428421735,True
L130E,-5.525361494103099,130,True,mild,sensitive,130,-3.400758128817726,True
L130F,-5.83011543649075,130,True,impactful,sensitive,130,-3.5883285616247265,True
L130G,-7.367913798262769,130,True,impactful,sensitive,130,-4.534815100986923,True
L130H,-6.572735352724402,130,True,impactful,sensitive,130,-4.045397428421735,True
L130I,-2.15121117873587,130,True,neutral,sensitive,130,-1.3240308187432173,True
L130K,-5.47416110549067,130,True,mild,sensitive,130,-3.36924523360568,True
L130L,0.0,130,True,neutral,sensitive,130,0.0,True
L130M,-3.3634730778680897,130,True,neutral,sensitive,130,-2.070155667249461,True
L130N,-6.572735352724402,130,True,impactful,sensitive,130,-4.045397428421735,True
L130P,-4.77454642159394,130,True,mild,sensitive,130,-2.938645294426813,True
L130Q,-5.648612534724362,130,True,mild,sensitive,130,-3.476616871947082,True
L130R,-5.29426360694224,130,True,mild,sensitive,130,-3.2585216400099535,True
L130S,-6.48740525870185,130,True,impactful,sensitive,130,-3.9928783287773637,True
L130T,-5.80237217427356,130,True,impactful,sensitive,130,-3.5712530952311297,True
L130V,-2.93950921909685,130,True,neutral,sensitive,130,-1.8092137287753955,True
L130W,-6.5276951198894,130,True,impactful,sensitive,130,-4.017675995516224,True
L130Y,-6.5276951198894,130,True,impactful,sensitive,130,-4.017675995516224,True
K131A,-5.02812436420779,131,True,mild,sensitive,131,-2.05236112949451,True
K131C,-5.02812436420779,131,True,mild,sensitive,131,-2.05236112949451,True
K131D,-4.51509853792646,131,True,mild,sensitive,131,-1.8429561530023468,True
K131E,-3.75154248710681,131,True,mild,sensitive,131,-1.5312906798792516,True
K131F,-6.81632680425154,131,True,impactful,sensitive,131,-2.782262960431276,True
K131G,-4.38952088880391,131,True,mild,sensitive,131,-1.7916983345547657,True
K131H,-3.1961643184128903,131,True,neutral,sensitive,131,-1.30459848154958,True
K131I,-3.20421621027617,131,True,neutral,sensitive,131,-1.307885072867154,True
K131K,0.0,131,True,neutral,sensitive,131,0.0,True
K131L,-4.83204050751897,131,True,mild,sensitive,131,-1.9723243490890372,True
K131M,-1.9899018287308,131,True,neutral,sensitive,131,-0.8122307383382695,True
K131N,-4.747872563353718,131,True,mild,sensitive,131,-1.9379689902232382,True
K131P,-5.6971029389865,131,True,mild,sensitive,131,-2.3254223196897894,True
K131Q,-3.72216421691104,131,True,mild,sensitive,131,-1.5192991666559932,True
K131R,-1.5755433225087,131,True,neutral,sensitive,131,-0.6430994221164135,True
K131S,-2.37476641130528,131,True,neutral,sensitive,131,-0.969323334340406,True
K131T,-2.0954874331108098,131,True,neutral,sensitive,131,-0.8553282782094537,True
K131V,-2.0882810409279497,131,True,neutral,sensitive,131,-0.8523867998114099,True
K131W,-6.81632680425154,131,True,impactful,sensitive,131,-2.782262960431276,True
K131Y,-6.81632680425154,131,True,impactful,sensitive,131,-2.782262960431276,True
D132A,-2.30663751114106,132,True,neutral,tolerant,132,-1.3136741558920852,True
D132C,-4.82443084130698,132,True,mild,tolerant,132,-2.747605587138183,True
D132D,0.0,132,True,neutral,tolerant,132,0.0,True
D132E,-0.9899189135534208,132,True,neutral,tolerant,132,-0.563777744393221,True
D132F,-6.12925208291795,132,True,impactful,tolerant,132,-3.4907262269804655,True
D132G,-2.8813911603405,132,True,neutral,tolerant,132,-1.6410073460058898,True
D132H,-1.5214570145968798,132,True,neutral,tolerant,132,-0.8664988537309969,True
D132I,-4.18387388539299,132,True,mild,tolerant,132,-2.3827961559654263,True
D132K,-4.18633993894412,132,True,mild,tolerant,132,-2.3842006206034623,True
D132L,-2.5890989407430296,132,True,neutral,tolerant,132,-1.4745413395358993,True
D132M,-5.18174910329506,132,True,mild,tolerant,132,-2.951105167776588,True
D132N,-1.25350930946013,132,True,neutral,tolerant,132,-0.7138975136120573,True
D132P,-4.16964284474921,132,True,mild,tolerant,132,-2.374691306280598,True
D132Q,-1.44233603764379,132,True,neutral,tolerant,132,-0.821437944892837,True
D132R,-3.73449044435235,132,True,mild,tolerant,132,-2.1268636959540093,True
D132S,-2.2742422952283703,132,True,neutral,tolerant,132,-1.295224461168274,True
D132T,-2.35889018724536,132,True,neutral,tolerant,132,-1.3434330537869097,True
D132V,-2.7933796666732995,132,True,neutral,tolerant,132,-1.590883117949412,True
D132W,-6.12925208291795,132,True,impactful,tolerant,132,-3.4907262269804655,True
D132Y,-5.4321702349226495,132,True,mild,tolerant,132,-3.0937247892470094,True
R133A,-5.968591183238231,133,True,impactful,sensitive,133,-3.0448457767130908,True
R133C,-6.66169907827716,133,True,impactful,sensitive,133,-3.3984311676747807,True
R133D,-5.00516816332179,133,True,mild,sensitive,133,-2.5533605294710098,True
R133E,-4.77570988000646,133,True,mild,sensitive,133,-2.4363035786035083,True
R133F,-6.66169907827716,133,True,impactful,sensitive,133,-3.3984311676747807,True
R133G,-7.26890781388029,133,True,impactful,sensitive,133,-3.7081955488199805,True
R133H,-5.2286780844055,133,True,mild,sensitive,133,-2.6673829542563476,True
R133I,-6.4843761090353205,133,True,impactful,sensitive,133,-3.307970776363927,True
R133K,-2.4577515432399903,133,True,neutral,sensitive,133,-1.2538091782296008,True
R133L,-4.7802397788652415,133,True,mild,sensitive,133,-2.438614482966976,True
R133M,-5.487077743468361,133,True,mild,sensitive,133,-2.7992041975693778,True
R133N,-5.9169177887795685,133,True,impactful,sensitive,133,-3.018484863047611,True
R133P,-5.71716393809245,133,True,mild,sensitive,133,-2.91658147412814,True
R133Q,-4.5131637288898085,133,True,mild,sensitive,133,-2.302367023916227,True
R133R,0.0,133,True,neutral,sensitive,133,0.0,True
R133S,-6.66169907827716,133,True,impactful,sensitive,133,-3.3984311676747807,True
R133T,-6.66169907827716,133,True,impactful,sensitive,133,-3.3984311676747807,True
R133V,-6.4843761090353205,133,True,impactful,sensitive,133,-3.307970776363927,True
R133W,-4.6601687458639285,133,True,mild,sensitive,133,-2.377360869423072,True
R133Y,-5.759624632723111,133,True,mild,sensitive,133,-2.9382425768495914,True
I134A,-4.88261172576729,134,True,mild,sensitive,134,-3.1799275586465394,True
I134C,-6.0481224592688285,134,True,impactful,sensitive,134,-3.938996661315657,True
I134D,-3.84974997107767,134,True,mild,sensitive,134,-2.5072495448129892,True
I134E,-3.78545254070665,134,True,mild,sensitive,134,-2.4653741751808007,True
I134F,-6.89424796885709,134,True,impactful,sensitive,134,-4.490057850927398,True
I134G,-7.15476040519874,134,True,impactful,sensitive,134,-4.659723333710136,True
I134H,-4.85121817424958,134,True,mild,sensitive,134,-3.1594816937607204,True
I134I,0.0,134,True,neutral,sensitive,134,0.0,True
I134K,-4.6907414017661,134,True,mild,sensitive,134,-3.0549670323450258,True
I134L,-2.21904552462875,134,True,neutral,sensitive,134,-1.4452109678144305,True
I134M,-1.40557673924729,134,True,neutral,sensitive,134,-0.9154183170734527,True
I134N,-4.85121817424958,134,True,mild,sensitive,134,-3.1594816937607204,True
I134P,-7.15476040519874,134,True,impactful,sensitive,134,-4.659723333710136,True
I134Q,-3.03207757532842,134,True,neutral,sensitive,134,-1.974719183763448,True
I134R,-3.8979895784583394,134,True,mild,sensitive,134,-2.538666840625913,True
I134S,-4.25065436573926,134,True,mild,sensitive,134,-2.7683489327162043,True
I134T,-3.8160651315458,134,True,mild,sensitive,134,-2.485311419163822,True
I134V,-3.67243321243621,134,True,mild,sensitive,134,-2.3917674055230282,True
I134W,-6.89424796885709,134,True,impactful,sensitive,134,-4.490057850927398,True
I134Y,-5.979237552747331,134,True,impactful,sensitive,134,-3.894133578825091,True
E135A,-3.26051544479715,135,True,neutral,sensitive,135,-1.4739070829458172,True
E135C,-4.71756191581814,135,True,mild,sensitive,135,-2.1325609523043942,True
E135D,-1.27622127678353,135,True,neutral,sensitive,135,-0.576912335213436,True
E135E,0.0,135,True,neutral,sensitive,135,0.0,True
E135F,-4.056609667968,135,True,mild,sensitive,135,-1.8337792976584095,True
E135G,-6.94198221848274,135,True,impactful,sensitive,135,-3.1381040619920118,True
E135H,-4.23288173836908,135,True,mild,sensitive,135,-1.9134626046349972,True
E135I,-4.646876724062309,135,True,mild,sensitive,135,-2.1006079048331574,True
E135K,-5.22488450543964,135,True,mild,sensitive,135,-2.3618947404251442,True
E135L,-5.4874390757435405,135,True,mild,sensitive,135,-2.4805818153317283,True
E135M,-3.71167779561189,135,True,mild,sensitive,135,-1.6778537888218574,True
E135N,-3.49082064210126,135,True,mild,sensitive,135,-1.5780159170528367,True
E135P,-5.85326196139305,135,True,impactful,sensitive,135,-2.6459510495498586,True
E135Q,-2.63350851142796,135,True,neutral,sensitive,135,-1.1904703148042448,True
E135R,-4.48951316882372,135,True,mild,sensitive,135,-2.0294721403840734,True
E135S,-3.36799111063346,135,True,neutral,sensitive,135,-1.5224911635313672,True
E135T,-3.2567305076844595,135,True,neutral,sensitive,135,-1.472196112483217,True
E135V,-2.34997922369282,135,True,neutral,sensitive,135,-1.0623016762896667,True
E135W,-6.3551167780927695,135,True,impactful,sensitive,135,-2.8728131458863504,True
E135Y,-6.3551167780927695,135,True,impactful,sensitive,135,-2.8728131458863504,True
K136A,-2.56377575288721,136,True,neutral,tolerant,136,-1.1209891628119357,True
K136C,-2.92865368476862,136,True,neutral,tolerant,136,-1.2805289380546292,True
K136D,-3.4354570954402703,136,True,neutral,tolerant,136,-1.50212442291685,True
K136E,-1.2378364684741,136,True,neutral,tolerant,136,-0.5412334775887515,True
K136F,-6.231575730208889,136,True,impactful,tolerant,136,-2.7247035365473167,True
K136G,-5.52737584968533,136,True,mild,tolerant,136,-2.4167981225767763,True
K136H,-1.69056326031955,136,True,neutral,tolerant,136,-0.7391844203737586,True
K136I,-5.89240497451743,136,True,impactful,tolerant,136,-2.576404005652429,True
K136K,0.0,136,True,neutral,tolerant,136,0.0,True
K136L,-4.64160208604854,136,True,mild,tolerant,136,-2.0295010711003454,True
K136M,-5.89240497451743,136,True,impactful,tolerant,136,-2.576404005652429,True
K136N,-0.98185383743096,136,True,neutral,tolerant,136,-0.42930724732298375,True
K136P,-6.61147585963032,136,True,impactful,tolerant,136,-2.8908116400164623,True
K136Q,-1.38544071304782,136,True,neutral,tolerant,136,-0.6057721792930039,True
K136R,-0.10416267256069,136,True,neutral,tolerant,136,-0.04554424347705367,True
K136S,-2.30903600693579,136,True,neutral,tolerant,136,-1.0096063734913714,True
K136T,-2.06401942020841,136,True,neutral,tolerant,136,-0.9024749529210454,True
K136V,-4.398899800416928,136,True,mild,tolerant,136,-1.923381559018864,True
K136W,-6.231575730208889,136,True,impactful,tolerant,136,-2.7247035365473167,True
K136Y,-4.37868979999166,136,True,mild,tolerant,136,-1.9145449080630863,True
R137A,-3.92652932252825,137,True,mild,sensitive,137,-2.4108761643550354,True
R137C,-6.200060529736249,137,True,impactful,sensitive,137,-3.8068168911763007,True
R137D,-6.200060529736249,137,True,impactful,sensitive,137,-3.8068168911763007,True
R137E,-5.23021092157836,137,True,mild,sensitive,137,-3.2113324031574026,True
R137F,-6.42311383540593,137,True,impactful,sensitive,137,-3.943770891477355,True
R137G,-4.29997234061022,137,True,mild,sensitive,137,-2.640168956305694,True
R137H,-5.27291917474485,137,True,mild,sensitive,137,-3.2375551309464394,True
R137I,-6.28981262099168,137,True,impactful,sensitive,137,-3.8619243817194784,True
R137K,-2.37304811633322,137,True,neutral,sensitive,137,-1.4570437836057226,True
R137L,-4.08240284869227,137,True,mild,sensitive,137,-2.5065819997162344,True
R137M,-5.58086193904102,137,True,mild,sensitive,137,-3.426630981257219,True
R137N,-6.200060529736249,137,True,impactful,sensitive,137,-3.8068168911763007,True
R137P,-4.77539641385233,137,True,mild,sensitive,137,-2.932077782648538,True
R137Q,-3.8067488262145,137,True,mild,sensitive,137,-2.3373313312983717,True
R137R,0.0,137,True,neutral,sensitive,137,0.0,True
R137S,-4.31666961027994,137,True,mild,sensitive,137,-2.6504210252831424,True
R137T,-4.68648897111739,137,True,mild,sensitive,137,-2.8774889035349567,True
R137V,-3.02294459601741,137,True,neutral,sensitive,137,-1.8560780969825044,True
R137W,-7.05483099983117,137,True,impactful,sensitive,137,-4.331643164731162,True
R137Y,-7.05483099983117,137,True,impactful,sensitive,137,-4.331643164731162,True
R138A,-3.68545229976763,138,True,mild,sensitive,138,-1.5110981595283246,True
R138C,-6.11414015328441,138,True,impactful,sensitive,138,-2.5069015092961124,True
R138D,-5.9479542629865705,138,True,impactful,sensitive,138,-2.4387624662309033,True
R138E,-3.81031091838309,138,True,mild,sensitive,138,-1.5622923179232022,True
R138F,-6.6805309859398605,138,True,impactful,sensitive,138,-2.7391313891546387,True
R138G,-6.0019455252575185,138,True,impactful,sensitive,138,-2.46089980255008,True
R138H,-3.3377815151047003,138,True,neutral,sensitive,138,-1.36854722138186,True
R138I,-4.5640079380994205,138,True,mild,sensitive,138,-1.8713209219312203,True
R138K,-1.96144030380772,138,True,neutral,sensitive,138,-0.8042239030730097,True
R138L,-4.86165152561603,138,True,mild,sensitive,138,-1.9933598579174803,True
R138M,-5.03095869722907,138,True,mild,sensitive,138,-2.0627786794378515,True
R138N,-4.968229303050831,138,True,mild,sensitive,138,-2.037058560336855,True
R138P,-5.36387811888395,138,True,mild,sensitive,138,-2.1992813077219413,True
R138Q,-4.5661164127456,138,True,mild,sensitive,138,-1.8721854324168006,True
R138R,0.0,138,True,neutral,sensitive,138,0.0,True
R138S,-3.9473358185041,138,True,mild,sensitive,138,-1.6184748587731994,True
R138T,-4.75331798991697,138,True,mild,sensitive,138,-1.94894126473141,True
R138V,-3.98042163813111,138,True,mild,sensitive,138,-1.6320406078531735,True
R138W,-6.6805309859398605,138,True,impactful,sensitive,138,-2.7391313891546387,True
R138Y,-5.83296087441573,138,True,impactful,sensitive,138,-2.3916132200343703,True
A139A,0.0,139,True,neutral,tolerant,139,0.0,True
A139C,-1.7523108468672202,139,True,neutral,tolerant,139,-0.9428991093861021,True
A139D,-3.12082111643902,139,True,neutral,tolerant,139,-1.679279367872718,True
A139E,-2.51983157658448,139,True,neutral,tolerant,139,-1.3558935354490327,True
A139F,-2.9269702105129904,139,True,neutral,tolerant,139,-1.574970336813463,True
A139G,-2.77181954644715,139,True,neutral,tolerant,139,-1.4914854783878686,True
A139H,-4.49779414602439,139,True,mild,tolerant,139,-2.420213344036771,True
A139I,-3.1185921235512297,139,True,neutral,tolerant,139,-1.6780799714228913,True
A139K,-4.27036022646042,139,True,mild,tolerant,139,-2.2978336643215846,True
A139L,-2.4556698329993303,139,True,neutral,tolerant,139,-1.321368810003627,True
A139M,-3.70923750538929,139,True,mild,tolerant,139,-1.9958997266870788,True
A139N,-2.21676744261523,139,True,neutral,tolerant,139,-1.1928180728292839,True
A139P,-4.10828928370438,139,True,mild,tolerant,139,-2.210625080379277,True
A139Q,-2.4415620126587703,139,True,neutral,tolerant,139,-1.313777547723721,True
A139R,-4.41387908333396,139,True,mild,tolerant,139,-2.3750595757904907,True
A139S,-0.7234093015975099,139,True,neutral,tolerant,139,-0.3892585538789397,True
A139T,-1.3017337122709698,139,True,neutral,tolerant,139,-0.7004485306659562,True
A139V,-2.82948436491648,139,True,neutral,tolerant,139,-1.5225142801982603,True
A139W,-5.35751460292038,139,True,mild,tolerant,139,-2.882819424788645,True
A139Y,-2.9485598880135298,139,True,neutral,tolerant,139,-1.5865875037810624,True
E140A,-2.06731188938335,140,True,neutral,tolerant,140,-1.2656508604352148,True
E140C,-2.7630762541446203,140,True,neutral,tolerant,140,-1.6916121154555839,True
E140D,-1.34912547863961,140,True,neutral,tolerant,140,-0.8259623676738119,True
E140E,0.0,140,True,neutral,tolerant,140,0.0,True
E140F,-5.995801042295178,140,True,impactful,tolerant,140,-3.6707527234522987,True
E140G,-6.68021655992091,140,True,impactful,tolerant,140,-4.089765980826156,True
E140H,-1.86583546579117,140,True,neutral,tolerant,140,-1.1423028498198862,True
E140I,-3.54580317773536,140,True,mild,tolerant,140,-2.1708136376912672,True
E140K,-2.94127299055885,140,True,neutral,tolerant,140,-1.800707822749509,True
E140L,-2.72386198598689,140,True,neutral,tolerant,140,-1.6676043339060023,True
E140M,-3.0984473672022403,140,True,neutral,tolerant,140,-1.8969332089907756,True
E140N,-3.24579914546112,140,True,neutral,tolerant,140,-1.9871449984637413,True
E140P,-4.26038006677543,140,True,mild,tolerant,140,-2.6082923070227997,True
E140Q,-1.97679521127018,140,True,neutral,tolerant,140,-1.2102346882910864,True
E140R,-4.15470147303932,140,True,mild,tolerant,140,-2.5435936982746115,True
E140S,-2.8539373244387503,140,True,neutral,tolerant,140,-1.747239131576568,True
E140T,-3.34628212035151,140,True,neutral,tolerant,140,-2.0486627424878647,True
E140V,-2.97021434529717,140,True,neutral,tolerant,140,-1.818426315404065,True
E140W,-5.995801042295178,140,True,impactful,tolerant,140,-3.6707527234522987,True
E140Y,-4.35756219743882,140,True,mild,tolerant,140,-2.6677892063173396,True
R141A,-5.2832086519074695,141,True,mild,sensitive,141,-2.6208333720079833,True
R141C,-3.8439399288963103,141,True,mild,sensitive,141,-1.90685750069859,True
R141D,-5.20616886893058,141,True,mild,sensitive,141,-2.582616362705277,True
R141E,-4.585854809578089,141,True,mild,sensitive,141,-2.2748980999995663,True
R141F,-4.76151458250408,141,True,mild,sensitive,141,-2.3620373794292293,True
R141G,-5.34927025065458,141,True,mild,sensitive,141,-2.653604449966852,True
R141H,-5.87707153727358,141,True,impactful,sensitive,141,-2.9154300406068128,True
R141I,-5.69211170771491,141,True,mild,sensitive,141,-2.823677296067137,True
R141K,-1.94287527199082,141,True,neutral,sensitive,141,-0.9637992148283242,True
R141L,-4.8202405316402,141,True,mild,sensitive,141,-2.3911694727156116,True
R141M,-4.9225367901652985,141,True,mild,sensitive,141,-2.441915423867349,True
R141N,-5.87707153727358,141,True,impactful,sensitive,141,-2.9154300406068128,True
R141P,-6.45802945042835,141,True,impactful,sensitive,141,-3.2036249590449506,True
R141Q,-4.8058223843159,141,True,mild,sensitive,141,-2.3840170840518757,True
R141R,0.0,141,True,neutral,sensitive,141,0.0,True
R141S,-5.4868500469118615,141,True,mild,sensitive,141,-2.721853452628323,True
R141T,-5.45392977016523,141,True,mild,sensitive,141,-2.705522740442243,True
R141V,-4.0932909577258805,141,True,mild,sensitive,141,-2.0305526906406186,True
R141W,-6.74606715136953,141,True,impactful,sensitive,141,-3.3465113882512907,True
R141Y,-6.74606715136953,141,True,impactful,sensitive,141,-3.3465113882512907,True
A142A,0.0,142,True,neutral,sensitive,142,0.0,True
A142C,-4.2180230047548,142,True,mild,sensitive,142,-2.450019653812675,True
A142D,-2.8287117014301497,142,True,neutral,sensitive,142,-1.6430444442008518,True
A142E,-3.3803880503883703,142,True,neutral,sensitive,142,-1.9634831653665823,True
A142F,-4.2762871050995495,142,True,mild,sensitive,142,-2.4838620939310516,True
A142G,-3.92781675285927,142,True,mild,sensitive,142,-2.28145466021215,True
A142H,-5.403850524524809,142,True,mild,sensitive,142,-3.1388022247454166,True
A142I,-3.4475403299142005,142,True,neutral,sensitive,142,-2.0024882643077557,True
A142K,-4.55355028974603,142,True,mild,sensitive,142,-2.644909165247833,True
A142L,-4.6944029713032,142,True,mild,sensitive,142,-2.726722810578424,True
A142M,-4.88768447579564,142,True,mild,sensitive,142,-2.8389895014407442,True
A142N,-2.65015461008778,142,True,neutral,sensitive,142,-1.5393303623612575,True
A142P,-5.45713828041178,142,True,mild,sensitive,142,-3.1697541776113636,True
A142Q,-3.3634664292076004,142,True,neutral,sensitive,142,-1.9536543179609318,True
A142R,-5.04551608657935,142,True,mild,sensitive,142,-2.9306652812971135,True
A142S,-1.27250514580217,142,True,neutral,sensitive,142,-0.739128879401243,True
A142T,-1.90725731346183,142,True,neutral,sensitive,142,-1.1078218154789516,True
A142V,-4.12309165172189,142,True,mild,sensitive,142,-2.394879205211167,True
A142W,-6.402098883928679,142,True,impactful,sensitive,142,-3.718630285704016,True
A142Y,-6.402098883928679,142,True,impactful,sensitive,142,-3.718630285704016,True
E143A,-4.48259106453462,143,True,mild,sensitive,143,-2.30331939667721,True
E143C,-5.9364340003839695,143,True,impactful,sensitive,143,-3.0503571223260932,True
E143D,-1.35969418288806,143,True,neutral,sensitive,143,-0.6986606495902569,True
E143E,0.0,143,True,neutral,sensitive,143,0.0,True
E143F,-6.65865583906714,143,True,impactful,sensitive,143,-3.4214611435927598,True
E143G,-4.279630897250089,143,True,mild,sensitive,143,-2.199031032351957,True
E143H,-4.1609097474249,143,True,mild,sensitive,143,-2.1380277591888786,True
E143I,-5.87108266156674,143,True,impactful,sensitive,143,-3.0167772119284053,True
E143K,-4.18119806046582,143,True,mild,sensitive,143,-2.1484526371847172,True
E143L,-3.77405499202823,143,True,mild,sensitive,143,-1.9392476231082576,True
E143M,-5.87108266156674,143,True,impactful,sensitive,143,-3.0167772119284053,True
E143N,-2.5741627545880097,143,True,neutral,sensitive,143,-1.3226990634404787,True
E143P,-4.42939773043925,143,True,mild,sensitive,143,-2.2759867142103305,True
E143Q,-1.44482035508267,143,True,neutral,sensitive,143,-0.7424015933341594,True
E143R,-4.20017088526625,143,True,mild,sensitive,143,-2.15820156916255,True
E143S,-3.98382350794087,143,True,mild,sensitive,143,-2.0470343662123685,True
E143T,-3.67700857104785,143,True,mild,sensitive,143,-1.8893816191377577,True
E143V,-3.78943116713369,143,True,mild,sensitive,143,-1.9471484647994208,True
E143W,-6.65865583906714,143,True,impactful,sensitive,143,-3.4214611435927598,True
E143Y,-6.65865583906714,143,True,impactful,sensitive,143,-3.4214611435927598,True
Q144A,-4.1247281392349,144,True,mild,sensitive,144,-2.225506976306276,True
Q144C,-5.6527851970624186,144,True,mild,sensitive,144,-3.0499738326891994,True
Q144D,-3.426073280045681,144,True,neutral,sensitive,144,-1.848546068661027,True
Q144E,-1.6040829818015805,144,True,neutral,sensitive,144,-0.8654868262992417,True
Q144F,-6.41681072448364,144,True,impactful,sensitive,144,-3.4622056414181523,True
Q144G,-4.072132312181241,144,True,mild,sensitive,144,-2.1971287714691856,True
Q144H,-2.43890594984993,144,True,neutral,sensitive,144,-1.3159175641943548,True
Q144I,-2.59767675595094,144,True,neutral,sensitive,144,-1.4015827340392482,True
Q144K,-3.96230333177696,144,True,mild,sensitive,144,-2.1378702812512898,True
Q144L,-3.47044748147464,144,True,neutral,sensitive,144,-1.8724882756416033,True
Q144M,-5.2254614598344284,144,True,mild,sensitive,144,-2.8194102837134443,True
Q144N,-1.95266861409199,144,True,neutral,sensitive,144,-1.0535670416043748,True
Q144P,-6.0917784973765805,144,True,impactful,sensitive,144,-3.286833722461742,True
Q144Q,0.0,144,True,neutral,sensitive,144,0.0,True
Q144R,-3.65705946553361,144,True,mild,sensitive,144,-1.9731752199362225,True
Q144S,-4.65373831440809,144,True,mild,sensitive,144,-2.510935687155404,True
Q144T,-3.7739584157536696,144,True,mild,sensitive,144,-2.036248329352321,True
Q144V,-2.74931103202968,144,True,neutral,sensitive,144,-1.4833973719666302,True
Q144W,-6.41681072448364,144,True,impactful,sensitive,144,-3.4622056414181523,True
Q144Y,-4.8506041457935085,144,True,mild,sensitive,144,-2.6171551194076956,True
Q145A,-3.47214378804811,145,True,neutral,tolerant,145,-1.9270162035559464,True
Q145C,-5.568866054118639,145,True,mild,tolerant,145,-3.0906828106194175,True
Q145D,-3.04916920882168,145,True,neutral,tolerant,145,-1.6922681868789669,True
Q145E,-2.46569232025096,145,True,neutral,tolerant,145,-1.3684424793876717,True
Q145F,-6.69315500222861,145,True,impactful,tolerant,145,-3.71465553546579,True
Q145G,-5.66322912014413,145,True,mild,tolerant,145,-3.14305367091451,True
Q145H,-1.15057316378018,145,True,neutral,tolerant,145,-0.6385602858997483,True
Q145I,-2.2918523862996403,145,True,neutral,tolerant,145,-1.2719624975671011,True
Q145K,-3.13933669304045,145,True,neutral,tolerant,145,-1.7423105277870667,True
Q145L,-1.5260330145747398,145,True,neutral,tolerant,145,-0.8469379512361673,True
Q145M,-2.1469234762522302,145,True,neutral,tolerant,145,-1.1915279375162164,True
Q145N,-1.6666526184792398,145,True,neutral,tolerant,145,-0.9249808756664144,True
Q145P,-5.03270472316592,145,True,mild,tolerant,145,-2.793116916020672,True
Q145Q,0.0,145,True,neutral,tolerant,145,0.0,True
Q145R,-3.88674416868062,145,True,mild,tolerant,145,-2.157116596929471,True
Q145S,-3.6485900183885698,145,True,mild,tolerant,145,-2.024942662158507,True
Q145T,-4.17319582759875,145,True,mild,tolerant,145,-2.3160953207285297,True
Q145V,-2.1205646597149097,145,True,neutral,tolerant,145,-1.1768989734886268,True
Q145W,-6.69315500222861,145,True,impactful,tolerant,145,-3.71465553546579,True
Q145Y,-6.69315500222861,145,True,impactful,tolerant,145,-3.71465553546579,True
R146A,-3.7033277473799,146,True,mild,sensitive,146,-1.3179845786591804,True
R146C,-5.64089588095076,146,True,mild,sensitive,146,-2.0075495035985336,True
R146D,-4.95823051578803,146,True,mild,sensitive,146,-1.7645943872695016,True
R146E,-2.61514915319155,146,True,neutral,sensitive,146,-0.9307105635569609,True
R146F,-6.56412196617159,146,True,impactful,sensitive,146,-2.3361182466156274,True
R146G,-4.7103544023764,146,True,mild,sensitive,146,-1.6763772708866373,True
R146H,-3.95386148042822,146,True,mild,sensitive,146,-1.407147520509309,True
R146I,-5.5569781318546285,146,True,mild,sensitive,146,-1.977683851209883,True
R146K,-1.4171241008684,146,True,neutral,sensitive,146,-0.5043430769291855,True
R146L,-5.2156035882388885,146,True,mild,sensitive,146,-1.856191395039704,True
R146M,-6.07237563039515,146,True,impactful,sensitive,146,-2.161109678274884,True
R146N,-2.88296644107902,146,True,neutral,sensitive,146,-1.0260245836524666,True
R146P,-6.09441796188323,146,True,impactful,sensitive,146,-2.1689543668794875,True
R146Q,-2.89818303753423,146,True,neutral,sensitive,146,-1.0314400480228119,True
R146R,0.0,146,True,neutral,sensitive,146,0.0,True
R146S,-4.22682586600848,146,True,mild,sensitive,146,-1.5042933513023011,True
R146T,-4.72417289284256,146,True,mild,sensitive,146,-1.6812951605731856,True
R146V,-5.0376828162906,146,True,mild,sensitive,146,-1.7928708223961165,True
R146W,-6.56412196617159,146,True,impactful,sensitive,146,-2.3361182466156274,True
R146Y,-6.56412196617159,146,True,impactful,sensitive,146,-2.3361182466156274,True
I147A,-3.26398828771806,147,True,neutral,tolerant,147,-2.243552236922734,True
I147C,-2.96718011230428,147,True,neutral,tolerant,147,-2.0395366010847473,True
I147D,-3.58661811570076,147,True,mild,tolerant,147,-2.4653167803165577,True
I147E,-2.5793561641395097,147,True,neutral,tolerant,147,-1.772959882745605,True
I147F,-2.07890074515495,147,True,neutral,tolerant,147,-1.428964201459662,True
I147G,-6.2469653723973,147,True,impactful,tolerant,147,-4.29394712841306,True
I147H,-4.8758647974752805,147,True,mild,tolerant,147,-3.3515001921028342,True
I147I,0.0,147,True,neutral,tolerant,147,0.0,True
I147K,-2.80252255494959,147,True,neutral,tolerant,147,-1.9263567123825065,True
I147L,-1.9409951900198,147,True,neutral,tolerant,147,-1.3341727103652359,True
I147M,-1.53131589445848,147,True,neutral,tolerant,147,-1.0525733849521774,True
I147N,-3.84398940059646,147,True,mild,tolerant,147,-2.6422248666967083,True
I147P,-5.21340235539711,147,True,mild,tolerant,147,-3.5835117915226333,True
I147Q,-3.07718332060467,147,True,neutral,tolerant,147,-2.1151489876180216,True
I147R,-3.0300752215515097,147,True,neutral,tolerant,147,-2.0827685157255242,True
I147S,-2.35383256450026,147,True,neutral,tolerant,147,-1.617942789591988,True
I147T,-2.39970291683046,147,True,neutral,tolerant,147,-1.6494724773565244,True
I147V,-0.460554533961432,147,True,neutral,tolerant,147,-0.3165691981132904,True
I147W,-2.61619059717666,147,True,neutral,tolerant,147,-1.7982785932775154,True
I147Y,-2.2140035890994,147,True,neutral,tolerant,147,-1.5218292061800391,True
R148A,-4.38671584323128,148,True,mild,sensitive,148,-1.71764052619883,True
R148C,-2.8226578639945603,148,True,neutral,sensitive,148,-1.1052258026404527,True
R148D,-4.42141635155541,148,True,mild,sensitive,148,-1.7312276837689273,True
R148E,-4.68926573448255,148,True,mild,sensitive,148,-1.836105449157559,True
R148F,-5.473813722731,148,True,mild,sensitive,148,-2.143299137447766,True
R148G,-5.73638282325475,148,True,mild,sensitive,148,-2.24610938185488,True
R148H,-3.07463420534873,148,True,neutral,sensitive,148,-1.203888399220774,True
R148I,-2.26972377206934,148,True,neutral,sensitive,148,-0.8887216937469707,True
R148K,-2.0716478253754897,148,True,neutral,sensitive,148,-0.8111640662495065,True
R148L,-2.80101708527997,148,True,neutral,sensitive,148,-1.09675224751013,True
R148M,-2.29884204490562,148,True,neutral,sensitive,148,-0.9001230990952753,True
R148N,-5.028050950923401,148,True,mild,sensitive,148,-1.9687584949056074,True
R148P,-5.76553890614464,148,True,mild,sensitive,148,-2.257525591918762,True
R148Q,-2.56757523244287,148,True,neutral,sensitive,148,-1.0053469225988654,True
R148R,0.0,148,True,neutral,sensitive,148,0.0,True
R148S,-3.413844328509509,148,True,neutral,sensitive,148,-1.336707819319951,True
R148T,-4.66960346099322,148,True,mild,sensitive,148,-1.8284065876426083,True
R148V,-3.810841123453,148,True,mild,sensitive,148,-1.4921538997443664,True
R148W,-6.416809297762018,148,True,impactful,sensitive,148,-2.5125337707324116,True
R148Y,-6.416809297762018,148,True,impactful,sensitive,148,-2.5125337707324116,True
T149A,-0.13745099643150502,149,True,neutral,tolerant,149,-0.06728625639882571,True
T149C,-3.7894414070678,149,True,mild,tolerant,149,-1.8550416711700735,True
T149D,-2.3140238025204303,149,True,neutral,tolerant,149,-1.1327818854115415,True
T149E,-2.68404371576121,149,True,neutral,tolerant,149,-1.3139173838900644,True
T149F,-3.74838998276164,149,True,mild,tolerant,149,-1.8349458062210133,True
T149G,-5.54252742032578,149,True,mild,tolerant,149,-2.7132282106620087,True
T149H,-3.23831507012104,149,True,neutral,tolerant,149,-1.5852493162312373,True
T149I,-4.01777124371916,149,True,mild,tolerant,149,-1.9668157603457848,True
T149K,-3.17678465425526,149,True,neutral,tolerant,149,-1.5551283898956147,True
T149L,-3.3031833184174104,149,True,neutral,tolerant,149,-1.6170042085225225,True
T149M,-2.90835157608815,149,True,neutral,tolerant,149,-1.423722598796248,True
T149N,-0.8492643549912401,149,True,neutral,tolerant,149,-0.41573957718669574,True
T149P,-4.80864632188248,149,True,mild,tolerant,149,-2.353972090021843,True
T149Q,-2.49810688146241,149,True,neutral,tolerant,149,-1.2228959010967437,True
T149R,-3.14074032460724,149,True,neutral,tolerant,149,-1.537483643263101,True
T149S,-0.104284332378497,149,True,neutral,tolerant,149,-0.051050210685788626,True
T149T,0.0,149,True,neutral,tolerant,149,0.0,True
T149V,-4.35154235406924,149,True,mild,tolerant,149,-2.1302064165985217,True
T149W,-5.65820393333678,149,True,mild,tolerant,149,-2.7698552247677877,True
T149Y,-4.4628133399217695,149,True,mild,tolerant,149,-2.184676797157417,True
E150A,-3.7226526793519503,150,True,mild,sensitive,150,-1.587419040064189,True
E150C,-3.2598154534566497,150,True,neutral,sensitive,150,-1.3900553083059548,True
E150D,-1.5521455026646498,150,True,neutral,sensitive,150,-0.6618681720016893,True
E150E,0.0,150,True,neutral,sensitive,150,0.0,True
E150F,-6.36139088190897,150,True,impactful,sensitive,150,-2.7126336720166284,True
E150G,-5.51189166186641,150,True,mild,sensitive,150,-2.3503889630501207,True
E150H,-4.07779370627,150,True,mild,sensitive,150,-1.738858799987159,True
E150I,-4.358265968950451,150,True,mild,sensitive,150,-1.85845819545543,True
E150K,-3.52187211533362,150,True,mild,sensitive,150,-1.5018018961481447,True
E150L,-4.46050070519803,150,True,mild,sensitive,150,-1.902053282307207,True
E150M,-4.898180375384071,150,True,mild,sensitive,150,-2.088689292095605,True
E150N,-4.07779370627,150,True,mild,sensitive,150,-1.738858799987159,True
E150P,-4.31909498848994,150,True,mild,sensitive,150,-1.841754848257372,True
E150Q,-0.538331419184284,150,True,neutral,sensitive,150,-0.22955607688511848,True
E150R,-3.63784433362995,150,True,mild,sensitive,150,-1.5512549403344003,True
E150S,-3.30532581164895,150,True,neutral,sensitive,150,-1.4094619022961241,True
E150T,-4.53552272916949,150,True,mild,sensitive,150,-1.934044284298072,True
E150V,-4.86046771415975,150,True,mild,sensitive,150,-2.072607803534765,True
E150W,-5.6465180706514,150,True,mild,sensitive,150,-2.407796554627523,True
E150Y,-6.36139088190897,150,True,impactful,sensitive,150,-2.7126336720166284,True
R151A,-2.42788036192479,151,True,neutral,tolerant,151,-1.028199982329236,True
R151C,-5.1876010243582815,151,True,mild,tolerant,151,-2.1969333272038476,True
R151D,-3.81756695527103,151,True,mild,tolerant,151,-1.616728047027196,True
R151E,-2.07778057386532,151,True,neutral,tolerant,151,-0.879933782090755,True
R151F,-6.49102370137903,151,True,impactful,tolerant,151,-2.7489288845210886,True
R151G,-3.98051232327372,151,True,mild,tolerant,151,-1.6857349170231184,True
R151H,-2.27467018290795,151,True,neutral,tolerant,151,-0.9633159353933788,True
R151I,-2.95861896984752,151,True,neutral,tolerant,151,-1.2529661758557433,True
R151K,-1.03366446022979,151,True,neutral,tolerant,151,-0.4377537692590607,True
R151L,-2.85706630810728,151,True,neutral,tolerant,151,-1.2099589310819432,True
R151M,-3.0639564164009907,151,True,neutral,tolerant,151,-1.2975762655386716,True
R151N,-2.22387674932196,151,True,neutral,tolerant,151,-0.9418050700580899,True
R151P,-4.39994143479334,151,True,mild,tolerant,151,-1.8633618758370798,True
R151Q,-1.39588212340165,151,True,neutral,tolerant,151,-0.591151852918086,True
R151R,0.0,151,True,neutral,tolerant,151,0.0,True
R151S,-2.92106069731804,151,True,neutral,tolerant,151,-1.237060361155503,True
R151T,-2.57725709185703,151,True,neutral,tolerant,151,-1.0914605751843816,True
R151V,-5.30067266715338,151,True,mild,tolerant,151,-2.244818825578112,True
R151W,-6.49102370137903,151,True,impactful,tolerant,151,-2.7489288845210886,True
R151Y,-6.49102370137903,151,True,impactful,tolerant,151,-2.7489288845210886,True
E152A,-3.6620502461694495,152,True,mild,sensitive,152,-2.1322655638476453,True
E152C,-5.53095848874208,152,True,mild,sensitive,152,-3.2204561728642775,True
E152D,-0.526132836581497,152,True,neutral,sensitive,152,-0.3063461323682495,True
E152E,0.0,152,True,neutral,sensitive,152,0.0,True
E152F,-6.59217518382905,152,True,impactful,sensitive,152,-3.838360260084562,True
E152G,-4.32749054111631,152,True,mild,sensitive,152,-2.5197248640568635,True
E152H,-3.98539095660617,152,True,mild,sensitive,152,-2.3205339424629914,True
E152I,-3.63753511351532,152,True,mild,sensitive,152,-2.1179913814531695,True
E152K,-2.9268234814656604,152,True,neutral,sensitive,152,-1.7041723901843846,True
E152L,-4.45906440087551,152,True,mild,sensitive,152,-2.5963350663774136,True
E152M,-5.80165166970234,152,True,impactful,sensitive,152,-3.378069998270876,True
E152N,-1.7735627810248,152,True,neutral,sensitive,152,-1.032674755693687,True
E152P,-4.2189821165028,152,True,mild,sensitive,152,-2.4565447431852943,True
E152Q,-1.73209787791699,152,True,neutral,sensitive,152,-1.0085313990869489,True
E152R,-3.53635825856631,152,True,mild,sensitive,152,-2.0590801407098605,True
E152S,-4.22941197830074,152,True,mild,sensitive,152,-2.4626176350498175,True
E152T,-4.83249363378537,152,True,mild,sensitive,152,-2.8137679906527224,True
E152V,-5.80165166970234,152,True,impactful,sensitive,152,-3.378069998270876,True
E152W,-6.59217518382905,152,True,impactful,sensitive,152,-3.838360260084562,True
E152Y,-6.59217518382905,152,True,impactful,sensitive,152,-3.838360260084562,True
K153A,-4.10483401877335,153,True,mild,sensitive,153,-1.5506813262063164,True
K153C,-3.38919508234483,153,True,neutral,sensitive,153,-1.2803347226772714,True
K153D,-3.5369269479061,153,True,mild,sensitive,153,-1.3361433239906908,True
K153E,-2.49815839508598,153,True,neutral,sensitive,153,-0.9437281886303881,True
K153F,-6.366347323428942,153,True,impactful,sensitive,153,-2.405012204009879,True
K153G,-5.27975351373191,153,True,mild,sensitive,153,-1.9945301425763486,True
K153H,-4.43246819996505,153,True,mild,sensitive,153,-1.674451545483706,True
K153I,-3.67213515176919,153,True,mild,sensitive,153,-1.3872208671803774,True
K153K,0.0,153,True,neutral,sensitive,153,0.0,True
K153L,-3.32418828010342,153,True,neutral,sensitive,153,-1.2557771318341062,True
K153M,-3.2396480417244704,153,True,neutral,sensitive,153,-1.2238404034870625,True
K153N,-3.6218523311168505,153,True,mild,sensitive,153,-1.3682255483299783,True
K153P,-3.96898093914723,153,True,mild,sensitive,153,-1.499360168585722,True
K153Q,-2.52743360574381,153,True,neutral,sensitive,153,-0.9547874719729625,True
K153R,-0.241610080902401,153,True,neutral,sensitive,153,-0.09127293307477277,True
K153S,-4.40178900987037,153,True,mild,sensitive,153,-1.6628618814521332,True
K153T,-5.33715382815875,153,True,mild,sensitive,153,-2.016214233892341,True
K153V,-4.543783785276339,153,True,mild,sensitive,153,-1.7165031847627832,True
K153W,-6.366347323428942,153,True,impactful,sensitive,153,-2.405012204009879,True
K153Y,-6.366347323428942,153,True,impactful,sensitive,153,-2.405012204009879,True
E154A,-3.8772383616514494,154,True,mild,sensitive,154,-1.8469779659871315,True
E154C,-3.30987237932336,154,True,neutral,sensitive,154,-1.57670506288806,True
E154D,-1.4216305234260205,154,True,neutral,sensitive,154,-0.6772140393824608,True
E154E,0.0,154,True,neutral,sensitive,154,0.0,True
E154F,-4.12638075695601,154,True,mild,sensitive,154,-1.96566051051988,True
E154G,-3.87466925489267,154,True,mild,sensitive,154,-1.8457541352258695,True
E154H,-1.59634496203578,154,True,neutral,sensitive,154,-0.760441761888175,True
E154I,-5.20296925889092,154,True,mild,sensitive,154,-2.47850884638075,True
E154K,-2.8214826293942403,154,True,neutral,sensitive,154,-1.3440536180207814,True
E154L,-3.57628260927063,154,True,mild,sensitive,154,-1.7036133875071813,True
E154M,-4.69566877730634,154,True,mild,sensitive,154,-2.236849003929823,True
E154N,-3.70324883388869,154,True,mild,sensitive,154,-1.7640955651348282,True
E154P,-5.01336210681049,154,True,mild,sensitive,154,-2.3881867667402914,True
E154Q,-1.94591552276122,154,True,neutral,sensitive,154,-0.926964699864743,True
E154R,-3.3013786283568503,154,True,neutral,sensitive,154,-1.5726589430933915,True
E154S,-3.27641612114667,154,True,neutral,sensitive,154,-1.5607676956403047,True
E154T,-2.8750278018654503,154,True,neutral,sensitive,154,-1.3695606270087926,True
E154V,-3.21558124409623,154,True,neutral,sensitive,154,-1.5317881315807353,True
E154W,-6.216383446177808,154,True,impactful,sensitive,154,-2.9612631936116474,True
E154Y,-3.948637400931859,154,True,mild,sensitive,154,-1.8809899198685012,True
R155A,-6.0836766149639,155,True,impactful,sensitive,155,-3.0580737205828714,True
R155C,-3.89373815863196,155,True,mild,sensitive,155,-1.9572602377409232,True
R155D,-4.040557982312451,155,True,mild,sensitive,155,-2.0310619653596396,True
R155E,-2.9693581736222003,155,True,neutral,sensitive,155,-1.4926033667563519,True
R155F,-3.95592164657331,155,True,mild,sensitive,155,-1.9885179298180937,True
R155G,-4.64741547982639,155,True,mild,sensitive,155,-2.336110225275584,True
R155H,-3.36754549378463,155,True,neutral,sensitive,155,-1.692759663141818,True
R155I,-6.619945407763032,155,True,impactful,sensitive,155,-3.3276392491637257,True
R155K,-2.14918537798215,155,True,neutral,sensitive,155,-1.0803281865611094,True
R155L,-5.78001626473596,155,True,impactful,sensitive,155,-2.905433171818173,True
R155M,-6.619945407763032,155,True,impactful,sensitive,155,-3.3276392491637257,True
R155N,-3.83552237301328,155,True,mild,sensitive,155,-1.927996985370526,True
R155P,-3.4521412094620403,155,True,neutral,sensitive,155,-1.735283280250372,True
R155Q,-2.4088938541288702,155,True,neutral,sensitive,155,-1.2108755046028692,True
R155R,0.0,155,True,neutral,sensitive,155,0.0,True
R155S,-4.08602376818464,155,True,mild,sensitive,155,-2.0539161921308984,True
R155T,-3.94405782436122,155,True,mild,sensitive,155,-1.9825543579143503,True
R155V,-6.619945407763032,155,True,impactful,sensitive,155,-3.3276392491637257,True
R155W,-5.72861540787569,155,True,mild,sensitive,155,-2.8795955707212966,True
R155Y,-6.26123653335158,155,True,impactful,sensitive,155,-3.1473275311675137,True
Q156A,-3.0656355204905097,156,True,neutral,tolerant,156,-1.6455306210824243,True
Q156C,-3.4129625701685096,156,True,neutral,tolerant,156,-1.8319641654340755,True
Q156D,-3.09630351938926,156,True,neutral,tolerant,156,-1.6619921772386959,True
Q156E,-2.65963801016752,156,True,neutral,tolerant,156,-1.427604735616166,True
Q156F,-3.35645418615744,156,True,neutral,tolerant,156,-1.8016323547486286,True
Q156G,-4.309695139493121,156,True,mild,tolerant,156,-2.313300218556746,True
Q156H,-1.64016217956763,156,True,neutral,tolerant,156,-0.8803842048346269,True
Q156I,-3.86406862219458,156,True,mild,tolerant,156,-2.0741028074882126,True
Q156K,-2.36439067181341,156,True,neutral,tolerant,156,-1.269125838562861,True
Q156L,-2.3984313607080496,156,True,neutral,tolerant,156,-1.2873977419135592,True
Q156M,-2.94120621414771,156,True,neutral,tolerant,156,-1.5787411308189627,True
Q156N,-2.3411302766440003,156,True,neutral,tolerant,156,-1.2566404363505272,True
Q156P,-4.13365040456275,156,True,mild,tolerant,156,-2.218805292440443,True
Q156Q,0.0,156,True,neutral,tolerant,156,0.0,True
Q156R,-3.01636001201479,156,True,neutral,tolerant,156,-1.6190811760899455,True
Q156S,-3.54966476522718,156,True,mild,tolerant,156,-1.905341331908919,True
Q156T,-3.78801655586394,156,True,mild,tolerant,156,-2.0332806017474483,True
Q156V,-3.10538840492117,156,True,neutral,tolerant,156,-1.6668686399596768,True
Q156W,-5.94131806255456,156,True,impactful,tolerant,156,-3.1891008360835227,True
Q156Y,-5.94131806255456,156,True,impactful,tolerant,156,-3.1891008360835227,True
T157A,-0.17132401776631698,157,True,neutral,tolerant,157,-0.08845477875959784,True
T157C,-1.76874191402893,157,True,neutral,tolerant,157,-0.9132033951109922,True
T157D,-2.7951508071285405,157,True,neutral,tolerant,157,-1.4431394352513,True
T157E,-2.1403371525108303,157,True,neutral,tolerant,157,-1.1050584253430626,True
T157F,-3.12453401500596,157,True,neutral,tolerant,157,-1.6132003476661847,True
T157G,-3.45292245850188,157,True,neutral,tolerant,157,-1.7827476621370641,True
T157H,-1.4974417061453402,157,True,neutral,tolerant,157,-0.7731307994606357,True
T157I,-1.78828974032321,157,True,neutral,tolerant,157,-0.9232959593214001,True
T157K,-1.5811709496146202,157,True,neutral,tolerant,157,-0.816360299931992,True
T157L,-1.90786634885316,157,True,neutral,tolerant,157,-0.9850334937911249,True
T157M,-3.2832030718517,157,True,neutral,tolerant,157,-1.6951213561871705,True
T157N,-0.23482038183310505,157,True,neutral,tolerant,157,-0.12123802134749642,True
T157P,-4.826253850420598,157,True,mild,tolerant,157,-2.491800169891548,True
T157Q,-1.86093814992549,157,True,neutral,tolerant,157,-0.9608044130828067,True
T157R,-2.39724049056169,157,True,neutral,tolerant,157,-1.23769790126807,True
T157S,-0.4742735356671379,157,True,neutral,tolerant,157,-0.24486794797323982,True
T157T,0.0,157,True,neutral,tolerant,157,0.0,True
T157V,-1.75839065433023,157,True,neutral,tolerant,157,-0.9078590283463712,True
T157W,-3.3868667361046203,157,True,neutral,tolerant,157,-1.7486430200288883,True
T157Y,-5.07534023604977,157,True,mild,tolerant,157,-2.6204037446857646,True
R158A,-4.00025443804345,158,True,mild,sensitive,158,-1.732003547846612,True
R158C,-4.8361005908877495,158,True,mild,sensitive,158,-2.093902653166608,True
R158D,-4.37969257446696,158,True,mild,sensitive,158,-1.8962901472748372,True
R158E,-3.580636503321,158,True,mild,sensitive,158,-1.5503201667177795,True
R158F,-4.23890546132133,158,True,mild,sensitive,158,-1.835333079859251,True
R158G,-3.8828227234807495,158,True,mild,sensitive,158,-1.6811587454965422,True
R158H,-2.84887798513986,158,True,neutral,sensitive,158,-1.2334882328279413,True
R158I,-4.40473863017997,158,True,mild,sensitive,158,-1.9071344218144624,True
R158K,-1.30100569213651,158,True,neutral,sensitive,158,-0.5633007873497162,True
R158L,-3.2966958971610296,158,True,neutral,sensitive,158,-1.4273814524775617,True
R158M,-4.45734393674328,158,True,mild,sensitive,158,-1.9299111174008001,True
R158N,-5.403738948314331,158,True,mild,sensitive,158,-2.339674931951336,True
R158P,-4.48215584254593,158,True,mild,sensitive,158,-1.940654011270332,True
R158Q,-3.18283286661032,158,True,neutral,sensitive,158,-1.3780817951840487,True
R158R,0.0,158,True,neutral,sensitive,158,0.0,True
R158S,-4.2647605710158,158,True,mild,sensitive,158,-1.846527653208112,True
R158T,-5.6491130502325495,158,True,mild,sensitive,158,-2.4459153778165486,True
R158V,-5.528133800254952,158,True,mild,sensitive,158,-2.3935345871887637,True
R158W,-6.325091096961651,158,True,impactful,sensitive,158,-2.7385958543549034,True
R158Y,-6.325091096961651,158,True,impactful,sensitive,158,-2.7385958543549034,True
L159A,-2.53818190456202,159,True,neutral,tolerant,159,-1.2658086892502303,True
L159C,-3.38379529416202,159,True,neutral,tolerant,159,-1.6875218747308123,True
L159D,-3.16493995858553,159,True,neutral,tolerant,159,-1.5783772208493958,True
L159E,-2.14729674278485,159,True,neutral,tolerant,159,-1.0708715835261617,True
L159F,-2.45538512601026,159,True,neutral,tolerant,159,-1.2245173690558924,True
L159G,-3.41807577817179,159,True,neutral,tolerant,159,-1.7046177867508605,True
L159H,-2.13757533612562,159,True,neutral,tolerant,159,-1.0660234514837454,True
L159I,-0.992128419177205,159,True,neutral,tolerant,159,-0.49478123360244547,True
L159K,-2.3294687352737298,159,True,neutral,tolerant,159,-1.161722003118229,True
L159L,0.0,159,True,neutral,tolerant,159,0.0,True
L159M,-0.692821152883442,159,True,neutral,tolerant,159,-0.3455146511918544,True
L159N,-3.0968995994197406,159,True,neutral,tolerant,159,-1.5444450280081485,True
L159P,-4.50630099671106,159,True,mild,tolerant,159,-2.247323151962237,True
L159Q,-1.71862984932334,159,True,neutral,tolerant,159,-0.8570924696012625,True
L159R,-1.9332483814406,159,True,neutral,tolerant,159,-0.9641242005973256,True
L159S,-3.184149103324,159,True,neutral,tolerant,159,-1.5879569528139639,True
L159T,-2.58084785281671,159,True,neutral,tolerant,159,-1.2870864896863683,True
L159V,-0.6084396560936249,159,True,neutral,tolerant,159,-0.30343302116505705,True
L159W,-3.82421062422962,159,True,mild,tolerant,159,-1.9071600144073195,True
L159Y,-5.41549999428177,159,True,mild,tolerant,159,-2.700746915371028,True
A160A,0.0,160,True,neutral,tolerant,160,0.0,True
A160C,-2.40538124921486,160,True,neutral,tolerant,160,-1.3219050778891264,True
A160D,-3.53098448676593,160,True,mild,tolerant,160,-1.9404933519487493,True
A160E,-1.30929699383479,160,True,neutral,tolerant,160,-0.7195393017968009,True
A160F,-4.54293062331846,160,True,mild,tolerant,160,-2.4966200519867203,True
A160G,-5.04908791353904,160,True,mild,tolerant,160,-2.7747846433052827,True
A160H,-4.12874314433934,160,True,mild,tolerant,160,-2.268998533843054,True
A160I,-3.12713149919658,160,True,neutral,tolerant,160,-1.718551273052577,True
A160K,-2.4234792990422203,160,True,neutral,tolerant,160,-1.3318510704316753,True
A160L,-1.8888278442537296,160,True,neutral,tolerant,160,-1.0380271815091158,True
A160M,-1.8316241530448,160,True,neutral,tolerant,160,-1.0065902315837065,True
A160N,-1.60029988764265,160,True,neutral,tolerant,160,-0.8794633068295178,True
A160P,-5.4446757268408605,160,True,mild,tolerant,160,-2.9921845001160987,True
A160Q,-1.6557648218783798,160,True,neutral,tolerant,160,-0.9099447027558101,True
A160R,-2.37563051776443,160,True,neutral,tolerant,160,-1.3055552194257014,True
A160S,-1.7723971494841,160,True,neutral,tolerant,160,-0.9740413469606963,True
A160T,-1.40626998861013,160,True,neutral,tolerant,160,-0.7728319323323884,True
A160V,-1.79631561223243,160,True,neutral,tolerant,160,-0.9871860147228815,True
A160W,-5.62164665166749,160,True,mild,tolerant,160,-3.08944091809284,True
A160Y,-4.59603111524049,160,True,mild,tolerant,160,-2.525802041300495,True
E161A,-2.53142967052419,161,True,neutral,sensitive,161,-1.0174011362053903,True
E161C,-5.05091029832036,161,True,mild,sensitive,161,-2.0299998598493696,True
E161D,-1.13849263866642,161,True,neutral,sensitive,161,-0.457568984683993,True
E161E,0.0,161,True,neutral,sensitive,161,0.0,True
E161F,-6.476046228724611,161,True,impactful,sensitive,161,-2.6027729973863756,True
E161G,-3.499417009016,161,True,mild,sensitive,161,-1.4064427238431252,True
E161H,-2.97541916335919,161,True,neutral,sensitive,161,-1.1958439425504885,True
E161I,-3.89573134946433,161,True,mild,sensitive,161,-1.5657245182226336,True
E161K,-3.1119928374727297,161,True,neutral,sensitive,161,-1.2507339570102176,True
E161L,-3.9622224415314298,161,True,mild,sensitive,161,-1.5924478016716248,True
E161M,-4.53272641231829,161,True,mild,sensitive,161,-1.8217377538463764,True
E161N,-3.0059309360510293,161,True,neutral,sensitive,161,-1.2081068596545177,True
E161P,-6.71881409724392,161,True,impactful,sensitive,161,-2.700343278773873,True
E161Q,-3.1324668784636898,161,True,neutral,sensitive,161,-1.2589626322167482,True
E161R,-3.740853027445701,161,True,mild,sensitive,161,-1.5034777243929995,True
E161S,-3.49011295666769,161,True,mild,sensitive,161,-1.4027033533440327,True
E161T,-4.24653322554938,161,True,mild,sensitive,161,-1.7067145016567802,True
E161V,-2.75119162107957,161,True,neutral,sensitive,161,-1.1057251614758445,True
E161W,-6.476046228724611,161,True,impactful,sensitive,161,-2.6027729973863756,True
E161Y,-5.26851599372535,161,True,mild,sensitive,161,-2.117457269520939,True
E162A,-4.27985267147073,162,True,mild,sensitive,162,-2.130312597251088,True
E162C,-5.681083154727482,162,True,mild,sensitive,162,-2.82778028580783,True
E162D,-1.70161519357194,162,True,neutral,sensitive,162,-0.8469852961771381,True
E162E,0.0,162,True,neutral,sensitive,162,0.0,True
E162F,-4.9450948594289805,162,True,mild,sensitive,162,-2.4614393724032193,True
E162G,-4.4839669941898,162,True,mild,sensitive,162,-2.2319112611178014,True
E162H,-4.32807050058559,162,True,mild,sensitive,162,-2.154313201164444,True
E162I,-6.1912311247358,162,True,impactful,sensitive,162,-3.0817083366996685,True
E162K,-3.41800223161255,162,True,neutral,sensitive,162,-1.701323332920794,True
E162L,-4.54210694072963,162,True,mild,sensitive,162,-2.2608506359105185,True
E162M,-5.5972939306663,162,True,mild,sensitive,162,-2.7860738876597626,True
E162N,-3.36826443414386,162,True,neutral,sensitive,162,-1.6765661591018497,True
E162P,-5.98919627500435,162,True,impactful,sensitive,162,-2.9811447382525436,True
E162Q,-3.04262174311323,162,True,neutral,sensitive,162,-1.51447629756769,True
E162R,-4.01330200753376,162,True,mild,sensitive,162,-1.9976360121490506,True
E162S,-3.21324913917183,162,True,neutral,sensitive,162,-1.5994067190475667,True
E162T,-4.824801896698902,162,True,mild,sensitive,162,-2.401563102462254,True
E162V,-4.32405156926577,162,True,mild,sensitive,162,-2.152312763141152,True
E162W,-6.76557065380254,162,True,impactful,sensitive,162,-3.3675879750400424,True
E162Y,-6.76557065380254,162,True,impactful,sensitive,162,-3.3675879750400424,True
R163A,-3.99461359017076,163,True,mild,sensitive,163,-1.6405889173902575,True
R163C,-5.30716744927899,163,True,mild,sensitive,163,-2.1796551539918116,True
R163D,-3.85469413281263,163,True,mild,sensitive,163,-1.583123957166359,True
R163E,-3.42150058304846,163,True,neutral,sensitive,163,-1.4052112452643144,True
R163F,-5.058903928384209,163,True,mild,sensitive,163,-2.0776932566071764,True
R163G,-5.02097206160671,163,True,mild,sensitive,163,-2.0621146283252783,True
R163H,-4.722997382355532,163,True,mild,sensitive,163,-1.9397363443167106,True
R163I,-5.71126888132295,163,True,mild,sensitive,163,-2.345619725019197,True
R163K,-0.14837965424031102,163,True,neutral,sensitive,163,-0.060939565446791195,True
R163L,-4.0724305173503605,163,True,mild,sensitive,163,-1.6725483511213082,True
R163M,-4.93901890887154,163,True,mild,sensitive,163,-2.028456445603088,True
R163N,-3.8598978291697,163,True,mild,sensitive,163,-1.5852611167138757,True
R163P,-6.448745338460081,163,True,impactful,sensitive,163,-2.648501511981647,True
R163Q,-3.45993349615288,163,True,neutral,sensitive,163,-1.4209956534126478,True
R163R,0.0,163,True,neutral,sensitive,163,0.0,True
R163S,-5.30716744927899,163,True,mild,sensitive,163,-2.1796551539918116,True
R163T,-4.09311458205604,163,True,mild,sensitive,163,-1.6810433022740854,True
R163V,-4.94042283088654,163,True,mild,sensitive,163,-2.029033036766838,True
R163W,-6.21609741877694,163,True,impactful,sensitive,163,-2.5529529463768963,True
R163Y,-6.21609741877694,163,True,impactful,sensitive,163,-2.5529529463768963,True
A164A,0.0,164,True,neutral,tolerant,164,0.0,True
A164C,-3.7964064384495,164,True,mild,tolerant,164,-2.5243334448999533,True
A164D,-1.59855473016567,164,True,neutral,tolerant,164,-1.0629223278075257,True
A164E,-1.5055404965364998,164,True,neutral,tolerant,164,-1.0010746451084767,True
A164F,-5.66394449021178,164,True,mild,tolerant,164,-3.766110067113301,True
A164G,-4.4633611778736695,164,True,mild,tolerant,164,-2.9678097118010744,True
A164H,-1.58410942787028,164,True,neutral,tolerant,164,-1.053317255142852,True
A164I,-1.57485310842512,164,True,neutral,tolerant,164,-1.0471624776892456,True
A164K,-1.93385211076286,164,True,neutral,tolerant,164,-1.2858706357801877,True
A164L,-1.48978094515014,164,True,neutral,tolerant,164,-0.9905956926342903,True
A164M,-1.54639373184091,164,True,neutral,tolerant,164,-1.0282390675388127,True
A164N,-2.84260136834036,164,True,neutral,tolerant,164,-1.890122625424315,True
A164P,-2.90417192689154,164,True,neutral,tolerant,164,-1.931062557091745,True
A164Q,-1.41562897865992,164,True,neutral,tolerant,164,-0.9412900421326513,True
A164R,-1.74662952978953,164,True,neutral,tolerant,164,-1.161381271837246,True
A164S,-1.53842169952948,164,True,neutral,tolerant,164,-1.0229382473780018,True
A164T,-1.0732177908744598,164,True,neutral,tolerant,164,-0.7136115711236908,True
A164V,-1.76401369401008,164,True,neutral,tolerant,164,-1.1729404733782407,True
A164W,-5.66394449021178,164,True,mild,tolerant,164,-3.766110067113301,True
A164Y,-4.79597293367834,164,True,mild,tolerant,164,-3.1889722751243887,True
R165A,-3.14401300483512,165,True,neutral,sensitive,165,-1.3976396914912717,True
R165C,-4.14710798291698,165,True,mild,sensitive,165,-1.8435555810078599,True
R165D,-3.5436213183249,165,True,mild,sensitive,165,-1.5752815902761315,True
R165E,-3.2472824113240097,165,True,neutral,sensitive,165,-1.4435470783893698,True
R165F,-6.6908904193175305,165,True,impactful,sensitive,165,-2.9743687469089433,True
R165G,-4.8546932564761605,165,True,mild,sensitive,165,-2.158105572346997,True
R165H,-3.5734290161636,165,True,mild,sensitive,165,-1.588532305698516,True
R165I,-2.7463338601472502,165,True,neutral,sensitive,165,-1.2208553854978506,True
R165K,-1.56721968815896,165,True,neutral,sensitive,165,-0.6966919151062501,True
R165L,-2.80400311203323,165,True,neutral,sensitive,165,-1.246491677488532,True
R165M,-2.94893402437954,165,True,neutral,sensitive,165,-1.310919272192412,True
R165N,-4.60958087256986,165,True,mild,sensitive,165,-2.0491433014859517,True
R165P,-3.77823615830058,165,True,mild,sensitive,165,-1.6795772824563486,True
R165Q,-2.26983115678606,165,True,neutral,sensitive,165,-1.0090308509630717,True
R165R,0.0,165,True,neutral,sensitive,165,0.0,True
R165S,-3.0106711851031696,165,True,neutral,sensitive,165,-1.3383639125722777,True
R165T,-4.46362819813632,165,True,mild,sensitive,165,-1.9842614926149618,True
R165V,-2.9989741967476404,165,True,neutral,sensitive,165,-1.3331641328094532,True
R165W,-6.6908904193175305,165,True,impactful,sensitive,165,-2.9743687469089433,True
R165Y,-6.6908904193175305,165,True,impactful,sensitive,165,-2.9743687469089433,True
R166A,-4.28276421980273,166,True,mild,sensitive,166,-1.6929934290236182,True
R166C,-5.29535093425134,166,True,mild,sensitive,166,-2.0932729134630104,True
R166D,-4.29709311758849,166,True,mild,sensitive,166,-1.698657698301921,True
R166E,-3.81033973356601,166,True,mild,sensitive,166,-1.5062421838323838,True
R166F,-6.5181521761891785,166,True,impactful,sensitive,166,-2.5766510219356817,True
R166G,-5.710064228945558,166,True,mild,sensitive,166,-2.257210699157499,True
R166H,-5.13733489618495,166,True,mild,sensitive,166,-2.0308085562402196,True
R166I,-5.30462932287041,166,True,mild,sensitive,166,-2.0969406967351736,True
R166K,-0.663508814228751,166,True,neutral,sensitive,166,-0.26228762662079713,True
R166L,-4.04464396758768,166,True,mild,sensitive,166,-1.5988635629774095,True
R166M,-4.37711184514154,166,True,mild,sensitive,166,-1.7302894139400946,True
R166N,-3.97872961619873,166,True,mild,sensitive,166,-1.572807362343281,True
R166P,-3.7106227473187,166,True,mild,sensitive,166,-1.4668236695704637,True
R166Q,-3.86463698059095,166,True,mild,sensitive,166,-1.5277060977229153,True
R166R,0.0,166,True,neutral,sensitive,166,0.0,True
R166S,-3.6462071214393,166,True,mild,sensitive,166,-1.4413599209858425,True
R166T,-5.29535093425134,166,True,mild,sensitive,166,-2.0932729134630104,True
R166V,-4.66714009289603,166,True,mild,sensitive,166,-1.8449387134297133,True
R166W,-6.5181521761891785,166,True,impactful,sensitive,166,-2.5766510219356817,True
R166Y,-6.5181521761891785,166,True,impactful,sensitive,166,-2.5766510219356817,True
E167A,-3.05865856755132,167,True,neutral,sensitive,167,-1.7653054951706362,True
E167C,-5.540141350361719,167,True,mild,sensitive,167,-3.197493853537648,True
E167D,-2.60971463806186,167,True,neutral,sensitive,167,-1.5061974030942737,True
E167E,0.0,167,True,neutral,sensitive,167,0.0,True
E167F,-6.9709657257344295,167,True,impactful,sensitive,167,-4.023294470600852,True
E167G,-6.9709657257344295,167,True,impactful,sensitive,167,-4.023294470600852,True
E167H,-3.67625038837355,167,True,mild,sensitive,167,-2.121748756486572,True
E167I,-5.20643144764708,167,True,mild,sensitive,167,-3.0048931064962314,True
E167K,-3.70252081364584,167,True,mild,sensitive,167,-2.136910738469664,True
E167L,-4.9302560334547,167,True,mild,sensitive,167,-2.8454984027274026,True
E167M,-5.94500250958479,167,True,impactful,sensitive,167,-3.4311595646241297,True
E167N,-4.20362860656596,167,True,mild,sensitive,167,-2.4261252163127764,True
E167P,-6.9709657257344295,167,True,impactful,sensitive,167,-4.023294470600852,True
E167Q,-1.72446885422532,167,True,neutral,sensitive,167,-0.9952775955152406,True
E167R,-3.4949848378091497,167,True,mild,sensitive,167,-2.0171313023218067,True
E167S,-5.540141350361719,167,True,mild,sensitive,167,-3.197493853537648,True
E167T,-4.927026138310191,167,True,mild,sensitive,167,-2.843634268002489,True
E167V,-4.987158981880629,167,True,mild,sensitive,167,-2.878339952488258,True
E167W,-6.9709657257344295,167,True,impactful,sensitive,167,-4.023294470600852,True
E167Y,-6.9709657257344295,167,True,impactful,sensitive,167,-4.023294470600852,True
E168A,-2.36010437307945,168,True,neutral,tolerant,168,-1.0106841639519353,True
E168C,-4.88130141860017,168,True,mild,tolerant,168,-2.0903541807425094,True
E168D,-1.2168982613221202,168,True,neutral,tolerant,168,-0.5211209368059195,True
E168E,0.0,168,True,neutral,tolerant,168,0.0,True
E168F,-6.2707926746373,168,True,impactful,tolerant,168,-2.685385834615529,True
E168G,-3.0498343367817005,168,True,neutral,tolerant,168,-1.3060520975350745,True
E168H,-3.96403152703564,168,True,mild,tolerant,168,-1.697545216847178,True
E168I,-3.2199429508022304,168,True,neutral,tolerant,168,-1.3788989107114058,True
E168K,-3.19282537281451,168,True,neutral,tolerant,168,-1.3672861587714737,True
E168L,-1.9245226182820296,168,True,neutral,tolerant,168,-0.8241519127931735,True
E168M,-1.97409904837525,168,True,neutral,tolerant,168,-0.8453823775861817,True
E168N,-1.65726184534914,168,True,neutral,tolerant,168,-0.7097009444674042,True
E168P,-3.50295515573659,168,True,mild,tolerant,168,-1.50009522600786,True
E168Q,-1.34571333272673,168,True,neutral,tolerant,168,-0.5762843245916488,True
E168R,-3.86643543227026,168,True,mild,tolerant,168,-1.6557509519120988,True
E168S,-4.41408716356801,168,True,mild,tolerant,168,-1.8902757206032772,True
E168T,-4.88130141860017,168,True,mild,tolerant,168,-2.0903541807425094,True
E168V,-2.1568179449914098,168,True,neutral,tolerant,168,-0.9236293811387262,True
E168W,-6.2707926746373,168,True,impactful,tolerant,168,-2.685385834615529,True
E168Y,-6.2707926746373,168,True,impactful,tolerant,168,-2.685385834615529,True
E169A,-2.18670299269263,169,True,neutral,tolerant,169,-1.348182154212268,True
E169C,-4.7555863390327,169,True,mild,tolerant,169,-2.931992436341237,True
E169D,-1.46860275398281,169,True,neutral,tolerant,169,-0.9054471645957644,True
E169E,0.0,169,True,neutral,tolerant,169,0.0,True
E169F,-6.81571534842112,169,True,impactful,tolerant,169,-4.202137113105244,True
E169G,-3.2653860942449,169,True,neutral,tolerant,169,-2.0132296309033677,True
E169H,-4.14140765955615,169,True,mild,tolerant,169,-2.5533288784941153,True
E169I,-3.07085452131163,169,True,neutral,tolerant,169,-1.8932938207197756,True
E169K,-4.7260361646314415,169,True,mild,tolerant,169,-2.913773675990715,True
E169L,-2.80264684995081,169,True,neutral,tolerant,169,-1.7279340085459998,True
E169M,-2.94773030655101,169,True,neutral,tolerant,169,-1.8173832514077228,True
E169N,-3.62183554776358,169,True,mild,tolerant,169,-2.2329937203652186,True
E169P,-5.62537216765396,169,True,mild,tolerant,169,-3.468247124816318,True
E169Q,-1.54987774711665,169,True,neutral,tolerant,169,-0.9555561623393687,True
E169R,-3.44618016285838,169,True,neutral,tolerant,169,-2.124695768603205,True
E169S,-2.3220916157284,169,True,neutral,tolerant,169,-1.4316541785658992,True
E169T,-2.30125935909251,169,True,neutral,tolerant,169,-1.4188103325006896,True
E169V,-4.48983745390568,169,True,mild,tolerant,169,-2.7681485555639562,True
E169W,-6.81571534842112,169,True,impactful,tolerant,169,-4.202137113105244,True
E169Y,-6.81571534842112,169,True,impactful,tolerant,169,-4.202137113105244,True
E170A,-2.57097942708089,170,True,neutral,sensitive,170,-1.576865518783019,True
E170C,-5.2699418722538605,170,True,mild,sensitive,170,-3.2322271959146573,True
E170D,-1.38639204846221,170,True,neutral,sensitive,170,-0.8503194516874026,True
E170E,0.0,170,True,neutral,sensitive,170,0.0,True
E170F,-6.5912308135872495,170,True,impactful,sensitive,170,-4.042616789075874,True
E170G,-5.43362956136417,170,True,mild,sensitive,170,-3.332622193279683,True
E170H,-4.130263609345439,170,True,mild,sensitive,170,-2.5332253539095344,True
E170I,-4.16859818026913,170,True,mild,sensitive,170,-2.5567371962954315,True
E170K,-3.39536370971697,170,True,neutral,sensitive,170,-2.08248728137778,True
E170L,-4.23900359442642,170,True,mild,sensitive,170,-2.599919132623223,True
E170M,-2.67860257522075,170,True,neutral,sensitive,170,-1.642874304982179,True
E170N,-1.66155944456707,170,True,neutral,sensitive,170,-1.0190885885543275,True
E170P,-5.2725508513226105,170,True,mild,sensitive,170,-3.233827367852793,True
E170Q,-2.91294799802044,170,True,neutral,sensitive,170,-1.7866059944718253,True
E170R,-2.83353819027182,170,True,neutral,sensitive,170,-1.7379013699334012,True
E170S,-2.7897242639497204,170,True,neutral,sensitive,170,-1.7110288602073072,True
E170T,-5.2699418722538605,170,True,mild,sensitive,170,-3.2322271959146573,True
E170V,-3.90500610752121,170,True,mild,sensitive,170,-2.395067582698923,True
E170W,-6.5912308135872495,170,True,impactful,sensitive,170,-4.042616789075874,True
E170Y,-6.5912308135872495,170,True,impactful,sensitive,170,-4.042616789075874,True
N171A,-0.22398694056307505,171,True,neutral,tolerant,171,-0.11035761512145553,True
N171C,-3.5209812955064703,171,True,mild,tolerant,171,-1.7347756868437867,True
N171D,-1.6109392577249,171,True,neutral,tolerant,171,-0.7937043746440424,True
N171E,-1.80460189831396,171,True,neutral,tolerant,171,-0.8891213087733508,True
N171F,-2.63489625468296,171,True,neutral,tolerant,171,-1.2982045561597484,True
N171G,-3.92520844236344,171,True,mild,tolerant,171,-1.9339370476907305,True
N171H,-1.4112736103472598,171,True,neutral,tolerant,171,-0.6953297791837643,True
N171I,-2.04803217334243,171,True,neutral,tolerant,171,-1.009058589638781,True
N171K,-2.3290703519132,171,True,neutral,tolerant,171,-1.147525158569902,True
N171L,-1.97943088068631,171,True,neutral,tolerant,171,-0.9752589626036213,True
N171M,-2.11205328313072,171,True,neutral,tolerant,171,-1.0406015759213898,True
N171N,0.0,171,True,neutral,tolerant,171,0.0,True
N171P,-4.3853199350149,171,True,mild,tolerant,171,-2.1606324384637,True
N171Q,-1.3331026888684498,171,True,neutral,tolerant,171,-0.6568152280918057,True
N171R,-2.49992450219646,171,True,neutral,tolerant,171,-1.2317044259480094,True
N171S,0.263467044494896,171,True,neutral,tolerant,171,0.1298093300460408,True
N171T,-1.29060692681239,171,True,neutral,tolerant,171,-0.6358777085137169,True
N171V,-2.0213334339949096,171,True,neutral,tolerant,171,-0.9959042102194506,True
N171W,-5.24513119387778,171,True,mild,tolerant,171,-2.5842585648090606,True
N171Y,-5.24513119387778,171,True,mild,tolerant,171,-2.5842585648090606,True
R172A,-3.20744238091963,172,True,neutral,tolerant,172,-1.6295853164450833,True
R172C,-5.16328400059943,172,True,mild,tolerant,172,-2.6232776127377266,True
R172D,-4.14556880651559,172,True,mild,tolerant,172,-2.106213379107885,True
R172E,-2.76010744509917,172,True,neutral,tolerant,172,-1.4023106357579382,True
R172F,-5.20466118433627,172,True,mild,tolerant,172,-2.644299861322617,True
R172G,-6.56289474574944,172,True,impactful,tolerant,172,-3.334369145543774,True
R172H,-2.48312942163898,172,True,neutral,tolerant,172,-1.2615881327774499,True
R172I,-2.8308284513347406,172,True,neutral,tolerant,172,-1.438241417869966,True
R172K,-1.02221447984866,172,True,neutral,tolerant,172,-0.5193501577856294,True
R172L,-2.86612036845569,172,True,neutral,tolerant,172,-1.4561719628648246,True
R172M,-2.7709619952485496,172,True,neutral,tolerant,172,-1.407825439592068,True
R172N,-4.14407976086252,172,True,mild,tolerant,172,-2.105456848937244,True
R172P,-5.40225986928936,172,True,mild,tolerant,172,-2.744692597124808,True
R172Q,-2.46287150041813,172,True,neutral,tolerant,172,-1.2512958166443278,True
R172R,0.0,172,True,neutral,tolerant,172,0.0,True
R172S,-3.01866667017656,172,True,neutral,tolerant,172,-1.5336752143156136,True
R172T,-3.44391038204125,172,True,neutral,tolerant,172,-1.7497261441429532,True
R172V,-4.31782985824456,172,True,mild,tolerant,172,-2.1937329810695045,True
R172W,-6.08900388134421,172,True,impactful,tolerant,172,-3.093602359263793,True
R172Y,-6.08900388134421,172,True,impactful,tolerant,172,-3.093602359263793,True
R173A,-4.448779135912309,173,True,mild,sensitive,173,-1.773446230824504,True
R173C,-5.38326225466874,173,True,mild,sensitive,173,-2.1459654128512526,True
R173D,-4.76078265078495,173,True,mild,sensitive,173,-1.8978222541222787,True
R173E,-3.84280092492298,173,True,mild,sensitive,173,-1.5318811314097813,True
R173F,-5.17585660855952,173,True,mild,sensitive,173,-2.0632859293104975,True
R173G,-4.627458253784192,173,True,mild,sensitive,173,-1.8446742685481516,True
R173H,-4.76078265078495,173,True,mild,sensitive,173,-1.8978222541222787,True
R173I,-3.54552734682178,173,True,mild,sensitive,173,-1.413377000163631,True
R173K,-0.617898810986989,173,True,neutral,sensitive,173,-0.24631708698011168,True
R173L,-2.2423608363209904,173,True,neutral,sensitive,173,-0.8938871209002921,True
R173M,-3.4780560787719303,173,True,neutral,sensitive,173,-1.386480482634577,True
R173N,-3.85189002200647,173,True,mild,sensitive,173,-1.535504378253886,True
R173P,-5.32047615581588,173,True,mild,sensitive,173,-2.1209365752854734,True
R173Q,-2.4760642798138703,173,True,neutral,sensitive,173,-0.9870498692254372,True
R173R,0.0,173,True,neutral,sensitive,173,0.0,True
R173S,-4.50255138957561,173,True,mild,sensitive,173,-1.7948818197060288,True
R173T,-3.81866114571458,173,True,mild,sensitive,173,-1.5222581316738564,True
R173V,-2.53859137665369,173,True,neutral,sensitive,173,-1.0119754591069041,True
R173W,-4.047110806116169,173,True,mild,sensitive,173,-1.6133265297208306,True
R173Y,-5.76576742324669,173,True,mild,sensitive,173,-2.2984459763410263,True
K174A,-4.01230479112617,174,True,mild,sensitive,174,-2.107978293074891,True
K174C,-5.303332476558111,174,True,mild,sensitive,174,-2.786256359753219,True
K174D,-4.81528944285215,174,True,mild,sensitive,174,-2.529849088946201,True
K174E,-3.90469825863242,174,True,mild,sensitive,174,-2.051444144624465,True
K174F,-6.24120030456026,174,True,impactful,sensitive,174,-3.278991863689579,True
K174G,-4.8679106669102,174,True,mild,sensitive,174,-2.557495143731153,True
K174H,-4.81528944285215,174,True,mild,sensitive,174,-2.529849088946201,True
K174I,-4.08423551239233,174,True,mild,sensitive,174,-2.145769140711799,True
K174K,0.0,174,True,neutral,sensitive,174,0.0,True
K174L,-3.41177113080635,174,True,neutral,sensitive,174,-1.7924708762368806,True
K174M,-2.6409869350585096,174,True,neutral,sensitive,174,-1.387517504579991,True
K174N,-3.69657253258331,174,True,mild,sensitive,174,-1.9420993825534771,True
K174P,-6.24120030456026,174,True,impactful,sensitive,174,-3.278991863689579,True
K174Q,-3.44026340574496,174,True,neutral,sensitive,174,-1.8074401022098792,True
K174R,-0.19988091031671806,174,True,neutral,sensitive,174,-0.10501311392882197,True
K174S,-4.3852498021000095,174,True,mild,sensitive,174,-2.3039155482361005,True
K174T,-4.69099725588251,174,True,mild,sensitive,174,-2.4645486579544498,True
K174V,-4.34684078823123,174,True,mild,sensitive,174,-2.283736281777364,True
K174W,-6.24120030456026,174,True,impactful,sensitive,174,-3.278991863689579,True
K174Y,-6.24120030456026,174,True,impactful,sensitive,174,-3.278991863689579,True
A175A,0.0,175,True,neutral,tolerant,175,0.0,True
A175C,-1.8546363384340805,175,True,neutral,tolerant,175,-1.0057901580237616,True
A175D,-3.23325477316191,175,True,neutral,tolerant,175,-1.753430449861308,True
A175E,-2.52105139667492,175,True,neutral,tolerant,175,-1.3671945438039939,True
A175F,-5.94820298038893,175,True,impactful,tolerant,175,-3.2257774161020154,True
A175G,-3.82363449984923,175,True,mild,tolerant,175,-2.0736000196542865,True
A175H,-1.97466809503683,175,True,neutral,tolerant,175,-1.070884730441814,True
A175I,-2.5131948554462,175,True,neutral,tolerant,175,-1.362933853079781,True
A175K,-3.2243665155517296,175,True,neutral,tolerant,175,-1.7486102477327077,True
A175L,-1.8018650822183,175,True,neutral,tolerant,175,-0.9771717119012207,True
A175M,-1.63675753874241,175,True,neutral,tolerant,175,-0.8876320329883496,True
A175N,-2.1707083835234697,175,True,neutral,tolerant,175,-1.1771995850846826,True
A175P,-4.82550493817157,175,True,mild,tolerant,175,-2.616925633197676,True
A175Q,-1.93538719188377,175,True,neutral,tolerant,175,-1.0495822546028093,True
A175R,-3.11483054754722,175,True,neutral,tolerant,175,-1.6892076595888987,True
A175S,-1.67325689448293,175,True,neutral,tolerant,175,-0.9074260443625788,True
A175T,-3.17408162866179,175,True,neutral,tolerant,175,-1.7213401876766528,True
A175V,-1.9040168618811295,175,True,neutral,tolerant,175,-1.032569771607219,True
A175W,-5.94820298038893,175,True,impactful,tolerant,175,-3.2257774161020154,True
A175Y,-3.28227528245507,175,True,neutral,tolerant,175,-1.7800148237175872,True
E176A,-2.98534286508527,176,True,neutral,sensitive,176,-1.4436101722740315,True
E176C,-5.6471901252741805,176,True,mild,sensitive,176,-2.7307888835671195,True
E176D,-1.26405052617141,176,True,neutral,sensitive,176,-0.6112517993129302,True
E176E,0.0,176,True,neutral,sensitive,176,0.0,True
E176F,-6.4674438699830805,176,True,impactful,sensitive,176,-3.1274356686169873,True
E176G,-3.4038587193296097,176,True,neutral,sensitive,176,-1.6459901908344217,True
E176H,-4.04946924531777,176,True,mild,sensitive,176,-1.9581854611143983,True
E176I,-4.14912120833419,176,True,mild,sensitive,176,-2.006373757735219,True
E176K,-4.424596842256901,176,True,mild,sensitive,176,-2.1395843956138614,True
E176L,-3.6040672477271496,176,True,mild,sensitive,176,-1.7428042189820554,True
E176M,-4.02170117039488,176,True,mild,sensitive,176,-1.9447577654577366,True
E176N,-1.67194761856924,176,True,neutral,sensitive,176,-0.80849694616466,True
E176P,-5.45816041553187,176,True,mild,sensitive,176,-2.6393805515334674,True
E176Q,-2.40471439102784,176,True,neutral,sensitive,176,-1.162838009965863,True
E176R,-4.42679207213477,176,True,mild,sensitive,176,-2.140645934045254,True
E176S,-4.69645871859643,176,True,mild,sensitive,176,-2.2710475433572075,True
E176T,-5.139152409505249,176,True,mild,sensitive,176,-2.4851191405836968,True
E176V,-2.9277400508425897,176,True,neutral,sensitive,176,-1.4157554124188452,True
E176W,-6.4674438699830805,176,True,impactful,sensitive,176,-3.1274356686169873,True
E176Y,-4.07696432188969,176,True,mild,sensitive,176,-1.9714811440628774,True
D177A,-2.7150409621141,177,True,neutral,sensitive,177,-1.7161516698282397,True
D177C,-5.0054717732445315,177,True,mild,sensitive,177,-3.1639112859803404,True
D177D,0.0,177,True,neutral,sensitive,177,0.0,True
D177E,-0.622367703062594,177,True,neutral,sensitive,177,-0.3933927287882851,True
D177F,-4.6182151848984505,177,True,mild,sensitive,177,-2.91913006535941,True
D177G,-3.10487169554336,177,True,neutral,sensitive,177,-1.9625599831687721,True
D177H,-3.87998681502985,177,True,mild,sensitive,177,-2.4525029067481157,True
D177I,-3.45407523241557,177,True,neutral,sensitive,177,-2.1832882304680425,True
D177K,-2.15258230585654,177,True,neutral,sensitive,177,-1.3606268819465333,True
D177L,-4.27234565512467,177,True,mild,sensitive,177,-2.7005092123606413,True
D177M,-4.04957206507298,177,True,mild,sensitive,177,-2.559696136648095,True
D177N,-2.25227057361036,177,True,neutral,sensitive,177,-1.4236388915461191,True
D177P,-6.425488822947099,177,True,impactful,sensitive,177,-4.061490609842202,True
D177Q,-2.99877559829586,177,True,neutral,sensitive,177,-1.895497645254069,True
D177R,-4.49236905105133,177,True,mild,sensitive,177,-2.839583916422123,True
D177S,-4.53333235946024,177,True,mild,sensitive,177,-2.8654764355806184,True
D177T,-4.38860274480005,177,True,mild,sensitive,177,-2.773994217323668,True
D177V,-3.27342506660304,177,True,neutral,sensitive,177,-2.069100972139344,True
D177W,-4.98196714001791,177,True,mild,sensitive,177,-3.1490542300009134,True
D177Y,-5.5434103010965,177,True,mild,sensitive,177,-3.503937133000804,True
E178A,-2.90863970779134,178,True,neutral,sensitive,178,-1.3201235140162295,True
E178C,-4.35730027697855,178,True,mild,sensitive,178,-1.9776167319247304,True
E178D,-0.26073648664223803,178,True,neutral,sensitive,178,-0.11833860551940503,True
E178E,0.0,178,True,neutral,sensitive,178,0.0,True
E178F,-6.28620223884563,178,True,impactful,sensitive,178,-2.8530736780950607,True
E178G,-3.0413575228821097,178,True,neutral,sensitive,178,-1.3803592001209284,True
E178H,-2.21354889418653,178,True,neutral,sensitive,178,-1.0046476147639425,True
E178I,-4.3107357906749,178,True,mild,sensitive,178,-1.956482841356272,True
E178K,-4.24470907214796,178,True,mild,sensitive,178,-1.926515766559328,True
E178L,-4.54795486225468,178,True,mild,sensitive,178,-2.0641477657973133,True
E178M,-4.35331390378904,178,True,mild,sensitive,178,-1.97580746521871,True
E178N,-2.74994103962203,178,True,neutral,sensitive,178,-1.2480960838287865,True
E178P,-3.39041906392733,178,True,neutral,sensitive,178,-1.5387852667589468,True
E178Q,-2.76591629885369,178,True,neutral,sensitive,178,-1.2553466605494876,True
E178R,-4.18785001709211,178,True,mild,sensitive,178,-1.900709553654063,True
E178S,-3.1825526603907,178,True,neutral,sensitive,178,-1.444442427957828,True
E178T,-3.37144699407121,178,True,neutral,sensitive,178,-1.5301745490205023,True
E178V,-4.10077178014949,178,True,mild,sensitive,178,-1.8611879766642752,True
E178W,-6.28620223884563,178,True,impactful,sensitive,178,-2.8530736780950607,True
E178Y,-6.28620223884563,178,True,impactful,sensitive,178,-2.8530736780950607,True
A179A,0.0,179,True,neutral,tolerant,179,0.0,True
A179C,-4.0462188973396405,179,True,mild,tolerant,179,-2.5224033914315442,True
A179D,-1.88189209940644,179,True,neutral,tolerant,179,-1.1731671306690994,True
A179E,-1.30930873698315,179,True,neutral,tolerant,179,-0.8162200025235136,True
A179F,-3.41617909749176,179,True,neutral,tolerant,179,-2.1296380546579847,True
A179G,-3.21099589189326,179,True,neutral,tolerant,179,-2.001727324468192,True
A179H,-4.46288737271905,179,True,mild,tolerant,179,-2.782153543874029,True
A179I,-1.96704522344224,179,True,neutral,tolerant,179,-1.2262513889132878,True
A179K,-3.71095994037973,179,True,mild,tolerant,179,-2.313403742253025,True
A179L,-1.65121813732061,179,True,neutral,tolerant,179,-1.029365522539887,True
A179M,-1.87281002586632,179,True,neutral,tolerant,179,-1.1675053872785253,True
A179N,-4.178264363495971,179,True,mild,tolerant,179,-2.6047202260137956,True
A179P,-5.825145318999112,179,True,impactful,tolerant,179,-3.631381959558769,True
A179Q,-3.8525047932569914,179,True,mild,tolerant,179,-2.4016424722861505,True
A179R,-4.07482894078803,179,True,mild,tolerant,179,-2.540238825562572,True
A179S,-1.92374836667016,179,True,neutral,tolerant,179,-1.1992602297271087,True
A179T,-1.5972735957793105,179,True,neutral,tolerant,179,-0.9957366215868371,True
A179V,-1.73409758912422,179,True,neutral,tolerant,179,-1.0810323788354932,True
A179W,-5.935343431709371,179,True,impactful,tolerant,179,-3.700079205131042,True
A179Y,-5.935343431709371,179,True,impactful,tolerant,179,-3.700079205131042,True
R180A,-4.04902924239536,180,True,mild,sensitive,180,-1.402973865227694,True
R180C,-5.47950945279416,180,True,mild,sensitive,180,-1.8986300410096337,True
R180D,-4.48056187716323,180,True,mild,sensitive,180,-1.5524983493269997,True
R180E,-4.04001903158005,180,True,mild,sensitive,180,-1.3998518600414351,True
R180F,-5.4658625864038095,180,True,mild,sensitive,180,-1.8939014515770247,True
R180G,-4.64867057949793,180,True,mild,sensitive,180,-1.6107474015747425,True
R180H,-5.205466983383968,180,True,mild,sensitive,180,-1.8036753248225244,True
R180I,-5.65966743378395,180,True,mild,sensitive,180,-1.9610541243662991,True
R180K,-0.7723782770870959,180,True,neutral,sensitive,180,-0.2676262560607561,True
R180L,-3.24287369733865,180,True,neutral,sensitive,180,-1.1236439090049388,True
R180M,-3.1752283776806003,180,True,neutral,sensitive,180,-1.1002050524534677,True
R180N,-3.99882597775693,180,True,mild,sensitive,180,-1.3855786171273965,True
R180P,-4.2016496629082205,180,True,mild,sensitive,180,-1.4558562843116647,True
R180Q,-2.34652478144811,180,True,neutral,sensitive,180,-0.8130622787335682,True
R180R,0.0,180,True,neutral,sensitive,180,0.0,True
R180S,-4.61954785232753,180,True,mild,sensitive,180,-1.6006564828240408,True
R180T,-3.41800325955572,180,True,neutral,sensitive,180,-1.1843256635960622,True
R180V,-5.65966743378395,180,True,mild,sensitive,180,-1.9610541243662991,True
R180W,-6.3930448767036,180,True,impactful,sensitive,180,-2.2151667336284375,True
R180Y,-6.3930448767036,180,True,impactful,sensitive,180,-2.2151667336284375,True
K181A,-5.214539372021799,181,True,mild,sensitive,181,-1.8943203630062955,True
K181C,-6.1808444823438204,181,True,impactful,sensitive,181,-2.2453564405515927,True
K181D,-5.06907352046451,181,True,mild,sensitive,181,-1.8414760166378485,True
K181E,-5.16025010412154,181,True,mild,sensitive,181,-1.8745983399589767,True
K181F,-7.161095936856111,181,True,impactful,sensitive,181,-2.601458899210219,True
K181G,-5.05777602403885,181,True,mild,sensitive,181,-1.837371900050879,True
K181H,-6.04836114116722,181,True,impactful,sensitive,181,-2.197228336984769,True
K181I,-5.000095470677129,181,True,mild,sensitive,181,-1.8164179022023188,True
K181K,0.0,181,True,neutral,sensitive,181,0.0,True
K181L,-4.89016410526067,181,True,mild,sensitive,181,-1.776482404704916,True
K181M,-6.208371147520598,181,True,impactful,sensitive,181,-2.255356235097167,True
K181N,-5.2848963780543885,181,True,mild,sensitive,181,-1.9198794200387894,True
K181P,-5.2801843373098,181,True,mild,sensitive,181,-1.9181676456907653,True
K181Q,-3.50301163037771,181,True,mild,sensitive,181,-1.2725623089311362,True
K181R,-0.7135992240128269,181,True,neutral,sensitive,181,-0.25923393125112604,True
K181S,-5.11714956757303,181,True,mild,sensitive,181,-1.8589409216875938,True
K181T,-5.877538392873371,181,True,impactful,sensitive,181,-2.1351724222679387,True
K181V,-5.0848282466653,181,True,mild,sensitive,181,-1.8471993406990057,True
K181W,-7.161095936856111,181,True,impactful,sensitive,181,-2.601458899210219,True
K181Y,-7.161095936856111,181,True,impactful,sensitive,181,-2.601458899210219,True
K182A,-5.21693774423521,182,True,mild,sensitive,182,-3.0068423526753008,True
K182C,-6.1818810101559185,182,True,impactful,sensitive,182,-3.5629985542909584,True
K182D,-4.087242318532629,182,True,mild,sensitive,182,-2.355729339992793,True
K182E,-3.65021363165432,182,True,mild,sensitive,182,-2.103842806270621,True
K182F,-6.76939022571086,182,True,impactful,sensitive,182,-3.9016162795781155,True
K182G,-5.08173683432618,182,True,mild,sensitive,182,-2.928917745949079,True
K182H,-5.2569803251889,182,True,mild,sensitive,182,-3.0299213569158687,True
K182I,-6.1470889821201515,182,True,impactful,sensitive,182,-3.542945766896857,True
K182K,0.0,182,True,neutral,sensitive,182,0.0,True
K182L,-3.64559645191715,182,True,mild,sensitive,182,-2.10118164137576,True
K182M,-4.83856141086716,182,True,mild,sensitive,182,-2.7887607806499806,True
K182N,-4.55437267221451,182,True,mild,sensitive,182,-2.624965317213905,True
K182P,-7.022416672502461,182,True,impactful,sensitive,182,-4.04745099600743,True
K182Q,-4.09855045828446,182,True,mild,sensitive,182,-2.3622469170088016,True
K182R,-1.55567469637884,182,True,neutral,sensitive,182,-0.89663108769624,True
K182S,-5.242927945155589,182,True,mild,sensitive,182,-3.021822105302844,True
K182T,-6.1818810101559185,182,True,impactful,sensitive,182,-3.5629985542909584,True
K182V,-6.1470889821201515,182,True,impactful,sensitive,182,-3.542945766896857,True
K182W,-6.76939022571086,182,True,impactful,sensitive,182,-3.9016162795781155,True
K182Y,-6.76939022571086,182,True,impactful,sensitive,182,-3.9016162795781155,True
K183A,-2.3939623719786,183,True,neutral,tolerant,183,-0.8199969013508084,True
K183C,-4.69599275520487,183,True,mild,tolerant,183,-1.6085046085545827,True
K183D,-3.1857733299343103,183,True,neutral,tolerant,183,-1.09121358360913,True
K183E,-2.72800984003515,183,True,neutral,tolerant,183,-0.9344171996465005,True
K183F,-5.6163366969884905,183,True,mild,tolerant,183,-1.9237473163235517,True
K183G,-4.74033887724,183,True,mild,tolerant,183,-1.6236943555119157,True
K183H,-2.03495402823879,183,True,neutral,tolerant,183,-0.6970268276054881,True
K183I,-2.3020656779764903,183,True,neutral,tolerant,183,-0.7885197966109235,True
K183K,0.0,183,True,neutral,tolerant,183,0.0,True
K183L,-2.22684617816588,183,True,neutral,tolerant,183,-0.7627550822245065,True
K183M,-2.15449752471016,183,True,neutral,tolerant,183,-0.7379737104097267,True
K183N,-2.02551916300024,183,True,neutral,tolerant,183,-0.6937951309210164,True
K183P,-5.150344249793349,183,True,mild,tolerant,183,-1.7641322917828435,True
K183Q,-2.18130896152315,183,True,neutral,tolerant,183,-0.7471573531289079,True
K183R,-1.6042289447876,183,True,neutral,tolerant,183,-0.5494918296046083,True
K183S,-2.1645524893698003,183,True,neutral,tolerant,183,-0.741417807927969,True
K183T,-2.20007358269268,183,True,neutral,tolerant,183,-0.7535847437153852,True
K183V,-4.02926886281437,183,True,mild,tolerant,183,-1.3801336315434007,True
K183W,-6.224619609383709,183,True,impactful,tolerant,183,-2.13210067607017,True
K183Y,-6.224619609383709,183,True,impactful,tolerant,183,-2.13210067607017,True
A184A,0.0,184,True,neutral,sensitive,184,0.0,True
A184C,-4.01743010096197,184,True,mild,sensitive,184,-1.969317135967938,True
A184D,-4.25949277589098,184,True,mild,sensitive,184,-2.0879746263874455,True
A184E,-3.79350458518566,184,True,mild,sensitive,184,-1.8595503586211077,True
A184F,-6.53737205141037,184,True,impactful,sensitive,184,-3.2045756818413857,True
A184G,-4.24138127352068,184,True,mild,sensitive,184,-2.079096490096433,True
A184H,-5.03406787101525,184,True,mild,sensitive,184,-2.467666113130916,True
A184I,-1.67735150321273,184,True,neutral,sensitive,184,-0.8222263923216615,True
A184K,-4.55161468835008,184,True,mild,sensitive,184,-2.2311708173702534,True
A184L,-1.87020481527188,184,True,neutral,sensitive,184,-0.9167617850034946,True
A184M,-2.95879420900614,184,True,neutral,sensitive,184,-1.450380962746127,True
A184N,-2.49383135822698,184,True,neutral,sensitive,184,-1.2224593096951755,True
A184P,-3.747179942877779,184,True,mild,sensitive,184,-1.8368423314440696,True
A184Q,-3.75000674761096,184,True,mild,sensitive,184,-1.8382280120560996,True
A184R,-4.57077326983023,184,True,mild,sensitive,184,-2.240562224777855,True
A184S,-2.427387694466029,184,True,neutral,sensitive,184,-1.1898890739144456,True
A184T,-1.05078896838306,184,True,neutral,sensitive,184,-0.5150896642177623,True
A184V,-1.56343967421415,184,True,neutral,sensitive,184,-0.7663875821373505,True
A184W,-6.53737205141037,184,True,impactful,sensitive,184,-3.2045756818413857,True
A184Y,-6.53737205141037,184,True,impactful,sensitive,184,-3.2045756818413857,True
L185A,-4.09584816678523,185,True,mild,sensitive,185,-1.495245152156084,True
L185C,-5.46845584916818,185,True,mild,sensitive,185,-1.9963342793212127,True
L185D,-4.30814907737535,185,True,mild,sensitive,185,-1.5727484907643006,True
L185E,-4.40956945036966,185,True,mild,sensitive,185,-1.609773379108399,True
L185F,-1.74542204492898,185,True,neutral,sensitive,185,-0.6371900873451652,True
L185G,-4.508050092954241,185,True,mild,sensitive,185,-1.645725078832021,True
L185H,-5.3676865728297685,185,True,mild,sensitive,185,-1.9595470826782402,True
L185I,-0.7671222153171942,185,True,neutral,sensitive,185,-0.280048411673561,True
L185K,-4.53481463567703,185,True,mild,sensitive,185,-1.655495839643044,True
L185L,0.0,185,True,neutral,sensitive,185,0.0,True
L185M,-1.06354126168867,185,True,neutral,sensitive,185,-0.3882602213026163,True
L185N,-4.54461439972281,185,True,mild,sensitive,185,-1.6590733769649966,True
L185P,-5.46744552530318,185,True,mild,sensitive,185,-1.9959654468353067,True
L185Q,-4.09982522780279,185,True,mild,sensitive,185,-1.4966970324417253,True
L185R,-4.5456655429536905,185,True,mild,sensitive,185,-1.6594571111163117,True
L185S,-4.32901259027111,185,True,mild,sensitive,185,-1.5803650002744214,True
L185T,-4.56227880754654,185,True,mild,sensitive,185,-1.665522009601902,True
L185V,-2.12704479804353,185,True,neutral,sensitive,185,-0.776506670458367,True
L185W,-5.159372567128259,185,True,mild,sensitive,185,-1.8834992179948495,True
L185Y,-5.159372567128259,185,True,mild,sensitive,185,-1.8834992179948495,True
S186A,-1.48977765870877,186,True,neutral,sensitive,186,-1.0487991712565485,True
S186C,-3.87673646705172,186,True,mild,sensitive,186,-2.7292112820029284,True
S186D,-3.76793251685061,186,True,mild,sensitive,186,-2.6526136151408353,True
S186E,-3.91658732248856,186,True,mild,sensitive,186,-2.757266169194785,True
S186F,-6.142662585693519,186,True,impactful,sensitive,186,-4.324416728579341,True
S186G,-3.012458940294,186,True,neutral,sensitive,186,-2.1207623980367107,True
S186H,-4.94130418314741,186,True,mild,sensitive,186,-3.47866388109436,True
S186I,-3.3686446675186903,186,True,neutral,sensitive,186,-2.3715161218175105,True
S186K,-4.03276490296124,186,True,mild,sensitive,186,-2.8390548504829347,True
S186L,-3.13188937878626,186,True,neutral,sensitive,186,-2.204841081980765,True
S186M,-3.22969893837035,186,True,neutral,sensitive,186,-2.2736987295854907,True
S186N,-2.58485401495242,186,True,neutral,sensitive,186,-1.8197297649442197,True
S186P,-4.10600305593664,186,True,mild,sensitive,186,-2.8906142987643206,True
S186Q,-3.3431658089987897,186,True,neutral,sensitive,186,-2.3535790789681803,True
S186R,-4.0185416125196,186,True,mild,sensitive,186,-2.8290416950697552,True
S186S,0.0,186,True,neutral,sensitive,186,0.0,True
S186T,-0.998650677773986,186,True,neutral,sensitive,186,-0.7030471943927139,True
S186V,-3.2818997981435096,186,True,neutral,sensitive,186,-2.3104479841799117,True
S186W,-6.142662585693519,186,True,impactful,sensitive,186,-4.324416728579341,True
S186Y,-6.142662585693519,186,True,impactful,sensitive,186,-4.324416728579341,True
N187A,-2.28595578218133,187,True,neutral,sensitive,187,-0.6866535086097078,True
N187C,-4.0578458419557,187,True,mild,sensitive,187,-1.2188923803755245,True
N187D,-1.5223870089322298,187,True,neutral,sensitive,187,-0.4572933515571532,True
N187E,-2.79907705383196,187,True,neutral,sensitive,187,-0.8407844521159594,True
N187F,-6.2954701942519415,187,True,impactful,sensitive,187,-1.8910281340201507,True
N187G,-2.18201862691476,187,True,neutral,sensitive,187,-0.6554329518102232,True
N187H,-2.26084551283396,187,True,neutral,sensitive,187,-0.6791109066556781,True
N187I,-4.87464361881804,187,True,mild,sensitive,187,-1.4642414215419934,True
N187K,-3.65725566992131,187,True,mild,sensitive,187,-1.098563435569994,True
N187L,-5.46034276739119,187,True,mild,sensitive,187,-1.6401732477358084,True
N187M,-4.14337922423925,187,True,mild,sensitive,187,-1.2445848270562783,True
N187N,0.0,187,True,neutral,sensitive,187,0.0,True
N187P,-6.2954701942519415,187,True,impactful,sensitive,187,-1.8910281340201507,True
N187Q,-2.4933234042615,187,True,neutral,sensitive,187,-0.7489424235499295,True
N187R,-4.04353328113953,187,True,mild,sensitive,187,-1.2145931851862655,True
N187S,-1.24896363916383,187,True,neutral,sensitive,187,-0.37516266571851153,True
N187T,-1.59745534915115,187,True,neutral,sensitive,187,-0.47984231755143075,True
N187V,-4.23258574324236,187,True,mild,sensitive,187,-1.271380607509168,True
N187W,-6.2954701942519415,187,True,impactful,sensitive,187,-1.8910281340201507,True
N187Y,-6.2954701942519415,187,True,impactful,sensitive,187,-1.8910281340201507,True
M188A,-2.35314271297765,188,True,neutral,sensitive,188,-0.664594796365007,True
M188C,-4.42193004224399,188,True,mild,sensitive,188,-1.248879500490102,True
M188D,-4.76342525790105,188,True,mild,sensitive,188,-1.3453275153332134,True
M188E,-3.6661402285212303,188,True,mild,sensitive,188,-1.0354228433244919,True
M188F,-2.79973979961909,188,True,neutral,sensitive,188,-0.7907265852347507,True
M188G,-3.98696431691813,188,True,mild,sensitive,188,-1.1260327406848274,True
M188H,-3.83952319202726,188,True,mild,sensitive,188,-1.0843911505542054,True
M188I,-1.29389004450902,188,True,neutral,sensitive,188,-0.3654315507116246,True
M188K,-2.21823665776202,188,True,neutral,sensitive,188,-0.6264934683835071,True
M188L,-1.31291325219801,188,True,neutral,sensitive,188,-0.37080424858096694,True
M188M,0.0,188,True,neutral,sensitive,188,0.0,True
M188N,-3.53113830424155,188,True,mild,sensitive,188,-0.9972944391776796,True
M188P,-3.6966415445988,188,True,mild,sensitive,188,-1.0440372872490538,True
M188Q,-3.55683987177457,188,True,mild,sensitive,188,-1.004553296852,True
M188R,-2.24361363700081,188,True,neutral,sensitive,188,-0.6336606530410926,True
M188S,-2.250352218028,188,True,neutral,sensitive,188,-0.6355638210303759,True
M188T,-3.34101829447582,188,True,neutral,sensitive,188,-0.9435991114449717,True
M188V,-1.8208994793181696,188,True,neutral,sensitive,188,-0.5142740863036216,True
M188W,-5.24578254421473,188,True,mild,sensitive,188,-1.4815590072460725,True
M188Y,-4.9703377614768085,188,True,mild,sensitive,188,-1.403765523542795,True
M189A,-1.0739314874027,189,True,neutral,tolerant,189,-0.400506119420001,True
M189C,-3.62886992411346,189,True,mild,tolerant,189,-1.3533308486015636,True
M189D,-3.54253143645106,189,True,mild,tolerant,189,-1.3211322464971698,True
M189E,-3.57791187899033,189,True,mild,tolerant,189,-1.3343268347097155,True
M189F,-3.4237228351902207,189,True,neutral,tolerant,189,-1.2768244182950395,True
M189G,-1.5732910408228502,189,True,neutral,tolerant,189,-0.5867345327606883,True
M189H,-3.85174693174063,189,True,mild,tolerant,189,-1.4364493775578042,True
M189I,-0.142433563085953,189,True,neutral,tolerant,189,-0.05311839190476047,True
M189K,-2.10500947056061,189,True,neutral,tolerant,189,-0.7850306879776298,True
M189L,-0.5989805012002609,189,True,neutral,tolerant,189,-0.22338050327972966,True
M189M,0.0,189,True,neutral,tolerant,189,0.0,True
M189N,-2.55257684162165,189,True,neutral,tolerant,189,-0.9519440088601311,True
M189P,-2.29568769952928,189,True,neutral,tolerant,189,-0.8561411810006211,True
M189Q,-1.96572622263858,189,True,neutral,tolerant,189,-0.7330871573336228,True
M189R,-3.30770771411442,189,True,neutral,tolerant,189,-1.233558375273538,True
M189S,-1.23218351376014,189,True,neutral,tolerant,189,-0.459523762268016,True
M189T,-1.16236940652739,189,True,neutral,tolerant,189,-0.4334876719805582,True
M189V,-1.44936854719522,189,True,neutral,tolerant,189,-0.540519557584119,True
M189W,-5.46330504962353,189,True,mild,tolerant,189,-2.0374550241787754,True
M189Y,-5.46330504962353,189,True,mild,tolerant,189,-2.0374550241787754,True
H190A,-1.90077543209377,190,True,neutral,tolerant,190,-0.12612491800591744,True
H190C,-4.34818919886991,190,True,mild,tolerant,190,-0.2885217248297371,True
H190D,-2.71503164254645,190,True,neutral,tolerant,190,-0.18015444513739343,True
H190E,-2.69222546281349,190,True,neutral,tolerant,190,-0.17864115350899767,True
H190F,-5.74526437426542,190,True,mild,tolerant,190,-0.38122388678411606,True
H190G,-2.39574756376284,190,True,neutral,tolerant,190,-0.15896852407736622,True
H190H,0.0,190,True,neutral,tolerant,190,0.0,True
H190I,-4.9262256277729914,190,True,mild,tolerant,190,-0.3268770170798727,True
H190K,-2.74185660116368,190,True,neutral,tolerant,190,-0.18193440064869937,True
H190L,-5.47859808196484,190,True,mild,tolerant,190,-0.36352939027312925,True
H190M,-4.03116996586274,190,True,mild,tolerant,190,-0.2674860863770218,True
H190N,-1.3604816211721102,190,True,neutral,tolerant,190,-0.09027401660483217,True
H190P,-3.650277573172549,190,True,mild,tolerant,190,-0.24221217921997784,True
H190Q,-1.2799074880018702,190,True,neutral,tolerant,190,-0.08492756390563026,True
H190R,-3.40912858245436,190,True,neutral,tolerant,190,-0.22621086935033255,True
H190S,-1.7727690700226,190,True,neutral,tolerant,190,-0.11763112560526649,True
H190T,-1.93432228840764,190,True,neutral,tolerant,190,-0.12835090137591632,True
H190V,-4.546282655293839,190,True,mild,tolerant,190,-0.30166610818356415,True
H190W,-5.74526437426542,190,True,mild,tolerant,190,-0.38122388678411606,True
H190Y,-4.63164158286568,190,True,mild,tolerant,190,-0.3073300533079035,True
F191A,-3.2702135767819,191,True,neutral,tolerant,191,-1.4107975466933735,True
F191C,-3.99717463524384,191,True,mild,tolerant,191,-1.7244146404212315,True
F191D,-3.3458779155394898,191,True,neutral,tolerant,191,-1.4434397766227196,True
F191E,-3.33315542076238,191,True,neutral,tolerant,191,-1.4379511857408271,True
F191F,0.0,191,True,neutral,tolerant,191,0.0,True
F191G,-2.8616893365633898,191,True,neutral,tolerant,191,-1.2345567653703966,True
F191H,-2.38938898190869,191,True,neutral,tolerant,191,-1.0308024337328399,True
F191I,-3.67419465880222,191,True,mild,tolerant,191,-1.5850783714906502,True
F191K,-3.1604000463627404,191,True,neutral,tolerant,191,-1.3634230692558649,True
F191L,-2.75429070431928,191,True,neutral,tolerant,191,-1.18822409524635,True
F191M,-4.19580381310579,191,True,mild,tolerant,191,-1.8101049325840821,True
F191N,-2.56985824828496,191,True,neutral,tolerant,191,-1.1086583878713896,True
F191P,-4.621382804131031,191,True,mild,tolerant,191,-1.9937032763514295,True
F191Q,-1.97665668002983,191,True,neutral,tolerant,191,-0.8527462593392372,True
F191R,-3.7724481068329694,191,True,mild,tolerant,191,-1.6274657324936441,True
F191S,-2.54907061729748,191,True,neutral,tolerant,191,-1.0996904296294807,True
F191T,-2.32938342524518,191,True,neutral,tolerant,191,-1.0049155336447553,True
F191V,-2.7435015281017296,191,True,neutral,tolerant,191,-1.1835695541953828,True
F191W,-4.00582171532581,191,True,mild,tolerant,191,-1.7281450632450857,True
F191Y,-1.2084876588326,191,True,neutral,tolerant,191,-0.5213517050981155,True
G192A,-1.35434531450746,192,True,neutral,sensitive,192,-1.0163663195215744,True
G192C,-2.8602627909904803,192,True,neutral,sensitive,192,-2.1464797305410457,True
G192D,-4.14249269240151,192,True,mild,sensitive,192,-3.108727151282177,True
G192E,-5.31245369900716,192,True,mild,sensitive,192,-3.986722555799812,True
G192F,-2.55252691279454,192,True,neutral,sensitive,192,-1.915539822855468,True
G192G,0.0,192,True,neutral,sensitive,192,0.0,True
G192H,-4.475197664126,192,True,mild,sensitive,192,-3.358405076089061,True
G192I,-4.78766944613053,192,True,mild,sensitive,192,-3.592899035368412,True
G192K,-3.86319142561712,192,True,mild,sensitive,192,-2.899125953184038,True
G192L,-5.69327666275107,192,True,mild,sensitive,192,-4.272510552334844,True
G192M,-4.80165193545622,192,True,mild,sensitive,192,-3.603392172577565,True
G192N,-3.8435217910225896,192,True,mild,sensitive,192,-2.8843649067175043,True
G192P,-4.52628552920419,192,True,mild,sensitive,192,-3.396743884401488,True
G192Q,-3.9273325145109,192,True,mild,sensitive,192,-2.9472605328593744,True
G192R,-4.15652593576747,192,True,mild,sensitive,192,-3.1192583767813384,True
G192S,-1.4895829118684,192,True,neutral,sensitive,192,-1.1178551625945587,True
G192T,-1.51574249777226,192,True,neutral,sensitive,192,-1.1374865828538623,True
G192V,-5.09350652748915,192,True,mild,sensitive,192,-3.8224139939421238,True
G192W,-4.789656735292571,192,True,mild,sensitive,192,-3.594390393406729,True
G192Y,-2.13177393432255,192,True,neutral,sensitive,192,-1.5997864093230871,True
G193A,-1.78780218384821,193,True,neutral,sensitive,193,-0.6733374906070769,True
G193C,-1.79978310952612,193,True,neutral,sensitive,193,-0.6778498502540202,True
G193D,-3.67105016118525,193,True,mild,sensitive,193,-1.3826225998362747,True
G193E,-4.602325908238071,193,True,mild,sensitive,193,-1.7333677103686023,True
G193F,-4.70896025216206,193,True,mild,sensitive,193,-1.7735292574340393,True
G193G,0.0,193,True,neutral,sensitive,193,0.0,True
G193H,-5.209017000518942,193,True,mild,sensitive,193,-1.9618649464390732,True
G193I,-5.800335929598808,193,True,impactful,sensitive,193,-2.1845725857138367,True
G193K,-3.88921202947022,193,True,mild,sensitive,193,-1.4647886058207629,True
G193L,-5.0884031215222105,193,True,mild,sensitive,193,-1.9164383062046189,True
G193M,-5.800335929598808,193,True,impactful,sensitive,193,-2.1845725857138367,True
G193N,-3.55577527907582,193,True,mild,sensitive,193,-1.3392067786951922,True
G193P,-2.54807016689759,193,True,neutral,sensitive,193,-0.959676180938846,True
G193Q,-2.5521818254293303,193,True,neutral,sensitive,193,-0.9612247492664873,True
G193R,-3.05986589532143,193,True,neutral,sensitive,193,-1.152433105946377,True
G193S,-1.70312545808294,193,True,neutral,sensitive,193,-0.6414458112284979,True
G193T,-1.7532843910828102,193,True,neutral,sensitive,193,-0.6603371015417043,True
G193V,-4.088256666270991,193,True,mild,sensitive,193,-1.539754515065679,True
G193W,-5.87857898443162,193,True,impactful,sensitive,193,-2.2140411604110417,True
G193Y,-5.87857898443162,193,True,impactful,sensitive,193,-2.2140411604110417,True
Y194A,-1.99377519604543,194,True,neutral,tolerant,194,-0.8331744713067911,True
Y194C,-4.572965159815031,194,True,mild,tolerant,194,-1.9109866733673861,True
Y194D,-3.4053120946467104,194,True,neutral,tolerant,194,-1.4230386202614018,True
Y194E,-3.3935084012419905,194,True,neutral,tolerant,194,-1.4181059999582446,True
Y194F,-1.18271256561072,194,True,neutral,tolerant,194,-0.49424123567948974,True
Y194G,-2.11047700796302,194,True,neutral,tolerant,194,-0.881942742994512,True
Y194H,-2.21011291919585,194,True,neutral,tolerant,194,-0.9235793817836989,True
Y194I,-2.41859509301292,194,True,neutral,tolerant,194,-1.010701553476605,True
Y194K,-2.30500157250542,194,True,neutral,tolerant,194,-0.9632321990677256,True
Y194L,-2.11469059134469,194,True,neutral,tolerant,194,-0.8837035483818463,True
Y194M,-2.62872464507745,194,True,neutral,tolerant,194,-1.098512144557561,True
Y194N,-3.47221292870777,194,True,neutral,tolerant,194,-1.4509956673544566,True
Y194P,-5.06992742465712,194,True,mild,tolerant,194,-2.118661176034736,True
Y194Q,-2.51106227543088,194,True,neutral,tolerant,194,-1.0493424674458032,True
Y194R,-3.77982403550798,194,True,mild,tolerant,194,-1.5795426177753014,True
Y194S,-2.1400944501576,194,True,neutral,tolerant,194,-0.8943195128484422,True
Y194T,-2.17443543961208,194,True,neutral,tolerant,194,-0.908670195808908,True
Y194V,-2.20001795270553,194,True,neutral,tolerant,194,-0.9193608177323881,True
Y194W,-3.08020722662406,194,True,neutral,tolerant,194,-1.28718123921298,True
Y194Y,0.0,194,True,neutral,tolerant,194,0.0,True
I195A,-2.66936464872415,195,True,neutral,tolerant,195,-2.0493985706366185,True
I195C,-3.3650820954944503,195,True,neutral,tolerant,195,-2.5835340405356026,True
I195D,-2.8089639204222405,195,True,neutral,tolerant,195,-2.156575590462936,True
I195E,-4.9501170043228,195,True,mild,tolerant,195,-3.8004409468717433,True
I195F,-5.09403730773083,195,True,mild,tolerant,195,-3.910935428856803,True
I195G,-2.29901172050461,195,True,neutral,tolerant,195,-1.7650609616527788,True
I195H,-4.9501170043228,195,True,mild,tolerant,195,-3.8004409468717433,True
I195I,0.0,195,True,neutral,tolerant,195,0.0,True
I195K,-2.19690324233137,195,True,neutral,tolerant,195,-1.686667412342033,True
I195L,-0.628549670433847,195,True,neutral,tolerant,195,-0.4825675640744428,True
I195M,-0.7157201259864581,195,True,neutral,tolerant,195,-0.5494924808694001,True
I195N,-2.53212860351092,195,True,neutral,tolerant,195,-1.944035912509621,True
I195P,-4.3773722834809785,195,True,mild,tolerant,195,-3.3607175045185524,True
I195Q,-2.3660672301135297,195,True,neutral,tolerant,195,-1.8165426749554232,True
I195R,-2.3717643951802296,195,True,neutral,tolerant,195,-1.820916660334287,True
I195S,-1.85007430408304,195,True,neutral,tolerant,195,-1.4203902925632599,True
I195T,-1.89288231432856,195,True,neutral,tolerant,195,-1.453256043988753,True
I195V,-1.34055862214851,195,True,neutral,tolerant,195,-1.0292107994308195,True
I195W,-5.77941273179636,195,True,impactful,tolerant,195,-4.437130834606522,True
I195Y,-3.6755642043095,195,True,mild,tolerant,195,-2.821905965599469,True
Q196A,-1.38944340896607,196,True,neutral,tolerant,196,-0.6891594038628772,True
Q196C,-4.0638368136205285,196,True,mild,tolerant,196,-2.0156498190558034,True
Q196D,-2.86865147688903,196,True,neutral,tolerant,196,-1.4228417861036347,True
Q196E,-2.33984738223178,196,True,neutral,tolerant,196,-1.160556678064997,True
Q196F,-4.430885968468,196,True,mild,tolerant,196,-2.1977050039670685,True
Q196G,-2.87275424697806,196,True,neutral,tolerant,196,-1.424876746700444,True
Q196H,-1.44506601124513,196,True,neutral,tolerant,196,-0.7167480333677403,True
Q196I,-2.34895882557262,196,True,neutral,tolerant,196,-1.1650759242758062,True
Q196K,-2.17889528670073,196,True,neutral,tolerant,196,-1.0807249630841043,True
Q196L,-2.2696868706981097,196,True,neutral,tolerant,196,-1.1257572929362145,True
Q196M,-3.14678299873923,196,True,neutral,tolerant,196,-1.5607941147532713,True
Q196N,-2.19352761778989,196,True,neutral,tolerant,196,-1.0879825516303219,True
Q196P,-4.90819580745012,196,True,mild,tolerant,196,-2.4344491289657113,True
Q196Q,0.0,196,True,neutral,tolerant,196,0.0,True
Q196R,-2.64980064581709,196,True,neutral,tolerant,196,-1.3142924869359445,True
Q196S,-1.33427171711423,196,True,neutral,tolerant,196,-0.6617944244607914,True
Q196T,-1.48502478889082,196,True,neutral,tolerant,196,-0.7365674568891954,True
Q196V,-1.64878399089152,196,True,neutral,tolerant,196,-0.8177914875331228,True
Q196W,-5.475143750415209,196,True,mild,tolerant,196,-2.715653461487502,True
Q196Y,-4.585061303283879,196,True,mild,tolerant,196,-2.2741754677127894,True
K197A,-1.91022747505034,197,True,neutral,tolerant,197,-0.6609519565436053,True
K197C,-4.41262965979656,197,True,mild,tolerant,197,-1.5268004702256839,True
K197D,-3.89402086998226,197,True,mild,tolerant,197,-1.3473582316517465,True
K197E,-3.39695383516887,197,True,neutral,tolerant,197,-1.1753695897311918,True
K197F,-4.6199863000356,197,True,mild,tolerant,197,-1.5985473060650595,True
K197G,-2.34129045204846,197,True,neutral,tolerant,197,-0.8101027366269618,True
K197H,-2.01830244844678,197,True,neutral,tolerant,197,-0.6983466469942243,True
K197I,-2.6091595257077502,197,True,neutral,tolerant,197,-0.9027872941705419,True
K197K,0.0,197,True,neutral,tolerant,197,0.0,True
K197L,-3.0232395909783705,197,True,neutral,tolerant,197,-1.0460618689952537,True
K197M,-3.0033780585152696,197,True,neutral,tolerant,197,-1.0391896409947141,True
K197N,-2.01117671505195,197,True,neutral,tolerant,197,-0.6958810938123988,True
K197P,-3.03441871227374,197,True,neutral,tolerant,197,-1.0499299225067436,True
K197Q,-1.85910335803156,197,True,neutral,tolerant,197,-0.6432626574357928,True
K197R,-0.14872104317741194,197,True,neutral,tolerant,197,-0.05145851253381538,True
K197S,-2.00637282969805,197,True,neutral,tolerant,197,-0.6942189161580922,True
K197T,-1.86245024747882,197,True,neutral,tolerant,197,-0.644420704400039,True
K197V,-4.01082877494912,197,True,mild,tolerant,197,-1.3877745770011773,True
K197W,-4.6199863000356,197,True,mild,tolerant,197,-1.5985473060650595,True
K197Y,-2.12017686084095,197,True,neutral,tolerant,197,-0.7335959003282454,True
Q198A,-0.22674613821379894,198,True,neutral,tolerant,198,-0.13923367453143434,True
Q198C,-0.33798346494881304,198,True,neutral,tolerant,198,-0.20753905723112184,True
Q198D,-0.386672970177197,198,True,neutral,tolerant,198,-0.23743689265830453,True
Q198E,-0.27591263214267603,198,True,neutral,tolerant,198,-0.16942440530846864,True
Q198F,-0.5437043252812821,198,True,neutral,tolerant,198,-0.333862140559006,True
Q198G,-0.62919114374781,198,True,neutral,tolerant,198,-0.38635539999380775,True
Q198H,-0.0540396658372549,198,True,neutral,tolerant,198,-0.03318310646542216,True
Q198I,-0.354127141320624,198,True,neutral,tolerant,198,-0.21745209654195738,True
Q198K,-0.315558171792739,198,True,neutral,tolerant,198,-0.19376878536161488,True
Q198L,-0.22585269255568,198,True,neutral,tolerant,198,-0.13868505340406254,True
Q198M,-0.263886074194618,198,True,neutral,tolerant,198,-0.16203948634903545,True
Q198N,-0.296125636814811,198,True,neutral,tolerant,198,-0.18183621940149974,True
Q198P,-0.523674123754005,198,True,neutral,tolerant,198,-0.32156257690505613,True
Q198Q,0.0,198,True,neutral,tolerant,198,0.0,True
Q198R,-0.35434178011756395,198,True,neutral,tolerant,198,-0.21758389569245393,True
Q198S,-0.269135707504594,198,True,neutral,tolerant,198,-0.16526302850701205,True
Q198T,-0.195649971201035,198,True,neutral,tolerant,198,-0.1201390446023994,True
Q198V,-0.0292148923222659,198,True,neutral,tolerant,198,-0.017939431476596258,True
Q198W,-1.01404275032277,198,True,neutral,tolerant,198,-0.6226738826584737,True
Q198Y,-0.602361991289145,198,True,neutral,tolerant,198,-0.3698809342727564,True
A199A,0.0,199,True,neutral,tolerant,199,0.0,True
A199C,-1.72314876383147,199,True,neutral,tolerant,199,-1.256867667722018,True
A199D,-0.8728384584698409,199,True,neutral,tolerant,199,-0.6366498706448104,True
A199E,-0.673382743343024,199,True,neutral,tolerant,199,-0.4911665294805487,True
A199F,-2.5873752337922498,199,True,neutral,tolerant,199,-1.887235939157852,True
A199G,-0.459971155535558,199,True,neutral,tolerant,199,-0.33550375081481987,True
A199H,-0.9000375974336701,199,True,neutral,tolerant,199,-0.6564889693175809,True
A199I,-1.16150515233705,199,True,neutral,tolerant,199,-0.8472038529157165,True
A199K,-0.936294781019976,199,True,neutral,tolerant,199,-0.6829350212945223,True
A199L,-0.51263266023597,199,True,neutral,tolerant,199,-0.373915142785625,True
A199M,-0.994614252006276,199,True,neutral,tolerant,199,-0.7254733435914019,True
A199N,-0.8565714186928689,199,True,neutral,tolerant,199,-0.6247846638940231,True
A199P,-1.11854415673718,199,True,neutral,tolerant,199,-0.8158680289427693,True
A199Q,-0.878013516151457,199,True,neutral,tolerant,199,-0.6404245666055683,True
A199R,-0.943369158956444,199,True,neutral,tolerant,199,-0.6880950847111145,True
A199S,-0.6194698584553621,199,True,neutral,tolerant,199,-0.45184237865200855,True
A199T,-0.5895026717375439,199,True,neutral,tolerant,199,-0.4299842611935567,True
A199V,-1.00318051032017,199,True,neutral,tolerant,199,-0.7317215871174853,True
A199W,-2.5873752337922498,199,True,neutral,tolerant,199,-1.887235939157852,True
A199Y,-1.81450329928422,199,True,neutral,tolerant,199,-1.3235018227760598,True
Q200A,-1.03201686015955,200,True,neutral,tolerant,200,-0.5952040788673022,True
Q200C,-2.12520341036554,200,True,neutral,tolerant,200,-1.2256870862329827,True
Q200D,-0.7058959098228359,200,True,neutral,tolerant,200,-0.4071175006940697,True
Q200E,-0.0737671960026106,200,True,neutral,tolerant,200,-0.04254439790893495,True
Q200F,-2.7575319092816297,200,True,neutral,tolerant,200,-1.5903754128177916,True
Q200G,-1.1807739523900602,200,True,neutral,tolerant,200,-0.6809980532432156,True
Q200H,-0.89932957801022,200,True,neutral,tolerant,200,-0.518678186124728,True
Q200I,-1.01013644230286,200,True,neutral,tolerant,200,-0.5825847947660624,True
Q200K,-0.647255052451498,200,True,neutral,tolerant,200,-0.37329704790582746,True
Q200L,-0.7721239161419101,200,True,neutral,tolerant,200,-0.4453137560248869,True
Q200M,-0.9910998394535292,200,True,neutral,tolerant,200,-0.5716056488808421,True
Q200N,-0.752100859658239,200,True,neutral,tolerant,200,-0.4337656841371573,True
Q200P,-1.54818515472619,200,True,neutral,tolerant,200,-0.8928983183398492,True
Q200Q,0.0,200,True,neutral,tolerant,200,0.0,True
Q200R,-0.721957030119134,200,True,neutral,tolerant,200,-0.4163805705920335,True
Q200S,-0.852868197869933,200,True,neutral,tolerant,200,-0.4918821093968461,True
Q200T,-0.8794930644190501,200,True,neutral,tolerant,200,-0.5072377007453074,True
Q200V,-1.10539531995628,200,True,neutral,tolerant,200,-0.6375242775559765,True
Q200W,-2.4503608084061,200,True,neutral,tolerant,200,-1.413217946492087,True
Q200Y,-2.44332822914322,200,True,neutral,tolerant,200,-1.4091619857575148,True
T201A,-1.10504921716454,201,True,neutral,tolerant,201,-0.48832527746537663,True
T201C,-3.49923176616382,201,True,mild,tolerant,201,-1.5463232737381098,True
T201D,-1.3618896645151002,201,True,neutral,tolerant,201,-0.6018240074482952,True
T201E,-1.51677164835192,201,True,neutral,tolerant,201,-0.6702669207201313,True
T201F,-4.719139494735071,201,True,mild,tolerant,201,-2.085404946104937,True
T201G,-2.2006927327202703,201,True,neutral,tolerant,201,-0.9724941411018163,True
T201H,-3.8243198292313,201,True,mild,tolerant,201,-1.6899808738995257,True
T201I,-1.24759524287945,201,True,neutral,tolerant,201,-0.5513168858730367,True
T201K,-1.9404006870020905,201,True,neutral,tolerant,201,-0.8574701372176213,True
T201L,-1.70585318662691,201,True,neutral,tolerant,201,-0.7538227417709202,True
T201M,-2.60614303994262,201,True,neutral,tolerant,201,-1.1516641099117173,True
T201N,-1.30495107414447,201,True,neutral,tolerant,201,-0.5766626367967966,True
T201P,-2.72741483543982,201,True,neutral,tolerant,201,-1.205254558432054,True
T201Q,-1.7842021074572398,201,True,neutral,tolerant,201,-0.7884454155028241,True
T201R,-1.94207298354123,201,True,neutral,tolerant,201,-0.8582091311545386,True
T201S,-0.639135782608596,201,True,neutral,tolerant,201,-0.28243643227152404,True
T201T,0.0,201,True,neutral,tolerant,201,0.0,True
T201V,-1.40390563264601,201,True,neutral,tolerant,201,-0.6203910169324057,True
T201W,-5.158145597938209,201,True,mild,tolerant,201,-2.2794033434846854,True
T201Y,-3.3546803007025896,201,True,neutral,tolerant,201,-1.4824454541958227,True
E202A,-2.1792303158431,202,True,neutral,tolerant,202,-0.8930357226920131,True
E202C,-4.629227503766041,202,True,mild,tolerant,202,-1.8970301116300614,True
E202D,-1.2488927450870302,202,True,neutral,tolerant,202,-0.5117888765888056,True
E202E,0.0,202,True,neutral,tolerant,202,0.0,True
E202F,-5.110852687367871,202,True,mild,tolerant,202,-2.0943972695562456,True
E202G,-2.13171978457418,202,True,neutral,tolerant,202,-0.8735661873616887,True
E202H,-1.53022151597707,202,True,neutral,tolerant,202,-0.6270757466361526,True
E202I,-2.88275109506868,202,True,neutral,tolerant,202,-1.1813343861866512,True
E202K,-2.2060375180498,202,True,neutral,tolerant,202,-0.9040211559534578,True
E202L,-3.3141243751024105,202,True,neutral,tolerant,202,-1.3581086105925322,True
E202M,-4.63466661287438,202,True,mild,tolerant,202,-1.8992590264437246,True
E202N,-1.37137079757774,202,True,neutral,tolerant,202,-0.5619796596945534,True
E202P,-6.322179163146559,202,True,impactful,tolerant,202,-2.5907917106800515,True
E202Q,-1.41695320949174,202,True,neutral,tolerant,202,-0.5806590630920394,True
E202R,-2.22521159301546,202,True,neutral,tolerant,202,-0.9118785787184693,True
E202S,-1.89246399579834,202,True,neutral,tolerant,202,-0.77552057709079,True
E202T,-2.17249325605247,202,True,neutral,tolerant,202,-0.8902749153486108,True
E202V,-3.5556227880304103,202,True,mild,tolerant,202,-1.4570732350061262,True
E202W,-4.278959845143151,202,True,mild,tolerant,202,-1.7534924922330428,True
E202Y,-5.78791015373493,202,True,impactful,tolerant,202,-2.3718514236148582,True
R203A,-2.22730061353123,203,True,neutral,tolerant,203,-0.6019641316432871,True
R203C,-4.55905145627407,203,True,mild,tolerant,203,-1.2321576325712282,True
R203D,-3.66702317861506,203,True,mild,tolerant,203,-0.9910725162200338,True
R203E,-1.74323934722253,203,True,neutral,tolerant,203,-0.4711387199025289,True
R203F,-4.6880467726174295,203,True,mild,tolerant,203,-1.267020709929058,True
R203G,-2.61917381919667,203,True,neutral,tolerant,203,-0.7078742241245508,True
R203H,-1.7131904841379,203,True,neutral,tolerant,203,-0.46301752707219535,True
R203I,-3.3797443234004905,203,True,neutral,tolerant,203,-0.9134307441268879,True
R203K,-0.4840394527910349,203,True,neutral,tolerant,203,-0.13081951628365665,True
R203L,-1.9096570031496,203,True,neutral,tolerant,203,-0.5161157917587728,True
R203M,-2.060436759101,203,True,neutral,tolerant,203,-0.5568664674014159,True
R203N,-1.83333496594933,203,True,neutral,tolerant,203,-0.49548852278152067,True
R203P,-6.06756304736305,203,True,impactful,tolerant,203,-1.6398573676168848,True
R203Q,-1.34558072683643,203,True,neutral,tolerant,203,-0.36366502521716176,True
R203R,0.0,203,True,neutral,tolerant,203,0.0,True
R203S,-2.1575387473430903,203,True,neutral,tolerant,203,-0.5831098553293323,True
R203T,-2.13405303286634,203,True,neutral,tolerant,203,-0.5767624599058628,True
R203V,-2.25608603050219,203,True,neutral,tolerant,203,-0.6097438576603521,True
R203W,-5.616351958705749,203,True,mild,tolerant,203,-1.5179102494230856,True
R203Y,-5.616351958705749,203,True,mild,tolerant,203,-1.5179102494230856,True
K204A,-3.2781624126357203,204,True,neutral,tolerant,204,-1.6953585584165203,True
K204C,-4.5659715617117,204,True,mild,tolerant,204,-2.3613713996587684,True
K204D,-3.49895287193039,204,True,mild,tolerant,204,-1.809544174522396,True
K204E,-2.51364266584806,204,True,neutral,tolerant,204,-1.2999739091389493,True
K204F,-6.23795922132247,204,True,impactful,tolerant,204,-3.2260688220201046,True
K204G,-2.43434183908314,204,True,neutral,tolerant,204,-1.2589621109354194,True
K204H,-2.7027845426932595,204,True,neutral,tolerant,204,-1.397791911818887,True
K204I,-5.15481539367881,204,True,mild,tolerant,204,-2.6659022021132937,True
K204K,0.0,204,True,neutral,tolerant,204,0.0,True
K204L,-2.94280043582565,204,True,neutral,tolerant,204,-1.5219202945401127,True
K204M,-4.479322555671599,204,True,mild,tolerant,204,-2.3165593630732295,True
K204N,-1.8810148463968,204,True,neutral,tolerant,204,-0.9727994580303067,True
K204P,-3.01812164845397,204,True,neutral,tolerant,204,-1.5608739662580011,True
K204Q,-3.33897137010267,204,True,neutral,tolerant,204,-1.7268069656316742,True
K204R,-0.17488312741025594,204,True,neutral,tolerant,204,-0.09044384306122268,True
K204S,-2.73585622843287,204,True,neutral,tolerant,204,-1.4148955077980838,True
K204T,-2.6766974481328,204,True,neutral,tolerant,204,-1.3843005183306258,True
K204V,-2.5953423030181404,204,True,neutral,tolerant,204,-1.3422262937559928,True
K204W,-6.23795922132247,204,True,impactful,tolerant,204,-3.2260688220201046,True
K204Y,-6.23795922132247,204,True,impactful,tolerant,204,-3.2260688220201046,True
S205A,-1.10659647743362,205,True,neutral,tolerant,205,-0.47908181865805344,True
S205C,-1.22153287658984,205,True,neutral,tolerant,205,-0.5288415461293284,True
S205D,-3.14095893113257,205,True,neutral,tolerant,205,-1.3598238813727945,True
S205E,-3.29246813468875,205,True,neutral,tolerant,205,-1.4254171723901896,True
S205F,-5.63282053435078,205,True,mild,tolerant,205,-2.4386322935255107,True
S205G,-0.485734911907635,205,True,neutral,tolerant,205,-0.21029053474135806,True
S205H,-3.55070959884993,205,True,mild,tolerant,205,-1.5372183508922042,True
S205I,-2.66313009325059,205,True,neutral,tolerant,205,-1.152956144733451,True
S205K,-0.825572043439583,205,True,neutral,tolerant,205,-0.35741714714432227,True
S205L,-3.19137838660477,205,True,neutral,tolerant,205,-1.3816521131772095,True
S205M,-3.12403317347283,205,True,neutral,tolerant,205,-1.3524961671362559,True
S205N,-2.7120059165173,205,True,neutral,tolerant,205,-1.174116087654406,True
S205P,-2.46563107105306,205,True,neutral,tolerant,205,-1.0674523566163814,True
S205Q,-2.73799856710042,205,True,neutral,tolerant,205,-1.1853691564713102,True
S205R,-0.6845527364578899,205,True,neutral,tolerant,205,-0.2963652755430588,True
S205S,0.0,205,True,neutral,tolerant,205,0.0,True
S205T,-0.104444502788733,205,True,neutral,tolerant,205,-0.04521744227932794,True
S205V,-1.63075711669714,205,True,neutral,tolerant,205,-0.7060081079136582,True
S205W,-5.63282053435078,205,True,mild,tolerant,205,-2.4386322935255107,True
S205Y,-5.63282053435078,205,True,mild,tolerant,205,-2.4386322935255107,True
G206A,-1.58969361251756,206,True,neutral,sensitive,206,-0.4892052526824928,True
G206C,-4.32946594820475,206,True,mild,sensitive,206,-1.3323306242751587,True
G206D,-5.32504702900168,206,True,mild,sensitive,206,-1.63870632482657,True
G206E,-4.76260996756807,206,True,mild,sensitive,206,-1.4656244412547519,True
G206F,-6.7228910893012594,206,True,impactful,sensitive,206,-2.068872648289749,True
G206G,0.0,206,True,neutral,sensitive,206,0.0,True
G206H,-5.32504702900168,206,True,mild,sensitive,206,-1.63870632482657,True
G206I,-6.0826595957567005,206,True,impactful,sensitive,206,-1.8718506516556042,True
G206K,-4.45327409891564,206,True,mild,sensitive,206,-1.37043079475817,True
G206L,-6.0826595957567005,206,True,impactful,sensitive,206,-1.8718506516556042,True
G206M,-5.18301659673592,206,True,mild,sensitive,206,-1.5949985103407724,True
G206N,-3.0833121105992003,206,True,neutral,sensitive,206,-0.9488447763062332,True
G206P,-2.7543285810555296,206,True,neutral,sensitive,206,-0.8476048458998248,True
G206Q,-3.77152380134875,206,True,mild,sensitive,206,-1.1606319857540917,True
G206R,-4.4027012416724105,206,True,mild,sensitive,206,-1.3548677282579726,True
G206S,-1.74318391457708,206,True,neutral,sensitive,206,-0.5364396766067508,True
G206T,-1.6679548759616003,206,True,neutral,sensitive,206,-0.5132890263461238,True
G206V,-5.19372212209112,206,True,mild,sensitive,206,-1.5982929811716613,True
G206W,-6.7228910893012594,206,True,impactful,sensitive,206,-2.068872648289749,True
G206Y,-6.7228910893012594,206,True,impactful,sensitive,206,-2.068872648289749,True
K207A,-6.3017068156547,207,True,impactful,sensitive,207,-1.1900963867946452,True
K207C,-6.3017068156547,207,True,impactful,sensitive,207,-1.1900963867946452,True
K207D,-6.1792829086112,207,True,impactful,sensitive,207,-1.1669762617726729,True
K207E,-4.40408735678461,207,True,mild,sensitive,207,-0.8317252140986529,True
K207F,-7.266640763931731,207,True,impactful,sensitive,207,-1.3723270806262307,True
K207G,-4.08748604653098,207,True,mild,sensitive,207,-0.77193409934046,True
K207H,-6.1792829086112,207,True,impactful,sensitive,207,-1.1669762617726729,True
K207I,-6.331818882281492,207,True,impactful,sensitive,207,-1.1957831416278661,True
K207K,0.0,207,True,neutral,sensitive,207,0.0,True
K207L,-4.09398068879223,207,True,mild,sensitive,207,-0.7731606321695399,True
K207M,-5.73966388812688,207,True,mild,sensitive,207,-1.0839528804651064,True
K207N,-4.90527459415864,207,True,mild,sensitive,207,-0.9263759393314888,True
K207P,-5.01700511773755,207,True,mild,sensitive,207,-0.947476586552272,True
K207Q,-4.43087548325847,207,True,mild,sensitive,207,-0.8367842327832957,True
K207R,-1.55663508854537,207,True,neutral,sensitive,207,-0.29397524331559083,True
K207S,-5.35452866656812,207,True,mild,sensitive,207,-1.0112189293289147,True
K207T,-4.5964466900903,207,True,mild,sensitive,207,-0.8680528558360674,True
K207V,-5.70651104528202,207,True,mild,sensitive,207,-1.077691865848618,True
K207W,-7.266640763931731,207,True,impactful,sensitive,207,-1.3723270806262307,True
K207Y,-7.266640763931731,207,True,impactful,sensitive,207,-1.3723270806262307,True
R208A,-3.8530269283537697,208,True,mild,sensitive,208,-1.344286872258581,True
R208C,-5.02085035048092,208,True,mild,sensitive,208,-1.751730091492028,True
R208D,-3.67165184017395,208,True,mild,sensitive,208,-1.281006714987776,True
R208E,-3.04427409414042,208,True,neutral,sensitive,208,-1.0621201918405343,True
R208F,-6.53605669646026,208,True,impactful,sensitive,208,-2.280372127361003,True
R208G,-4.4883221186907,208,True,mild,sensitive,208,-1.5659357213995957,True
R208H,-3.3856922236801803,208,True,neutral,sensitive,208,-1.1812379447204693,True
R208I,-6.29772496989653,208,True,impactful,sensitive,208,-2.1972203048536967,True
R208K,-0.640243271365014,208,True,neutral,sensitive,208,-0.22337519066226813,True
R208L,-6.29772496989653,208,True,impactful,sensitive,208,-2.1972203048536967,True
R208M,-6.29772496989653,208,True,impactful,sensitive,208,-2.1972203048536967,True
R208N,-3.03253621288056,208,True,neutral,sensitive,208,-1.0580249493262284,True
R208P,-6.53605669646026,208,True,impactful,sensitive,208,-2.280372127361003,True
R208Q,-3.68325202763605,208,True,mild,sensitive,208,-1.2850539173590558,True
R208R,0.0,208,True,neutral,sensitive,208,0.0,True
R208S,-3.77629900620184,208,True,mild,sensitive,208,-1.3175171817263152,True
R208T,-2.50438602423768,208,True,neutral,sensitive,208,-0.8737580396016025,True
R208V,-6.29772496989653,208,True,impactful,sensitive,208,-2.1972203048536967,True
R208W,-6.53605669646026,208,True,impactful,sensitive,208,-2.280372127361003,True
R208Y,-6.53605669646026,208,True,impactful,sensitive,208,-2.280372127361003,True
Q209A,-3.9371547357797914,209,True,mild,sensitive,209,-2.6870206769006226,True
Q209C,-5.734919146791849,209,True,mild,sensitive,209,-3.913954965432901,True
Q209D,-2.9739512281789704,209,True,neutral,sensitive,209,-2.0296556723032086,True
Q209E,-1.66237605242392,209,True,neutral,sensitive,209,-1.1345347402920414,True
Q209F,-3.93320268721896,209,True,mild,sensitive,209,-2.6843234915188634,True
Q209G,-4.15259005420275,209,True,mild,sensitive,209,-2.8340504976685144,True
Q209H,-4.05225525787045,209,True,mild,sensitive,209,-2.765574227252359,True
Q209I,-4.96309701844537,209,True,mild,sensitive,209,-3.3872035022736355,True
Q209K,-2.6341743846596604,209,True,neutral,sensitive,209,-1.7977655218421582,True
Q209L,-2.229160579514529,209,True,neutral,sensitive,209,-1.5213525937534624,True
Q209M,-2.2971499837637,209,True,neutral,sensitive,209,-1.567753852349537,True
Q209N,-1.89803860185292,209,True,neutral,sensitive,209,-1.2953691970463606,True
Q209P,-2.9770348977098195,209,True,neutral,sensitive,209,-2.0317602082806294,True
Q209Q,0.0,209,True,neutral,sensitive,209,0.0,True
Q209R,-3.53205551954728,209,True,mild,sensitive,209,-2.410549457641468,True
Q209S,-4.85602242089301,209,True,mild,sensitive,209,-3.3141274671919154,True
Q209T,-3.67296480586703,209,True,mild,sensitive,209,-2.506716916458269,True
Q209V,-2.4838871560491698,209,True,neutral,sensitive,209,-1.6951978256628264,True
Q209W,-6.0773070224331915,209,True,impactful,sensitive,209,-4.147627087335458,True
Q209Y,-6.0773070224331915,209,True,impactful,sensitive,209,-4.147627087335458,True
T210A,-2.5837006947236603,210,True,neutral,sensitive,210,-1.5281597886578229,True
T210C,-4.23891809889989,210,True,mild,sensitive,210,-2.5071573496811337,True
T210D,-5.31388589198905,210,True,mild,sensitive,210,-3.142959537936068,True
T210E,-3.53836809072829,210,True,mild,sensitive,210,-2.092808909624593,True
T210F,-6.940435350688982,210,True,impactful,sensitive,210,-4.105001109595062,True
T210G,-4.87434488836438,210,True,mild,sensitive,210,-2.8829879055495375,True
T210H,-5.31388589198905,210,True,mild,sensitive,210,-3.142959537936068,True
T210I,-3.43888347016235,210,True,neutral,sensitive,210,-2.033967575158408,True
T210K,-4.70643333423007,210,True,mild,sensitive,210,-2.7836746663639365,True
T210L,-3.23748337258046,210,True,neutral,sensitive,210,-1.914847147941383,True
T210M,-3.5702287690400003,210,True,mild,sensitive,210,-2.111653277911813,True
T210N,-5.31388589198905,210,True,mild,sensitive,210,-3.142959537936068,True
T210P,-6.940435350688982,210,True,impactful,sensitive,210,-4.105001109595062,True
T210Q,-3.4333093699162696,210,True,neutral,sensitive,210,-2.0306707088180445,True
T210R,-4.9568022580926,210,True,mild,sensitive,210,-2.9317582747159374,True
T210S,-3.2835256455352004,210,True,neutral,sensitive,210,-1.9420793851163503,True
T210T,0.0,210,True,neutral,sensitive,210,0.0,True
T210V,-2.24808491852795,210,True,neutral,sensitive,210,-1.329655939249553,True
T210W,-6.940435350688982,210,True,impactful,sensitive,210,-4.105001109595062,True
T210Y,-6.940435350688982,210,True,impactful,sensitive,210,-4.105001109595062,True
E211A,-1.84102034667403,211,True,neutral,sensitive,211,-0.7937336157560604,True
E211C,-4.48871915677964,211,True,mild,sensitive,211,-1.935256876905681,True
E211D,-1.85709475239759,211,True,neutral,sensitive,211,-0.8006639010183287,True
E211E,0.0,211,True,neutral,sensitive,211,0.0,True
E211F,-6.60286741999067,211,True,impactful,sensitive,211,-2.8467462845238383,True
E211G,-1.80950441393868,211,True,neutral,sensitive,211,-0.780145903219832,True
E211H,-4.041111207659728,211,True,mild,sensitive,211,-1.742276133081774,True
E211I,-5.73782171706648,211,True,mild,sensitive,211,-2.473792311029361,True
E211K,-4.06833732538797,211,True,mild,sensitive,211,-1.7540143438552065,True
E211L,-4.87177192043471,211,True,mild,sensitive,211,-2.100405434698956,True
E211M,-5.73782171706648,211,True,mild,sensitive,211,-2.473792311029361,True
E211N,-2.51419751809538,211,True,neutral,sensitive,211,-1.0839657966670475,True
E211P,-6.60286741999067,211,True,impactful,sensitive,211,-2.8467462845238383,True
E211Q,-2.67975305775878,211,True,neutral,sensitive,211,-1.1553430616401776,True
E211R,-5.2201562522198,211,True,mild,sensitive,211,-2.250607118151344,True
E211S,-4.48871915677964,211,True,mild,sensitive,211,-1.935256876905681,True
E211T,-4.48871915677964,211,True,mild,sensitive,211,-1.935256876905681,True
E211V,-4.20553040281802,211,True,mild,sensitive,211,-1.8131634768900384,True
E211W,-6.60286741999067,211,True,impactful,sensitive,211,-2.8467462845238383,True
E211Y,-6.60286741999067,211,True,impactful,sensitive,211,-2.8467462845238383,True
R212A,-4.231517660635,212,True,mild,sensitive,212,-1.666426679210169,True
R212C,-5.56170954242825,212,True,mild,sensitive,212,-2.190273539382887,True
R212D,-4.64975146842005,212,True,mild,sensitive,212,-1.8311325912105634,True
R212E,-3.25024918973961,212,True,neutral,sensitive,212,-1.279990395467362,True
R212F,-6.92266980383759,212,True,impactful,sensitive,212,-2.726237387544408,True
R212G,-6.92266980383759,212,True,impactful,sensitive,212,-2.726237387544408,True
R212H,-4.64975146842005,212,True,mild,sensitive,212,-1.8311325912105634,True
R212I,-4.4335912262014014,212,True,mild,sensitive,212,-1.746005876989635,True
R212K,-1.51907575676849,212,True,neutral,sensitive,212,-0.5982317862855172,True
R212L,-3.61303372744361,212,True,mild,sensitive,212,-1.4228596638764062,True
R212M,-5.38626265822886,212,True,mild,sensitive,212,-2.1211802749652486,True
R212N,-4.64975146842005,212,True,mild,sensitive,212,-1.8311325912105634,True
R212P,-6.92266980383759,212,True,impactful,sensitive,212,-2.726237387544408,True
R212Q,-2.99335927327125,212,True,neutral,sensitive,212,-1.178823805899423,True
R212R,0.0,212,True,neutral,sensitive,212,0.0,True
R212S,-5.56170954242825,212,True,mild,sensitive,212,-2.190273539382887,True
R212T,-5.56170954242825,212,True,mild,sensitive,212,-2.190273539382887,True
R212V,-4.47265571863737,212,True,mild,sensitive,212,-1.7613899820852361,True
R212W,-6.92266980383759,212,True,impactful,sensitive,212,-2.726237387544408,True
R212Y,-6.92266980383759,212,True,impactful,sensitive,212,-2.726237387544408,True
E213A,-5.40067285275231,213,True,mild,sensitive,213,-3.2194429392135215,True
E213C,-6.47404114284434,213,True,impactful,sensitive,213,-3.8592980196691724,True
E213D,-1.8163030297536,213,True,neutral,sensitive,213,-1.0827324898289923,True
E213E,0.0,213,True,neutral,sensitive,213,0.0,True
E213F,-7.34929978839324,213,True,impactful,sensitive,213,-4.3810562048482575,True
E213G,-7.34929978839324,213,True,impactful,sensitive,213,-4.3810562048482575,True
E213H,-4.41257954801683,213,True,mild,sensitive,213,-2.6304218857361525,True
E213I,-6.931695285224722,213,True,impactful,sensitive,213,-4.132114284875361,True
E213K,-6.931695285224722,213,True,impactful,sensitive,213,-4.132114284875361,True
E213L,-6.931695285224722,213,True,impactful,sensitive,213,-4.132114284875361,True
E213M,-6.931695285224722,213,True,impactful,sensitive,213,-4.132114284875361,True
E213N,-3.7801303051246,213,True,mild,sensitive,213,-2.253406964641151,True
E213P,-6.21281984583025,213,True,impactful,sensitive,213,-3.703579078127356,True
E213Q,-3.4180462492629,213,True,neutral,sensitive,213,-2.0375618303720624,True
E213R,-6.00211601556012,213,True,impactful,sensitive,213,-3.5779745512242482,True
E213S,-5.11371169111385,213,True,mild,sensitive,213,-3.048379978939112,True
E213T,-6.47404114284434,213,True,impactful,sensitive,213,-3.8592980196691724,True
E213V,-4.58592687888411,213,True,mild,sensitive,213,-2.7337574988362427,True
E213W,-7.34929978839324,213,True,impactful,sensitive,213,-4.3810562048482575,True
E213Y,-7.34929978839324,213,True,impactful,sensitive,213,-4.3810562048482575,True
K214A,-2.53845486185432,214,True,neutral,sensitive,214,-1.6946626208107465,True
K214C,-3.82319716359761,214,True,mild,sensitive,214,-2.5523515988011938,True
K214D,-3.8726577946777,214,True,mild,sensitive,214,-2.58537132428566,True
K214E,-2.3162689788831203,214,True,neutral,sensitive,214,-1.5463321870491347,True
K214F,-6.60866947316464,214,True,impactful,sensitive,214,-4.411922109690005,True
K214G,-4.0575729210102,214,True,mild,sensitive,214,-2.7088199454635338,True
K214H,-4.800276386823481,214,True,mild,sensitive,214,-3.204645898792063,True
K214I,-1.71348016079744,214,True,neutral,sensitive,214,-1.1439127099085105,True
K214K,0.0,214,True,neutral,sensitive,214,0.0,True
K214L,-1.87005516790903,214,True,neutral,sensitive,214,-1.2484415774068116,True
K214M,-1.59529826566228,214,True,neutral,sensitive,214,-1.065014935064553,True
K214N,-4.800276386823481,214,True,mild,sensitive,214,-3.204645898792063,True
K214P,-6.60866947316464,214,True,impactful,sensitive,214,-4.411922109690005,True
K214Q,-2.2654764217034704,214,True,neutral,sensitive,214,-1.51242327286625,True
K214R,-1.7740315905345705,214,True,neutral,sensitive,214,-1.1843366095626506,True
K214S,-4.33003511483739,214,True,mild,sensitive,214,-2.890714649364528,True
K214T,-2.09365389997576,214,True,neutral,sensitive,214,-1.3977152237451054,True
K214V,-1.92644972840715,214,True,neutral,sensitive,214,-1.286090367278695,True
K214W,-6.60866947316464,214,True,impactful,sensitive,214,-4.411922109690005,True
K214Y,-6.60866947316464,214,True,impactful,sensitive,214,-4.411922109690005,True
K215A,-5.53261659976899,215,True,mild,sensitive,215,-2.4217630645112336,True
K215C,-6.54922896356791,215,True,impactful,sensitive,215,-2.8667594291023533,True
K215D,-5.199348950889969,215,True,mild,sensitive,215,-2.2758835754670423,True
K215E,-3.81757713635664,215,True,mild,sensitive,215,-1.6710478917221745,True
K215F,-7.14626605156446,215,True,impactful,sensitive,215,-3.1280973226252407,True
K215G,-7.14626605156446,215,True,impactful,sensitive,215,-3.1280973226252407,True
K215H,-5.6212962829107305,215,True,mild,sensitive,215,-2.460580354184658,True
K215I,-6.19477243792053,215,True,impactful,sensitive,215,-2.711605044859706,True
K215K,0.0,215,True,neutral,sensitive,215,0.0,True
K215L,-6.19477243792053,215,True,impactful,sensitive,215,-2.711605044859706,True
K215M,-5.1685715548872695,215,True,mild,sensitive,215,-2.2624115483498395,True
K215N,-4.34855921897993,215,True,mild,sensitive,215,-1.9034718763640939,True
K215P,-7.14626605156446,215,True,impactful,sensitive,215,-3.1280973226252407,True
K215Q,-5.6212962829107305,215,True,mild,sensitive,215,-2.460580354184658,True
K215R,-1.68894619831278,215,True,neutral,sensitive,215,-0.7392935055704637,True
K215S,-5.65907591790847,215,True,mild,sensitive,215,-2.47711743442117,True
K215T,-6.54922896356791,215,True,impactful,sensitive,215,-2.8667594291023533,True
K215V,-6.19477243792053,215,True,impactful,sensitive,215,-2.711605044859706,True
K215W,-7.14626605156446,215,True,impactful,sensitive,215,-3.1280973226252407,True
K215Y,-7.14626605156446,215,True,impactful,sensitive,215,-3.1280973226252407,True
K216A,-3.04228080993375,216,True,neutral,sensitive,216,-1.328697605251254,True
K216C,-5.4283746599685,216,True,mild,sensitive,216,-2.3708095543171774,True
K216D,-4.65723001348408,216,True,mild,sensitive,216,-2.034016829023523,True
K216E,-4.37310450803199,216,True,mild,sensitive,216,-1.9099267458687028,True
K216F,-6.63514390132336,216,True,impactful,sensitive,216,-2.8978586668920263,True
K216G,-6.02262727050195,216,True,impactful,sensitive,216,-2.63034576082117,True
K216H,-5.27297749083328,216,True,mild,sensitive,216,-2.3029407876278567,True
K216I,-2.08432931127672,216,True,neutral,sensitive,216,-0.9103181256002076,True
K216K,0.0,216,True,neutral,sensitive,216,0.0,True
K216L,-2.0043609540486003,216,True,neutral,sensitive,216,-0.87539243287719,True
K216M,-3.89304869881784,216,True,mild,sensitive,216,-1.7002652964695972,True
K216N,-2.6341704746318,216,True,neutral,sensitive,216,-1.1504579031752988,True
K216P,-6.63514390132336,216,True,impactful,sensitive,216,-2.8978586668920263,True
K216Q,-2.5484234694961,216,True,neutral,sensitive,216,-1.1130084211914997,True
K216R,-1.21725450981132,216,True,neutral,sensitive,216,-0.5316284896800209,True
K216S,-4.53893715059066,216,True,mild,sensitive,216,-1.9823531419859597,True
K216T,-2.7013302345195496,216,True,neutral,sensitive,216,-1.1797895190605678,True
K216V,-2.0222775668859,216,True,neutral,sensitive,216,-0.8832174043569438,True
K216W,-6.63514390132336,216,True,impactful,sensitive,216,-2.8978586668920263,True
K216Y,-6.63514390132336,216,True,impactful,sensitive,216,-2.8978586668920263,True
K217A,-2.51929946906188,217,True,neutral,sensitive,217,-1.41750489305077,True
K217C,-5.2452773551880005,217,True,mild,sensitive,217,-2.95129912409979,True
K217D,-5.66167259229558,217,True,mild,sensitive,217,-3.1855873829159678,True
K217E,-3.3466243862226897,217,True,neutral,sensitive,217,-1.8830061693460278,True
K217F,-6.72000488989673,217,True,impactful,sensitive,217,-3.781066891702561,True
K217G,-5.50696936256701,217,True,mild,sensitive,217,-3.098542318284305,True
K217H,-5.66167259229558,217,True,mild,sensitive,217,-3.1855873829159678,True
K217I,-3.20310717965656,217,True,neutral,sensitive,217,-1.8022550140972153,True
K217K,0.0,217,True,neutral,sensitive,217,0.0,True
K217L,-4.20555628784515,217,True,mild,sensitive,217,-2.366291379500349,True
K217M,-1.53258527327617,217,True,neutral,sensitive,217,-0.8623219075640435,True
K217N,-3.2078118746255804,217,True,neutral,sensitive,217,-1.8049021500255935,True
K217P,-4.87376276952695,217,True,mild,sensitive,217,-2.7422633387628568,True
K217Q,-5.07446166019783,217,True,mild,sensitive,217,-2.855188246281601,True
K217R,-1.2983595788643605,217,True,neutral,sensitive,217,-0.7305328638301566,True
K217S,-4.9025338208496905,217,True,mild,sensitive,217,-2.758451611149302,True
K217T,-2.63791830550251,217,True,neutral,sensitive,217,-1.4842467723419976,True
K217V,-3.53045327087524,217,True,mild,sensitive,217,-1.9864390270428098,True
K217W,-6.72000488989673,217,True,impactful,sensitive,217,-3.781066891702561,True
K217Y,-6.72000488989673,217,True,impactful,sensitive,217,-3.781066891702561,True
I218A,-1.7114780887934398,218,True,neutral,tolerant,218,-1.030712355610551,True
I218C,-1.6114485505305298,218,True,neutral,tolerant,218,-0.9704710462483701,True
I218D,-5.675518271731889,218,True,mild,tolerant,218,-3.4179969030696253,True
I218E,-3.39000281686146,218,True,neutral,tolerant,218,-2.0415790373086034,True
I218F,-3.21204742285639,218,True,neutral,tolerant,218,-1.9344080343319436,True
I218G,-5.2556818311526206,218,True,mild,tolerant,218,-3.165156618713035,True
I218H,-4.90606922520339,218,True,mild,tolerant,218,-2.9546075997167622,True
I218I,0.0,218,True,neutral,tolerant,218,0.0,True
I218K,-6.42160784921218,218,True,impactful,tolerant,218,-3.867318311819489,True
I218L,-1.62249778170876,218,True,neutral,tolerant,218,-0.9771252822388689,True
I218M,-3.94174342661421,218,True,mild,tolerant,218,-2.3738566558699787,True
I218N,-5.675518271731889,218,True,mild,tolerant,218,-3.4179969030696253,True
I218P,-6.42160784921218,218,True,impactful,tolerant,218,-3.867318311819489,True
I218Q,-5.675518271731889,218,True,mild,tolerant,218,-3.4179969030696253,True
I218R,-6.42160784921218,218,True,impactful,tolerant,218,-3.867318311819489,True
I218S,-2.85701837688838,218,True,neutral,tolerant,218,-1.720597044477069,True
I218T,-0.872732731057443,218,True,neutral,tolerant,218,-0.5255903741547769,True
I218V,-1.32214393766554,218,True,neutral,tolerant,218,-0.7962416237581935,True
I218W,-3.4017799539153395,218,True,neutral,tolerant,218,-2.0486716438424737,True
I218Y,-3.47920424893951,218,True,neutral,tolerant,218,-2.095299279935734,True
L219A,-5.42564641933452,219,True,mild,sensitive,219,-2.836198324532675,True
L219C,-6.50025694885916,219,True,impactful,sensitive,219,-3.3979394237134026,True
L219D,-7.1144184562440085,219,True,impactful,sensitive,219,-3.7189857477108696,True
L219E,-7.1144184562440085,219,True,impactful,sensitive,219,-3.7189857477108696,True
L219F,-6.042213083982849,219,True,impactful,sensitive,219,-3.158501918627326,True
L219G,-6.70765304033003,219,True,impactful,sensitive,219,-3.5063535004302655,True
L219H,-7.1144184562440085,219,True,impactful,sensitive,219,-3.7189857477108696,True
L219I,-2.1390212484614,219,True,neutral,sensitive,219,-1.1181503570536981,True
L219K,-7.37892342034569,219,True,impactful,sensitive,219,-3.857252873512219,True
L219L,0.0,219,True,neutral,sensitive,219,0.0,True
L219M,-1.69596334578468,219,True,neutral,sensitive,219,-0.8865466025656198,True
L219N,-6.802816033936441,219,True,impactful,sensitive,219,-3.5560989320644047,True
L219P,-5.38468091260931,219,True,mild,sensitive,219,-2.8147840463881133,True
L219Q,-7.1144184562440085,219,True,impactful,sensitive,219,-3.7189857477108696,True
L219R,-7.37892342034569,219,True,impactful,sensitive,219,-3.857252873512219,True
L219S,-4.760934841672599,219,True,mild,sensitive,219,-2.4887274948553055,True
L219T,-6.50025694885916,219,True,impactful,sensitive,219,-3.3979394237134026,True
L219V,-3.623891617430569,219,True,mild,sensitive,219,-1.8943503758406055,True
L219W,-6.95969297098994,219,True,impactful,sensitive,219,-3.638104664034592,True
L219Y,-6.95969297098994,219,True,impactful,sensitive,219,-3.638104664034592,True
A220A,0.0,220,True,neutral,tolerant,220,0.0,True
A220C,-1.71888614167246,220,True,neutral,tolerant,220,-0.8929695193172907,True
A220D,-4.820445864431151,220,True,mild,tolerant,220,-2.504244534933453,True
A220E,-3.28953236798913,220,True,neutral,tolerant,220,-1.7089276981218835,True
A220F,-6.5469146357073615,220,True,impactful,tolerant,220,-3.4011532663650694,True
A220G,-2.5443276806851096,220,True,neutral,tolerant,220,-1.321790321607002,True
A220H,-2.16782739230656,220,True,neutral,tolerant,220,-1.1261966325397947,True
A220I,-2.7357192168403595,220,True,neutral,tolerant,220,-1.4212191341958689,True
A220K,-4.36632259578366,220,True,mild,tolerant,220,-2.2683253387263203,True
A220L,-2.6942293409297,220,True,neutral,tolerant,220,-1.3996649464865962,True
A220M,-2.59389343348374,220,True,neutral,tolerant,220,-1.3475399657388276,True
A220N,-2.05731577661098,220,True,neutral,tolerant,220,-1.0687853229979998,True
A220P,-6.5469146357073615,220,True,impactful,tolerant,220,-3.4011532663650694,True
A220Q,-2.36781487270635,220,True,neutral,tolerant,220,-1.230091079014485,True
A220R,-4.66276867270816,220,True,mild,tolerant,220,-2.4223304844989193,True
A220S,-0.634210267062947,220,True,neutral,tolerant,220,-0.329475247717255,True
A220T,-0.6862484157231911,220,True,neutral,tolerant,220,-0.35650931324883606,True
A220V,-2.69876319538729,220,True,neutral,tolerant,220,-1.402020305423698,True
A220W,-6.5469146357073615,220,True,impactful,tolerant,220,-3.4011532663650694,True
A220Y,-6.5469146357073615,220,True,impactful,tolerant,220,-3.4011532663650694,True
E221A,-2.49577832981344,221,True,neutral,tolerant,221,-1.047837167644618,True
E221C,-4.7421021393172405,221,True,mild,tolerant,221,-1.990942390590871,True
E221D,-0.9206758308432752,221,True,neutral,tolerant,221,-0.38654007985628513,True
E221E,0.0,221,True,neutral,tolerant,221,0.0,True
E221F,-3.2446744327267303,221,True,neutral,tolerant,221,-1.362256586213499,True
E221G,-3.22675146075596,221,True,neutral,tolerant,221,-1.3547317367662208,True
E221H,-3.822873557699941,221,True,mild,tolerant,221,-1.605009929412778,True
E221I,-3.03426261010973,221,True,neutral,tolerant,221,-1.2739164777927243,True
E221K,-3.50785084402205,221,True,mild,tolerant,221,-1.4727495823696024,True
E221L,-3.30419377579795,221,True,neutral,tolerant,221,-1.3872454159981045,True
E221M,-3.5619827702213103,221,True,mild,tolerant,221,-1.495476538345705,True
E221N,-3.4800473481919503,221,True,neutral,tolerant,221,-1.4610764558049494,True
E221P,-5.74805381903255,221,True,mild,tolerant,221,-2.413285010633985,True
E221Q,-1.45026437625072,221,True,neutral,tolerant,221,-0.6088845704738676,True
E221R,-3.87805291664228,221,True,mild,tolerant,221,-1.6281766435780174,True
E221S,-2.48750428227114,221,True,neutral,tolerant,221,-1.0443633597194053,True
E221T,-3.8804802674198298,221,True,mild,tolerant,221,-1.6291957518590874,True
E221V,-3.0255158364871098,221,True,neutral,tolerant,221,-1.2702441987328126,True
E221W,-4.510422236788691,221,True,mild,tolerant,221,-1.893673009746522,True
E221Y,-3.72301989261498,221,True,mild,tolerant,221,-1.5630869828306668,True
R222A,-7.00092100773451,222,True,impactful,sensitive,222,-2.488941540907018,True
R222C,-7.00092100773451,222,True,impactful,sensitive,222,-2.488941540907018,True
R222D,-6.27242693353833,222,True,impactful,sensitive,222,-2.229950022281354,True
R222E,-3.64964943429314,222,True,mild,sensitive,222,-1.2975098671623906,True
R222F,-7.42278812658306,222,True,impactful,sensitive,222,-2.6389221785523915,True
R222G,-7.42278812658306,222,True,impactful,sensitive,222,-2.6389221785523915,True
R222H,-4.279559154127431,222,True,mild,sensitive,222,-1.5214530407797728,True
R222I,-5.47819763303813,222,True,mild,sensitive,222,-1.9475885591486404,True
R222K,-3.77856485366453,222,True,mild,sensitive,222,-1.3433414002110304,True
R222L,-6.57905388888595,222,True,impactful,sensitive,222,-2.3389609032616403,True
R222M,-6.57905388888595,222,True,impactful,sensitive,222,-2.3389609032616403,True
R222N,-3.9672810615414,222,True,mild,sensitive,222,-1.4104330883915235,True
R222P,-7.42278812658306,222,True,impactful,sensitive,222,-2.6389221785523915,True
R222Q,-6.27242693353833,222,True,impactful,sensitive,222,-2.229950022281354,True
R222R,0.0,222,True,neutral,sensitive,222,0.0,True
R222S,-7.00092100773451,222,True,impactful,sensitive,222,-2.488941540907018,True
R222T,-7.00092100773451,222,True,impactful,sensitive,222,-2.488941540907018,True
R222V,-5.28981625533962,222,True,mild,sensitive,222,-1.8806159085546519,True
R222W,-7.42278812658306,222,True,impactful,sensitive,222,-2.6389221785523915,True
R222Y,-7.42278812658306,222,True,impactful,sensitive,222,-2.6389221785523915,True
R223A,-4.18511174133136,223,True,mild,sensitive,223,-1.297609933768728,True
R223C,-2.6045203175084,223,True,neutral,sensitive,223,-0.8075415056005776,True
R223D,-5.33539740446604,223,True,mild,sensitive,223,-1.6542604117988509,True
R223E,-4.445861848233402,223,True,mild,sensitive,223,-1.3784565036717125,True
R223F,-5.90065219094153,223,True,impactful,sensitive,223,-1.829519824539784,True
R223G,-5.93118283692583,223,True,impactful,sensitive,223,-1.8389859683280978,True
R223H,-2.51898268083908,223,True,neutral,sensitive,223,-0.7810202335501686,True
R223I,-1.81480546441699,223,True,neutral,sensitive,223,-0.5626873890196578,True
R223K,-1.20540585420824,223,True,neutral,sensitive,223,-0.37374070450649616,True
R223L,-1.81361060214382,223,True,neutral,sensitive,223,-0.5623169173928577,True
R223M,-4.28066708440004,223,True,mild,sensitive,223,-1.3272372340785528,True
R223N,-5.33539740446604,223,True,mild,sensitive,223,-1.6542604117988509,True
R223P,-6.51737580024983,223,True,impactful,sensitive,223,-2.020737343041112,True
R223Q,-3.0219111543765496,223,True,neutral,sensitive,223,-0.9369551341150357,True
R223R,0.0,223,True,neutral,sensitive,223,0.0,True
R223S,-4.11126201572958,223,True,mild,sensitive,223,-1.2747125433357358,True
R223T,-5.08055170195175,223,True,mild,sensitive,223,-1.5752445251034064,True
R223V,-1.87855556485551,223,True,neutral,sensitive,223,-0.5824533519665543,True
R223W,-5.90065219094153,223,True,impactful,sensitive,223,-1.829519824539784,True
R223Y,-3.5030369047111,223,True,mild,sensitive,223,-1.0861300167974848,True
K224A,-3.0525710563229302,224,True,neutral,sensitive,224,-0.9005262949629045,True
K224C,-5.732998251970072,224,True,mild,sensitive,224,-1.6912679769342787,True
K224D,-5.325722147138031,224,True,mild,sensitive,224,-1.5711191466714653,True
K224E,-2.7598875004600494,224,True,neutral,sensitive,224,-0.8141829361042056,True
K224F,-6.76508120894287,224,True,impactful,sensitive,224,-1.9957384787468169,True
K224G,-5.787111906004308,224,True,impactful,sensitive,224,-1.707231821010379,True
K224H,-5.325722147138031,224,True,mild,sensitive,224,-1.5711191466714653,True
K224I,-5.20886066636212,224,True,mild,sensitive,224,-1.5366443271290902,True
K224K,0.0,224,True,neutral,sensitive,224,0.0,True
K224L,-6.36487872442685,224,True,impactful,sensitive,224,-1.8776764078018469,True
K224M,-6.36487872442685,224,True,impactful,sensitive,224,-1.8776764078018469,True
K224N,-3.08550620608686,224,True,neutral,sensitive,224,-0.9102423565528636,True
K224P,-3.2955116674821205,224,True,neutral,sensitive,224,-0.972195194532024,True
K224Q,-1.6059092772444998,224,True,neutral,sensitive,224,-0.4737526186288245,True
K224R,-0.699843649912213,224,True,neutral,sensitive,224,-0.20645796526286977,True
K224S,-3.06980898898222,224,True,neutral,sensitive,224,-0.9056115858026824,True
K224T,-3.07638035554761,224,True,neutral,sensitive,224,-0.9075501773298857,True
K224V,-6.36487872442685,224,True,impactful,sensitive,224,-1.8776764078018469,True
K224W,-6.76508120894287,224,True,impactful,sensitive,224,-1.9957384787468169,True
K224Y,-6.76508120894287,224,True,impactful,sensitive,224,-1.9957384787468169,True
V225A,-0.484909781833694,225,True,neutral,tolerant,225,-0.10134427847075847,True
V225C,-1.31750472055652,225,True,neutral,tolerant,225,-0.27535341683911774,True
V225D,-2.1534396599164296,225,True,neutral,tolerant,225,-0.4500606024883075,True
V225E,-0.405187096311654,225,True,neutral,tolerant,225,-0.08468254396948732,True
V225F,-5.8470565473443,225,True,impactful,tolerant,225,-1.2220123189256684,True
V225G,-2.57876742468323,225,True,neutral,tolerant,225,-0.538952468663643,True
V225H,-1.3745934821941102,225,True,neutral,tolerant,225,-0.2872847483438613,True
V225I,-3.8280734835687102,225,True,mild,tolerant,225,-0.8000526276419134,True
V225K,-4.03112325766406,225,True,mild,tolerant,225,-0.8424892490924603,True
V225L,-1.55193036299393,225,True,neutral,tolerant,225,-0.3243474740388369,True
V225M,-4.11772655285839,225,True,mild,tolerant,225,-0.8605890045386592,True
V225N,-2.82611298124045,225,True,neutral,tolerant,225,-0.5906467381985825,True
V225P,0.258385008350417,225,True,neutral,tolerant,225,0.05400147247991521,True
V225Q,-1.55686972437474,225,True,neutral,tolerant,225,-0.32537978156076725,True
V225R,-5.1568032992714015,225,True,mild,tolerant,225,-1.077752046172423,True
V225S,-0.8804547704520941,225,True,neutral,tolerant,225,-0.18401165903517905,True
V225T,-1.04567994065533,225,True,neutral,tolerant,225,-0.21854308382132204,True
V225V,0.0,225,True,neutral,tolerant,225,0.0,True
V225W,-5.8470565473443,225,True,impactful,tolerant,225,-1.2220123189256684,True
V225Y,-5.8470565473443,225,True,impactful,tolerant,225,-1.2220123189256684,True
L226A,-6.79053595665478,226,True,impactful,sensitive,226,-3.1906625084660227,True
L226C,-6.79053595665478,226,True,impactful,sensitive,226,-3.1906625084660227,True
L226D,-7.314998839353651,226,True,impactful,sensitive,226,-3.4370913717532234,True
L226E,-7.314998839353651,226,True,impactful,sensitive,226,-3.4370913717532234,True
L226F,-4.18579180204502,226,True,mild,sensitive,226,-1.966773912439272,True
L226G,-7.314998839353651,226,True,impactful,sensitive,226,-3.4370913717532234,True
L226H,-7.314998839353651,226,True,impactful,sensitive,226,-3.4370913717532234,True
L226I,-1.5918540508262,226,True,neutral,sensitive,226,-0.7479629106364416,True
L226K,-6.059009057944031,226,True,impactful,sensitive,226,-2.8469406778845334,True
L226L,0.0,226,True,neutral,sensitive,226,0.0,True
L226M,-1.46862612378777,226,True,neutral,sensitive,226,-0.6900619247190949,True
L226N,-7.314998839353651,226,True,impactful,sensitive,226,-3.4370913717532234,True
L226P,-4.98512789090124,226,True,mild,sensitive,226,-2.342357181073316,True
L226Q,-7.314998839353651,226,True,impactful,sensitive,226,-3.4370913717532234,True
L226R,-6.63714039695529,226,True,impactful,sensitive,226,-3.118586686406841,True
L226S,-6.79053595665478,226,True,impactful,sensitive,226,-3.1906625084660227,True
L226T,-6.79053595665478,226,True,impactful,sensitive,226,-3.1906625084660227,True
L226V,-1.91254881833762,226,True,neutral,sensitive,226,-0.8986474483358765,True
L226W,-6.899371838304732,226,True,impactful,sensitive,226,-3.2418011180504442,True
L226Y,-6.899371838304732,226,True,impactful,sensitive,226,-3.2418011180504442,True
A227A,0.0,227,True,neutral,tolerant,227,0.0,True
A227C,-1.49011858306861,227,True,neutral,tolerant,227,-0.7575785762724745,True
A227D,-0.6004406890213959,227,True,neutral,tolerant,227,-0.30526496850214,True
A227E,-0.875767447699006,227,True,neutral,tolerant,227,-0.4452415154821566,True
A227F,-5.48277319943315,227,True,mild,tolerant,227,-2.7874503154627117,True
A227G,-2.06628687889516,227,True,neutral,tolerant,227,-1.0505034227949195,True
A227H,-0.8980400233361909,227,True,neutral,tolerant,227,-0.456564927144061,True
A227I,-2.1534336027383403,227,True,neutral,tolerant,227,-1.0948089510435308,True
A227K,-2.54006449505335,227,True,neutral,tolerant,227,-1.291372690514375,True
A227L,-3.88447470648997,227,True,mild,tolerant,227,-1.974872906858859,True
A227M,-4.55924161535016,227,True,mild,tolerant,227,-2.31792543968305,True
A227N,-0.225253292827047,227,True,neutral,tolerant,227,-0.11451912003485425,True
A227P,-3.73891748081695,227,True,mild,tolerant,227,-1.9008713897685507,True
A227Q,-2.18652380015639,227,True,neutral,tolerant,227,-1.1116320582333745,True
A227R,-4.818350038035598,227,True,mild,tolerant,227,-2.4496565597352604,True
A227S,-0.3216968672951,227,True,neutral,tolerant,227,-0.1635511814199795,True
A227T,-0.8145835821927441,227,True,neutral,tolerant,227,-0.41413554428781824,True
A227V,-2.11215793115666,227,True,neutral,tolerant,227,-1.0738243362170075,True
A227W,-5.48277319943315,227,True,mild,tolerant,227,-2.7874503154627117,True
A227Y,-5.48277319943315,227,True,mild,tolerant,227,-2.7874503154627117,True
I228A,-3.0931538390498297,228,True,neutral,sensitive,228,-1.7024969603160531,True
I228C,-5.33271134275078,228,True,mild,sensitive,228,-2.935167574486063,True
I228D,-6.22639999649243,228,True,impactful,sensitive,228,-3.4270610578478493,True
I228E,-6.22639999649243,228,True,impactful,sensitive,228,-3.4270610578478493,True
I228F,-3.2903859962455804,228,True,neutral,sensitive,228,-1.8110551393057837,True
I228G,-6.6018617322676505,228,True,impactful,sensitive,228,-3.633718242434783,True
I228H,-6.22639999649243,228,True,impactful,sensitive,228,-3.4270610578478493,True
I228I,0.0,228,True,neutral,sensitive,228,0.0,True
I228K,-6.6018617322676505,228,True,impactful,sensitive,228,-3.633718242434783,True
I228L,-1.25043710488826,228,True,neutral,sensitive,228,-0.6882507243133513,True
I228M,-1.74301600552118,228,True,neutral,sensitive,228,-0.9593701463272849,True
I228N,-5.50466633734102,228,True,mild,sensitive,228,-3.0298129981650144,True
I228P,-6.6018617322676505,228,True,impactful,sensitive,228,-3.633718242434783,True
I228Q,-6.22639999649243,228,True,impactful,sensitive,228,-3.4270610578478493,True
I228R,-6.6018617322676505,228,True,impactful,sensitive,228,-3.633718242434783,True
I228S,-4.96841325956744,228,True,mild,sensitive,228,-2.7346549548295114,True
I228T,-2.6597728177390296,228,True,neutral,sensitive,228,-1.4639605312107509,True
I228V,-1.12580131829338,228,True,neutral,sensitive,228,-0.6196501765017475,True
I228W,-5.7526200356361,228,True,mild,sensitive,228,-3.1662887247574467,True
I228Y,-5.7526200356361,228,True,mild,sensitive,228,-3.1662887247574467,True
D229A,-4.18232963887128,229,True,mild,sensitive,229,-0.9212267135670846,True
D229C,-5.4013190575155985,229,True,mild,sensitive,229,-1.1897291303956685,True
D229D,0.0,229,True,neutral,sensitive,229,0.0,True
D229E,-0.971946551442646,229,True,neutral,sensitive,229,-0.2140871726194243,True
D229F,-6.447570767486839,229,True,impactful,sensitive,229,-1.4201832331480444,True
D229G,-3.1260818815441604,229,True,neutral,sensitive,229,-0.6885708174006435,True
D229H,-3.8734861190736,229,True,mild,sensitive,229,-0.853198861791515,True
D229I,-6.447570767486839,229,True,impactful,sensitive,229,-1.4201832331480444,True
D229K,-5.04389353266904,229,True,mild,sensitive,229,-1.1110002950262383,True
D229L,-6.447570767486839,229,True,impactful,sensitive,229,-1.4201832331480444,True
D229M,-6.447570767486839,229,True,impactful,sensitive,229,-1.4201832331480444,True
D229N,-1.2451157449306498,229,True,neutral,sensitive,229,-0.27425716879233236,True
D229P,-3.89437665516122,229,True,mild,sensitive,229,-0.8578003450715002,True
D229Q,-1.5799754223018,229,True,neutral,sensitive,229,-0.3480155060653388,True
D229R,-6.2162814162776,229,True,impactful,sensitive,229,-1.3692379592707196,True
D229S,-3.883399284701,229,True,mild,sensitive,229,-0.8553823991452183,True
D229T,-4.84081656233638,229,True,mild,sensitive,229,-1.0662692608576343,True
D229V,-6.447570767486839,229,True,impactful,sensitive,229,-1.4201832331480444,True
D229W,-6.447570767486839,229,True,impactful,sensitive,229,-1.4201832331480444,True
D229Y,-6.447570767486839,229,True,impactful,sensitive,229,-1.4201832331480444,True
H230A,-3.46383588125488,230,True,neutral,tolerant,230,-1.2738730266005494,True
H230C,-4.502345809262559,230,True,mild,tolerant,230,-1.655799258240193,True
H230D,-1.00828132403099,230,True,neutral,tolerant,230,-0.37080924903487206,True
H230E,-1.622762545415,230,True,neutral,tolerant,230,-0.5967931235913272,True
H230F,-5.0515694925382,230,True,mild,tolerant,230,-1.8577837805096418,True
H230G,-1.97086284124026,230,True,neutral,tolerant,230,-0.7248117689905493,True
H230H,0.0,230,True,neutral,tolerant,230,0.0,True
H230I,-3.2973523475173394,230,True,neutral,tolerant,230,-1.2126464297663588,True
H230K,-2.61205083455022,230,True,neutral,tolerant,230,-0.9606174242405272,True
H230L,-5.43184502815114,230,True,mild,tolerant,230,-1.9976353104608542,True
H230M,-3.3840477474458504,230,True,neutral,tolerant,230,-1.24452984898288,True
H230N,-0.993028856974444,230,True,neutral,tolerant,230,-0.3651999456387168,True
H230P,-5.14617304588471,230,True,mild,tolerant,230,-1.8925755313200254,True
H230Q,-1.4265596637153102,230,True,neutral,tolerant,230,-0.5246368300177454,True
H230R,-3.08279164477395,230,True,neutral,tolerant,230,-1.1337387963901948,True
H230S,-1.93655703189344,230,True,neutral,tolerant,230,-0.7121953383394577,True
H230T,-2.05607425462109,230,True,neutral,tolerant,230,-0.756149431854941,True
H230V,-3.791009602782221,230,True,mild,tolerant,230,-1.394195638050376,True
H230W,-5.0515694925382,230,True,mild,tolerant,230,-1.8577837805096418,True
H230Y,-2.4341901931896697,230,True,neutral,tolerant,230,-0.8952067404522998,True
L231A,-2.5705745035311898,231,True,neutral,sensitive,231,-2.0424441054252895,True
L231C,-4.36705552257006,231,True,mild,sensitive,231,-3.469833999320204,True
L231D,-5.863886449125428,231,True,impactful,sensitive,231,-4.659137596069347,True
L231E,-5.863886449125428,231,True,impactful,sensitive,231,-4.659137596069347,True
L231F,-2.3814084028564904,231,True,neutral,sensitive,231,-1.8921426118336493,True
L231G,-6.46498591586206,231,True,impactful,sensitive,231,-5.136739805584774,True
L231H,-5.863886449125428,231,True,impactful,sensitive,231,-4.659137596069347,True
L231I,-1.4616810473318502,231,True,neutral,sensitive,231,-1.1613753404282834,True
L231K,-5.355220080950541,231,True,mild,sensitive,231,-4.254977894072876,True
L231L,0.0,231,True,neutral,sensitive,231,0.0,True
L231M,-1.1051141920092,231,True,neutral,sensitive,231,-0.8780659592594591,True
L231N,-5.863886449125428,231,True,impactful,sensitive,231,-4.659137596069347,True
L231P,-6.46498591586206,231,True,impactful,sensitive,231,-5.136739805584774,True
L231Q,-3.45933064242201,231,True,neutral,sensitive,231,-2.7486032673342375,True
L231R,-6.0964234652596785,231,True,impactful,sensitive,231,-4.843899351561808,True
L231S,-4.10873105887734,231,True,mild,sensitive,231,-3.2645828862201696,True
L231T,-5.3719596892866095,231,True,mild,sensitive,231,-4.268278311674532,True
L231V,-1.45603845498321,231,True,neutral,sensitive,231,-1.156892031554735,True
L231W,-4.845183223271881,231,True,mild,sensitive,231,-3.849729272768804,True
L231Y,-4.845183223271881,231,True,mild,sensitive,231,-3.849729272768804,True
N232A,-1.41985475384141,232,True,neutral,tolerant,232,-0.8614395870767682,True
N232C,-3.56562718968489,232,True,mild,tolerant,232,-2.163300440162436,True
N232D,-0.4184217847977679,232,True,neutral,tolerant,232,-0.25386053647031936,True
N232E,-1.31358762899876,232,True,neutral,tolerant,232,-0.7969662964837555,True
N232F,-5.117254028816929,232,True,mild,tolerant,232,-3.104687423572451,True
N232G,-1.30706714926747,232,True,neutral,tolerant,232,-0.7930102584791158,True
N232H,-3.4769436657424,232,True,neutral,tolerant,232,-2.109495289995601,True
N232I,-3.38919094855137,232,True,neutral,tolerant,232,-2.0562548692713074,True
N232K,-1.54227191663826,232,True,neutral,tolerant,232,-0.9357112616163786,True
N232L,-3.2034045770344504,232,True,neutral,tolerant,232,-1.9435364840061744,True
N232M,-5.0504180723272905,232,True,mild,tolerant,232,-3.0641374035055775,True
N232N,0.0,232,True,neutral,tolerant,232,0.0,True
N232P,-2.91160594878532,232,True,neutral,tolerant,232,-1.7664994390912445,True
N232Q,-1.66400649720272,232,True,neutral,tolerant,232,-1.00956880692564,True
N232R,-1.5241809236146298,232,True,neutral,tolerant,232,-0.9247352814902978,True
N232S,-0.664112232687702,232,True,neutral,tolerant,232,-0.40292330321205816,True
N232T,-1.42779346888024,232,True,neutral,tolerant,232,-0.8662560821347788,True
N232V,-5.0504180723272905,232,True,mild,tolerant,232,-3.0641374035055775,True
N232W,-5.117254028816929,232,True,mild,tolerant,232,-3.104687423572451,True
N232Y,-4.760829051488,232,True,mild,tolerant,232,-2.8884409487387486,True
E233A,-1.8407191191105,233,True,neutral,tolerant,233,-0.7663047629264735,True
E233C,-3.92334910455818,233,True,mild,tolerant,233,-1.633318779727287,True
E233D,-1.16407035462925,233,True,neutral,tolerant,233,-0.4846109587675521,True
E233E,0.0,233,True,neutral,tolerant,233,0.0,True
E233F,-6.27239168516353,233,True,impactful,tolerant,233,-2.611242298392556,True
E233G,-3.35980185152808,233,True,neutral,tolerant,233,-1.3987099577470052,True
E233H,-2.82845321272445,233,True,neutral,tolerant,233,-1.177505653156264,True
E233I,-2.54348074954232,233,True,neutral,tolerant,233,-1.0588695431858943,True
E233K,-3.4421481663632703,233,True,neutral,tolerant,233,-1.4329913277901125,True
E233L,-3.3326199814504904,233,True,neutral,tolerant,233,-1.3873939474500236,True
E233M,-4.25683779042808,233,True,mild,tolerant,233,-1.7721525462215948,True
E233N,-2.64578108334166,233,True,neutral,tolerant,233,-1.1014579165153813,True
E233P,-4.2282296031017,233,True,mild,tolerant,233,-1.7602427496756168,True
E233Q,-1.07114005908337,233,True,neutral,tolerant,233,-0.4459234005422726,True
E233R,-4.57293916434288,233,True,mild,tolerant,233,-1.9037478482335426,True
E233S,-1.96346841038386,233,True,neutral,tolerant,233,-0.8174061860453248,True
E233T,-2.7614305806981303,233,True,neutral,tolerant,233,-1.1496036437663382,True
E233V,-2.6328417466504503,233,True,neutral,tolerant,233,-1.096071176500221,True
E233W,-6.27239168516353,233,True,impactful,tolerant,233,-2.611242298392556,True
E233Y,-6.27239168516353,233,True,impactful,tolerant,233,-2.611242298392556,True
D234A,-2.59133029581826,234,True,neutral,sensitive,234,-1.2024775256108933,True
D234C,-2.60581464402818,234,True,neutral,sensitive,234,-1.209198823634406,True
D234D,0.0,234,True,neutral,sensitive,234,0.0,True
D234E,-0.6465888295115151,234,True,neutral,sensitive,234,-0.30004223585598067,True
D234F,-6.2512445779472605,234,True,impactful,sensitive,234,-2.900819368418224,True
D234G,-3.95731464275473,234,True,mild,sensitive,234,-1.836347117680286,True
D234H,-3.90691826970574,234,True,mild,sensitive,234,-1.8129612505596389,True
D234I,-6.48453019303651,234,True,impactful,sensitive,234,-3.0090729205207194,True
D234K,-6.11478124116238,234,True,impactful,sensitive,234,-2.8374950998684008,True
D234L,-6.48453019303651,234,True,impactful,sensitive,234,-3.0090729205207194,True
D234M,-6.48453019303651,234,True,impactful,sensitive,234,-3.0090729205207194,True
D234N,-1.30754630063162,234,True,neutral,sensitive,234,-0.6067520773953313,True
D234P,-6.48453019303651,234,True,impactful,sensitive,234,-3.0090729205207194,True
D234Q,-1.31420603834935,234,True,neutral,sensitive,234,-0.6098424533867504,True
D234R,-4.0378270823756806,234,True,mild,sensitive,234,-1.8737080049946242,True
D234S,-2.00383160907579,234,True,neutral,sensitive,234,-0.9298554024204343,True
D234T,-4.81423520427624,234,True,mild,sensitive,234,-2.233991415717602,True
D234V,-6.48453019303651,234,True,impactful,sensitive,234,-3.0090729205207194,True
D234W,-6.2512445779472605,234,True,impactful,sensitive,234,-2.900819368418224,True
D234Y,-5.476877843564451,234,True,mild,sensitive,234,-2.5414832404924717,True
Q235A,-1.4739639873095398,235,True,neutral,tolerant,235,-0.9640288910785196,True
Q235C,-4.23994356561414,235,True,mild,tolerant,235,-2.7730854545879238,True
Q235D,-1.6573941816606497,235,True,neutral,tolerant,235,-1.083999262385483,True
Q235E,-1.00573086536987,235,True,neutral,tolerant,235,-0.6577864990010401,True
Q235F,-5.94882904292596,235,True,impactful,tolerant,235,-3.8907619961160274,True
Q235G,-1.55557527052912,235,True,neutral,tolerant,235,-1.0174057954934472,True
Q235H,-3.84516165812137,235,True,mild,tolerant,235,-2.5148829694696806,True
Q235I,-3.81004910285178,235,True,mild,tolerant,235,-2.491918013737443,True
Q235K,-0.325637175897858,235,True,neutral,tolerant,235,-0.21297918285491146,True
Q235L,-2.67794263156598,235,True,neutral,tolerant,235,-1.751477029091276,True
Q235M,-2.90886280932698,235,True,neutral,tolerant,235,-1.902507668110438,True
Q235N,-1.4690305644879895,235,True,neutral,tolerant,235,-0.9608022436347365,True
Q235P,-5.94882904292596,235,True,impactful,tolerant,235,-3.8907619961160274,True
Q235Q,0.0,235,True,neutral,tolerant,235,0.0,True
Q235R,-0.7958561415295021,235,True,neutral,tolerant,235,-0.5205203927520338,True
Q235S,-1.67240841661649,235,True,neutral,tolerant,235,-1.093819146995616,True
Q235T,-1.85350160866272,235,True,neutral,tolerant,235,-1.2122610293029712,True
Q235V,-2.67908397744253,235,True,neutral,tolerant,235,-1.752223513000775,True
Q235W,-5.94882904292596,235,True,impactful,tolerant,235,-3.8907619961160274,True
Q235Y,-5.94882904292596,235,True,impactful,tolerant,235,-3.8907619961160274,True
L236A,-5.89727161711151,236,True,impactful,sensitive,236,-3.8662213052820116,True
L236C,-5.957267976802219,236,True,impactful,sensitive,236,-3.9055546138246484,True
L236D,-6.84147934142035,236,True,impactful,sensitive,236,-4.485239091361654,True
L236E,-6.84147934142035,236,True,impactful,sensitive,236,-4.485239091361654,True
L236F,-4.2788071598662105,236,True,mild,sensitive,236,-2.8051642313145897,True
L236G,-7.25367867212863,236,True,impactful,sensitive,236,-4.7554748779893545,True
L236H,-4.52777920976345,236,True,mild,sensitive,236,-2.968389042079524,True
L236I,-1.37846211499715,236,True,neutral,sensitive,236,-0.9037127579577976,True
L236K,-6.84147934142035,236,True,impactful,sensitive,236,-4.485239091361654,True
L236L,0.0,236,True,neutral,sensitive,236,0.0,True
L236M,-1.5326759645471102,236,True,neutral,sensitive,236,-1.0048145740874135,True
L236N,-6.84147934142035,236,True,impactful,sensitive,236,-4.485239091361654,True
L236P,-5.02803989582163,236,True,mild,sensitive,236,-3.2963574057921767,True
L236Q,-6.84147934142035,236,True,impactful,sensitive,236,-4.485239091361654,True
L236R,-5.9239318775190695,236,True,impactful,sensitive,236,-3.8836996365314986,True
L236S,-4.28137199407819,236,True,mild,sensitive,236,-2.806845723590797,True
L236T,-5.89309457593734,236,True,impactful,sensitive,236,-3.8634828583137972,True
L236V,-1.59995064750879,236,True,neutral,sensitive,236,-1.0489195143818095,True
L236W,-6.84147934142035,236,True,impactful,sensitive,236,-4.485239091361654,True
L236Y,-6.84147934142035,236,True,impactful,sensitive,236,-4.485239091361654,True
R237A,-2.38299738434016,237,True,neutral,tolerant,237,-1.1060713121491614,True
R237C,-4.975960820232281,237,True,mild,tolerant,237,-2.30959863817102,True
R237D,-4.93913623695999,237,True,mild,tolerant,237,-2.292506460308388,True
R237E,-3.3547798681939,237,True,neutral,tolerant,237,-1.5571254065023958,True
R237F,-6.37295543126199,237,True,impactful,tolerant,237,-2.9580154902586644,True
R237G,-2.7283557152425804,237,True,neutral,tolerant,237,-1.2663698272600605,True
R237H,-4.93913623695999,237,True,mild,tolerant,237,-2.292506460308388,True
R237I,-3.4821055101359,237,True,neutral,tolerant,237,-1.6162237675742512,True
R237K,-0.844054620657154,237,True,neutral,tolerant,237,-0.3917690417668359,True
R237L,-3.93217235664704,237,True,mild,tolerant,237,-1.8251228753730002,True
R237M,-2.94332117516964,237,True,neutral,tolerant,237,-1.3661463229837885,True
R237N,-3.18269802188957,237,True,neutral,tolerant,237,-1.4772533954000489,True
R237P,-6.37295543126199,237,True,impactful,tolerant,237,-2.9580154902586644,True
R237Q,-3.09543314378218,237,True,neutral,tolerant,237,-1.4367492895764062,True
R237R,0.0,237,True,neutral,tolerant,237,0.0,True
R237S,-2.23048321507381,237,True,neutral,tolerant,237,-1.0352816636038773,True
R237T,-2.5344950563295,237,True,neutral,tolerant,237,-1.1763891521711263,True
R237V,-2.82505457892706,237,True,neutral,tolerant,237,-1.3112527296676266,True
R237W,-6.37295543126199,237,True,impactful,tolerant,237,-2.9580154902586644,True
R237Y,-6.37295543126199,237,True,impactful,tolerant,237,-2.9580154902586644,True
E238A,-1.73453668359003,238,True,neutral,tolerant,238,-0.790390972703893,True
E238C,-3.37551892445647,238,True,neutral,tolerant,238,-1.5381512027520452,True
E238D,-0.569262368897487,238,True,neutral,tolerant,238,-0.25940058906413627,True
E238E,0.0,238,True,neutral,tolerant,238,0.0,True
E238F,-3.8216316199675697,238,True,mild,tolerant,238,-1.7414351405761668,True
E238G,-2.64660754689688,238,True,neutral,tolerant,238,-1.2060020022336488,True
E238H,-2.81057142322006,238,True,neutral,tolerant,238,-1.2807168058589895,True
E238I,-3.92100559936824,238,True,mild,tolerant,238,-1.786717720635175,True
E238K,-2.40882005409972,238,True,neutral,tolerant,238,-1.097647368107508,True
E238L,-3.61209967454552,238,True,mild,tolerant,238,-1.645955950241662,True
E238M,-3.83172422853958,238,True,mild,tolerant,238,-1.7460341247209357,True
E238N,-1.3936811623169398,238,True,neutral,tolerant,238,-0.6350704599933028,True
E238P,-3.85118927433999,238,True,mild,tolerant,238,-1.754903926455004,True
E238Q,-1.1899477889885102,238,True,neutral,tolerant,238,-0.5422335539533477,True
E238R,-2.38994955779676,238,True,neutral,tolerant,238,-1.0890484897618327,True
E238S,-1.858774389479,238,True,neutral,tolerant,238,-0.8470034168989866,True
E238T,-1.87005692214734,238,True,neutral,tolerant,238,-0.8521446238014752,True
E238V,-2.7033012203257503,238,True,neutral,tolerant,238,-1.2318360869846594,True
E238W,-3.20886479203789,238,True,neutral,tolerant,238,-1.462210507421915,True
E238Y,-3.07573875765808,238,True,neutral,tolerant,238,-1.4015478435525703,True
K239A,-5.64943787115049,239,True,mild,sensitive,239,-3.7082658512300766,True
K239C,-4.81983561960641,239,True,mild,sensitive,239,-3.1637186290693697,True
K239D,-4.12391972569302,239,True,mild,sensitive,239,-2.7069225365049006,True
K239E,-3.02869074617436,239,True,neutral,sensitive,239,-1.9880191134286644,True
K239F,-6.7946457785764505,239,True,impactful,sensitive,239,-4.459975219936084,True
K239G,-7.04781085480417,239,True,impactful,sensitive,239,-4.626151648159752,True
K239H,-5.902602947378202,239,True,impactful,sensitive,239,-3.8744422794537394,True
K239I,-5.84198018335946,239,True,impactful,sensitive,239,-3.8346497672171016,True
K239K,0.0,239,True,neutral,sensitive,239,0.0,True
K239L,-4.51432258933356,239,True,mild,sensitive,239,-2.9631812370127126,True
K239M,-5.695764970351981,239,True,mild,sensitive,239,-3.7386747527656996,True
K239N,-4.00093395411688,239,True,mild,sensitive,239,-2.6261952239253734,True
K239P,-6.561272184177032,239,True,impactful,sensitive,239,-4.306789832216447,True
K239Q,-3.24315409992405,239,True,neutral,sensitive,239,-2.1287919034280867,True
K239R,-1.44261077571336,239,True,neutral,sensitive,239,-0.9469232865649618,True
K239S,-5.64943787115049,239,True,mild,sensitive,239,-3.7082658512300766,True
K239T,-2.96517786822347,239,True,neutral,sensitive,239,-1.9463295432819863,True
K239V,-5.4909376714304114,239,True,mild,sensitive,239,-3.604227026228286,True
K239W,-6.7946457785764505,239,True,impactful,sensitive,239,-4.459975219936084,True
K239Y,-6.7946457785764505,239,True,impactful,sensitive,239,-4.459975219936084,True
A240A,0.0,240,True,neutral,sensitive,240,0.0,True
A240C,-2.68472419601082,240,True,neutral,sensitive,240,-1.427528728589719,True
A240D,-7.01646536962289,240,True,impactful,sensitive,240,-3.73081372871539,True
A240E,-7.01646536962289,240,True,impactful,sensitive,240,-3.73081372871539,True
A240F,-7.01646536962289,240,True,impactful,sensitive,240,-3.73081372871539,True
A240G,-2.95989728717479,240,True,neutral,sensitive,240,-1.5738445004500405,True
A240H,-7.01646536962289,240,True,impactful,sensitive,240,-3.73081372871539,True
A240I,-2.72919168101683,240,True,neutral,sensitive,240,-1.4511730986253946,True
A240K,-7.01646536962289,240,True,impactful,sensitive,240,-3.73081372871539,True
A240L,-3.7204285764161895,240,True,mild,sensitive,240,-1.9782362312642026,True
A240M,-5.229768084324482,240,True,mild,sensitive,240,-2.780786270458572,True
A240N,-7.01646536962289,240,True,impactful,sensitive,240,-3.73081372871539,True
A240P,-7.01646536962289,240,True,impactful,sensitive,240,-3.73081372871539,True
A240Q,-7.01646536962289,240,True,impactful,sensitive,240,-3.73081372871539,True
A240R,-7.01646536962289,240,True,impactful,sensitive,240,-3.73081372871539,True
A240S,-1.6257213567701498,240,True,neutral,sensitive,240,-0.8644329070820843,True
A240T,-1.6982501939987902,240,True,neutral,sensitive,240,-0.9029981343590371,True
A240V,-2.6462904934918,240,True,neutral,sensitive,240,-1.4070926575126617,True
A240W,-7.01646536962289,240,True,impactful,sensitive,240,-3.73081372871539,True
A240Y,-7.01646536962289,240,True,impactful,sensitive,240,-3.73081372871539,True
K241A,-1.6582891130271995,241,True,neutral,tolerant,241,-0.6338005725653636,True
K241C,-3.15310048390354,241,True,neutral,tolerant,241,-1.2051197082311245,True
K241D,-1.62955959055495,241,True,neutral,tolerant,241,-0.6228201062224343,True
K241E,-1.7070657549487,241,True,neutral,tolerant,241,-0.6524430778648335,True
K241F,-5.590941596691249,241,True,mild,tolerant,241,-2.136866217914017,True
K241G,-2.3846345096065,241,True,neutral,tolerant,241,-0.9114108665820655,True
K241H,-2.5014453266435,241,True,neutral,tolerant,241,-0.956056135093012,True
K241I,-2.38585254737542,241,True,neutral,tolerant,241,-0.9118764024342176,True
K241K,0.0,241,True,neutral,tolerant,241,0.0,True
K241L,-2.1447200572344,241,True,neutral,tolerant,241,-0.8197152050200345,True
K241M,-1.55766021410826,241,True,neutral,tolerant,241,-0.5953400572966971,True
K241N,-1.08660715736158,241,True,neutral,tolerant,241,-0.41530287636767205,True
K241P,-5.590941596691249,241,True,mild,tolerant,241,-2.136866217914017,True
K241Q,-0.9367559097424928,241,True,neutral,tolerant,241,-0.35802950600390376,True
K241R,-0.16643031117120902,241,True,neutral,tolerant,241,-0.06360991318334352,True
K241S,-1.5630693307686103,241,True,neutral,tolerant,241,-0.5974074297527248,True
K241T,-1.50012743173592,241,True,neutral,tolerant,241,-0.5733509420559282,True
K241V,-1.97152349696829,241,True,neutral,tolerant,241,-0.7535192213398284,True
K241W,-5.590941596691249,241,True,mild,tolerant,241,-2.136866217914017,True
K241Y,-5.590941596691249,241,True,mild,tolerant,241,-2.136866217914017,True
E242A,-2.7607118140450098,242,True,neutral,sensitive,242,-1.4958157102688172,True
E242C,-5.54075825200446,242,True,mild,sensitive,242,-3.0021073543371077,True
E242D,-0.281714555936983,242,True,neutral,sensitive,242,-0.1526392781883725,True
E242E,0.0,242,True,neutral,sensitive,242,0.0,True
E242F,-6.8613044789245095,242,True,impactful,sensitive,242,-3.7176089805169914,True
E242G,-4.73890058834899,242,True,mild,sensitive,242,-2.567642849714335,True
E242H,-1.49481730750521,242,True,neutral,sensitive,242,-0.8099256145362995,True
E242I,-5.37032136866635,242,True,mild,sensitive,242,-2.909760820226089,True
E242K,-3.8598082472802298,242,True,mild,sensitive,242,-2.0913308609519303,True
E242L,-6.224154811667019,242,True,impactful,sensitive,242,-3.372386970299316,True
E242M,-6.224154811667019,242,True,impactful,sensitive,242,-3.372386970299316,True
E242N,-3.31328310469944,242,True,neutral,sensitive,242,-1.7952112550697632,True
E242P,-5.197243259330111,242,True,mild,sensitive,242,-2.8159832105054146,True
E242Q,-1.7654123929176295,242,True,neutral,sensitive,242,-0.9565401136746114,True
E242R,-4.71484267399426,242,True,mild,sensitive,242,-2.554607730994218,True
E242S,-3.1823378126768,242,True,neutral,sensitive,242,-1.7242621527416166,True
E242T,-4.69487887523929,242,True,mild,sensitive,242,-2.5437908961248894,True
E242V,-5.42823698363786,242,True,mild,sensitive,242,-2.9411408021218937,True
E242W,-6.8613044789245095,242,True,impactful,sensitive,242,-3.7176089805169914,True
E242Y,-6.8613044789245095,242,True,impactful,sensitive,242,-3.7176089805169914,True
L243A,-6.36594358699267,243,True,impactful,sensitive,243,-3.8841863435365376,True
L243C,-6.36594358699267,243,True,impactful,sensitive,243,-3.8841863435365376,True
L243D,-6.8584107958369005,243,True,impactful,sensitive,243,-4.184665664644684,True
L243E,-6.8584107958369005,243,True,impactful,sensitive,243,-4.184665664644684,True
L243F,-3.11302982592605,243,True,neutral,sensitive,243,-1.8994180158288307,True
L243G,-6.8584107958369005,243,True,impactful,sensitive,243,-4.184665664644684,True
L243H,-6.8584107958369005,243,True,impactful,sensitive,243,-4.184665664644684,True
L243I,-2.46854176783089,243,True,neutral,sensitive,243,-1.5061830335175612,True
L243K,-6.8584107958369005,243,True,impactful,sensitive,243,-4.184665664644684,True
L243L,0.0,243,True,neutral,sensitive,243,0.0,True
L243M,-1.37977270897973,243,True,neutral,sensitive,243,-0.8418695893494809,True
L243N,-6.8584107958369005,243,True,impactful,sensitive,243,-4.184665664644684,True
L243P,-6.8584107958369005,243,True,impactful,sensitive,243,-4.184665664644684,True
L243Q,-6.8584107958369005,243,True,impactful,sensitive,243,-4.184665664644684,True
L243R,-6.8584107958369005,243,True,impactful,sensitive,243,-4.184665664644684,True
L243S,-6.36594358699267,243,True,impactful,sensitive,243,-3.8841863435365376,True
L243T,-4.24231122919984,243,True,mild,sensitive,243,-2.588450104263969,True
L243V,-4.12376291338919,243,True,mild,sensitive,243,-2.516117740172362,True
L243W,-5.50613201297089,243,True,mild,sensitive,243,-3.3595715196392772,True
L243Y,-5.26269261969162,243,True,mild,sensitive,243,-3.211036749587874,True
W244A,-2.25661180482604,244,True,neutral,tolerant,244,-0.9320328234233303,True
W244C,-2.69312220136185,244,True,neutral,tolerant,244,-1.1123217045090479,True
W244D,-4.8738534612515405,244,True,mild,tolerant,244,-2.013014109350557,True
W244E,-4.8738534612515405,244,True,mild,tolerant,244,-2.013014109350557,True
W244F,-1.2900908683768202,244,True,neutral,tolerant,244,-0.5328373413426312,True
W244G,-6.61805601426449,244,True,impactful,tolerant,244,-2.7334100705124107,True
W244H,-2.21643127403767,244,True,neutral,tolerant,244,-0.9154373356760614,True
W244I,-5.76086261635362,244,True,mild,tolerant,244,-2.3793693882975555,True
W244K,-5.99997066775958,244,True,impactful,tolerant,244,-2.4781265390749034,True
W244L,-3.06007691213022,244,True,neutral,tolerant,244,-1.2638824800108408,True
W244M,-5.76086261635362,244,True,mild,tolerant,244,-2.3793693882975555,True
W244N,-2.64412015185502,244,True,neutral,tolerant,244,-1.0920827256746262,True
W244P,-6.61805601426449,244,True,impactful,tolerant,244,-2.7334100705124107,True
W244Q,-2.55000330236462,244,True,neutral,tolerant,244,-1.0532102918893174,True
W244R,-2.52418807110424,244,True,neutral,tolerant,244,-1.0425480048147386,True
W244S,-2.2158344683370497,244,True,neutral,tolerant,244,-0.9151908411301255,True
W244T,-2.31056181724879,244,True,neutral,tolerant,244,-0.9543154252844755,True
W244V,-5.76086261635362,244,True,mild,tolerant,244,-2.3793693882975555,True
W244W,0.0,244,True,neutral,tolerant,244,0.0,True
W244Y,-1.6109374536196102,244,True,neutral,tolerant,244,-0.6653543954899325,True
Q245A,-3.32926631937005,245,True,neutral,tolerant,245,-2.142210313651955,True
Q245C,-4.68143497448581,245,True,mild,tolerant,245,-3.0122607574788582,True
Q245D,-1.1301239804521102,245,True,neutral,tolerant,245,-0.7271762047224853,True
Q245E,-0.519757628894236,245,True,neutral,tolerant,245,-0.3344370940643752,True
Q245F,-5.93318834577706,245,True,impactful,tolerant,245,-3.8176991708996586,True
Q245G,-3.93573725592843,245,True,mild,tolerant,245,-2.5324429266654276,True
Q245H,-2.52389996860523,245,True,neutral,tolerant,245,-1.6239988107635097,True
Q245I,-5.1424657578588215,245,True,mild,tolerant,245,-3.308910170386018,True
Q245K,-1.8598306723788205,245,True,neutral,tolerant,245,-1.1967046387475615,True
Q245L,-2.92256827656427,245,True,neutral,tolerant,245,-1.880521203119801,True
Q245M,-5.1424657578588215,245,True,mild,tolerant,245,-3.308910170386018,True
Q245N,-1.04209910209933,245,True,neutral,tolerant,245,-0.6705367580167125,True
Q245P,-5.93318834577706,245,True,impactful,tolerant,245,-3.8176991708996586,True
Q245Q,0.0,245,True,neutral,tolerant,245,0.0,True
Q245R,-2.44551450864535,245,True,neutral,tolerant,245,-1.5735618301622765,True
Q245S,-2.10718010067907,245,True,neutral,tolerant,245,-1.355861175218627,True
Q245T,-2.38931605135628,245,True,neutral,tolerant,245,-1.5374010357807821,True
Q245V,-2.93336352261904,245,True,neutral,tolerant,245,-1.8874673844157792,True
Q245W,-5.93318834577706,245,True,impactful,tolerant,245,-3.8176991708996586,True
Q245Y,-5.93318834577706,245,True,impactful,tolerant,245,-3.8176991708996586,True
S246A,-1.3400594125213798,246,True,neutral,tolerant,246,-0.8696738249752678,True
S246C,-1.3266881632898302,246,True,neutral,tolerant,246,-0.8609961310198784,True
S246D,-2.4539827142010497,246,True,neutral,tolerant,246,-1.5925894878547908,True
S246E,-2.3928528931337003,246,True,neutral,tolerant,246,-1.552917362267712,True
S246F,-3.51486016454511,246,True,mild,tolerant,246,-2.2810793722956486,True
S246G,-2.93782561407776,246,True,neutral,tolerant,246,-1.9065945994872504,True
S246H,-2.8645666601379003,246,True,neutral,tolerant,246,-1.8590508905358025,True
S246I,-3.05884892959139,246,True,neutral,tolerant,246,-1.9851364975034684,True
S246K,-2.08771710707559,246,True,neutral,tolerant,246,-1.3548898690697133,True
S246L,-1.76982065704996,246,True,neutral,tolerant,246,-1.148580940482983,True
S246M,-2.10357517561546,246,True,neutral,tolerant,246,-1.3651814628564691,True
S246N,-0.805601292167484,246,True,neutral,tolerant,246,-0.5228203694686083,True
S246P,-3.47829514666811,246,True,neutral,tolerant,246,-2.257349350581501,True
S246Q,-2.00908067825217,246,True,neutral,tolerant,246,-1.30385627817199,True
S246R,-1.78427087548056,246,True,neutral,tolerant,246,-1.1579588655338007,True
S246S,0.0,246,True,neutral,tolerant,246,0.0,True
S246T,-0.19266134587850306,246,True,neutral,tolerant,246,-0.1250336574852181,True
S246V,-1.8358188256497296,246,True,neutral,tolerant,246,-1.191412533762515,True
S246W,-0.569173922627695,246,True,neutral,tolerant,246,-0.3693833704256804,True
S246Y,-1.69572294321095,246,True,neutral,tolerant,246,-1.10049289183815,True
I247A,-4.32148657648268,247,True,mild,sensitive,247,-2.0962331424732845,True
I247C,-4.25918754154926,247,True,mild,sensitive,247,-2.066013610499677,True
I247D,-5.99590557209734,247,True,impactful,sensitive,247,-2.908447303242724,True
I247E,-5.99590557209734,247,True,impactful,sensitive,247,-2.908447303242724,True
I247F,-4.46494070183165,247,True,mild,sensitive,247,-2.165818755354161,True
I247G,-6.71930169561692,247,True,impactful,sensitive,247,-3.259346676044356,True
I247H,-5.99590557209734,247,True,impactful,sensitive,247,-2.908447303242724,True
I247I,0.0,247,True,neutral,sensitive,247,0.0,True
I247K,-4.1490367273777,247,True,mild,sensitive,247,-2.012582509129746,True
I247L,-1.05625423694261,247,True,neutral,sensitive,247,-0.5123596010702088,True
I247M,-1.0402760743323,247,True,neutral,sensitive,247,-0.5046090380575106,True
I247N,-5.99590557209734,247,True,impactful,sensitive,247,-2.908447303242724,True
I247P,-6.71930169561692,247,True,impactful,sensitive,247,-3.259346676044356,True
I247Q,-3.49085193322117,247,True,mild,sensitive,247,-1.6933153414631419,True
I247R,-6.47816965444373,247,True,impactful,sensitive,247,-3.1423802184438134,True
I247S,-5.885121888115831,247,True,impactful,sensitive,247,-2.854709214301039,True
I247T,-5.885121888115831,247,True,impactful,sensitive,247,-2.854709214301039,True
I247V,-0.918949037084642,247,True,neutral,sensitive,247,-0.44575666120629415,True
I247W,-6.23703761327053,247,True,impactful,sensitive,247,-3.0254137608432665,True
I247Y,-6.23703761327053,247,True,impactful,sensitive,247,-3.0254137608432665,True
Y248A,-2.1274146340905498,248,True,neutral,tolerant,248,-1.060028868042671,True
Y248C,-1.61273168629026,248,True,neutral,tolerant,248,-0.8035773170309256,True
Y248D,-3.6338694475102096,248,True,mild,tolerant,248,-1.8106515087999246,True
Y248E,-2.9052681959004105,248,True,neutral,tolerant,248,-1.4476106856232165,True
Y248F,-1.0183025673948,248,True,neutral,tolerant,248,-0.5073905671904443,True
Y248G,-4.06705054055643,248,True,mild,tolerant,248,-2.026493054853578,True
Y248H,-0.286864939025625,248,True,neutral,tolerant,248,-0.1429364599282531,True
Y248I,-1.68645302286724,248,True,neutral,tolerant,248,-0.8403105159617,True
Y248K,-1.49623614342178,248,True,neutral,tolerant,248,-0.7455309745549176,True
Y248L,-1.20308712323496,248,True,neutral,tolerant,248,-0.5994633396628157,True
Y248M,-1.13414105449776,248,True,neutral,tolerant,248,-0.5651095178791607,True
Y248N,-1.30131979838315,248,True,neutral,tolerant,248,-0.6484098260569237,True
Y248P,-5.4184841915801,248,True,mild,tolerant,248,-2.6998731568673073,True
Y248Q,-1.19254028730875,248,True,neutral,tolerant,248,-0.5942081579182041,True
Y248R,-1.00383683770268,248,True,neutral,tolerant,248,-0.5001827146048554,True
Y248S,-1.74235644195276,248,True,neutral,tolerant,248,-0.8681655645748593,True
Y248T,-1.66763950687328,248,True,neutral,tolerant,248,-0.8309362878524225,True
Y248V,-1.4464649644903,248,True,neutral,tolerant,248,-0.7207314429457727,True
Y248W,-1.06951819438698,248,True,neutral,tolerant,248,-0.5329098252780078,True
Y248Y,0.0,248,True,neutral,tolerant,248,0.0,True
N249A,-1.6768351963495702,249,True,neutral,tolerant,249,-1.015127684017419,True
N249C,-3.89400975860187,249,True,mild,tolerant,249,-2.3573676866970295,True
N249D,-0.100537986093564,249,True,neutral,tolerant,249,-0.06086399736904071,True
N249E,-0.837364341230954,249,True,neutral,tolerant,249,-0.5069262180583094,True
N249F,-3.78087424782313,249,True,mild,tolerant,249,-2.2888773608218513,True
N249G,-2.02530145018341,249,True,neutral,tolerant,249,-1.2260832638994792,True
N249H,-1.16624028804801,249,True,neutral,tolerant,249,-0.7060221572109582,True
N249I,-4.53592824989074,249,True,mild,tolerant,249,-2.745974290857419,True
N249K,-1.45776169960128,249,True,neutral,tolerant,249,-0.8825042921254659,True
N249L,-2.38755784266799,249,True,neutral,tolerant,249,-1.445387160623457,True
N249M,-2.42143552692382,249,True,neutral,tolerant,249,-1.4658961380312312,True
N249N,0.0,249,True,neutral,tolerant,249,0.0,True
N249P,-5.62545805645198,249,True,mild,tolerant,249,-3.4055572192276125,True
N249Q,-0.8956637052547141,249,True,neutral,tolerant,249,-0.54221966759346,True
N249R,-1.74064072008953,249,True,neutral,tolerant,249,-1.0537544695731302,True
N249S,-0.9220544314036532,249,True,neutral,tolerant,249,-0.5581961671167475,True
N249T,-1.63879063010445,249,True,neutral,tolerant,249,-0.9920961466868983,True
N249V,-3.51755798760471,249,True,mild,tolerant,249,-2.1294701477686204,True
N249W,-5.14339921291972,249,True,mild,tolerant,249,-3.1137269436821535,True
N249Y,-5.14339921291972,249,True,mild,tolerant,249,-3.1137269436821535,True
L250A,-6.474350448508309,250,True,impactful,sensitive,250,-3.0041838021929603,True
L250C,-6.474350448508309,250,True,impactful,sensitive,250,-3.0041838021929603,True
L250D,-7.255388691563259,250,True,impactful,sensitive,250,-3.3665958244244005,True
L250E,-7.255388691563259,250,True,impactful,sensitive,250,-3.3665958244244005,True
L250F,-6.35473922710019,250,True,impactful,sensitive,250,-2.9486826215304927,True
L250G,-7.255388691563259,250,True,impactful,sensitive,250,-3.3665958244244005,True
L250H,-7.255388691563259,250,True,impactful,sensitive,250,-3.3665958244244005,True
L250I,-2.6718797293112595,250,True,neutral,sensitive,250,-1.2397873528847942,True
L250K,-7.255388691563259,250,True,impactful,sensitive,250,-3.3665958244244005,True
L250L,0.0,250,True,neutral,sensitive,250,0.0,True
L250M,-4.360109644941391,250,True,mild,sensitive,250,-2.023148248661167,True
L250N,-7.255388691563259,250,True,impactful,sensitive,250,-3.3665958244244005,True
L250P,-5.29488551838589,250,True,mild,sensitive,250,-2.456896554381899,True
L250Q,-7.255388691563259,250,True,impactful,sensitive,250,-3.3665958244244005,True
L250R,-7.255388691563259,250,True,impactful,sensitive,250,-3.3665958244244005,True
L250S,-4.6452150359988496,250,True,mild,sensitive,250,-2.1554409017303326,True
L250T,-6.474350448508309,250,True,impactful,sensitive,250,-3.0041838021929603,True
L250V,-2.86280276173119,250,True,neutral,sensitive,250,-1.3283781522280191,True
L250W,-6.35473922710019,250,True,impactful,sensitive,250,-2.9486826215304927,True
L250Y,-4.100018421053201,250,True,mild,sensitive,250,-1.902462498312656,True
E251A,-4.28809264733515,251,True,mild,sensitive,251,-2.5740378274303493,True
E251C,-6.7795176928100505,251,True,impactful,sensitive,251,-4.069579747506439,True
E251D,-3.8310281673138,251,True,mild,sensitive,251,-2.299673125473437,True
E251E,0.0,251,True,neutral,sensitive,251,0.0,True
E251F,-6.672465440009298,251,True,impactful,sensitive,251,-4.005318881223147,True
E251G,-7.188333297669232,251,True,impactful,sensitive,251,-4.314981822017425,True
E251H,-1.42737567699128,251,True,neutral,sensitive,251,-0.8568189376255321,True
E251I,-5.082643935157269,251,True,mild,sensitive,251,-3.050987660116132,True
E251K,-4.93323728937014,251,True,mild,sensitive,251,-2.961302480817463,True
E251L,-4.60234335968034,251,True,mild,sensitive,251,-2.7626748946299453,True
E251M,-6.41453151117933,251,True,impactful,sensitive,251,-3.850487410826007,True
E251N,-3.0595211445488,251,True,neutral,sensitive,251,-1.8365562051896795,True
E251P,-7.188333297669232,251,True,impactful,sensitive,251,-4.314981822017425,True
E251Q,-1.56829781175431,251,True,neutral,sensitive,251,-0.9414110711065338,True
E251R,-5.76245008215496,251,True,mild,sensitive,251,-3.4590587727538638,True
E251S,-6.7795176928100505,251,True,impactful,sensitive,251,-4.069579747506439,True
E251T,-6.7795176928100505,251,True,impactful,sensitive,251,-4.069579747506439,True
E251V,-5.2336337408733895,251,True,mild,sensitive,251,-3.1416231718537766,True
E251W,-6.672465440009298,251,True,impactful,sensitive,251,-4.005318881223147,True
E251Y,-3.99456790504932,251,True,mild,sensitive,251,-2.397842056473767,True
A252A,0.0,252,True,neutral,sensitive,252,0.0,True
A252C,-4.01743010096197,252,True,mild,sensitive,252,-2.667057363959875,True
A252D,-2.5377963331507503,252,True,neutral,sensitive,252,-1.6847706689257338,True
A252E,-2.60789222276373,252,True,neutral,sensitive,252,-1.7313053325981274,True
A252F,-5.2423857802027305,252,True,mild,sensitive,252,-3.4802705332596355,True
A252G,-2.62820583235026,252,True,neutral,sensitive,252,-1.744790959149138,True
A252H,-5.07821434912442,252,True,mild,sensitive,252,-3.3712817983705343,True
A252I,-2.8465895966967403,252,True,neutral,sensitive,252,-1.8897697172686863,True
A252K,-4.83496601336696,252,True,mild,sensitive,252,-3.2097961598282296,True
A252L,-5.38119656974785,252,True,mild,sensitive,252,-3.572423060907782,True
A252M,-3.43495214972717,252,True,neutral,sensitive,252,-2.280366850336987,True
A252N,-2.57893775954737,252,True,neutral,sensitive,252,-1.712083289550706,True
A252P,-6.6578439712275985,252,True,impactful,sensitive,252,-4.41995289160266,True
A252Q,-3.00934066827501,252,True,neutral,sensitive,252,-1.9978155159600555,True
A252R,-6.27763623036534,252,True,impactful,sensitive,252,-4.167543806785372,True
A252S,-1.2119897095421002,252,True,neutral,sensitive,252,-0.8046054314930935,True
A252T,-1.3274916002718,252,True,neutral,sensitive,252,-0.8812838454244702,True
A252V,-4.545293129430308,252,True,mild,sensitive,252,-3.017490586656528,True
A252W,-6.27763623036534,252,True,impactful,sensitive,252,-4.167543806785372,True
A252Y,-6.27763623036534,252,True,impactful,sensitive,252,-4.167543806785372,True
E253A,-4.459766779320638,253,True,mild,sensitive,253,-2.3083082229766183,True
E253C,-5.7332614788513485,253,True,mild,sensitive,253,-2.9674499297749435,True
E253D,-1.3844019898121005,253,True,neutral,sensitive,253,-0.716545652522946,True
E253E,0.0,253,True,neutral,sensitive,253,0.0,True
E253F,-6.720919650589348,253,True,impactful,sensitive,253,-3.478646947942823,True
E253G,-6.720919650589348,253,True,impactful,sensitive,253,-3.478646947942823,True
E253H,-4.04668323276509,253,True,mild,sensitive,253,-2.0945023908618348,True
E253I,-2.7035428570413305,253,True,neutral,sensitive,253,-1.3993131293356202,True
E253K,-3.898580134662661,253,True,mild,sensitive,253,-2.017846454326466,True
E253L,-2.78296136906057,253,True,neutral,sensitive,253,-1.4404189569319465,True
E253M,-2.71384262430123,253,True,neutral,sensitive,253,-1.40464413399062,True
E253N,-1.55044867503731,253,True,neutral,sensitive,253,-0.8024889199333884,True
E253P,-6.720919650589348,253,True,impactful,sensitive,253,-3.478646947942823,True
E253Q,-1.67466375274448,253,True,neutral,sensitive,253,-0.8667807763189409,True
E253R,-5.99602632915976,253,True,impactful,sensitive,253,-3.1034530650708487,True
E253S,-4.10955494718717,253,True,mild,sensitive,253,-2.1270438448378726,True
E253T,-3.51314101318926,253,True,mild,sensitive,253,-1.818348960941965,True
E253V,-5.21122600816553,253,True,mild,sensitive,253,-2.697252220052305,True
E253W,-6.720919650589348,253,True,impactful,sensitive,253,-3.478646947942823,True
E253Y,-6.720919650589348,253,True,impactful,sensitive,253,-3.478646947942823,True
K254A,-6.53235678263195,254,True,impactful,sensitive,254,-3.79903836379953,True
K254C,-6.53235678263195,254,True,impactful,sensitive,254,-3.79903836379953,True
K254D,-6.42509739873903,254,True,impactful,sensitive,254,-3.7366592672734327,True
K254E,-5.2558929843198205,254,True,mild,sensitive,254,-3.0566822584682467,True
K254F,-4.693920801874491,254,True,mild,sensitive,254,-2.729854751713822,True
K254G,-7.2003963831389415,254,True,impactful,sensitive,254,-4.187551752659595,True
K254H,-6.42509739873903,254,True,impactful,sensitive,254,-3.7366592672734327,True
K254I,-5.71561863935359,254,True,mild,sensitive,254,-3.3240460076345113,True
K254K,0.0,254,True,neutral,sensitive,254,0.0,True
K254L,-4.95466650360728,254,True,mild,sensitive,254,-2.8814972533469887,True
K254M,-6.34190055706704,254,True,impactful,sensitive,254,-3.688274281000301,True
K254N,-4.68250408560266,254,True,mild,sensitive,254,-2.7232151047152655,True
K254P,-7.2003963831389415,254,True,impactful,sensitive,254,-4.187551752659595,True
K254Q,-6.42509739873903,254,True,impactful,sensitive,254,-3.7366592672734327,True
K254R,-1.6183419950560098,254,True,neutral,sensitive,254,-0.9411830262107184,True
K254S,-3.9239462269747,254,True,mild,sensitive,254,-2.282058795900159,True
K254T,-6.53235678263195,254,True,impactful,sensitive,254,-3.79903836379953,True
K254V,-6.34190055706704,254,True,impactful,sensitive,254,-3.688274281000301,True
K254W,-6.00489610658913,254,True,impactful,sensitive,254,-3.4922817963979953,True
K254Y,-6.683530393539,254,True,impactful,sensitive,254,-3.886956762402153,True
F255A,-5.21422930368051,255,True,mild,sensitive,255,-2.7741997612701446,True
F255C,-4.81726449261854,255,True,mild,sensitive,255,-2.5629969890208635,True
F255D,-6.48396530426586,255,True,impactful,sensitive,255,-3.449755266129434,True
F255E,-6.48396530426586,255,True,impactful,sensitive,255,-3.449755266129434,True
F255F,0.0,255,True,neutral,sensitive,255,0.0,True
F255G,-6.9853602487957085,255,True,impactful,sensitive,255,-3.716519471231602,True
F255H,-5.80469211928712,255,True,impactful,sensitive,255,-3.0883519986752996,True
F255I,-3.99459008662705,255,True,mild,sensitive,255,-2.1252979528289386,True
F255K,-6.9853602487957085,255,True,impactful,sensitive,255,-3.716519471231602,True
F255L,-3.98854404502209,255,True,mild,sensitive,255,-2.12208119226851,True
F255M,-6.057669365189018,255,True,impactful,sensitive,255,-3.2229470412624077,True
F255N,-6.48396530426586,255,True,impactful,sensitive,255,-3.449755266129434,True
F255P,-6.9853602487957085,255,True,impactful,sensitive,255,-3.716519471231602,True
F255Q,-6.48396530426586,255,True,impactful,sensitive,255,-3.449755266129434,True
F255R,-6.9853602487957085,255,True,impactful,sensitive,255,-3.716519471231602,True
F255S,-5.75482604767206,255,True,mild,sensitive,255,-3.0618210511635873,True
F255T,-6.28156346608538,255,True,impactful,sensitive,255,-3.342068569120428,True
F255V,-4.71195857113439,255,True,mild,sensitive,255,-2.5069695983505964,True
F255W,-4.198520916886049,255,True,mild,sensitive,255,-2.233798141000717,True
F255Y,-1.3526207829155,255,True,neutral,sensitive,255,-0.7196538614833304,True
D256A,-4.42957305795026,256,True,mild,sensitive,256,-2.517297450269198,True
D256C,-6.24445947742665,256,True,impactful,sensitive,256,-3.548685553932215,True
D256D,0.0,256,True,neutral,sensitive,256,0.0,True
D256E,-1.01244121790818,256,True,neutral,sensitive,256,-0.5753637343927338,True
D256F,-6.88282754112322,256,True,impactful,sensitive,256,-3.9114659569312042,True
D256G,-6.88282754112322,256,True,impactful,sensitive,256,-3.9114659569312042,True
D256H,-4.135835634450791,256,True,mild,sensitive,256,-2.3503683901656,True
D256I,-6.49141395491654,256,True,impactful,sensitive,256,-3.6890281712420485,True
D256K,-5.92103607286473,256,True,impactful,sensitive,256,-3.3648861445963987,True
D256L,-6.161235026264159,256,True,impactful,sensitive,256,-3.501389641669209,True
D256M,-6.49141395491654,256,True,impactful,sensitive,256,-3.6890281712420485,True
D256N,-1.8265317644676105,256,True,neutral,sensitive,256,-1.03800607719464,True
D256P,-6.88282754112322,256,True,impactful,sensitive,256,-3.9114659569312042,True
D256Q,-1.6755419983082198,256,True,neutral,sensitive,256,-0.9521995788262266,True
D256R,-4.53991094955875,256,True,mild,sensitive,256,-2.5800017537269806,True
D256S,-6.24445947742665,256,True,impactful,sensitive,256,-3.548685553932215,True
D256T,-3.97542757981881,256,True,mild,sensitive,256,-2.2592095399457146,True
D256V,-6.49141395491654,256,True,impactful,sensitive,256,-3.6890281712420485,True
D256W,-6.88282754112322,256,True,impactful,sensitive,256,-3.9114659569312042,True
D256Y,-6.88282754112322,256,True,impactful,sensitive,256,-3.9114659569312042,True
L257A,-3.42536875070065,257,True,neutral,tolerant,257,-1.465936413939693,True
L257C,-3.07094698156698,257,True,neutral,tolerant,257,-1.314256459143673,True
L257D,-4.54801914141316,257,True,mild,tolerant,257,-1.9463909890952766,True
L257E,-2.2612885846522004,257,True,neutral,tolerant,257,-0.9677513634086128,True
L257F,-1.58530546733386,257,True,neutral,tolerant,257,-0.6784545492531363,True
L257G,-6.41535575585167,257,True,impactful,tolerant,257,-2.7455448727839595,True
L257H,-2.02892747288853,257,True,neutral,tolerant,257,-0.8683090435567133,True
L257I,-2.7063647131564394,257,True,neutral,tolerant,257,-1.158228170793572,True
L257K,-6.41535575585167,257,True,impactful,tolerant,257,-2.7455448727839595,True
L257L,0.0,257,True,neutral,tolerant,257,0.0,True
L257M,-1.32168781636224,257,True,neutral,tolerant,257,-0.5656355385006456,True
L257N,-2.2730267462187,257,True,neutral,tolerant,257,-0.9727748805027999,True
L257P,-4.52280622417396,257,True,mild,tolerant,257,-1.935600754182603,True
L257Q,-2.59806122710568,257,True,neutral,tolerant,257,-1.1118781175545032,True
L257R,-6.41535575585167,257,True,impactful,tolerant,257,-2.7455448727839595,True
L257S,-3.3064454526203,257,True,neutral,tolerant,257,-1.4150414575686074,True
L257T,-5.34866062359257,257,True,mild,tolerant,257,-2.289037164925943,True
L257V,-2.68338311155511,257,True,neutral,tolerant,257,-1.1483928598854685,True
L257W,-3.58062216086777,257,True,mild,tolerant,257,-1.5323793705719515,True
L257Y,-1.72920075209367,257,True,neutral,tolerant,257,-0.7400366307970516,True
Q258A,-1.71039372899426,258,True,neutral,tolerant,258,-1.0574424457710578,True
Q258C,-1.68443852907645,258,True,neutral,tolerant,258,-1.0413957720629494,True
Q258D,-2.58156050499126,258,True,neutral,tolerant,258,-1.5960369872901274,True
Q258E,-1.7116821840323302,258,True,neutral,tolerant,258,-1.0582390267124089,True
Q258F,-6.068026516569611,258,True,impactful,tolerant,258,-3.751527319068261,True
Q258G,-1.87531256906413,258,True,neutral,tolerant,258,-1.1594027012613273,True
Q258H,-1.54118834721484,258,True,neutral,tolerant,258,-0.9528320571141337,True
Q258I,-1.68468038226673,258,True,neutral,tolerant,258,-1.0415452965991494,True
Q258K,-3.23489871838727,258,True,neutral,tolerant,258,-1.9999600995991347,True
Q258L,-1.507058989559,258,True,neutral,tolerant,258,-0.9317317508978521,True
Q258M,-1.58366548920726,258,True,neutral,tolerant,258,-0.9790933396226009,True
Q258N,-1.41160736312256,258,True,neutral,tolerant,258,-0.8727192559379193,True
Q258P,-6.30255979658388,258,True,impactful,tolerant,258,-3.89652635702593,True
Q258Q,0.0,258,True,neutral,tolerant,258,0.0,True
Q258R,-3.80309974838423,258,True,mild,tolerant,258,-2.3512475702348716,True
Q258S,-1.56790065177394,258,True,neutral,tolerant,258,-0.9693468070143018,True
Q258T,-1.63872351887079,258,True,neutral,tolerant,258,-1.013132693579408,True
Q258V,-1.95481639361291,258,True,neutral,tolerant,258,-1.208555546745887,True
Q258W,-6.068026516569611,258,True,impactful,tolerant,258,-3.751527319068261,True
Q258Y,-6.068026516569611,258,True,impactful,tolerant,258,-3.751527319068261,True
E259A,-2.43099914261602,259,True,neutral,tolerant,259,-1.6404669499724673,True
E259C,-2.57489857136071,259,True,neutral,tolerant,259,-1.7375719850328886,True
E259D,-0.7822374020459899,259,True,neutral,tolerant,259,-0.5278630430563919,True
E259E,0.0,259,True,neutral,tolerant,259,0.0,True
E259F,-2.16666477822466,259,True,neutral,tolerant,259,-1.4620909970877742,True
E259G,-6.5672948773126505,259,True,impactful,tolerant,259,-4.431688192765675,True
E259H,-1.46275185657126,259,True,neutral,tolerant,259,-0.9870822390063834,True
E259I,-3.22169992444011,259,True,neutral,tolerant,259,-2.1740411817198178,True
E259K,-3.08968325039202,259,True,neutral,tolerant,259,-2.0849547699541073,True
E259L,-3.719801370736661,259,True,mild,tolerant,259,-2.510165924036127,True
E259M,-4.35627387729452,259,True,mild,tolerant,259,-2.9396650930283155,True
E259N,-3.97703291894814,259,True,mild,tolerant,259,-2.683748812624514,True
E259P,-6.5672948773126505,259,True,impactful,tolerant,259,-4.431688192765675,True
E259Q,-1.33779114790375,259,True,neutral,tolerant,259,-0.902757276063948,True
E259R,-3.9119779686093503,259,True,mild,tolerant,259,-2.6398489633435958,True
E259S,-2.84584627166894,259,True,neutral,tolerant,259,-1.9204106951479347,True
E259T,-3.18990711638322,259,True,neutral,tolerant,259,-2.152587019128867,True
E259V,-3.2473657050718,259,True,neutral,tolerant,259,-2.191360753797586,True
E259W,-4.767866000863871,259,True,mild,tolerant,259,-3.217412322037171,True
E259Y,-1.81532021272591,259,True,neutral,tolerant,259,-1.2249995322455036,True
K260A,-2.65189846289118,260,True,neutral,tolerant,260,-1.2762464625116656,True
K260C,-2.7293140321457003,260,True,neutral,tolerant,260,-1.3135032986186905,True
K260D,-3.8716457175851,260,True,mild,tolerant,260,-1.8632591783998413,True
K260E,-1.68730244690299,260,True,neutral,tolerant,260,-0.8120272360275443,True
K260F,-4.82775961797587,260,True,mild,tolerant,260,-2.3233963217358693,True
K260G,-5.285671052963731,260,True,mild,tolerant,260,-2.543769709791519,True
K260H,-1.93445709700688,260,True,neutral,tolerant,260,-0.9309723058717745,True
K260I,-4.89272892258641,260,True,mild,tolerant,260,-2.3546632975802786,True
K260K,0.0,260,True,neutral,tolerant,260,0.0,True
K260L,-2.49113594475888,260,True,neutral,tolerant,260,-1.1988782683889048,True
K260M,-2.75458067332109,260,True,neutral,tolerant,260,-1.3256630633573776,True
K260N,-1.79602661847604,260,True,neutral,tolerant,260,-0.8643515769860355,True
K260P,-6.25414660862995,260,True,impactful,tolerant,260,-3.0098559944830123,True
K260Q,-1.6299356059782202,260,True,neutral,tolerant,260,-0.7844190041060678,True
K260R,-0.259278796026591,260,True,neutral,tolerant,260,-0.12477990800313646,True
K260S,-2.66558971422489,260,True,neutral,tolerant,260,-1.2828354821617451,True
K260T,-2.46566103215526,260,True,neutral,tolerant,260,-1.1866182714289466,True
K260V,-3.01460555582237,260,True,neutral,tolerant,260,-1.4508020311953358,True
K260W,-5.535038948959349,260,True,mild,tolerant,260,-2.663779921186043,True
K260Y,-3.2298166936481403,260,True,neutral,tolerant,260,-1.5543740409033564,True
F261A,-1.99501235090113,261,True,neutral,tolerant,261,-0.8616130114202674,True
F261C,-1.94248381205092,261,True,neutral,tolerant,261,-0.8389267997164689,True
F261D,-3.71818457123252,261,True,mild,tolerant,261,-1.6058227428962895,True
F261E,-3.04047444072147,261,True,neutral,tolerant,261,-1.3131308875521885,True
F261F,0.0,261,True,neutral,tolerant,261,0.0,True
F261G,-4.355287440064069,261,True,mild,tolerant,261,-1.880976990011849,True
F261H,-1.15424681081023,261,True,neutral,tolerant,261,-0.49850020734720185,True
F261I,-0.666244015384337,261,True,neutral,tolerant,261,-0.28773982886709376,True
F261K,-3.36526614411985,261,True,neutral,tolerant,261,-1.4534030806155513,True
F261L,-0.6891064791085949,261,True,neutral,tolerant,261,-0.29761375080499397,True
F261M,-0.5639235406088311,261,True,neutral,tolerant,261,-0.24354929923881666,True
F261N,-2.04689547114326,261,True,neutral,tolerant,261,-0.8840204774459838,True
F261P,-4.793993782637161,261,True,mild,tolerant,261,-2.0704470415545555,True
F261Q,-1.33801753182687,261,True,neutral,tolerant,261,-0.577867758267125,True
F261R,-3.30954048392492,261,True,neutral,tolerant,261,-1.429336084803596,True
F261S,-3.06416346252846,261,True,neutral,tolerant,261,-1.3233617863270768,True
F261T,-2.03332774305161,261,True,neutral,tolerant,261,-0.8781607989062004,True
F261V,-1.90071821054461,261,True,neutral,tolerant,261,-0.8208889235743105,True
F261W,-3.85723437918297,261,True,mild,tolerant,261,-1.6658760672335955,True
F261Y,-1.31837251076429,261,True,neutral,tolerant,261,-0.5693833968798391,True
K262A,-1.83841677103316,262,True,neutral,tolerant,262,-0.8598848675051106,True
K262C,-4.71717000219726,262,True,mild,tolerant,262,-2.206367547473439,True
K262D,-3.1051988333427696,262,True,neutral,tolerant,262,-1.452398351373509,True
K262E,-2.9851091346056005,262,True,neutral,tolerant,262,-1.3962286534495139,True
K262F,-6.574951074262871,262,True,impactful,tolerant,262,-3.075309702580567,True
K262G,-3.26365457020983,262,True,neutral,tolerant,262,-1.5265130420400788,True
K262H,-5.06993845595913,262,True,mild,tolerant,262,-2.3713683568125186,True
K262I,-2.35475962550991,262,True,neutral,tolerant,262,-1.1013945262531826,True
K262K,0.0,262,True,neutral,tolerant,262,0.0,True
K262L,-3.8454171399130295,262,True,mild,tolerant,262,-1.798621542164094,True
K262M,-2.22935418743535,262,True,neutral,tolerant,262,-1.0427384912331352,True
K262N,-2.55818475614024,262,True,neutral,tolerant,262,-1.1965428050631979,True
K262P,-6.574951074262871,262,True,impactful,tolerant,262,-3.075309702580567,True
K262Q,-2.4165221231554903,262,True,neutral,tolerant,262,-1.1302827728910265,True
K262R,-1.33710504884082,262,True,neutral,tolerant,262,-0.6254057381758755,True
K262S,-1.89388283615455,262,True,neutral,tolerant,262,-0.8858280762537628,True
K262T,-1.8490954615577504,262,True,neutral,tolerant,262,-0.864879624151997,True
K262V,-2.62758866077345,262,True,neutral,tolerant,262,-1.229005176099079,True
K262W,-6.574951074262871,262,True,impactful,tolerant,262,-3.075309702580567,True
K262Y,-6.574951074262871,262,True,impactful,tolerant,262,-3.075309702580567,True
Q263A,-3.18243565818797,263,True,neutral,tolerant,263,-1.8486845469426585,True
Q263C,-1.84935187349404,263,True,neutral,tolerant,263,-1.0742929622446906,True
Q263D,-2.48042344346238,263,True,neutral,tolerant,263,-1.4408839588022102,True
Q263E,-2.62974699997788,263,True,neutral,tolerant,263,-1.5276263728128372,True
Q263F,-4.02844089203352,263,True,mild,tolerant,263,-2.340131027068322,True
Q263G,-2.49351032689078,263,True,neutral,tolerant,263,-1.448486160939267,True
Q263H,-1.26268162713796,263,True,neutral,tolerant,263,-0.7334948016285969,True
Q263I,-2.2032224424171805,263,True,neutral,tolerant,263,-1.2798572289417605,True
Q263K,-0.5000554981396921,263,True,neutral,tolerant,263,-0.29048344454226194,True
Q263L,-1.87928255997376,263,True,neutral,tolerant,263,-1.091679770185986,True
Q263M,-2.31036325125158,263,True,neutral,tolerant,263,-1.3420955831185328,True
Q263N,-2.8472372043699403,263,True,neutral,tolerant,263,-1.6539669569300774,True
Q263P,-4.99710068989775,263,True,mild,tolerant,263,-2.9028278391621845,True
Q263Q,0.0,263,True,neutral,tolerant,263,0.0,True
Q263R,-0.12388299612085,263,True,neutral,tolerant,263,-0.07196393113819417,True
Q263S,-1.56361623409105,263,True,neutral,tolerant,263,-0.9083084403845201,True
Q263T,-1.6909814756350905,263,True,neutral,tolerant,263,-0.9822952162850117,True
Q263V,-3.35767512656301,263,True,neutral,tolerant,263,-1.9504815766377828,True
Q263W,-5.20016305222,263,True,mild,tolerant,263,-3.020787255034416,True
Q263Y,-3.6467041795448,263,True,mild,tolerant,263,-2.118379250386556,True
Q264A,-4.7446131670341,264,True,mild,sensitive,264,-2.521182283637933,True
Q264C,-6.2208960073486,264,True,impactful,sensitive,264,-3.305646266602902,True
Q264D,-2.6876724984443903,264,True,neutral,sensitive,264,-1.4281695996587864,True
Q264E,-1.8102923930075496,264,True,neutral,sensitive,264,-0.961949256720585,True
Q264F,-7.022091977228482,264,True,impactful,sensitive,264,-3.731384048350442,True
Q264G,-5.14250367835007,264,True,mild,sensitive,264,-2.732612483032786,True
Q264H,-1.8907216891236,264,True,neutral,sensitive,264,-1.0046876021482298,True
Q264I,-6.08680884352371,264,True,impactful,sensitive,264,-3.2343953194767123,True
Q264K,-2.4706014213101803,264,True,neutral,sensitive,264,-1.3128228401456015,True
Q264L,-4.28019233260556,264,True,mild,sensitive,264,-2.274399345031051,True
Q264M,-6.08680884352371,264,True,impactful,sensitive,264,-3.2343953194767123,True
Q264N,-2.92776649135015,264,True,neutral,sensitive,264,-1.555750226363552,True
Q264P,-7.022091977228482,264,True,impactful,sensitive,264,-3.731384048350442,True
Q264Q,0.0,264,True,neutral,sensitive,264,0.0,True
Q264R,-4.38986456249459,264,True,mild,sensitive,264,-2.332676737363993,True
Q264S,-4.34299748886734,264,True,mild,sensitive,264,-2.3077726131382366,True
Q264T,-4.864171875673981,264,True,mild,sensitive,264,-2.584713131668253,True
Q264V,-4.99603872058307,264,True,mild,sensitive,264,-2.6547842505307946,True
Q264W,-7.022091977228482,264,True,impactful,sensitive,264,-3.731384048350442,True
Q264Y,-7.022091977228482,264,True,impactful,sensitive,264,-3.731384048350442,True
K265A,-5.91903744829987,265,True,impactful,sensitive,265,-3.2708868022036133,True
K265C,-5.91903744829987,265,True,impactful,sensitive,265,-3.2708868022036133,True
K265D,-3.0790502055920204,265,True,neutral,sensitive,265,-1.7014970371045763,True
K265E,-3.12637454750597,265,True,neutral,sensitive,265,-1.7276486819862573,True
K265F,-4.5950845699556515,265,True,mild,sensitive,265,-2.5392644676026648,True
K265G,-5.00317094537418,265,True,mild,sensitive,265,-2.764774840053336,True
K265H,-4.44442203212844,265,True,mild,sensitive,265,-2.456007669369858,True
K265I,-6.16527105272199,265,True,impactful,sensitive,265,-3.4069566030788674,True
K265K,0.0,265,True,neutral,sensitive,265,0.0,True
K265L,-6.16527105272199,265,True,impactful,sensitive,265,-3.4069566030788674,True
K265M,-6.16527105272199,265,True,impactful,sensitive,265,-3.4069566030788674,True
K265N,-3.1466702907019,265,True,neutral,sensitive,265,-1.738864201256126,True
K265P,-4.45849127379466,265,True,mild,sensitive,265,-2.463782395798776,True
K265Q,-3.17102368013438,265,True,neutral,sensitive,265,-1.7523219941454922,True
K265R,-1.34755541102877,265,True,neutral,sensitive,265,-0.7446652006633437,True
K265S,-5.30438725544721,265,True,mild,sensitive,265,-2.9312283321678922,True
K265T,-3.74034655879266,265,True,mild,sensitive,265,-2.0669323858284874,True
K265V,-4.78777217599144,265,True,mild,sensitive,265,-2.645744508155829,True
K265W,-6.49077417231296,265,True,impactful,sensitive,265,-3.586831095721589,True
K265Y,-6.49077417231296,265,True,impactful,sensitive,265,-3.586831095721589,True
Y266A,-6.39145989431089,266,True,impactful,sensitive,266,-2.746796152458923,True
Y266C,-3.95185973501886,266,True,mild,sensitive,266,-1.6983526916705303,True
Y266D,-4.15796848120494,266,True,mild,sensitive,266,-1.7869300621576683,True
Y266E,-6.070269045823362,266,True,impactful,sensitive,266,-2.608761055404515,True
Y266F,-2.82668701039846,266,True,neutral,sensitive,266,-1.214798048139084,True
Y266G,-7.163598127567449,266,True,impactful,sensitive,266,-3.0786305632737965,True
Y266H,-4.23055633511108,266,True,mild,sensitive,266,-1.8181254449218016,True
Y266I,-6.033106055991981,266,True,impactful,sensitive,266,-2.5927898752405643,True
Y266K,-6.755661412539201,266,True,impactful,sensitive,266,-2.9033155307436367,True
Y266L,-3.813347112473141,266,True,mild,sensitive,266,-1.6388254561144984,True
Y266M,-4.68908905634764,266,True,mild,sensitive,266,-2.015184635669473,True
Y266N,-6.070269045823362,266,True,impactful,sensitive,266,-2.608761055404515,True
Y266P,-7.163598127567449,266,True,impactful,sensitive,266,-3.0786305632737965,True
Y266Q,-5.05416298831302,266,True,mild,sensitive,266,-2.1720789428023624,True
Y266R,-5.20777564920171,266,True,mild,sensitive,266,-2.2380955763845596,True
Y266S,-4.95160829283699,266,True,mild,sensitive,266,-2.128004999195066,True
Y266T,-6.39145989431089,266,True,impactful,sensitive,266,-2.746796152458923,True
Y266V,-4.22481382656437,266,True,mild,sensitive,266,-1.815657542338918,True
Y266W,-3.7503783023779,266,True,mild,sensitive,266,-1.6117639571526603,True
Y266Y,0.0,266,True,neutral,sensitive,266,0.0,True
E267A,-6.1639606546820485,267,True,impactful,sensitive,267,-3.7816545376328583,True
E267C,-6.1639606546820485,267,True,impactful,sensitive,267,-3.7816545376328583,True
E267D,-1.17836939854774,267,True,neutral,sensitive,267,-0.7229419901700562,True
E267E,0.0,267,True,neutral,sensitive,267,0.0,True
E267F,-4.63193915956969,267,True,mild,sensitive,267,-2.84174327548974,True
E267G,-6.6407904631328405,267,True,impactful,sensitive,267,-4.074194628302784,True
E267H,-1.67197637867876,267,True,neutral,sensitive,267,-1.0257750517019861,True
E267I,-6.6407904631328405,267,True,impactful,sensitive,267,-4.074194628302784,True
E267K,-5.735750075164031,267,True,mild,sensitive,267,-3.518942854055404,True
E267L,-6.6407904631328405,267,True,impactful,sensitive,267,-4.074194628302784,True
E267M,-6.6407904631328405,267,True,impactful,sensitive,267,-4.074194628302784,True
E267N,-2.12042815542054,267,True,neutral,sensitive,267,-1.3009049221590434,True
E267P,-6.6407904631328405,267,True,impactful,sensitive,267,-4.074194628302784,True
E267Q,-1.5855373919613,267,True,neutral,sensitive,267,-0.9727438263809463,True
E267R,-6.26291178032256,267,True,impactful,sensitive,267,-3.8423620914680834,True
E267S,-6.1639606546820485,267,True,impactful,sensitive,267,-3.7816545376328583,True
E267T,-4.7063855938974415,267,True,mild,sensitive,267,-2.8874169440866155,True
E267V,-6.6407904631328405,267,True,impactful,sensitive,267,-4.074194628302784,True
E267W,-4.99558811269583,267,True,mild,sensitive,267,-3.064845723856332,True
E267Y,-6.02449687609716,267,True,impactful,sensitive,267,-3.696092046133118,True
I268A,-1.81451864559103,268,True,neutral,tolerant,268,-1.0728252859048086,True
I268C,-2.8106596677973394,268,True,neutral,tolerant,268,-1.6617887994772456,True
I268D,-5.11940982509281,268,True,mild,tolerant,268,-3.0268260525259776,True
I268E,-3.3159756251496297,268,True,neutral,tolerant,268,-1.9605543909667469,True
I268F,-2.8520775881724503,268,True,neutral,tolerant,268,-1.6862769425867024,True
I268G,-4.271216441949259,268,True,mild,tolerant,268,-2.5253358578759517,True
I268H,-5.11940982509281,268,True,mild,tolerant,268,-3.0268260525259776,True
I268I,0.0,268,True,neutral,tolerant,268,0.0,True
I268K,-3.52558898371166,268,True,mild,tolerant,268,-2.0844872653272244,True
I268L,-1.56636292285559,268,True,neutral,tolerant,268,-0.9261044269930246,True
I268M,-1.31899233493049,268,True,neutral,tolerant,268,-0.7798477752027401,True
I268N,-5.11940982509281,268,True,mild,tolerant,268,-3.0268260525259776,True
I268P,-3.759984762883,268,True,mild,tolerant,268,-2.223072624819337,True
I268Q,-2.7948870111939503,268,True,neutral,tolerant,268,-1.6524632933045065,True
I268R,-3.52890700292662,268,True,mild,tolerant,268,-2.0864490279806844,True
I268S,-3.18780865338313,268,True,neutral,tolerant,268,-1.8847762949614772,True
I268T,-4.0447207662309,268,True,mild,tolerant,268,-2.39142139596112,True
I268V,-0.41639125931514703,268,True,neutral,tolerant,268,-0.24618929814167365,True
I268W,-4.90915253614578,268,True,mild,tolerant,268,-2.9025124574707477,True
I268Y,-2.75035093810686,268,True,neutral,tolerant,268,-1.6261315576351976,True
N269A,-1.4045150380301,269,True,neutral,tolerant,269,-0.8967086248351124,True
N269C,-1.32625342703292,269,True,neutral,tolerant,269,-0.8467427222463516,True
N269D,-1.64130055980292,269,True,neutral,tolerant,269,-1.047883666654223,True
N269E,-2.38624679411642,269,True,neutral,tolerant,269,-1.5234924677420745,True
N269F,-4.499259823283071,269,True,mild,tolerant,269,-2.872539616642802,True
N269G,-1.50099949136662,269,True,neutral,tolerant,269,-0.9583088492020261,True
N269H,-1.31915301101049,269,True,neutral,tolerant,269,-0.8422094818645609,True
N269I,-1.3912765917780603,269,True,neutral,tolerant,269,-0.8882565765393037,True
N269K,-0.9778597584731392,269,True,neutral,tolerant,269,-0.6243117770614088,True
N269L,-1.46430934742069,269,True,neutral,tolerant,269,-0.9348841313229627,True
N269M,-1.4983757002069,269,True,neutral,tolerant,269,-0.956633697210783,True
N269N,0.0,269,True,neutral,tolerant,269,0.0,True
N269P,-2.79323435564352,269,True,neutral,tolerant,269,-1.7833325169691874,True
N269Q,-1.3718660151886002,269,True,neutral,tolerant,269,-0.8758639492127899,True
N269R,-0.89856209631489,269,True,neutral,tolerant,269,-0.5736844105603752,True
N269S,-0.416061593442398,269,True,neutral,tolerant,269,-0.2656333390532504,True
N269T,-1.16941653501814,269,True,neutral,tolerant,269,-0.7466106553378786,True
N269V,-1.42560570731562,269,True,neutral,tolerant,269,-0.9101739025571625,True
N269W,-4.499259823283071,269,True,mild,tolerant,269,-2.872539616642802,True
N269Y,-2.39940477910461,269,True,neutral,tolerant,269,-1.531893145773197,True
V270A,-1.77913403966233,270,True,neutral,tolerant,270,-1.2619150721637147,True
V270C,-1.23561892735199,270,True,neutral,tolerant,270,-0.8764073493710315,True
V270D,-1.69217523105571,270,True,neutral,tolerant,270,-1.200236396587972,True
V270E,-1.39974542878248,270,True,neutral,tolerant,270,-0.9928199980413609,True
V270F,-3.0896773252121204,270,True,neutral,tolerant,270,-2.1914652285263667,True
V270G,-2.7359369616815603,270,True,neutral,tolerant,270,-1.9405621001389137,True
V270H,-1.4112941280846598,270,True,neutral,tolerant,270,-1.0010113301098953,True
V270I,-1.17705379579514,270,True,neutral,tolerant,270,-0.8348679146981574,True
V270K,-2.6642110351912205,270,True,neutral,tolerant,270,-1.8896878963491615,True
V270L,-0.672746577946488,270,True,neutral,tolerant,270,-0.4771698070699386,True
V270M,-1.54176397665046,270,True,neutral,tolerant,270,-1.093551782204977,True
V270N,-1.2973427843766,270,True,neutral,tolerant,270,-0.9201872241612505,True
V270P,-2.66257047528734,270,True,neutral,tolerant,270,-1.888524269987492,True
V270Q,-1.2041115114986398,270,True,neutral,tolerant,270,-0.8540595767671085,True
V270R,-2.4002227885920804,270,True,neutral,tolerant,270,-1.7024446983488846,True
V270S,-1.44578684963862,270,True,neutral,tolerant,270,-1.0254765385981495,True
V270T,-1.48188758375372,270,True,neutral,tolerant,270,-1.0510822880697663,True
V270V,0.0,270,True,neutral,tolerant,270,0.0,True
V270W,-4.9370892569957805,270,True,mild,tolerant,270,-3.501808861575706,True
V270Y,-2.76143466862425,270,True,neutral,tolerant,270,-1.958647269653573,True
L271A,-2.63074955333223,271,True,neutral,tolerant,271,-1.4488784082405015,True
L271C,-2.77739108043361,271,True,neutral,tolerant,271,-1.5296408442160148,True
L271D,-3.10051841175614,271,True,neutral,tolerant,271,-1.707602373420716,True
L271E,-2.88231754608979,271,True,neutral,tolerant,271,-1.5874288196428905,True
L271F,-3.04333856434969,271,True,neutral,tolerant,271,-1.6761107226139127,True
L271G,-3.6020750579381,271,True,mild,tolerant,271,-1.9838333792350462,True
L271H,-2.81445322774818,271,True,neutral,tolerant,271,-1.5500527245255988,True
L271I,-1.48074605714183,271,True,neutral,tolerant,271,-0.8155170025829951,True
L271K,-3.60801867671313,271,True,mild,tolerant,271,-1.9871068116676571,True
L271L,0.0,271,True,neutral,tolerant,271,0.0,True
L271M,-1.46114796212775,271,True,neutral,tolerant,271,-0.8047234032179095,True
L271N,-3.0164311885900497,271,True,neutral,tolerant,271,-1.6612915560721278,True
L271P,-3.43550720042481,271,True,neutral,tolerant,271,-1.8920965691110274,True
L271Q,-2.7395361671231497,271,True,neutral,tolerant,271,-1.5087923501159701,True
L271R,-3.09660317677307,271,True,neutral,tolerant,271,-1.7054460680350616,True
L271S,-2.67055279191241,271,True,neutral,tolerant,271,-1.4707999373666096,True
L271T,-2.72977427363477,271,True,neutral,tolerant,271,-1.5034160129116392,True
L271V,-1.04735153167039,271,True,neutral,tolerant,271,-0.576826105758615,True
L271W,-5.482812774011428,271,True,mild,tolerant,271,-3.0196447376103195,True
L271Y,-3.2452796705932903,271,True,neutral,tolerant,271,-1.7873292565872239,True
R272A,-2.12906021538019,272,True,neutral,tolerant,272,-1.0231020000920188,True
R272C,-2.31866359683117,272,True,neutral,tolerant,272,-1.1142143121747787,True
R272D,-2.32252864041257,272,True,neutral,tolerant,272,-1.1160716263972732,True
R272E,-2.15462133741162,272,True,neutral,tolerant,272,-1.0353851825431466,True
R272F,-2.56433432771007,272,True,neutral,tolerant,272,-1.232269317998739,True
R272G,-4.524309767729871,272,True,mild,tolerant,272,-2.1741190497863445,True
R272H,-1.96554929784518,272,True,neutral,tolerant,272,-0.9445282023391559,True
R272I,-2.0690910194944503,272,True,neutral,tolerant,272,-0.994284306815244,True
R272K,-1.4932145864351898,272,True,neutral,tolerant,272,-0.7175517248936115,True
R272L,-1.62604434953706,272,True,neutral,tolerant,272,-0.7813819516385159,True
R272M,-2.04354158622355,272,True,neutral,tolerant,272,-0.9820067412997906,True
R272N,-2.46508756120161,272,True,neutral,tolerant,272,-1.184577118133298,True
R272P,-3.3438071334368904,272,True,neutral,tolerant,272,-1.6068384263759956,True
R272Q,-1.9621133296465805,272,True,neutral,tolerant,272,-0.9428770766871687,True
R272R,0.0,272,True,neutral,tolerant,272,0.0,True
R272S,-2.09359030930877,272,True,neutral,tolerant,272,-1.0060572347149788,True
R272T,-1.6042325362328702,272,True,neutral,tolerant,272,-0.7709004679980143,True
R272V,-1.94954529735255,272,True,neutral,tolerant,272,-0.9368376143533391,True
R272W,-2.63966680525025,272,True,neutral,tolerant,272,-1.26846970720637,True
R272Y,-1.9642417376481296,272,True,neutral,tolerant,272,-0.9438998652713835,True
N273A,-1.66784681359056,273,True,neutral,tolerant,273,-0.8718439120274951,True
N273C,-1.76629808001071,273,True,neutral,tolerant,273,-0.9233079533053749,True
N273D,-1.44764032407301,273,True,neutral,tolerant,273,-0.7567340076223578,True
N273E,-1.4593387316624298,273,True,neutral,tolerant,273,-0.7628491887973573,True
N273F,-3.30099971068621,273,True,neutral,tolerant,273,-1.7255520578479249,True
N273G,-2.7999703582611604,273,True,neutral,tolerant,273,-1.463645876117441,True
N273H,-1.4922096946021102,273,True,neutral,tolerant,273,-0.7800320311830712,True
N273I,-2.33546496746066,273,True,neutral,tolerant,273,-1.2208320914380606,True
N273K,-2.13386631097105,273,True,neutral,tolerant,273,-1.1154491750328033,True
N273L,-2.45880364491428,273,True,neutral,tolerant,273,-1.2853056834845418,True
N273M,-2.4921803954952497,273,True,neutral,tolerant,273,-1.3027529193818443,True
N273N,0.0,273,True,neutral,tolerant,273,0.0,True
N273P,-3.4171123115873097,273,True,neutral,tolerant,273,-1.7862483180682316,True
N273Q,-1.38858238484271,273,True,neutral,tolerant,273,-0.7258622846587961,True
N273R,-2.11705148384844,273,True,neutral,tolerant,273,-1.1066594561334504,True
N273S,-1.61712973293799,273,True,neutral,tolerant,273,-0.8453322578141451,True
N273T,-1.61753077234318,273,True,neutral,tolerant,273,-0.8455418956304296,True
N273V,-2.3466063226869505,273,True,neutral,tolerant,273,-1.2266560811753828,True
N273W,-5.20438362049859,273,True,mild,tolerant,273,-2.7205197374326726,True
N273Y,-2.9178013153213,273,True,neutral,tolerant,273,-1.5252403833132768,True
R274A,-4.93118849267578,274,True,mild,tolerant,274,-2.4426536488612016,True
R274C,-5.52120007854099,274,True,mild,tolerant,274,-2.734914623112059,True
R274D,-3.0951768358644904,274,True,neutral,tolerant,274,-1.5331892105167915,True
R274E,-3.13646610396931,274,True,neutral,tolerant,274,-1.5536417609607351,True
R274F,-3.28221844924248,274,True,neutral,tolerant,274,-1.625839872742587,True
R274G,-5.61953461230351,274,True,mild,tolerant,274,-2.7836244236116436,True
R274H,-2.9044770419074704,274,True,neutral,tolerant,274,-1.438726476383213,True
R274I,-5.506391268734701,274,True,mild,tolerant,274,-2.7275791109201504,True
R274K,-1.50419228854724,274,True,neutral,tolerant,274,-0.7450984255957894,True
R274L,-3.4244008706404703,274,True,neutral,tolerant,274,-1.6962696303857119,True
R274M,-3.71447762959607,274,True,mild,tolerant,274,-1.839958531096998,True
R274N,-2.97903276022734,274,True,neutral,tolerant,274,-1.4756574916279126,True
R274P,-4.0561512772736,274,True,mild,tolerant,274,-2.0092058400284736,True
R274Q,-2.9092304141901,274,True,neutral,tolerant,274,-1.4410810491536123,True
R274R,0.0,274,True,neutral,tolerant,274,0.0,True
R274S,-2.93695771057802,274,True,neutral,tolerant,274,-1.4548157059803801,True
R274T,-3.11244723655044,274,True,neutral,tolerant,274,-1.5417440664740294,True
R274V,-5.74007225372577,274,True,mild,tolerant,274,-2.843332485893692,True
R274W,-5.707571482412501,274,True,mild,tolerant,274,-2.8272332984955475,True
R274Y,-4.04256170373697,274,True,mild,tolerant,274,-2.0024742739090646,True
I275A,-2.3240098732698904,275,True,neutral,tolerant,275,-1.0719334650606316,True
I275C,-2.39561857832757,275,True,neutral,tolerant,275,-1.1049624845255885,True
I275D,-2.45571803378735,275,True,neutral,tolerant,275,-1.1326829422913793,True
I275E,-2.58601129081478,275,True,neutral,tolerant,275,-1.1927798050826455,True
I275F,-2.66825414147564,275,True,neutral,tolerant,275,-1.2307137505874985,True
I275G,-5.59932554133,275,True,mild,tolerant,275,-2.582650142133596,True
I275H,-3.7516830055179695,275,True,mild,tolerant,275,-1.730437813612048,True
I275I,0.0,275,True,neutral,tolerant,275,0.0,True
I275K,-4.32018961157111,275,True,mild,tolerant,275,-1.99265754991591,True
I275L,-1.27168196763553,275,True,neutral,tolerant,275,-0.5865545037916327,True
I275M,-2.17282440275751,275,True,neutral,tolerant,275,-1.00220021343501,True
I275N,-3.04816341574189,275,True,neutral,tolerant,275,-1.4059442732530094,True
I275P,-3.40912633560846,275,True,neutral,tolerant,275,-1.5724359211161771,True
I275Q,-2.60600674706179,275,True,neutral,tolerant,275,-1.202002570849199,True
I275R,-5.18609891816738,275,True,mild,tolerant,275,-2.392052222943702,True
I275S,-3.0341164252374,275,True,neutral,tolerant,275,-1.3994651961293112,True
I275T,-2.518653358781,275,True,neutral,tolerant,275,-1.1617114252471081,True
I275V,-0.632011657643214,275,True,neutral,tolerant,275,-0.2915110017080069,True
I275W,-4.83476543685786,275,True,mild,tolerant,275,-2.230002086950931,True
I275Y,-3.7133860841555095,275,True,mild,tolerant,275,-1.7127736237609712,True
N276A,-1.23185041488592,276,True,neutral,tolerant,276,-0.7458330281670346,True
N276C,-1.42274651910592,276,True,neutral,tolerant,276,-0.8614124993067004,True
N276D,-1.19749783741107,276,True,neutral,tolerant,276,-0.725034003728842,True
N276E,-1.2859027582958795,276,True,neutral,tolerant,276,-0.7785594229287784,True
N276F,-3.1567108752714,276,True,neutral,tolerant,276,-1.9112541609766105,True
N276G,-2.92493127091662,276,True,neutral,tolerant,276,-1.7709214695277937,True
N276H,-1.23173613279688,276,True,neutral,tolerant,276,-0.7457638352232292,True
N276I,-2.4403505228701,276,True,neutral,tolerant,276,-1.477528438734803,True
N276K,-1.35137252867487,276,True,neutral,tolerant,276,-0.8181985840680673,True
N276L,-2.4572108382103,276,True,neutral,tolerant,276,-1.487736642502139,True
N276M,-4.62081484521976,276,True,mild,tolerant,276,-2.797706837585961,True
N276N,0.0,276,True,neutral,tolerant,276,0.0,True
N276P,-3.69252366578293,276,True,mild,tolerant,276,-2.2356660142736295,True
N276Q,-1.19151730008018,276,True,neutral,tolerant,276,-0.7214130427634013,True
N276R,-1.3808927587774,276,True,neutral,tolerant,276,-0.8360718277212723,True
N276S,-0.743651540127604,276,True,neutral,tolerant,276,-0.45024937555085726,True
N276T,-1.30807002493916,276,True,neutral,tolerant,276,-0.7919807599734024,True
N276V,-2.99346509771882,276,True,neutral,tolerant,276,-1.8124157864984898,True
N276W,-4.98510831570503,276,True,mild,tolerant,276,-3.0182710383608327,True
N276Y,-4.98510831570503,276,True,mild,tolerant,276,-3.0182710383608327,True
D277A,-2.21897921797727,277,True,neutral,tolerant,277,-1.234416572242948,True
D277C,-2.4703460880592405,277,True,neutral,tolerant,277,-1.3742517845911166,True
D277D,0.0,277,True,neutral,tolerant,277,0.0,True
D277E,-1.05537800181347,277,True,neutral,tolerant,277,-0.5871060372556136,True
D277F,-3.18355596017595,277,True,neutral,tolerant,277,-1.7710099328853914,True
D277G,-3.2258348862708504,277,True,neutral,tolerant,277,-1.7945296696208053,True
D277H,-1.1047559450793,277,True,neutral,tolerant,277,-0.6145749522309305,True
D277I,-2.02818030006445,277,True,neutral,tolerant,277,-1.12827526892227,True
D277K,-2.9512084201812,277,True,neutral,tolerant,277,-1.6417551604360812,True
D277L,-2.29745520435636,277,True,neutral,tolerant,277,-1.2780727080573995,True
D277M,-2.20529621957451,277,True,neutral,tolerant,277,-1.22680472989242,True
D277N,-1.32530987931098,277,True,neutral,tolerant,277,-0.7372689501211603,True
D277P,-3.09985975500961,277,True,neutral,tolerant,277,-1.7244497930453462,True
D277Q,-1.24679096629493,277,True,neutral,tolerant,277,-0.6935889342488766,True
D277R,-3.46522563256217,277,True,neutral,tolerant,277,-1.9277025727600177,True
D277S,-2.36773160973842,277,True,neutral,tolerant,277,-1.3171674227525447,True
D277T,-2.69070150946509,277,True,neutral,tolerant,277,-1.4968353499364975,True
D277V,-2.44362195586332,277,True,neutral,tolerant,277,-1.3593851687191902,True
D277W,-5.171742995824911,277,True,mild,tolerant,277,-2.8770369770507047,True
D277Y,-5.171742995824911,277,True,mild,tolerant,277,-2.8770369770507047,True
N278A,-1.1856049796787,278,True,neutral,tolerant,278,-0.47944610065092985,True
N278C,-1.79272354127832,278,True,neutral,tolerant,278,-0.7249584188183369,True
N278D,-3.38314790980223,278,True,neutral,tolerant,278,-1.3681091941091512,True
N278E,-3.38314790980223,278,True,neutral,tolerant,278,-1.3681091941091512,True
N278F,-2.1899183633167403,278,True,neutral,tolerant,278,-0.8855797993701192,True
N278G,-2.6368871131402503,278,True,neutral,tolerant,278,-1.0663292293141278,True
N278H,-0.542672461047637,278,True,neutral,tolerant,278,-0.21945099745654137,True
N278I,-1.7504940186097602,278,True,neutral,tolerant,278,-0.7078812469754201,True
N278K,-2.52353118276296,278,True,neutral,tolerant,278,-1.0204892912769423,True
N278L,-1.3181029221719398,278,True,neutral,tolerant,278,-0.5330268657130591,True
N278M,-1.99632194918352,278,True,neutral,tolerant,278,-0.8072914592845968,True
N278N,0.0,278,True,neutral,tolerant,278,0.0,True
N278P,-2.71967281514794,278,True,neutral,tolerant,278,-1.0998068906748224,True
N278Q,-1.14851438939287,278,True,neutral,tolerant,278,-0.46444705865280866,True
N278R,-2.33628927191636,278,True,neutral,tolerant,278,-0.9447706450393398,True
N278S,-1.30598146365555,278,True,neutral,tolerant,278,-0.5281250762304778,True
N278T,-1.39996862196793,278,True,neutral,tolerant,278,-0.5661324879202836,True
N278V,-1.45901170604811,278,True,neutral,tolerant,278,-0.5900088859768428,True
N278W,-4.22456387698495,278,True,mild,tolerant,278,-1.708368902364182,True
N278Y,-2.39614334463519,278,True,neutral,tolerant,278,-0.9689749983146585,True
Q279A,-1.64908639394927,279,True,neutral,tolerant,279,-0.899705915666875,True
Q279C,-3.89187498686336,279,True,mild,tolerant,279,-2.1233229269033815,True
Q279D,-3.45419122989553,279,True,neutral,tolerant,279,-1.8845321232316525,True
Q279E,-1.50916161652471,279,True,neutral,tolerant,279,-0.8233659795306242,True
Q279F,-3.1158755735361003,279,True,neutral,tolerant,279,-1.699954408864394,True
Q279G,-3.0051083884691696,279,True,neutral,tolerant,279,-1.639522225303761,True
Q279H,-3.45419122989553,279,True,neutral,tolerant,279,-1.8845321232316525,True
Q279I,-2.21683647109268,279,True,neutral,tolerant,279,-1.2094580941461088,True
Q279K,-2.3340473543530296,279,True,neutral,tolerant,279,-1.2734058202548237,True
Q279L,-2.23623808452026,279,True,neutral,tolerant,279,-1.22004319535022,True
Q279M,-2.09569397193978,279,True,neutral,tolerant,279,-1.143365363330766,True
Q279N,-1.6488436300338605,279,True,neutral,tolerant,279,-0.8995734689184174,True
Q279P,-2.92333628707976,279,True,neutral,tolerant,279,-1.594909133093125,True
Q279Q,0.0,279,True,neutral,tolerant,279,0.0,True
Q279R,-2.27425418980407,279,True,neutral,tolerant,279,-1.2407839612312286,True
Q279S,-1.70714727779992,279,True,neutral,tolerant,279,-0.9313826797593717,True
Q279T,-3.7513834548974,279,True,mild,tolerant,279,-2.046673781731449,True
Q279V,-3.96178489672868,279,True,mild,tolerant,279,-2.1614642636461676,True
Q279W,-4.897670627309839,279,True,mild,tolerant,279,-2.672063302775701,True
Q279Y,-4.897670627309839,279,True,mild,tolerant,279,-2.672063302775701,True
K280A,-2.0547853031478,280,True,neutral,tolerant,280,-0.8924503979527033,True
K280C,-2.08204524214506,280,True,neutral,tolerant,280,-0.9042901475211871,True
K280D,-3.6198762115722696,280,True,mild,tolerant,280,-1.5722129025393476,True
K280E,-2.75644481404158,280,True,neutral,tolerant,280,-1.197200635734315,True
K280F,-2.86346183488176,280,True,neutral,tolerant,280,-1.2436811038835762,True
K280G,-3.08359779258851,280,True,neutral,tolerant,280,-1.3392922719983782,True
K280H,-2.63455142678638,280,True,neutral,tolerant,280,-1.144258947959414,True
K280I,-2.86563357417352,280,True,neutral,tolerant,280,-1.2446243506511152,True
K280K,0.0,280,True,neutral,tolerant,280,0.0,True
K280L,-2.91522765125615,280,True,neutral,tolerant,280,-1.2661644374721988,True
K280M,-5.0428415984923705,280,True,mild,tolerant,280,-2.1902463408184323,True
K280N,-2.0435430911752,280,True,neutral,tolerant,280,-0.8875675926623182,True
K280P,-5.628949735387829,280,True,mild,tolerant,280,-2.4448094035454027,True
K280Q,-2.81570577366355,280,True,neutral,tolerant,280,-1.2229393184651414,True
K280R,-1.23391956972263,280,True,neutral,tolerant,280,-0.5359255827621519,True
K280S,-1.91861091925114,280,True,neutral,tolerant,280,-0.8333060762012464,True
K280T,-2.89855449011249,280,True,neutral,tolerant,280,-1.2589228199294833,True
K280V,-5.0428415984923705,280,True,mild,tolerant,280,-2.1902463408184323,True
K280W,-5.00262194303386,280,True,mild,tolerant,280,-2.17277782599867,True
K280Y,-3.19903049863055,280,True,neutral,tolerant,280,-1.3894279062596115,True
V281A,-1.34314884265016,281,True,neutral,tolerant,281,-0.6440003768201209,True
V281C,-1.76576932191725,281,True,neutral,tolerant,281,-0.8466344701220166,True
V281D,-3.19061150986685,281,True,neutral,tolerant,281,-1.5298044039457606,True
V281E,-3.19061150986685,281,True,neutral,tolerant,281,-1.5298044039457606,True
V281F,-0.91043011638135,281,True,neutral,tolerant,281,-0.43652447100435726,True
V281G,-1.61998040309125,281,True,neutral,tolerant,281,-0.7767329702443919,True
V281H,-1.14826005191752,281,True,neutral,tolerant,281,-0.5505569320696508,True
V281I,-0.9085687809876928,281,True,neutral,tolerant,281,-0.43563201541280966,True
V281K,-2.10574374292101,281,True,neutral,tolerant,281,-1.0096422085671672,True
V281L,-0.614739048823299,281,True,neutral,tolerant,281,-0.29474929845236986,True
V281M,-1.03274918648052,281,True,neutral,tolerant,281,-0.495172868512354,True
V281N,-1.2382441774972,281,True,neutral,tolerant,281,-0.5937016744399771,True
V281P,-4.66733823623988,281,True,mild,tolerant,281,-2.2378514483583043,True
V281Q,-1.23371570616076,281,True,neutral,tolerant,281,-0.5915304055869047,True
V281R,-2.22183861337365,281,True,neutral,tolerant,281,-1.0653062853576922,True
V281S,-1.19443306492918,281,True,neutral,tolerant,281,-0.5726955341621477,True
V281T,-1.16923551649438,281,True,neutral,tolerant,281,-0.5606140505829066,True
V281V,0.0,281,True,neutral,tolerant,281,0.0,True
V281W,-1.11933689745654,281,True,neutral,tolerant,281,-0.5366891299465848,True
V281Y,-0.866315046548286,281,True,neutral,tolerant,281,-0.4153725921553361,True
S282A,-1.03738309039177,282,True,neutral,tolerant,282,-0.5108027496379719,True
S282C,-1.38028695824365,282,True,neutral,tolerant,282,-0.6796470658626445,True
S282D,-3.58798393754121,282,True,mild,tolerant,282,-1.766707090107652,True
S282E,-2.20734545200702,282,True,neutral,tolerant,282,-1.0868869337943883,True
S282F,-2.43697965246242,282,True,neutral,tolerant,282,-1.199957777236841,True
S282G,-2.16144116372653,282,True,neutral,tolerant,282,-1.0642838695156047,True
S282H,-2.8057910846373098,282,True,neutral,tolerant,282,-1.381558861154361,True
S282I,-2.49131460747754,282,True,neutral,tolerant,282,-1.2267120637489697,True
S282K,-0.870047871634773,282,True,neutral,tolerant,282,-0.4284076434867181,True
S282L,-2.12332869019912,282,True,neutral,tolerant,282,-1.0455174596390437,True
S282M,-4.05720648959905,282,True,mild,tolerant,282,-1.9977501560716204,True
S282N,-2.10101612252092,282,True,neutral,tolerant,282,-1.0345308520616987,True
S282P,-2.4906196636045697,282,True,neutral,tolerant,282,-1.2263698765237825,True
S282Q,-3.28478681811283,282,True,neutral,tolerant,282,-1.617414197519784,True
S282R,-1.2731154808261698,282,True,neutral,tolerant,282,-0.6268763142910734,True
S282S,0.0,282,True,neutral,tolerant,282,0.0,True
S282T,-0.902229570107466,282,True,neutral,tolerant,282,-0.4442537665054225,True
S282V,-2.25387586904418,282,True,neutral,tolerant,282,-1.1097983010458123,True
S282W,-4.270675759715839,282,True,mild,tolerant,282,-2.1028614608044625,True
S282Y,-4.03900338454236,282,True,mild,tolerant,282,-1.9887870293337488,True
K283A,-1.6900321242958998,283,True,neutral,tolerant,283,-0.5461307080504391,True
K283C,-4.04966625611465,283,True,mild,tolerant,283,-1.3086420477014775,True
K283D,-3.65988223718114,283,True,mild,tolerant,283,-1.1826840737750408,True
K283E,-1.97770716849655,283,True,neutral,tolerant,283,-0.6390923584943303,True
K283F,-2.9764828507029404,283,True,neutral,tolerant,283,-0.9618448450686233,True
K283G,-1.7618835807601598,283,True,neutral,tolerant,283,-0.5693493713108371,True
K283H,-3.28626620852008,283,True,neutral,tolerant,283,-1.061950755550888,True
K283I,-2.41385890566473,283,True,neutral,tolerant,283,-0.7800339735161893,True
K283K,0.0,283,True,neutral,tolerant,283,0.0,True
K283L,-2.33821111064266,283,True,neutral,tolerant,283,-0.7555885305781922,True
K283M,-2.3460633410934504,283,True,neutral,tolerant,283,-0.7581259641063577,True
K283N,-2.44342474757205,283,True,neutral,tolerant,283,-0.7895881198207626,True
K283P,-2.3470153875582205,283,True,neutral,tolerant,283,-0.7584336161340482,True
K283Q,-2.3202819167171698,283,True,neutral,tolerant,283,-0.7497947452219634,True
K283R,-1.26488451694333,283,True,neutral,tolerant,283,-0.40874505691901913,True
K283S,-1.46677523749515,283,True,neutral,tolerant,283,-0.4739856642297912,True
K283T,-2.63345940658108,283,True,neutral,tolerant,283,-0.8509974631028993,True
K283V,-2.563451774369569,283,True,neutral,tolerant,283,-0.8283746281881273,True
K283W,-4.891049093045691,283,True,mild,tolerant,283,-1.5805333318189765,True
K283Y,-4.891049093045691,283,True,mild,tolerant,283,-1.5805333318189765,True
T284A,-0.533524898659721,284,True,neutral,tolerant,284,-0.15416046131070463,True
T284C,-1.35915376725794,284,True,neutral,tolerant,284,-0.39272351164683256,True
T284D,-3.6678897273391096,284,True,mild,tolerant,284,-1.0598260246594944,True
T284E,-2.61431437261038,284,True,neutral,tolerant,284,-0.7553985028726238,True
T284F,-4.34708831719492,284,True,mild,tolerant,284,-1.2560784736019617,True
T284G,-0.910017669983868,284,True,neutral,tolerant,284,-0.26294694803940344,True
T284H,-3.6678897273391096,284,True,mild,tolerant,284,-1.0598260246594944,True
T284I,-1.56054018102734,284,True,neutral,tolerant,284,-0.4509135277574021,True
T284K,-0.828004328733006,284,True,neutral,tolerant,284,-0.2392494326045542,True
T284L,-1.58822179613155,284,True,neutral,tolerant,284,-0.45891204959773346,True
T284M,-3.42525594153883,284,True,neutral,tolerant,284,-0.9897177008633633,True
T284N,-1.82394689364503,284,True,neutral,tolerant,284,-0.5270241280901864,True
T284P,-2.10875411706172,284,True,neutral,tolerant,284,-0.6093183435182481,True
T284Q,-1.74326482457068,284,True,neutral,tolerant,284,-0.5037112798627661,True
T284R,-0.718034492705998,284,True,neutral,tolerant,284,-0.2074739696509524,True
T284S,-1.0543980168169,284,True,neutral,tolerant,284,-0.30466522759466674,True
T284T,0.0,284,True,neutral,tolerant,284,0.0,True
T284V,-1.42770417350567,284,True,neutral,tolerant,284,-0.4125309513309668,True
T284W,-4.34708831719492,284,True,mild,tolerant,284,-1.2560784736019617,True
T284Y,-4.34708831719492,284,True,mild,tolerant,284,-1.2560784736019617,True
R285A,-0.8322382700854319,285,True,neutral,tolerant,285,-0.1897760665726739,True
R285C,-0.0311582880010874,285,True,neutral,tolerant,285,-0.007105053384985421,True
R285D,-3.08526846864465,285,True,neutral,tolerant,285,-0.7035366376986897,True
R285E,-3.08526846864465,285,True,neutral,tolerant,285,-0.7035366376986897,True
R285F,-4.24971523918139,285,True,mild,tolerant,285,-0.9690665175286942,True
R285G,-1.26101038140694,285,True,neutral,tolerant,285,-0.2875493698050565,True
R285H,-1.2255209303043502,285,True,neutral,tolerant,285,-0.2794566772707642,True
R285I,-3.4830241935024,285,True,neutral,tolerant,285,-0.7942372454855892,True
R285K,-0.55829740089984,285,True,neutral,tolerant,285,-0.12730907545220504,True
R285L,-1.7314940247426998,285,True,neutral,tolerant,285,-0.39483419246753243,True
R285M,-3.4830241935024,285,True,neutral,tolerant,285,-0.7942372454855892,True
R285N,-1.3499400419513898,285,True,neutral,tolerant,285,-0.30782808298900605,True
R285P,-2.06014822219881,285,True,neutral,tolerant,285,-0.46977751470794915,True
R285Q,-1.3903037577844295,285,True,neutral,tolerant,285,-0.3170322586420496,True
R285R,0.0,285,True,neutral,tolerant,285,0.0,True
R285S,-0.748619191793514,285,True,neutral,tolerant,285,-0.1707083303977397,True
R285T,-0.741038326019871,285,True,neutral,tolerant,285,-0.16897965852641408,True
R285V,-1.56418399395958,285,True,neutral,tolerant,285,-0.35668233057717014,True
R285W,-4.24971523918139,285,True,mild,tolerant,285,-0.9690665175286942,True
R285Y,-4.24971523918139,285,True,mild,tolerant,285,-0.9690665175286942,True
G286A,-1.4977289397215,286,True,neutral,tolerant,286,-0.6463262159962881,True
G286C,-3.3178571679731,286,True,neutral,tolerant,286,-1.4317798179094847,True
G286D,-2.0188113869628,286,True,neutral,tolerant,286,-0.8711928373291045,True
G286E,-2.02298552220635,286,True,neutral,tolerant,286,-0.8729941332548693,True
G286F,-4.52928914200249,286,True,mild,tolerant,286,-1.9545581544601047,True
G286G,0.0,286,True,neutral,tolerant,286,0.0,True
G286H,-3.75999049621067,286,True,mild,tolerant,286,-1.622576933079584,True
G286I,-4.25586651559877,286,True,mild,tolerant,286,-1.8365660353226165,True
G286K,-1.64768859246119,286,True,neutral,tolerant,286,-0.711039431009269,True
G286L,-4.25586651559877,286,True,mild,tolerant,286,-1.8365660353226165,True
G286M,-4.25586651559877,286,True,mild,tolerant,286,-1.8365660353226165,True
G286N,-3.02553427430367,286,True,neutral,tolerant,286,-1.305631524514299,True
G286P,-2.59872368152602,286,True,neutral,tolerant,286,-1.1214467444376008,True
G286Q,-3.75999049621067,286,True,mild,tolerant,286,-1.622576933079584,True
G286R,-1.83982036709851,286,True,neutral,tolerant,286,-0.7939514984605942,True
G286S,-1.39062646459854,286,True,neutral,tolerant,286,-0.600107480660286,True
G286T,-1.46406539684394,286,True,neutral,tolerant,286,-0.6317991345544836,True
G286V,-3.8159737712193103,286,True,mild,tolerant,286,-1.6467358161296386,True
G286W,-4.52928914200249,286,True,mild,tolerant,286,-1.9545581544601047,True
G286Y,-4.52928914200249,286,True,mild,tolerant,286,-1.9545581544601047,True
K287A,-1.69467210047078,287,True,neutral,sensitive,287,-0.3712555732127942,True
K287C,-3.52745261259753,287,True,mild,sensitive,287,-0.7727668622779953,True
K287D,-4.01908930344377,287,True,mild,sensitive,287,-0.8804708018317634,True
K287E,-3.82586310622677,287,True,mild,sensitive,287,-0.8381403105304683,True
K287F,-4.62901794503276,287,True,mild,sensitive,287,-1.0140892212234065,True
K287G,-3.1391647813675694,287,True,neutral,sensitive,287,-0.6877037864683531,True
K287H,-2.2395717920797003,287,True,neutral,sensitive,287,-0.4906279563986307,True
K287I,-4.276400111338299,287,True,mild,sensitive,287,-0.9368404508347729,True
K287K,0.0,287,True,neutral,sensitive,287,0.0,True
K287L,-4.276400111338299,287,True,mild,sensitive,287,-0.9368404508347729,True
K287M,-4.276400111338299,287,True,mild,sensitive,287,-0.9368404508347729,True
K287N,-2.4039429609942298,287,True,neutral,sensitive,287,-0.5266371126938623,True
K287P,-3.29836407671587,287,True,neutral,sensitive,287,-0.7225799289582112,True
K287Q,-2.33892981035051,287,True,neutral,sensitive,287,-0.5123945376836885,True
K287R,-1.07699545190943,287,True,neutral,sensitive,287,-0.23593978076061556,True
K287S,-1.61677479010788,287,True,neutral,sensitive,287,-0.35419043677579287,True
K287T,-1.55778690337881,287,True,neutral,sensitive,287,-0.34126782968612135,True
K287V,-3.97240087039948,287,True,mild,sensitive,287,-0.8702426633219893,True
K287W,-4.62901794503276,287,True,mild,sensitive,287,-1.0140892212234065,True
K287Y,-4.62901794503276,287,True,mild,sensitive,287,-1.0140892212234065,True
A288A,0.0,288,True,neutral,tolerant,288,0.0,True
A288C,-2.6880377779090203,288,True,neutral,tolerant,288,-0.8023915631428377,True
A288D,-3.0689950412461204,288,True,neutral,tolerant,288,-0.9161090475218906,True
A288E,-2.61252480590514,288,True,neutral,tolerant,288,-0.7798505958462814,True
A288F,-3.89051886630116,288,True,mild,tolerant,288,-1.1613376643078364,True
A288G,-0.258370489137942,288,True,neutral,tolerant,288,-0.07712477196307828,True
A288H,-3.31511388247625,288,True,neutral,tolerant,288,-0.9895766465848647,True
A288I,-1.34181375463984,288,True,neutral,tolerant,288,-0.40053753889929966,True
A288K,-1.40927206520677,288,True,neutral,tolerant,288,-0.4206741529408178,True
A288L,-3.1747570758015096,288,True,neutral,tolerant,288,-0.9476794982519687,True
A288M,-3.1747570758015096,288,True,neutral,tolerant,288,-0.9476794982519687,True
A288N,-3.31511388247625,288,True,neutral,tolerant,288,-0.9895766465848647,True
A288P,-1.174668950804,288,True,neutral,tolerant,288,-0.3506440509716974,True
A288Q,-3.31511388247625,288,True,neutral,tolerant,288,-0.9895766465848647,True
A288R,-1.5335950549013702,288,True,neutral,tolerant,288,-0.45778513361804596,True
A288S,-0.532664779467661,288,True,neutral,tolerant,288,-0.1590028713661395,True
A288T,-0.49097094553094,288,True,neutral,tolerant,288,-0.14655707136256685,True
A288V,-1.67459492750413,288,True,neutral,tolerant,288,-0.4998742400697704,True
A288W,-3.89051886630116,288,True,mild,tolerant,288,-1.1613376643078364,True
A288Y,-3.89051886630116,288,True,mild,tolerant,288,-1.1613376643078364,True
K289A,-1.85178517719992,289,True,neutral,sensitive,289,-0.43860914220588476,True
K289C,-3.5570812962325604,289,True,mild,sensitive,289,-0.8425212574907242,True
K289D,-4.05157249484402,289,True,mild,sensitive,289,-0.9596451891010249,True
K289E,-4.05157249484402,289,True,mild,sensitive,289,-0.9596451891010249,True
K289F,-4.312822497089299,289,True,mild,sensitive,289,-1.0215242022808115,True
K289G,-1.9256262502395296,289,True,neutral,sensitive,289,-0.4560989515553894,True
K289H,-4.05157249484402,289,True,mild,sensitive,289,-0.9596451891010249,True
K289I,-3.52042426456963,289,True,mild,sensitive,289,-0.8338387659083022,True
K289K,0.0,289,True,neutral,sensitive,289,0.0,True
K289L,-3.52042426456963,289,True,mild,sensitive,289,-0.8338387659083022,True
K289M,-1.26415162361477,289,True,neutral,sensitive,289,-0.2994237485420751,True
K289N,-4.05157249484402,289,True,mild,sensitive,289,-0.9596451891010249,True
K289P,-4.312822497089299,289,True,mild,sensitive,289,-1.0215242022808115,True
K289Q,-2.3879097168821803,289,True,neutral,sensitive,289,-0.565594241428425,True
K289R,-0.873952411271359,289,True,neutral,sensitive,289,-0.2070021523857956,True
K289S,-1.86429395064869,289,True,neutral,sensitive,289,-0.4415719385712325,True
K289T,-3.5570812962325604,289,True,mild,sensitive,289,-0.8425212574907242,True
K289V,-1.20274288344884,289,True,neutral,sensitive,289,-0.2848786300371035,True
K289W,-4.312822497089299,289,True,mild,sensitive,289,-1.0215242022808115,True
K289Y,-4.312822497089299,289,True,mild,sensitive,289,-1.0215242022808115,True
V290A,-1.90759170406188,290,True,neutral,tolerant,290,-0.535272401614924,True
V290C,-3.65200329244997,290,True,mild,tolerant,290,-1.0247562771912186,True
V290D,-3.32275707299094,290,True,neutral,tolerant,290,-0.9323694135677267,True
V290E,-3.98232951281762,290,True,mild,tolerant,290,-1.1174461902979265,True
V290F,-3.2731474818196,290,True,neutral,tolerant,290,-0.918448905865332,True
V290G,-2.11245693492189,290,True,neutral,tolerant,290,-0.5927578183822199,True
V290H,-3.98232951281762,290,True,mild,tolerant,290,-1.1174461902979265,True
V290I,-1.22234844111186,290,True,neutral,tolerant,290,-0.3429923627215456,True
V290K,-1.85920540351966,290,True,neutral,tolerant,290,-0.5216951506542773,True
V290L,-0.8954791532825291,290,True,neutral,tolerant,290,-0.25127246881657084,True
V290M,-0.899876842491492,290,True,neutral,tolerant,290,-0.25250646540998506,True
V290N,-3.98232951281762,290,True,mild,tolerant,290,-1.1174461902979265,True
V290P,-4.31265573318527,290,True,mild,tolerant,290,-1.2101361034046345,True
V290Q,-3.98232951281762,290,True,mild,tolerant,290,-1.1174461902979265,True
V290R,-2.9411981179977,290,True,neutral,tolerant,290,-0.825303536859402,True
V290S,-3.65200329244997,290,True,mild,tolerant,290,-1.0247562771912186,True
V290T,-1.9557990506260703,290,True,neutral,tolerant,290,-0.5487994378858155,True
V290V,0.0,290,True,neutral,tolerant,290,0.0,True
V290W,-3.8489842628683695,290,True,mild,tolerant,290,-1.080029361512031,True
V290Y,-2.18915631712933,290,True,neutral,tolerant,290,-0.6142797522578693,True
T291A,-0.927857373994025,291,True,neutral,sensitive,291,-0.1765183904953157,True
T291C,-2.83941112660454,291,True,neutral,sensitive,291,-0.5401781524516418,True
T291D,-3.71423532243618,291,True,mild,sensitive,291,-0.7066073508852734,True
T291E,-3.71423532243618,291,True,mild,sensitive,291,-0.7066073508852734,True
T291F,-4.05332292316611,291,True,mild,sensitive,291,-0.7711164006545443,True
T291G,-0.133181558390656,291,True,neutral,sensitive,291,-0.025336862097221306,True
T291H,-3.71423532243618,291,True,mild,sensitive,291,-0.7066073508852734,True
T291I,-3.00781631591365,291,True,neutral,sensitive,291,-0.5722160645285194,True
T291K,-4.05332292316611,291,True,mild,sensitive,291,-0.7711164006545443,True
T291L,-3.4901106094197702,291,True,mild,sensitive,291,-0.6639691882530325,True
T291M,-3.4901106094197702,291,True,mild,sensitive,291,-0.6639691882530325,True
T291N,-3.71423532243618,291,True,mild,sensitive,291,-0.7066073508852734,True
T291P,-4.05332292316611,291,True,mild,sensitive,291,-0.7711164006545443,True
T291Q,-2.00299934476812,291,True,neutral,sensitive,291,-0.3810566477255989,True
T291R,-4.05332292316611,291,True,mild,sensitive,291,-0.7711164006545443,True
T291S,-0.8413006625334741,291,True,neutral,sensitive,291,-0.16005158016237084,True
T291T,0.0,291,True,neutral,sensitive,291,0.0,True
T291V,-1.69943126360926,291,True,neutral,sensitive,291,-0.323304938687332,True
T291W,-4.05332292316611,291,True,mild,sensitive,291,-0.7711164006545443,True
T291Y,-4.05332292316611,291,True,mild,sensitive,291,-0.7711164006545443,True
G292A,-2.09523700296577,292,True,neutral,sensitive,292,-1.116845789226052,True
G292C,-3.8708154536412094,292,True,mild,sensitive,292,-2.063300683479263,True
G292D,-4.40535624881556,292,True,mild,sensitive,292,-2.348232476596212,True
G292E,-4.40535624881556,292,True,mild,sensitive,292,-2.348232476596212,True
G292F,-4.40535624881556,292,True,mild,sensitive,292,-2.348232476596212,True
G292G,0.0,292,True,neutral,sensitive,292,0.0,True
G292H,-4.40535624881556,292,True,mild,sensitive,292,-2.348232476596212,True
G292I,-4.40535624881556,292,True,mild,sensitive,292,-2.348232476596212,True
G292K,-4.236727402728939,292,True,mild,sensitive,292,-2.2583465035882373,True
G292L,-4.40535624881556,292,True,mild,sensitive,292,-2.348232476596212,True
G292M,-4.40535624881556,292,True,mild,sensitive,292,-2.348232476596212,True
G292N,-4.40535624881556,292,True,mild,sensitive,292,-2.348232476596212,True
G292P,-4.40535624881556,292,True,mild,sensitive,292,-2.348232476596212,True
G292Q,-4.40535624881556,292,True,mild,sensitive,292,-2.348232476596212,True
G292R,-4.236727402728939,292,True,mild,sensitive,292,-2.2583465035882373,True
G292S,-1.6055748021584195,292,True,neutral,sensitive,292,-0.8558360961265334,True
G292T,-3.8708154536412094,292,True,mild,sensitive,292,-2.063300683479263,True
G292V,-4.40535624881556,292,True,mild,sensitive,292,-2.348232476596212,True
G292W,-4.40535624881556,292,True,mild,sensitive,292,-2.348232476596212,True
G292Y,-4.40535624881556,292,True,mild,sensitive,292,-2.348232476596212,True
R293A,-3.69802473341554,293,True,mild,sensitive,293,-0.7122772226315706,True
R293C,-3.69802473341554,293,True,mild,sensitive,293,-0.7122772226315706,True
R293D,-3.965558797952,293,True,mild,sensitive,293,-0.7638070079046299,True
R293E,-3.965558797952,293,True,mild,sensitive,293,-0.7638070079046299,True
R293F,-4.40188806389842,293,True,mild,sensitive,293,-0.8478484679016107,True
R293G,-4.40188806389842,293,True,mild,sensitive,293,-0.8478484679016107,True
R293H,-2.57648263693837,293,True,neutral,sensitive,293,-0.4962567935834064,True
R293I,-4.40188806389842,293,True,mild,sensitive,293,-0.8478484679016107,True
R293K,-2.08799649226899,293,True,neutral,sensitive,293,-0.4021693876028222,True
R293L,-4.40188806389842,293,True,mild,sensitive,293,-0.8478484679016107,True
R293M,-4.40188806389842,293,True,mild,sensitive,293,-0.8478484679016107,True
R293N,-3.965558797952,293,True,mild,sensitive,293,-0.7638070079046299,True
R293P,-4.40188806389842,293,True,mild,sensitive,293,-0.8478484679016107,True
R293Q,-2.05835070350821,293,True,neutral,sensitive,293,-0.39645930678847685,True
R293R,0.0,293,True,neutral,sensitive,293,0.0,True
R293S,-1.9433513951819097,293,True,neutral,sensitive,293,-0.37430926890499455,True
R293T,-3.69802473341554,293,True,mild,sensitive,293,-0.7122772226315706,True
R293V,-4.40188806389842,293,True,mild,sensitive,293,-0.8478484679016107,True
R293W,-4.40188806389842,293,True,mild,sensitive,293,-0.8478484679016107,True
R293Y,-4.40188806389842,293,True,mild,sensitive,293,-0.8478484679016107,True
W294A,-4.4026596950471,294,True,mild,sensitive,294,-0.6144272844003034,True
W294C,-4.4026596950471,294,True,mild,sensitive,294,-0.6144272844003034,True
W294D,-4.4026596950471,294,True,mild,sensitive,294,-0.6144272844003034,True
W294E,-4.4026596950471,294,True,mild,sensitive,294,-0.6144272844003034,True
W294F,-2.83848245575364,294,True,neutral,sensitive,294,-0.3961335165351579,True
W294G,-4.4026596950471,294,True,mild,sensitive,294,-0.6144272844003034,True
W294H,-4.4026596950471,294,True,mild,sensitive,294,-0.6144272844003034,True
W294I,-3.46648030077758,294,True,neutral,sensitive,294,-0.48377576854963567,True
W294K,-4.4026596950471,294,True,mild,sensitive,294,-0.6144272844003034,True
W294L,-1.59160866884477,294,True,neutral,sensitive,294,-0.22212204893474327,True
W294M,-3.46648030077758,294,True,neutral,sensitive,294,-0.48377576854963567,True
W294N,-4.4026596950471,294,True,mild,sensitive,294,-0.6144272844003034,True
W294P,-4.4026596950471,294,True,mild,sensitive,294,-0.6144272844003034,True
W294Q,-4.4026596950471,294,True,mild,sensitive,294,-0.6144272844003034,True
W294R,-4.4026596950471,294,True,mild,sensitive,294,-0.6144272844003034,True
W294S,-4.4026596950471,294,True,mild,sensitive,294,-0.6144272844003034,True
W294T,-4.4026596950471,294,True,mild,sensitive,294,-0.6144272844003034,True
W294V,-3.46648030077758,294,True,neutral,sensitive,294,-0.48377576854963567,True
W294W,0.0,294,True,neutral,sensitive,294,0.0,True
W294Y,-2.59250243688903,294,True,neutral,sensitive,294,-0.3618049866290778,True
K295A,-4.32875873566033,295,True,mild,sensitive,295,-0.0,True
K295C,-4.32875873566033,295,True,mild,sensitive,295,-0.0,True
K295D,-4.32875873566033,295,True,mild,sensitive,295,-0.0,True
K295E,-4.32875873566033,295,True,mild,sensitive,295,-0.0,True
K295F,-4.32875873566033,295,True,mild,sensitive,295,-0.0,True
K295G,-4.32875873566033,295,True,mild,sensitive,295,-0.0,True
K295H,-4.32875873566033,295,True,mild,sensitive,295,-0.0,True
K295I,-4.32875873566033,295,True,mild,sensitive,295,-0.0,True
K295K,0.0,295,True,neutral,sensitive,295,0.0,True
K295L,-4.32875873566033,295,True,mild,sensitive,295,-0.0,True
K295M,-4.32875873566033,295,True,mild,sensitive,295,-0.0,True
K295N,-4.32875873566033,295,True,mild,sensitive,295,-0.0,True
K295P,-4.32875873566033,295,True,mild,sensitive,295,-0.0,True
K295Q,-4.32875873566033,295,True,mild,sensitive,295,-0.0,True
K295R,-2.7952992611871297,295,True,neutral,sensitive,295,-0.0,True
K295S,-4.32875873566033,295,True,mild,sensitive,295,-0.0,True
K295T,-4.32875873566033,295,True,mild,sensitive,295,-0.0,True
K295V,-4.32875873566033,295,True,mild,sensitive,295,-0.0,True
K295W,-4.32875873566033,295,True,mild,sensitive,295,-0.0,True
K295Y,-4.32875873566033,295,True,mild,sensitive,295,-0.0,True
