Mutation,Variant_score,Residue,LocalConfidence,Variant_class,Residue_class,pdb_pos,RSA*Variant_score,aligned
M1A,-2.2120577649155,1,True,neutral,tolerant,1,-0.2795669877926015,True
M1C,-2.2120577649155,1,True,neutral,tolerant,1,-0.2795669877926015,True
M1D,-2.2120577649155,1,True,neutral,tolerant,1,-0.2795669877926015,True
M1E,-2.2120577649155,1,True,neutral,tolerant,1,-0.2795669877926015,True
M1F,-2.2120577649155,1,True,neutral,tolerant,1,-0.2795669877926015,True
M1G,-2.2120577649155,1,True,neutral,tolerant,1,-0.2795669877926015,True
M1H,-2.2120577649155,1,True,neutral,tolerant,1,-0.2795669877926015,True
M1I,-1.4333993926068798,1,True,neutral,tolerant,1,-0.1811576337881745,True
M1K,-2.2120577649155,1,True,neutral,tolerant,1,-0.2795669877926015,True
M1L,-1.4333993926068798,1,True,neutral,tolerant,1,-0.1811576337881745,True
M1M,0.0,1,True,neutral,tolerant,1,0.0,True
M1N,-2.2120577649155,1,True,neutral,tolerant,1,-0.2795669877926015,True
M1P,-2.2120577649155,1,True,neutral,tolerant,1,-0.2795669877926015,True
M1Q,-2.2120577649155,1,True,neutral,tolerant,1,-0.2795669877926015,True
M1R,-2.2120577649155,1,True,neutral,tolerant,1,-0.2795669877926015,True
M1S,-2.2120577649155,1,True,neutral,tolerant,1,-0.2795669877926015,True
M1T,-2.2120577649155,1,True,neutral,tolerant,1,-0.2795669877926015,True
M1V,-1.4333993926068798,1,True,neutral,tolerant,1,-0.1811576337881745,True
M1W,-2.2120577649155,1,True,neutral,tolerant,1,-0.2795669877926015,True
M1Y,-2.2120577649155,1,True,neutral,tolerant,1,-0.2795669877926015,True
A2A,0.0,2,True,neutral,tolerant,2,0.0,True
A2C,-1.45889922007644,2,True,neutral,tolerant,2,-0.4512722888335107,True
A2D,-1.53391540496364,2,True,neutral,tolerant,2,-0.4744765821717654,True
A2E,-2.0585721106993504,2,True,neutral,tolerant,2,-0.6367654018455454,True
A2F,-2.22450651077978,2,True,neutral,tolerant,2,-0.6880928653810922,True
A2G,-0.963591825294769,2,True,neutral,tolerant,2,-0.29806191032115775,True
A2H,-2.0585721106993504,2,True,neutral,tolerant,2,-0.6367654018455454,True
A2I,-1.95387916054758,2,True,neutral,tolerant,2,-0.6043813779256159,True
A2K,-2.22450651077978,2,True,neutral,tolerant,2,-0.6880928653810922,True
A2L,-1.35288133986715,2,True,neutral,tolerant,2,-0.41847843247870614,True
A2M,-1.95387916054758,2,True,neutral,tolerant,2,-0.6043813779256159,True
A2N,-2.0585721106993504,2,True,neutral,tolerant,2,-0.6367654018455454,True
A2P,-1.52193159440496,2,True,neutral,tolerant,2,-0.47076970403697593,True
A2Q,-2.0585721106993504,2,True,neutral,tolerant,2,-0.6367654018455454,True
A2R,-2.22450651077978,2,True,neutral,tolerant,2,-0.6880928653810922,True
A2S,-0.237747579506792,2,True,neutral,tolerant,2,-0.07354099096922928,True
A2T,-0.855274696945764,2,True,neutral,tolerant,2,-0.26455684173433136,True
A2V,-1.95387916054758,2,True,neutral,tolerant,2,-0.6043813779256159,True
A2W,-2.22450651077978,2,True,neutral,tolerant,2,-0.6880928653810922,True
A2Y,-2.22450651077978,2,True,neutral,tolerant,2,-0.6880928653810922,True
G3A,-0.8345745025256892,3,True,neutral,sensitive,3,-0.3765198908918367,True
G3C,-1.18021493323541,3,True,neutral,sensitive,3,-0.5324562355378626,True
G3D,-1.3330607469544,3,True,neutral,sensitive,3,-0.6014129181714502,True
G3E,-1.45992993482492,3,True,neutral,sensitive,3,-0.6586501961256418,True
G3F,-2.80320726314322,3,True,mild,sensitive,3,-1.264672344615993,True
G3G,0.0,3,True,neutral,sensitive,3,0.0,True
G3H,-1.62817376204688,3,True,neutral,sensitive,3,-0.7345537221465407,True
G3I,-3.26617820580646,3,True,mild,sensitive,3,-1.4735425752426328,True
G3K,-2.9083281115654502,3,True,mild,sensitive,3,-1.3120978174271243,True
G3L,-3.26617820580646,3,True,mild,sensitive,3,-1.4735425752426328,True
G3M,-3.26617820580646,3,True,mild,sensitive,3,-1.4735425752426328,True
G3N,-2.47338010874558,3,True,mild,sensitive,3,-1.1158701899717565,True
G3P,-3.43109178300528,3,True,impactful,sensitive,3,-1.5479436525647512,True
G3Q,-2.47338010874558,3,True,mild,sensitive,3,-1.1158701899717565,True
G3R,-1.62210878758151,3,True,neutral,sensitive,3,-0.7318174972594251,True
G3S,-0.602367505254283,3,True,neutral,sensitive,3,-0.27175925776398757,True
G3T,-2.15441876951129,3,True,neutral,sensitive,3,-0.9719701687228898,True
G3V,-2.61102132272712,3,True,mild,sensitive,3,-1.177967288210094,True
G3W,-2.80320726314322,3,True,mild,sensitive,3,-1.264672344615993,True
G3Y,-1.8266061680555,3,True,neutral,sensitive,3,-0.8240768835104004,True
W4A,-4.75775101368123,4,True,impactful,sensitive,4,-4.146899416718515,True
W4C,-4.75775101368123,4,True,impactful,sensitive,4,-4.146899416718515,True
W4D,-4.75775101368123,4,True,impactful,sensitive,4,-4.146899416718515,True
W4E,-4.75775101368123,4,True,impactful,sensitive,4,-4.146899416718515,True
W4F,-2.9185711621974098,4,True,mild,sensitive,4,-2.543853391101147,True
W4G,-2.4203403887973,4,True,mild,sensitive,4,-2.1095908797459115,True
W4H,-4.75775101368123,4,True,impactful,sensitive,4,-4.146899416718515,True
W4I,-4.75775101368123,4,True,impactful,sensitive,4,-4.146899416718515,True
W4K,-4.75775101368123,4,True,impactful,sensitive,4,-4.146899416718515,True
W4L,-4.75775101368123,4,True,impactful,sensitive,4,-4.146899416718515,True
W4M,-4.75775101368123,4,True,impactful,sensitive,4,-4.146899416718515,True
W4N,-4.75775101368123,4,True,impactful,sensitive,4,-4.146899416718515,True
W4P,-4.75775101368123,4,True,impactful,sensitive,4,-4.146899416718515,True
W4Q,-4.75775101368123,4,True,impactful,sensitive,4,-4.146899416718515,True
W4R,-4.75775101368123,4,True,impactful,sensitive,4,-4.146899416718515,True
W4S,-4.75775101368123,4,True,impactful,sensitive,4,-4.146899416718515,True
W4T,-4.75775101368123,4,True,impactful,sensitive,4,-4.146899416718515,True
W4V,-4.75775101368123,4,True,impactful,sensitive,4,-4.146899416718515,True
W4W,0.0,4,True,neutral,sensitive,4,0.0,True
W4Y,-2.9185711621974098,4,True,mild,sensitive,4,-2.543853391101147,True
N5A,-1.60564057747702,5,True,neutral,tolerant,5,-0.9904293641198885,True
N5C,-3.05517031338715,5,True,mild,tolerant,5,-1.8845627304217172,True
N5D,-0.8532944109219749,5,True,neutral,tolerant,5,-0.5263493291533995,True
N5E,-1.38750101856764,5,True,neutral,tolerant,5,-0.8558713393348538,True
N5F,-3.61764579990374,5,True,impactful,tolerant,5,-2.231522222015423,True
N5G,-2.0425712308967,5,True,neutral,tolerant,5,-1.2599473093570035,True
N5H,-0.367913344178777,5,True,neutral,tolerant,5,-0.22694504899644827,True
N5I,-3.51859878329507,5,True,impactful,tolerant,5,-2.170425688299364,True
N5K,-0.8448056266797571,5,True,neutral,tolerant,5,-0.5211130756000784,True
N5L,-3.51859878329507,5,True,impactful,tolerant,5,-2.170425688299364,True
N5M,-3.51859878329507,5,True,impactful,tolerant,5,-2.170425688299364,True
N5N,0.0,5,True,neutral,tolerant,5,0.0,True
N5P,-3.78696779317092,5,True,impactful,tolerant,5,-2.33596743626545,True
N5Q,-0.765966569498754,5,True,neutral,tolerant,5,-0.47248169547247315,True
N5R,-1.69502937809852,5,True,neutral,tolerant,5,-1.0455682876130317,True
N5S,-1.08017744554848,5,True,neutral,tolerant,5,-0.6663007123376826,True
N5T,-1.51475378389613,5,True,neutral,tolerant,5,-0.9343664130236586,True
N5V,-3.51859878329507,5,True,impactful,tolerant,5,-2.170425688299364,True
N5W,-3.61764579990374,5,True,impactful,tolerant,5,-2.231522222015423,True
N5Y,-2.73876467734913,5,True,mild,tolerant,5,-1.689389889562462,True
A6A,0.0,6,True,neutral,tolerant,6,0.0,True
A6C,-0.33587752959023304,6,True,neutral,tolerant,6,-0.17865131648962154,True
A6D,-1.16069495503259,6,True,neutral,tolerant,6,-0.6173669373250745,True
A6E,-1.2950622048800602,6,True,neutral,tolerant,6,-0.6888361008253128,True
A6F,-2.44379637402548,6,True,mild,tolerant,6,-1.2998411652748771,True
A6G,-0.908859636457848,6,True,neutral,tolerant,6,-0.4834171870787598,True
A6H,-1.38762307989158,6,True,neutral,tolerant,6,-0.7380686952070007,True
A6I,-1.26380981072851,6,True,neutral,tolerant,6,-0.6722131330267865,True
A6K,-2.08301342528958,6,True,neutral,tolerant,6,-1.1079428003044374,True
A6L,-2.55580907013863,6,True,mild,tolerant,6,-1.3594200708616238,True
A6M,-2.55580907013863,6,True,mild,tolerant,6,-1.3594200708616238,True
A6N,-0.9449268061195358,6,True,neutral,tolerant,6,-0.5026011061399009,True
A6P,-1.52440242384201,6,True,neutral,tolerant,6,-0.810820837617785,True
A6Q,-1.38263892992725,6,True,neutral,tolerant,6,-0.7354176546512493,True
A6R,-2.6133915137605803,6,True,mild,tolerant,6,-1.3900478397757905,True
A6S,-0.31506591309639503,6,True,neutral,tolerant,6,-0.16758173797558035,True
A6T,-0.604876701243449,6,True,neutral,tolerant,6,-0.3217304209748004,True
A6V,-1.32294371153166,6,True,neutral,tolerant,6,-0.7036661130476227,True
A6W,-2.44379637402548,6,True,mild,tolerant,6,-1.2998411652748771,True
A6Y,-1.62131455324153,6,True,neutral,tolerant,6,-0.8623678390565507,True
Y7A,-3.70047618779348,7,True,impactful,sensitive,7,-3.0270622360825326,True
Y7C,-2.5204353928547003,7,True,mild,sensitive,7,-2.0617656779857927,True
Y7D,-2.14957606525111,7,True,neutral,sensitive,7,-1.7583954606092065,True
Y7E,-3.9968625168597502,7,True,impactful,sensitive,7,-3.2695120772589483,True
Y7F,-1.67680046872753,7,True,neutral,sensitive,7,-1.3716557325983447,True
Y7G,-4.68395390860917,7,True,impactful,sensitive,7,-3.8315663370763158,True
Y7H,-2.2013776986335896,7,True,neutral,sensitive,7,-1.800770214619716,True
Y7I,-3.27174288511318,7,True,mild,sensitive,7,-2.6763499698678612,True
Y7K,-4.68395390860917,7,True,impactful,sensitive,7,-3.8315663370763158,True
Y7L,-2.8574972097196603,7,True,mild,sensitive,7,-2.3374888674560848,True
Y7M,-3.9968625168597502,7,True,impactful,sensitive,7,-3.2695120772589483,True
Y7N,-3.9968625168597502,7,True,impactful,sensitive,7,-3.2695120772589483,True
Y7P,-4.68395390860917,7,True,impactful,sensitive,7,-3.8315663370763158,True
Y7Q,-3.9968625168597502,7,True,impactful,sensitive,7,-3.2695120772589483,True
Y7R,-4.68395390860917,7,True,impactful,sensitive,7,-3.8315663370763158,True
Y7S,-2.9171386439767097,7,True,mild,sensitive,7,-2.3862767326343137,True
Y7T,-3.70047618779348,7,True,impactful,sensitive,7,-3.0270622360825326,True
Y7V,-3.9968625168597502,7,True,impactful,sensitive,7,-3.2695120772589483,True
Y7W,-1.90532613478773,7,True,neutral,sensitive,7,-1.5585942179717427,True
Y7Y,0.0,7,True,neutral,sensitive,7,0.0,True
I8A,-3.92444758083093,8,True,impactful,sensitive,8,-3.7079325418521014,True
I8C,-3.92444758083093,8,True,impactful,sensitive,8,-3.7079325418521014,True
I8D,-4.21812861783769,8,True,impactful,sensitive,8,-3.98541095164441,True
I8E,-4.21812861783769,8,True,impactful,sensitive,8,-3.98541095164441,True
I8F,-3.3310878801084898,8,True,impactful,sensitive,8,-3.1473089896153503,True
I8G,-4.21812861783769,8,True,impactful,sensitive,8,-3.98541095164441,True
I8H,-4.21812861783769,8,True,impactful,sensitive,8,-3.98541095164441,True
I8I,0.0,8,True,neutral,sensitive,8,0.0,True
I8K,-2.82611824655585,8,True,mild,sensitive,8,-2.670198950983998,True
I8L,-0.969407188763696,8,True,neutral,sensitive,8,-0.9159241874142201,True
I8M,-1.04815314133253,8,True,neutral,sensitive,8,-0.9903256602470664,True
I8N,-4.21812861783769,8,True,impactful,sensitive,8,-3.98541095164441,True
I8P,-4.21812861783769,8,True,impactful,sensitive,8,-3.98541095164441,True
I8Q,-4.21812861783769,8,True,impactful,sensitive,8,-3.98541095164441,True
I8R,-3.2102964017305897,8,True,mild,sensitive,8,-3.0331816776228155,True
I8S,-3.92444758083093,8,True,impactful,sensitive,8,-3.7079325418521014,True
I8T,-2.89468098426669,8,True,mild,sensitive,8,-2.7349790253970867,True
I8V,-0.6824145258470029,8,True,neutral,sensitive,8,-0.6447651485473325,True
I8W,-4.0328365135304,8,True,impactful,sensitive,8,-3.810341566932744,True
I8Y,-4.0328365135304,8,True,impactful,sensitive,8,-3.810341566932744,True
D9A,-1.52359922303024,9,True,neutral,tolerant,9,-0.7302343189884257,True
D9C,-2.5679228113082297,9,True,mild,tolerant,9,-1.230760253080866,True
D9D,0.0,9,True,neutral,tolerant,9,0.0,True
D9E,-0.590003161805174,9,True,neutral,tolerant,9,-0.2827781417510397,True
D9F,-3.59470836970827,9,True,impactful,tolerant,9,-1.7228805178143707,True
D9G,-2.2330692440830098,9,True,neutral,tolerant,9,-1.0702708258565385,True
D9H,-0.6984367665436949,9,True,neutral,tolerant,9,-0.3347484619735792,True
D9I,-3.10045498717185,9,True,mild,tolerant,9,-1.4859935617509619,True
D9K,-1.99346904986399,9,True,neutral,tolerant,9,-0.9554346655262389,True
D9L,-3.43450819333726,9,True,impactful,tolerant,9,-1.646099389991632,True
D9M,-3.43450819333726,9,True,impactful,tolerant,9,-1.646099389991632,True
D9N,-0.7560925168139291,9,True,neutral,tolerant,9,-0.3623818493486498,True
D9P,-3.59470836970827,9,True,impactful,tolerant,9,-1.7228805178143707,True
D9Q,-1.2412040820401598,9,True,neutral,tolerant,9,-0.5948872931108478,True
D9R,-2.06512817700446,9,True,neutral,tolerant,9,-0.9897796252215142,True
D9S,-1.43804716471601,9,True,neutral,tolerant,9,-0.6892307216533607,True
D9T,-1.43782185341625,9,True,neutral,tolerant,9,-0.6891227339089109,True
D9V,-3.43450819333726,9,True,impactful,tolerant,9,-1.646099389991632,True
D9W,-3.59470836970827,9,True,impactful,tolerant,9,-1.7228805178143707,True
D9Y,-3.59470836970827,9,True,impactful,tolerant,9,-1.7228805178143707,True
N10A,-1.54133548440016,10,True,neutral,tolerant,10,-0.7853630940596312,True
N10C,-1.5602418345616105,10,True,neutral,tolerant,10,-0.7949965254640539,True
N10D,-1.01615022243469,10,True,neutral,tolerant,10,-0.5177632584195425,True
N10E,-1.7587622472352902,10,True,neutral,tolerant,10,-0.8961494588191642,True
N10F,-3.49499517675337,10,True,impactful,tolerant,10,-1.780819460473734,True
N10G,-2.2340186626309104,10,True,neutral,tolerant,10,-1.1383088411499034,True
N10H,-0.48148291571914,10,True,neutral,tolerant,10,-0.24533199699427952,True
N10I,-3.03516383586964,10,True,mild,tolerant,10,-1.546519680654821,True
N10K,-2.2235897434623,10,True,neutral,tolerant,10,-1.132994950495433,True
N10L,-2.19364967038227,10,True,neutral,tolerant,10,-1.1177394602608364,True
N10M,-1.90436075154633,10,True,neutral,tolerant,10,-0.9703368716137729,True
N10N,0.0,10,True,neutral,tolerant,10,0.0,True
N10P,-3.84284415784557,10,True,impactful,tolerant,10,-1.9580604017360292,True
N10Q,-1.4652994761601,10,True,neutral,tolerant,10,-0.7466201498429172,True
N10R,-2.0384076594660603,10,True,neutral,tolerant,10,-1.038638351349014,True
N10S,-0.277182264685799,10,True,neutral,tolerant,10,-0.14123383469421158,True
N10T,-1.38747727408544,10,True,neutral,tolerant,10,-0.7069670788363321,True
N10V,-1.95893895782127,10,True,neutral,tolerant,10,-0.9981463325534156,True
N10W,-3.49499517675337,10,True,impactful,tolerant,10,-1.780819460473734,True
N10Y,-2.50952104298331,10,True,mild,tolerant,10,-1.2786867173775167,True
L11A,-3.83031586654971,11,True,impactful,sensitive,11,-3.738264174673276,True
L11C,-2.9933901577352704,11,True,mild,sensitive,11,-2.921451801196021,True
L11D,-4.4132249195134,11,True,impactful,sensitive,11,-4.3071645227664375,True
L11E,-4.4132249195134,11,True,impactful,sensitive,11,-4.3071645227664375,True
L11F,-2.3479193293196,11,True,mild,sensitive,11,-2.2914931874077222,True
L11G,-4.4132249195134,11,True,impactful,sensitive,11,-4.3071645227664375,True
L11H,-4.4132249195134,11,True,impactful,sensitive,11,-4.3071645227664375,True
L11I,-1.36408104211809,11,True,neutral,sensitive,11,-1.3312988977314841,True
L11K,-4.4132249195134,11,True,impactful,sensitive,11,-4.3071645227664375,True
L11L,0.0,11,True,neutral,sensitive,11,0.0,True
L11M,-1.3594426593254298,11,True,neutral,sensitive,11,-1.3267719864201617,True
L11N,-4.4132249195134,11,True,impactful,sensitive,11,-4.3071645227664375,True
L11P,-4.4132249195134,11,True,impactful,sensitive,11,-4.3071645227664375,True
L11Q,-4.4132249195134,11,True,impactful,sensitive,11,-4.3071645227664375,True
L11R,-4.4132249195134,11,True,impactful,sensitive,11,-4.3071645227664375,True
L11S,-3.83031586654971,11,True,impactful,sensitive,11,-3.738264174673276,True
L11T,-2.45991632841916,11,True,mild,sensitive,11,-2.4007986295674923,True
L11V,-1.5184386743578702,11,True,neutral,sensitive,11,-1.4819469452537744,True
L11W,-3.47914135122109,11,True,impactful,sensitive,11,-3.3955292265777897,True
L11Y,-3.47914135122109,11,True,impactful,sensitive,11,-3.3955292265777897,True
M12A,-3.4217127659465,12,True,impactful,sensitive,12,-2.7230752667271774,True
M12C,-3.4217127659465,12,True,impactful,sensitive,12,-2.7230752667271774,True
M12D,-3.81945485638022,12,True,impactful,sensitive,12,-3.03960728536283,True
M12E,-3.81945485638022,12,True,impactful,sensitive,12,-3.03960728536283,True
M12F,-4.40311250829892,12,True,impactful,sensitive,12,-3.5040950506695228,True
M12G,-4.40311250829892,12,True,impactful,sensitive,12,-3.5040950506695228,True
M12H,-3.81945485638022,12,True,impactful,sensitive,12,-3.03960728536283,True
M12I,-0.5088253084094551,12,True,neutral,sensitive,12,-0.4049345188187778,True
M12K,-2.35802785724094,12,True,mild,sensitive,12,-1.8765711138030934,True
M12L,-0.716519935338683,12,True,neutral,sensitive,12,-0.570222531083204,True
M12M,0.0,12,True,neutral,sensitive,12,0.0,True
M12N,-3.81945485638022,12,True,impactful,sensitive,12,-3.03960728536283,True
M12P,-4.40311250829892,12,True,impactful,sensitive,12,-3.5040950506695228,True
M12Q,-2.82879272773165,12,True,mild,sensitive,12,-2.251216288008028,True
M12R,-2.50676549419442,12,True,mild,sensitive,12,-1.994939839679309,True
M12S,-2.62604848089398,12,True,mild,sensitive,12,-2.0898678985320425,True
M12T,-1.9178452708202696,12,True,neutral,sensitive,12,-1.5262640027400876,True
M12V,-1.29033212658506,12,True,neutral,sensitive,12,-1.0268750593959692,True
M12W,-4.40311250829892,12,True,impactful,sensitive,12,-3.5040950506695228,True
M12Y,-4.40311250829892,12,True,impactful,sensitive,12,-3.5040950506695228,True
A13A,0.0,13,True,neutral,tolerant,13,0.0,True
A13C,-0.847838042874359,13,True,neutral,tolerant,13,-0.3217815380367583,True
A13D,-1.6044649413414198,13,True,neutral,tolerant,13,-0.6089455420053707,True
A13E,-0.8193292868648661,13,True,neutral,tolerant,13,-0.3109615572239738,True
A13F,-2.59549660792198,13,True,mild,tolerant,13,-0.9850736204698584,True
A13G,-1.5536635149411202,13,True,neutral,tolerant,13,-0.5896647828333361,True
A13H,-2.13422909557899,13,True,neutral,tolerant,13,-0.8100079097299686,True
A13I,-2.96356068706154,13,True,mild,tolerant,13,-1.1247656600958293,True
A13K,-1.53191329573699,13,True,neutral,tolerant,13,-0.5814098819746603,True
A13L,-2.96356068706154,13,True,mild,tolerant,13,-1.1247656600958293,True
A13M,-2.96356068706154,13,True,mild,tolerant,13,-1.1247656600958293,True
A13N,-1.90419396642108,13,True,neutral,tolerant,13,-0.7227022523759192,True
A13P,-1.98906809165966,13,True,neutral,tolerant,13,-0.7549146858569701,True
A13Q,-1.29739824321992,13,True,neutral,tolerant,13,-0.4924039510354458,True
A13R,-1.50885705211628,13,True,neutral,tolerant,13,-0.5726593032574445,True
A13S,-0.7709288660059941,13,True,neutral,tolerant,13,-0.29259205611879374,True
A13T,-1.45280533788133,13,True,neutral,tolerant,13,-0.5513858926483006,True
A13V,-1.36668414172451,13,True,neutral,tolerant,13,-0.5187001560387987,True
A13W,-3.37372307805411,13,True,impactful,tolerant,13,-1.2804353497584597,True
A13Y,-3.37372307805411,13,True,impactful,tolerant,13,-1.2804353497584597,True
D14A,-3.22491453442099,14,True,mild,sensitive,14,-1.8112523425460774,True
D14C,-3.22491453442099,14,True,mild,sensitive,14,-1.8112523425460774,True
D14D,0.0,14,True,neutral,sensitive,14,0.0,True
D14E,-0.47586509065938,14,True,neutral,sensitive,14,-0.26726654334343575,True
D14F,-4.0193359858489,14,True,impactful,sensitive,14,-2.2574340008534968,True
D14G,-1.85910962445161,14,True,neutral,sensitive,14,-1.044156868778079,True
D14H,-1.77908375193091,14,True,neutral,sensitive,14,-0.9992108562495837,True
D14I,-3.87802118529028,14,True,impactful,sensitive,14,-2.178065459201838,True
D14K,-3.8275837498188,14,True,impactful,sensitive,14,-2.1497376005331317,True
D14L,-3.87802118529028,14,True,impactful,sensitive,14,-2.178065459201838,True
D14M,-2.9723338175227005,14,True,mild,sensitive,14,-1.66939202027055,True
D14N,-0.935752280643744,14,True,neutral,sensitive,14,-0.5255592023504957,True
D14P,-2.6283202265394503,14,True,mild,sensitive,14,-1.4761790169845659,True
D14Q,-2.6720728299917003,14,True,mild,sensitive,14,-1.500752383084516,True
D14R,-2.4063697853759103,14,True,mild,sensitive,14,-1.3515219905127698,True
D14S,-1.87690254284552,14,True,neutral,sensitive,14,-1.0541501460503049,True
D14T,-2.29676116736313,14,True,neutral,sensitive,14,-1.2899610207506578,True
D14V,-3.28028622456536,14,True,mild,sensitive,14,-1.8423514933651959,True
D14W,-4.0193359858489,14,True,impactful,sensitive,14,-2.2574340008534968,True
D14Y,-3.2205512823429303,14,True,mild,sensitive,14,-1.8088017503014913,True
G15A,-1.7228118727432702,15,True,neutral,tolerant,15,-1.2074906683086706,True
G15C,-3.40397292573385,15,True,impactful,tolerant,15,-2.385788958172272,True
G15D,-1.25403720082276,15,True,neutral,tolerant,15,-0.878934166673843,True
G15E,-1.8447473607958895,15,True,neutral,tolerant,15,-1.292953257862778,True
G15F,-4.30332683120202,15,True,impactful,tolerant,15,-3.016131403299826,True
G15G,0.0,15,True,neutral,tolerant,15,0.0,True
G15H,-1.94505122244826,15,True,neutral,tolerant,15,-1.3632545942168777,True
G15I,-4.30332683120202,15,True,impactful,tolerant,15,-3.016131403299826,True
G15K,-1.6440756557448,15,True,neutral,tolerant,15,-1.1523057413948619,True
G15L,-4.30332683120202,15,True,impactful,tolerant,15,-3.016131403299826,True
G15M,-4.30332683120202,15,True,impactful,tolerant,15,-3.016131403299826,True
G15N,-0.8977363970850291,15,True,neutral,tolerant,15,-0.6292087599530704,True
G15P,-3.08165126916276,15,True,mild,tolerant,15,-2.1598789800365563,True
G15Q,-1.85983418070518,15,True,neutral,tolerant,15,-1.3035273632210804,True
G15R,-2.02494008243262,15,True,neutral,tolerant,15,-1.4192473897502225,True
G15S,-2.14825412231218,15,True,neutral,tolerant,15,-1.5056761837362511,True
G15T,-2.30078865829398,15,True,neutral,tolerant,15,-1.6125851455949458,True
G15V,-4.30332683120202,15,True,impactful,tolerant,15,-3.016131403299826,True
G15W,-4.30332683120202,15,True,impactful,tolerant,15,-3.016131403299826,True
G15Y,-4.30332683120202,15,True,impactful,tolerant,15,-3.016131403299826,True
T16A,-1.01438995283926,16,True,neutral,tolerant,16,-0.8326148794865497,True
T16C,-0.80772163678963,16,True,neutral,tolerant,16,-0.6629807909590406,True
T16D,-1.19169643764954,16,True,neutral,tolerant,16,-0.9781486725503383,True
T16E,-1.9442574212925496,16,True,neutral,tolerant,16,-1.5958534033083465,True
T16F,-1.43339126689955,16,True,neutral,tolerant,16,-1.1765326476333482,True
T16G,-3.354139012741701,16,True,impactful,tolerant,16,-2.753089225754189,True
T16H,-1.17936443014045,16,True,neutral,tolerant,16,-0.9680265169461066,True
T16I,-1.50293800985276,16,True,neutral,tolerant,16,-1.233616861490743,True
T16K,-2.06295996146599,16,True,neutral,tolerant,16,-1.6932848702748946,True
T16L,-1.64489059108022,16,True,neutral,tolerant,16,-1.3501320448092384,True
T16M,-1.53495852239532,16,True,neutral,tolerant,16,-1.2598994120198548,True
T16N,-1.27670068703494,16,True,neutral,tolerant,16,-1.0479204626393166,True
T16P,-2.25793031271362,16,True,neutral,tolerant,16,-1.853317227706198,True
T16Q,-1.38224153517495,16,True,neutral,tolerant,16,-1.134548765994493,True
T16R,-1.80430440554771,16,True,neutral,tolerant,16,-1.4809794704465198,True
T16S,-0.762580111765584,16,True,neutral,tolerant,16,-0.6259284667394109,True
T16T,0.0,16,True,neutral,tolerant,16,0.0,True
T16V,-1.11793308574407,16,True,neutral,tolerant,16,-0.9176034510747181,True
T16W,-2.00120238332039,16,True,neutral,tolerant,16,-1.6425940305823723,True
T16Y,-1.4491340342241898,16,True,neutral,tolerant,16,-1.189454367019568,True
C17A,-1.03658386408254,17,True,neutral,sensitive,17,-1.0299332225533842,True
C17C,0.0,17,True,neutral,sensitive,17,0.0,True
C17D,-4.442330357523152,17,True,impactful,sensitive,17,-4.4138287111193435,True
C17E,-4.442330357523152,17,True,impactful,sensitive,17,-4.4138287111193435,True
C17F,-2.86720251706181,17,True,mild,sensitive,17,-2.8488067684946174,True
C17G,-3.11072776929327,17,True,mild,sensitive,17,-3.090769581629727,True
C17H,-4.442330357523152,17,True,impactful,sensitive,17,-4.4138287111193435,True
C17I,-1.71152154954258,17,True,neutral,sensitive,17,-1.7005405602663213,True
C17K,-4.1262376298275605,17,True,impactful,sensitive,17,-4.099764009804172,True
C17L,-1.91198748708527,17,True,neutral,sensitive,17,-1.8997203239299856,True
C17M,-2.00873921974502,17,True,neutral,sensitive,17,-1.9958513049906217,True
C17N,-4.442330357523152,17,True,impactful,sensitive,17,-4.4138287111193435,True
C17P,-4.442330357523152,17,True,impactful,sensitive,17,-4.4138287111193435,True
C17Q,-4.442330357523152,17,True,impactful,sensitive,17,-4.4138287111193435,True
C17R,-1.78048170033249,17,True,neutral,sensitive,17,-1.7690582680869824,True
C17S,-1.46495633914137,17,True,neutral,sensitive,17,-1.4555572930968737,True
C17T,-1.60707504534183,17,True,neutral,sensitive,17,-1.5967641767210068,True
C17V,-1.47182232590326,17,True,neutral,sensitive,17,-1.4623792282211878,True
C17W,-3.68302078264625,17,True,impactful,sensitive,17,-3.6593908074763286,True
C17Y,-2.6378662673484303,17,True,mild,sensitive,17,-2.6209419223399206,True
Q18A,-2.0898731082867603,18,True,neutral,sensitive,18,-1.666694021137762,True
Q18C,-2.1175831015049,18,True,neutral,sensitive,18,-1.6887930087936691,True
Q18D,-1.48593784656768,18,True,neutral,sensitive,18,-1.1850498074913973,True
Q18E,-1.33488410200426,18,True,neutral,sensitive,18,-1.0645829849192312,True
Q18F,-4.0989523375676695,18,True,impactful,sensitive,18,-3.268954142174302,True
Q18G,-3.0928080301308296,18,True,mild,sensitive,18,-2.466544323627234,True
Q18H,-2.64966389070027,18,True,mild,sensitive,18,-2.113132585487481,True
Q18I,-3.60743687996903,18,True,impactful,sensitive,18,-2.8769658098549233,True
Q18K,-2.22844317493161,18,True,neutral,sensitive,18,-1.7772049898036846,True
Q18L,-1.9858248220709,18,True,neutral,sensitive,18,-1.583714506325129,True
Q18M,-2.37454932751867,18,True,mild,sensitive,18,-1.893726059912062,True
Q18N,-1.77148029907143,18,True,neutral,sensitive,18,-1.412772675679867,True
Q18P,-2.59915541889576,18,True,mild,sensitive,18,-2.0728515906081353,True
Q18Q,0.0,18,True,neutral,sensitive,18,0.0,True
Q18R,-2.42653448457338,18,True,mild,sensitive,18,-1.9351847255637873,True
Q18S,-2.192784979123,18,True,neutral,sensitive,18,-1.748767233691549,True
Q18T,-2.40665417675191,18,True,mild,sensitive,18,-1.9193299877555263,True
Q18V,-2.7034410366058497,18,True,mild,sensitive,18,-2.1560203795833437,True
Q18W,-4.0989523375676695,18,True,impactful,sensitive,18,-3.268954142174302,True
Q18Y,-3.27562350727167,18,True,mild,sensitive,18,-2.6123414351905634,True
D19A,-4.56677111012686,19,True,impactful,sensitive,19,-4.512843287507381,True
D19C,-4.56677111012686,19,True,impactful,sensitive,19,-4.512843287507381,True
D19D,0.0,19,True,neutral,sensitive,19,0.0,True
D19E,-1.06265187119365,19,True,neutral,sensitive,19,-1.0501032892231388,True
D19F,-4.7757965738965185,19,True,impactful,sensitive,19,-4.719400423467019,True
D19G,-3.4325844126363703,19,True,impactful,sensitive,19,-3.3920499083077966,True
D19H,-1.8468327075387496,19,True,neutral,sensitive,19,-1.8250239362519323,True
D19I,-4.7757965738965185,19,True,impactful,sensitive,19,-4.719400423467019,True
D19K,-3.41385724598446,19,True,impactful,sensitive,19,-3.3735438859385787,True
D19L,-4.7757965738965185,19,True,impactful,sensitive,19,-4.719400423467019,True
D19M,-4.7757965738965185,19,True,impactful,sensitive,19,-4.719400423467019,True
D19N,-1.23989310920296,19,True,neutral,sensitive,19,-1.2252515311497183,True
D19P,-4.7757965738965185,19,True,impactful,sensitive,19,-4.719400423467019,True
D19Q,-1.81883333629272,19,True,neutral,sensitive,19,-1.7973552023620567,True
D19R,-2.66253308343663,19,True,mild,sensitive,19,-2.631091916717399,True
D19S,-4.56677111012686,19,True,impactful,sensitive,19,-4.512843287507381,True
D19T,-4.56677111012686,19,True,impactful,sensitive,19,-4.512843287507381,True
D19V,-4.7757965738965185,19,True,impactful,sensitive,19,-4.719400423467019,True
D19W,-4.7757965738965185,19,True,impactful,sensitive,19,-4.719400423467019,True
D19Y,-4.7757965738965185,19,True,impactful,sensitive,19,-4.719400423467019,True
A20A,0.0,20,True,neutral,sensitive,20,0.0,True
A20C,-1.55628673686482,20,True,neutral,sensitive,20,-1.55628673686482,True
A20D,-3.4295620329482204,20,True,impactful,sensitive,20,-3.4295620329482204,True
A20E,-2.19163328833774,20,True,neutral,sensitive,20,-2.19163328833774,True
A20F,-3.8231661688131098,20,True,impactful,sensitive,20,-3.8231661688131098,True
A20G,-1.9458744819537697,20,True,neutral,sensitive,20,-1.9458744819537697,True
A20H,-3.4295620329482204,20,True,impactful,sensitive,20,-3.4295620329482204,True
A20I,-1.73994458448919,20,True,neutral,sensitive,20,-1.73994458448919,True
A20K,-3.8231661688131098,20,True,impactful,sensitive,20,-3.8231661688131098,True
A20L,-1.7562847551919698,20,True,neutral,sensitive,20,-1.7562847551919698,True
A20M,-1.68970844612205,20,True,neutral,sensitive,20,-1.68970844612205,True
A20N,-3.4295620329482204,20,True,impactful,sensitive,20,-3.4295620329482204,True
A20P,-3.8231661688131098,20,True,impactful,sensitive,20,-3.8231661688131098,True
A20Q,-3.4295620329482204,20,True,impactful,sensitive,20,-3.4295620329482204,True
A20R,-3.8231661688131098,20,True,impactful,sensitive,20,-3.8231661688131098,True
A20S,-0.7668445400221681,20,True,neutral,sensitive,20,-0.7668445400221681,True
A20T,-0.855868603778846,20,True,neutral,sensitive,20,-0.855868603778846,True
A20V,-0.647424402983077,20,True,neutral,sensitive,20,-0.647424402983077,True
A20W,-3.8231661688131098,20,True,impactful,sensitive,20,-3.8231661688131098,True
A20Y,-3.8231661688131098,20,True,impactful,sensitive,20,-3.8231661688131098,True
A21A,0.0,21,True,neutral,sensitive,21,0.0,True
A21C,-1.44985557801413,21,True,neutral,sensitive,21,-1.44985557801413,True
A21D,-4.87016498475406,21,True,impactful,sensitive,21,-4.87016498475406,True
A21E,-3.43190960220719,21,True,impactful,sensitive,21,-3.43190960220719,True
A21F,-5.093386102781589,21,True,impactful,sensitive,21,-5.093386102781589,True
A21G,-2.78922673079288,21,True,mild,sensitive,21,-2.78922673079288,True
A21H,-4.87016498475406,21,True,impactful,sensitive,21,-4.87016498475406,True
A21I,-4.145158973930831,21,True,impactful,sensitive,21,-4.145158973930831,True
A21K,-5.093386102781589,21,True,impactful,sensitive,21,-5.093386102781589,True
A21L,-4.145158973930831,21,True,impactful,sensitive,21,-4.145158973930831,True
A21M,-4.145158973930831,21,True,impactful,sensitive,21,-4.145158973930831,True
A21N,-4.87016498475406,21,True,impactful,sensitive,21,-4.87016498475406,True
A21P,-3.24004324401821,21,True,mild,sensitive,21,-3.24004324401821,True
A21Q,-4.87016498475406,21,True,impactful,sensitive,21,-4.87016498475406,True
A21R,-5.093386102781589,21,True,impactful,sensitive,21,-5.093386102781589,True
A21S,-3.11059259026361,21,True,mild,sensitive,21,-3.11059259026361,True
A21T,-2.55769609430165,21,True,mild,sensitive,21,-2.55769609430165,True
A21V,-2.4041785137098,21,True,mild,sensitive,21,-2.4041785137098,True
A21W,-5.093386102781589,21,True,impactful,sensitive,21,-5.093386102781589,True
A21Y,-5.093386102781589,21,True,impactful,sensitive,21,-5.093386102781589,True
I22A,-4.17349687119872,22,True,impactful,sensitive,22,-4.17349687119872,True
I22C,-4.17349687119872,22,True,impactful,sensitive,22,-4.17349687119872,True
I22D,-4.5498268669347315,22,True,impactful,sensitive,22,-4.5498268669347315,True
I22E,-4.5498268669347315,22,True,impactful,sensitive,22,-4.5498268669347315,True
I22F,-3.5529040669385,22,True,impactful,sensitive,22,-3.5529040669385,True
I22G,-4.7580482799749415,22,True,impactful,sensitive,22,-4.7580482799749415,True
I22H,-4.5498268669347315,22,True,impactful,sensitive,22,-4.5498268669347315,True
I22I,0.0,22,True,neutral,sensitive,22,0.0,True
I22K,-4.7580482799749415,22,True,impactful,sensitive,22,-4.7580482799749415,True
I22L,-1.6393297981136,22,True,neutral,sensitive,22,-1.6393297981136,True
I22M,-2.65395031748586,22,True,mild,sensitive,22,-2.65395031748586,True
I22N,-4.5498268669347315,22,True,impactful,sensitive,22,-4.5498268669347315,True
I22P,-4.7580482799749415,22,True,impactful,sensitive,22,-4.7580482799749415,True
I22Q,-4.5498268669347315,22,True,impactful,sensitive,22,-4.5498268669347315,True
I22R,-4.7580482799749415,22,True,impactful,sensitive,22,-4.7580482799749415,True
I22S,-4.17349687119872,22,True,impactful,sensitive,22,-4.17349687119872,True
I22T,-2.83188739126741,22,True,mild,sensitive,22,-2.83188739126741,True
I22V,-1.0424897513409102,22,True,neutral,sensitive,22,-1.0424897513409102,True
I22W,-4.42802514845904,22,True,impactful,sensitive,22,-4.42802514845904,True
I22Y,-4.42802514845904,22,True,impactful,sensitive,22,-4.42802514845904,True
V23A,-1.72045023596308,23,True,neutral,sensitive,23,-1.696569037695936,True
V23C,-1.84706212875609,23,True,neutral,sensitive,23,-1.8214234581415545,True
V23D,-4.34958388863196,23,True,impactful,sensitive,23,-4.289208253782022,True
V23E,-4.34958388863196,23,True,impactful,sensitive,23,-4.289208253782022,True
V23F,-2.50019559594084,23,True,mild,sensitive,23,-2.465490920684784,True
V23G,-4.34958388863196,23,True,impactful,sensitive,23,-4.289208253782022,True
V23H,-4.34958388863196,23,True,impactful,sensitive,23,-4.289208253782022,True
V23I,-0.970342638929397,23,True,neutral,sensitive,23,-0.956873522262756,True
V23K,-4.34958388863196,23,True,impactful,sensitive,23,-4.289208253782022,True
V23L,-0.4165306798185789,23,True,neutral,sensitive,23,-0.41074890738415126,True
V23M,-0.947467932636858,23,True,neutral,sensitive,23,-0.9343163348294411,True
V23N,-4.34958388863196,23,True,impactful,sensitive,23,-4.289208253782022,True
V23P,-4.34958388863196,23,True,impactful,sensitive,23,-4.289208253782022,True
V23Q,-4.34958388863196,23,True,impactful,sensitive,23,-4.289208253782022,True
V23R,-4.34958388863196,23,True,impactful,sensitive,23,-4.289208253782022,True
V23S,-1.87335376796181,23,True,neutral,sensitive,23,-1.8473501487800241,True
V23T,-1.60918940837849,23,True,neutral,sensitive,23,-1.5868525976369907,True
V23V,0.0,23,True,neutral,sensitive,23,0.0,True
V23W,-2.70791468555413,23,True,mild,sensitive,23,-2.670326706463279,True
V23Y,-2.98547056322309,23,True,mild,sensitive,23,-2.9440298909207363,True
G24A,-2.08000377979422,24,True,neutral,sensitive,24,-2.08000377979422,True
G24C,-2.50015040022784,24,True,mild,sensitive,24,-2.50015040022784,True
G24D,-3.3155205131089995,24,True,impactful,sensitive,24,-3.3155205131089995,True
G24E,-4.1567696914052314,24,True,impactful,sensitive,24,-4.1567696914052314,True
G24F,-4.99461761241149,24,True,impactful,sensitive,24,-4.99461761241149,True
G24G,0.0,24,True,neutral,sensitive,24,0.0,True
G24H,-4.1567696914052314,24,True,impactful,sensitive,24,-4.1567696914052314,True
G24I,-4.77455724552731,24,True,impactful,sensitive,24,-4.77455724552731,True
G24K,-4.77455724552731,24,True,impactful,sensitive,24,-4.77455724552731,True
G24L,-4.77455724552731,24,True,impactful,sensitive,24,-4.77455724552731,True
G24M,-4.77455724552731,24,True,impactful,sensitive,24,-4.77455724552731,True
G24N,-3.12149734682821,24,True,mild,sensitive,24,-3.12149734682821,True
G24P,-4.99461761241149,24,True,impactful,sensitive,24,-4.99461761241149,True
G24Q,-4.1567696914052314,24,True,impactful,sensitive,24,-4.1567696914052314,True
G24R,-4.77455724552731,24,True,impactful,sensitive,24,-4.77455724552731,True
G24S,-2.44223524672348,24,True,mild,sensitive,24,-2.44223524672348,True
G24T,-2.6462922606254504,24,True,mild,sensitive,24,-2.6462922606254504,True
G24V,-4.77455724552731,24,True,impactful,sensitive,24,-4.77455724552731,True
G24W,-4.99461761241149,24,True,impactful,sensitive,24,-4.99461761241149,True
G24Y,-4.99461761241149,24,True,impactful,sensitive,24,-4.99461761241149,True
Y25A,-1.97544779457105,25,True,neutral,tolerant,25,-1.7287608504439818,True
Y25C,-1.29244376364219,25,True,neutral,tolerant,25,-1.1310479508117073,True
Y25D,-2.8666196286118297,25,True,mild,tolerant,25,-2.5086462930975513,True
Y25E,-2.8666196286118297,25,True,mild,tolerant,25,-2.5086462930975513,True
Y25F,-0.921137452702856,25,True,neutral,tolerant,25,-0.8061090606832122,True
Y25G,-3.03388836362207,25,True,mild,tolerant,25,-2.6550270992032283,True
Y25H,-1.29400598219229,25,True,neutral,tolerant,25,-1.1324150850263763,True
Y25I,-1.54488167836217,25,True,neutral,tolerant,25,-1.351962310247047,True
Y25K,-2.63928149931296,25,True,mild,tolerant,25,-2.3096973465219235,True
Y25L,-1.6137166058896202,25,True,neutral,tolerant,25,-1.412201375121168,True
Y25M,-1.9358279437323305,25,True,neutral,tolerant,25,-1.6940885866571875,True
Y25N,-1.1119010803588898,25,True,neutral,tolerant,25,-0.9730508002152527,True
Y25P,-3.99153008137167,25,True,impactful,tolerant,25,-3.4930819012320096,True
Y25Q,-2.22788315523434,25,True,neutral,tolerant,25,-1.949672974764211,True
Y25R,-2.837281385151,25,True,mild,tolerant,25,-2.4829717058696517,True
Y25S,-1.2450910820465402,25,True,neutral,tolerant,25,-1.0896085048637703,True
Y25T,-2.03342967959268,25,True,neutral,tolerant,25,-1.7795021624319827,True
Y25V,-1.87495633151862,25,True,neutral,tolerant,25,-1.6408184064035398,True
Y25W,-2.52448291948608,25,True,mild,tolerant,25,-2.2092344079230464,True
Y25Y,0.0,25,True,neutral,tolerant,25,0.0,True
K26A,-0.711575147717665,26,True,neutral,tolerant,26,-0.4521457339635367,True
K26C,-0.752473087641624,26,True,neutral,tolerant,26,-0.478132910614979,True
K26D,-1.79751503271094,26,True,neutral,tolerant,26,-1.142168548722352,True
K26E,-1.4018750947636005,26,True,neutral,tolerant,26,-0.8907728799693649,True
K26F,-2.28971646983098,26,True,neutral,tolerant,26,-1.4549208711697474,True
K26G,-1.88901956686367,26,True,neutral,tolerant,26,-1.2003119294856914,True
K26H,-2.22245884154035,26,True,neutral,tolerant,26,-1.4121843453008314,True
K26I,-1.93032180558445,26,True,neutral,tolerant,26,-1.2265560037772711,True
K26K,0.0,26,True,neutral,tolerant,26,0.0,True
K26L,-1.47224148571163,26,True,neutral,tolerant,26,-0.9354847611861408,True
K26M,-1.92872089557518,26,True,neutral,tolerant,26,-1.2255387610679485,True
K26N,-1.15437469608719,26,True,neutral,tolerant,26,-0.7335073405885332,True
K26P,-3.60067964360381,26,True,impactful,tolerant,26,-2.287926925844201,True
K26Q,-1.95666415783349,26,True,neutral,tolerant,26,-1.2432943373604082,True
K26R,-1.00882992286285,26,True,neutral,tolerant,26,-0.6410259652550224,True
K26S,-0.663637814238272,26,True,neutral,tolerant,26,-0.42168561896399637,True
K26T,-0.64493064155803,26,True,neutral,tolerant,26,-0.40979879527570384,True
K26V,-1.50319560974453,26,True,neutral,tolerant,26,-0.9551534851079143,True
K26W,-3.40213686494255,26,True,impactful,tolerant,26,-2.161769807135252,True
K26Y,-2.21405185290924,26,True,neutral,tolerant,26,-1.4068424161212805,True
D27A,-1.43567118524083,27,True,neutral,tolerant,27,-0.24047121218365852,True
D27C,-2.23516975745166,27,True,neutral,tolerant,27,-0.3743851562504485,True
D27D,0.0,27,True,neutral,tolerant,27,0.0,True
D27E,-0.929975572705789,27,True,neutral,tolerant,27,-0.15576850435445594,True
D27F,-4.06606220005088,27,True,impactful,tolerant,27,-0.6810549073577529,True
D27G,-1.87587778867717,27,True,neutral,tolerant,27,-0.3142046802840373,True
D27H,-0.956075480681007,27,True,neutral,tolerant,27,-0.16014017146960374,True
D27I,-4.2553745580054105,27,True,impactful,tolerant,27,-0.7127642379249997,True
D27K,-2.89160258435772,27,True,mild,tolerant,27,-0.48433595781701094,True
D27L,-4.2553745580054105,27,True,impactful,tolerant,27,-0.7127642379249997,True
D27M,-4.2553745580054105,27,True,impactful,tolerant,27,-0.7127642379249997,True
D27N,-1.44593819967182,27,True,neutral,tolerant,27,-0.24219091055965758,True
D27P,-2.2537495363941096,27,True,neutral,tolerant,27,-0.3774972211928439,True
D27Q,-1.66768602474148,27,True,neutral,tolerant,27,-0.279333098019975,True
D27R,-3.87674984209634,27,True,impactful,tolerant,27,-0.6493455767905043,True
D27S,-1.92252763607994,27,True,neutral,tolerant,27,-0.32201840912978624,True
D27T,-2.18494579701827,27,True,neutral,tolerant,27,-0.3659727727114869,True
D27V,-4.2553745580054105,27,True,impactful,tolerant,27,-0.7127642379249997,True
D27W,-4.06606220005088,27,True,impactful,tolerant,27,-0.6810549073577529,True
D27Y,-3.20469361852045,27,True,mild,tolerant,27,-0.5367778966696859,True
S28A,-0.35542507582517,28,True,neutral,tolerant,28,-0.1676389269158617,True
S28C,-1.1725678223277902,28,True,neutral,tolerant,28,-0.5530504875457615,True
S28D,-2.37313281950698,28,True,mild,tolerant,28,-1.1193060544964242,True
S28E,-2.37313281950698,28,True,mild,tolerant,28,-1.1193060544964242,True
S28F,-3.45414845502716,28,True,impactful,tolerant,28,-1.6291752602555913,True
S28G,-2.06856940800513,28,True,neutral,tolerant,28,-0.9756564164863067,True
S28H,-2.37313281950698,28,True,mild,tolerant,28,-1.1193060544964242,True
S28I,-2.34306437594528,28,True,mild,tolerant,28,-1.1051240455286804,True
S28K,-1.88526330723348,28,True,neutral,tolerant,28,-0.8891987067730912,True
S28L,-0.895616300801958,28,True,neutral,tolerant,28,-0.42242420641318584,True
S28M,-2.7365439001346,28,True,mild,tolerant,28,-1.290711641016478,True
S28N,-1.15033711921253,28,True,neutral,tolerant,28,-0.542565208176614,True
S28P,-1.06405541661298,28,True,neutral,tolerant,28,-0.5018697901544573,True
S28Q,-1.26904491585516,28,True,neutral,tolerant,28,-0.598554638859061,True
S28R,-2.01772932960505,28,True,neutral,tolerant,28,-0.9516773087446236,True
S28S,0.0,28,True,neutral,tolerant,28,0.0,True
S28T,-0.353460303532734,28,True,neutral,tolerant,28,-0.16671222719448356,True
S28V,-0.9344385382633108,28,True,neutral,tolerant,28,-0.4407350085235446,True
S28W,-3.45414845502716,28,True,impactful,tolerant,28,-1.6291752602555913,True
S28Y,-3.45414845502716,28,True,impactful,tolerant,28,-1.6291752602555913,True
P29A,-3.65400638716718,29,True,impactful,sensitive,29,-2.7632015110135084,True
P29C,-2.50492528670539,29,True,mild,sensitive,29,-1.8942532124489135,True
P29D,-3.08011274535163,29,True,mild,sensitive,29,-2.3292165612895492,True
P29E,-1.6272934453825,29,True,neutral,sensitive,29,-1.2305779549086415,True
P29F,-4.3381504699975695,29,True,impactful,sensitive,29,-3.2805591078877336,True
P29G,-2.3799373212909303,29,True,mild,sensitive,29,-1.7997358804309227,True
P29H,-3.08011274535163,29,True,mild,sensitive,29,-2.3292165612895492,True
P29I,-3.75998164651025,29,True,impactful,sensitive,29,-2.8433412167828354,True
P29K,-0.7465826428850431,29,True,neutral,sensitive,29,-0.5645743516381062,True
P29L,-2.8038434345330296,29,True,mild,sensitive,29,-2.120298541939166,True
P29M,-2.661286721784,29,True,mild,sensitive,29,-2.012495521819482,True
P29N,-3.08011274535163,29,True,mild,sensitive,29,-2.3292165612895492,True
P29P,0.0,29,True,neutral,sensitive,29,0.0,True
P29Q,-1.29232973867819,29,True,neutral,sensitive,29,-0.9772745606533298,True
P29R,-1.03656811291396,29,True,neutral,sensitive,29,-0.783864687793505,True
P29S,-2.40554703872706,29,True,mild,sensitive,29,-1.8191022422864105,True
P29T,-1.82198651635076,29,True,neutral,sensitive,29,-1.3778070866837586,True
P29V,-3.75998164651025,29,True,impactful,sensitive,29,-2.8433412167828354,True
P29W,-4.3381504699975695,29,True,impactful,sensitive,29,-3.2805591078877336,True
P29Y,-4.3381504699975695,29,True,impactful,sensitive,29,-3.2805591078877336,True
S30A,-1.10042241280284,30,True,neutral,sensitive,30,-0.7548340640332281,True
S30C,-0.993319730525478,30,True,neutral,sensitive,30,-0.681367046284685,True
S30D,-3.5126461787287404,30,True,impactful,sensitive,30,-2.409497443665445,True
S30E,-3.5126461787287404,30,True,impactful,sensitive,30,-2.409497443665445,True
S30F,-2.85367029194305,30,True,mild,sensitive,30,-1.9574733473410235,True
S30G,-1.89466511204391,30,True,neutral,sensitive,30,-1.2996443455412552,True
S30H,-2.32675362538019,30,True,mild,sensitive,30,-1.596035190319638,True
S30I,-4.0742358477461,30,True,impactful,sensitive,30,-2.7947195249785044,True
S30K,-2.6258048716037004,30,True,mild,sensitive,30,-1.8011692051441235,True
S30L,-3.25612015490672,30,True,mild,sensitive,30,-2.2335335784814725,True
S30M,-4.0742358477461,30,True,impactful,sensitive,30,-2.7947195249785044,True
S30N,-2.8113407976226497,30,True,mild,sensitive,30,-1.9284374572550007,True
S30P,-3.17030035830096,30,True,mild,sensitive,30,-2.1746655428137576,True
S30Q,-2.4328206893636097,30,True,mild,sensitive,30,-1.6687918263488442,True
S30R,-2.5026931105267205,30,True,mild,sensitive,30,-1.7167207698316065,True
S30S,0.0,30,True,neutral,sensitive,30,0.0,True
S30T,-1.34329291307875,30,True,neutral,sensitive,30,-0.9214309314035537,True
S30V,-4.0742358477461,30,True,impactful,sensitive,30,-2.7947195249785044,True
S30W,-1.88578814560295,30,True,neutral,sensitive,30,-1.2935551959774532,True
S30Y,-0.971012277213006,30,True,neutral,sensitive,30,-0.6660652626730661,True
V31A,-3.30188477492135,31,True,impactful,sensitive,31,-2.4965666399867947,True
V31C,-4.022354323890911,31,True,impactful,sensitive,31,-3.0413161887128206,True
V31D,-4.06129741923593,31,True,impactful,sensitive,31,-3.0707611994638437,True
V31E,-4.06129741923593,31,True,impactful,sensitive,31,-3.0707611994638437,True
V31F,-4.62880265510642,31,True,impactful,sensitive,31,-3.4998538954455958,True
V31G,-4.62880265510642,31,True,impactful,sensitive,31,-3.4998538954455958,True
V31H,-4.06129741923593,31,True,impactful,sensitive,31,-3.0707611994638437,True
V31I,-0.254044754196101,31,True,neutral,sensitive,31,-0.1920841281945517,True
V31K,-3.48823507203241,31,True,impactful,sensitive,31,-2.637466752144761,True
V31L,-1.06174487358177,31,True,neutral,sensitive,31,-0.8027890166531881,True
V31M,-1.68553898319561,31,True,neutral,sensitive,31,-1.274441927169811,True
V31N,-3.56059336358338,31,True,impactful,sensitive,31,-2.6921771097516203,True
V31P,-4.62880265510642,31,True,impactful,sensitive,31,-3.4998538954455958,True
V31Q,-3.1198886037152302,31,True,mild,sensitive,31,-2.358958697671683,True
V31R,-4.30840336723925,31,True,impactful,sensitive,31,-3.257598871999553,True
V31S,-2.79958010017012,31,True,mild,sensitive,31,-2.1167723165694343,True
V31T,-4.022354323890911,31,True,impactful,sensitive,31,-3.0413161887128206,True
V31V,0.0,31,True,neutral,sensitive,31,0.0,True
V31W,-4.62880265510642,31,True,impactful,sensitive,31,-3.4998538954455958,True
V31Y,-4.62880265510642,31,True,impactful,sensitive,31,-3.4998538954455958,True
W32A,-2.47878221038318,32,True,mild,sensitive,32,-1.792853947852315,True
W32C,-2.28136805010006,32,True,neutral,sensitive,32,-1.650068206070334,True
W32D,-5.01418562557968,32,True,impactful,sensitive,32,-3.626660888733422,True
W32E,-5.01418562557968,32,True,impactful,sensitive,32,-3.626660888733422,True
W32F,-3.07543373723741,32,True,mild,sensitive,32,-2.2244001486165033,True
W32G,-3.04610383009812,32,True,mild,sensitive,32,-2.203186409230868,True
W32H,-5.01418562557968,32,True,impactful,sensitive,32,-3.626660888733422,True
W32I,-2.8668593496961496,32,True,mild,sensitive,32,-2.0735424360841783,True
W32K,-4.31458932015583,32,True,impactful,sensitive,32,-3.120656773959598,True
W32L,-2.4436123517626003,32,True,mild,sensitive,32,-1.7674162875329897,True
W32M,-2.68067388101609,32,True,mild,sensitive,32,-1.9388781839536218,True
W32N,-5.01418562557968,32,True,impactful,sensitive,32,-3.626660888733422,True
W32P,-5.01418562557968,32,True,impactful,sensitive,32,-3.626660888733422,True
W32Q,-5.01418562557968,32,True,impactful,sensitive,32,-3.626660888733422,True
W32R,-2.50798704637136,32,True,mild,sensitive,32,-1.8139772257580793,True
W32S,-4.39460783412047,32,True,impactful,sensitive,32,-3.178532576061875,True
W32T,-4.39460783412047,32,True,impactful,sensitive,32,-3.178532576061875,True
W32V,-3.71054631696817,32,True,impactful,sensitive,32,-2.6837644651471364,True
W32W,0.0,32,True,neutral,sensitive,32,0.0,True
W32Y,-3.07543373723741,32,True,mild,sensitive,32,-2.2244001486165033,True
A33A,0.0,33,True,neutral,sensitive,33,0.0,True
A33C,-3.01129780754125,33,True,mild,sensitive,33,-2.87034710214257,True
A33D,-3.86317359272507,33,True,impactful,sensitive,33,-3.682348885979524,True
A33E,-4.59288381867491,33,True,impactful,sensitive,33,-4.377903349976267,True
A33F,-4.93538718579008,33,True,impactful,sensitive,33,-4.704375060881477,True
A33G,-2.2040370857235,33,True,neutral,sensitive,33,-2.100872071230551,True
A33H,-4.59288381867491,33,True,impactful,sensitive,33,-4.377903349976267,True
A33I,-4.00143769218688,33,True,impactful,sensitive,33,-3.814141216922907,True
A33K,-4.71929162077871,33,True,impactful,sensitive,33,-4.4983943447720005,True
A33L,-2.12556521587929,33,True,neutral,sensitive,33,-2.0260732573626696,True
A33M,-4.00143769218688,33,True,impactful,sensitive,33,-3.814141216922907,True
A33N,-4.59288381867491,33,True,impactful,sensitive,33,-4.377903349976267,True
A33P,-2.99860389920218,33,True,mild,sensitive,33,-2.8582473613183095,True
A33Q,-4.59288381867491,33,True,impactful,sensitive,33,-4.377903349976267,True
A33R,-3.8941943081707,33,True,impactful,sensitive,33,-3.7119176056401195,True
A33S,-1.54771129577458,33,True,neutral,sensitive,33,-1.4752671162760884,True
A33T,-1.7041654114803702,33,True,neutral,sensitive,33,-1.624398038003511,True
A33V,-2.7645291153344704,33,True,mild,sensitive,33,-2.635128984956882,True
A33W,-4.93538718579008,33,True,impactful,sensitive,33,-4.704375060881477,True
A33Y,-4.93538718579008,33,True,impactful,sensitive,33,-4.704375060881477,True
A34A,0.0,34,True,neutral,sensitive,34,0.0,True
A34C,-0.973885860904595,34,True,neutral,sensitive,34,-0.835537822577891,True
A34D,-3.675028120237661,34,True,impactful,sensitive,34,-3.1529618785549895,True
A34E,-3.675028120237661,34,True,impactful,sensitive,34,-3.1529618785549895,True
A34F,-3.94836285765829,34,True,impactful,sensitive,34,-3.387467297010495,True
A34G,-1.93395818152981,34,True,neutral,sensitive,34,-1.659224425387169,True
A34H,-3.47914378424796,34,True,impactful,sensitive,34,-2.9849044314349267,True
A34I,-2.84824374410839,34,True,mild,sensitive,34,-2.443628634173752,True
A34K,-2.90311745793566,34,True,mild,sensitive,34,-2.490707111445629,True
A34L,-3.54793470504469,34,True,impactful,sensitive,34,-3.04392306850831,True
A34M,-3.54793470504469,34,True,impactful,sensitive,34,-3.04392306850831,True
A34N,-3.675028120237661,34,True,impactful,sensitive,34,-3.1529618785549895,True
A34P,-3.94836285765829,34,True,impactful,sensitive,34,-3.387467297010495,True
A34Q,-3.675028120237661,34,True,impactful,sensitive,34,-3.1529618785549895,True
A34R,-3.675028120237661,34,True,impactful,sensitive,34,-3.1529618785549895,True
A34S,-0.834246152332097,34,True,neutral,sensitive,34,-0.7157350174137384,True
A34T,-0.553509380277907,34,True,neutral,sensitive,34,-0.4748790807418305,True
A34V,-3.54793470504469,34,True,impactful,sensitive,34,-3.04392306850831,True
A34W,-3.94836285765829,34,True,impactful,sensitive,34,-3.387467297010495,True
A34Y,-3.94836285765829,34,True,impactful,sensitive,34,-3.387467297010495,True
V35A,-0.283585042986895,35,True,neutral,tolerant,35,-0.2481575982050467,True
V35C,-0.6409900726670771,35,True,neutral,tolerant,35,-0.5609130694304317,True
V35D,-2.10468521909463,35,True,neutral,tolerant,35,-1.8417530891159235,True
V35E,-2.10468521909463,35,True,neutral,tolerant,35,-1.8417530891159235,True
V35F,-0.880688424684219,35,True,neutral,tolerant,35,-0.7706666118026596,True
V35G,-2.29739218760094,35,True,neutral,tolerant,35,-2.010385743215778,True
V35H,-0.733202124788174,35,True,neutral,tolerant,35,-0.6416053412756273,True
V35I,-0.6192043977963599,35,True,neutral,tolerant,35,-0.541849014802406,True
V35K,-1.06644095326203,35,True,neutral,tolerant,35,-0.9332136236861956,True
V35L,-0.757442623330718,35,True,neutral,tolerant,35,-0.6628175456791178,True
V35M,-0.7493706378139109,35,True,neutral,tolerant,35,-0.6557539695557136,True
V35N,-0.8821408756860172,35,True,neutral,tolerant,35,-0.7719376123756109,True
V35P,-2.28091711026471,35,True,neutral,tolerant,35,-1.9959688488022382,True
V35Q,-0.7474006662477191,35,True,neutral,tolerant,35,-0.6540301007393282,True
V35R,-0.917666053819608,35,True,neutral,tolerant,35,-0.8030247345615498,True
V35S,-0.6510548156282491,35,True,neutral,tolerant,35,-0.5697204536756968,True
V35T,-0.30268680854333696,35,True,neutral,tolerant,35,-0.2648730364102329,True
V35V,0.0,35,True,neutral,tolerant,35,0.0,True
V35W,-2.1874123290176297,35,True,neutral,tolerant,35,-1.9141453446760492,True
V35Y,-0.86651169310468,35,True,neutral,tolerant,35,-0.7582609375748457,True
P36A,-1.18332461999216,36,True,neutral,tolerant,36,-0.32078873853473283,True
P36C,-1.57962150491146,36,True,neutral,tolerant,36,-0.42822128548820415,True
P36D,-1.48850269144579,36,True,neutral,tolerant,36,-0.4035197887605965,True
P36E,-1.3956861917373202,36,True,neutral,tolerant,36,-0.3783580644512632,True
P36F,-4.2593014506706615,36,True,impactful,tolerant,36,-1.1546585918315901,True
P36G,-2.0683184045093,36,True,neutral,tolerant,36,-0.5607026513782037,True
P36H,-2.4158006428524903,36,True,mild,tolerant,36,-0.6549019835125051,True
P36I,-3.57297023399921,36,True,impactful,tolerant,36,-0.9686003272663671,True
P36K,-2.4099641258939504,36,True,mild,tolerant,36,-0.6533197558795002,True
P36L,-3.57297023399921,36,True,impactful,tolerant,36,-0.9686003272663671,True
P36M,-3.57297023399921,36,True,impactful,tolerant,36,-0.9686003272663671,True
P36N,-1.44399002310065,36,True,neutral,tolerant,36,-0.3914528018273347,True
P36P,0.0,36,True,neutral,tolerant,36,0.0,True
P36Q,-1.7359583579472,36,True,neutral,tolerant,36,-0.47060281040919943,True
P36R,-2.5534105563620897,36,True,mild,tolerant,36,-0.6922068023414335,True
P36S,-1.19671999254723,36,True,neutral,tolerant,36,-0.32442010442668234,True
P36T,-1.25950789003971,36,True,neutral,tolerant,36,-0.3414413428016553,True
P36V,-1.83449599065038,36,True,neutral,tolerant,36,-0.4973154827892107,True
P36W,-4.2593014506706615,36,True,impactful,tolerant,36,-1.1546585918315901,True
P36Y,-4.2593014506706615,36,True,impactful,tolerant,36,-1.1546585918315901,True
G37A,-3.0637581154069102,37,True,mild,sensitive,37,-0.6051461931082057,True
G37C,-4.11257744610989,37,True,impactful,sensitive,37,-0.8123064849215524,True
G37D,-1.5962145592078798,37,True,neutral,sensitive,37,-0.31528049131262775,True
G37E,-1.63876851090771,37,True,neutral,sensitive,37,-0.32368564632253705,True
G37F,-4.365851722536831,37,True,impactful,sensitive,37,-0.8623326157121167,True
G37G,0.0,37,True,neutral,sensitive,37,0.0,True
G37H,-2.6690373900624103,37,True,mild,sensitive,37,-0.5271818972057503,True
G37I,-4.48705335265253,37,True,impactful,sensitive,37,-0.8862720725165527,True
G37K,-2.9290942537392004,37,True,mild,sensitive,37,-0.5785477084472711,True
G37L,-4.48705335265253,37,True,impactful,sensitive,37,-0.8862720725165527,True
G37M,-4.48705335265253,37,True,impactful,sensitive,37,-0.8862720725165527,True
G37N,-2.45875267889626,37,True,mild,sensitive,37,-0.4856469627763221,True
G37P,-4.69424890786551,37,True,impactful,sensitive,37,-0.9271968442325546,True
G37Q,-2.0340742605888,37,True,neutral,sensitive,37,-0.4017654948361412,True
G37R,-1.55214604964118,37,True,neutral,sensitive,37,-0.30657618444645107,True
G37S,-2.29075943698684,37,True,neutral,sensitive,37,-0.45246533845090126,True
G37T,-4.11257744610989,37,True,impactful,sensitive,37,-0.8123064849215524,True
G37V,-4.48705335265253,37,True,impactful,sensitive,37,-0.8862720725165527,True
G37W,-3.03085203631491,37,True,mild,sensitive,37,-0.5986466628768524,True
G37Y,-4.365851722536831,37,True,impactful,sensitive,37,-0.8623326157121167,True
K38A,-2.29968802168177,38,True,neutral,sensitive,38,-1.413804740035856,True
K38C,-3.5607001445945,38,True,impactful,sensitive,38,-2.1890511646847566,True
K38D,-3.63960882077574,38,True,impactful,sensitive,38,-2.2375627277155568,True
K38E,-2.7702511202086697,38,True,mild,sensitive,38,-1.7030980410883898,True
K38F,-4.33213431334463,38,True,impactful,sensitive,38,-2.663314314347532,True
K38G,-0.624199160182679,38,True,neutral,sensitive,38,-0.383745848598759,True
K38H,-3.63960882077574,38,True,impactful,sensitive,38,-2.2375627277155568,True
K38I,-2.7167972464331096,38,True,mild,sensitive,38,-1.6702356095739195,True
K38K,0.0,38,True,neutral,sensitive,38,0.0,True
K38L,-2.17384635890389,38,True,neutral,sensitive,38,-1.3364396637072633,True
K38M,-3.26282783037107,38,True,mild,sensitive,38,-2.005924894597669,True
K38N,-3.63960882077574,38,True,impactful,sensitive,38,-2.2375627277155568,True
K38P,-2.69064553088201,38,True,mild,sensitive,38,-1.6541580290248954,True
K38Q,-2.4040634059968102,38,True,mild,sensitive,38,-1.4779727539996597,True
K38R,-1.73824819841555,38,True,neutral,sensitive,38,-1.068642145851367,True
K38S,-1.85418726813904,38,True,neutral,sensitive,38,-1.1399192950929176,True
K38T,-3.5607001445945,38,True,impactful,sensitive,38,-2.1890511646847566,True
K38V,-2.3875842893536805,38,True,mild,sensitive,38,-1.4678417044825072,True
K38W,-4.33213431334463,38,True,impactful,sensitive,38,-2.663314314347532,True
K38Y,-4.33213431334463,38,True,impactful,sensitive,38,-2.663314314347532,True
T39A,-0.196957807920204,39,True,neutral,tolerant,39,-0.14826719349247128,True
T39C,-2.18912155215919,39,True,neutral,tolerant,39,-1.6479413138270953,True
T39D,-1.40747268108128,39,True,neutral,tolerant,39,-1.059526537916138,True
T39E,-2.51566790908681,39,True,mild,tolerant,39,-1.8937610271865395,True
T39F,-1.54116026449996,39,True,neutral,tolerant,39,-1.160164755855225,True
T39G,-2.03971702975478,39,True,neutral,tolerant,39,-1.5354715952315292,True
T39H,-2.51566790908681,39,True,mild,tolerant,39,-1.8937610271865395,True
T39I,-0.481080998977812,39,True,neutral,tolerant,39,-0.3621513171485583,True
T39K,-2.17149162205661,39,True,neutral,tolerant,39,-1.6346697391412266,True
T39L,-0.87818687515836,39,True,neutral,tolerant,39,-0.6610872892858627,True
T39M,-0.898057669274734,39,True,neutral,tolerant,39,-0.6760457563159948,True
T39N,-1.5034678533746395,39,True,neutral,tolerant,39,-1.1317904148096554,True
T39P,-2.3400889740059,39,True,mild,tolerant,39,-1.7615875621396995,True
T39Q,-1.54369110058278,39,True,neutral,tolerant,39,-1.1620699352799535,True
T39R,-3.12173695899283,39,True,mild,tolerant,39,-2.3500016710132634,True
T39S,-0.742353905043415,39,True,neutral,tolerant,39,-0.5588340530452918,True
T39T,0.0,39,True,neutral,tolerant,39,0.0,True
T39V,-0.8753695772894491,39,True,neutral,tolerant,39,-0.6589664652745344,True
T39W,-1.86855426210752,39,True,neutral,tolerant,39,-1.4066225617383008,True
T39Y,-1.91321106621158,39,True,neutral,tolerant,39,-1.4402396043159404,True
F40A,-3.58575232592382,40,True,impactful,sensitive,40,-3.567709593905002,True
F40C,-4.04650903887782,40,True,impactful,sensitive,40,-4.026147878495281,True
F40D,-4.13342354660695,40,True,impactful,sensitive,40,-4.112625051174757,True
F40E,-4.13342354660695,40,True,impactful,sensitive,40,-4.112625051174757,True
F40F,0.0,40,True,neutral,sensitive,40,0.0,True
F40G,-3.20993505926305,40,True,mild,sensitive,40,-3.193783358641292,True
F40H,-3.29881972245939,40,True,impactful,sensitive,40,-3.282220773390761,True
F40I,-3.15495401263905,40,True,mild,sensitive,40,-3.139078964780836,True
F40K,-4.67474991745013,40,True,impactful,sensitive,40,-4.651227584519951,True
F40L,-0.484035598446479,40,True,neutral,sensitive,40,-0.48160003575376337,True
F40M,-1.8591264175650304,40,True,neutral,sensitive,40,-1.849771694569044,True
F40N,-3.35685345768531,40,True,impactful,sensitive,40,-3.3399624953827605,True
F40P,-4.67474991745013,40,True,impactful,sensitive,40,-4.651227584519951,True
F40Q,-4.13342354660695,40,True,impactful,sensitive,40,-4.112625051174757,True
F40R,-4.67474991745013,40,True,impactful,sensitive,40,-4.651227584519951,True
F40S,-2.4106258118370603,40,True,mild,sensitive,40,-2.398496062884191,True
F40T,-4.04650903887782,40,True,impactful,sensitive,40,-4.026147878495281,True
F40V,-3.15495401263905,40,True,mild,sensitive,40,-3.139078964780836,True
F40W,-2.91818480117514,40,True,mild,sensitive,40,-2.9035011249021485,True
F40Y,-1.90454362399354,40,True,neutral,sensitive,40,-1.894960371414317,True
V41A,-0.0228234645199456,41,True,neutral,tolerant,41,-0.01455543933303134,True
V41C,-0.525025862415826,41,True,neutral,tolerant,41,-0.3348300641205295,True
V41D,-1.56717233564947,41,True,neutral,tolerant,41,-0.9994486961441058,True
V41E,-0.784824839704871,41,True,neutral,tolerant,41,-0.5005142988435098,True
V41F,-1.29415307018211,41,True,neutral,tolerant,41,-0.8253333530599697,True
V41G,-0.931400370375241,41,True,neutral,tolerant,41,-0.5939913974897294,True
V41H,-0.8461118642174229,41,True,neutral,tolerant,41,-0.5395994941001229,True
V41I,-0.240978119652056,41,True,neutral,tolerant,41,-0.15368141844189345,True
V41K,-0.87957611921034,41,True,neutral,tolerant,41,-0.560940992580725,True
V41L,-0.4712362235893149,41,True,neutral,tolerant,41,-0.3005262526198373,True
V41M,-0.5599402052854731,41,True,neutral,tolerant,41,-0.3570963418386949,True
V41N,-0.523425688536492,41,True,neutral,tolerant,41,-0.3338095690154768,True
V41P,-2.31924919417626,41,True,neutral,tolerant,41,-1.4790782930660362,True
V41Q,-0.585544068945788,41,True,neutral,tolerant,41,-0.37342495329350867,True
V41R,-1.09382713357087,41,True,neutral,tolerant,41,-0.6975774632988242,True
V41S,-0.414309852628836,41,True,neutral,tolerant,41,-0.2642220211460934,True
V41T,-0.4400016551618231,41,True,neutral,tolerant,41,-0.28060671474939414,True
V41V,0.0,41,True,neutral,tolerant,41,0.0,True
V41W,-1.8175701196276,41,True,neutral,tolerant,41,-1.1591374125803888,True
V41Y,-1.8175701196276,41,True,neutral,tolerant,41,-1.1591374125803888,True
N42A,-1.4606607305170802,42,True,neutral,tolerant,42,-0.8404395141535993,True
N42C,-2.7459164469676502,42,True,mild,tolerant,42,-1.5799539457591267,True
N42D,-1.36205221178377,42,True,neutral,tolerant,42,-0.7837018379470982,True
N42E,-1.47319553697523,42,True,neutral,tolerant,42,-0.8476518300799455,True
N42F,-2.10078032456216,42,True,neutral,tolerant,42,-1.208753517111013,True
N42G,-0.958091944956458,42,True,neutral,tolerant,42,-0.5512699232001889,True
N42H,-1.30047140241406,42,True,neutral,tolerant,42,-0.7482692803198777,True
N42I,-2.30916996448216,42,True,neutral,tolerant,42,-1.3286573962732937,True
N42K,-1.56451825898191,42,True,neutral,tolerant,42,-0.9001973819051856,True
N42L,-2.415548726847009,42,True,mild,tolerant,42,-1.3898659394279556,True
N42M,-3.5176673146022703,42,True,impactful,tolerant,42,-2.024006360321438,True
N42N,0.0,42,True,neutral,tolerant,42,0.0,True
N42P,-1.9634755664252,42,True,neutral,tolerant,42,-1.1297506783212323,True
N42Q,-1.49782164659692,42,True,neutral,tolerant,42,-0.8618212776275767,True
N42R,-1.8500318157765296,42,True,neutral,tolerant,42,-1.0644770602339035,True
N42S,-0.8110452174850149,42,True,neutral,tolerant,42,-0.46666171979471555,True
N42T,-1.53961985576617,42,True,neutral,tolerant,42,-0.8858712612225071,True
N42V,-1.8581090523548704,42,True,neutral,tolerant,42,-1.0691245657386221,True
N42W,-3.73512636138284,42,True,impactful,tolerant,42,-2.1491286230113293,True
N42Y,-3.73512636138284,42,True,impactful,tolerant,42,-2.1491286230113293,True
I43A,-2.63647128797878,43,True,mild,sensitive,43,-2.448236117641786,True
I43C,-3.83392128898914,43,True,impactful,sensitive,43,-3.5601922215867923,True
I43D,-4.14768495863275,43,True,impactful,sensitive,43,-3.8515542219726258,True
I43E,-3.41021936154972,43,True,impactful,sensitive,43,-3.16674118474016,True
I43F,-1.86304710926078,43,True,neutral,sensitive,43,-1.7300318203947291,True
I43G,-3.06702413666794,43,True,mild,sensitive,43,-2.8480489430348026,True
I43H,-4.14768495863275,43,True,impactful,sensitive,43,-3.8515542219726258,True
I43I,0.0,43,True,neutral,sensitive,43,0.0,True
I43K,-4.54361062816859,43,True,impactful,sensitive,43,-4.219212132179669,True
I43L,-0.936019667964807,43,True,neutral,sensitive,43,-0.8691910161825958,True
I43M,-1.00479475377574,43,True,neutral,sensitive,43,-0.9330557925008405,True
I43N,-4.14768495863275,43,True,impactful,sensitive,43,-3.8515542219726258,True
I43P,-2.95433541568749,43,True,mild,sensitive,43,-2.7434058171971976,True
I43Q,-4.14768495863275,43,True,impactful,sensitive,43,-3.8515542219726258,True
I43R,-4.54361062816859,43,True,impactful,sensitive,43,-4.219212132179669,True
I43S,-2.63386747263717,43,True,mild,sensitive,43,-2.4458182059459275,True
I43T,-2.36667610302583,43,True,mild,sensitive,43,-2.1977034002253792,True
I43V,-0.991128738292161,43,True,neutral,sensitive,43,-0.9203654844957038,True
I43W,-3.7517592890969103,43,True,impactful,sensitive,43,-3.483896311765583,True
I43Y,-3.7517592890969103,43,True,impactful,sensitive,43,-3.483896311765583,True
T44A,-1.22258849724669,44,True,neutral,sensitive,44,-0.7802663891341041,True
T44C,-1.48785859279075,44,True,neutral,sensitive,44,-0.9495640228526866,True
T44D,-3.3576308676161,44,True,impactful,sensitive,44,-2.1428686095280667,True
T44E,-2.24931182811828,44,True,neutral,sensitive,44,-1.435529961319724,True
T44F,-3.91650739863996,44,True,impactful,sensitive,44,-2.499548370392684,True
T44G,-4.3600041097903,44,True,impactful,sensitive,44,-2.7825917477689908,True
T44H,-2.01050152712219,44,True,neutral,sensitive,44,-1.2831191937835649,True
T44I,-2.71866235602626,44,True,mild,sensitive,44,-1.735073464692839,True
T44K,-2.3816632412396204,44,True,mild,sensitive,44,-1.5199977601298311,True
T44L,-2.35864067071596,44,True,mild,sensitive,44,-1.5053045595872636,True
T44M,-1.2261827366894198,44,True,neutral,sensitive,44,-0.7825602633509626,True
T44N,-2.24931182811828,44,True,neutral,sensitive,44,-1.435529961319724,True
T44P,-2.2912126728519704,44,True,neutral,sensitive,44,-1.4622714372093248,True
T44Q,-1.5353145921411595,44,True,neutral,sensitive,44,-0.9798508457201383,True
T44R,-2.47404468477098,44,True,mild,sensitive,44,-1.5789563840082184,True
T44S,-0.6245675013949671,44,True,neutral,sensitive,44,-0.3986042975060224,True
T44T,0.0,44,True,neutral,sensitive,44,0.0,True
T44V,-2.7646446627125094,44,True,mild,sensitive,44,-1.7644197643537112,True
T44W,-2.68583526718233,44,True,mild,sensitive,44,-1.7141229370740032,True
T44Y,-3.91650739863996,44,True,impactful,sensitive,44,-2.499548370392684,True
P45A,-0.586402099124943,45,True,neutral,sensitive,45,-0.3004198817975242,True
P45C,-1.45715244215811,45,True,neutral,sensitive,45,-0.7465143202716288,True
P45D,-3.3401840503698,45,True,impactful,sensitive,45,-1.711210957620169,True
P45E,-2.37376228624416,45,True,mild,sensitive,45,-1.216103057122495,True
P45F,-4.4719783011202585,45,True,impactful,sensitive,45,-2.2910408994586353,True
P45G,-4.4719783011202585,45,True,impactful,sensitive,45,-2.2910408994586353,True
P45H,-3.3401840503698,45,True,impactful,sensitive,45,-1.711210957620169,True
P45I,-3.4300281215282404,45,True,impactful,sensitive,45,-1.7572390077889937,True
P45K,-2.40751617091188,45,True,mild,sensitive,45,-1.2333955225778803,True
P45L,-2.2264447351281698,45,True,neutral,sensitive,45,-1.140630746639621,True
P45M,-3.4300281215282404,45,True,impactful,sensitive,45,-1.7572390077889937,True
P45N,-3.3401840503698,45,True,impactful,sensitive,45,-1.711210957620169,True
P45P,0.0,45,True,neutral,sensitive,45,0.0,True
P45Q,-2.05165632220843,45,True,neutral,sensitive,45,-1.0510848285276586,True
P45R,-2.8411890120285803,45,True,mild,sensitive,45,-1.4555706202821543,True
P45S,-1.32918760296872,45,True,neutral,sensitive,45,-0.6809566049754482,True
P45T,-1.3700150236268798,45,True,neutral,sensitive,45,-0.7018729163367566,True
P45V,-1.6529826160478005,45,True,neutral,sensitive,45,-0.8468401509262603,True
P45W,-4.4719783011202585,45,True,impactful,sensitive,45,-2.2910408994586353,True
P45Y,-4.4719783011202585,45,True,impactful,sensitive,45,-2.2910408994586353,True
A46A,0.0,46,True,neutral,tolerant,46,0.0,True
A46C,-2.67477735714756,46,True,mild,tolerant,46,-1.0967221261526379,True
A46D,-0.7689254055147131,46,True,neutral,tolerant,46,-0.3152776448235624,True
A46E,-0.8734448803573359,46,True,neutral,tolerant,46,-0.35813310730437276,True
A46F,-4.15417655820165,46,True,impactful,tolerant,46,-1.7033108700243194,True
A46G,-2.26377917036523,46,True,neutral,tolerant,46,-0.9282031262260471,True
A46H,-1.5288633240612,46,True,neutral,tolerant,46,-0.6268702069279134,True
A46I,-1.20971327620559,46,True,neutral,tolerant,46,-0.4960111213630542,True
A46K,-2.7957275932380097,46,True,mild,tolerant,46,-1.146314590261591,True
A46L,-1.7112672237696898,46,True,neutral,tolerant,46,-0.7016601299741296,True
A46M,-2.8990091065576498,46,True,mild,tolerant,46,-1.1886624591701915,True
A46N,-2.61645098994516,46,True,mild,tolerant,46,-1.0728069328831715,True
A46P,-1.8645664475389296,46,True,neutral,tolerant,46,-0.7645164459140266,True
A46Q,-0.869512322506543,46,True,neutral,tolerant,46,-0.35652066535819926,True
A46R,-2.3420083900331297,46,True,mild,tolerant,46,-0.9602789608341787,True
A46S,-0.919713304522139,46,True,neutral,tolerant,46,-0.37710425807628933,True
A46T,-0.868312847656766,46,True,neutral,tolerant,46,-0.35602885223438957,True
A46V,-0.851881743916898,46,True,neutral,tolerant,46,-0.3492917101763905,True
A46W,-4.15417655820165,46,True,impactful,tolerant,46,-1.7033108700243194,True
A46Y,-4.15417655820165,46,True,impactful,tolerant,46,-1.7033108700243194,True
E47A,-5.09817045315928,47,True,impactful,sensitive,47,-4.730514212732691,True
E47C,-5.09817045315928,47,True,impactful,sensitive,47,-4.730514212732691,True
E47D,-2.4259781126928703,47,True,mild,sensitive,47,-2.2510279025214674,True
E47E,0.0,47,True,neutral,sensitive,47,0.0,True
E47F,-5.73954867276415,47,True,impactful,sensitive,47,-5.3256392309042315,True
E47G,-5.73954867276415,47,True,impactful,sensitive,47,-5.3256392309042315,True
E47H,-3.45754478825849,47,True,impactful,sensitive,47,-3.2082028077113462,True
E47I,-5.491429708010911,47,True,impactful,sensitive,47,-5.095413446969061,True
E47K,-3.61241973897134,47,True,impactful,sensitive,47,-3.351908900372372,True
E47L,-5.491429708010911,47,True,impactful,sensitive,47,-5.095413446969061,True
E47M,-5.491429708010911,47,True,impactful,sensitive,47,-5.095413446969061,True
E47N,-3.45754478825849,47,True,impactful,sensitive,47,-3.2082028077113462,True
E47P,-5.73954867276415,47,True,impactful,sensitive,47,-5.3256392309042315,True
E47Q,-2.2856251448009903,47,True,neutral,sensitive,47,-2.1207965351099842,True
E47R,-4.32045379247995,47,True,impactful,sensitive,47,-4.008882845044162,True
E47S,-4.2752988619774515,47,True,impactful,sensitive,47,-3.966984277218785,True
E47T,-4.479604908510679,47,True,impactful,sensitive,47,-4.156556725953556,True
E47V,-5.491429708010911,47,True,impactful,sensitive,47,-5.095413446969061,True
E47W,-5.73954867276415,47,True,impactful,sensitive,47,-5.3256392309042315,True
E47Y,-5.73954867276415,47,True,impactful,sensitive,47,-5.3256392309042315,True
V48A,-1.74067902181607,48,True,neutral,sensitive,48,-1.7285980269780592,True
V48C,-4.290909992016459,48,True,impactful,sensitive,48,-4.261129394436881,True
V48D,-4.5077264300956115,48,True,impactful,sensitive,48,-4.476441041433701,True
V48E,-4.05255071006252,48,True,impactful,sensitive,48,-4.024424419347554,True
V48F,-3.5548039391163098,48,True,impactful,sensitive,48,-3.5301322061314435,True
V48G,-3.64547718612271,48,True,impactful,sensitive,48,-3.6201761452555172,True
V48H,-4.5077264300956115,48,True,impactful,sensitive,48,-4.476441041433701,True
V48I,-0.934437218351555,48,True,neutral,sensitive,48,-0.9279518577136286,True
V48K,-4.66751268520961,48,True,impactful,sensitive,48,-4.635118317293614,True
V48L,-1.88179541410369,48,True,neutral,sensitive,48,-1.8687350161790568,True
V48M,-1.21560583026071,48,True,neutral,sensitive,48,-1.2071690492250464,True
V48N,-4.5077264300956115,48,True,impactful,sensitive,48,-4.476441041433701,True
V48P,-5.011158609105,48,True,impactful,sensitive,48,-4.976379203752089,True
V48Q,-4.5077264300956115,48,True,impactful,sensitive,48,-4.476441041433701,True
V48R,-3.78191092427693,48,True,impactful,sensitive,48,-3.755662979778617,True
V48S,-4.290909992016459,48,True,impactful,sensitive,48,-4.261129394436881,True
V48T,-2.88380388473788,48,True,mild,sensitive,48,-2.8637891551934263,True
V48V,0.0,48,True,neutral,sensitive,48,0.0,True
V48W,-4.66751268520961,48,True,impactful,sensitive,48,-4.635118317293614,True
V48Y,-4.66751268520961,48,True,impactful,sensitive,48,-4.635118317293614,True
G49A,-0.8705111823310492,49,True,neutral,tolerant,49,-0.5168736059554861,True
G49C,-3.26233186790673,49,True,mild,tolerant,49,-1.9370379963105326,True
G49D,-0.697352285219899,49,True,neutral,tolerant,49,-0.41405900073301294,True
G49E,-0.7612711787828851,49,True,neutral,tolerant,49,-0.45201140120203,True
G49F,-4.31559975429775,49,True,impactful,tolerant,49,-2.562424989063724,True
G49G,0.0,49,True,neutral,tolerant,49,0.0,True
G49H,-2.1898926262427603,49,True,neutral,tolerant,49,-1.3002678441768396,True
G49I,-2.94740792042144,49,True,mild,tolerant,49,-1.750049156141268,True
G49K,-1.6230420824878702,49,True,neutral,tolerant,49,-0.963695390502148,True
G49L,-2.78923751155762,49,True,mild,tolerant,49,-1.6561340965254046,True
G49M,-3.63882394376494,49,True,impactful,tolerant,49,-2.1605834496169494,True
G49N,-0.238384829646064,49,True,neutral,tolerant,49,-0.14154307147933642,True
G49P,-4.31559975429775,49,True,impactful,tolerant,49,-2.562424989063724,True
G49Q,-1.4712276121444698,49,True,neutral,tolerant,49,-0.8735542248108675,True
G49R,-1.72053469323754,49,True,neutral,tolerant,49,-1.0215824783362857,True
G49S,-0.987345411495263,49,True,neutral,tolerant,49,-0.5862449483952568,True
G49T,-2.10733203005033,49,True,neutral,tolerant,49,-1.2512467702033319,True
G49V,-2.973636840464,49,True,mild,tolerant,49,-1.7656228061504653,True
G49W,-4.31559975429775,49,True,impactful,tolerant,49,-2.562424989063724,True
G49Y,-4.31559975429775,49,True,impactful,tolerant,49,-2.562424989063724,True
V50A,-0.659487090880425,50,True,neutral,tolerant,50,-0.390386583319525,True
V50C,-2.28854228214341,50,True,neutral,tolerant,50,-1.3547137080659313,True
V50D,-2.73522486495408,50,True,mild,tolerant,50,-1.6191296302927027,True
V50E,-2.73522486495408,50,True,mild,tolerant,50,-1.6191296302927027,True
V50F,-2.21383621289056,50,True,neutral,tolerant,50,-1.3104910878931584,True
V50G,-1.6182737571676102,50,True,neutral,tolerant,50,-0.9579450025214524,True
V50H,-2.73522486495408,50,True,mild,tolerant,50,-1.6191296302927027,True
V50I,-0.0734599000883625,50,True,neutral,tolerant,50,-0.04348494428936324,True
V50K,-1.60421533958467,50,True,neutral,tolerant,50,-0.9496230540209044,True
V50L,-0.7684667700512199,50,True,neutral,tolerant,50,-0.454897633180937,True
V50M,-0.73024992524352,50,True,neutral,tolerant,50,-0.43227498646648355,True
V50N,-2.14208681416154,50,True,neutral,tolerant,50,-1.268018683182918,True
V50P,-2.71249802497738,50,True,mild,tolerant,50,-1.6056763670964376,True
V50Q,-2.01940945896217,50,True,neutral,tolerant,50,-1.1953992275344052,True
V50R,-1.5970257707160205,50,True,neutral,tolerant,50,-0.9453671538448668,True
V50S,-1.57575390809039,50,True,neutral,tolerant,50,-0.932775171551209,True
V50T,-0.700262407158266,50,True,neutral,tolerant,50,-0.41452372963459305,True
V50V,0.0,50,True,neutral,tolerant,50,0.0,True
V50W,-2.9428053720305,50,True,mild,tolerant,50,-1.7420079186502702,True
V50Y,-2.9428053720305,50,True,mild,tolerant,50,-1.7420079186502702,True
L51A,-4.69547514555774,51,True,impactful,sensitive,51,-4.6672642586249555,True
L51C,-4.69547514555774,51,True,impactful,sensitive,51,-4.6672642586249555,True
L51D,-4.4925771028642405,51,True,impactful,sensitive,51,-4.465585247778899,True
L51E,-4.4925771028642405,51,True,impactful,sensitive,51,-4.465585247778899,True
L51F,-3.9938972047862,51,True,impactful,sensitive,51,-3.969901468684395,True
L51G,-4.69547514555774,51,True,impactful,sensitive,51,-4.6672642586249555,True
L51H,-4.4925771028642405,51,True,impactful,sensitive,51,-4.465585247778899,True
L51I,-0.9949742027966948,51,True,neutral,sensitive,51,-0.9889962977144604,True
L51K,-3.94793335652084,51,True,impactful,sensitive,51,-3.9242137758423334,True
L51L,0.0,51,True,neutral,sensitive,51,0.0,True
L51M,-1.7055162058891002,51,True,neutral,sensitive,51,-1.6952692929878812,True
L51N,-4.4925771028642405,51,True,impactful,sensitive,51,-4.465585247778899,True
L51P,-2.46305245036904,51,True,mild,sensitive,51,-2.4482541835200253,True
L51Q,-4.4925771028642405,51,True,impactful,sensitive,51,-4.465585247778899,True
L51R,-4.37388935641882,51,True,impactful,sensitive,51,-4.347610589251417,True
L51S,-4.69547514555774,51,True,impactful,sensitive,51,-4.6672642586249555,True
L51T,-4.69547514555774,51,True,impactful,sensitive,51,-4.6672642586249555,True
L51V,-0.988817258776231,51,True,neutral,sensitive,51,-0.9828763452329203,True
L51W,-3.0352224845787696,51,True,mild,sensitive,51,-3.0169865626168986,True
L51Y,-4.22436047983003,51,True,impactful,sensitive,51,-4.1989800971923845,True
V52A,-1.60936658031982,52,True,neutral,sensitive,52,-1.260919994699026,True
V52C,-2.04545436312991,52,True,neutral,sensitive,52,-1.602589699732876,True
V52D,-3.709252466713,52,True,impactful,sensitive,52,-2.9061561597331407,True
V52E,-3.709252466713,52,True,impactful,sensitive,52,-2.9061561597331407,True
V52F,-3.2924023362043,52,True,impactful,sensitive,52,-2.579558931495143,True
V52G,-2.9009425726701004,52,True,mild,sensitive,52,-2.2728547604278306,True
V52H,-2.9834576808066298,52,True,mild,sensitive,52,-2.3375043877945343,True
V52I,-0.835513141285915,52,True,neutral,sensitive,52,-0.6546148270780195,True
V52K,-4.18058121925508,52,True,impactful,sensitive,52,-3.275436754610881,True
V52L,-0.24027044976075695,52,True,neutral,sensitive,52,-0.1882491024378426,True
V52M,-1.46372654307728,52,True,neutral,sensitive,52,-1.146812719679474,True
V52N,-2.55069041100968,52,True,mild,sensitive,52,-1.9984362660805608,True
V52P,-4.37222255173629,52,True,impactful,sensitive,52,-3.425585509339155,True
V52Q,-3.709252466713,52,True,impactful,sensitive,52,-2.9061561597331407,True
V52R,-3.23584146287974,52,True,mild,sensitive,52,-2.535244145190581,True
V52S,-2.16812524370504,52,True,neutral,sensitive,52,-1.6987009076925812,True
V52T,-1.3129870309889198,52,True,neutral,sensitive,52,-1.0287100654379417,True
V52V,0.0,52,True,neutral,sensitive,52,0.0,True
V52W,-4.18058121925508,52,True,impactful,sensitive,52,-3.275436754610881,True
V52Y,-4.18058121925508,52,True,impactful,sensitive,52,-3.275436754610881,True
G53A,-1.9597502861458895,53,True,neutral,sensitive,53,-1.6184065733657824,True
G53C,-3.61526986320273,53,True,impactful,sensitive,53,-2.9855724744427707,True
G53D,-2.94418915964585,53,True,mild,sensitive,53,-2.4313786929323147,True
G53E,-4.16825806029381,53,True,impactful,sensitive,53,-3.442242765291894,True
G53F,-5.10034514478017,53,True,impactful,sensitive,53,-4.2119815810717,True
G53G,0.0,53,True,neutral,sensitive,53,0.0,True
G53H,-4.16825806029381,53,True,impactful,sensitive,53,-3.442242765291894,True
G53I,-3.68919339230681,53,True,impactful,sensitive,53,-3.046620214185024,True
G53K,-3.1275961120510503,53,True,mild,sensitive,53,-2.582840345711206,True
G53L,-3.61833000848731,53,True,impactful,sensitive,53,-2.988099612353672,True
G53M,-4.47282803991281,53,True,impactful,sensitive,53,-3.693763614937826,True
G53N,-2.71892305769031,53,True,mild,sensitive,53,-2.24534879782853,True
G53P,-5.10034514478017,53,True,impactful,sensitive,53,-4.2119815810717,True
G53Q,-4.16825806029381,53,True,impactful,sensitive,53,-3.442242765291894,True
G53R,-2.98209371768417,53,True,mild,sensitive,53,-2.4626811432105007,True
G53S,-0.991037641222445,53,True,neutral,sensitive,53,-0.8184215327564064,True
G53T,-2.53055497266002,53,True,mild,sensitive,53,-2.0897901283488145,True
G53V,-3.16279380682786,53,True,mild,sensitive,53,-2.6119074064468566,True
G53W,-5.10034514478017,53,True,impactful,sensitive,53,-4.2119815810717,True
G53Y,-5.10034514478017,53,True,impactful,sensitive,53,-4.2119815810717,True
K54A,-2.51027844302093,54,True,mild,sensitive,54,-0.5073227331108844,True
K54C,-3.56234965228046,54,True,impactful,sensitive,54,-0.7199444216700637,True
K54D,-2.37998385933675,54,True,mild,sensitive,54,-0.4809904334060536,True
K54E,-1.51276132162758,54,True,neutral,sensitive,54,-0.30572632704002334,True
K54F,-2.96820772327319,54,True,mild,sensitive,54,-0.5998694124145155,True
K54G,-2.93573060594218,54,True,mild,sensitive,54,-0.5933058457417671,True
K54H,-2.03862419924454,54,True,neutral,sensitive,54,-0.4120022635027284,True
K54I,-2.84678796610883,54,True,mild,sensitive,54,-0.5753306990978552,True
K54K,0.0,54,True,neutral,sensitive,54,0.0,True
K54L,-2.9233047824958,54,True,mild,sensitive,54,-0.5907946092972616,True
K54M,-3.9951419830816697,54,True,impactful,sensitive,54,-0.8074109689536667,True
K54N,-1.86763997064092,54,True,neutral,sensitive,54,-0.37744666015314354,True
K54P,-1.4687091874305,54,True,neutral,sensitive,54,-0.29682347039383583,True
K54Q,-1.2011338041248798,54,True,neutral,sensitive,54,-0.24274696937889725,True
K54R,-1.56178462141682,54,True,neutral,sensitive,54,-0.3156338472612708,True
K54S,-2.31504231471731,54,True,neutral,sensitive,54,-0.46786586469521035,True
K54T,-1.96296460477171,54,True,neutral,sensitive,54,-0.3967115963017524,True
K54V,-3.9951419830816697,54,True,impactful,sensitive,54,-0.8074109689536667,True
K54W,-4.09300156838058,54,True,impactful,sensitive,54,-0.8271882141485046,True
K54Y,-4.09300156838058,54,True,impactful,sensitive,54,-0.8271882141485046,True
D55A,-4.02590381472056,55,True,impactful,sensitive,55,-2.035774216033176,True
D55C,-4.699754840338901,55,True,impactful,sensitive,55,-2.376519699913185,True
D55D,0.0,55,True,neutral,sensitive,55,0.0,True
D55E,-1.14153864483489,55,True,neutral,sensitive,55,-0.5772405518639115,True
D55F,-5.34937748449953,55,True,impactful,sensitive,55,-2.705013645619957,True
D55G,-3.0886613908165,55,True,mild,sensitive,55,-1.5618399025059273,True
D55H,-2.33996966609688,55,True,mild,sensitive,55,-1.18324980719154,True
D55I,-4.06185624316322,55,True,impactful,sensitive,55,-2.0539542397485278,True
D55K,-3.34357204334969,55,True,impactful,sensitive,55,-1.6907402830668772,True
D55L,-4.88657697498326,55,True,impactful,sensitive,55,-2.470989836855506,True
D55M,-4.88657697498326,55,True,impactful,sensitive,55,-2.470989836855506,True
D55N,-1.5029803321458102,55,True,neutral,sensitive,55,-0.7600103599593316,True
D55P,-5.34937748449953,55,True,impactful,sensitive,55,-2.705013645619957,True
D55Q,-3.22456909183209,55,True,mild,sensitive,55,-1.6305641955395125,True
D55R,-4.699754840338901,55,True,impactful,sensitive,55,-2.376519699913185,True
D55S,-3.93232984313212,55,True,impactful,sensitive,55,-1.9884567719464525,True
D55T,-3.57969006279916,55,True,impactful,sensitive,55,-1.8101378141699433,True
D55V,-4.88657697498326,55,True,impactful,sensitive,55,-2.470989836855506,True
D55W,-5.34937748449953,55,True,impactful,sensitive,55,-2.705013645619957,True
D55Y,-5.34937748449953,55,True,impactful,sensitive,55,-2.705013645619957,True
R56A,-4.3050705598544,56,True,impactful,sensitive,56,-3.5256719560879324,True
R56C,-4.3050705598544,56,True,impactful,sensitive,56,-3.5256719560879324,True
R56D,-3.9797108240251498,56,True,impactful,sensitive,56,-3.2592159990240925,True
R56E,-3.2768062538549,56,True,mild,sensitive,56,-2.6835666812254297,True
R56F,-3.9277910598171095,56,True,impactful,sensitive,56,-3.216695893002607,True
R56G,-3.38441499305884,56,True,impactful,sensitive,56,-2.771693718579759,True
R56H,-3.9797108240251498,56,True,impactful,sensitive,56,-3.2592159990240925,True
R56I,-4.59461843112663,56,True,impactful,sensitive,56,-3.7627995003398405,True
R56K,-2.27160340811108,56,True,neutral,sensitive,56,-1.860347773626705,True
R56L,-3.2668277939865,56,True,mild,sensitive,56,-2.675394741733651,True
R56M,-4.59461843112663,56,True,impactful,sensitive,56,-3.7627995003398405,True
R56N,-3.2187060072765203,56,True,mild,sensitive,56,-2.6359850197508465,True
R56P,-2.5651067298885,56,True,mild,sensitive,56,-2.100714665695554,True
R56Q,-2.1664846072479,56,True,neutral,sensitive,56,-1.7742598911847876,True
R56R,0.0,56,True,neutral,sensitive,56,0.0,True
R56S,-3.27824843261958,56,True,mild,sensitive,56,-2.684747765055673,True
R56T,-3.28502809069879,56,True,impactful,sensitive,56,-2.6903000202462457,True
R56V,-4.59461843112663,56,True,impactful,sensitive,56,-3.7627995003398405,True
R56W,-1.80623052550456,56,True,neutral,sensitive,56,-1.479226930537643,True
R56Y,-3.9277910598171095,56,True,impactful,sensitive,56,-3.216695893002607,True
S57A,-0.233974959322713,57,True,neutral,tolerant,57,-0.10196976742949754,True
S57C,-1.98144517146807,57,True,neutral,tolerant,57,-0.863543277852325,True
S57D,-1.01886916054052,57,True,neutral,tolerant,57,-0.4440383348805599,True
S57E,-0.7590960242791779,57,True,neutral,tolerant,57,-0.330825338217678,True
S57F,-4.26582009733927,57,True,impactful,tolerant,57,-1.85910784846768,True
S57G,-1.69817392602968,57,True,neutral,tolerant,57,-0.7400894556978926,True
S57H,-1.46654488966894,57,True,neutral,tolerant,57,-0.6391420763886125,True
S57I,-3.55543498429788,57,True,impactful,tolerant,57,-1.549511449896254,True
S57K,-1.76279896066506,57,True,neutral,tolerant,57,-0.7682540070283786,True
S57L,-3.07651930866875,57,True,mild,tolerant,57,-1.3407928750384766,True
S57M,-1.77165609564596,57,True,neutral,tolerant,57,-0.7721140781945769,True
S57N,-1.33225183347406,57,True,neutral,tolerant,57,-0.580615165016439,True
S57P,-4.26582009733927,57,True,impactful,tolerant,57,-1.85910784846768,True
S57Q,-0.7784029070438979,57,True,neutral,tolerant,57,-0.3392395648981994,True
S57R,-1.84260761177998,57,True,neutral,tolerant,57,-0.8030358042626107,True
S57S,0.0,57,True,neutral,tolerant,57,0.0,True
S57T,-0.9631637509308852,57,True,neutral,tolerant,57,-0.4197610888072963,True
S57V,-2.1623983006961103,57,True,neutral,tolerant,57,-0.9424053430768914,True
S57W,-4.26582009733927,57,True,impactful,tolerant,57,-1.85910784846768,True
S57Y,-4.26582009733927,57,True,impactful,tolerant,57,-1.85910784846768,True
S58A,-0.8332377513297919,58,True,neutral,tolerant,58,-0.6141702360791544,True
S58C,-1.45950346544061,58,True,neutral,tolerant,58,-1.0757836961868747,True
S58D,-1.83469233803608,58,True,neutral,tolerant,58,-1.3523312218942505,True
S58E,-1.44673316590917,58,True,neutral,tolerant,58,-1.066370851094932,True
S58F,-3.7064971827518702,58,True,impactful,tolerant,58,-2.732017657774653,True
S58G,-0.515610579026488,58,True,neutral,tolerant,58,-0.38005079647461865,True
S58H,-1.56712028097845,58,True,neutral,tolerant,58,-1.1551068484318114,True
S58I,-1.8147263341277295,58,True,neutral,tolerant,58,-1.3376145035093971,True
S58K,-1.47178533696243,58,True,neutral,tolerant,58,-1.08483652645052,True
S58L,-1.45691673750285,58,True,neutral,tolerant,58,-1.073877047927514,True
S58M,-1.87755701719203,58,True,neutral,tolerant,58,-1.3839262979390552,True
S58N,-0.8482251269928621,58,True,neutral,tolerant,58,-0.6252172632145723,True
S58P,-1.7122727339198405,58,True,neutral,tolerant,58,-1.2620970995914684,True
S58Q,-1.3123874651923502,58,True,neutral,tolerant,58,-0.9673461362475952,True
S58R,-1.16248041603681,58,True,neutral,tolerant,58,-0.8568513253453619,True
S58S,0.0,58,True,neutral,tolerant,58,0.0,True
S58T,-0.808628625789423,58,True,neutral,tolerant,58,-0.5960311246206197,True
S58V,-1.62988093242459,58,True,neutral,tolerant,58,-1.2013670233382425,True
S58W,-3.7064971827518702,58,True,impactful,tolerant,58,-2.732017657774653,True
S58Y,-3.7064971827518702,58,True,impactful,tolerant,58,-2.732017657774653,True
F59A,-4.9288123226967,59,True,impactful,sensitive,59,-4.78280447018281,True
F59C,-4.9288123226967,59,True,impactful,sensitive,59,-4.78280447018281,True
F59D,-4.9288123226967,59,True,impactful,sensitive,59,-4.78280447018281,True
F59E,-4.9288123226967,59,True,impactful,sensitive,59,-4.78280447018281,True
F59F,0.0,59,True,neutral,sensitive,59,0.0,True
F59G,-4.9288123226967,59,True,impactful,sensitive,59,-4.78280447018281,True
F59H,-4.9288123226967,59,True,impactful,sensitive,59,-4.78280447018281,True
F59I,-1.38286571622251,59,True,neutral,sensitive,59,-1.3419006235548587,True
F59K,-4.9288123226967,59,True,impactful,sensitive,59,-4.78280447018281,True
F59L,-0.7952249276937471,59,True,neutral,sensitive,59,-0.7716677142402327,True
F59M,-1.6096304784748603,59,True,neutral,sensitive,59,-1.5619478575682408,True
F59N,-4.9288123226967,59,True,impactful,sensitive,59,-4.78280447018281,True
F59P,-4.9288123226967,59,True,impactful,sensitive,59,-4.78280447018281,True
F59Q,-4.9288123226967,59,True,impactful,sensitive,59,-4.78280447018281,True
F59R,-4.9288123226967,59,True,impactful,sensitive,59,-4.78280447018281,True
F59S,-4.9288123226967,59,True,impactful,sensitive,59,-4.78280447018281,True
F59T,-4.9288123226967,59,True,impactful,sensitive,59,-4.78280447018281,True
F59V,-2.67395991549733,59,True,mild,sensitive,59,-2.5947483084389424,True
F59W,-3.02482044332056,59,True,mild,sensitive,59,-2.9352151777405324,True
F59Y,-2.54722686385321,59,True,mild,sensitive,59,-2.4717695122830827,True
Y60A,-2.3004692188054903,60,True,neutral,sensitive,60,-1.0607541331289791,True
Y60C,-1.83986514090742,60,True,neutral,sensitive,60,-0.8483680358178673,True
Y60D,-3.31296659263694,60,True,impactful,sensitive,60,-1.5276200947746748,True
Y60E,-3.31296659263694,60,True,impactful,sensitive,60,-1.5276200947746748,True
Y60F,-0.0817895859521129,60,True,neutral,sensitive,60,-0.037713454558049135,True
Y60G,-2.3606479756502403,60,True,mild,sensitive,60,-1.0885027613339584,True
Y60H,-2.17771322483487,60,True,neutral,sensitive,60,-1.0041509293537492,True
Y60I,-2.81162230183433,60,True,mild,sensitive,60,-1.2964485475780458,True
Y60K,-2.7941358344495804,60,True,mild,sensitive,60,-1.2883854783569635,True
Y60L,-0.980774378185193,60,True,neutral,sensitive,60,-0.45223838111911413,True
Y60M,-2.81162230183433,60,True,mild,sensitive,60,-1.2964485475780458,True
Y60N,-3.31296659263694,60,True,impactful,sensitive,60,-1.5276200947746748,True
Y60P,-3.22027439439216,60,True,mild,sensitive,60,-1.4848794088340844,True
Y60Q,-2.28145861173619,60,True,neutral,sensitive,60,-1.0519882779472602,True
Y60R,-2.5615614609078703,60,True,mild,sensitive,60,-1.1811446485394916,True
Y60S,-2.4541670870867898,60,True,mild,sensitive,60,-1.1316247397425108,True
Y60T,-3.2350869488076,60,True,mild,sensitive,60,-1.4917095277463186,True
Y60V,-1.08187908645368,60,True,neutral,sensitive,60,-0.49885810386866913,True
Y60W,-2.48855134441534,60,True,mild,sensitive,60,-1.147479437026732,True
Y60Y,0.0,60,True,neutral,sensitive,60,0.0,True
V61A,-1.3647598903303502,61,True,neutral,sensitive,61,-0.4453319556808742,True
V61C,-0.9593291920842328,61,True,neutral,sensitive,61,-0.31303670944580053,True
V61D,-3.2034184384485,61,True,mild,sensitive,61,-1.0453007947889847,True
V61E,-2.51228608950474,61,True,mild,sensitive,61,-0.8197788383113953,True
V61F,-4.465548143492518,61,True,impactful,sensitive,61,-1.4571437085883676,True
V61G,-4.465548143492518,61,True,impactful,sensitive,61,-1.4571437085883676,True
V61H,-2.24041526341769,61,True,neutral,sensitive,61,-0.731065235624395,True
V61I,-1.29552388738417,61,True,neutral,sensitive,61,-0.4227396998459772,True
V61K,-2.37153776963505,61,True,mild,sensitive,61,-0.7738515473714526,True
V61L,-1.60084457213022,61,True,neutral,sensitive,61,-0.522368256203147,True
V61M,-0.256469238763725,61,True,neutral,sensitive,61,-0.0836879428241318,True
V61N,-3.2034184384485,61,True,mild,sensitive,61,-1.0453007947889847,True
V61P,-4.465548143492518,61,True,impactful,sensitive,61,-1.4571437085883676,True
V61Q,-1.86906603230403,61,True,neutral,sensitive,61,-0.609891041904205,True
V61R,-2.52965286954594,61,True,mild,sensitive,61,-0.8254457561146106,True
V61S,-1.3471846050972802,61,True,neutral,sensitive,61,-0.43959700098302057,True
V61T,-0.8650338707672081,61,True,neutral,sensitive,61,-0.2822673996564409,True
V61V,0.0,61,True,neutral,sensitive,61,0.0,True
V61W,-4.465548143492518,61,True,impactful,sensitive,61,-1.4571437085883676,True
V61Y,-4.465548143492518,61,True,impactful,sensitive,61,-1.4571437085883676,True
N62A,-1.56624251825724,62,True,neutral,tolerant,62,-0.7128898314608797,True
N62C,-1.20786858459372,62,True,neutral,tolerant,62,-0.5497726065156436,True
N62D,-1.56752933659367,62,True,neutral,tolerant,62,-0.7134755387803305,True
N62E,-1.51528754347799,62,True,neutral,tolerant,62,-0.6896972013547247,True
N62F,-4.37996547158195,62,True,impactful,tolerant,62,-1.9935819711463738,True
N62G,-1.7037527202523703,62,True,neutral,tolerant,62,-0.7754788772706804,True
N62H,-0.918093647969284,62,True,neutral,tolerant,62,-0.41787885230851074,True
N62I,-3.6601380839039503,62,True,impactful,tolerant,62,-1.6659458489616144,True
N62K,-2.4258106774615498,62,True,mild,tolerant,62,-1.1041302638979567,True
N62L,-2.9999618699983994,62,True,mild,tolerant,62,-1.3654605126362516,True
N62M,-2.456440691207089,62,True,mild,tolerant,62,-1.1180717991852243,True
N62N,0.0,62,True,neutral,tolerant,62,0.0,True
N62P,-4.37996547158195,62,True,impactful,tolerant,62,-1.9935819711463738,True
N62Q,-1.6351327822517,62,True,neutral,tolerant,62,-0.7442458750593846,True
N62R,-1.9986743549879,62,True,neutral,tolerant,62,-0.909715198932233,True
N62S,-1.0711213058529498,62,True,neutral,tolerant,62,-0.48753081231207795,True
N62T,-1.30163280416081,62,True,neutral,tolerant,62,-0.5924502620543406,True
N62V,-2.9234227745985297,62,True,mild,tolerant,62,-1.3306230323713852,True
N62W,-4.37996547158195,62,True,impactful,tolerant,62,-1.9935819711463738,True
N62Y,-4.37996547158195,62,True,impactful,tolerant,62,-1.9935819711463738,True
G63A,-5.402425353054731,63,True,impactful,sensitive,63,-4.670642638016815,True
G63C,-5.402425353054731,63,True,impactful,sensitive,63,-4.670642638016815,True
G63D,-5.50841893582886,63,True,impactful,sensitive,63,-4.762278915190194,True
G63E,-3.88479290362892,63,True,impactful,sensitive,63,-3.3585803023256626,True
G63F,-5.657808500260232,63,True,impactful,sensitive,63,-4.891432993906597,True
G63G,0.0,63,True,neutral,sensitive,63,0.0,True
G63H,-5.50841893582886,63,True,impactful,sensitive,63,-4.762278915190194,True
G63I,-5.913191647465742,63,True,impactful,sensitive,63,-5.112223349796388,True
G63K,-3.87628058378384,63,True,impactful,sensitive,63,-3.3512210143357994,True
G63L,-5.913191647465742,63,True,impactful,sensitive,63,-5.112223349796388,True
G63M,-5.913191647465742,63,True,impactful,sensitive,63,-5.112223349796388,True
G63N,-5.50841893582886,63,True,impactful,sensitive,63,-4.762278915190194,True
G63P,-5.913191647465742,63,True,impactful,sensitive,63,-5.112223349796388,True
G63Q,-5.50841893582886,63,True,impactful,sensitive,63,-4.762278915190194,True
G63R,-3.02357205176305,63,True,mild,sensitive,63,-2.6140156728117256,True
G63S,-4.09179104867295,63,True,impactful,sensitive,63,-3.5375396213445476,True
G63T,-5.402425353054731,63,True,impactful,sensitive,63,-4.670642638016815,True
G63V,-5.913191647465742,63,True,impactful,sensitive,63,-5.112223349796388,True
G63W,-5.04058556920946,63,True,impactful,sensitive,63,-4.357815673808433,True
G63Y,-5.657808500260232,63,True,impactful,sensitive,63,-4.891432993906597,True
L64A,-2.74169427602705,64,True,mild,sensitive,64,-2.5346810890059968,True
L64C,-4.0821286729969,64,True,impactful,sensitive,64,-3.773905223790278,True
L64D,-5.0023247427660005,64,True,impactful,sensitive,64,-4.624621365489794,True
L64E,-5.0023247427660005,64,True,impactful,sensitive,64,-4.624621365489794,True
L64F,-3.2372510038115494,64,True,mild,sensitive,64,-2.992820523963431,True
L64G,-5.0023247427660005,64,True,impactful,sensitive,64,-4.624621365489794,True
L64H,-5.0023247427660005,64,True,impactful,sensitive,64,-4.624621365489794,True
L64I,-1.22570168865146,64,True,neutral,sensitive,64,-1.133154384919072,True
L64K,-5.0023247427660005,64,True,impactful,sensitive,64,-4.624621365489794,True
L64L,0.0,64,True,neutral,sensitive,64,0.0,True
L64M,-1.05721318252991,64,True,neutral,sensitive,64,-0.9773876993643218,True
L64N,-5.0023247427660005,64,True,impactful,sensitive,64,-4.624621365489794,True
L64P,-2.8810627693899704,64,True,mild,sensitive,64,-2.663526484942027,True
L64Q,-5.0023247427660005,64,True,impactful,sensitive,64,-4.624621365489794,True
L64R,-5.0023247427660005,64,True,impactful,sensitive,64,-4.624621365489794,True
L64S,-4.0821286729969,64,True,impactful,sensitive,64,-3.773905223790278,True
L64T,-2.86627864683454,64,True,mild,sensitive,64,-2.649858645976007,True
L64V,-1.50912992817193,64,True,neutral,sensitive,64,-1.3951822138730066,True
L64W,-4.4993432063721,64,True,impactful,sensitive,64,-4.159617736323586,True
L64Y,-4.4993432063721,64,True,impactful,sensitive,64,-4.159617736323586,True
T65A,-2.11824312677283,65,True,neutral,sensitive,65,-1.417476827917253,True
T65C,-1.85952932209603,65,True,neutral,sensitive,65,-1.2443518364766444,True
T65D,-4.23580677229616,65,True,impactful,sensitive,65,-2.8344989634934814,True
T65E,-4.23580677229616,65,True,impactful,sensitive,65,-2.8344989634934814,True
T65F,-3.0836174779712,65,True,mild,sensitive,65,-2.063481885501983,True
T65G,-4.26573909605612,65,True,impactful,sensitive,65,-2.854528947209327,True
T65H,-3.0397007283470803,65,True,mild,sensitive,65,-2.0340938638141832,True
T65I,-2.15206353515897,65,True,neutral,sensitive,65,-1.4401086233859293,True
T65K,-3.06526538995845,65,True,mild,sensitive,65,-2.0512011141527555,True
T65L,-2.92447629579673,65,True,mild,sensitive,65,-1.956988473462289,True
T65M,-2.74792665726254,65,True,mild,sensitive,65,-1.8388457454456766,True
T65N,-2.45731521628294,65,True,mild,sensitive,65,-1.6443756308919173,True
T65P,-4.16024888031324,65,True,impactful,sensitive,65,-2.7839374582071486,True
T65Q,-4.23580677229616,65,True,impactful,sensitive,65,-2.8344989634934814,True
T65R,-2.43301252788446,65,True,mild,sensitive,65,-1.628112862361932,True
T65S,-1.75242918012834,65,True,neutral,sensitive,65,-1.172683023965431,True
T65T,0.0,65,True,neutral,sensitive,65,0.0,True
T65V,-2.06141300798458,65,True,neutral,sensitive,65,-1.3794474933748786,True
T65W,-4.20161096333426,65,True,impactful,sensitive,65,-2.8116159590816014,True
T65Y,-3.02423349691024,65,True,mild,sensitive,65,-2.0237435683846137,True
L66A,-3.58414395522287,66,True,impactful,sensitive,66,-3.58414395522287,True
L66C,-4.63690519159993,66,True,impactful,sensitive,66,-4.63690519159993,True
L66D,-4.93070465186806,66,True,impactful,sensitive,66,-4.93070465186806,True
L66E,-4.93070465186806,66,True,impactful,sensitive,66,-4.93070465186806,True
L66F,-4.80069631960426,66,True,impactful,sensitive,66,-4.80069631960426,True
L66G,-5.15295536384281,66,True,impactful,sensitive,66,-5.15295536384281,True
L66H,-4.93070465186806,66,True,impactful,sensitive,66,-4.93070465186806,True
L66I,-1.08027432873401,66,True,neutral,sensitive,66,-1.08027432873401,True
L66K,-5.15295536384281,66,True,impactful,sensitive,66,-5.15295536384281,True
L66L,0.0,66,True,neutral,sensitive,66,0.0,True
L66M,-3.0970699544843,66,True,mild,sensitive,66,-3.0970699544843,True
L66N,-4.93070465186806,66,True,impactful,sensitive,66,-4.93070465186806,True
L66P,-2.86047470255158,66,True,mild,sensitive,66,-2.86047470255158,True
L66Q,-4.93070465186806,66,True,impactful,sensitive,66,-4.93070465186806,True
L66R,-5.15295536384281,66,True,impactful,sensitive,66,-5.15295536384281,True
L66S,-4.63690519159993,66,True,impactful,sensitive,66,-4.63690519159993,True
L66T,-4.09975840891586,66,True,impactful,sensitive,66,-4.09975840891586,True
L66V,-1.65206476973447,66,True,neutral,sensitive,66,-1.65206476973447,True
L66W,-4.80069631960426,66,True,impactful,sensitive,66,-4.80069631960426,True
L66Y,-4.80069631960426,66,True,impactful,sensitive,66,-4.80069631960426,True
G67A,-1.7027255580943603,67,True,neutral,sensitive,67,-1.3451910428572205,True
G67C,-2.71049242081008,67,True,mild,sensitive,67,-2.1413492672810666,True
G67D,-3.57925258733319,67,True,impactful,sensitive,67,-2.827689111563401,True
G67E,-3.2779155573473,67,True,mild,sensitive,67,-2.5896261590862686,True
G67F,-4.84377411606639,67,True,impactful,sensitive,67,-3.8266892298536055,True
G67G,0.0,67,True,neutral,sensitive,67,0.0,True
G67H,-4.44617413716579,67,True,impactful,sensitive,67,-3.512576407787381,True
G67I,-4.977674913368031,67,True,impactful,sensitive,67,-3.9324738363659995,True
G67K,-3.6527258545172407,67,True,impactful,sensitive,67,-2.8857346259656484,True
G67L,-4.977674913368031,67,True,impactful,sensitive,67,-3.9324738363659995,True
G67M,-4.977674913368031,67,True,impactful,sensitive,67,-3.9324738363659995,True
G67N,-4.44617413716579,67,True,impactful,sensitive,67,-3.512576407787381,True
G67P,-5.20657983827615,67,True,impactful,sensitive,67,-4.113313815650108,True
G67Q,-4.44617413716579,67,True,impactful,sensitive,67,-3.512576407787381,True
G67R,-4.84377411606639,67,True,impactful,sensitive,67,-3.8266892298536055,True
G67S,-2.40612687764306,67,True,mild,sensitive,67,-1.900893722066329,True
G67T,-2.4873544632625,67,True,mild,sensitive,67,-1.9650653204127335,True
G67V,-4.977674913368031,67,True,impactful,sensitive,67,-3.9324738363659995,True
G67W,-4.17708622116162,67,True,impactful,sensitive,67,-3.299990972260685,True
G67Y,-4.84377411606639,67,True,impactful,sensitive,67,-3.8266892298536055,True
G68A,-1.41229423625738,68,True,neutral,sensitive,68,-0.6398063540364556,True
G68C,-1.41519914241418,68,True,neutral,sensitive,68,-0.6411223527634103,True
G68D,-1.9821753273923304,68,True,neutral,sensitive,68,-0.8979774445873919,True
G68E,-3.00021337434982,68,True,mild,sensitive,68,-1.3591753977988659,True
G68F,-4.835263826715651,68,True,impactful,sensitive,68,-2.19050141277466,True
G68G,0.0,68,True,neutral,sensitive,68,0.0,True
G68H,-1.73095561114276,68,True,neutral,sensitive,68,-0.7841683199805715,True
G68I,-4.47883005578017,68,True,impactful,sensitive,68,-2.0290275601007086,True
G68K,-2.08459043799149,68,True,neutral,sensitive,68,-0.9443741775262263,True
G68L,-2.48339094221304,68,True,mild,sensitive,68,-1.1250412722741723,True
G68M,-4.47883005578017,68,True,impactful,sensitive,68,-2.0290275601007086,True
G68N,-1.74348770823939,68,True,neutral,sensitive,68,-0.789845688864462,True
G68P,-5.0601484979765186,68,True,impactful,sensitive,68,-2.29238007085047,True
G68Q,-1.72902760108671,68,True,neutral,sensitive,68,-0.7832948808254447,True
G68R,-3.26270470299251,68,True,mild,sensitive,68,-1.478090858638046,True
G68S,-0.7624013133516541,68,True,neutral,sensitive,68,-0.34538780381967876,True
G68T,-1.5206924097050198,68,True,neutral,sensitive,68,-0.6889135714683806,True
G68V,-2.75610718400047,68,True,mild,sensitive,68,-1.2485888871160566,True
G68W,-4.835263826715651,68,True,impactful,sensitive,68,-2.19050141277466,True
G68Y,-4.835263826715651,68,True,impactful,sensitive,68,-2.19050141277466,True
Q69A,-1.8874798498968703,69,True,neutral,tolerant,69,-1.3864516507809697,True
Q69C,-3.446485103632,69,True,impactful,tolerant,69,-2.531621707952905,True
Q69D,-3.00897964140765,69,True,mild,tolerant,69,-2.2102512994901162,True
Q69E,-1.78481813661374,69,True,neutral,tolerant,69,-1.311041308328214,True
Q69F,-4.38740786416369,69,True,impactful,tolerant,69,-3.2227781802552866,True
Q69G,-4.603337073851719,69,True,impactful,tolerant,69,-3.381389361847585,True
Q69H,-1.20358082498416,69,True,neutral,tolerant,69,-0.8840924165303201,True
Q69I,-2.28750142089752,69,True,neutral,tolerant,69,-1.680288200872962,True
Q69K,-0.7454102275886599,69,True,neutral,tolerant,69,-0.5475423966013644,True
Q69L,-1.1193712587006102,69,True,neutral,tolerant,69,-0.8222361311814956,True
Q69M,-1.82074119160604,69,True,neutral,tolerant,69,-1.3374286516939677,True
Q69N,-1.7035859362836,69,True,neutral,tolerant,69,-1.251372052388636,True
Q69P,-3.5819547537180902,69,True,impactful,tolerant,69,-2.631131178214451,True
Q69Q,0.0,69,True,neutral,tolerant,69,0.0,True
Q69R,-0.849685226011851,69,True,neutral,tolerant,69,-0.6241377804974709,True
Q69S,-3.446485103632,69,True,impactful,tolerant,69,-2.531621707952905,True
Q69T,-1.92325452902785,69,True,neutral,tolerant,69,-1.41273000439625,True
Q69V,-2.07504884335392,69,True,neutral,tolerant,69,-1.5242307855505728,True
Q69W,-4.38740786416369,69,True,impactful,tolerant,69,-3.2227781802552866,True
Q69Y,-4.38740786416369,69,True,impactful,tolerant,69,-3.2227781802552866,True
K70A,-3.67741040403998,70,True,impactful,sensitive,70,-1.6281661840138177,True
K70C,-4.83215418923088,70,True,impactful,sensitive,70,-2.1394267113083663,True
K70D,-4.734652981235531,70,True,impactful,sensitive,70,-2.096258244284907,True
K70E,-3.99577580879244,70,True,impactful,sensitive,70,-1.7691218373747721,True
K70F,-3.93737916988693,70,True,impactful,sensitive,70,-1.7432668409834082,True
K70G,-5.43941730854166,70,True,impactful,sensitive,70,-2.4082912564715477,True
K70H,-4.734652981235531,70,True,impactful,sensitive,70,-2.096258244284907,True
K70I,-5.43941730854166,70,True,impactful,sensitive,70,-2.4082912564715477,True
K70K,0.0,70,True,neutral,sensitive,70,0.0,True
K70L,-5.43941730854166,70,True,impactful,sensitive,70,-2.4082912564715477,True
K70M,-5.43941730854166,70,True,impactful,sensitive,70,-2.4082912564715477,True
K70N,-4.734652981235531,70,True,impactful,sensitive,70,-2.096258244284907,True
K70P,-4.087616778789831,70,True,impactful,sensitive,70,-1.8097842452182114,True
K70Q,-3.62946681825189,70,True,impactful,sensitive,70,-1.6069392562184381,True
K70R,-1.32548111493927,70,True,neutral,sensitive,70,-0.5868541423938358,True
K70S,-3.47878830791893,70,True,impactful,sensitive,70,-1.5402266437473948,True
K70T,-4.83215418923088,70,True,impactful,sensitive,70,-2.1394267113083663,True
K70V,-5.43941730854166,70,True,impactful,sensitive,70,-2.4082912564715477,True
K70W,-4.734652981235531,70,True,impactful,sensitive,70,-2.096258244284907,True
K70Y,-4.11934281529507,70,True,impactful,sensitive,70,-1.8238308851401166,True
C71A,-2.11348173798505,71,True,neutral,sensitive,71,-2.11348173798505,True
C71C,0.0,71,True,neutral,sensitive,71,0.0,True
C71D,-5.29109293486554,71,True,impactful,sensitive,71,-5.29109293486554,True
C71E,-5.29109293486554,71,True,impactful,sensitive,71,-5.29109293486554,True
C71F,-2.56204690171324,71,True,mild,sensitive,71,-2.56204690171324,True
C71G,-3.6019978021790098,71,True,impactful,sensitive,71,-3.6019978021790098,True
C71H,-5.29109293486554,71,True,impactful,sensitive,71,-5.29109293486554,True
C71I,-4.468588833785709,71,True,impactful,sensitive,71,-4.468588833785709,True
C71K,-5.06166121810019,71,True,impactful,sensitive,71,-5.06166121810019,True
C71L,-3.80047030550968,71,True,impactful,sensitive,71,-3.80047030550968,True
C71M,-3.0586526889986496,71,True,mild,sensitive,71,-3.0586526889986496,True
C71N,-5.29109293486554,71,True,impactful,sensitive,71,-5.29109293486554,True
C71P,-5.29109293486554,71,True,impactful,sensitive,71,-5.29109293486554,True
C71Q,-5.29109293486554,71,True,impactful,sensitive,71,-5.29109293486554,True
C71R,-5.06166121810019,71,True,impactful,sensitive,71,-5.06166121810019,True
C71S,-3.1971374592512,71,True,mild,sensitive,71,-3.1971374592512,True
C71T,-1.61069786294623,71,True,neutral,sensitive,71,-1.61069786294623,True
C71V,-3.0488915811394,71,True,mild,sensitive,71,-3.0488915811394,True
C71W,-2.89912667615484,71,True,mild,sensitive,71,-2.89912667615484,True
C71Y,-1.84780631385302,71,True,neutral,sensitive,71,-1.84780631385302,True
S72A,-1.64552106524499,72,True,neutral,sensitive,72,-1.279698939474209,True
S72C,-1.6508253795566,72,True,neutral,sensitive,72,-1.2838240312415359,True
S72D,-4.6133285679642,72,True,impactful,sensitive,72,-3.5877217256959897,True
S72E,-4.6133285679642,72,True,impactful,sensitive,72,-3.5877217256959897,True
S72F,-2.91017673699425,72,True,mild,sensitive,72,-2.2632041379911434,True
S72G,-3.23577073699718,72,True,mild,sensitive,72,-2.5164140818218423,True
S72H,-4.6133285679642,72,True,impactful,sensitive,72,-3.5877217256959897,True
S72I,-2.3106208218155,72,True,neutral,sensitive,72,-1.79693780751697,True
S72K,-3.7498784692296296,72,True,impactful,sensitive,72,-2.916228544005835,True
S72L,-2.18578831502314,72,True,neutral,sensitive,72,-1.6998572961044305,True
S72M,-2.50264072109227,72,True,mild,sensitive,72,-1.9462690234171698,True
S72N,-4.6133285679642,72,True,impactful,sensitive,72,-3.5877217256959897,True
S72P,-2.39778333130685,72,True,mild,sensitive,72,-1.8647228838152088,True
S72Q,-4.6133285679642,72,True,impactful,sensitive,72,-3.5877217256959897,True
S72R,-2.50844669342232,72,True,mild,sensitive,72,-1.950784247676712,True
S72S,0.0,72,True,neutral,sensitive,72,0.0,True
S72T,-0.897587196881748,72,True,neutral,sensitive,72,-0.6980411300685403,True
S72V,-2.27277781725514,72,True,neutral,sensitive,72,-1.7675078270534863,True
S72W,-4.122836269770779,72,True,impactful,sensitive,72,-3.206272659454509,True
S72Y,-2.8832632780032403,72,True,mild,sensitive,72,-2.2422739137261325,True
V73A,-4.02980499337055,73,True,impactful,sensitive,73,-3.732027688173316,True
V73C,-3.5533548546719,73,True,impactful,sensitive,73,-3.290784225379811,True
V73D,-5.01495107078549,73,True,impactful,sensitive,73,-4.644377651473344,True
V73E,-5.01495107078549,73,True,impactful,sensitive,73,-4.644377651473344,True
V73F,-3.2876766860632403,73,True,impactful,sensitive,73,-3.044738006512683,True
V73G,-4.02479640370791,73,True,impactful,sensitive,73,-3.7273892018618393,True
V73H,-5.01495107078549,73,True,impactful,sensitive,73,-4.644377651473344,True
V73I,-1.84748117171259,73,True,neutral,sensitive,73,-1.710963904594147,True
V73K,-5.24141611761804,73,True,impactful,sensitive,73,-4.854108352232547,True
V73L,-1.33964009719501,73,True,neutral,sensitive,73,-1.2406490991856407,True
V73M,-0.492077320329499,73,True,neutral,sensitive,73,-0.4557158937499374,True
V73N,-5.01495107078549,73,True,impactful,sensitive,73,-4.644377651473344,True
V73P,-5.24141611761804,73,True,impactful,sensitive,73,-4.854108352232547,True
V73Q,-5.01495107078549,73,True,impactful,sensitive,73,-4.644377651473344,True
V73R,-5.24141611761804,73,True,impactful,sensitive,73,-4.854108352232547,True
V73S,-4.71558056286757,73,True,impactful,sensitive,73,-4.367128745779348,True
V73T,-4.71558056286757,73,True,impactful,sensitive,73,-4.367128745779348,True
V73V,0.0,73,True,neutral,sensitive,73,0.0,True
V73W,-4.4033958635482096,73,True,impactful,sensitive,73,-4.078012537029645,True
V73Y,-4.4033958635482096,73,True,impactful,sensitive,73,-4.078012537029645,True
I74A,-4.0166930656437,74,True,impactful,sensitive,74,-2.1186984911140643,True
I74C,-4.0166930656437,74,True,impactful,sensitive,74,-2.1186984911140643,True
I74D,-4.27160514725109,74,True,impactful,sensitive,74,-2.253157817191988,True
I74E,-4.27160514725109,74,True,impactful,sensitive,74,-2.253157817191988,True
I74F,-3.82385952001192,74,True,impactful,sensitive,74,-2.016983937502596,True
I74G,-4.46443869288287,74,True,impactful,sensitive,74,-2.354872370803456,True
I74H,-4.27160514725109,74,True,impactful,sensitive,74,-2.253157817191988,True
I74I,0.0,74,True,neutral,sensitive,74,0.0,True
I74K,-2.4048309969594,74,True,mild,sensitive,74,-1.268484228536812,True
I74L,-0.932127413971644,74,True,neutral,sensitive,74,-0.4916723566457741,True
I74M,-1.86406249263936,74,True,neutral,sensitive,74,-0.9832432615471504,True
I74N,-4.27160514725109,74,True,impactful,sensitive,74,-2.253157817191988,True
I74P,-4.46443869288287,74,True,impactful,sensitive,74,-2.354872370803456,True
I74Q,-4.27160514725109,74,True,impactful,sensitive,74,-2.253157817191988,True
I74R,-4.07877160161931,74,True,impactful,sensitive,74,-2.15144326358052,True
I74S,-4.0166930656437,74,True,impactful,sensitive,74,-2.1186984911140643,True
I74T,-3.22905109028732,74,True,mild,sensitive,74,-1.703238350781377,True
I74V,-0.8193619837659221,74,True,neutral,sensitive,74,-0.4321915989871344,True
I74W,-3.82385952001192,74,True,impactful,sensitive,74,-2.016983937502596,True
I74Y,-3.08669333189925,74,True,mild,sensitive,74,-1.6281484290557178,True
R75A,-3.9583722711498304,75,True,impactful,sensitive,75,-1.826439580657818,True
R75C,-2.71790661414002,75,True,mild,sensitive,75,-1.25407411848988,True
R75D,-4.18722776782475,75,True,impactful,sensitive,75,-1.9320362018813084,True
R75E,-4.18722776782475,75,True,impactful,sensitive,75,-1.9320362018813084,True
R75F,-3.60133934292677,75,True,impactful,sensitive,75,-1.6617003830695787,True
R75G,-2.60236186040939,75,True,mild,sensitive,75,-1.2007604084356005,True
R75H,-4.18722776782475,75,True,impactful,sensitive,75,-1.9320362018813084,True
R75I,-4.16402307958397,75,True,impactful,sensitive,75,-1.9213292854629913,True
R75K,-1.99636335396002,75,True,neutral,sensitive,75,-0.9211455611748748,True
R75L,-2.27627274272426,75,True,neutral,sensitive,75,-1.0502990494313595,True
R75M,-4.16402307958397,75,True,impactful,sensitive,75,-1.9213292854629913,True
R75N,-4.18722776782475,75,True,impactful,sensitive,75,-1.9320362018813084,True
R75P,-2.11006594771748,75,True,neutral,sensitive,75,-0.9736092769238125,True
R75Q,-1.7014102167123402,75,True,neutral,sensitive,75,-0.78505071020931,True
R75R,0.0,75,True,neutral,sensitive,75,0.0,True
R75S,-3.3025815235632496,75,True,impactful,sensitive,75,-1.5238500069709084,True
R75T,-3.07879040348353,75,True,mild,sensitive,75,-1.4205901487477668,True
R75V,-4.16402307958397,75,True,impactful,sensitive,75,-1.9213292854629913,True
R75W,-2.14233558965981,75,True,neutral,sensitive,75,-0.9884988697311121,True
R75Y,-4.14242003166398,75,True,impactful,sensitive,75,-1.9113613847499906,True
D76A,-4.86733151695155,76,True,impactful,sensitive,76,-4.083150413047409,True
D76C,-5.41934892665905,76,True,impactful,sensitive,76,-4.546231694157314,True
D76D,0.0,76,True,neutral,sensitive,76,0.0,True
D76E,-2.2591975220735296,76,True,neutral,sensitive,76,-1.8952157384972386,True
D76F,-5.81700263066536,76,True,impactful,sensitive,76,-4.8798189750130305,True
D76G,-4.27852777240749,76,True,impactful,sensitive,76,-3.5892094837382236,True
D76H,-2.52329545593001,76,True,mild,sensitive,76,-2.1167645653966307,True
D76I,-5.81700263066536,76,True,impactful,sensitive,76,-4.8798189750130305,True
D76K,-5.81700263066536,76,True,impactful,sensitive,76,-4.8798189750130305,True
D76L,-5.81700263066536,76,True,impactful,sensitive,76,-4.8798189750130305,True
D76M,-5.81700263066536,76,True,impactful,sensitive,76,-4.8798189750130305,True
D76N,-2.03442838300136,76,True,neutral,sensitive,76,-1.7066594012421086,True
D76P,-5.81700263066536,76,True,impactful,sensitive,76,-4.8798189750130305,True
D76Q,-3.49618089048509,76,True,impactful,sensitive,76,-2.9329073635842,True
D76R,-5.81700263066536,76,True,impactful,sensitive,76,-4.8798189750130305,True
D76S,-5.41934892665905,76,True,impactful,sensitive,76,-4.546231694157314,True
D76T,-5.41934892665905,76,True,impactful,sensitive,76,-4.546231694157314,True
D76V,-5.81700263066536,76,True,impactful,sensitive,76,-4.8798189750130305,True
D76W,-5.81700263066536,76,True,impactful,sensitive,76,-4.8798189750130305,True
D76Y,-5.81700263066536,76,True,impactful,sensitive,76,-4.8798189750130305,True
S77A,-1.38628254121207,77,True,neutral,sensitive,77,-1.114308572156777,True
S77C,-2.7729130568031204,77,True,mild,sensitive,77,-2.228896849800611,True
S77D,-2.01647333570755,77,True,neutral,sensitive,77,-1.620862599582257,True
S77E,-1.41917357952517,77,True,neutral,sensitive,77,-1.1407467367082682,True
S77F,-3.73959634367564,77,True,impactful,sensitive,77,-3.005927102364365,True
S77G,-4.4759420052157015,77,True,impactful,sensitive,77,-3.597809534936256,True
S77H,-1.73348667714446,77,True,neutral,sensitive,77,-1.3933949297036854,True
S77I,-3.81491587671897,77,True,impactful,sensitive,77,-3.066469739832515,True
S77K,-3.07064959689546,77,True,mild,sensitive,77,-2.468220630491895,True
S77L,-2.51773512333178,77,True,mild,sensitive,77,-2.023782127340244,True
S77M,-3.2354492087507403,77,True,mild,sensitive,77,-2.6006883019219114,True
S77N,-0.734296262221831,77,True,neutral,sensitive,77,-0.590235103719232,True
S77P,-2.28653264700726,77,True,neutral,sensitive,77,-1.8379391309716735,True
S77Q,-1.2058873671215702,77,True,neutral,sensitive,77,-0.9693050228161038,True
S77R,-2.3243249547086804,77,True,mild,sensitive,77,-1.8683169877081938,True
S77S,0.0,77,True,neutral,sensitive,77,0.0,True
S77T,-0.449386111329394,77,True,neutral,sensitive,77,-0.36122131035764027,True
S77V,-3.81491587671897,77,True,impactful,sensitive,77,-3.066469739832515,True
S77W,-2.75851228631132,77,True,mild,sensitive,77,-2.217321358133057,True
S77Y,-2.51746709387005,77,True,mild,sensitive,77,-2.023566682423412,True
L78A,-4.53299393342234,78,True,impactful,sensitive,78,-4.53299393342234,True
L78C,-4.53299393342234,78,True,impactful,sensitive,78,-4.53299393342234,True
L78D,-5.20947785576162,78,True,impactful,sensitive,78,-5.20947785576162,True
L78E,-5.20947785576162,78,True,impactful,sensitive,78,-5.20947785576162,True
L78F,-2.26662133964523,78,True,neutral,sensitive,78,-2.26662133964523,True
L78G,-5.20947785576162,78,True,impactful,sensitive,78,-5.20947785576162,True
L78H,-5.20947785576162,78,True,impactful,sensitive,78,-5.20947785576162,True
L78I,-1.21117501301964,78,True,neutral,sensitive,78,-1.21117501301964,True
L78K,-4.758488574202099,78,True,impactful,sensitive,78,-4.758488574202099,True
L78L,0.0,78,True,neutral,sensitive,78,0.0,True
L78M,-1.27993599146792,78,True,neutral,sensitive,78,-1.27993599146792,True
L78N,-5.20947785576162,78,True,impactful,sensitive,78,-5.20947785576162,True
L78P,-4.39336388539449,78,True,impactful,sensitive,78,-4.39336388539449,True
L78Q,-5.20947785576162,78,True,impactful,sensitive,78,-5.20947785576162,True
L78R,-4.034852767974931,78,True,impactful,sensitive,78,-4.034852767974931,True
L78S,-3.48286666739163,78,True,impactful,sensitive,78,-3.48286666739163,True
L78T,-3.3757483794611,78,True,impactful,sensitive,78,-3.3757483794611,True
L78V,-1.77532213689187,78,True,neutral,sensitive,78,-1.77532213689187,True
L78W,-3.43123336985321,78,True,impactful,sensitive,78,-3.43123336985321,True
L78Y,-4.23490623252904,78,True,impactful,sensitive,78,-4.23490623252904,True
L79A,-1.73912463041085,79,True,neutral,tolerant,79,-1.042668740523252,True
L79C,-3.037432760469,79,True,mild,tolerant,79,-1.8210518874855435,True
L79D,-1.31229870335458,79,True,neutral,tolerant,79,-0.7867710066838464,True
L79E,-1.73056924459528,79,True,neutral,tolerant,79,-1.0375394742262738,True
L79F,-0.9832881536438052,79,True,neutral,tolerant,79,-0.5895171644421004,True
L79G,-2.72058667618405,79,True,mild,tolerant,79,-1.6310910865951165,True
L79H,-0.549429985463601,79,True,neutral,tolerant,79,-0.3294033451838964,True
L79I,-1.43289784679953,79,True,neutral,tolerant,79,-0.8590745982753374,True
L79K,-2.52792921305642,79,True,mild,tolerant,79,-1.5155859002967456,True
L79L,0.0,79,True,neutral,tolerant,79,0.0,True
L79M,-0.570623871937861,79,True,neutral,tolerant,79,-0.34210985426926827,True
L79N,-0.978635586716485,79,True,neutral,tolerant,79,-0.5867277806259659,True
L79P,-1.8252907553250304,79,True,neutral,tolerant,79,-1.0943284797788642,True
L79Q,-0.976958164356296,79,True,neutral,tolerant,79,-0.5857221046502248,True
L79R,-3.65231805009355,79,True,impactful,tolerant,79,-2.189698078384264,True
L79S,-1.57327673383502,79,True,neutral,tolerant,79,-0.9432368686393493,True
L79T,-1.5127053811600102,79,True,neutral,tolerant,79,-0.9069221302352809,True
L79V,-1.29417014319352,79,True,neutral,tolerant,79,-0.7759022726896834,True
L79W,-2.54135195176212,79,True,mild,tolerant,79,-1.5236333224399985,True
L79Y,-0.9929246578659878,79,True,neutral,tolerant,79,-0.5952946007135979,True
Q80A,-0.916314871490965,80,True,neutral,tolerant,80,-0.5378669956523048,True
Q80C,-2.46058999795441,80,True,mild,tolerant,80,-1.444339921689134,True
Q80D,-0.834022846462335,80,True,neutral,tolerant,80,-0.4895624601204596,True
Q80E,-1.05632505911098,80,True,neutral,tolerant,80,-0.6200514731926058,True
Q80F,-3.687081985263741,80,True,impactful,tolerant,80,-2.1642775554986704,True
Q80G,-2.27435894597922,80,True,neutral,tolerant,80,-1.3350242928157559,True
Q80H,-0.6116397848143841,80,True,neutral,tolerant,80,-0.3590259895533942,True
Q80I,-0.6545148258708361,80,True,neutral,tolerant,80,-0.384193178517576,True
Q80K,-2.22710820114073,80,True,neutral,tolerant,80,-1.3072886126916743,True
Q80L,-0.745372884361893,80,True,neutral,tolerant,80,-0.4375258837609919,True
Q80M,-0.36854828374983295,80,True,neutral,tolerant,80,-0.21633388729224654,True
Q80N,-0.8656127070853721,80,True,neutral,tolerant,80,-0.5081053692830504,True
Q80P,-3.687081985263741,80,True,impactful,tolerant,80,-2.1642775554986704,True
Q80Q,0.0,80,True,neutral,tolerant,80,0.0,True
Q80R,-3.24107721818349,80,True,mild,tolerant,80,-1.902477543756281,True
Q80S,-0.921514778018179,80,True,neutral,tolerant,80,-0.5409192849782595,True
Q80T,-0.473964370509767,80,True,neutral,tolerant,80,-0.27821199889238934,True
Q80V,-0.0397475869205229,80,True,neutral,tolerant,80,-0.023331406950303217,True
Q80W,-3.687081985263741,80,True,impactful,tolerant,80,-2.1642775554986704,True
Q80Y,-3.687081985263741,80,True,impactful,tolerant,80,-2.1642775554986704,True
D81A,-2.21838387714525,81,True,neutral,sensitive,81,-0.7249987457426548,True
D81C,-3.64075012643574,81,True,impactful,sensitive,81,-1.1898478448306438,True
D81D,0.0,81,True,neutral,sensitive,81,0.0,True
D81E,-0.40413585522291495,81,True,neutral,sensitive,81,-0.13207722575197217,True
D81F,-4.25240883053867,81,True,impactful,sensitive,81,-1.3897464276980338,True
D81G,-2.8599297195546503,81,True,mild,sensitive,81,-0.934664861636796,True
D81H,-1.72144161836014,81,True,neutral,sensitive,81,-0.5625910948227609,True
D81I,-3.82487774347968,81,True,impactful,sensitive,81,-1.2500233143644497,True
D81K,-2.81104210023901,81,True,mild,sensitive,81,-0.918687706802893,True
D81L,-3.3624076921858994,81,True,impactful,sensitive,81,-1.0988816609356467,True
D81M,-3.82487774347968,81,True,impactful,sensitive,81,-1.2500233143644497,True
D81N,-1.37801737772291,81,True,neutral,sensitive,81,-0.45035527022777666,True
D81P,-2.68514264889089,81,True,mild,sensitive,81,-0.8775420127427035,True
D81Q,-1.77272656938271,81,True,neutral,sensitive,81,-0.5793517310453268,True
D81R,-3.88415359645079,81,True,impactful,sensitive,81,-1.269395488630422,True
D81S,-2.5868227645064503,81,True,mild,sensitive,81,-0.8454097052576657,True
D81T,-3.64075012643574,81,True,impactful,sensitive,81,-1.1898478448306438,True
D81V,-2.76115048028,81,True,mild,sensitive,81,-0.902382430576355,True
D81W,-4.25240883053867,81,True,impactful,sensitive,81,-1.3897464276980338,True
D81Y,-4.25240883053867,81,True,impactful,sensitive,81,-1.3897464276980338,True
G82A,-2.36904142857941,82,True,mild,sensitive,82,-1.096132697053433,True
G82C,-3.36316230026353,82,True,impactful,sensitive,82,-1.5561028685880245,True
G82D,-1.60581424850511,82,True,neutral,sensitive,82,-0.7429948172059739,True
G82E,-0.938304587847894,82,True,neutral,sensitive,82,-0.4341445135267488,True
G82F,-4.39531077152461,82,True,impactful,sensitive,82,-2.0336680449139655,True
G82G,0.0,82,True,neutral,sensitive,82,0.0,True
G82H,-2.20081054816009,82,True,neutral,sensitive,82,-1.0182938857700528,True
G82I,-4.20136819040394,82,True,impactful,sensitive,82,-1.943932676864796,True
G82K,-2.20805089413678,82,True,neutral,sensitive,82,-1.0216439242570488,True
G82L,-4.20136819040394,82,True,impactful,sensitive,82,-1.943932676864796,True
G82M,-4.20136819040394,82,True,impactful,sensitive,82,-1.943932676864796,True
G82N,-1.29764437222823,82,True,neutral,sensitive,82,-0.6004075776756981,True
G82P,-2.68502829840271,82,True,mild,sensitive,82,-1.2423367843583066,True
G82Q,-2.24106795830037,82,True,neutral,sensitive,82,-1.03692060247543,True
G82R,-1.7499995491110605,82,True,neutral,sensitive,82,-0.8097079698431706,True
G82S,-1.5664671777457,82,True,neutral,sensitive,82,-0.7247893057816647,True
G82T,-2.17131899720789,82,True,neutral,sensitive,82,-1.004648428626271,True
G82V,-4.20136819040394,82,True,impactful,sensitive,82,-1.943932676864796,True
G82W,-4.39531077152461,82,True,impactful,sensitive,82,-2.0336680449139655,True
G82Y,-4.39531077152461,82,True,impactful,sensitive,82,-2.0336680449139655,True
E83A,-3.89021839624735,83,True,impactful,sensitive,83,-2.3593658309613526,True
E83C,-3.89021839624735,83,True,impactful,sensitive,83,-2.3593658309613526,True
E83D,-0.259041578648316,83,True,neutral,sensitive,83,-0.15710527975773436,True
E83E,0.0,83,True,neutral,sensitive,83,0.0,True
E83F,-4.751780409841039,83,True,impactful,sensitive,83,-2.8818917585771566,True
E83G,-3.41898430195199,83,True,impactful,sensitive,83,-2.0735686064309795,True
E83H,-2.2548709926254102,83,True,neutral,sensitive,83,-1.3675493330549862,True
E83I,-2.57029589778383,83,True,mild,sensitive,83,-1.55885035208849,True
E83K,-2.90843330222612,83,True,mild,sensitive,83,-1.7639262005243197,True
E83L,-2.6249478441275804,83,True,mild,sensitive,83,-1.5919960322701892,True
E83M,-2.47097025578388,83,True,mild,sensitive,83,-1.4986106683475873,True
E83N,-1.07568772563437,83,True,neutral,sensitive,83,-0.6523903303460945,True
E83P,-3.03480311150936,83,True,mild,sensitive,83,-1.8405678128244385,True
E83Q,-1.4394005151333895,83,True,neutral,sensitive,83,-0.8729773104126665,True
E83R,-4.2720391569026805,83,True,impactful,sensitive,83,-2.5909350552267196,True
E83S,-2.91152868398664,83,True,mild,sensitive,83,-1.765803508483841,True
E83T,-3.0452290486327898,83,True,mild,sensitive,83,-1.8468910053291319,True
E83V,-2.17312849441031,83,True,neutral,sensitive,83,-1.3179735926769738,True
E83W,-4.751780409841039,83,True,impactful,sensitive,83,-2.8818917585771566,True
E83Y,-4.751780409841039,83,True,impactful,sensitive,83,-2.8818917585771566,True
F84A,-1.46217776647595,84,True,neutral,tolerant,84,-1.1825979712627082,True
F84C,-1.04718977400352,84,True,neutral,tolerant,84,-0.846958920219627,True
F84D,-1.62957050518325,84,True,neutral,tolerant,84,-1.3179839125196788,True
F84E,-2.04556290252565,84,True,neutral,tolerant,84,-1.654435318386357,True
F84F,0.0,84,True,neutral,tolerant,84,0.0,True
F84G,-1.92684315194439,84,True,neutral,tolerant,84,-1.558415710233929,True
F84H,-0.8764092532730079,84,True,neutral,tolerant,84,-0.7088329672899396,True
F84I,-2.55773340908866,84,True,mild,tolerant,84,-2.06867482871745,True
F84K,-2.2400450342279,84,True,neutral,tolerant,84,-1.8117309493767288,True
F84L,-1.3103251352716898,84,True,neutral,tolerant,84,-1.0597807477277912,True
F84M,-3.0408740065514506,84,True,mild,tolerant,84,-2.4594351750269197,True
F84N,-1.10557237847624,84,True,neutral,tolerant,84,-0.8941783152818807,True
F84P,-2.50130038702481,84,True,mild,tolerant,84,-2.0230322406990457,True
F84Q,-1.32793704181504,84,True,neutral,tolerant,84,-1.0740251203518068,True
F84R,-2.2619583629618902,84,True,neutral,tolerant,84,-1.829454278713686,True
F84S,-0.664140483669225,84,True,neutral,tolerant,84,-0.5371516423161107,True
F84T,-2.6975876466680098,84,True,mild,tolerant,84,-2.1817878450864843,True
F84V,-2.15998983967731,84,True,neutral,tolerant,84,-1.7469829325246162,True
F84W,-0.808234578983129,84,True,neutral,tolerant,84,-0.6536938225462606,True
F84Y,-0.17163485412440804,84,True,neutral,tolerant,84,-0.1388169311141241,True
S85A,-1.36213457944383,85,True,neutral,sensitive,85,-1.1914509295506652,True
S85C,-1.2075611728986002,85,True,neutral,sensitive,85,-1.0562464999066257,True
S85D,-3.86294475788481,85,True,impactful,sensitive,85,-3.378894561552036,True
S85E,-3.86294475788481,85,True,impactful,sensitive,85,-3.378894561552036,True
S85F,-2.7938989442945896,85,True,mild,sensitive,85,-2.443806613888022,True
S85G,-3.6326813479001694,85,True,impactful,sensitive,85,-3.1774845408331402,True
S85H,-3.86294475788481,85,True,impactful,sensitive,85,-3.378894561552036,True
S85I,-2.15020698261409,85,True,neutral,sensitive,85,-1.8807731239066834,True
S85K,-4.445022034231831,85,True,impactful,sensitive,85,-3.8880340566062954,True
S85L,-2.53087357988891,85,True,mild,sensitive,85,-2.2137399085522644,True
S85M,-2.1555042698217903,85,True,neutral,sensitive,85,-1.885406629187996,True
S85N,-2.12263474183823,85,True,neutral,sensitive,85,-1.856655850622566,True
S85P,-2.04247713558781,85,True,neutral,sensitive,85,-1.7865424742213782,True
S85Q,-3.29793044237113,85,True,impactful,sensitive,85,-2.884679935782037,True
S85R,-4.445022034231831,85,True,impactful,sensitive,85,-3.8880340566062954,True
S85S,0.0,85,True,neutral,sensitive,85,0.0,True
S85T,-0.0888625248397587,85,True,neutral,sensitive,85,-0.07772751637050379,True
S85V,-1.7026067535220102,85,True,neutral,sensitive,85,-1.4892598938141055,True
S85W,-3.99450817378327,85,True,impactful,sensitive,85,-3.4939722906785393,True
S85Y,-3.99450817378327,85,True,impactful,sensitive,85,-3.4939722906785393,True
M86A,-2.50236483375327,86,True,mild,sensitive,86,-2.50236483375327,True
M86C,-3.80470753507905,86,True,impactful,sensitive,86,-3.80470753507905,True
M86D,-4.91610103131482,86,True,impactful,sensitive,86,-4.91610103131482,True
M86E,-4.3202549300633,86,True,impactful,sensitive,86,-4.3202549300633,True
M86F,-3.46969379970361,86,True,impactful,sensitive,86,-3.46969379970361,True
M86G,-5.13810221030456,86,True,impactful,sensitive,86,-5.13810221030456,True
M86H,-4.91610103131482,86,True,impactful,sensitive,86,-4.91610103131482,True
M86I,-1.40597177640079,86,True,neutral,sensitive,86,-1.40597177640079,True
M86K,-4.7862386664899415,86,True,impactful,sensitive,86,-4.7862386664899415,True
M86L,-1.16645504582857,86,True,neutral,sensitive,86,-1.16645504582857,True
M86M,0.0,86,True,neutral,sensitive,86,0.0,True
M86N,-4.91610103131482,86,True,impactful,sensitive,86,-4.91610103131482,True
M86P,-5.13810221030456,86,True,impactful,sensitive,86,-5.13810221030456,True
M86Q,-4.91610103131482,86,True,impactful,sensitive,86,-4.91610103131482,True
M86R,-4.24969496776845,86,True,impactful,sensitive,86,-4.24969496776845,True
M86S,-4.27076789189554,86,True,impactful,sensitive,86,-4.27076789189554,True
M86T,-2.12047229718155,86,True,neutral,sensitive,86,-2.12047229718155,True
M86V,-0.980155904011009,86,True,neutral,sensitive,86,-0.980155904011009,True
M86W,-4.5642374875002005,86,True,impactful,sensitive,86,-4.5642374875002005,True
M86Y,-3.15284093557044,86,True,mild,sensitive,86,-3.15284093557044,True
D87A,-3.78755843530981,87,True,impactful,sensitive,87,-3.3112515908001616,True
D87C,-4.92200191967759,87,True,impactful,sensitive,87,-4.303032405920028,True
D87D,0.0,87,True,neutral,sensitive,87,0.0,True
D87E,-2.44707108143944,87,True,mild,sensitive,87,-2.13933808536861,True
D87F,-5.60135807091579,87,True,impactful,sensitive,87,-4.896955687878148,True
D87G,-3.64033488311904,87,True,impactful,sensitive,87,-3.1825422310051454,True
D87H,-1.06841522795155,87,True,neutral,sensitive,87,-0.9340559845119082,True
D87I,-5.21781054869597,87,True,impactful,sensitive,87,-4.561641430741425,True
D87K,-5.60135807091579,87,True,impactful,sensitive,87,-4.896955687878148,True
D87L,-5.21781054869597,87,True,impactful,sensitive,87,-4.561641430741425,True
D87M,-5.21781054869597,87,True,impactful,sensitive,87,-4.561641430741425,True
D87N,-1.95002794324252,87,True,neutral,sensitive,87,-1.7048009263620503,True
D87P,-5.60135807091579,87,True,impactful,sensitive,87,-4.896955687878148,True
D87Q,-2.20082837948042,87,True,neutral,sensitive,87,-1.924061792603495,True
D87R,-5.60135807091579,87,True,impactful,sensitive,87,-4.896955687878148,True
D87S,-4.150831201236549,87,True,impactful,sensitive,87,-3.6288407566478162,True
D87T,-4.41397459430051,87,True,impactful,sensitive,87,-3.858892383249405,True
D87V,-4.35534199521822,87,True,impactful,sensitive,87,-3.807633164335704,True
D87W,-5.60135807091579,87,True,impactful,sensitive,87,-4.896955687878148,True
D87Y,-5.60135807091579,87,True,impactful,sensitive,87,-4.896955687878148,True
L88A,-2.5255014778452503,88,True,mild,sensitive,88,-2.498576389798275,True
L88C,-4.0810749986209,88,True,impactful,sensitive,88,-4.037565499763694,True
L88D,-5.1956098857086,88,True,impactful,sensitive,88,-5.140218014091167,True
L88E,-5.1956098857086,88,True,impactful,sensitive,88,-5.140218014091167,True
L88F,-2.78173229655048,88,True,mild,sensitive,88,-2.7520754590214676,True
L88G,-4.31552255177921,88,True,impactful,sensitive,88,-4.269513541016524,True
L88H,-5.1956098857086,88,True,impactful,sensitive,88,-5.140218014091167,True
L88I,-1.01769326099769,88,True,neutral,sensitive,88,-1.0068433442989457,True
L88K,-5.1956098857086,88,True,impactful,sensitive,88,-5.140218014091167,True
L88L,0.0,88,True,neutral,sensitive,88,0.0,True
L88M,-1.20834551280479,88,True,neutral,sensitive,88,-1.1954629983383185,True
L88N,-5.1956098857086,88,True,impactful,sensitive,88,-5.140218014091167,True
L88P,-5.1956098857086,88,True,impactful,sensitive,88,-5.140218014091167,True
L88Q,-5.1956098857086,88,True,impactful,sensitive,88,-5.140218014091167,True
L88R,-5.1956098857086,88,True,impactful,sensitive,88,-5.140218014091167,True
L88S,-4.0810749986209,88,True,impactful,sensitive,88,-4.037565499763694,True
L88T,-2.7084828607658897,88,True,mild,sensitive,88,-2.679606956261543,True
L88V,-1.24739567973975,88,True,neutral,sensitive,88,-1.2340968403603072,True
L88W,-4.52070633894099,88,True,impactful,sensitive,88,-4.472509805587797,True
L88Y,-4.52070633894099,88,True,impactful,sensitive,88,-4.472509805587797,True
R89A,-4.12716337699357,89,True,impactful,sensitive,89,-2.931861944568303,True
R89C,-2.0579704761229096,89,True,neutral,sensitive,89,-1.4619448688714392,True
R89D,-3.89069533892722,89,True,impactful,sensitive,89,-2.7638793428186026,True
R89E,-3.89069533892722,89,True,impactful,sensitive,89,-2.7638793428186026,True
R89F,-4.579088461595701,89,True,impactful,sensitive,89,-3.2529013210869957,True
R89G,-2.88383065146232,89,True,mild,sensitive,89,-2.048620945982766,True
R89H,-1.3779677653474098,89,True,neutral,sensitive,89,-0.9788832869046343,True
R89I,-4.08305969698351,89,True,impactful,sensitive,89,-2.9005314908824333,True
R89K,-1.43452139920607,89,True,neutral,sensitive,89,-1.0190579618064157,True
R89L,-3.3341258145964803,89,True,impactful,sensitive,89,-2.368502455877807,True
R89M,-2.8276151724271,89,True,mild,sensitive,89,-2.0086864901291914,True
R89N,-3.89069533892722,89,True,impactful,sensitive,89,-2.7638793428186026,True
R89P,-2.86689577064265,89,True,mild,sensitive,89,-2.036590714059367,True
R89Q,-1.83447915691991,89,True,neutral,sensitive,89,-1.3031806926420126,True
R89R,0.0,89,True,neutral,sensitive,89,0.0,True
R89S,-3.0308179948134,89,True,mild,sensitive,89,-2.1530380865075367,True
R89T,-4.12716337699357,89,True,impactful,sensitive,89,-2.931861944568303,True
R89V,-3.26640039009521,89,True,mild,sensitive,89,-2.3203915436997553,True
R89W,-4.579088461595701,89,True,impactful,sensitive,89,-3.2529013210869957,True
R89Y,-3.22092555006595,89,True,mild,sensitive,89,-2.288087042826267,True
T90A,-2.3649050323319902,90,True,mild,sensitive,90,-2.264741030815757,True
T90C,-3.12179705990933,90,True,mild,sensitive,90,-2.9895753930063713,True
T90D,-4.80843319496852,90,True,impactful,sensitive,90,-4.604775160820483,True
T90E,-4.80843319496852,90,True,impactful,sensitive,90,-4.604775160820483,True
T90F,-5.16350468666605,90,True,impactful,sensitive,90,-4.9448078323766005,True
T90G,-5.16350468666605,90,True,impactful,sensitive,90,-4.9448078323766005,True
T90H,-4.80843319496852,90,True,impactful,sensitive,90,-4.604775160820483,True
T90I,-2.23824559136169,90,True,neutral,sensitive,90,-2.143446167392524,True
T90K,-3.88470016955633,90,True,impactful,sensitive,90,-3.7201662418282213,True
T90L,-2.65159651449079,90,True,mild,sensitive,90,-2.5392898832870854,True
T90M,-1.7561878990618602,90,True,neutral,sensitive,90,-1.6818057124710677,True
T90N,-4.80843319496852,90,True,impactful,sensitive,90,-4.604775160820483,True
T90P,-5.16350468666605,90,True,impactful,sensitive,90,-4.9448078323766005,True
T90Q,-4.80843319496852,90,True,impactful,sensitive,90,-4.604775160820483,True
T90R,-3.4373404586554104,90,True,impactful,sensitive,90,-3.2917541580617393,True
T90S,-1.79372889205676,90,True,neutral,sensitive,90,-1.7177566813305991,True
T90T,0.0,90,True,neutral,sensitive,90,0.0,True
T90V,-2.14156215852228,90,True,neutral,sensitive,90,-2.050857697936896,True
T90W,-5.16350468666605,90,True,impactful,sensitive,90,-4.9448078323766005,True
T90Y,-5.16350468666605,90,True,impactful,sensitive,90,-4.9448078323766005,True
K91A,-2.77587164600617,91,True,mild,sensitive,91,-1.8110288381276232,True
K91C,-4.057237205384252,91,True,impactful,sensitive,91,-2.6470148908530886,True
K91D,-4.614407616258871,91,True,impactful,sensitive,91,-3.0105229382432275,True
K91E,-4.614407616258871,91,True,impactful,sensitive,91,-3.0105229382432275,True
K91F,-5.25531258295173,91,True,impactful,sensitive,91,-3.428660923423473,True
K91G,-3.68749284312559,91,True,impactful,sensitive,91,-2.405786985467418,True
K91H,-4.614407616258871,91,True,impactful,sensitive,91,-3.0105229382432275,True
K91I,-3.52525854982248,91,True,impactful,sensitive,91,-2.2999423999917483,True
K91K,0.0,91,True,neutral,sensitive,91,0.0,True
K91L,-3.2103609183202004,91,True,mild,sensitive,91,-2.094497493153485,True
K91M,-4.4105208625782,91,True,impactful,sensitive,91,-2.8775035347131053,True
K91N,-3.56984453917308,91,True,impactful,sensitive,91,-2.329031105374277,True
K91P,-5.25531258295173,91,True,impactful,sensitive,91,-3.428660923423473,True
K91Q,-3.44279076007828,91,True,impactful,sensitive,91,-2.246138923286234,True
K91R,-1.1995242721809,91,True,neutral,sensitive,91,-0.7825913176061995,True
K91S,-2.89475865795767,91,True,mild,sensitive,91,-1.8885928737100204,True
K91T,-4.057237205384252,91,True,impactful,sensitive,91,-2.6470148908530886,True
K91V,-3.10804688060422,91,True,mild,sensitive,91,-2.0277459655331387,True
K91W,-5.25531258295173,91,True,impactful,sensitive,91,-3.428660923423473,True
K91Y,-5.25531258295173,91,True,impactful,sensitive,91,-3.428660923423473,True
S92A,-1.35224037093324,92,True,neutral,sensitive,92,-0.8837784372162715,True
S92C,-2.97536623247051,92,True,mild,sensitive,92,-1.9445984424086349,True
S92D,-2.47236526832506,92,True,mild,sensitive,92,-1.6158540744942629,True
S92E,-2.55837273355313,92,True,mild,sensitive,92,-1.6720656363157294,True
S92F,-4.83082902900623,92,True,impactful,sensitive,92,-3.1572659872354185,True
S92G,-1.97477502789394,92,True,neutral,sensitive,92,-1.290645972062898,True
S92H,-2.67455270131101,92,True,mild,sensitive,92,-1.7479969223118972,True
S92I,-3.1646546121148105,92,True,mild,sensitive,92,-2.068310906509811,True
S92K,-2.6898609031840497,92,True,mild,sensitive,92,-1.7580018437879579,True
S92L,-4.153995970203581,92,True,impactful,sensitive,92,-2.7149108587961672,True
S92M,-4.153995970203581,92,True,impactful,sensitive,92,-2.7149108587961672,True
S92N,-2.03573895653136,92,True,neutral,sensitive,92,-1.3304899278682993,True
S92P,-2.8937606535102405,92,True,mild,sensitive,92,-1.891263804135809,True
S92Q,-2.59200675786821,92,True,mild,sensitive,92,-1.6940476937113098,True
S92R,-2.6823127968918,92,True,mild,sensitive,92,-1.7530686575539878,True
S92S,0.0,92,True,neutral,sensitive,92,0.0,True
S92T,-1.7972211643635,92,True,neutral,sensitive,92,-1.1746027896482603,True
S92V,-3.33874392960898,92,True,impactful,sensitive,92,-2.1820897791557017,True
S92W,-4.83082902900623,92,True,impactful,sensitive,92,-3.1572659872354185,True
S92Y,-4.83082902900623,92,True,impactful,sensitive,92,-3.1572659872354185,True
T93A,-1.24256921717084,93,True,neutral,tolerant,93,-0.28141100147404774,True
T93C,-1.93566888703619,93,True,neutral,tolerant,93,-0.43838082619112284,True
T93D,-1.1477433159889898,93,True,neutral,tolerant,93,-0.2599352949713373,True
T93E,-2.41343775023106,93,True,mild,tolerant,93,-0.5465835825501678,True
T93F,-3.4253929173742903,93,True,impactful,tolerant,93,-0.7757662414293313,True
T93G,-1.5022641441285902,93,True,neutral,tolerant,93,-0.34022543890177154,True
T93H,-0.7438650158407419,93,True,neutral,tolerant,93,-0.1684669120854864,True
T93I,-0.961147629032676,93,True,neutral,tolerant,93,-0.2176760160422549,True
T93K,-3.46654498286098,93,True,impactful,tolerant,93,-0.7850861600312925,True
T93L,-0.868333957547361,93,True,neutral,tolerant,93,-0.19665602948357072,True
T93M,-2.93464582609528,93,True,mild,tolerant,93,-0.6646242394234062,True
T93N,-1.29170677399393,93,True,neutral,tolerant,93,-0.2925394351133888,True
T93P,-1.87529679500626,93,True,neutral,tolerant,93,-0.4247080499429647,True
T93Q,-0.671946469523046,93,True,neutral,tolerant,93,-0.15217915132001278,True
T93R,-2.47856380038922,93,True,mild,tolerant,93,-0.561333011993451,True
T93S,-0.472548266164176,93,True,neutral,tolerant,93,-0.10702042106665376,True
T93T,0.0,93,True,neutral,tolerant,93,0.0,True
T93V,-1.39240916142217,93,True,neutral,tolerant,93,-0.3153460194914664,True
T93W,-2.36314200232631,93,True,mild,tolerant,93,-0.5351928474569646,True
T93Y,-2.71886232148696,93,True,mild,tolerant,93,-0.6157546462496215,True
G94A,-1.01508003213595,94,True,neutral,tolerant,94,-0.08150573351838386,True
G94C,-0.608884526076239,94,True,neutral,tolerant,94,-0.04889031244305941,True
G94D,-1.0533302843967198,94,True,neutral,tolerant,94,-0.08457703308992318,True
G94E,-0.7042263887471941,94,True,neutral,tolerant,94,-0.05654577625476845,True
G94F,-3.6989362149271696,94,True,impactful,tolerant,94,-0.29700565461913786,True
G94G,0.0,94,True,neutral,tolerant,94,0.0,True
G94H,-1.69301146337257,94,True,neutral,tolerant,94,-0.13594015920779406,True
G94I,-3.53208182562278,94,True,impactful,tolerant,94,-0.28360810077069915,True
G94K,-1.84088405687648,94,True,neutral,tolerant,94,-0.14781357196268885,True
G94L,-3.53208182562278,94,True,impactful,tolerant,94,-0.28360810077069915,True
G94M,-3.53208182562278,94,True,impactful,tolerant,94,-0.28360810077069915,True
G94N,-1.12012984375953,94,True,neutral,tolerant,94,-0.08994069596595684,True
G94P,-2.26847109487503,94,True,neutral,tolerant,94,-0.18214662361546463,True
G94Q,-1.49105990035894,94,True,neutral,tolerant,94,-0.11972448186462523,True
G94R,-2.5276439327634703,94,True,mild,tolerant,94,-0.20295687659196035,True
G94S,-0.913917967365406,94,True,neutral,tolerant,94,-0.07338293725373114,True
G94T,-1.3872910522481998,94,True,neutral,tolerant,94,-0.11139237423383411,True
G94V,-3.53208182562278,94,True,impactful,tolerant,94,-0.28360810077069915,True
G94W,-3.6989362149271696,94,True,impactful,tolerant,94,-0.29700565461913786,True
G94Y,-3.6989362149271696,94,True,impactful,tolerant,94,-0.29700565461913786,True
G95A,-2.9460342540303794,95,True,mild,sensitive,95,-0.8116638784737567,True
G95C,-4.03210264413202,95,True,impactful,sensitive,95,-1.1108873109887256,True
G95D,-2.31502982573094,95,True,neutral,sensitive,95,-0.6378154240958203,True
G95E,-2.44156711741241,95,True,mild,sensitive,95,-0.6726777984206396,True
G95F,-4.1609594554888,95,True,impactful,sensitive,95,-1.1463887377391178,True
G95G,0.0,95,True,neutral,sensitive,95,0.0,True
G95H,-3.67795883094882,95,True,impactful,sensitive,95,-1.0133169108643836,True
G95I,-4.77936970085858,95,True,impactful,sensitive,95,-1.3167673603087817,True
G95K,-2.30901381627954,95,True,neutral,sensitive,95,-0.6361579492862257,True
G95L,-4.77936970085858,95,True,impactful,sensitive,95,-1.3167673603087817,True
G95M,-4.77936970085858,95,True,impactful,sensitive,95,-1.3167673603087817,True
G95N,-2.38340896104607,95,True,mild,sensitive,95,-0.6566546056500168,True
G95P,-4.99965187484053,95,True,impactful,sensitive,95,-1.3774574501976606,True
G95Q,-2.56935193024596,95,True,mild,sensitive,95,-0.707883878137,True
G95R,-2.6084100544692297,95,True,mild,sensitive,95,-0.7186448082075172,True
G95S,-2.7730965576549,95,True,mild,sensitive,95,-0.7640176974483981,True
G95T,-2.81092040672226,95,True,mild,sensitive,95,-0.7744385715406866,True
G95V,-4.77936970085858,95,True,impactful,sensitive,95,-1.3167673603087817,True
G95W,-3.15867864408586,95,True,mild,sensitive,95,-0.8702496773768056,True
G95Y,-3.31886235059229,95,True,impactful,sensitive,95,-0.9143819980765534,True
A96A,0.0,96,True,neutral,tolerant,96,0.0,True
A96C,-2.82082182356411,96,True,mild,tolerant,96,-1.7844168318448124,True
A96D,-1.31651602797168,96,True,neutral,tolerant,96,-0.8328116792353477,True
A96E,-0.466668968612478,96,True,neutral,tolerant,96,-0.2952089903500558,True
A96F,-4.34537453871998,96,True,impactful,tolerant,96,-2.7488299341660256,True
A96G,-1.431327685577,96,True,neutral,tolerant,96,-0.905440107096871,True
A96H,-2.72710393299192,96,True,mild,tolerant,96,-1.7251320588807733,True
A96I,-2.53657243242986,96,True,mild,tolerant,96,-1.6046041993189044,True
A96K,-2.0555991851646,96,True,neutral,tolerant,96,-1.3003465000492713,True
A96L,-2.49337485082242,96,True,mild,tolerant,96,-1.5772779460010282,True
A96M,-2.38997818706253,96,True,mild,tolerant,96,-1.511870501394468,True
A96N,-1.64630521959271,96,True,neutral,tolerant,96,-1.0414322236359554,True
A96P,-2.31437872661598,96,True,neutral,tolerant,96,-1.4640472221741014,True
A96Q,-1.29912416601903,96,True,neutral,tolerant,96,-0.8218098034890028,True
A96R,-2.05994546901054,96,True,neutral,tolerant,96,-1.3030959051998852,True
A96S,-0.579224564154151,96,True,neutral,tolerant,96,-0.36641026138571064,True
A96T,-1.25608809377693,96,True,neutral,tolerant,96,-0.7945857189885991,True
A96V,-2.53425380427641,96,True,mild,tolerant,96,-1.6031374639621219,True
A96W,-4.34537453871998,96,True,impactful,tolerant,96,-2.7488299341660256,True
A96Y,-4.34537453871998,96,True,impactful,tolerant,96,-2.7488299341660256,True
P97A,-1.65885395860347,97,True,neutral,sensitive,97,-0.9646619020629807,True
P97C,-2.45235733927494,97,True,mild,sensitive,97,-1.4261024505343851,True
P97D,-1.97975578065325,97,True,neutral,sensitive,97,-1.1512737255019927,True
P97E,-2.05976116797162,97,True,neutral,sensitive,97,-1.197798706622572,True
P97F,-4.55427212881738,97,True,impactful,sensitive,97,-2.6484144619915693,True
P97G,-3.6648272695390296,97,True,impactful,sensitive,97,-2.131181727137728,True
P97H,-3.3616732020885896,97,True,impactful,sensitive,97,-1.954890633031369,True
P97I,-4.09456591326668,97,True,impactful,sensitive,97,-2.381084676880982,True
P97K,-2.96458724889768,97,True,mild,sensitive,97,-1.7239759772227805,True
P97L,-2.06601501003804,97,True,neutral,sensitive,97,-1.201435460269091,True
P97M,-4.09456591326668,97,True,impactful,sensitive,97,-2.381084676880982,True
P97N,-2.0508940291660203,97,True,neutral,sensitive,97,-1.192642260546229,True
P97P,0.0,97,True,neutral,sensitive,97,0.0,True
P97Q,-2.02759258287149,97,True,neutral,sensitive,97,-1.1790919311837678,True
P97R,-4.17137765512646,97,True,impactful,sensitive,97,-2.4257524793833833,True
P97S,-2.0677421277845003,97,True,neutral,sensitive,97,-1.2024398191409171,True
P97T,-2.39488445604828,97,True,mild,sensitive,97,-1.3926806411201627,True
P97V,-4.09456591326668,97,True,impactful,sensitive,97,-2.381084676880982,True
P97W,-4.55427212881738,97,True,impactful,sensitive,97,-2.6484144619915693,True
P97Y,-4.55427212881738,97,True,impactful,sensitive,97,-2.6484144619915693,True
T98A,-1.81188464521214,98,True,neutral,sensitive,98,-1.2028196062010945,True
T98C,-1.70979862685271,98,True,neutral,sensitive,98,-1.1350498037877899,True
T98D,-4.6137927484282,98,True,impactful,sensitive,98,-3.06286627651625,True
T98E,-4.6137927484282,98,True,impactful,sensitive,98,-3.06286627651625,True
T98F,-5.13357681662792,98,True,impactful,sensitive,98,-3.4079249257374804,True
T98G,-3.5035058806907498,98,True,impactful,sensitive,98,-2.3258023488809196,True
T98H,-3.3230977273061,98,True,impactful,sensitive,98,-2.206038397802133,True
T98I,-4.305200772142141,98,True,impactful,sensitive,98,-2.8580074957025534,True
T98K,-3.3477392548084106,98,True,impactful,sensitive,98,-2.2223966756234304,True
T98L,-3.2659089138351804,98,True,mild,sensitive,98,-2.1680736044694178,True
T98M,-4.305200772142141,98,True,impactful,sensitive,98,-2.8580074957025534,True
T98N,-3.63488466528369,98,True,impactful,sensitive,98,-2.4130181539073794,True
T98P,-3.0699919317453097,98,True,mild,sensitive,98,-2.0380141175875393,True
T98Q,-4.6137927484282,98,True,impactful,sensitive,98,-3.06286627651625,True
T98R,-3.00181876300147,98,True,mild,sensitive,98,-1.9927573601010022,True
T98S,-1.6592510099033502,98,True,neutral,sensitive,98,-1.1014937687090147,True
T98T,0.0,98,True,neutral,sensitive,98,0.0,True
T98V,-3.4494308508162304,98,True,impactful,sensitive,98,-2.2899046407619976,True
T98W,-5.13357681662792,98,True,impactful,sensitive,98,-3.4079249257374804,True
T98Y,-5.13357681662792,98,True,impactful,sensitive,98,-3.4079249257374804,True
F99A,-3.75495848134386,99,True,impactful,sensitive,99,-3.074769409524474,True
F99C,-2.9270904360808503,99,True,mild,sensitive,99,-2.3968648858540775,True
F99D,-2.75090335327262,99,True,mild,sensitive,99,-2.2525930769209945,True
F99E,-3.54657071298032,99,True,impactful,sensitive,99,-2.9041298835039444,True
F99F,0.0,99,True,neutral,sensitive,99,0.0,True
F99G,-4.72268130933224,99,True,impactful,sensitive,99,-3.867194828655148,True
F99H,-1.83588348846193,99,True,neutral,sensitive,99,-1.5033237831576671,True
F99I,-3.01865768126183,99,True,mild,sensitive,99,-2.471845252693218,True
F99K,-2.05588235481537,99,True,neutral,sensitive,99,-1.683471123735326,True
F99L,-2.3663478750665496,99,True,mild,sensitive,99,-1.93769760563208,True
F99M,-2.78649180745984,99,True,mild,sensitive,99,-2.2817348878919548,True
F99N,-3.54657071298032,99,True,impactful,sensitive,99,-2.9041298835039444,True
F99P,-4.72268130933224,99,True,impactful,sensitive,99,-3.867194828655148,True
F99Q,-2.53830983815119,99,True,mild,sensitive,99,-2.0785096509107266,True
F99R,-2.15411796742186,99,True,neutral,sensitive,99,-1.763911921701281,True
F99S,-2.2665386419257003,99,True,neutral,sensitive,99,-1.85596823941556,True
F99T,-2.72766334116489,99,True,mild,sensitive,99,-2.233562858967625,True
F99V,-3.43342314014184,99,True,impactful,sensitive,99,-2.811478340895891,True
F99W,-2.9038894433513,99,True,mild,sensitive,99,-2.3778666191435787,True
F99Y,-0.227705698007078,99,True,neutral,sensitive,99,-0.18645812412711626,True
N100A,-1.9479021551563,100,True,neutral,sensitive,100,-1.7302362124630772,True
N100C,-2.3633048870391096,100,True,mild,sensitive,100,-2.0992202743971613,True
N100D,-2.4106924628441804,100,True,mild,sensitive,100,-2.141312583531751,True
N100E,-3.10904714617455,100,True,mild,sensitive,100,-2.7616304773452804,True
N100F,-3.3656095898059,100,True,impactful,sensitive,100,-2.9895236646667755,True
N100G,-2.8530706250551097,100,True,mild,sensitive,100,-2.534257739341591,True
N100H,-1.6365650859783198,100,True,neutral,sensitive,100,-1.4536891230993205,True
N100I,-4.804665330413849,100,True,impactful,sensitive,100,-4.267773882503285,True
N100K,-5.02777554489249,100,True,impactful,sensitive,100,-4.465952919083473,True
N100L,-4.804665330413849,100,True,impactful,sensitive,100,-4.267773882503285,True
N100M,-4.804665330413849,100,True,impactful,sensitive,100,-4.267773882503285,True
N100N,0.0,100,True,neutral,sensitive,100,0.0,True
N100P,-2.9710914269026,100,True,mild,sensitive,100,-2.639090451107892,True
N100Q,-1.9481501790372,100,True,neutral,sensitive,100,-1.7304565212189111,True
N100R,-5.02777554489249,100,True,impactful,sensitive,100,-4.465952919083473,True
N100S,-1.42004398568678,100,True,neutral,sensitive,100,-1.26136290820445,True
N100T,-2.09115825160407,100,True,neutral,sensitive,100,-1.8574843317148095,True
N100V,-4.804665330413849,100,True,impactful,sensitive,100,-4.267773882503285,True
N100W,-4.40142598611456,100,True,impactful,sensitive,100,-3.9095940252914563,True
N100Y,-3.26274178168149,100,True,mild,sensitive,100,-2.898150693882585,True
V101A,-2.7265975509024303,101,True,mild,sensitive,101,-2.7265975509024303,True
V101C,-2.73687308421664,101,True,mild,sensitive,101,-2.73687308421664,True
V101D,-3.99355239005508,101,True,impactful,sensitive,101,-3.99355239005508,True
V101E,-3.99355239005508,101,True,impactful,sensitive,101,-3.99355239005508,True
V101F,-2.4433920070387,101,True,mild,sensitive,101,-2.4433920070387,True
V101G,-3.99355239005508,101,True,impactful,sensitive,101,-3.99355239005508,True
V101H,-3.99355239005508,101,True,impactful,sensitive,101,-3.99355239005508,True
V101I,-0.0790848534869988,101,True,neutral,sensitive,101,-0.0790848534869988,True
V101K,-3.99355239005508,101,True,impactful,sensitive,101,-3.99355239005508,True
V101L,-0.165881730522473,101,True,neutral,sensitive,101,-0.165881730522473,True
V101M,-2.40625644667268,101,True,mild,sensitive,101,-2.40625644667268,True
V101N,-3.99355239005508,101,True,impactful,sensitive,101,-3.99355239005508,True
V101P,-3.99355239005508,101,True,impactful,sensitive,101,-3.99355239005508,True
V101Q,-3.99355239005508,101,True,impactful,sensitive,101,-3.99355239005508,True
V101R,-3.99355239005508,101,True,impactful,sensitive,101,-3.99355239005508,True
V101S,-2.48863071791261,101,True,mild,sensitive,101,-2.48863071791261,True
V101T,-2.85569499933001,101,True,mild,sensitive,101,-2.85569499933001,True
V101V,0.0,101,True,neutral,sensitive,101,0.0,True
V101W,-3.39618871969555,101,True,impactful,sensitive,101,-3.39618871969555,True
V101Y,-3.39618871969555,101,True,impactful,sensitive,101,-3.39618871969555,True
T102A,-0.400108297533068,102,True,neutral,sensitive,102,-0.39457668919765926,True
T102C,-0.8945044779435429,102,True,neutral,sensitive,102,-0.8821377051053866,True
T102D,-3.90909915484984,102,True,impactful,sensitive,102,-3.855054773360552,True
T102E,-3.90909915484984,102,True,impactful,sensitive,102,-3.855054773360552,True
T102F,-3.90909915484984,102,True,impactful,sensitive,102,-3.855054773360552,True
T102G,-2.7732378812601604,102,True,mild,sensitive,102,-2.7348970973408213,True
T102H,-2.98724857450838,102,True,mild,sensitive,102,-2.9459490333177283,True
T102I,-1.49514041540425,102,True,neutral,sensitive,102,-1.4744696839161755,True
T102K,-4.08626757420096,102,True,impactful,sensitive,102,-4.029773790109186,True
T102L,-3.2004254774453504,102,True,mild,sensitive,102,-3.1561787063660076,True
T102M,-1.79449460051448,102,True,neutral,sensitive,102,-1.7696852142776662,True
T102N,-3.90909915484984,102,True,impactful,sensitive,102,-3.855054773360552,True
T102P,-2.95731169502054,102,True,mild,sensitive,102,-2.9164260395031727,True
T102Q,-3.90909915484984,102,True,impactful,sensitive,102,-3.855054773360552,True
T102R,-4.08626757420096,102,True,impactful,sensitive,102,-4.029773790109186,True
T102S,-0.8014616635167899,102,True,neutral,sensitive,102,-0.7903812334288495,True
T102T,0.0,102,True,neutral,sensitive,102,0.0,True
T102V,-2.15924565759909,102,True,neutral,sensitive,102,-2.1293934866958284,True
T102W,-3.90909915484984,102,True,impactful,sensitive,102,-3.855054773360552,True
T102Y,-3.90909915484984,102,True,impactful,sensitive,102,-3.855054773360552,True
V103A,-1.55345158971969,103,True,neutral,sensitive,103,-1.55345158971969,True
V103C,-3.96051526173201,103,True,impactful,sensitive,103,-3.96051526173201,True
V103D,-4.83225138391349,103,True,impactful,sensitive,103,-4.83225138391349,True
V103E,-4.83225138391349,103,True,impactful,sensitive,103,-4.83225138391349,True
V103F,-4.83225138391349,103,True,impactful,sensitive,103,-4.83225138391349,True
V103G,-4.83225138391349,103,True,impactful,sensitive,103,-4.83225138391349,True
V103H,-4.83225138391349,103,True,impactful,sensitive,103,-4.83225138391349,True
V103I,-1.01128874414534,103,True,neutral,sensitive,103,-1.01128874414534,True
V103K,-4.83225138391349,103,True,impactful,sensitive,103,-4.83225138391349,True
V103L,-1.11731950371158,103,True,neutral,sensitive,103,-1.11731950371158,True
V103M,-1.96119471152166,103,True,neutral,sensitive,103,-1.96119471152166,True
V103N,-4.83225138391349,103,True,impactful,sensitive,103,-4.83225138391349,True
V103P,-4.83225138391349,103,True,impactful,sensitive,103,-4.83225138391349,True
V103Q,-4.83225138391349,103,True,impactful,sensitive,103,-4.83225138391349,True
V103R,-4.83225138391349,103,True,impactful,sensitive,103,-4.83225138391349,True
V103S,-3.79366222860136,103,True,impactful,sensitive,103,-3.79366222860136,True
V103T,-3.96051526173201,103,True,impactful,sensitive,103,-3.96051526173201,True
V103V,0.0,103,True,neutral,sensitive,103,0.0,True
V103W,-4.83225138391349,103,True,impactful,sensitive,103,-4.83225138391349,True
V103Y,-4.83225138391349,103,True,impactful,sensitive,103,-4.83225138391349,True
T104A,-0.4458697658862171,104,True,neutral,sensitive,104,-0.4458697658862171,True
T104C,-0.5236657965208329,104,True,neutral,sensitive,104,-0.5236657965208329,True
T104D,-4.09524353317061,104,True,impactful,sensitive,104,-4.09524353317061,True
T104E,-4.09524353317061,104,True,impactful,sensitive,104,-4.09524353317061,True
T104F,-4.09524353317061,104,True,impactful,sensitive,104,-4.09524353317061,True
T104G,-0.758504746319039,104,True,neutral,sensitive,104,-0.758504746319039,True
T104H,-4.09524353317061,104,True,impactful,sensitive,104,-4.09524353317061,True
T104I,-2.3106325885167203,104,True,neutral,sensitive,104,-2.3106325885167203,True
T104K,-3.77001035123331,104,True,impactful,sensitive,104,-3.77001035123331,True
T104L,-2.31467380109781,104,True,neutral,sensitive,104,-2.31467380109781,True
T104M,-3.2806790190976804,104,True,mild,sensitive,104,-3.2806790190976804,True
T104N,-4.09524353317061,104,True,impactful,sensitive,104,-4.09524353317061,True
T104P,-4.42047671510792,104,True,impactful,sensitive,104,-4.42047671510792,True
T104Q,-4.09524353317061,104,True,impactful,sensitive,104,-4.09524353317061,True
T104R,-2.75906059210424,104,True,mild,sensitive,104,-2.75906059210424,True
T104S,-0.568062340066532,104,True,neutral,sensitive,104,-0.568062340066532,True
T104T,0.0,104,True,neutral,sensitive,104,0.0,True
T104V,-2.01092924667045,104,True,neutral,sensitive,104,-2.01092924667045,True
T104W,-4.09524353317061,104,True,impactful,sensitive,104,-4.09524353317061,True
T104Y,-3.29953957680614,104,True,impactful,sensitive,104,-3.29953957680614,True
K105A,-2.5950660201895,105,True,mild,sensitive,105,-2.1937069760730767,True
K105C,-3.097201001890701,105,True,mild,sensitive,105,-2.6181805747092355,True
K105D,-2.6984839005095,105,True,mild,sensitive,105,-2.28113000259481,True
K105E,-2.6984839005095,105,True,mild,sensitive,105,-2.28113000259481,True
K105F,-3.37584846772389,105,True,impactful,sensitive,105,-2.8537317648938743,True
K105G,-3.63011129581324,105,True,impactful,sensitive,105,-3.0686697030411847,True
K105H,-1.73931058474253,105,True,neutral,sensitive,105,-1.4703046988487822,True
K105I,-1.1729723635231295,105,True,neutral,sensitive,105,-0.9915576854625511,True
K105K,0.0,105,True,neutral,sensitive,105,0.0,True
K105L,-0.6886130255378979,105,True,neutral,sensitive,105,-0.5821105074725477,True
K105M,-0.3639713876608221,105,True,neutral,sensitive,105,-0.3076787125994731,True
K105N,-2.6984839005095,105,True,mild,sensitive,105,-2.28113000259481,True
K105P,-3.63011129581324,105,True,impactful,sensitive,105,-3.0686697030411847,True
K105Q,-1.70581099370448,105,True,neutral,sensitive,105,-1.441986233736901,True
K105R,-0.4441033238244769,105,True,neutral,sensitive,105,-0.3754172541243687,True
K105S,-2.61001974123519,105,True,mild,sensitive,105,-2.2063479192787474,True
K105T,-1.85917250294053,105,True,neutral,sensitive,105,-1.5716284894848493,True
K105V,-1.2859416739740002,105,True,neutral,sensitive,105,-1.0870548953563262,True
K105W,-3.37584846772389,105,True,impactful,sensitive,105,-2.8537317648938743,True
K105Y,-2.6882577516366406,105,True,mild,sensitive,105,-2.2724854540761115,True
T106A,-0.983201561863555,106,True,neutral,sensitive,106,-0.953424232635077,True
T106C,-2.14579843210499,106,True,neutral,sensitive,106,-2.080810591514467,True
T106D,-4.65987757808306,106,True,impactful,sensitive,106,-4.518748114716485,True
T106E,-4.65987757808306,106,True,impactful,sensitive,106,-4.518748114716485,True
T106F,-5.004358447317831,106,True,impactful,sensitive,106,-4.85279600595977,True
T106G,-2.51119311191166,106,True,mild,sensitive,106,-2.4351388958179134,True
T106H,-4.65987757808306,106,True,impactful,sensitive,106,-4.518748114716485,True
T106I,-2.792021383055629,106,True,mild,sensitive,106,-2.7074619771708206,True
T106K,-5.004358447317831,106,True,impactful,sensitive,106,-4.85279600595977,True
T106L,-2.50024986918217,106,True,mild,sensitive,106,-2.4245270811030064,True
T106M,-2.76619707319636,106,True,mild,sensitive,106,-2.6824197846378506,True
T106N,-4.13459144666334,106,True,impactful,sensitive,106,-4.009370845407187,True
T106P,-5.004358447317831,106,True,impactful,sensitive,106,-4.85279600595977,True
T106Q,-4.65987757808306,106,True,impactful,sensitive,106,-4.518748114716485,True
T106R,-5.004358447317831,106,True,impactful,sensitive,106,-4.85279600595977,True
T106S,-1.21855934826263,106,True,neutral,sensitive,106,-1.1816539523549174,True
T106T,0.0,106,True,neutral,sensitive,106,0.0,True
T106V,-2.70371882302853,106,True,mild,sensitive,106,-2.6218337562656617,True
T106W,-5.004358447317831,106,True,impactful,sensitive,106,-4.85279600595977,True
T106Y,-5.004358447317831,106,True,impactful,sensitive,106,-4.85279600595977,True
D107A,-0.0432475256328098,107,True,neutral,tolerant,107,-0.026449580587607716,True
D107C,-1.0236664077529498,107,True,neutral,tolerant,107,-0.6260600288805341,True
D107D,0.0,107,True,neutral,tolerant,107,0.0,True
D107E,-0.803141749569006,107,True,neutral,tolerant,107,-0.49119023846260984,True
D107F,-2.98785958528529,107,True,mild,tolerant,107,-1.8273330492116064,True
D107G,-0.581785144816968,107,True,neutral,tolerant,107,-0.35581164118289604,True
D107H,-0.885057212888482,107,True,neutral,tolerant,107,-0.5412885878302784,True
D107I,-1.35155194038278,107,True,neutral,tolerant,107,-0.8265902255081077,True
D107K,-1.42375148472954,107,True,neutral,tolerant,107,-0.8707464549951289,True
D107L,-1.00492255763277,107,True,neutral,tolerant,107,-0.6145965528314069,True
D107M,-2.26981679246254,107,True,neutral,tolerant,107,-1.3881881400816383,True
D107N,-0.36326174832292296,107,True,neutral,tolerant,107,-0.22216579436797207,True
D107P,-1.19895958364793,107,True,neutral,tolerant,107,-0.7332668786239688,True
D107Q,-1.1027647154936,107,True,neutral,tolerant,107,-0.6744354453770224,True
D107R,-1.60647646383196,107,True,neutral,tolerant,107,-0.9824984914277481,True
D107S,-0.322657949122919,107,True,neutral,tolerant,107,-0.19733307981634948,True
D107T,-0.671767047748881,107,True,neutral,tolerant,107,-0.41084331197097806,True
D107V,-1.28215520211929,107,True,neutral,tolerant,107,-0.7841481529418847,True
D107W,-2.98785958528529,107,True,mild,tolerant,107,-1.8273330492116064,True
D107Y,-2.98785958528529,107,True,mild,tolerant,107,-1.8273330492116064,True
K108A,-2.76729207198542,108,True,mild,sensitive,108,-1.8260581405269334,True
K108C,-3.2456716729811297,108,True,mild,sensitive,108,-2.141727373096774,True
K108D,-3.4367254850329103,108,True,impactful,sensitive,108,-2.2677984056081897,True
K108E,-2.26332466197604,108,True,neutral,sensitive,108,-1.4935042330719663,True
K108F,-4.504054421229911,108,True,impactful,sensitive,108,-2.972098725871874,True
K108G,-4.504054421229911,108,True,impactful,sensitive,108,-2.972098725871874,True
K108H,-2.5130748166583,108,True,mild,sensitive,108,-1.6583073298149127,True
K108I,-3.19828748077451,108,True,mild,sensitive,108,-2.1104598784990274,True
K108K,0.0,108,True,neutral,sensitive,108,0.0,True
K108L,-4.306119312349209,108,True,impactful,sensitive,108,-2.84148691928784,True
K108M,-4.306119312349209,108,True,impactful,sensitive,108,-2.84148691928784,True
K108N,-2.31520470693878,108,True,neutral,sensitive,108,-1.5277384143476513,True
K108P,-2.7508604189137205,108,True,mild,sensitive,108,-1.8152153552070722,True
K108Q,-1.63599949779918,108,True,neutral,sensitive,108,-1.0795500160959906,True
K108R,-0.434441480264476,108,True,neutral,sensitive,108,-0.28667570353365185,True
K108S,-2.11438854505662,108,True,neutral,sensitive,108,-1.39522548198804,True
K108T,-1.69925209735631,108,True,neutral,sensitive,108,-1.121288626017248,True
K108V,-4.306119312349209,108,True,impactful,sensitive,108,-2.84148691928784,True
K108W,-4.504054421229911,108,True,impactful,sensitive,108,-2.972098725871874,True
K108Y,-4.504054421229911,108,True,impactful,sensitive,108,-2.972098725871874,True
T109A,-0.857400928294331,109,True,neutral,sensitive,109,-0.857400928294331,True
T109C,-1.8016225738078504,109,True,neutral,sensitive,109,-1.8016225738078504,True
T109D,-2.35176955176677,109,True,mild,sensitive,109,-2.35176955176677,True
T109E,-2.31268475349593,109,True,neutral,sensitive,109,-2.31268475349593,True
T109F,-4.25741218255686,109,True,impactful,sensitive,109,-4.25741218255686,True
T109G,-2.22521248061331,109,True,neutral,sensitive,109,-2.22521248061331,True
T109H,-2.72669742886815,109,True,mild,sensitive,109,-2.72669742886815,True
T109I,-1.13920562024876,109,True,neutral,sensitive,109,-1.13920562024876,True
T109K,-4.067878017504549,109,True,impactful,sensitive,109,-4.067878017504549,True
T109L,-1.7739390177688998,109,True,neutral,sensitive,109,-1.7739390177688998,True
T109M,-0.6021078072712049,109,True,neutral,sensitive,109,-0.6021078072712049,True
T109N,-3.62779331472857,109,True,impactful,sensitive,109,-3.62779331472857,True
T109P,-3.45223416838482,109,True,impactful,sensitive,109,-3.45223416838482,True
T109Q,-3.62779331472857,109,True,impactful,sensitive,109,-3.62779331472857,True
T109R,-4.067878017504549,109,True,impactful,sensitive,109,-4.067878017504549,True
T109S,-0.548461235901359,109,True,neutral,sensitive,109,-0.548461235901359,True
T109T,0.0,109,True,neutral,sensitive,109,0.0,True
T109V,-1.06643076903471,109,True,neutral,sensitive,109,-1.06643076903471,True
T109W,-4.25741218255686,109,True,impactful,sensitive,109,-4.25741218255686,True
T109Y,-4.25741218255686,109,True,impactful,sensitive,109,-4.25741218255686,True
L110A,-3.790886686649461,110,True,impactful,sensitive,110,-3.7681106581588737,True
L110C,-2.7233336422085204,110,True,mild,sensitive,110,-2.7069715797805514,True
L110D,-3.96751095359193,110,True,impactful,sensitive,110,-3.943673748741159,True
L110E,-1.78388771677208,110,True,neutral,sensitive,110,-1.7731699399510799,True
L110F,-1.90313010603268,110,True,neutral,sensitive,110,-1.8916959089439231,True
L110G,-4.52271803732039,110,True,impactful,sensitive,110,-4.4955450924693405,True
L110H,-3.96751095359193,110,True,impactful,sensitive,110,-3.943673748741159,True
L110I,-0.4491137406308121,110,True,neutral,sensitive,110,-0.4464154201064489,True
L110K,-2.8206017449489504,110,True,mild,sensitive,110,-2.8036552859767525,True
L110L,0.0,110,True,neutral,sensitive,110,0.0,True
L110M,-0.947611584740202,110,True,neutral,sensitive,110,-0.9419182390308559,True
L110N,-3.96751095359193,110,True,impactful,sensitive,110,-3.943673748741159,True
L110P,-2.59857438195091,110,True,mild,sensitive,110,-2.58296188570652,True
L110Q,-3.96751095359193,110,True,impactful,sensitive,110,-3.943673748741159,True
L110R,-4.20926197911761,110,True,impactful,sensitive,110,-4.1839723097908115,True
L110S,-3.790886686649461,110,True,impactful,sensitive,110,-3.7681106581588737,True
L110T,-2.47027078666513,110,True,mild,sensitive,110,-2.4554291513256477,True
L110V,-1.69998422747654,110,True,neutral,sensitive,110,-1.689770551258015,True
L110W,-2.62956698702019,110,True,mild,sensitive,110,-2.613768284087391,True
L110Y,-2.4496576722413,110,True,mild,sensitive,110,-2.434939882566488,True
V111A,-1.5745567744658,111,True,neutral,sensitive,111,-1.5745567744658,True
V111C,-3.73202285038016,111,True,impactful,sensitive,111,-3.73202285038016,True
V111D,-4.14077092372808,111,True,impactful,sensitive,111,-4.14077092372808,True
V111E,-4.14077092372808,111,True,impactful,sensitive,111,-4.14077092372808,True
V111F,-2.26282333096049,111,True,neutral,sensitive,111,-2.26282333096049,True
V111G,-1.81899032226989,111,True,neutral,sensitive,111,-1.81899032226989,True
V111H,-4.14077092372808,111,True,impactful,sensitive,111,-4.14077092372808,True
V111I,-0.968649945454284,111,True,neutral,sensitive,111,-0.968649945454284,True
V111K,-4.14077092372808,111,True,impactful,sensitive,111,-4.14077092372808,True
V111L,-1.2661389646934498,111,True,neutral,sensitive,111,-1.2661389646934498,True
V111M,-1.64469506455524,111,True,neutral,sensitive,111,-1.64469506455524,True
V111N,-4.14077092372808,111,True,impactful,sensitive,111,-4.14077092372808,True
V111P,-4.32914060151706,111,True,impactful,sensitive,111,-4.32914060151706,True
V111Q,-4.14077092372808,111,True,impactful,sensitive,111,-4.14077092372808,True
V111R,-4.14077092372808,111,True,impactful,sensitive,111,-4.14077092372808,True
V111S,-3.73202285038016,111,True,impactful,sensitive,111,-3.73202285038016,True
V111T,-2.8034114636883096,111,True,mild,sensitive,111,-2.8034114636883096,True
V111V,0.0,111,True,neutral,sensitive,111,0.0,True
V111W,-3.95240124593911,111,True,impactful,sensitive,111,-3.95240124593911,True
V111Y,-3.95240124593911,111,True,impactful,sensitive,111,-3.95240124593911,True
L112A,-3.8688901359494303,112,True,impactful,sensitive,112,-3.8456454548900716,True
L112C,-2.76073160888252,112,True,mild,sensitive,112,-2.7441448557093864,True
L112D,-4.22216929306513,112,True,impactful,sensitive,112,-4.196802075297952,True
L112E,-4.22216929306513,112,True,impactful,sensitive,112,-4.196802075297952,True
L112F,-1.26357740021708,112,True,neutral,sensitive,112,-1.2559857001093562,True
L112G,-4.41763679798303,112,True,impactful,sensitive,112,-4.391095191786708,True
L112H,-4.22216929306513,112,True,impactful,sensitive,112,-4.196802075297952,True
L112I,-0.9032865887160691,112,True,neutral,sensitive,112,-0.897859552040925,True
L112K,-2.84780248275522,112,True,mild,sensitive,112,-2.8306925990145047,True
L112L,0.0,112,True,neutral,sensitive,112,0.0,True
L112M,-1.05048928128901,112,True,neutral,sensitive,112,-1.0441778360316365,True
L112N,-4.22216929306513,112,True,impactful,sensitive,112,-4.196802075297952,True
L112P,-4.41763679798303,112,True,impactful,sensitive,112,-4.391095191786708,True
L112Q,-4.22216929306513,112,True,impactful,sensitive,112,-4.196802075297952,True
L112R,-4.22216929306513,112,True,impactful,sensitive,112,-4.196802075297952,True
L112S,-3.3403145288556098,112,True,impactful,sensitive,112,-3.3202455832063853,True
L112T,-3.8688901359494303,112,True,impactful,sensitive,112,-3.8456454548900716,True
L112V,-0.639164012895125,112,True,neutral,sensitive,112,-0.6353238512202521,True
L112W,-3.0385583438245,112,True,mild,sensitive,112,-3.0203023796847686,True
L112Y,-3.0385583438245,112,True,mild,sensitive,112,-3.0203023796847686,True
L113A,-1.57736245804817,113,True,neutral,sensitive,113,-1.57736245804817,True
L113C,-2.4816328920285096,113,True,mild,sensitive,113,-2.4816328920285096,True
L113D,-4.423355573842518,113,True,impactful,sensitive,113,-4.423355573842518,True
L113E,-4.423355573842518,113,True,impactful,sensitive,113,-4.423355573842518,True
L113F,-3.0370443232718505,113,True,mild,sensitive,113,-3.0370443232718505,True
L113G,-2.9730224325851697,113,True,mild,sensitive,113,-2.9730224325851697,True
L113H,-4.423355573842518,113,True,impactful,sensitive,113,-4.423355573842518,True
L113I,-0.988681391397884,113,True,neutral,sensitive,113,-0.988681391397884,True
L113K,-4.2298566069174,113,True,impactful,sensitive,113,-4.2298566069174,True
L113L,0.0,113,True,neutral,sensitive,113,0.0,True
L113M,-1.56987269385072,113,True,neutral,sensitive,113,-1.56987269385072,True
L113N,-4.423355573842518,113,True,impactful,sensitive,113,-4.423355573842518,True
L113P,-4.423355573842518,113,True,impactful,sensitive,113,-4.423355573842518,True
L113Q,-4.423355573842518,113,True,impactful,sensitive,113,-4.423355573842518,True
L113R,-4.2298566069174,113,True,impactful,sensitive,113,-4.2298566069174,True
L113S,-3.3312752316472,113,True,impactful,sensitive,113,-3.3312752316472,True
L113T,-3.3312752316472,113,True,impactful,sensitive,113,-3.3312752316472,True
L113V,-0.42470473326317104,113,True,neutral,sensitive,113,-0.42470473326317104,True
L113W,-4.11666696733793,113,True,impactful,sensitive,113,-4.11666696733793,True
L113Y,-4.11666696733793,113,True,impactful,sensitive,113,-4.11666696733793,True
M114A,-4.20954738824035,114,True,impactful,sensitive,114,-4.0205524967258475,True
M114C,-4.20954738824035,114,True,impactful,sensitive,114,-4.0205524967258475,True
M114D,-3.89490482876581,114,True,impactful,sensitive,114,-3.720036357721085,True
M114E,-2.5370426547812097,114,True,mild,sensitive,114,-2.4231377483659684,True
M114F,-3.2438680685511603,114,True,mild,sensitive,114,-3.098229015902448,True
M114G,-4.5241899477149,114,True,impactful,sensitive,114,-4.32106863573062,True
M114H,-3.89490482876581,114,True,impactful,sensitive,114,-3.720036357721085,True
M114I,-1.54711049994459,114,True,neutral,sensitive,114,-1.4776503052655128,True
M114K,-1.89362193391027,114,True,neutral,sensitive,114,-1.8086045106669473,True
M114L,-1.58351434688891,114,True,neutral,sensitive,114,-1.5124197387041973,True
M114M,0.0,114,True,neutral,sensitive,114,0.0,True
M114N,-3.89490482876581,114,True,impactful,sensitive,114,-3.720036357721085,True
M114P,-4.5241899477149,114,True,impactful,sensitive,114,-4.32106863573062,True
M114Q,-2.8463973116812795,114,True,mild,sensitive,114,-2.718603394304037,True
M114R,-2.02319405347924,114,True,neutral,sensitive,114,-1.9323592664144165,True
M114S,-3.44902646946292,114,True,impactful,sensitive,114,-3.294176476504586,True
M114T,-4.20954738824035,114,True,impactful,sensitive,114,-4.0205524967258475,True
M114V,-1.33305298096242,114,True,neutral,sensitive,114,-1.2732032678498209,True
M114W,-4.1271552426901605,114,True,impactful,sensitive,114,-3.9418594886775677,True
M114Y,-4.1271552426901605,114,True,impactful,sensitive,114,-3.9418594886775677,True
G115A,-2.40150791298553,115,True,mild,sensitive,115,-2.40150791298553,True
G115C,-3.1958195460877,115,True,mild,sensitive,115,-3.1958195460877,True
G115D,-3.18916370393488,115,True,mild,sensitive,115,-3.18916370393488,True
G115E,-4.8145610969093084,115,True,impactful,sensitive,115,-4.8145610969093084,True
G115F,-4.8145610969093084,115,True,impactful,sensitive,115,-4.8145610969093084,True
G115G,0.0,115,True,neutral,sensitive,115,0.0,True
G115H,-4.8145610969093084,115,True,impactful,sensitive,115,-4.8145610969093084,True
G115I,-5.17169797970954,115,True,impactful,sensitive,115,-5.17169797970954,True
G115K,-5.17169797970954,115,True,impactful,sensitive,115,-5.17169797970954,True
G115L,-5.17169797970954,115,True,impactful,sensitive,115,-5.17169797970954,True
G115M,-5.17169797970954,115,True,impactful,sensitive,115,-5.17169797970954,True
G115N,-4.8145610969093084,115,True,impactful,sensitive,115,-4.8145610969093084,True
G115P,-3.3550978001843,115,True,impactful,sensitive,115,-3.3550978001843,True
G115Q,-4.8145610969093084,115,True,impactful,sensitive,115,-4.8145610969093084,True
G115R,-5.17169797970954,115,True,impactful,sensitive,115,-5.17169797970954,True
G115S,-2.64777265668264,115,True,mild,sensitive,115,-2.64777265668264,True
G115T,-4.23209592865266,115,True,impactful,sensitive,115,-4.23209592865266,True
G115V,-5.17169797970954,115,True,impactful,sensitive,115,-5.17169797970954,True
G115W,-4.8145610969093084,115,True,impactful,sensitive,115,-4.8145610969093084,True
G115Y,-4.03581668002353,115,True,impactful,sensitive,115,-4.03581668002353,True
K116A,-1.93056278675519,116,True,neutral,sensitive,116,-1.213718218407167,True
K116C,-3.42870310928563,116,True,impactful,sensitive,116,-2.1555783928911794,True
K116D,-3.3341082093578898,116,True,impactful,sensitive,116,-2.096107882945387,True
K116E,-2.31929943848794,116,True,neutral,sensitive,116,-1.4581115940630043,True
K116F,-4.46294160621903,116,True,impactful,sensitive,116,-2.8057898827831638,True
K116G,-3.6919703504179298,116,True,impactful,sensitive,116,-2.32109087923156,True
K116H,-2.29807021035548,116,True,neutral,sensitive,116,-1.4447650709020583,True
K116I,-2.49247947043563,116,True,mild,sensitive,116,-1.566987493506051,True
K116K,0.0,116,True,neutral,sensitive,116,0.0,True
K116L,-2.34770487589301,116,True,mild,sensitive,116,-1.4759697010962927,True
K116M,-2.40338159416534,116,True,mild,sensitive,116,-1.510972886577677,True
K116N,-1.7705778947255,116,True,neutral,sensitive,116,-1.1131379215846524,True
K116P,-4.46294160621903,116,True,impactful,sensitive,116,-2.8057898827831638,True
K116Q,-2.18674432070553,116,True,neutral,sensitive,116,-1.3747760182923623,True
K116R,-1.32465642641169,116,True,neutral,sensitive,116,-0.8327932398242571,True
K116S,-2.42519357380978,116,True,mild,sensitive,116,-1.524685777583143,True
K116T,-2.39730071449367,116,True,mild,sensitive,116,-1.5071499213304018,True
K116V,-2.27656774576004,116,True,neutral,sensitive,116,-1.4312467677423846,True
K116W,-4.46294160621903,116,True,impactful,sensitive,116,-2.8057898827831638,True
K116Y,-4.46294160621903,116,True,impactful,sensitive,116,-2.8057898827831638,True
E117A,-2.12374705429313,117,True,neutral,sensitive,117,-0.8849268851852345,True
E117C,-3.6084395463999903,117,True,impactful,sensitive,117,-1.503571323016052,True
E117D,-0.973040767657404,117,True,neutral,sensitive,117,-0.4054484426196958,True
E117E,0.0,117,True,neutral,sensitive,117,0.0,True
E117F,-4.27332794764153,117,True,impactful,sensitive,117,-1.7806182626301963,True
E117G,-4.27332794764153,117,True,impactful,sensitive,117,-1.7806182626301963,True
E117H,-2.67825460634795,117,True,mild,sensitive,117,-1.115980126605685,True
E117I,-3.8889362471902,117,True,impactful,sensitive,117,-1.6204492116672653,True
E117K,-1.4626249024408702,117,True,neutral,sensitive,117,-0.6094492733938874,True
E117L,-3.8889362471902,117,True,impactful,sensitive,117,-1.6204492116672653,True
E117M,-3.8889362471902,117,True,impactful,sensitive,117,-1.6204492116672653,True
E117N,-1.52422079400108,117,True,neutral,sensitive,117,-0.635115164418149,True
E117P,-2.79628978734329,117,True,mild,sensitive,117,-1.1651632460592622,True
E117Q,-1.66756930357138,117,True,neutral,sensitive,117,-0.694845888853321,True
E117R,-1.60814036950063,117,True,neutral,sensitive,117,-0.6700829297189944,True
E117S,-2.8093759420843303,117,True,mild,sensitive,117,-1.1706160094336158,True
E117T,-3.6084395463999903,117,True,impactful,sensitive,117,-1.503571323016052,True
E117V,-2.9420501871601097,117,True,mild,sensitive,117,-1.2258989614225897,True
E117W,-4.27332794764153,117,True,impactful,sensitive,117,-1.7806182626301963,True
E117Y,-4.27332794764153,117,True,impactful,sensitive,117,-1.7806182626301963,True
G118A,-1.77232919068279,118,True,neutral,sensitive,118,-0.44211749863146804,True
G118C,-3.50952805208118,118,True,impactful,sensitive,118,-0.875471538763821,True
G118D,-1.88526464488457,118,True,neutral,sensitive,118,-0.4702898837509976,True
G118E,-1.58849973337339,118,True,neutral,sensitive,118,-0.39626020515141125,True
G118F,-4.47737277900696,118,True,impactful,sensitive,118,-1.1169058569376549,True
G118G,0.0,118,True,neutral,sensitive,118,0.0,True
G118H,-3.27666966642205,118,True,mild,sensitive,118,-0.8173837029688723,True
G118I,-4.280130817306819,118,True,impactful,sensitive,118,-1.0677027386961533,True
G118K,-4.16475166614356,118,True,impactful,sensitive,118,-1.0389207596063261,True
G118L,-4.280130817306819,118,True,impactful,sensitive,118,-1.0677027386961533,True
G118M,-4.280130817306819,118,True,impactful,sensitive,118,-1.0677027386961533,True
G118N,-2.58518158864121,118,True,mild,sensitive,118,-0.6448881074050659,True
G118P,-4.47737277900696,118,True,impactful,sensitive,118,-1.1169058569376549,True
G118Q,-3.27666966642205,118,True,mild,sensitive,118,-0.8173837029688723,True
G118R,-3.342822079935,118,True,impactful,sensitive,118,-0.8338857950996872,True
G118S,-1.61103072322979,118,True,neutral,sensitive,118,-0.4018806874689005,True
G118T,-2.59380817593605,118,True,mild,sensitive,118,-0.6470400581919573,True
G118V,-4.280130817306819,118,True,impactful,sensitive,118,-1.0677027386961533,True
G118W,-4.47737277900696,118,True,impactful,sensitive,118,-1.1169058569376549,True
G118Y,-4.47737277900696,118,True,impactful,sensitive,118,-1.1169058569376549,True
V119A,-0.992881989405129,119,True,neutral,sensitive,119,-0.8505022273189505,True
V119C,-2.5456884588442503,119,True,mild,sensitive,119,-2.180635490834493,True
V119D,-3.41260589141325,119,True,impactful,sensitive,119,-2.923236540273724,True
V119E,-3.41260589141325,119,True,impactful,sensitive,119,-2.923236540273724,True
V119F,-3.66963722247004,119,True,impactful,sensitive,119,-3.1434094529534367,True
V119G,-3.66963722247004,119,True,impactful,sensitive,119,-3.1434094529534367,True
V119H,-3.41260589141325,119,True,impactful,sensitive,119,-2.923236540273724,True
V119I,-0.149953148363292,119,True,neutral,sensitive,119,-0.12844979366871176,True
V119K,-3.66963722247004,119,True,impactful,sensitive,119,-3.1434094529534367,True
V119L,-1.75430916676422,119,True,neutral,sensitive,119,-1.502740375654269,True
V119M,-1.5656089046345298,119,True,neutral,sensitive,119,-1.3410998232527427,True
V119N,-3.41260589141325,119,True,impactful,sensitive,119,-2.923236540273724,True
V119P,-3.66963722247004,119,True,impactful,sensitive,119,-3.1434094529534367,True
V119Q,-3.41260589141325,119,True,impactful,sensitive,119,-2.923236540273724,True
V119R,-3.66963722247004,119,True,impactful,sensitive,119,-3.1434094529534367,True
V119S,-1.7797304753172702,119,True,neutral,sensitive,119,-1.524516256148068,True
V119T,-1.0352703938515502,119,True,neutral,sensitive,119,-0.8868121138702993,True
V119V,0.0,119,True,neutral,sensitive,119,0.0,True
V119W,-3.66963722247004,119,True,impactful,sensitive,119,-3.1434094529534367,True
V119Y,-3.66963722247004,119,True,impactful,sensitive,119,-3.1434094529534367,True
H120A,-3.33821690692827,120,True,impactful,sensitive,120,-1.2071658570448036,True
H120C,-3.33821690692827,120,True,impactful,sensitive,120,-1.2071658570448036,True
H120D,-2.63730033798776,120,True,mild,sensitive,120,-0.953700436956044,True
H120E,-1.72160199690425,120,True,neutral,sensitive,120,-0.6225656414865257,True
H120F,-4.01669581858639,120,True,impactful,sensitive,120,-1.452517372453745,True
H120G,-2.97744226691417,120,True,mild,sensitive,120,-1.076702546943903,True
H120H,0.0,120,True,neutral,sensitive,120,0.0,True
H120I,-4.1274040117042405,120,True,impactful,sensitive,120,-1.492551664578269,True
H120K,-2.72195203676275,120,True,mild,sensitive,120,-0.9843121806956202,True
H120L,-4.1274040117042405,120,True,impactful,sensitive,120,-1.492551664578269,True
H120M,-4.1274040117042405,120,True,impactful,sensitive,120,-1.492551664578269,True
H120N,-1.57504611059952,120,True,neutral,sensitive,120,-0.5695681080641681,True
H120P,-2.6387761800581098,120,True,mild,sensitive,120,-0.9542341309032584,True
H120Q,-0.8932307926223401,120,True,neutral,sensitive,120,-0.3230100815428905,True
H120R,-1.89574998812655,120,True,neutral,sensitive,120,-0.6855410307250704,True
H120S,-2.26526795575682,120,True,neutral,sensitive,120,-0.8191661025896514,True
H120T,-2.34960305877892,120,True,mild,sensitive,120,-0.8496633589864248,True
H120V,-4.1274040117042405,120,True,impactful,sensitive,120,-1.492551664578269,True
H120W,-4.01669581858639,120,True,impactful,sensitive,120,-1.452517372453745,True
H120Y,-2.9386234049078603,120,True,mild,sensitive,120,-1.0626648717029403,True
G121A,-2.6920267028657,121,True,mild,sensitive,121,-2.2915595892507703,True
G121C,-4.0053538894527,121,True,impactful,sensitive,121,-3.4095156277415657,True
G121D,-4.51792547341235,121,True,impactful,sensitive,121,-3.8458368303320993,True
G121E,-4.51792547341235,121,True,impactful,sensitive,121,-3.8458368303320993,True
G121F,-4.8543205562025316,121,True,impactful,sensitive,121,-4.132189627993447,True
G121G,0.0,121,True,neutral,sensitive,121,0.0,True
G121H,-4.51792547341235,121,True,impactful,sensitive,121,-3.8458368303320993,True
G121I,-3.83238794484452,121,True,impactful,sensitive,121,-3.2622801755230717,True
G121K,-3.88120047334998,121,True,impactful,sensitive,121,-3.3038313301431907,True
G121L,-4.3615106674152,121,True,impactful,sensitive,121,-3.712690361836074,True
G121M,-4.3615106674152,121,True,impactful,sensitive,121,-3.712690361836074,True
G121N,-4.51792547341235,121,True,impactful,sensitive,121,-3.8458368303320993,True
G121P,-4.8543205562025316,121,True,impactful,sensitive,121,-4.132189627993447,True
G121Q,-3.51290293648026,121,True,impactful,sensitive,121,-2.990321901944421,True
G121R,-2.03878274097449,121,True,neutral,sensitive,121,-1.7354924954888675,True
G121S,-2.29222197269358,121,True,neutral,sensitive,121,-1.9512299921191905,True
G121T,-4.0053538894527,121,True,impactful,sensitive,121,-3.4095156277415657,True
G121V,-3.6050719899550496,121,True,impactful,sensitive,121,-3.0687798452097996,True
G121W,-4.8543205562025316,121,True,impactful,sensitive,121,-4.132189627993447,True
G121Y,-4.8543205562025316,121,True,impactful,sensitive,121,-4.132189627993447,True
G122A,-2.5104972917435298,122,True,mild,sensitive,122,-1.553904008971319,True
G122C,-4.03709484318611,122,True,impactful,sensitive,122,-2.4988108459848544,True
G122D,-2.42776333540098,122,True,mild,sensitive,122,-1.502694781675375,True
G122E,-3.26186603779476,122,True,mild,sensitive,122,-2.01897318492486,True
G122F,-4.84285182706424,122,True,impactful,sensitive,122,-2.997544308722553,True
G122G,0.0,122,True,neutral,sensitive,122,0.0,True
G122H,-4.0597214892440805,122,True,impactful,sensitive,122,-2.512815894361002,True
G122I,-4.84285182706424,122,True,impactful,sensitive,122,-2.997544308722553,True
G122K,-3.20700197217787,122,True,mild,sensitive,122,-1.985014378519878,True
G122L,-4.84285182706424,122,True,impactful,sensitive,122,-2.997544308722553,True
G122M,-4.84285182706424,122,True,impactful,sensitive,122,-2.997544308722553,True
G122N,-2.32070801892004,122,True,neutral,sensitive,122,-1.4364315413171693,True
G122P,-3.5078411520398096,122,True,impactful,sensitive,122,-2.171222588813724,True
G122Q,-4.0597214892440805,122,True,impactful,sensitive,122,-2.512815894361002,True
G122R,-2.84991583609994,122,True,mild,sensitive,122,-1.763991404217359,True
G122S,-2.00009314075109,122,True,neutral,sensitive,122,-1.2379829127681294,True
G122T,-4.03709484318611,122,True,impactful,sensitive,122,-2.4988108459848544,True
G122V,-4.84285182706424,122,True,impactful,sensitive,122,-2.997544308722553,True
G122W,-4.84285182706424,122,True,impactful,sensitive,122,-2.997544308722553,True
G122Y,-4.84285182706424,122,True,impactful,sensitive,122,-2.997544308722553,True
L123A,-0.8654361687939821,123,True,neutral,tolerant,123,-0.5185341707047145,True
L123C,-0.277305242555594,123,True,neutral,tolerant,123,-0.1661500283504612,True
L123D,-0.638197964290944,123,True,neutral,tolerant,123,-0.3823822762344235,True
L123E,-0.6814983464691159,123,True,neutral,tolerant,123,-0.408326104992175,True
L123F,-0.849826686473788,123,True,neutral,tolerant,123,-0.5091816034537858,True
L123G,-0.628461380882889,123,True,neutral,tolerant,123,-0.37654851126706756,True
L123H,-1.12482202469698,123,True,neutral,tolerant,123,-0.6739476310303039,True
L123I,-0.40553201866369104,123,True,neutral,tolerant,123,-0.24297829993056796,True
L123K,-0.8010325522876601,123,True,neutral,tolerant,123,-0.4799461418244009,True
L123L,0.0,123,True,neutral,tolerant,123,0.0,True
L123M,-0.0523930805214125,123,True,neutral,tolerant,123,-0.03139180396943086,True
L123N,-0.35381505468488594,123,True,neutral,tolerant,123,-0.21199159750803598,True
L123P,-1.2546668139132902,123,True,neutral,tolerant,123,-0.7517453502895223,True
L123Q,-0.554625624871802,123,True,neutral,tolerant,123,-0.33230912783002203,True
L123R,-0.933961400802014,123,True,neutral,tolerant,123,-0.559591704042094,True
L123S,-0.595254632042575,123,True,neutral,tolerant,123,-0.35665237727984694,True
L123T,-0.12330058813086,123,True,neutral,tolerant,123,-0.07387670000311597,True
L123V,-0.143425329240869,123,True,neutral,tolerant,123,-0.08593462676699004,True
L123W,-1.95092311307498,123,True,neutral,tolerant,123,-1.168913820596065,True
L123Y,-1.95092311307498,123,True,neutral,tolerant,123,-1.168913820596065,True
I124A,-4.1927135735285095,124,True,impactful,sensitive,124,-4.1927135735285095,True
I124C,-3.58119336408287,124,True,impactful,sensitive,124,-3.58119336408287,True
I124D,-4.6127053131734,124,True,impactful,sensitive,124,-4.6127053131734,True
I124E,-4.6127053131734,124,True,impactful,sensitive,124,-4.6127053131734,True
I124F,-4.822701182995839,124,True,impactful,sensitive,124,-4.822701182995839,True
I124G,-4.822701182995839,124,True,impactful,sensitive,124,-4.822701182995839,True
I124H,-4.6127053131734,124,True,impactful,sensitive,124,-4.6127053131734,True
I124I,0.0,124,True,neutral,sensitive,124,0.0,True
I124K,-4.822701182995839,124,True,impactful,sensitive,124,-4.822701182995839,True
I124L,-0.949964106334298,124,True,neutral,sensitive,124,-0.949964106334298,True
I124M,-2.1778638244346,124,True,neutral,sensitive,124,-2.1778638244346,True
I124N,-4.6127053131734,124,True,impactful,sensitive,124,-4.6127053131734,True
I124P,-4.822701182995839,124,True,impactful,sensitive,124,-4.822701182995839,True
I124Q,-4.6127053131734,124,True,impactful,sensitive,124,-4.6127053131734,True
I124R,-4.822701182995839,124,True,impactful,sensitive,124,-4.822701182995839,True
I124S,-2.36979105164582,124,True,mild,sensitive,124,-2.36979105164582,True
I124T,-4.1927135735285095,124,True,impactful,sensitive,124,-4.1927135735285095,True
I124V,-0.247953874620152,124,True,neutral,sensitive,124,-0.247953874620152,True
I124W,-4.822701182995839,124,True,impactful,sensitive,124,-4.822701182995839,True
I124Y,-4.822701182995839,124,True,impactful,sensitive,124,-4.822701182995839,True
N125A,-2.4188073210417103,125,True,mild,sensitive,125,-2.111436118655893,True
N125C,-2.6632855095561903,125,True,mild,sensitive,125,-2.3248471138031728,True
N125D,-1.18138579124021,125,True,neutral,sensitive,125,-1.0312605754050617,True
N125E,-2.87916233792628,125,True,mild,sensitive,125,-2.513291281569782,True
N125F,-4.0582201975512895,125,True,impactful,sensitive,125,-3.5425197484842927,True
N125G,-4.71316889956368,125,True,impactful,sensitive,125,-4.114240502454969,True
N125H,-2.20841926959783,125,True,neutral,sensitive,125,-1.9277832386237084,True
N125I,-4.17908123697618,125,True,impactful,sensitive,125,-3.648022308262434,True
N125K,-4.50655558798237,125,True,impactful,sensitive,125,-3.933882685247767,True
N125L,-2.96486026397237,125,True,mild,sensitive,125,-2.5880990989488395,True
N125M,-3.64247864715667,125,True,impactful,sensitive,125,-3.1796087725281135,True
N125N,0.0,125,True,neutral,sensitive,125,0.0,True
N125P,-3.77807927950226,125,True,impactful,sensitive,125,-3.297977883765858,True
N125Q,-2.87916233792628,125,True,mild,sensitive,125,-2.513291281569782,True
N125R,-4.50655558798237,125,True,impactful,sensitive,125,-3.933882685247767,True
N125S,-1.88070239792687,125,True,neutral,sensitive,125,-1.6417111594136211,True
N125T,-2.60259949628963,125,True,mild,sensitive,125,-2.2718728073366856,True
N125V,-4.17908123697618,125,True,impactful,sensitive,125,-3.648022308262434,True
N125W,-4.0582201975512895,125,True,impactful,sensitive,125,-3.5425197484842927,True
N125Y,-3.26837656939664,125,True,mild,sensitive,125,-2.853045911495198,True
K126A,-2.2342884257490496,126,True,neutral,tolerant,126,-1.102477204142729,True
K126C,-3.1822851712059395,126,True,mild,tolerant,126,-1.5702524427479827,True
K126D,-2.1030923886628203,126,True,neutral,tolerant,126,-1.0377404232980891,True
K126E,-1.20607324988321,126,True,neutral,tolerant,126,-0.5951193450222536,True
K126F,-2.93852525367938,126,True,mild,tolerant,126,-1.449972648402878,True
K126G,-2.85149543147847,126,True,mild,tolerant,126,-1.4070290454412635,True
K126H,-2.08278942804508,126,True,neutral,tolerant,126,-1.0277222219773878,True
K126I,-1.98338886277435,126,True,neutral,tolerant,126,-0.9786744553475528,True
K126K,0.0,126,True,neutral,tolerant,126,0.0,True
K126L,-1.93201244252278,126,True,neutral,tolerant,126,-0.9533235062466893,True
K126M,-1.75325456811585,126,True,neutral,tolerant,126,-0.8651180268987939,True
K126N,-1.30067954588072,126,True,neutral,tolerant,126,-0.6418014490441044,True
K126P,-1.9956130747931105,126,True,neutral,tolerant,126,-0.9847063153947948,True
K126Q,-1.39450563275829,126,True,neutral,tolerant,126,-0.6880985701965614,True
K126R,-0.955511258347644,126,True,neutral,tolerant,126,-0.4714831659555535,True
K126S,-1.9968025793895,126,True,neutral,tolerant,126,-0.9852932591781619,True
K126T,-1.86930167618171,126,True,neutral,tolerant,126,-0.9223797885294154,True
K126V,-2.13901434524278,126,True,neutral,tolerant,126,-1.0554655915445896,True
K126W,-3.70202071657777,126,True,impactful,tolerant,126,-1.8267084062447432,True
K126Y,-3.70202071657777,126,True,impactful,tolerant,126,-1.8267084062447432,True
K127A,-2.24048332122462,127,True,neutral,sensitive,127,-1.9806732545131034,True
K127C,-3.56929381292067,127,True,impactful,sensitive,127,-3.1553927341386814,True
K127D,-3.85509857317783,127,True,impactful,sensitive,127,-3.408055112515357,True
K127E,-2.8508420363426805,127,True,mild,sensitive,127,-2.520253786642458,True
K127F,-4.63119255267108,127,True,impactful,sensitive,127,-4.094151979922838,True
K127G,-3.55220860027648,127,True,impactful,sensitive,127,-3.140288750363645,True
K127H,-3.85509857317783,127,True,impactful,sensitive,127,-3.408055112515357,True
K127I,-3.83480914953095,127,True,impactful,sensitive,127,-3.3901184832237385,True
K127K,0.0,127,True,neutral,sensitive,127,0.0,True
K127L,-2.7969300647423703,127,True,mild,sensitive,127,-2.4725935343945467,True
K127M,-2.6331588932864403,127,True,mild,sensitive,127,-2.3278135326466467,True
K127N,-3.0280683569714504,127,True,mild,sensitive,127,-2.6769286567206256,True
K127P,-2.82929536907362,127,True,mild,sensitive,127,-2.5012057057308827,True
K127Q,-2.1364009365137,127,True,neutral,sensitive,127,-1.8886604313378867,True
K127R,-1.6198929284356298,127,True,neutral,sensitive,127,-1.4320475265906671,True
K127S,-3.56929381292067,127,True,impactful,sensitive,127,-3.1553927341386814,True
K127T,-2.09889617133731,127,True,neutral,sensitive,127,-1.855504779341751,True
K127V,-3.13032668946644,127,True,mild,sensitive,127,-2.767328947722671,True
K127W,-4.63119255267108,127,True,impactful,sensitive,127,-4.094151979922838,True
K127Y,-4.63119255267108,127,True,impactful,sensitive,127,-4.094151979922838,True
C128A,-0.853638197479698,128,True,neutral,sensitive,128,-0.853638197479698,True
C128C,0.0,128,True,neutral,sensitive,128,0.0,True
C128D,-4.04178702932452,128,True,impactful,sensitive,128,-4.04178702932452,True
C128E,-4.04178702932452,128,True,impactful,sensitive,128,-4.04178702932452,True
C128F,-3.85308464088888,128,True,impactful,sensitive,128,-3.85308464088888,True
C128G,-4.23048941776016,128,True,impactful,sensitive,128,-4.23048941776016,True
C128H,-4.04178702932452,128,True,impactful,sensitive,128,-4.04178702932452,True
C128I,-1.6435649263070602,128,True,neutral,sensitive,128,-1.6435649263070602,True
C128K,-3.93140320829316,128,True,impactful,sensitive,128,-3.93140320829316,True
C128L,-1.90925457061645,128,True,neutral,sensitive,128,-1.90925457061645,True
C128M,-1.7585851302054398,128,True,neutral,sensitive,128,-1.7585851302054398,True
C128N,-4.04178702932452,128,True,impactful,sensitive,128,-4.04178702932452,True
C128P,-3.2700482343882995,128,True,mild,sensitive,128,-3.2700482343882995,True
C128Q,-4.04178702932452,128,True,impactful,sensitive,128,-4.04178702932452,True
C128R,-3.1259579591768096,128,True,mild,sensitive,128,-3.1259579591768096,True
C128S,-0.925361358873231,128,True,neutral,sensitive,128,-0.925361358873231,True
C128T,-0.9846616971805848,128,True,neutral,sensitive,128,-0.9846616971805848,True
C128V,-1.15777943463362,128,True,neutral,sensitive,128,-1.15777943463362,True
C128W,-3.85308464088888,128,True,impactful,sensitive,128,-3.85308464088888,True
C128Y,-2.1141251733006903,128,True,neutral,sensitive,128,-2.1141251733006903,True
Y129A,-2.79817383174925,129,True,mild,tolerant,129,-1.8566490960416262,True
Y129C,-1.86640636599432,129,True,neutral,tolerant,129,-1.2384011504043755,True
Y129D,-1.19610248995261,129,True,neutral,tolerant,129,-0.7936399738808853,True
Y129E,-1.94538619937114,129,True,neutral,tolerant,129,-1.2908059847934248,True
Y129F,-0.340060745524584,129,True,neutral,tolerant,129,-0.22563768862878814,True
Y129G,-2.67749706326544,129,True,mild,tolerant,129,-1.7765774398148129,True
Y129H,-1.05766216645444,129,True,neutral,tolerant,129,-0.7017818131897373,True
Y129I,-2.0788197592560698,129,True,neutral,tolerant,129,-1.3793420491118804,True
Y129K,-2.32916871119045,129,True,mild,tolerant,129,-1.545454014719594,True
Y129L,-2.34791489579512,129,True,mild,tolerant,129,-1.5578925152536127,True
Y129M,-2.96374113665592,129,True,mild,tolerant,129,-1.966506597924148,True
Y129N,-1.40227554061255,129,True,neutral,tolerant,129,-0.9304402697712317,True
Y129P,-2.5228570859334,129,True,mild,tolerant,129,-1.673970457050649,True
Y129Q,-1.71689106237619,129,True,neutral,tolerant,129,-1.1391944999249615,True
Y129R,-2.2536248882611605,129,True,neutral,tolerant,129,-1.495329047870943,True
Y129S,-1.96340470256456,129,True,neutral,tolerant,129,-1.3027616529104313,True
Y129T,-2.79817383174925,129,True,mild,tolerant,129,-1.8566490960416262,True
Y129V,-2.96374113665592,129,True,mild,tolerant,129,-1.966506597924148,True
Y129W,-2.09832671192668,129,True,neutral,tolerant,129,-1.3922853357767315,True
Y129Y,0.0,129,True,neutral,tolerant,129,0.0,True
E130A,-1.01172641482396,130,True,neutral,tolerant,130,-0.5796320804693674,True
E130C,-2.40892454605101,130,True,mild,tolerant,130,-1.3801062479565955,True
E130D,-0.4352765208103371,130,True,neutral,tolerant,130,-0.24937594950574038,True
E130E,0.0,130,True,neutral,tolerant,130,0.0,True
E130F,-3.5023572163928502,130,True,impactful,tolerant,130,-2.006548974248066,True
E130G,-1.45890918301051,130,True,neutral,tolerant,130,-0.8358292840573768,True
E130H,-0.7533864148411171,130,True,neutral,tolerant,130,-0.4316255151919682,True
E130I,-2.98003881389808,130,True,mild,tolerant,130,-1.707305524764582,True
E130K,-1.16002119609957,130,True,neutral,tolerant,130,-0.6645922152786262,True
E130L,-1.63381688908017,130,True,neutral,tolerant,130,-0.936036332201832,True
E130M,-2.98003881389808,130,True,mild,tolerant,130,-1.707305524764582,True
E130N,-1.06800533846525,130,True,neutral,tolerant,130,-0.6118750555650149,True
E130P,-2.81389416931218,130,True,mild,tolerant,130,-1.6121189559559328,True
E130Q,-0.7344331943257549,130,True,neutral,tolerant,130,-0.42076695256283525,True
E130R,-2.00544331038331,130,True,neutral,tolerant,130,-1.1489462578310894,True
E130S,-0.944710357378988,130,True,neutral,tolerant,130,-0.5412376526551617,True
E130T,-0.944472358228546,130,True,neutral,tolerant,130,-0.5411012996444077,True
E130V,-1.57013941102997,130,True,neutral,tolerant,130,-0.8995546227787344,True
E130W,-3.5023572163928502,130,True,impactful,tolerant,130,-2.006548974248066,True
E130Y,-3.5023572163928502,130,True,impactful,tolerant,130,-2.006548974248066,True
M131A,-3.3495747502505298,131,True,impactful,sensitive,131,-3.1339190307221982,True
M131C,-3.3495747502505298,131,True,impactful,sensitive,131,-3.1339190307221982,True
M131D,-3.77453435468373,131,True,impactful,sensitive,131,-3.531518454804844,True
M131E,-3.77453435468373,131,True,impactful,sensitive,131,-3.531518454804844,True
M131F,-1.85784408220728,131,True,neutral,sensitive,131,-1.738230479826889,True
M131G,-3.9473220838537095,131,True,impactful,sensitive,131,-3.6931815891118394,True
M131H,-3.77453435468373,131,True,impactful,sensitive,131,-3.531518454804844,True
M131I,-0.900538403876668,131,True,neutral,sensitive,131,-0.8425590268120442,True
M131K,-3.9473220838537095,131,True,impactful,sensitive,131,-3.6931815891118394,True
M131L,-0.887118427703239,131,True,neutral,sensitive,131,-0.8300030691584341,True
M131M,0.0,131,True,neutral,sensitive,131,0.0,True
M131N,-3.77453435468373,131,True,impactful,sensitive,131,-3.531518454804844,True
M131P,-3.9473220838537095,131,True,impactful,sensitive,131,-3.6931815891118394,True
M131Q,-3.77453435468373,131,True,impactful,sensitive,131,-3.531518454804844,True
M131R,-3.9473220838537095,131,True,impactful,sensitive,131,-3.6931815891118394,True
M131S,-3.3495747502505298,131,True,impactful,sensitive,131,-3.1339190307221982,True
M131T,-2.22319458373125,131,True,neutral,sensitive,131,-2.0800586147339337,True
M131V,-1.03663424991149,131,True,neutral,sensitive,131,-0.9698926120257692,True
M131W,-3.2722593297229503,131,True,mild,sensitive,131,-3.061581410031229,True
M131Y,-2.66650255424781,131,True,mild,sensitive,131,-2.4948250817813613,True
A132A,0.0,132,True,neutral,sensitive,132,0.0,True
A132C,-2.61102778847367,132,True,mild,sensitive,132,-2.61102778847367,True
A132D,-2.46302986120301,132,True,mild,sensitive,132,-2.46302986120301,True
A132E,-3.82965967093421,132,True,impactful,sensitive,132,-3.82965967093421,True
A132F,-4.20440276263214,132,True,impactful,sensitive,132,-4.20440276263214,True
A132G,-2.08238699925017,132,True,neutral,sensitive,132,-2.08238699925017,True
A132H,-3.82965967093421,132,True,impactful,sensitive,132,-3.82965967093421,True
A132I,-1.60130302123585,132,True,neutral,sensitive,132,-1.60130302123585,True
A132K,-3.90742588875938,132,True,impactful,sensitive,132,-3.90742588875938,True
A132L,-1.83184758627283,132,True,neutral,sensitive,132,-1.83184758627283,True
A132M,-1.8219499731854,132,True,neutral,sensitive,132,-1.8219499731854,True
A132N,-3.82965967093421,132,True,impactful,sensitive,132,-3.82965967093421,True
A132P,-4.20440276263214,132,True,impactful,sensitive,132,-4.20440276263214,True
A132Q,-3.82965967093421,132,True,impactful,sensitive,132,-3.82965967093421,True
A132R,-3.00976410191652,132,True,mild,sensitive,132,-3.00976410191652,True
A132S,-1.08880386699238,132,True,neutral,sensitive,132,-1.08880386699238,True
A132T,-1.52855996063096,132,True,neutral,sensitive,132,-1.52855996063096,True
A132V,-1.23461119018164,132,True,neutral,sensitive,132,-1.23461119018164,True
A132W,-4.20440276263214,132,True,impactful,sensitive,132,-4.20440276263214,True
A132Y,-4.20440276263214,132,True,impactful,sensitive,132,-4.20440276263214,True
S133A,-0.630114223706302,133,True,neutral,tolerant,133,-0.5461750641695192,True
S133C,-0.30018805728958303,133,True,neutral,tolerant,133,-0.2601992230689294,True
S133D,-0.547499203832176,133,True,neutral,tolerant,133,-0.47456540661297364,True
S133E,-0.510968895204957,133,True,neutral,tolerant,133,-0.44290139569563985,True
S133F,-1.17837198677236,133,True,neutral,tolerant,133,-1.0213979803619546,True
S133G,-1.00836133738024,133,True,neutral,tolerant,133,-0.874034893086967,True
S133H,-0.860502940132702,133,True,neutral,tolerant,133,-0.7458730986591726,True
S133I,-1.69624695205835,133,True,neutral,tolerant,133,-1.4702854705270718,True
S133K,-0.534321167173471,133,True,neutral,tolerant,133,-0.46314285059549315,True
S133L,-0.741915593903366,133,True,neutral,tolerant,133,-0.6430830821832236,True
S133M,-1.04165854937419,133,True,neutral,tolerant,133,-0.9028964966078205,True
S133N,-0.265320536149818,133,True,neutral,tolerant,133,-0.22997649538008483,True
S133P,-1.08159271806855,133,True,neutral,tolerant,133,-0.9375109305130052,True
S133Q,-0.7691910083595759,133,True,neutral,tolerant,133,-0.6667250675255736,True
S133R,-0.7612094583764291,133,True,neutral,tolerant,133,-0.6598067606373779,True
S133S,0.0,133,True,neutral,tolerant,133,0.0,True
S133T,-0.615496085408954,133,True,neutral,tolerant,133,-0.5335042462095134,True
S133V,-0.943861973516774,133,True,neutral,tolerant,133,-0.8181276577450751,True
S133W,-2.11989432551878,133,True,neutral,tolerant,133,-1.837497672187906,True
S133Y,-2.11989432551878,133,True,neutral,tolerant,133,-1.837497672187906,True
H134A,-2.22295921993067,134,True,neutral,tolerant,134,-1.4243278594050268,True
H134C,-2.15840794407133,134,True,neutral,tolerant,134,-1.3829675952390181,True
H134D,-1.42854773328604,134,True,neutral,tolerant,134,-0.9153205856257982,True
H134E,-1.85293727515349,134,True,neutral,tolerant,134,-1.1872418346988234,True
H134F,-1.13605313973272,134,True,neutral,tolerant,134,-0.7279090512224201,True
H134G,-1.9312597104583895,134,True,neutral,tolerant,134,-1.2374257632302228,True
H134H,0.0,134,True,neutral,tolerant,134,0.0,True
H134I,-3.5516282339052405,134,True,impactful,tolerant,134,-2.275652650055577,True
H134K,-2.5908427252548503,134,True,mild,tolerant,134,-1.6600437110278694,True
H134L,-2.5729348172626603,134,True,mild,tolerant,134,-1.6485694869268381,True
H134M,-3.5516282339052405,134,True,impactful,tolerant,134,-2.275652650055577,True
H134N,-1.4603563706245,134,True,neutral,tolerant,134,-0.9357014940674262,True
H134P,-3.72929571922637,134,True,impactful,tolerant,134,-2.389490432946264,True
H134Q,-1.73489916372568,134,True,neutral,tolerant,134,-1.1116106809327961,True
H134R,-2.66706597159681,134,True,mild,tolerant,134,-1.7088826156401329,True
H134S,-1.84416397303812,134,True,neutral,tolerant,134,-1.1816204726378998,True
H134T,-3.00308647487788,134,True,mild,tolerant,134,-1.9241827254502681,True
H134V,-3.5516282339052405,134,True,impactful,tolerant,134,-2.275652650055577,True
H134W,-2.27161019588934,134,True,neutral,tolerant,134,-1.4555002443160463,True
H134Y,-0.28765358011843,134,True,neutral,tolerant,134,-0.18430972747806593,True
L135A,-4.05471405186154,135,True,impactful,sensitive,135,-4.05471405186154,True
L135C,-4.05471405186154,135,True,impactful,sensitive,135,-4.05471405186154,True
L135D,-4.44537180282513,135,True,impactful,sensitive,135,-4.44537180282513,True
L135E,-4.44537180282513,135,True,impactful,sensitive,135,-4.44537180282513,True
L135F,-4.44537180282513,135,True,impactful,sensitive,135,-4.44537180282513,True
L135G,-4.44537180282513,135,True,impactful,sensitive,135,-4.44537180282513,True
L135H,-4.44537180282513,135,True,impactful,sensitive,135,-4.44537180282513,True
L135I,-1.46336250308317,135,True,neutral,sensitive,135,-1.46336250308317,True
L135K,-4.44537180282513,135,True,impactful,sensitive,135,-4.44537180282513,True
L135L,0.0,135,True,neutral,sensitive,135,0.0,True
L135M,-1.44778590101178,135,True,neutral,sensitive,135,-1.44778590101178,True
L135N,-4.44537180282513,135,True,impactful,sensitive,135,-4.44537180282513,True
L135P,-2.29623024944929,135,True,neutral,sensitive,135,-2.29623024944929,True
L135Q,-4.44537180282513,135,True,impactful,sensitive,135,-4.44537180282513,True
L135R,-4.44537180282513,135,True,impactful,sensitive,135,-4.44537180282513,True
L135S,-4.05471405186154,135,True,impactful,sensitive,135,-4.05471405186154,True
L135T,-3.17197033549354,135,True,mild,sensitive,135,-3.17197033549354,True
L135V,-1.79697757264303,135,True,neutral,sensitive,135,-1.79697757264303,True
L135W,-4.44537180282513,135,True,impactful,sensitive,135,-4.44537180282513,True
L135Y,-4.44537180282513,135,True,impactful,sensitive,135,-4.44537180282513,True
R136A,-3.51806198057616,136,True,impactful,sensitive,136,-2.691473340406516,True
R136C,-3.51806198057616,136,True,impactful,sensitive,136,-2.691473340406516,True
R136D,-2.96958504762704,136,True,mild,sensitive,136,-2.2718641774608628,True
R136E,-2.96958504762704,136,True,mild,sensitive,136,-2.2718641774608628,True
R136F,-3.3504867182039906,136,True,impactful,sensitive,136,-2.563270837529504,True
R136G,-2.13407426427905,136,True,neutral,sensitive,136,-1.6326613972315627,True
R136H,-2.96958504762704,136,True,mild,sensitive,136,-2.2718641774608628,True
R136I,-3.61608722511239,136,True,impactful,sensitive,136,-2.7664669970881657,True
R136K,-0.863998479534016,136,True,neutral,sensitive,136,-0.6609971304248394,True
R136L,-3.61608722511239,136,True,impactful,sensitive,136,-2.7664669970881657,True
R136M,-3.61608722511239,136,True,impactful,sensitive,136,-2.7664669970881657,True
R136N,-2.0886320839283004,136,True,neutral,sensitive,136,-1.597896115204338,True
R136P,-3.7836624874845697,136,True,impactful,sensitive,136,-2.894669499965185,True
R136Q,-1.34645696289475,136,True,neutral,sensitive,136,-1.0300992534083904,True
R136R,0.0,136,True,neutral,sensitive,136,0.0,True
R136S,-3.51806198057616,136,True,impactful,sensitive,136,-2.691473340406516,True
R136T,-3.51806198057616,136,True,impactful,sensitive,136,-2.691473340406516,True
R136V,-3.61608722511239,136,True,impactful,sensitive,136,-2.7664669970881657,True
R136W,-1.8062212139279,136,True,neutral,sensitive,136,-1.3818392828222648,True
R136Y,-3.3504867182039906,136,True,impactful,sensitive,136,-2.563270837529504,True
R137A,-1.75781023549362,137,True,neutral,tolerant,137,-0.6497447747446559,True
R137C,-1.06778110703934,137,True,neutral,tolerant,137,-0.39468719709386013,True
R137D,-0.7529625564239142,137,True,neutral,tolerant,137,-0.2783198531537917,True
R137E,-0.8277436301837791,137,True,neutral,tolerant,137,-0.3059614102139157,True
R137F,-3.15338732736363,137,True,mild,tolerant,137,-1.1655962044874384,True
R137G,-1.5433529931113703,137,True,neutral,tolerant,137,-0.5704742881867678,True
R137H,-0.767030851676403,137,True,neutral,tolerant,137,-0.28351996016494624,True
R137I,-3.15338732736363,137,True,mild,tolerant,137,-1.1655962044874384,True
R137K,-0.656094829711475,137,True,neutral,tolerant,137,-0.2425143389964991,True
R137L,-3.15338732736363,137,True,mild,tolerant,137,-1.1655962044874384,True
R137M,-3.15338732736363,137,True,mild,tolerant,137,-1.1655962044874384,True
R137N,-1.11600443511155,137,True,neutral,tolerant,137,-0.4125121333714197,True
R137P,-3.15338732736363,137,True,mild,tolerant,137,-1.1655962044874384,True
R137Q,-1.14637601183221,137,True,neutral,tolerant,137,-0.423738472185782,True
R137R,0.0,137,True,neutral,tolerant,137,0.0,True
R137S,-0.8442163189775509,137,True,neutral,tolerant,137,-0.31205026056512697,True
R137T,-1.69265097711644,137,True,neutral,tolerant,137,-0.6256597587389772,True
R137V,-3.15338732736363,137,True,mild,tolerant,137,-1.1655962044874384,True
R137W,-3.15338732736363,137,True,mild,tolerant,137,-1.1655962044874384,True
R137Y,-3.15338732736363,137,True,mild,tolerant,137,-1.1655962044874384,True
S138A,-0.121667910248339,138,True,neutral,tolerant,138,-0.08527509872571311,True
S138C,-1.03003711985685,138,True,neutral,tolerant,138,-0.7219365969848341,True
S138D,-2.32790396226552,138,True,mild,tolerant,138,-1.6315907769023348,True
S138E,-2.32790396226552,138,True,mild,tolerant,138,-1.6315907769023348,True
S138F,-2.8101125175328203,138,True,mild,tolerant,138,-1.9695630661680155,True
S138G,-2.8101125175328203,138,True,mild,tolerant,138,-1.9695630661680155,True
S138H,-2.32790396226552,138,True,mild,tolerant,138,-1.6315907769023348,True
S138I,-2.2924277753068703,138,True,neutral,tolerant,138,-1.6067260830061723,True
S138K,-2.0665267951341497,138,True,neutral,tolerant,138,-1.4483956872005361,True
S138L,-1.53134285902398,138,True,neutral,tolerant,138,-1.0732937980084063,True
S138M,-1.5935877972374195,138,True,neutral,tolerant,138,-1.1169202829253644,True
S138N,-1.65452308862005,138,True,neutral,tolerant,138,-1.1596288572563256,True
S138P,-2.8101125175328203,138,True,mild,tolerant,138,-1.9695630661680155,True
S138Q,-1.56223389998937,138,True,neutral,tolerant,138,-1.0949448361719358,True
S138R,-2.60937408014738,138,True,mild,tolerant,138,-1.8288686954736484,True
S138S,0.0,138,True,neutral,tolerant,138,0.0,True
S138T,-0.6503423454552161,138,True,neutral,tolerant,138,-0.4558145825058459,True
S138V,-1.19013670370548,138,True,neutral,tolerant,138,-0.8341478430789856,True
S138W,-2.8101125175328203,138,True,mild,tolerant,138,-1.9695630661680155,True
S138Y,-2.8101125175328203,138,True,mild,tolerant,138,-1.9695630661680155,True
Q139A,-2.2074641713881897,139,True,neutral,tolerant,139,-0.7982464728528762,True
Q139C,-2.2074641713881897,139,True,neutral,tolerant,139,-0.7982464728528762,True
Q139D,-0.6119579782888679,139,True,neutral,tolerant,139,-0.2212916087313304,True
Q139E,-1.24902777359298,139,True,neutral,tolerant,139,-0.4516639625180788,True
Q139F,-2.48422311481036,139,True,mild,tolerant,139,-0.8983259456165528,True
Q139G,-0.4450535755278161,139,True,neutral,tolerant,139,-0.16093690285003784,True
Q139H,-1.6609660347215602,139,True,neutral,tolerant,139,-0.6006259562125217,True
Q139I,-2.36502952564127,139,True,mild,tolerant,139,-0.8552240627528923,True
Q139K,-1.70866002733353,139,True,neutral,tolerant,139,-0.6178726965547825,True
Q139L,-2.36502952564127,139,True,mild,tolerant,139,-0.8552240627528923,True
Q139M,-1.7216241508969,139,True,neutral,tolerant,139,-0.6225606847188582,True
Q139N,-0.8303787995918491,139,True,neutral,tolerant,139,-0.30027529166607486,True
Q139P,-0.96305472501576,139,True,neutral,tolerant,139,-0.3482525548420051,True
Q139Q,0.0,139,True,neutral,tolerant,139,0.0,True
Q139R,-2.1761121564819,139,True,neutral,tolerant,139,-0.7869091947035153,True
Q139S,-1.1356165402543998,139,True,neutral,tolerant,139,-0.41065305137043134,True
Q139T,-2.2074641713881897,139,True,neutral,tolerant,139,-0.7982464728528762,True
Q139V,-2.36502952564127,139,True,mild,tolerant,139,-0.8552240627528923,True
Q139W,-2.48422311481036,139,True,mild,tolerant,139,-0.8983259456165528,True
Q139Y,-2.48422311481036,139,True,mild,tolerant,139,-0.8983259456165528,True
Y140A,-2.43070759327577,140,True,mild,sensitive,140,-1.7073161456296189,True
Y140C,-2.43070759327577,140,True,mild,sensitive,140,-1.7073161456296189,True
Y140D,-2.31678192267894,140,True,neutral,sensitive,140,-1.6272953577118425,True
Y140E,-2.31678192267894,140,True,neutral,sensitive,140,-1.6272953577118425,True
Y140F,-1.14076497743666,140,True,neutral,sensitive,140,-0.8012672810725251,True
Y140G,-2.43070759327577,140,True,mild,sensitive,140,-1.7073161456296189,True
Y140H,-1.82848080750395,140,True,neutral,sensitive,140,-1.2843152394230422,True
Y140I,-2.43070759327577,140,True,mild,sensitive,140,-1.7073161456296189,True
Y140K,-2.43070759327577,140,True,mild,sensitive,140,-1.7073161456296189,True
Y140L,-2.43070759327577,140,True,mild,sensitive,140,-1.7073161456296189,True
Y140M,-2.43070759327577,140,True,mild,sensitive,140,-1.7073161456296189,True
Y140N,-2.31678192267894,140,True,neutral,sensitive,140,-1.6272953577118425,True
Y140P,-2.43070759327577,140,True,mild,sensitive,140,-1.7073161456296189,True
Y140Q,-2.31678192267894,140,True,neutral,sensitive,140,-1.6272953577118425,True
Y140R,-2.43070759327577,140,True,mild,sensitive,140,-1.7073161456296189,True
Y140S,-2.43070759327577,140,True,mild,sensitive,140,-1.7073161456296189,True
Y140T,-2.43070759327577,140,True,mild,sensitive,140,-1.7073161456296189,True
Y140V,-2.43070759327577,140,True,mild,sensitive,140,-1.7073161456296189,True
Y140W,-1.58755744049102,140,True,neutral,sensitive,140,-1.1150919418538396,True
Y140Y,0.0,140,True,neutral,sensitive,140,0.0,True
