Mutation,Variant_score,Residue,LocalConfidence,Variant_class,Residue_class,pdb_pos,RSA*Variant_score,aligned
M1A,-3.04699351896235,1,True,neutral,tolerant,1,-0.09120998445085797,True
M1C,-3.04699351896235,1,True,neutral,tolerant,1,-0.09120998445085797,True
M1D,-3.04699351896235,1,True,neutral,tolerant,1,-0.09120998445085797,True
M1E,-3.04699351896235,1,True,neutral,tolerant,1,-0.09120998445085797,True
M1F,-3.04699351896235,1,True,neutral,tolerant,1,-0.09120998445085797,True
M1G,-3.04699351896235,1,True,neutral,tolerant,1,-0.09120998445085797,True
M1H,-3.04699351896235,1,True,neutral,tolerant,1,-0.09120998445085797,True
M1I,-2.12023697053642,1,True,neutral,tolerant,1,-0.06346806447445898,True
M1K,-3.04699351896235,1,True,neutral,tolerant,1,-0.09120998445085797,True
M1L,-2.12023697053642,1,True,neutral,tolerant,1,-0.06346806447445898,True
M1M,0.0,1,True,neutral,tolerant,1,0.0,True
M1N,-3.04699351896235,1,True,neutral,tolerant,1,-0.09120998445085797,True
M1P,-3.04699351896235,1,True,neutral,tolerant,1,-0.09120998445085797,True
M1Q,-3.04699351896235,1,True,neutral,tolerant,1,-0.09120998445085797,True
M1R,-3.04699351896235,1,True,neutral,tolerant,1,-0.09120998445085797,True
M1S,-3.04699351896235,1,True,neutral,tolerant,1,-0.09120998445085797,True
M1T,-3.04699351896235,1,True,neutral,tolerant,1,-0.09120998445085797,True
M1V,-2.12023697053642,1,True,neutral,tolerant,1,-0.06346806447445898,True
M1W,-3.04699351896235,1,True,neutral,tolerant,1,-0.09120998445085797,True
M1Y,-3.04699351896235,1,True,neutral,tolerant,1,-0.09120998445085797,True
S2A,-0.8314781953656422,2,True,neutral,tolerant,2,-0.34854233229161724,True
S2C,-0.7703241164842971,2,True,neutral,tolerant,2,-0.3229075226222231,True
S2D,-3.1223823128367902,2,True,neutral,tolerant,2,-1.3088526189717544,True
S2E,-3.1223823128367902,2,True,neutral,tolerant,2,-1.3088526189717544,True
S2F,-3.1223823128367902,2,True,neutral,tolerant,2,-1.3088526189717544,True
S2G,-3.1223823128367902,2,True,neutral,tolerant,2,-1.3088526189717544,True
S2H,-3.1223823128367902,2,True,neutral,tolerant,2,-1.3088526189717544,True
S2I,-3.1223823128367902,2,True,neutral,tolerant,2,-1.3088526189717544,True
S2K,-3.1223823128367902,2,True,neutral,tolerant,2,-1.3088526189717544,True
S2L,-3.1223823128367902,2,True,neutral,tolerant,2,-1.3088526189717544,True
S2M,-3.1223823128367902,2,True,neutral,tolerant,2,-1.3088526189717544,True
S2N,-3.1223823128367902,2,True,neutral,tolerant,2,-1.3088526189717544,True
S2P,-3.1223823128367902,2,True,neutral,tolerant,2,-1.3088526189717544,True
S2Q,-3.1223823128367902,2,True,neutral,tolerant,2,-1.3088526189717544,True
S2R,-3.1223823128367902,2,True,neutral,tolerant,2,-1.3088526189717544,True
S2S,0.0,2,True,neutral,tolerant,2,0.0,True
S2T,-2.15981100270498,2,True,neutral,tolerant,2,-0.9053581541736679,True
S2V,-3.1223823128367902,2,True,neutral,tolerant,2,-1.3088526189717544,True
S2W,-3.1223823128367902,2,True,neutral,tolerant,2,-1.3088526189717544,True
S2Y,-3.1223823128367902,2,True,neutral,tolerant,2,-1.3088526189717544,True
D3A,-3.00795385478513,3,True,neutral,tolerant,3,-1.0700378102722012,True
D3C,-3.00795385478513,3,True,neutral,tolerant,3,-1.0700378102722012,True
D3D,0.0,3,True,neutral,tolerant,3,0.0,True
D3E,-0.6923971848089739,3,True,neutral,tolerant,3,-0.24631068268983,True
D3F,-3.00795385478513,3,True,neutral,tolerant,3,-1.0700378102722012,True
D3G,-3.00795385478513,3,True,neutral,tolerant,3,-1.0700378102722012,True
D3H,-2.07461043933032,3,True,neutral,tolerant,3,-0.7380138522196319,True
D3I,-3.00795385478513,3,True,neutral,tolerant,3,-1.0700378102722012,True
D3K,-3.00795385478513,3,True,neutral,tolerant,3,-1.0700378102722012,True
D3L,-3.00795385478513,3,True,neutral,tolerant,3,-1.0700378102722012,True
D3M,-3.00795385478513,3,True,neutral,tolerant,3,-1.0700378102722012,True
D3N,-2.07461043933032,3,True,neutral,tolerant,3,-0.7380138522196319,True
D3P,-3.00795385478513,3,True,neutral,tolerant,3,-1.0700378102722012,True
D3Q,-2.07461043933032,3,True,neutral,tolerant,3,-0.7380138522196319,True
D3R,-3.00795385478513,3,True,neutral,tolerant,3,-1.0700378102722012,True
D3S,-3.00795385478513,3,True,neutral,tolerant,3,-1.0700378102722012,True
D3T,-3.00795385478513,3,True,neutral,tolerant,3,-1.0700378102722012,True
D3V,-3.00795385478513,3,True,neutral,tolerant,3,-1.0700378102722012,True
D3W,-3.00795385478513,3,True,neutral,tolerant,3,-1.0700378102722012,True
D3Y,-3.00795385478513,3,True,neutral,tolerant,3,-1.0700378102722012,True
A4A,0.0,4,True,neutral,tolerant,4,0.0,True
A4C,-1.00145580228894,4,True,neutral,tolerant,4,-0.48367889139995596,True
A4D,-1.17143143137971,4,True,neutral,tolerant,4,-0.5657730024488163,True
A4E,-0.878739942180782,4,True,neutral,tolerant,4,-0.4244101038622102,True
A4F,-1.42477096114719,4,True,neutral,tolerant,4,-0.6881298579642103,True
A4G,-1.42477096114719,4,True,neutral,tolerant,4,-0.6881298579642103,True
A4H,-1.17143143137971,4,True,neutral,tolerant,4,-0.5657730024488163,True
A4I,-0.156223033063009,4,True,neutral,tolerant,4,-0.07545194033560931,True
A4K,-1.42477096114719,4,True,neutral,tolerant,4,-0.6881298579642103,True
A4L,-0.144458750507624,4,True,neutral,tolerant,4,-0.06977007686095671,True
A4M,-0.14629874606341298,4,True,neutral,tolerant,4,-0.07065875013896931,True
A4N,-0.448447882629238,4,True,neutral,tolerant,4,-0.21658946328435777,True
A4P,-1.42477096114719,4,True,neutral,tolerant,4,-0.6881298579642103,True
A4Q,-1.17143143137971,4,True,neutral,tolerant,4,-0.5657730024488163,True
A4R,-1.42477096114719,4,True,neutral,tolerant,4,-0.6881298579642103,True
A4S,-0.183828033157492,4,True,neutral,tolerant,4,-0.08878448662699613,True
A4T,-0.0441427353464242,4,True,neutral,tolerant,4,-0.021319871777586392,True
A4V,-0.14847291972388502,4,True,neutral,tolerant,4,-0.07170882334579935,True
A4W,-1.42477096114719,4,True,neutral,tolerant,4,-0.6881298579642103,True
A4Y,-1.42477096114719,4,True,neutral,tolerant,4,-0.6881298579642103,True
E5A,-3.45234210452448,5,True,neutral,tolerant,5,-1.3137443572016674,True
E5C,-3.45234210452448,5,True,neutral,tolerant,5,-1.3137443572016674,True
E5D,-0.970831027664208,5,True,neutral,tolerant,5,-0.369437253254432,True
E5E,0.0,5,True,neutral,tolerant,5,0.0,True
E5F,-3.45234210452448,5,True,neutral,tolerant,5,-1.3137443572016674,True
E5G,-3.45234210452448,5,True,neutral,tolerant,5,-1.3137443572016674,True
E5H,-2.36559596998146,5,True,neutral,tolerant,5,-0.9001971018194356,True
E5I,-3.45234210452448,5,True,neutral,tolerant,5,-1.3137443572016674,True
E5K,-3.45234210452448,5,True,neutral,tolerant,5,-1.3137443572016674,True
E5L,-3.45234210452448,5,True,neutral,tolerant,5,-1.3137443572016674,True
E5M,-3.45234210452448,5,True,neutral,tolerant,5,-1.3137443572016674,True
E5N,-2.36559596998146,5,True,neutral,tolerant,5,-0.9001971018194356,True
E5P,-3.45234210452448,5,True,neutral,tolerant,5,-1.3137443572016674,True
E5Q,-2.36559596998146,5,True,neutral,tolerant,5,-0.9001971018194356,True
E5R,-3.45234210452448,5,True,neutral,tolerant,5,-1.3137443572016674,True
E5S,-3.45234210452448,5,True,neutral,tolerant,5,-1.3137443572016674,True
E5T,-3.45234210452448,5,True,neutral,tolerant,5,-1.3137443572016674,True
E5V,-3.45234210452448,5,True,neutral,tolerant,5,-1.3137443572016674,True
E5W,-3.45234210452448,5,True,neutral,tolerant,5,-1.3137443572016674,True
E5Y,-3.45234210452448,5,True,neutral,tolerant,5,-1.3137443572016674,True
E6A,-3.12985090276784,6,True,neutral,tolerant,6,-1.4199073987610182,True
E6C,-3.12985090276784,6,True,neutral,tolerant,6,-1.4199073987610182,True
E6D,-0.10313011716069903,6,True,neutral,tolerant,6,-0.046786642859590936,True
E6E,0.0,6,True,neutral,tolerant,6,0.0,True
E6F,-3.12985090276784,6,True,neutral,tolerant,6,-1.4199073987610182,True
E6G,-3.12985090276784,6,True,neutral,tolerant,6,-1.4199073987610182,True
E6H,-2.14165350559235,6,True,neutral,tolerant,6,-0.9715956934190789,True
E6I,-3.12985090276784,6,True,neutral,tolerant,6,-1.4199073987610182,True
E6K,-3.12985090276784,6,True,neutral,tolerant,6,-1.4199073987610182,True
E6L,-3.12985090276784,6,True,neutral,tolerant,6,-1.4199073987610182,True
E6M,-3.12985090276784,6,True,neutral,tolerant,6,-1.4199073987610182,True
E6N,-2.14165350559235,6,True,neutral,tolerant,6,-0.9715956934190789,True
E6P,-3.12985090276784,6,True,neutral,tolerant,6,-1.4199073987610182,True
E6Q,-0.878925945139807,6,True,neutral,tolerant,6,-0.3987389467541049,True
E6R,-3.12985090276784,6,True,neutral,tolerant,6,-1.4199073987610182,True
E6S,-3.12985090276784,6,True,neutral,tolerant,6,-1.4199073987610182,True
E6T,-3.12985090276784,6,True,neutral,tolerant,6,-1.4199073987610182,True
E6V,-3.12985090276784,6,True,neutral,tolerant,6,-1.4199073987610182,True
E6W,-3.12985090276784,6,True,neutral,tolerant,6,-1.4199073987610182,True
E6Y,-3.12985090276784,6,True,neutral,tolerant,6,-1.4199073987610182,True
V7A,-0.349569662021403,7,True,neutral,tolerant,7,-0.18243884416361533,True
V7C,-1.92144845740554,7,True,neutral,tolerant,7,-1.0027953617655914,True
V7D,-1.9789758469439296,7,True,neutral,tolerant,7,-1.0328186492398097,True
V7E,-0.366910729878591,7,True,neutral,tolerant,7,-0.19148906997020865,True
V7F,-1.1005258362693,7,True,neutral,tolerant,7,-0.5743595150109858,True
V7G,-2.37235073485531,7,True,neutral,tolerant,7,-1.2381192450024645,True
V7H,-1.9789758469439296,7,True,neutral,tolerant,7,-1.0328186492398097,True
V7I,-0.277261486946333,7,True,neutral,tolerant,7,-0.14470153078237455,True
V7K,-2.37235073485531,7,True,neutral,tolerant,7,-1.2381192450024645,True
V7L,-0.655199009169827,7,True,neutral,tolerant,7,-0.3419454343917596,True
V7M,-0.6518140879096761,7,True,neutral,tolerant,7,-0.34017885911541607,True
V7N,-1.9789758469439296,7,True,neutral,tolerant,7,-1.0328186492398097,True
V7P,-2.37235073485531,7,True,neutral,tolerant,7,-1.2381192450024645,True
V7Q,-1.9789758469439296,7,True,neutral,tolerant,7,-1.0328186492398097,True
V7R,-2.37235073485531,7,True,neutral,tolerant,7,-1.2381192450024645,True
V7S,-1.92144845740554,7,True,neutral,tolerant,7,-1.0027953617655914,True
V7T,-0.37704068207756297,7,True,neutral,tolerant,7,-0.19677584674576293,True
V7V,0.0,7,True,neutral,tolerant,7,0.0,True
V7W,-2.11813590136123,7,True,neutral,tolerant,7,-1.105445659646919,True
V7Y,-1.6354874995999098,7,True,neutral,tolerant,7,-0.8535536160251236,True
V8A,-0.334409236059084,8,True,neutral,tolerant,8,-0.18148947922166958,True
V8C,-1.94916532648706,8,True,neutral,tolerant,8,-1.057844586441298,True
V8D,-0.838470988376177,8,True,neutral,tolerant,8,-0.4550522133186077,True
V8E,-0.820357389359027,8,True,neutral,tolerant,8,-0.44522166051691453,True
V8F,-2.13740544522785,8,True,neutral,tolerant,8,-1.1600056437180026,True
V8G,-0.5235080571465529,8,True,neutral,tolerant,8,-0.28411656860783946,True
V8H,-1.88609644432322,8,True,neutral,tolerant,8,-1.0236160504298528,True
V8I,-0.2831240782970449,8,True,neutral,tolerant,8,-0.1536561673080323,True
V8K,-2.39699555712961,8,True,neutral,tolerant,8,-1.3008895342927875,True
V8L,-0.6296649137242729,8,True,neutral,tolerant,8,-0.3417296681835218,True
V8M,-0.4956773796270689,8,True,neutral,tolerant,8,-0.2690123949644268,True
V8N,-1.88609644432322,8,True,neutral,tolerant,8,-1.0236160504298528,True
V8P,-1.16599300094617,8,True,neutral,tolerant,8,-0.6328038812912556,True
V8Q,-1.88609644432322,8,True,neutral,tolerant,8,-1.0236160504298528,True
V8R,-2.39699555712961,8,True,neutral,tolerant,8,-1.3008895342927875,True
V8S,-1.94916532648706,8,True,neutral,tolerant,8,-1.057844586441298,True
V8T,-0.6064835347372779,8,True,neutral,tolerant,8,-0.32914874652725945,True
V8V,0.0,8,True,neutral,tolerant,8,0.0,True
V8W,-2.13740544522785,8,True,neutral,tolerant,8,-1.1600056437180026,True
V8Y,-1.05740386015471,8,True,neutral,tolerant,8,-0.5738707404377876,True
E9A,-1.4485010081053,9,True,neutral,tolerant,9,-0.6565441714525231,True
E9C,-2.91583885601738,9,True,neutral,tolerant,9,-1.32162628475978,True
E9D,-0.151335051411465,9,True,neutral,tolerant,9,-0.06859377065303522,True
E9E,0.0,9,True,neutral,tolerant,9,0.0,True
E9F,-3.39704847936256,9,True,neutral,tolerant,9,-1.5397382306171035,True
E9G,-1.8552739245675305,9,True,neutral,tolerant,9,-0.8409171100377387,True
E9H,-0.884684498223036,9,True,neutral,tolerant,9,-0.400990021845059,True
E9I,-3.17657896527265,9,True,neutral,tolerant,9,-1.4398087354709201,True
E9K,-3.39704847936256,9,True,neutral,tolerant,9,-1.5397382306171035,True
E9L,-3.17657896527265,9,True,neutral,tolerant,9,-1.4398087354709201,True
E9M,-3.17657896527265,9,True,neutral,tolerant,9,-1.4398087354709201,True
E9N,-2.33579905164278,9,True,neutral,tolerant,9,-1.0587188027203052,True
E9P,-3.39704847936256,9,True,neutral,tolerant,9,-1.5397382306171035,True
E9Q,-0.892086385946794,9,True,neutral,tolerant,9,-0.40434498412370873,True
E9R,-3.39704847936256,9,True,neutral,tolerant,9,-1.5397382306171035,True
E9S,-1.69930587024694,9,True,neutral,tolerant,9,-0.7702233953464955,True
E9T,-2.91583885601738,9,True,neutral,tolerant,9,-1.32162628475978,True
E9V,-1.7287963041816,9,True,neutral,tolerant,9,-0.7835901603021739,True
E9W,-3.39704847936256,9,True,neutral,tolerant,9,-1.5397382306171035,True
E9Y,-3.39704847936256,9,True,neutral,tolerant,9,-1.5397382306171035,True
E10A,-1.53536499226731,10,True,neutral,tolerant,10,-0.7150338560975609,True
E10C,-2.8791010845914604,10,True,neutral,tolerant,10,-1.34082433882385,True
E10D,-0.555910906171616,10,True,neutral,tolerant,10,-0.2588929152927926,True
E10E,0.0,10,True,neutral,tolerant,10,0.0,True
E10F,-3.22003707639617,10,True,neutral,tolerant,10,-1.4996014231851205,True
E10G,-3.22003707639617,10,True,neutral,tolerant,10,-1.4996014231851205,True
E10H,-0.941669549490138,10,True,neutral,tolerant,10,-0.4385443282429348,True
E10I,-2.71787724771698,10,True,neutral,tolerant,10,-1.2657408880770888,True
E10K,-3.0881450308792298,10,True,neutral,tolerant,10,-1.4381780623754494,True
E10L,-2.71787724771698,10,True,neutral,tolerant,10,-1.2657408880770888,True
E10M,-2.71787724771698,10,True,neutral,tolerant,10,-1.2657408880770888,True
E10N,-2.21474907089191,10,True,neutral,tolerant,10,-1.031429384168622,True
E10P,-3.22003707639617,10,True,neutral,tolerant,10,-1.4996014231851205,True
E10Q,-0.718572257529023,10,True,neutral,tolerant,10,-0.3346458299970491,True
E10R,-3.0881450308792298,10,True,neutral,tolerant,10,-1.4381780623754494,True
E10S,-2.8791010845914604,10,True,neutral,tolerant,10,-1.34082433882385,True
E10T,-2.8791010845914604,10,True,neutral,tolerant,10,-1.34082433882385,True
E10V,-1.3346074742731395,10,True,neutral,tolerant,10,-0.6215391998074198,True
E10W,-3.22003707639617,10,True,neutral,tolerant,10,-1.4996014231851205,True
E10Y,-3.22003707639617,10,True,neutral,tolerant,10,-1.4996014231851205,True
Y11A,-1.25948824694909,11,True,neutral,tolerant,11,-0.5389673611261993,True
Y11C,-1.12363123286398,11,True,neutral,tolerant,11,-0.4808306563579678,True
Y11D,-2.44623491781039,11,True,neutral,tolerant,11,-1.0468067340372122,True
Y11E,-1.0134174567687,11,True,neutral,tolerant,11,-0.43366735157468156,True
Y11F,-0.69606494906322,11,True,neutral,tolerant,11,-0.29786406477218225,True
Y11G,-1.3528937994756398,11,True,neutral,tolerant,11,-0.5789379954546386,True
Y11H,-1.13116813131258,11,True,neutral,tolerant,11,-0.4840558887313211,True
Y11I,-2.3492654383747,11,True,neutral,tolerant,11,-1.005311003872334,True
Y11K,-2.8442710546512098,11,True,neutral,tolerant,11,-1.2171366174844176,True
Y11L,-1.08529072455526,11,True,neutral,tolerant,11,-0.46442376837195937,True
Y11M,-0.973505010478541,11,True,neutral,tolerant,11,-0.4165877909632933,True
Y11N,-0.8507170580350171,11,True,neutral,tolerant,11,-0.3640436732497039,True
Y11P,-3.04676727169851,11,True,neutral,tolerant,11,-1.30378994831493,True
Y11Q,-2.44623491781039,11,True,neutral,tolerant,11,-1.0468067340372122,True
Y11R,-2.33082450199876,11,True,neutral,tolerant,11,-0.9974196536836266,True
Y11S,-1.4653506526976898,11,True,neutral,tolerant,11,-0.6270611705366325,True
Y11T,-2.56033622470383,11,True,neutral,tolerant,11,-1.0956336130703233,True
Y11V,-0.952585813584754,11,True,neutral,tolerant,11,-0.40763592946396204,True
Y11W,-2.14537812038468,11,True,neutral,tolerant,11,-0.9180623852287166,True
Y11Y,0.0,11,True,neutral,tolerant,11,0.0,True
E12A,-0.7563882514156469,12,True,neutral,tolerant,12,-0.3671368971816427,True
E12C,-2.8657116160065903,12,True,neutral,tolerant,12,-1.390963528252769,True
E12D,-0.660305957968214,12,True,neutral,tolerant,12,-0.32050032525662187,True
E12E,0.0,12,True,neutral,tolerant,12,0.0,True
E12F,-3.2670438335508,12,True,neutral,tolerant,12,-1.5857627795796403,True
E12G,-1.61718385785672,12,True,neutral,tolerant,12,-0.7849511975292334,True
E12H,-2.24640829662675,12,True,neutral,tolerant,12,-1.090365127013901,True
E12I,-2.7720086075607204,12,True,neutral,tolerant,12,-1.3454818173549385,True
E12K,-1.80964025004096,12,True,neutral,tolerant,12,-0.8783659782811196,True
E12L,-1.41826315535935,12,True,neutral,tolerant,12,-0.6883987598579808,True
E12M,-2.7720086075607204,12,True,neutral,tolerant,12,-1.3454818173549385,True
E12N,-2.24640829662675,12,True,neutral,tolerant,12,-1.090365127013901,True
E12P,-3.2670438335508,12,True,neutral,tolerant,12,-1.5857627795796403,True
E12Q,-2.24640829662675,12,True,neutral,tolerant,12,-1.090365127013901,True
E12R,-3.1332664277027296,12,True,neutral,tolerant,12,-1.5208296958040162,True
E12S,-2.62558247197638,12,True,neutral,tolerant,12,-1.2744092736128594,True
E12T,-2.8657116160065903,12,True,neutral,tolerant,12,-1.390963528252769,True
E12V,-0.958922148304985,12,True,neutral,tolerant,12,-0.4654431127249057,True
E12W,-3.2670438335508,12,True,neutral,tolerant,12,-1.5857627795796403,True
E12Y,-3.2670438335508,12,True,neutral,tolerant,12,-1.5857627795796403,True
E13A,-1.21771649355852,13,True,neutral,tolerant,13,-0.5613031605848858,True
E13C,-2.4980069508308,13,True,neutral,tolerant,13,-1.151449622372187,True
E13D,-0.7059581958383149,13,True,neutral,tolerant,13,-0.3254095420904365,True
E13E,0.0,13,True,neutral,tolerant,13,0.0,True
E13F,-2.8792811385193,13,True,neutral,tolerant,13,-1.3271969393635086,True
E13G,-0.674858292947343,13,True,neutral,tolerant,13,-0.3110741250381695,True
E13H,-2.07367928563224,13,True,neutral,tolerant,13,-0.9558569200810844,True
E13I,-2.61131470950964,13,True,neutral,tolerant,13,-1.203678530662133,True
E13K,-2.8792811385193,13,True,neutral,tolerant,13,-1.3271969393635086,True
E13L,-1.27385783500855,13,True,neutral,tolerant,13,-0.5871813617606695,True
E13M,-2.61131470950964,13,True,neutral,tolerant,13,-1.203678530662133,True
E13N,-2.07367928563224,13,True,neutral,tolerant,13,-0.9558569200810844,True
E13P,-3.00277224020786,13,True,neutral,tolerant,13,-1.3841198323756063,True
E13Q,-0.380646238811469,13,True,neutral,tolerant,13,-0.17545786563607796,True
E13R,-2.8792811385193,13,True,neutral,tolerant,13,-1.3271969393635086,True
E13S,-2.4980069508308,13,True,neutral,tolerant,13,-1.151449622372187,True
E13T,-2.4980069508308,13,True,neutral,tolerant,13,-1.151449622372187,True
E13V,-1.32599998507282,13,True,neutral,tolerant,13,-0.6112161463641347,True
E13W,-2.8792811385193,13,True,neutral,tolerant,13,-1.3271969393635086,True
E13Y,-1.6778273320031798,13,True,neutral,tolerant,13,-0.7733900208717446,True
E14A,-0.78839608746056,14,True,neutral,tolerant,14,-0.5094300519650261,True
E14C,-2.36395065419681,14,True,neutral,tolerant,14,-1.5274904629336872,True
E14D,-0.6592007491000339,14,True,neutral,tolerant,14,-0.4259491862156328,True
E14E,0.0,14,True,neutral,tolerant,14,0.0,True
E14F,-2.8029842315516,14,True,neutral,tolerant,14,-1.8111764193755124,True
E14G,-2.8029842315516,14,True,neutral,tolerant,14,-1.8111764193755124,True
E14H,-0.5713972448278061,14,True,neutral,tolerant,14,-0.36921406987558625,True
E14I,-1.13450478246627,14,True,neutral,tolerant,14,-0.7330716621742176,True
E14K,-1.24034463973564,14,True,neutral,tolerant,14,-0.8014611491925729,True
E14L,-1.15328693656471,14,True,neutral,tolerant,14,-0.7452079397262826,True
E14M,-2.26096729148635,14,True,neutral,tolerant,14,-1.4609467285702828,True
E14N,-0.705587485445081,14,True,neutral,tolerant,14,-0.455922441895859,True
E14P,-2.8029842315516,14,True,neutral,tolerant,14,-1.8111764193755124,True
E14Q,-0.134027786479172,14,True,neutral,tolerant,14,-0.08660340064695926,True
E14R,-2.53523814043907,14,True,neutral,tolerant,14,-1.6381695928852527,True
E14S,-1.65327594288275,14,True,neutral,tolerant,14,-1.0682808589374435,True
E14T,-1.19189474360375,14,True,neutral,tolerant,14,-0.7701547620900322,True
E14V,-0.877567258855138,14,True,neutral,tolerant,14,-0.5670489001554601,True
E14W,-2.8029842315516,14,True,neutral,tolerant,14,-1.8111764193755124,True
E14Y,-2.8029842315516,14,True,neutral,tolerant,14,-1.8111764193755124,True
Q15A,-0.6638621854467021,15,True,neutral,tolerant,15,-0.27932528320475325,True
Q15C,-1.6281641806163305,15,True,neutral,tolerant,15,-0.6850630007619315,True
Q15D,-1.4251307349169902,15,True,neutral,tolerant,15,-0.5996350671286212,True
Q15E,-0.0628177186868454,15,True,neutral,tolerant,15,-0.026431053684241413,True
Q15F,-1.86642141926666,15,True,neutral,tolerant,15,-0.7853116248295977,True
Q15G,-2.03615930084218,15,True,neutral,tolerant,15,-0.8567301856107848,True
Q15H,-0.524460594871329,15,True,neutral,tolerant,15,-0.22067095762291863,True
Q15I,-1.57282312206523,15,True,neutral,tolerant,15,-0.661777811167595,True
Q15K,-0.8351530132736659,15,True,neutral,tolerant,15,-0.35139725844604314,True
Q15L,-1.57282312206523,15,True,neutral,tolerant,15,-0.661777811167595,True
Q15M,-0.568237462026312,15,True,neutral,tolerant,15,-0.2390904219092516,True
Q15N,-1.0765335591697,15,True,neutral,tolerant,15,-0.4529600388251656,True
Q15P,-0.983092193514282,15,True,neutral,tolerant,15,-0.41364384263728377,True
Q15Q,0.0,15,True,neutral,tolerant,15,0.0,True
Q15R,-0.51285670629538,15,True,neutral,tolerant,15,-0.21578852941144827,True
Q15S,-0.631560428450831,15,True,neutral,tolerant,15,-0.26573406258896903,True
Q15T,-0.8141707500273271,15,True,neutral,tolerant,15,-0.34256880466144235,True
Q15V,-0.551536870073797,15,True,neutral,tolerant,15,-0.2320635153025975,True
Q15W,-1.86642141926666,15,True,neutral,tolerant,15,-0.7853116248295977,True
Q15Y,-0.973516994631824,15,True,neutral,tolerant,15,-0.4096150017148493,True
E16A,-0.951312546735322,16,True,neutral,tolerant,16,-0.41702339848632536,True
E16C,-2.14303294737269,16,True,neutral,tolerant,16,-0.9394335077871868,True
E16D,-0.6675401955825071,16,True,neutral,tolerant,16,-0.2926271517635049,True
E16E,0.0,16,True,neutral,tolerant,16,0.0,True
E16F,-2.56324649411536,16,True,neutral,tolerant,16,-1.1236409819280448,True
E16G,-1.2760789750556398,16,True,neutral,tolerant,16,-0.5593900687433149,True
E16H,-1.7640706810194298,16,True,neutral,tolerant,16,-0.7733092064152992,True
E16I,-2.04776101895064,16,True,neutral,tolerant,16,-0.8976695013024041,True
E16K,-1.30970260401997,16,True,neutral,tolerant,16,-0.574129535880869,True
E16L,-2.04776101895064,16,True,neutral,tolerant,16,-0.8976695013024041,True
E16M,-2.04776101895064,16,True,neutral,tolerant,16,-0.8976695013024041,True
E16N,-1.7640706810194298,16,True,neutral,tolerant,16,-0.7733092064152992,True
E16P,-2.56324649411536,16,True,neutral,tolerant,16,-1.1236409819280448,True
E16Q,-0.0777577053591824,16,True,neutral,tolerant,16,-0.03408636063790559,True
E16R,-2.39674081564482,16,True,neutral,tolerant,16,-1.0506504972115902,True
E16S,-1.1843820508211105,16,True,neutral,tolerant,16,-0.5191932237566107,True
E16T,-2.14303294737269,16,True,neutral,tolerant,16,-0.9394335077871868,True
E16V,-0.8724454845293209,16,True,neutral,tolerant,16,-0.38245073314868466,True
E16W,-2.56324649411536,16,True,neutral,tolerant,16,-1.1236409819280448,True
E16Y,-2.56324649411536,16,True,neutral,tolerant,16,-1.1236409819280448,True
E17A,-0.3826409248343961,17,True,neutral,tolerant,17,-0.20895166558676131,True
E17C,-2.03098239767345,17,True,neutral,tolerant,17,-1.1090741403443147,True
E17D,-0.7185276005509129,17,True,neutral,tolerant,17,-0.3923718796418618,True
E17E,0.0,17,True,neutral,tolerant,17,0.0,True
E17F,-1.21582037715806,17,True,neutral,tolerant,17,-0.6639323615775045,True
E17G,-2.51383230460823,17,True,neutral,tolerant,17,-1.3727476936269396,True
E17H,-0.6053748768973161,17,True,neutral,tolerant,17,-0.33058170368687145,True
E17I,-2.1029346559723003,17,True,neutral,tolerant,17,-1.1483656620778577,True
E17K,-1.2392117124325202,17,True,neutral,tolerant,17,-0.676705847497789,True
E17L,-2.1029346559723003,17,True,neutral,tolerant,17,-1.1483656620778577,True
E17M,-2.1029346559723003,17,True,neutral,tolerant,17,-1.1483656620778577,True
E17N,-1.72496222569992,17,True,neutral,tolerant,17,-0.9419633571349901,True
E17P,-1.4267756066076,17,True,neutral,tolerant,17,-0.7791303022494177,True
E17Q,-0.6694986695837679,17,True,neutral,tolerant,17,-0.3655982751405736,True
E17R,-2.3083834802902703,17,True,neutral,tolerant,17,-1.2605566778524013,True
E17S,-2.03098239767345,17,True,neutral,tolerant,17,-1.1090741403443147,True
E17T,-0.969543924593164,17,True,neutral,tolerant,17,-0.5294462896015247,True
E17V,-0.7942649691235679,17,True,neutral,tolerant,17,-0.43373036558338474,True
E17W,-2.35101796342762,17,True,neutral,tolerant,17,-1.2838384171667088,True
E17Y,-2.35101796342762,17,True,neutral,tolerant,17,-1.2838384171667088,True
E18A,-0.8601762615036629,18,True,neutral,tolerant,18,-0.3765517431824999,True
E18C,-1.7381898838154095,18,True,neutral,tolerant,18,-0.7609119898155806,True
E18D,-0.0709039882295505,18,True,neutral,tolerant,18,-0.031039010911271238,True
E18E,0.0,18,True,neutral,tolerant,18,0.0,True
E18F,-1.93029239304355,18,True,neutral,tolerant,18,-0.8450070037760194,True
E18G,-0.7086676093455,18,True,neutral,tolerant,18,-0.3102271424807118,True
E18H,-1.38928131754077,18,True,neutral,tolerant,18,-0.6081733771359481,True
E18I,-0.675997778895512,18,True,neutral,tolerant,18,-0.2959255601702271,True
E18K,-1.54206792601486,18,True,neutral,tolerant,18,-0.6750574174549516,True
E18L,-0.7470330470112521,18,True,neutral,tolerant,18,-0.3270220403144937,True
E18M,-1.5668981948768796,18,True,neutral,tolerant,18,-0.6859271443262085,True
E18N,-1.38928131754077,18,True,neutral,tolerant,18,-0.6081733771359481,True
E18P,-1.69049879070874,18,True,neutral,tolerant,18,-0.7400346823993044,True
E18Q,-0.409966188642985,18,True,neutral,tolerant,18,-0.17946726721979436,True
E18R,-1.88189607773976,18,True,neutral,tolerant,18,-0.8238209774848552,True
E18S,-1.7381898838154095,18,True,neutral,tolerant,18,-0.7609119898155806,True
E18T,-1.7381898838154095,18,True,neutral,tolerant,18,-0.7609119898155806,True
E18V,-0.309433130663584,18,True,neutral,tolerant,18,-0.13545780087689,True
E18W,-1.93029239304355,18,True,neutral,tolerant,18,-0.8450070037760194,True
E18Y,-1.13966031723984,18,True,neutral,tolerant,18,-0.4988990027955511,True
D19A,-0.203946717427987,19,True,neutral,tolerant,19,-0.08981798488396002,True
D19C,-0.566012121919805,19,True,neutral,tolerant,19,-0.2492713236665942,True
D19D,0.0,19,True,neutral,tolerant,19,0.0,True
D19E,-0.0485549566850952,19,True,neutral,tolerant,19,-0.021383567338479514,True
D19F,-1.48851635049815,19,True,neutral,tolerant,19,-0.6555415098346835,True
D19G,-0.374393770493493,19,True,neutral,tolerant,19,-0.1648827421343864,True
D19H,-0.40538182537261097,19,True,neutral,tolerant,19,-0.17852985879219047,True
D19I,-1.30435541399156,19,True,neutral,tolerant,19,-0.5744371683676267,True
D19K,-1.5924890174976998,19,True,neutral,tolerant,19,-0.7013309961803414,True
D19L,-0.6598702070115561,19,True,neutral,tolerant,19,-0.290606355552974,True
D19M,-1.30435541399156,19,True,neutral,tolerant,19,-0.5744371683676267,True
D19N,-1.10155482483293,19,True,neutral,tolerant,19,-0.48512393753350097,True
D19P,-1.5924890174976998,19,True,neutral,tolerant,19,-0.7013309961803414,True
D19Q,-1.10155482483293,19,True,neutral,tolerant,19,-0.48512393753350097,True
D19R,-1.5924890174976998,19,True,neutral,tolerant,19,-0.7013309961803414,True
D19S,-0.8620482466683801,19,True,neutral,tolerant,19,-0.37964541604276714,True
D19T,-0.433694114978359,19,True,neutral,tolerant,19,-0.19099857038465473,True
D19V,-0.5988656982866839,19,True,neutral,tolerant,19,-0.2637400146203787,True
D19W,-1.48851635049815,19,True,neutral,tolerant,19,-0.6555415098346835,True
D19Y,-0.589163815972344,19,True,neutral,tolerant,19,-0.2594673127595947,True
W20A,-0.0343177944797464,20,True,neutral,tolerant,20,-0.011827940113153483,True
W20C,-1.20392204363127,20,True,neutral,tolerant,20,-0.41494268640661336,True
W20D,-1.18364401024827,20,True,neutral,tolerant,20,-0.40795367769837004,True
W20E,-0.309497512110536,20,True,neutral,tolerant,20,-0.1066711335594101,True
W20F,-0.313592179878743,20,True,neutral,tolerant,20,-0.10808239806168443,True
W20G,-0.768746527299792,20,True,neutral,tolerant,20,-0.26495548519188644,True
W20H,-0.410380002394623,20,True,neutral,tolerant,20,-0.1414412017306088,True
W20I,-0.333798708999386,20,True,neutral,tolerant,20,-0.11504676217531391,True
W20K,-0.4438998291006721,20,True,neutral,tolerant,20,-0.15299411499012552,True
W20L,-0.436880090695518,20,True,neutral,tolerant,20,-0.15057469827862419,True
W20M,-0.349657836393715,20,True,neutral,tolerant,20,-0.12051275472846884,True
W20N,-1.18364401024827,20,True,neutral,tolerant,20,-0.40795367769837004,True
W20P,-0.83672981365832,20,True,neutral,tolerant,20,-0.2883865433916958,True
W20Q,-0.300333565749779,20,True,neutral,tolerant,20,-0.10351269606660576,True
W20R,-1.43946544616796,20,True,neutral,tolerant,20,-0.49612486321860527,True
W20S,-1.20392204363127,20,True,neutral,tolerant,20,-0.41494268640661336,True
W20T,-0.35438881871049105,20,True,neutral,tolerant,20,-0.12214333082951287,True
W20V,-0.00991287386615505,20,True,neutral,tolerant,20,-0.003416562171771378,True
W20W,0.0,20,True,neutral,tolerant,20,0.0,True
W20Y,-0.395641270191466,20,True,neutral,tolerant,20,-0.13636136357417855,True
S21A,-0.0346423984681368,21,True,neutral,tolerant,21,-0.020858853100909933,True
S21C,-0.6168893249804039,21,True,neutral,tolerant,21,-0.37144090416028874,True
S21D,-0.179622453674724,21,True,neutral,tolerant,21,-0.10815412732672663,True
S21E,-0.114647431093991,21,True,neutral,tolerant,21,-0.06903141899328402,True
S21F,-0.8484700611611559,21,True,neutral,tolerant,21,-0.5108801107567333,True
S21G,-0.348391010134743,21,True,neutral,tolerant,21,-0.20977291479290225,True
S21H,-0.23504139952184805,21,True,neutral,tolerant,21,-0.14152293842378968,True
S21I,-0.0949254102395392,21,True,neutral,tolerant,21,-0.05715641165987239,True
S21K,-0.726433051232472,21,True,neutral,tolerant,21,-0.43739928449933557,True
S21L,-0.0344404775473883,21,True,neutral,tolerant,21,-0.02073727263852459,True
S21M,-0.235894410516902,21,True,neutral,tolerant,21,-0.14203655271800944,True
S21N,-0.211001802986335,21,True,neutral,tolerant,21,-0.12704823589415334,True
S21P,-0.3925550304457621,21,True,neutral,tolerant,21,-0.23636491917910132,True
S21Q,-0.0388450755375101,21,True,neutral,tolerant,21,-0.023389365637484172,True
S21R,-0.134589572489125,21,True,neutral,tolerant,21,-0.08103896512959656,True
S21S,0.0,21,True,neutral,tolerant,21,0.0,True
S21T,-0.203774282838956,21,True,neutral,tolerant,21,-0.12269640727649257,True
S21V,-0.0175322328564283,21,True,neutral,tolerant,21,-0.010556493945404737,True
S21W,-0.8484700611611559,21,True,neutral,tolerant,21,-0.5108801107567333,True
S21Y,-0.8484700611611559,21,True,neutral,tolerant,21,-0.5108801107567333,True
E22A,-0.8133722044310979,22,True,neutral,tolerant,22,-0.3352194405658877,True
E22C,-1.75521953833199,22,True,neutral,tolerant,22,-0.7233880239631527,True
E22D,-0.282849169110926,22,True,neutral,tolerant,22,-0.11657214214765171,True
E22E,0.0,22,True,neutral,tolerant,22,0.0,True
E22F,-1.90008904800879,22,True,neutral,tolerant,22,-0.783093870467802,True
E22G,-1.98024458796874,22,True,neutral,tolerant,22,-0.8161288022213707,True
E22H,-1.10170715122476,22,True,neutral,tolerant,22,-0.4540524656351065,True
E22I,-1.60347830431194,22,True,neutral,tolerant,22,-0.6608500969208135,True
E22K,-1.81993350804884,22,True,neutral,tolerant,22,-0.7500589387142331,True
E22L,-1.60347830431194,22,True,neutral,tolerant,22,-0.6608500969208135,True
E22M,-1.60347830431194,22,True,neutral,tolerant,22,-0.6608500969208135,True
E22N,-1.34598267057988,22,True,neutral,tolerant,22,-0.5547270430254649,True
E22P,-0.734778273587108,22,True,neutral,tolerant,22,-0.30282810313652,True
E22Q,-0.17061497778527598,22,True,neutral,tolerant,22,-0.07031646409080915,True
E22R,-0.7626519672731609,22,True,neutral,tolerant,22,-0.3143158377222856,True
E22S,-1.75521953833199,22,True,neutral,tolerant,22,-0.7233880239631527,True
E22T,-0.940501183553308,22,True,neutral,tolerant,22,-0.3876137872486182,True
E22V,-0.33308142540857105,22,True,neutral,tolerant,22,-0.13727463082715677,True
E22W,-1.90008904800879,22,True,neutral,tolerant,22,-0.783093870467802,True
E22Y,-1.90008904800879,22,True,neutral,tolerant,22,-0.783093870467802,True
E23A,-0.6117184512458579,23,True,neutral,tolerant,23,-0.2790083054118457,True
E23C,-1.57101772850203,23,True,neutral,tolerant,23,-0.7165502255303868,True
E23D,-0.26722700071195005,23,True,neutral,tolerant,23,-0.12188377263605732,True
E23E,0.0,23,True,neutral,tolerant,23,0.0,True
E23F,-1.89785721987235,23,True,neutral,tolerant,23,-0.8656235981631369,True
E23G,-0.458052211005235,23,True,neutral,tolerant,23,-0.20892024904992623,True
E23H,-1.34272363263659,23,True,neutral,tolerant,23,-0.6124239748128887,True
E23I,-1.68192612074499,23,True,neutral,tolerant,23,-0.767136181393967,True
E23K,-1.24874283202527,23,True,neutral,tolerant,23,-0.5695587908930494,True
E23L,-1.68192612074499,23,True,neutral,tolerant,23,-0.767136181393967,True
E23M,-0.810430867318073,23,True,neutral,tolerant,23,-0.36964218176408814,True
E23N,-1.34272363263659,23,True,neutral,tolerant,23,-0.6124239748128887,True
E23P,-1.97781867862175,23,True,neutral,tolerant,23,-0.9020944795931343,True
E23Q,-0.4661608904926339,23,True,neutral,tolerant,23,-0.21261866442108146,True
E23R,-1.81789576112296,23,True,neutral,tolerant,23,-0.8291527167331442,True
E23S,-1.57101772850203,23,True,neutral,tolerant,23,-0.7165502255303868,True
E23T,-0.724137261327606,23,True,neutral,tolerant,23,-0.3302831715425688,True
E23V,-0.8118045559351179,23,True,neutral,tolerant,23,-0.3702687290464607,True
E23W,-1.89785721987235,23,True,neutral,tolerant,23,-0.8656235981631369,True
E23Y,-1.89785721987235,23,True,neutral,tolerant,23,-0.8656235981631369,True
E24A,-0.362016533543647,24,True,neutral,tolerant,24,-0.16881358118133,True
E24C,-1.64213504639233,24,True,neutral,tolerant,24,-0.7657514844731145,True
E24D,-0.0632896526169101,24,True,neutral,tolerant,24,-0.02951288662260719,True
E24E,0.0,24,True,neutral,tolerant,24,0.0,True
E24F,-0.950631934471764,24,True,neutral,tolerant,24,-0.44329351389738525,True
E24G,-0.652913961798639,24,True,neutral,tolerant,24,-0.30446328794877936,True
E24H,-1.37531401206952,24,True,neutral,tolerant,24,-0.6413289507903829,True
E24I,-1.50566435538042,24,True,neutral,tolerant,24,-0.7021132140038082,True
E24K,-1.9307227720915496,24,True,neutral,tolerant,24,-0.9003241433055236,True
E24L,-0.6926581600421099,24,True,neutral,tolerant,24,-0.3229965863343132,True
E24M,-1.50566435538042,24,True,neutral,tolerant,24,-0.7021132140038082,True
E24N,-1.37531401206952,24,True,neutral,tolerant,24,-0.6413289507903829,True
E24P,-0.797110024535611,24,True,neutral,tolerant,24,-0.3717040117483213,True
E24Q,-0.252985646461376,24,True,neutral,tolerant,24,-0.11797089085565113,True
E24R,-1.57652868343932,24,True,neutral,tolerant,24,-0.7351582820854548,True
E24S,-1.64213504639233,24,True,neutral,tolerant,24,-0.7657514844731145,True
E24T,-0.7760952082741479,24,True,neutral,tolerant,24,-0.3619044969133517,True
E24V,-0.5230811150840511,24,True,neutral,tolerant,24,-0.24392034093386425,True
E24W,-1.8224538592133,24,True,neutral,tolerant,24,-0.8498367726468485,True
E24Y,-1.46585015478296,24,True,neutral,tolerant,24,-0.6835472725012532,True
E25A,-0.536787987341508,25,True,neutral,tolerant,25,-0.2461843329260011,True
E25C,-1.35896283142705,25,True,neutral,tolerant,25,-0.6232541823132337,True
E25D,-0.0638366852736291,25,True,neutral,tolerant,25,-0.029277092913588425,True
E25E,0.0,25,True,neutral,tolerant,25,0.0,True
E25F,-1.47295484249926,25,True,neutral,tolerant,25,-0.6755337561235385,True
E25G,-0.9391462737124352,25,True,neutral,tolerant,25,-0.4307158587115374,True
E25H,-1.20770634641447,25,True,neutral,tolerant,25,-0.5538841931523858,True
E25I,-1.39542387616535,25,True,neutral,tolerant,25,-0.6399761250324413,True
E25K,-1.77285981609856,25,True,neutral,tolerant,25,-0.8130776423650935,True
E25L,-0.5981685937671589,25,True,neutral,tolerant,25,-0.2743350069422559,True
E25M,-1.39542387616535,25,True,neutral,tolerant,25,-0.6399761250324413,True
E25N,-1.20770634641447,25,True,neutral,tolerant,25,-0.5538841931523858,True
E25P,-0.792020178032173,25,True,neutral,tolerant,25,-0.3632401689137162,True
E25Q,-0.0686352268345421,25,True,neutral,tolerant,25,-0.031477823520548696,True
E25R,-1.77285981609856,25,True,neutral,tolerant,25,-0.8130776423650935,True
E25S,-0.5076413018155039,25,True,neutral,tolerant,25,-0.2328169374133698,True
E25T,-0.607494851289171,25,True,neutral,tolerant,25,-0.2786122607946077,True
E25V,-0.245873947993246,25,True,neutral,tolerant,25,-0.11276391293773452,True
E25W,-1.47295484249926,25,True,neutral,tolerant,25,-0.6755337561235385,True
E25Y,-0.52429060286864,25,True,neutral,tolerant,25,-0.24045272131708598,True
D26A,-0.377744877100899,26,True,neutral,tolerant,26,-0.17372417858330091,True
D26C,-1.53553402713085,26,True,neutral,tolerant,26,-0.7061892926181531,True
D26D,0.0,26,True,neutral,tolerant,26,0.0,True
D26E,-0.0619004898871064,26,True,neutral,tolerant,26,-0.028467922165014828,True
D26F,-1.63222079448421,26,True,neutral,tolerant,26,-0.7506553602118391,True
D26G,-0.645353606982203,26,True,neutral,tolerant,26,-0.29679694435354875,True
D26H,-0.469036522711247,26,True,neutral,tolerant,26,-0.21570903954791248,True
D26I,-1.44195845142969,26,True,neutral,tolerant,26,-0.6631540563790622,True
D26K,-1.88651829215448,26,True,neutral,tolerant,26,-0.8676063146168576,True
D26L,-0.535829406226337,26,True,neutral,tolerant,26,-0.24642696460072452,True
D26M,-1.3721844435221202,26,True,neutral,tolerant,26,-0.6310651176666795,True
D26N,-0.453005622070136,26,True,neutral,tolerant,26,-0.20833645764236453,True
D26P,-0.593889667308467,26,True,neutral,tolerant,26,-0.27312877255702633,True
D26Q,-0.38596252665884,26,True,neutral,tolerant,26,-0.17750346059579372,True
D26R,-1.88651829215448,26,True,neutral,tolerant,26,-0.8676063146168576,True
D26S,-0.6759040787196501,26,True,neutral,tolerant,26,-0.31084705046922406,True
D26T,-0.756113734310361,26,True,neutral,tolerant,26,-0.34773532447809624,True
D26V,-0.534346315256375,26,True,neutral,tolerant,26,-0.24574489377424938,True
D26W,-0.669418151475441,26,True,neutral,tolerant,26,-0.30786418438378854,True
D26Y,-0.8553592346225171,26,True,neutral,tolerant,26,-0.3933781486829967,True
E27A,-0.648546480508655,27,True,neutral,tolerant,27,-0.25644152089898486,True
E27C,-1.54742383510642,27,True,neutral,tolerant,27,-0.6118662789424152,True
E27D,-0.0810531608854456,27,True,neutral,tolerant,27,-0.03204919998152144,True
E27E,0.0,27,True,neutral,tolerant,27,0.0,True
E27F,-1.54742383510642,27,True,neutral,tolerant,27,-0.6118662789424152,True
E27G,-0.398379214333902,27,True,neutral,tolerant,27,-0.15752297589866443,True
E27H,-0.5078956443803739,27,True,neutral,tolerant,27,-0.20082682647621722,True
E27I,-1.54422813082332,27,True,neutral,tolerant,27,-0.6106026667090116,True
E27K,-0.8513961069680179,27,True,neutral,tolerant,27,-0.33665021570561066,True
E27L,-1.54422813082332,27,True,neutral,tolerant,27,-0.6106026667090116,True
E27M,-1.54422813082332,27,True,neutral,tolerant,27,-0.6106026667090116,True
E27N,-1.3203759438825902,27,True,neutral,tolerant,27,-0.5220893573304426,True
E27P,-0.8095075589240072,27,True,neutral,tolerant,27,-0.32008708061584595,True
E27Q,-0.203311274599798,27,True,neutral,tolerant,27,-0.08039123492489228,True
E27R,-1.76816788241526,27,True,neutral,tolerant,27,-0.699150599993512,True
E27S,-0.987743631597044,27,True,neutral,tolerant,27,-0.39056333934056753,True
E27T,-1.54742383510642,27,True,neutral,tolerant,27,-0.6118662789424152,True
E27V,-0.591005748556305,27,True,neutral,tolerant,27,-0.23368936163365597,True
E27W,-0.283081407592966,27,True,neutral,tolerant,27,-0.11193311332817706,True
E27Y,-0.701658525781246,27,True,neutral,tolerant,27,-0.277442534823348,True
Q28A,-0.518599781275027,28,True,neutral,tolerant,28,-0.32961503153488325,True
Q28C,-1.4095107894401802,28,True,neutral,tolerant,28,-0.8958660610458218,True
Q28D,-1.26078210720523,28,True,neutral,tolerant,28,-0.801336115112396,True
Q28E,-0.19413502525255705,28,True,neutral,tolerant,28,-0.1233896055901178,True
Q28F,-1.5877140868225,28,True,neutral,tolerant,28,-1.009129675121939,True
Q28G,-0.7320193300886909,28,True,neutral,tolerant,28,-0.4652616203927175,True
Q28H,-0.056002428811668,28,True,neutral,tolerant,28,-0.0355943889783451,True
Q28I,-1.40577524684815,28,True,neutral,tolerant,28,-0.8934918005202105,True
Q28K,-0.7701732693440569,28,True,neutral,tolerant,28,-0.4895117499626104,True
Q28L,-1.40577524684815,28,True,neutral,tolerant,28,-0.8934918005202105,True
Q28M,-0.61185653268971,28,True,neutral,tolerant,28,-0.3888877658634962,True
Q28N,-1.26078210720523,28,True,neutral,tolerant,28,-0.801336115112396,True
Q28P,-0.7067582235273979,28,True,neutral,tolerant,28,-0.4492060015196527,True
Q28Q,0.0,28,True,neutral,tolerant,28,0.0,True
Q28R,-0.300539762212853,28,True,neutral,tolerant,28,-0.19101902232916768,True
Q28S,-1.4095107894401802,28,True,neutral,tolerant,28,-0.8958660610458218,True
Q28T,-0.59261650548483,28,True,neutral,tolerant,28,-0.3766590638800967,True
Q28V,-0.37691092251949104,28,True,neutral,tolerant,28,-0.23955950252554897,True
Q28W,-0.64339334894935,28,True,neutral,tolerant,28,-0.40893214123977184,True
Q28Y,-0.450862461939243,28,True,neutral,tolerant,28,-0.28656210429673584,True
E29A,-0.9331584080620592,29,True,neutral,tolerant,29,-0.38628180223194974,True
E29C,-2.12830157640519,29,True,neutral,tolerant,29,-0.881012442822271,True
E29D,-0.0975681132752449,29,True,neutral,tolerant,29,-0.040388412418212005,True
E29E,0.0,29,True,neutral,tolerant,29,0.0,True
E29F,-2.5586607776001604,29,True,neutral,tolerant,29,-1.0591600396380518,True
E29G,-1.14912561063861,29,True,neutral,tolerant,29,-0.4756816292211468,True
E29H,-0.584859348162144,29,True,neutral,tolerant,29,-0.24210307822168992,True
E29I,-1.0183336895648398,29,True,neutral,tolerant,29,-0.42154019026151957,True
E29K,-1.18848075930158,29,True,neutral,tolerant,29,-0.49197273009030096,True
E29L,-0.950526782548282,29,True,neutral,tolerant,29,-0.39347145721487026,True
E29M,-2.08818988703742,29,True,neutral,tolerant,29,-0.864408171215558,True
E29N,-1.7012178063987902,29,True,neutral,tolerant,29,-0.7042207138330853,True
E29P,-1.24799270758949,29,True,neutral,tolerant,29,-0.5166077571557803,True
E29Q,-0.110220904496211,29,True,neutral,tolerant,29,-0.0456260472654933,True
E29R,-2.32342533231879,29,True,neutral,tolerant,29,-0.9617841054268049,True
E29S,-1.75555824773016,29,True,neutral,tolerant,29,-0.7267149907213508,True
E29T,-1.04791554668502,29,True,neutral,tolerant,29,-0.433785627888216,True
E29V,-0.954750203011164,29,True,neutral,tolerant,29,-0.39521974609475446,True
E29W,-2.5586607776001604,29,True,neutral,tolerant,29,-1.0591600396380518,True
E29Y,-2.5586607776001604,29,True,neutral,tolerant,29,-1.0591600396380518,True
E30A,-0.758105890739764,30,True,neutral,tolerant,30,-0.3264096897420132,True
E30C,-1.6753021568040902,30,True,neutral,tolerant,30,-0.7213172511994915,True
E30D,-0.0607754218446557,30,True,neutral,tolerant,30,-0.02616743495937792,True
E30E,0.0,30,True,neutral,tolerant,30,0.0,True
E30F,-2.14637819422811,30,True,neutral,tolerant,30,-0.9241435121462673,True
E30G,-1.28283784710808,30,True,neutral,tolerant,30,-0.5523380160722149,True
E30H,-0.527030640256193,30,True,neutral,tolerant,30,-0.226918046504945,True
E30I,-0.9461454248533993,30,True,neutral,tolerant,30,-0.4073718966566323,True
E30K,-2.14637819422811,30,True,neutral,tolerant,30,-0.9241435121462673,True
E30L,-1.7503277127363202,30,True,neutral,tolerant,30,-0.7536202167003462,True
E30M,-1.7503277127363202,30,True,neutral,tolerant,30,-0.7536202167003462,True
E30N,-1.43211438765262,30,True,neutral,tolerant,30,-0.6166104480373035,True
E30P,-0.7397654091315999,30,True,neutral,tolerant,30,-0.3185130212362478,True
E30Q,-0.13508726755916498,30,True,neutral,tolerant,30,-0.05816310574906151,True
E30R,-2.14637819422811,30,True,neutral,tolerant,30,-0.9241435121462673,True
E30S,-0.8037953286693109,30,True,neutral,tolerant,30,-0.3460817110799792,True
E30T,-1.6753021568040902,30,True,neutral,tolerant,30,-0.7213172511994915,True
E30V,-0.849468982024691,30,True,neutral,tolerant,30,-0.3657469362196576,True
E30W,-2.14637819422811,30,True,neutral,tolerant,30,-0.9241435121462673,True
E30Y,-2.14637819422811,30,True,neutral,tolerant,30,-0.9241435121462673,True
A31A,0.0,31,True,neutral,tolerant,31,0.0,True
A31C,-1.23470980365889,31,True,neutral,tolerant,31,-0.7579447078191284,True
A31D,-0.0386285979824977,31,True,neutral,tolerant,31,-0.023712730979007796,True
A31E,-0.035948026830675,31,True,neutral,tolerant,31,-0.022067223093320074,True
A31F,-1.54912918132029,31,True,neutral,tolerant,31,-0.95095565065609,True
A31G,-0.6183809886417171,31,True,neutral,tolerant,31,-0.3796022323367217,True
A31H,-0.19506082463279,31,True,neutral,tolerant,31,-0.1197409458442294,True
A31I,-0.6037308500050229,31,True,neutral,tolerant,31,-0.37060903003477697,True
A31K,-0.7090525102921771,31,True,neutral,tolerant,31,-0.4352622747055599,True
A31L,-0.646236955914312,31,True,neutral,tolerant,31,-0.3967020260800611,True
A31M,-1.33363484055018,31,True,neutral,tolerant,31,-0.8186712914749585,True
A31N,-1.21825977498501,31,True,neutral,tolerant,31,-0.7478466166402193,True
A31P,-0.701047779184503,31,True,neutral,tolerant,31,-0.4303484532046715,True
A31Q,-0.24115845716977,31,True,neutral,tolerant,31,-0.14803865314424164,True
A31R,-0.692937716303471,31,True,neutral,tolerant,31,-0.42536997225105566,True
A31S,-0.42556114023627706,31,True,neutral,tolerant,31,-0.26123694259146796,True
A31T,-0.435121662343354,31,True,neutral,tolerant,31,-0.2671058091976723,True
A31V,-0.310746000773388,31,True,neutral,tolerant,31,-0.19075598660040846,True
A31W,-1.54912918132029,31,True,neutral,tolerant,31,-0.95095565065609,True
A31Y,-0.7816619571059441,31,True,neutral,tolerant,31,-0.4798346477336866,True
V32A,-0.16276117349697,32,True,neutral,tolerant,32,-0.11218273535546869,True
V32C,-1.3768219849871,32,True,neutral,tolerant,32,-0.9489711400752114,True
V32D,-0.126308488896755,32,True,neutral,tolerant,32,-0.0870578128592665,True
V32E,-0.305380609481896,32,True,neutral,tolerant,32,-0.21048282806118396,True
V32F,-0.7306477112033231,32,True,neutral,tolerant,32,-0.5035971237054714,True
V32G,-0.4615256088250681,32,True,neutral,tolerant,32,-0.31810538178233294,True
V32H,-0.47391877079518,32,True,neutral,tolerant,32,-0.32664733794816514,True
V32I,-0.264019556758316,32,True,neutral,tolerant,32,-0.1819748250035669,True
V32K,-1.76335942623222,32,True,neutral,tolerant,32,-1.2153911132452169,True
V32L,-0.430802509269991,32,True,neutral,tolerant,32,-0.29692956157511935,True
V32M,-1.26543787569565,32,True,neutral,tolerant,32,-0.872199918862064,True
V32N,-0.53587367186356,32,True,neutral,tolerant,32,-0.36934959992625116,True
V32P,-0.597315510914968,32,True,neutral,tolerant,32,-0.41169823518099585,True
V32Q,-0.19699453750723,32,True,neutral,tolerant,32,-0.13577799663663606,True
V32R,-1.76335942623222,32,True,neutral,tolerant,32,-1.2153911132452169,True
V32S,-0.730951588999101,32,True,neutral,tolerant,32,-0.5038065707229126,True
V32T,-0.416777664108594,32,True,neutral,tolerant,32,-0.2872629718145601,True
V32V,0.0,32,True,neutral,tolerant,32,0.0,True
V32W,-1.50266025217359,32,True,neutral,tolerant,32,-1.0357048537863354,True
V32Y,-0.6474915908278411,32,True,neutral,tolerant,32,-0.4462819738767941,True
E33A,-0.847011786616855,33,True,neutral,tolerant,33,-0.32590769403301373,True
E33C,-2.1920304297788604,33,True,neutral,tolerant,33,-0.8434352318435712,True
E33D,-0.523197622236298,33,True,neutral,tolerant,33,-0.2013125829897331,True
E33E,0.0,33,True,neutral,tolerant,33,0.0,True
E33F,-2.40246991379686,33,True,neutral,tolerant,33,-0.9244067697294156,True
E33G,-1.54752070557802,33,True,neutral,tolerant,33,-0.5954449661648176,True
E33H,-0.644427698451522,33,True,neutral,tolerant,33,-0.24795870434367642,True
E33I,-2.40246991379686,33,True,neutral,tolerant,33,-0.9244067697294156,True
E33K,-0.8707032906183728,33,True,neutral,tolerant,33,-0.33502355706975956,True
E33L,-1.32278247776138,33,True,neutral,tolerant,33,-0.5089716505084452,True
E33M,-2.40246991379686,33,True,neutral,tolerant,33,-0.9244067697294156,True
E33N,-1.76686414211368,33,True,neutral,tolerant,33,-0.6798425090704987,True
E33P,-1.2929450043281498,33,True,neutral,tolerant,33,-0.49749098127096486,True
E33Q,-0.3600509450705,33,True,neutral,tolerant,33,-0.13853806416440592,True
E33R,-2.34092031038604,33,True,neutral,tolerant,33,-0.9007241130849447,True
E33S,-1.06266125623524,33,True,neutral,tolerant,33,-0.408883896340057,True
E33T,-1.12255406990854,33,True,neutral,tolerant,33,-0.4319290641899393,True
E33V,-1.49175238547804,33,True,neutral,tolerant,33,-0.5739867941640765,True
E33W,-2.40246991379686,33,True,neutral,tolerant,33,-0.9244067697294156,True
E33Y,-1.18005393340713,33,True,neutral,tolerant,33,-0.4540534882134688,True
E34A,-0.863268895976903,34,True,neutral,tolerant,34,-0.30390899848057323,True
E34C,-2.40842590835353,34,True,neutral,tolerant,34,-0.847872903950856,True
E34D,-0.5736450745834251,34,True,neutral,tolerant,34,-0.2019485480276436,True
E34E,0.0,34,True,neutral,tolerant,34,0.0,True
E34F,-3.08311876804042,34,True,neutral,tolerant,34,-1.0853947609585741,True
E34G,-1.37058262245197,34,True,neutral,tolerant,34,-0.4825059654823939,True
E34H,-0.7591914066889441,34,True,neutral,tolerant,34,-0.2672690990456671,True
E34I,-2.42065420489588,34,True,neutral,tolerant,34,-0.8521778075245028,True
E34K,-1.81463581677534,34,True,neutral,tolerant,34,-0.6388324150832438,True
E34L,-2.42065420489588,34,True,neutral,tolerant,34,-0.8521778075245028,True
E34M,-2.42065420489588,34,True,neutral,tolerant,34,-0.8521778075245028,True
E34N,-2.06297101810428,34,True,neutral,tolerant,34,-0.7262574371998394,True
E34P,-1.10900379512818,34,True,neutral,tolerant,34,-0.3904185987231231,True
E34Q,-0.0875474298418951,34,True,neutral,tolerant,34,-0.03082058423139394,True
E34R,-2.88840072599689,34,True,neutral,tolerant,34,-1.0168453606276595,True
E34S,-1.15681942144109,34,True,neutral,tolerant,34,-0.40725182319373654,True
E34T,-1.12566835462495,34,True,neutral,tolerant,34,-0.39628526391908403,True
E34V,-1.04619573748472,34,True,neutral,tolerant,34,-0.36830737244833245,True
E34W,-3.08311876804042,34,True,neutral,tolerant,34,-1.0853947609585741,True
E34Y,-3.08311876804042,34,True,neutral,tolerant,34,-1.0853947609585741,True
E35A,-0.8729703828935391,35,True,neutral,tolerant,35,-0.29333746562452584,True
E35C,-1.1893264120977098,35,True,neutral,tolerant,35,-0.3996401279602158,True
E35D,-0.0802604971263233,35,True,neutral,tolerant,35,-0.026969312221983354,True
E35E,0.0,35,True,neutral,tolerant,35,0.0,True
E35F,-2.626673786967741,35,True,neutral,tolerant,35,-0.8826208159978978,True
E35G,-0.913983655745067,35,True,neutral,tolerant,35,-0.30711883753700403,True
E35H,-1.80690375113128,35,True,neutral,tolerant,35,-0.6071598502889156,True
E35I,-2.23457967222533,35,True,neutral,tolerant,35,-0.75086847232319,True
E35K,-2.17512901539093,35,True,neutral,tolerant,35,-0.7308917293004624,True
E35L,-2.23457967222533,35,True,neutral,tolerant,35,-0.75086847232319,True
E35M,-2.23457967222533,35,True,neutral,tolerant,35,-0.75086847232319,True
E35N,-1.80690375113128,35,True,neutral,tolerant,35,-0.6071598502889156,True
E35P,-1.18925716797266,35,True,neutral,tolerant,35,-0.3996168603940423,True
E35Q,-0.0790241896481205,35,True,neutral,tolerant,35,-0.02655388541083931,True
E35R,-2.626673786967741,35,True,neutral,tolerant,35,-0.8826208159978978,True
E35S,-2.28557664358206,35,True,neutral,tolerant,35,-0.768004588995013,True
E35T,-0.8110484151036608,35,True,neutral,tolerant,35,-0.2725303071528259,True
E35V,-0.737205944353172,35,True,neutral,tolerant,35,-0.24771759454554934,True
E35W,-2.626673786967741,35,True,neutral,tolerant,35,-0.8826208159978978,True
E35Y,-1.53108155356089,35,True,neutral,tolerant,35,-0.5144774569526087,True
E36A,-0.28392701246366,36,True,neutral,tolerant,36,-0.08707102281746455,True
E36C,-1.97146260694846,36,True,neutral,tolerant,36,-0.6045823683484784,True
E36D,-0.301757014157832,36,True,neutral,tolerant,36,-0.09253889454575735,True
E36E,0.0,36,True,neutral,tolerant,36,0.0,True
E36F,-2.30108921349124,36,True,neutral,tolerant,36,-0.7056679449918888,True
E36G,-2.59515515521648,36,True,neutral,tolerant,36,-0.7958482420323992,True
E36H,-0.746851433070684,36,True,neutral,tolerant,36,-0.22903462973068386,True
E36I,-2.01989231976239,36,True,neutral,tolerant,36,-0.619434159281913,True
E36K,-2.49040675329026,36,True,neutral,tolerant,36,-0.7637253720910329,True
E36L,-0.914928718125582,36,True,neutral,tolerant,36,-0.2805783732974768,True
E36M,-2.01989231976239,36,True,neutral,tolerant,36,-0.619434159281913,True
E36N,-1.75894933567997,36,True,neutral,tolerant,36,-0.5394115776897311,True
E36P,-0.309778893027962,36,True,neutral,tolerant,36,-0.09499893944278674,True
E36Q,-0.358438068636719,36,True,neutral,tolerant,36,-0.10992109902508913,True
E36R,-2.49040675329026,36,True,neutral,tolerant,36,-0.7637253720910329,True
E36S,-0.8186837054083499,36,True,neutral,tolerant,36,-0.25106321154638467,True
E36T,-0.783201938273881,36,True,neutral,tolerant,36,-0.24018212725305865,True
E36V,-0.880222229369734,36,True,neutral,tolerant,36,-0.2699350412377585,True
E36W,-2.30108921349124,36,True,neutral,tolerant,36,-0.7056679449918888,True
E36Y,-1.1975854052121002,36,True,neutral,tolerant,36,-0.3672598293423439,True
A37A,0.0,37,True,neutral,tolerant,37,0.0,True
A37C,-1.35482863071168,37,True,neutral,tolerant,37,-0.5248008937106983,True
A37D,-0.0338880923794848,37,True,neutral,tolerant,37,-0.013126753276214927,True
A37E,-0.0585661432220121,37,True,neutral,tolerant,37,-0.02268594241912025,True
A37F,-1.87126650931155,37,True,neutral,tolerant,37,-0.7248461644494048,True
A37G,-0.46991062121798,37,True,neutral,tolerant,37,-0.1820226620467885,True
A37H,-0.5149520810058761,37,True,neutral,tolerant,37,-0.19946973824144024,True
A37I,-1.5196890525643405,37,True,neutral,tolerant,37,-0.5886605544563909,True
A37K,-1.29698252052019,37,True,neutral,tolerant,37,-0.5023938603501508,True
A37L,-0.625312463597981,37,True,neutral,tolerant,37,-0.2422184860178788,True
A37M,-1.5196890525643405,37,True,neutral,tolerant,37,-0.5886605544563909,True
A37N,-1.3541419030560702,37,True,neutral,tolerant,37,-0.5245348856863399,True
A37P,-0.734074578093604,37,True,neutral,tolerant,37,-0.2843481351818365,True
A37Q,-0.293798806465757,37,True,neutral,tolerant,37,-0.11380470762813245,True
A37R,-1.87126650931155,37,True,neutral,tolerant,37,-0.7248461644494048,True
A37S,-0.4970132924227539,37,True,neutral,tolerant,37,-0.19252104224616548,True
A37T,-0.4030315262019579,37,True,neutral,tolerant,37,-0.15611664851905968,True
A37V,-0.491827031314734,37,True,neutral,tolerant,37,-0.1905121132917514,True
A37W,-1.87126650931155,37,True,neutral,tolerant,37,-0.7248461644494048,True
A37Y,-1.6295030482369095,37,True,neutral,tolerant,37,-0.631197656023719,True
G38A,-0.0634544343456612,38,True,neutral,tolerant,38,-0.020998243616950022,True
G38C,-1.4018028008461498,38,True,neutral,tolerant,38,-0.46388242238114,True
G38D,0.0277412331684854,38,True,neutral,tolerant,38,0.009180086125002252,True
G38E,0.0191839252628449,38,True,neutral,tolerant,38,0.006348314981490703,True
G38F,-1.8872923970877296,38,True,neutral,tolerant,38,-0.624539891327161,True
G38G,0.0,38,True,neutral,tolerant,38,0.0,True
G38H,-0.422292460613113,38,True,neutral,tolerant,38,-0.1397443702240132,True
G38I,-1.47112682987953,38,True,neutral,tolerant,38,-0.486823023225862,True
G38K,-1.8872923970877296,38,True,neutral,tolerant,38,-0.624539891327161,True
G38L,-0.604035612386043,38,True,neutral,tolerant,38,-0.19988653390404057,True
G38M,-1.47112682987953,38,True,neutral,tolerant,38,-0.486823023225862,True
G38N,-1.30560241174578,38,True,neutral,tolerant,38,-0.43204793788521023,True
G38P,-0.41896862330934,38,True,neutral,tolerant,38,-0.13864445110618556,True
G38Q,-0.3660882800813301,38,True,neutral,tolerant,38,-0.12114536942497585,True
G38R,-1.8872923970877296,38,True,neutral,tolerant,38,-0.624539891327161,True
G38S,-0.54562215227734,38,True,neutral,tolerant,38,-0.18055644171237634,True
G38T,-0.441795120147952,38,True,neutral,tolerant,38,-0.14619816025955523,True
G38V,-0.48429175824162,38,True,neutral,tolerant,38,-0.1602610822411963,True
G38W,-1.8872923970877296,38,True,neutral,tolerant,38,-0.624539891327161,True
G38Y,-1.8872923970877296,38,True,neutral,tolerant,38,-0.624539891327161,True
G39A,-0.0377279507370531,39,True,neutral,tolerant,39,-0.015065552381756641,True
G39C,-0.4539378590977821,39,True,neutral,tolerant,39,-0.18126679187967676,True
G39D,-0.0371709455724391,39,True,neutral,tolerant,39,-0.014843128679422878,True
G39E,0.160880985939349,39,True,neutral,tolerant,39,0.06424311083818049,True
G39F,-1.51574640746164,39,True,neutral,tolerant,39,-0.605268943925059,True
G39G,0.0,39,True,neutral,tolerant,39,0.0,True
G39H,-0.26585526589339803,39,True,neutral,tolerant,39,-0.10616151569423077,True
G39I,-0.59258676871372,39,True,neutral,tolerant,39,-0.2366321740349523,True
G39K,-0.7517499024320892,39,True,neutral,tolerant,39,-0.3001893108906161,True
G39L,-1.34430908102916,39,True,neutral,tolerant,39,-0.5368104676203749,True
G39M,-1.34430908102916,39,True,neutral,tolerant,39,-0.5368104676203749,True
G39N,-0.222420722912108,39,True,neutral,tolerant,39,-0.088817202799451,True
G39P,-0.527605229171081,39,True,neutral,tolerant,39,-0.21068369899982808,True
G39Q,-0.0701286855678523,39,True,neutral,tolerant,39,-0.028003837082213715,True
G39R,-1.51574640746164,39,True,neutral,tolerant,39,-0.605268943925059,True
G39S,-1.22494370689655,39,True,neutral,tolerant,39,-0.4891454007023174,True
G39T,-0.21317646328975,39,True,neutral,tolerant,39,-0.08512577840850434,True
G39V,-0.316866092798409,39,True,neutral,tolerant,39,-0.1265311957261601,True
G39W,-1.51574640746164,39,True,neutral,tolerant,39,-0.605268943925059,True
G39Y,-0.697902733031156,39,True,neutral,tolerant,39,-0.2786870205363628,True
A40A,0.0,40,True,neutral,tolerant,40,0.0,True
A40C,-0.6119321857757121,40,True,neutral,tolerant,40,-0.20535282345772354,True
A40D,-0.471240109443218,40,True,neutral,tolerant,40,-0.1581392338074536,True
A40E,-0.102709786660308,40,True,neutral,tolerant,40,-0.03446745436456796,True
A40F,-1.84806676520444,40,True,neutral,tolerant,40,-0.6201761191757473,True
A40G,-0.9672934312227992,40,True,neutral,tolerant,40,-0.3246053105736069,True
A40H,-0.528818518488589,40,True,neutral,tolerant,40,-0.1774614547046633,True
A40I,-0.6806718029076969,40,True,neutral,tolerant,40,-0.2284205338831232,True
A40K,-2.03866345292393,40,True,neutral,tolerant,40,-0.6841367489230981,True
A40L,-0.7498430567728159,40,True,neutral,tolerant,40,-0.2516330934011471,True
A40M,-1.64411879294079,40,True,neutral,tolerant,40,-0.551735051821646,True
A40N,-1.5126436760484498,40,True,neutral,tolerant,40,-0.5076144987671413,True
A40P,-0.618586043072322,40,True,neutral,tolerant,40,-0.20758573163693875,True
A40Q,-0.5574795615357739,40,True,neutral,tolerant,40,-0.18707955659535222,True
A40R,-2.03866345292393,40,True,neutral,tolerant,40,-0.6841367489230981,True
A40S,-0.546168105307329,40,True,neutral,tolerant,40,-0.18328364664336122,True
A40T,-0.139944333291372,40,True,neutral,tolerant,40,-0.04696266128225047,True
A40V,-0.26473231641441697,40,True,neutral,tolerant,40,-0.08883913920509082,True
A40W,-1.84806676520444,40,True,neutral,tolerant,40,-0.6201761191757473,True
A40Y,-0.8864809033063321,40,True,neutral,tolerant,40,-0.2974861605041168,True
E41A,-0.366077140032528,41,True,neutral,tolerant,41,-0.09145799569747887,True
E41C,-0.898091795328212,41,True,neutral,tolerant,41,-0.2243725886455797,True
E41D,-0.5507348786084979,41,True,neutral,tolerant,41,-0.13759151460195512,True
E41E,0.0,41,True,neutral,tolerant,41,0.0,True
E41F,-2.39963252600544,41,True,neutral,tolerant,41,-0.5995063805935414,True
E41G,-0.726131747608573,41,True,neutral,tolerant,41,-0.18141136658433993,True
E41H,-1.58808263208163,41,True,neutral,tolerant,41,-0.3967547782941513,True
E41I,-2.07246369498483,41,True,neutral,tolerant,41,-0.5177689480481129,True
E41K,-0.946242968944753,41,True,neutral,tolerant,41,-0.23640232049132912,True
E41L,-1.02471898344149,41,True,neutral,tolerant,41,-0.2560081855162802,True
E41M,-1.09448224764693,41,True,neutral,tolerant,41,-0.2734373216731467,True
E41N,-1.58808263208163,41,True,neutral,tolerant,41,-0.3967547782941513,True
E41P,-1.13211118243968,41,True,neutral,tolerant,41,-0.2828382554655988,True
E41Q,-0.466801640504675,41,True,neutral,tolerant,41,-0.11662225733368424,True
E41R,-1.28120227193276,41,True,neutral,tolerant,41,-0.32008606673340695,True
E41S,-0.889866246339197,41,True,neutral,tolerant,41,-0.2223175785349241,True
E41T,-0.8548881486027621,41,True,neutral,tolerant,41,-0.2135789101985166,True
E41V,-1.08489293011754,41,True,neutral,tolerant,41,-0.2710415977520442,True
E41W,-2.39963252600544,41,True,neutral,tolerant,41,-0.5995063805935414,True
E41Y,-2.39963252600544,41,True,neutral,tolerant,41,-0.5995063805935414,True
P42A,-0.20364943792115,42,True,neutral,tolerant,42,-0.06241805805699742,True
P42C,-0.630281433396716,42,True,neutral,tolerant,42,-0.19317972837831252,True
P42D,-0.41370724209064,42,True,neutral,tolerant,42,-0.12680026480314696,True
P42E,-0.0808796270185026,42,True,neutral,tolerant,42,-0.024789409224020727,True
P42F,-1.62358625658861,42,True,neutral,tolerant,42,-0.4976252439426262,True
P42G,-0.382090369481721,42,True,neutral,tolerant,42,-0.11710977014610648,True
P42H,-1.2859281395604198,42,True,neutral,tolerant,42,-0.39413385124729106,True
P42I,-1.49036688176725,42,True,neutral,tolerant,42,-0.4567938291506241,True
P42K,-1.13919075911392,42,True,neutral,tolerant,42,-0.34915920056650895,True
P42L,-0.715378945046541,42,True,neutral,tolerant,42,-0.2192619089965638,True
P42M,-1.49036688176725,42,True,neutral,tolerant,42,-0.4567938291506241,True
P42N,-1.2859281395604198,42,True,neutral,tolerant,42,-0.39413385124729106,True
P42P,0.0,42,True,neutral,tolerant,42,0.0,True
P42Q,-0.293644434302245,42,True,neutral,tolerant,42,-0.0900013058493601,True
P42R,-1.00020873442977,42,True,neutral,tolerant,42,-0.3065615475890765,True
P42S,-0.5862453460814189,42,True,neutral,tolerant,42,-0.17968277458012202,True
P42T,-0.3896434827418821,42,True,neutral,tolerant,42,-0.11942478101378366,True
P42V,-0.644428607986769,42,True,neutral,tolerant,42,-0.1975158030265829,True
P42W,-1.62358625658861,42,True,neutral,tolerant,42,-0.4976252439426262,True
P42Y,-0.831304874424855,42,True,neutral,tolerant,42,-0.25479292476616594,True
E43A,-0.589606358855403,43,True,neutral,tolerant,43,-0.13417184309556904,True
E43C,-1.43248449878122,43,True,neutral,tolerant,43,-0.3259786508755145,True
E43D,-0.0284123896636792,43,True,neutral,tolerant,43,-0.00646557254797219,True
E43E,0.0,43,True,neutral,tolerant,43,0.0,True
E43F,-1.7342306053662,43,True,neutral,tolerant,43,-0.394644516939126,True
E43G,-0.669251394204573,43,True,neutral,tolerant,43,-0.15229600513302527,True
E43H,-0.435230558198557,43,True,neutral,tolerant,43,-0.09904181881344816,True
E43I,-0.8284290101788969,43,True,neutral,tolerant,43,-0.18851873881638337,True
E43K,-0.742573269987643,43,True,neutral,tolerant,43,-0.16898125803995923,True
E43L,-1.31054587941799,43,True,neutral,tolerant,43,-0.2982300876879421,True
E43M,-1.53481373329101,43,True,neutral,tolerant,43,-0.3492648685197586,True
E43N,-0.687201158969026,43,True,neutral,tolerant,43,-0.1563806846576048,True
E43P,-0.585241177897183,43,True,neutral,tolerant,43,-0.13317849496454304,True
E43Q,-0.299399567292764,43,True,neutral,tolerant,43,-0.06813188352254129,True
E43R,-0.6253536372693941,43,True,neutral,tolerant,43,-0.14230655561760935,True
E43S,-0.6907207052925071,43,True,neutral,tolerant,43,-0.1571815987081222,True
E43T,-0.5802914515099611,43,True,neutral,tolerant,43,-0.13205212666437482,True
E43V,-0.594291775143974,43,True,neutral,tolerant,43,-0.13523806453240694,True
E43W,-1.7342306053662,43,True,neutral,tolerant,43,-0.394644516939126,True
E43Y,-1.7342306053662,43,True,neutral,tolerant,43,-0.394644516939126,True
P44A,-0.180377094011513,44,True,neutral,tolerant,44,-0.035064539557753516,True
P44C,-1.5124839957781595,44,True,neutral,tolerant,44,-0.29402045304625724,True
P44D,-0.453120670378117,44,True,neutral,tolerant,44,-0.0880847302590159,True
P44E,-0.282515968439164,44,True,neutral,tolerant,44,-0.0549199021379057,True
P44F,-1.6765908283180402,44,True,neutral,tolerant,44,-0.32592212300511014,True
P44G,-0.5297296736764919,44,True,neutral,tolerant,44,-0.10297719452315623,True
P44H,-0.556160400627401,44,True,neutral,tolerant,44,-0.10811521537768436,True
P44I,-1.5906412871626,44,True,neutral,tolerant,44,-0.30921389792624654,True
P44K,-1.9456652240874897,44,True,neutral,tolerant,44,-0.37822904061092477,True
P44L,-0.683765702559275,44,True,neutral,tolerant,44,-0.13292114310309547,True
P44M,-0.79164856363627,44,True,neutral,tolerant,44,-0.15389311224678545,True
P44N,-1.4353509848993502,44,True,neutral,tolerant,44,-0.27902612393817205,True
P44P,0.0,44,True,neutral,tolerant,44,0.0,True
P44Q,-0.300468054230203,44,True,neutral,tolerant,44,-0.05840971122821012,True
P44R,-1.9456652240874897,44,True,neutral,tolerant,44,-0.37822904061092477,True
P44S,-0.7040829443913961,44,True,neutral,tolerant,44,-0.1368707284638696,True
P44T,-0.53379364519341,44,True,neutral,tolerant,44,-0.10376721329354102,True
P44V,-0.660335497284783,44,True,neutral,tolerant,44,-0.1283664108950177,True
P44W,-1.6765908283180402,44,True,neutral,tolerant,44,-0.32592212300511014,True
P44Y,-0.7593534185503209,44,True,neutral,tolerant,44,-0.14761507346034525,True
E45A,-0.7984539516352281,45,True,neutral,tolerant,45,-0.12435238361129693,True
E45C,-1.7732631544412,45,True,neutral,tolerant,45,-0.2761705913950938,True
E45D,-0.0817037699720208,45,True,neutral,tolerant,45,-0.012724664365731005,True
E45E,0.0,45,True,neutral,tolerant,45,0.0,True
E45F,-2.21405822001822,45,True,neutral,tolerant,45,-0.3448206581601738,True
E45G,-0.549379722461736,45,True,neutral,tolerant,45,-0.08556119968586487,True
E45H,-0.53542612184675,45,True,neutral,tolerant,45,-0.08338804556360149,True
E45I,-1.31697128908078,45,True,neutral,tolerant,45,-0.20510703041727155,True
E45K,-0.898969443206928,45,True,neutral,tolerant,45,-0.14000681295090198,True
E45L,-1.8599065520111904,45,True,neutral,tolerant,45,-0.2896645605713297,True
E45M,-1.8599065520111904,45,True,neutral,tolerant,45,-0.2896645605713297,True
E45N,-1.45492765325567,45,True,neutral,tolerant,45,-0.22659255589355223,True
E45P,-0.893031565303632,45,True,neutral,tolerant,45,-0.13908203918109913,True
E45Q,-0.466058182600943,45,True,neutral,tolerant,45,-0.07258458147684534,True
E45R,-1.00196264954831,45,True,neutral,tolerant,45,-0.1560471252044658,True
E45S,-0.8706448817339509,45,True,neutral,tolerant,45,-0.13559550441307597,True
E45T,-0.79038475592133,45,True,neutral,tolerant,45,-0.1230956752954394,True
E45V,-0.838809873642437,45,True,neutral,tolerant,45,-0.13063747379608523,True
E45W,-2.21405822001822,45,True,neutral,tolerant,45,-0.3448206581601738,True
E45Y,-2.21405822001822,45,True,neutral,tolerant,45,-0.3448206581601738,True
G46A,-0.0145677818865147,46,True,neutral,tolerant,46,-0.0055453034989437705,True
G46C,-0.466711291892139,46,True,neutral,tolerant,46,-0.17765613049999,True
G46D,-0.372297914807441,46,True,neutral,tolerant,46,-0.14171717737909512,True
G46E,-0.172905167427457,46,True,neutral,tolerant,46,-0.06581726973881326,True
G46F,-1.68059397855152,46,True,neutral,tolerant,46,-0.6397270183041721,True
G46G,0.0,46,True,neutral,tolerant,46,0.0,True
G46H,-0.156099709164836,46,True,neutral,tolerant,46,-0.05942018285001707,True
G46I,-0.608740311629686,46,True,neutral,tolerant,46,-0.23172023073416798,True
G46K,-0.7441379409134391,46,True,neutral,tolerant,46,-0.28326005699357387,True
G46L,-1.47977465328583,46,True,neutral,tolerant,46,-0.5632840762196113,True
G46M,-1.47977465328583,46,True,neutral,tolerant,46,-0.5632840762196113,True
G46N,-0.472996682227337,46,True,neutral,tolerant,46,-0.18004869769309612,True
G46P,-0.4025861294846311,46,True,neutral,tolerant,46,-0.15324654706176857,True
G46Q,-0.33006288604149103,46,True,neutral,tolerant,46,-0.1256401895014405,True
G46R,-1.68059397855152,46,True,neutral,tolerant,46,-0.6397270183041721,True
G46S,-0.6528613611947479,46,True,neutral,tolerant,46,-0.24851514243975123,True
G46T,-0.25286691750024604,46,True,neutral,tolerant,46,-0.09625513433031761,True
G46V,-0.543479715988219,46,True,neutral,tolerant,46,-0.20687843860871197,True
G46W,-1.68059397855152,46,True,neutral,tolerant,46,-0.6397270183041721,True
G46Y,-0.8165880864739141,46,True,neutral,tolerant,46,-0.31083858945687165,True
E47A,-0.995193547951054,47,True,neutral,tolerant,47,-0.23293110692259408,True
E47C,-2.35907359311458,47,True,neutral,tolerant,47,-0.5521555324463039,True
E47D,-0.322045313841567,47,True,neutral,tolerant,47,-0.07537666576194463,True
E47E,0.0,47,True,neutral,tolerant,47,0.0,True
E47F,-2.63539828155979,47,True,neutral,tolerant,47,-0.6168310075657922,True
E47G,-2.9583415298970097,47,True,neutral,tolerant,47,-0.6924178403615233,True
E47H,-0.7583677884690251,47,True,neutral,tolerant,47,-0.17750059652840278,True
E47I,-2.46116980177799,47,True,neutral,tolerant,47,-0.5760517714698892,True
E47K,-0.9086247567445972,47,True,neutral,tolerant,47,-0.21266915445898885,True
E47L,-1.17269424031465,47,True,neutral,tolerant,47,-0.27447622428886215,True
E47M,-1.29677080101204,47,True,neutral,tolerant,47,-0.3035170984845346,True
E47N,-1.93167834667449,47,True,neutral,tolerant,47,-0.4521210737706922,True
E47P,-1.30191011153123,47,True,neutral,tolerant,47,-0.30471998539082384,True
E47Q,-0.461195513873658,47,True,neutral,tolerant,47,-0.10794561698626412,True
E47R,-1.33764219480151,47,True,neutral,tolerant,47,-0.3130832969556271,True
E47S,-0.9993970737545572,47,True,neutral,tolerant,47,-0.23391496772073087,True
E47T,-0.5358717077565429,47,True,neutral,tolerant,47,-0.12542403466463328,True
E47V,-1.13936103786322,47,True,neutral,tolerant,47,-0.2666743853799664,True
E47W,-2.63539828155979,47,True,neutral,tolerant,47,-0.6168310075657922,True
E47Y,-1.45079721724613,47,True,neutral,tolerant,47,-0.3395679186517202,True
A48A,0.0,48,True,neutral,tolerant,48,0.0,True
A48C,-1.79293644566003,48,True,neutral,tolerant,48,-0.4676835881895306,True
A48D,-0.12448446920821303,48,True,neutral,tolerant,48,-0.032471504148455205,True
A48E,-0.161103086819068,48,True,neutral,tolerant,48,-0.042023391233041996,True
A48F,-1.64610745550894,48,True,neutral,tolerant,48,-0.4293835641533591,True
A48G,-0.593757698460844,48,True,neutral,tolerant,48,-0.15488040951116877,True
A48H,-0.7340705866630359,48,True,neutral,tolerant,48,-0.19148072246843048,True
A48I,-0.8996977991668209,48,True,neutral,tolerant,48,-0.23468422208666956,True
A48K,-1.28462776779475,48,True,neutral,tolerant,48,-0.3350923706104846,True
A48L,-0.8577316532984309,48,True,neutral,tolerant,48,-0.2237374438393298,True
A48M,-2.01881100773697,48,True,neutral,tolerant,48,-0.5266024784427732,True
A48N,-0.762429797782299,48,True,neutral,tolerant,48,-0.19887816126029959,True
A48P,-0.66110191198261,48,True,neutral,tolerant,48,-0.17244700173472466,True
A48Q,-0.389472655151475,48,True,neutral,tolerant,48,-0.1015930984636162,True
A48R,-1.05660477310745,48,True,neutral,tolerant,48,-0.275613066364527,True
A48S,-0.428070360069284,48,True,neutral,tolerant,48,-0.11166122618534163,True
A48T,-0.531578835184168,48,True,neutral,tolerant,48,-0.13866118771043345,True
A48V,-0.8077258008268492,48,True,neutral,tolerant,48,-0.2106935255392719,True
A48W,-2.30415225312146,48,True,neutral,tolerant,48,-0.6010331242266292,True
A48Y,-1.22910417713565,48,True,neutral,tolerant,48,-0.3206091622561275,True
E49A,-0.476619342117051,49,True,neutral,tolerant,49,-0.11757694987081348,True
E49C,-1.42497205735906,49,True,neutral,tolerant,49,-0.35152553274740944,True
E49D,-0.178729410510382,49,True,neutral,tolerant,49,-0.04409065491693447,True
E49E,0.0,49,True,neutral,tolerant,49,0.0,True
E49F,-2.71458390542367,49,True,neutral,tolerant,49,-0.6696591337447897,True
E49G,-1.4061154538861,49,True,neutral,tolerant,49,-0.3468738081417187,True
E49H,-0.693226908477424,49,True,neutral,tolerant,49,-0.17101174514888232,True
E49I,-2.35898507982758,49,True,neutral,tolerant,49,-0.5819366651065707,True
E49K,-1.3247117812525,49,True,neutral,tolerant,49,-0.32679238321668835,True
E49L,-1.11618968173191,49,True,neutral,tolerant,49,-0.27535218707738,True
E49M,-2.35898507982758,49,True,neutral,tolerant,49,-0.5819366651065707,True
E49N,-0.6159759836972379,49,True,neutral,tolerant,49,-0.15195475919021498,True
E49P,-1.21209689137272,49,True,neutral,tolerant,49,-0.2990114811591082,True
E49Q,-0.673176550464856,49,True,neutral,tolerant,49,-0.16606553392618167,True
E49R,-1.64283825470428,49,True,neutral,tolerant,49,-0.4052708189752452,True
E49S,-1.1156180820459298,49,True,neutral,tolerant,49,-0.2752111794814102,True
E49T,-0.842335345400751,49,True,neutral,tolerant,49,-0.207795219221875,True
E49V,-1.15171683384043,49,True,neutral,tolerant,49,-0.2841163596851513,True
E49W,-2.71458390542367,49,True,neutral,tolerant,49,-0.6696591337447897,True
E49Y,-1.69507963029973,49,True,neutral,tolerant,49,-0.41815821370892364,True
T50A,-0.0390254485661542,50,True,neutral,tolerant,50,-0.0068757707356801555,True
T50C,-1.6383649317781397,50,True,neutral,tolerant,50,-0.28865835156740827,True
T50D,-0.089844938902688,50,True,neutral,tolerant,50,-0.015829496504284533,True
T50E,-0.160558377635798,50,True,neutral,tolerant,50,-0.02828827431528724,True
T50F,-1.12563816559125,50,True,neutral,tolerant,50,-0.19832263925979313,True
T50G,-0.9563871365076908,50,True,neutral,tolerant,50,-0.168502834093844,True
T50H,-0.595644928065648,50,True,neutral,tolerant,50,-0.1049448018081728,True
T50I,-0.7425445856660681,50,True,neutral,tolerant,50,-0.13082658930635402,True
T50K,-1.15913413436675,50,True,neutral,tolerant,50,-0.2042241883856008,True
T50L,-0.8238014457962769,50,True,neutral,tolerant,50,-0.14514297928991707,True
T50M,-1.79446426343419,50,True,neutral,tolerant,50,-0.3161610006308902,True
T50N,-0.843683738391338,50,True,neutral,tolerant,50,-0.1486459777333972,True
T50P,-0.175329390642715,50,True,neutral,tolerant,50,-0.030890732523990397,True
T50Q,-0.4656868045556261,50,True,neutral,tolerant,50,-0.08204788978474305,True
T50R,-1.10233913045041,50,True,neutral,tolerant,50,-0.1942176557201572,True
T50S,-0.083616331963736,50,True,neutral,tolerant,50,-0.014732097886500473,True
T50T,0.0,50,True,neutral,tolerant,50,0.0,True
T50V,-0.326624425383028,50,True,neutral,tolerant,50,-0.057546927661830706,True
T50W,-2.08716645484104,50,True,neutral,tolerant,50,-0.3677312768452194,True
T50Y,-1.01904125028945,50,True,neutral,tolerant,50,-0.1795416648527097,True
E51A,-1.2917432996775802,51,True,neutral,tolerant,51,-0.19699078866160263,True
E51C,-2.54631326719727,51,True,neutral,tolerant,51,-0.3883126460264141,True
E51D,-0.112241371036763,51,True,neutral,tolerant,51,-0.01711680347520309,True
E51E,0.0,51,True,neutral,tolerant,51,0.0,True
E51F,-3.084740333956629,51,True,neutral,tolerant,51,-0.47042274680584406,True
E51G,-0.8125984105013401,51,True,neutral,tolerant,51,-0.12392121700168938,True
E51H,-0.759973502414843,51,True,neutral,tolerant,51,-0.11589592114779107,True
E51I,-1.2555848991284,51,True,neutral,tolerant,51,-0.19147663438443083,True
E51K,-1.03300818428314,51,True,neutral,tolerant,51,-0.1575336964911046,True
E51L,-1.3296625358588798,51,True,neutral,tolerant,51,-0.2027734702846962,True
E51M,-2.51253417546934,51,True,neutral,tolerant,51,-0.3831613362256058,True
E51N,-0.825706083084453,51,True,neutral,tolerant,51,-0.12592013641571692,True
E51P,-1.19547916563943,51,True,neutral,tolerant,51,-0.18231051303041906,True
E51Q,-0.436155404913875,51,True,neutral,tolerant,51,-0.06651367745778143,True
E51R,-2.6893404217876897,51,True,neutral,tolerant,51,-0.4101242799554031,True
E51S,-1.3572114571498,51,True,neutral,tolerant,51,-0.2069746794051378,True
E51T,-0.970333264728413,51,True,neutral,tolerant,51,-0.14797577439042883,True
E51V,-1.1297062956767,51,True,neutral,tolerant,51,-0.1722801536473054,True
E51W,-3.084740333956629,51,True,neutral,tolerant,51,-0.47042274680584406,True
E51Y,-3.084740333956629,51,True,neutral,tolerant,51,-0.47042274680584406,True
E52A,-0.8771318700008929,52,True,neutral,tolerant,52,-0.15694313704250165,True
E52C,-2.6419305356237204,52,True,neutral,tolerant,52,-0.47271440052536373,True
E52D,-0.13275456005391198,52,True,neutral,tolerant,52,-0.023753460367979692,True
E52E,0.0,52,True,neutral,tolerant,52,0.0,True
E52F,-3.30774835438886,52,True,neutral,tolerant,52,-0.5918476127021035,True
E52G,-1.56200265019398,52,True,neutral,tolerant,52,-0.2794854506767552,True
E52H,-0.772838625039362,52,True,neutral,tolerant,52,-0.13828219266638625,True
E52I,-1.56578942322596,52,True,neutral,tolerant,52,-0.2801630090453803,True
E52K,-1.52652703565303,52,True,neutral,tolerant,52,-0.2731378826257145,True
E52L,-2.72517352906923,52,True,neutral,tolerant,52,-0.48760887303852574,True
E52M,-2.72517352906923,52,True,neutral,tolerant,52,-0.48760887303852574,True
E52N,-2.1626044637992297,52,True,neutral,tolerant,52,-0.386949716842945,True
E52P,-1.02645844705366,52,True,neutral,tolerant,52,-0.18366178933187322,True
E52Q,-0.752703476262387,52,True,neutral,tolerant,52,-0.13467945797853056,True
E52R,-1.41662103085904,52,True,neutral,tolerant,52,-0.2534726603688154,True
E52S,-1.21514244265427,52,True,neutral,tolerant,52,-0.21742257170914928,True
E52T,-0.995656069882612,52,True,neutral,tolerant,52,-0.17815039262297733,True
E52V,-1.35165803593054,52,True,neutral,tolerant,52,-0.2418489848823181,True
E52W,-3.30774835438886,52,True,neutral,tolerant,52,-0.5918476127021035,True
E52Y,-3.30774835438886,52,True,neutral,tolerant,52,-0.5918476127021035,True
A53A,0.0,53,True,neutral,tolerant,53,0.0,True
A53C,-1.6067057060433,53,True,neutral,tolerant,53,-0.3286466541118261,True
A53D,-0.323962736301086,53,True,neutral,tolerant,53,-0.06626556994339475,True
A53E,-0.4789616449185901,53,True,neutral,tolerant,53,-0.09797011453829307,True
A53F,-2.1393499184931897,53,True,neutral,tolerant,53,-0.43759737084561434,True
A53G,-0.8523452295768441,53,True,neutral,tolerant,53,-0.17434456527725617,True
A53H,-0.582802003827959,53,True,neutral,tolerant,53,-0.1192103369318367,True
A53I,-0.622279564009031,53,True,neutral,tolerant,53,-0.12728534906206554,True
A53K,-0.699040835484533,53,True,neutral,tolerant,53,-0.14298662835727546,True
A53L,-1.75321320303324,53,True,neutral,tolerant,53,-0.35861430687296253,True
A53M,-1.75321320303324,53,True,neutral,tolerant,53,-0.35861430687296253,True
A53N,-0.6796897946582089,53,True,neutral,tolerant,53,-0.13902843315249577,True
A53P,-0.330489174029809,53,True,neutral,tolerant,53,-0.06760053247869068,True
A53Q,-0.40834737913304,53,True,neutral,tolerant,53,-0.08352618613516656,True
A53R,-1.02374305628895,53,True,neutral,tolerant,53,-0.20940345755547535,True
A53S,-0.104902446834666,53,True,neutral,tolerant,53,-0.021457469174773435,True
A53T,-0.0410026474024377,53,True,neutral,tolerant,53,-0.008386963977194559,True
A53V,-0.674771611394898,53,True,neutral,tolerant,53,-0.13802243406522277,True
A53W,-2.1393499184931897,53,True,neutral,tolerant,53,-0.43759737084561434,True
A53Y,-1.12833696422076,53,True,neutral,tolerant,53,-0.2307978160574569,True
N54A,-0.58514996089712,54,True,neutral,tolerant,54,-0.16375635261190685,True
N54C,-0.265411937322915,54,True,neutral,tolerant,54,-0.07427649953018138,True
N54D,-0.38052469790460497,54,True,neutral,tolerant,54,-0.10649122579119788,True
N54E,-0.222198053285217,54,True,neutral,tolerant,54,-0.062182936332538935,True
N54F,-0.913621373805402,54,True,neutral,tolerant,54,-0.2556802765794879,True
N54G,-0.657232750205464,54,True,neutral,tolerant,54,-0.18392898433374733,True
N54H,-0.0796241559333044,54,True,neutral,tolerant,54,-0.02228311070114236,True
N54I,-0.739143859934335,54,True,neutral,tolerant,54,-0.2068521074029667,True
N54K,-0.232159964191606,54,True,neutral,tolerant,54,-0.06497081346505036,True
N54L,-0.6595472899991851,54,True,neutral,tolerant,54,-0.18457671674410892,True
N54M,-0.690472626233698,54,True,neutral,tolerant,54,-0.19323128498042305,True
N54N,0.0,54,True,neutral,tolerant,54,0.0,True
N54P,-0.39791329285843297,54,True,neutral,tolerant,54,-0.11135748756504994,True
N54Q,-0.0851228436595292,54,True,neutral,tolerant,54,-0.023821938533956227,True
N54R,-0.26095367226302696,54,True,neutral,tolerant,54,-0.07302883777854242,True
N54S,-0.291648194818497,54,True,neutral,tolerant,54,-0.08161881196420492,True
N54T,-0.53631087357783,54,True,neutral,tolerant,54,-0.15008855574144359,True
N54V,-0.634409738727514,54,True,neutral,tolerant,54,-0.17754188125760806,True
N54W,-1.7191233362903402,54,True,neutral,tolerant,54,-0.48110294121751557,True
N54Y,-0.8799003236780609,54,True,neutral,tolerant,54,-0.24624331760467982,True
V55A,-0.0652584001115885,55,True,neutral,tolerant,55,-0.02460392062005674,True
V55C,-1.6441459717735498,55,True,neutral,tolerant,55,-0.6198809181366826,True
V55D,-0.442584329941812,55,True,neutral,tolerant,55,-0.16686449105324658,True
V55E,-0.321707305852354,55,True,neutral,tolerant,55,-0.12129106754914226,True
V55F,-0.946446132851568,55,True,neutral,tolerant,55,-0.3568320014591425,True
V55G,-0.628044899617973,55,True,neutral,tolerant,55,-0.23678739947055646,True
V55H,-0.572511010899333,55,True,neutral,tolerant,55,-0.2158498437318302,True
V55I,-0.5699896889067919,55,True,neutral,tolerant,55,-0.2148992472407117,True
V55K,-0.872689154312962,55,True,neutral,tolerant,55,-0.32902392093562327,True
V55L,-0.535097295677539,55,True,neutral,tolerant,55,-0.2017440109525347,True
V55M,-0.605204048193116,55,True,neutral,tolerant,55,-0.22817587215160987,True
V55N,-0.56114915777736,55,True,neutral,tolerant,55,-0.21156616328867256,True
V55P,-0.7776607609350191,55,True,neutral,tolerant,55,-0.29319602685111534,True
V55Q,-0.1525963118197,55,True,neutral,tolerant,55,-0.057532325899889956,True
V55R,-0.972937607398243,55,True,neutral,tolerant,55,-0.3668198978179271,True
V55S,-0.5950941640227271,55,True,neutral,tolerant,55,-0.2243642128528701,True
V55T,-0.12601926227705698,55,True,neutral,tolerant,55,-0.04751216579568315,True
V55V,0.0,55,True,neutral,tolerant,55,0.0,True
V55W,-1.89567866392682,55,True,neutral,tolerant,55,-0.7147145392568125,True
V55Y,-0.807328415169893,55,True,neutral,tolerant,55,-0.3043814161424551,True
E56A,-0.657364776034065,56,True,neutral,tolerant,56,-0.15798025475460514,True
E56C,-2.57190898380843,56,True,neutral,tolerant,56,-0.6180903682108123,True
E56D,-0.16247199843535,56,True,neutral,tolerant,56,-0.039045851921302686,True
E56E,0.0,56,True,neutral,tolerant,56,0.0,True
E56F,-3.05047561534721,56,True,neutral,tolerant,56,-0.7331012132148226,True
E56G,-0.8540234162933621,56,True,neutral,tolerant,56,-0.2052419627446421,True
E56H,-0.708856796725756,56,True,neutral,tolerant,56,-0.17035500138429252,True
E56I,-2.6435627777133,56,True,neutral,tolerant,56,-0.6353104643095403,True
E56K,-0.6947585612863791,56,True,neutral,tolerant,56,-0.16696686300587152,True
E56L,-1.44493822767601,56,True,neutral,tolerant,56,-0.34725272426384857,True
E56M,-2.6435627777133,56,True,neutral,tolerant,56,-0.6353104643095403,True
E56N,-2.0569185190667296,56,True,neutral,tolerant,56,-0.49432601730213166,True
E56P,-1.03213214174659,56,True,neutral,tolerant,56,-0.24804568884459496,True
E56Q,-0.606980771254928,56,True,neutral,tolerant,56,-0.1458717904730434,True
E56R,-1.24802595926424,56,True,neutral,tolerant,56,-0.29993006344883316,True
E56S,-1.18011342201182,56,True,neutral,tolerant,56,-0.2836090795334842,True
E56T,-1.22831403369283,56,True,neutral,tolerant,56,-0.29519282297443056,True
E56V,-1.32290886001521,56,True,neutral,tolerant,56,-0.3179261900572187,True
E56W,-3.05047561534721,56,True,neutral,tolerant,56,-0.7331012132148226,True
E56Y,-3.05047561534721,56,True,neutral,tolerant,56,-0.7331012132148226,True
E57A,-0.8050263395741071,57,True,neutral,tolerant,57,-0.2180730146936139,True
E57C,-2.35011129485105,57,True,neutral,tolerant,57,-0.6366199833968327,True
E57D,-0.0823510917582981,57,True,neutral,tolerant,57,-0.022308028893245062,True
E57E,0.0,57,True,neutral,tolerant,57,0.0,True
E57F,-3.0056252643388506,57,True,neutral,tolerant,57,-0.8141916981007377,True
E57G,-0.634630389199359,57,True,neutral,tolerant,57,-0.1719145764374653,True
E57H,-0.6777681131201311,57,True,neutral,tolerant,57,-0.18360012390340336,True
E57I,-2.45008012840244,57,True,neutral,tolerant,57,-0.6637004698806527,True
E57K,-1.4048353691919395,57,True,neutral,tolerant,57,-0.38055485770810676,True
E57L,-1.29953564112097,57,True,neutral,tolerant,57,-0.35203028898529637,True
E57M,-2.45008012840244,57,True,neutral,tolerant,57,-0.6637004698806527,True
E57N,-1.8351936059882,57,True,neutral,tolerant,57,-0.4971342955263016,True
E57P,-1.35732747000965,57,True,neutral,tolerant,57,-0.36768547656223877,True
E57Q,-0.5786264010651689,57,True,neutral,tolerant,57,-0.15674369577566064,True
E57R,-1.32221865827974,57,True,neutral,tolerant,57,-0.3581748754304764,True
E57S,-1.05196356615582,57,True,neutral,tolerant,57,-0.28496566502508414,True
E57T,-1.00754744603303,57,True,neutral,tolerant,57,-0.2729338137178402,True
E57V,-1.20727322432048,57,True,neutral,tolerant,57,-0.3270373882744378,True
E57W,-3.0056252643388506,57,True,neutral,tolerant,57,-0.8141916981007377,True
E57Y,-3.0056252643388506,57,True,neutral,tolerant,57,-0.8141916981007377,True
V58A,-0.214854564855702,58,True,neutral,tolerant,58,-0.05162720722475855,True
V58C,-0.7939881545476121,58,True,neutral,tolerant,58,-0.19078668873692922,True
V58D,-0.0260051873246281,58,True,neutral,tolerant,58,-0.006248762719232535,True
V58E,-0.315161424438357,58,True,neutral,tolerant,58,-0.07572985093268467,True
V58F,-2.17473450278108,58,True,neutral,tolerant,58,-0.5225649681183928,True
V58G,-0.472522340029397,58,True,neutral,tolerant,58,-0.11354196166792818,True
V58H,-0.540325697024013,58,True,neutral,tolerant,58,-0.12983436841500512,True
V58I,-0.5455117572808421,58,True,neutral,tolerant,58,-0.13108052209919246,True
V58K,-0.6938336400344061,58,True,neutral,tolerant,58,-0.1667206518866484,True
V58L,-0.5564269918674499,58,True,neutral,tolerant,58,-0.1337033338522875,True
V58M,-0.6535353868594389,58,True,neutral,tolerant,58,-0.15703742142395338,True
V58N,-0.7532579966442271,58,True,neutral,tolerant,58,-0.18099967628137614,True
V58P,-0.451531444065423,58,True,neutral,tolerant,58,-0.10849807844164784,True
V58Q,-0.4656904418300779,58,True,neutral,tolerant,58,-0.1119003310872068,True
V58R,-1.11482297575858,58,True,neutral,tolerant,58,-0.2678797950002352,True
V58S,-0.780208504807948,58,True,neutral,tolerant,58,-0.1874755892819467,True
V58T,-0.710958361826991,58,True,neutral,tolerant,58,-0.17083553565114226,True
V58V,0.0,58,True,neutral,tolerant,58,0.0,True
V58W,-2.17473450278108,58,True,neutral,tolerant,58,-0.5225649681183928,True
V58Y,-1.13842256412319,58,True,neutral,tolerant,58,-0.2735505185417015,True
G59A,-0.4463211694776541,59,True,neutral,tolerant,59,-0.1115236548721508,True
G59C,-1.77928957973649,59,True,neutral,tolerant,59,-0.44459660571417614,True
G59D,-0.37027029026826896,59,True,neutral,tolerant,59,-0.09252058581406138,True
G59E,0.0388565493833287,59,True,neutral,tolerant,59,0.009709206507100252,True
G59F,-0.962420099719851,59,True,neutral,tolerant,59,-0.2404828952406467,True
G59G,0.0,59,True,neutral,tolerant,59,0.0,True
G59H,-0.504216597634675,59,True,neutral,tolerant,59,-0.12599016506707506,True
G59I,-1.97475371186905,59,True,neutral,tolerant,59,-0.4934378346376173,True
G59K,-0.941591197483249,59,True,neutral,tolerant,59,-0.23527831283842915,True
G59L,-0.8748084637309979,59,True,neutral,tolerant,59,-0.21859110403065224,True
G59M,-0.88369134603567,59,True,neutral,tolerant,59,-0.22081069738217438,True
G59N,-0.892171607019846,59,True,neutral,tolerant,59,-0.22292968649562347,True
G59P,-0.767703925622731,59,True,neutral,tolerant,59,-0.19182856091129544,True
G59Q,-0.46266826139614,59,True,neutral,tolerant,59,-0.11560835342994982,True
G59R,-0.9154809325629152,59,True,neutral,tolerant,59,-0.22875405996240344,True
G59S,-0.32766525128889,59,True,neutral,tolerant,59,-0.08187473258574238,True
G59T,-0.601739149810346,59,True,neutral,tolerant,59,-0.15035842764314672,True
G59V,-0.818825756163725,59,True,neutral,tolerant,59,-0.20460253126174693,True
G59W,-2.03575188273284,59,True,neutral,tolerant,59,-0.5086796367757667,True
G59Y,-0.940737697578622,59,True,neutral,tolerant,59,-0.2350650461701498,True
P60A,-0.6888074915137861,60,True,neutral,tolerant,60,-0.2303520132435823,True
P60C,-1.89973624679023,60,True,neutral,tolerant,60,-0.635312586566399,True
P60D,-0.525683787263149,60,True,neutral,tolerant,60,-0.17579994442199504,True
P60E,-0.0439428866077367,60,True,neutral,tolerant,60,-0.014695444696138309,True
P60F,-2.05525580237409,60,True,neutral,tolerant,60,-0.6873216648195388,True
P60G,-0.735493503634187,60,True,neutral,tolerant,60,-0.2459648180036092,True
P60H,-0.553097302444443,60,True,neutral,tolerant,60,-0.18496761244229587,True
P60I,-0.927504906566467,60,True,neutral,tolerant,60,-0.31017755345741654,True
P60K,-1.30350566322972,60,True,neutral,tolerant,60,-0.4359202788858857,True
P60L,-0.38426720963639,60,True,neutral,tolerant,60,-0.12850720477604521,True
P60M,-1.93941579297746,60,True,neutral,tolerant,60,-0.6485822786958105,True
P60N,-0.917778839490065,60,True,neutral,tolerant,60,-0.3069249478170981,True
P60P,0.0,60,True,neutral,tolerant,60,0.0,True
P60Q,-0.0469701968224912,60,True,neutral,tolerant,60,-0.01570784222559753,True
P60R,-0.74723071106563,60,True,neutral,tolerant,60,-0.24988999215603974,True
P60S,-0.8712054639187321,60,True,neutral,tolerant,60,-0.29134981113728564,True
P60T,-0.85841915250026,60,True,neutral,tolerant,60,-0.2870737940882674,True
P60V,-0.8707357850240379,60,True,neutral,tolerant,60,-0.2911927404313137,True
P60W,-2.05525580237409,60,True,neutral,tolerant,60,-0.6873216648195388,True
P60Y,-0.976187920919582,60,True,neutral,tolerant,60,-0.3264581986379166,True
D61A,-1.1208058149056002,61,True,neutral,tolerant,61,-0.31426811714051334,True
D61C,-2.48375852756338,61,True,neutral,tolerant,61,-0.6964329641301695,True
D61D,0.0,61,True,neutral,tolerant,61,0.0,True
D61E,-0.0823204983867045,61,True,neutral,tolerant,61,-0.023082239301405877,True
D61F,-2.81173031086634,61,True,neutral,tolerant,61,-0.7883945452025507,True
D61G,-0.93457804691916,61,True,neutral,tolerant,61,-0.2620508202403289,True
D61H,-0.688344800264633,61,True,neutral,tolerant,61,-0.193008299426827,True
D61I,-2.66772290341761,61,True,neutral,tolerant,61,-0.7480156176565593,True
D61K,-1.513179265442,61,True,neutral,tolerant,61,-0.42428759051948267,True
D61L,-1.44106154324422,61,True,neutral,tolerant,61,-0.40406615655996325,True
D61M,-2.66772290341761,61,True,neutral,tolerant,61,-0.7480156176565593,True
D61N,-0.7517651541288699,61,True,neutral,tolerant,61,-0.21079103657204562,True
D61P,-1.18775505040561,61,True,neutral,tolerant,61,-0.3330403343299441,True
D61Q,-0.641970450612038,61,True,neutral,tolerant,61,-0.18000517314472045,True
D61R,-1.4733348568800402,61,True,neutral,tolerant,61,-0.41311542573338267,True
D61S,-1.12696833406103,61,True,neutral,tolerant,61,-0.31599605543817677,True
D61T,-1.1619903980628798,61,True,neutral,tolerant,61,-0.3258160599080527,True
D61V,-1.29798356724032,61,True,neutral,tolerant,61,-0.3639478367537724,True
D61W,-2.81173031086634,61,True,neutral,tolerant,61,-0.7883945452025507,True
D61Y,-1.5871627285840202,61,True,neutral,tolerant,61,-0.44503216852930993,True
E62A,-0.564544932282529,62,True,neutral,tolerant,62,-0.18136538754212714,True
E62C,-2.34379135154261,62,True,neutral,tolerant,62,-0.7529650918514967,True
E62D,-0.38105379398243,62,True,neutral,tolerant,62,-0.12241712761568976,True
E62E,0.0,62,True,neutral,tolerant,62,0.0,True
E62F,-2.82212990393637,62,True,neutral,tolerant,62,-0.9066358662581969,True
E62G,-0.666071966096496,62,True,neutral,tolerant,62,-0.21398190534386283,True
E62H,-0.5806623748640679,62,True,neutral,tolerant,62,-0.1865432680841951,True
E62I,-1.3741691292443898,62,True,neutral,tolerant,62,-0.441464801864716,True
E62K,-1.41165232845297,62,True,neutral,tolerant,62,-0.453506633368361,True
E62L,-2.57655881415242,62,True,neutral,tolerant,62,-0.8277438360211434,True
E62M,-1.48800446626269,62,True,neutral,tolerant,62,-0.4780354782338032,True
E62N,-1.07889743160754,62,True,neutral,tolerant,62,-0.3466059822919123,True
E62P,-0.968587592346475,62,True,neutral,tolerant,62,-0.31116790535018096,True
E62Q,-0.4121541498622271,62,True,neutral,tolerant,62,-0.13240841046014304,True
E62R,-1.34109658659693,62,True,neutral,tolerant,62,-0.43083993540810195,True
E62S,-1.10078036520717,62,True,neutral,tolerant,62,-0.35363608123693185,True
E62T,-0.977069084139815,62,True,neutral,tolerant,62,-0.31389266463517734,True
E62V,-1.24157697821056,62,True,neutral,tolerant,62,-0.3988683219706053,True
E62W,-2.82212990393637,62,True,neutral,tolerant,62,-0.9066358662581969,True
E62Y,-1.55419320548188,62,True,neutral,tolerant,62,-0.4992992353821989,True
E63A,-0.9729827534783092,63,True,neutral,tolerant,63,-0.2793659752634317,True
E63C,-2.65787157775103,63,True,neutral,tolerant,63,-0.7631367388465488,True
E63D,-0.131374243675355,63,True,neutral,tolerant,63,-0.037720600470725056,True
E63E,0.0,63,True,neutral,tolerant,63,0.0,True
E63F,-2.91884772840848,63,True,neutral,tolerant,63,-0.8380690607076271,True
E63G,-1.04720144748041,63,True,neutral,tolerant,63,-0.30067588826913777,True
E63H,-0.7399289679144879,63,True,neutral,tolerant,63,-0.21245081375607713,True
E63I,-1.18729511809281,63,True,neutral,tolerant,63,-0.34090003898399374,True
E63K,-1.49497582361469,63,True,neutral,tolerant,63,-0.4292423246623153,True
E63L,-1.59935957492398,63,True,neutral,tolerant,63,-0.4592133271101253,True
E63M,-2.5726391977687704,63,True,neutral,tolerant,63,-0.7386645404723787,True
E63N,-1.61512833360997,63,True,neutral,tolerant,63,-0.4637409044317757,True
E63P,-1.17392902283155,63,True,neutral,tolerant,63,-0.3370623222055852,True
E63Q,-0.3614482987425561,63,True,neutral,tolerant,63,-0.10378021205878801,True
E63R,-1.5598013485613,63,True,neutral,tolerant,63,-0.44785524039379376,True
E63S,-1.31400993887061,63,True,neutral,tolerant,63,-0.3772828107858273,True
E63T,-1.2524533670458795,63,True,neutral,tolerant,63,-0.35960848751523233,True
E63V,-1.19809816186527,63,True,neutral,tolerant,63,-0.3440018440761372,True
E63W,-2.91884772840848,63,True,neutral,tolerant,63,-0.8380690607076271,True
E63Y,-1.5682385146756297,63,True,neutral,tolerant,63,-0.45027774699174017,True
A64A,0.0,64,True,neutral,tolerant,64,0.0,True
A64C,-1.67514550285245,64,True,neutral,tolerant,64,-0.3955047474712025,True
A64D,-0.107689174175826,64,True,neutral,tolerant,64,-0.025425600083853705,True
A64E,-0.334735174367375,64,True,neutral,tolerant,64,-0.0790315530098514,True
A64F,-1.95571397582688,64,True,neutral,tolerant,64,-0.4617474486951731,True
A64G,-0.319372513318455,64,True,neutral,tolerant,64,-0.07540440219322532,True
A64H,-0.603740433098245,64,True,neutral,tolerant,64,-0.14254415937246986,True
A64I,-0.732916876646012,64,True,neutral,tolerant,64,-0.17304294087986216,True
A64K,-1.0538720232029202,64,True,neutral,tolerant,64,-0.2488210055150951,True
A64L,-0.7747213010776031,64,True,neutral,tolerant,64,-0.18291303771613185,True
A64M,-1.39789878454088,64,True,neutral,tolerant,64,-0.33004631826232467,True
A64N,-0.678191696246146,64,True,neutral,tolerant,64,-0.16012223123553015,True
A64P,-0.537693363963634,64,True,neutral,tolerant,64,-0.12695033223636928,True
A64Q,-0.5274510102015121,64,True,neutral,tolerant,64,-0.1245320948168133,True
A64R,-1.16415629745585,64,True,neutral,tolerant,64,-0.27485931321086055,True
A64S,-0.074407953790392,64,True,neutral,tolerant,64,-0.01756784644892428,True
A64T,-0.354303190044863,64,True,neutral,tolerant,64,-0.08365159532012176,True
A64V,-0.210268887735742,64,True,neutral,tolerant,64,-0.04964484768837443,True
A64W,-1.95571397582688,64,True,neutral,tolerant,64,-0.4617474486951731,True
A64Y,-0.8701289718222579,64,True,neutral,tolerant,64,-0.20543895362040782,True
K65A,-0.616766031670629,65,True,neutral,tolerant,65,-0.15245554014833734,True
K65C,-1.9046022147001695,65,True,neutral,tolerant,65,-0.4707898043984666,True
K65D,-0.379999255045668,65,True,neutral,tolerant,65,-0.09393025670857798,True
K65E,-0.15183560880612398,65,True,neutral,tolerant,65,-0.03753154124196496,True
K65F,-2.15255535616164,65,True,neutral,tolerant,65,-0.5320801935766646,True
K65G,-0.6009388365827679,65,True,neutral,tolerant,65,-0.1485432890640533,True
K65H,-0.488651593805896,65,True,neutral,tolerant,65,-0.12078752533798377,True
K65I,-2.11012008547592,65,True,neutral,tolerant,65,-0.5215908154632031,True
K65K,0.0,65,True,neutral,tolerant,65,0.0,True
K65L,-0.8628351171231151,65,True,neutral,tolerant,65,-0.21328021824361224,True
K65M,-1.17545036973156,65,True,neutral,tolerant,65,-0.29055413533326346,True
K65N,-0.517661207125703,65,True,neutral,tolerant,65,-0.12795827735911228,True
K65P,-0.6958993231167281,65,True,neutral,tolerant,65,-0.1720161321259019,True
K65Q,-0.45294634818464,65,True,neutral,tolerant,65,-0.11196171096462573,True
K65R,-0.045335616293958,65,True,neutral,tolerant,65,-0.011206301117672707,True
K65S,-0.6613663260463609,65,True,neutral,tolerant,65,-0.16348008044509968,True
K65T,-0.6814885981554321,65,True,neutral,tolerant,65,-0.16845401173488014,True
K65V,-0.8326152385858829,65,True,neutral,tolerant,65,-0.20581030636611888,True
K65W,-2.15255535616164,65,True,neutral,tolerant,65,-0.5320801935766646,True
K65Y,-0.924109150838042,65,True,neutral,tolerant,65,-0.2284262629792038,True
D66A,-0.8205723199101949,66,True,neutral,tolerant,66,-0.17553041688952786,True
D66C,-2.52981128834602,66,True,neutral,tolerant,66,-0.5411574572047583,True
D66D,0.0,66,True,neutral,tolerant,66,0.0,True
D66E,-0.0880101585507453,66,True,neutral,tolerant,66,-0.018826445209139495,True
D66F,-2.88998714868555,66,True,neutral,tolerant,66,-0.6182034620296117,True
D66G,-1.2719561235306205,66,True,neutral,tolerant,66,-0.2720869120383593,True
D66H,-0.7977420874619101,66,True,neutral,tolerant,66,-0.17064675201064086,True
D66I,-1.24010585886844,66,True,neutral,tolerant,66,-0.2652737523709625,True
D66K,-1.47401202697024,66,True,neutral,tolerant,66,-0.3153091315858431,True
D66L,-1.4373405511572,66,True,neutral,tolerant,66,-0.30746465611277135,True
D66M,-2.62420099861113,66,True,neutral,tolerant,66,-0.5613485662525626,True
D66N,-0.8003713254691089,66,True,neutral,tolerant,66,-0.17120917805440006,True
D66P,-1.04949317590676,66,True,neutral,tolerant,66,-0.22449937710522502,True
D66Q,-0.7617427300115011,66,True,neutral,tolerant,66,-0.16294605084426836,True
D66R,-1.16399973223414,66,True,neutral,tolerant,66,-0.24899372462468428,True
D66S,-1.10922449464478,66,True,neutral,tolerant,66,-0.23727663393566914,True
D66T,-1.08555973694311,66,True,neutral,tolerant,66,-0.23221445393742304,True
D66V,-1.1554247726811495,66,True,neutral,tolerant,66,-0.2471594363010031,True
D66W,-2.88998714868555,66,True,neutral,tolerant,66,-0.6182034620296117,True
D66Y,-1.47686374777755,66,True,neutral,tolerant,66,-0.3159191494112244,True
A67A,0.0,67,True,neutral,tolerant,67,0.0,True
A67C,-1.92050450229748,67,True,neutral,tolerant,67,-0.6516054334949143,True
A67D,-0.7054455193815501,67,True,neutral,tolerant,67,-0.23934967760489953,True
A67E,-0.6452524617348371,67,True,neutral,tolerant,67,-0.21892685465689304,True
A67F,-2.53771033142845,67,True,neutral,tolerant,67,-0.8610163832559569,True
A67G,-0.6373028806076529,67,True,neutral,tolerant,67,-0.216229651786353,True
A67H,-0.7522168612179799,67,True,neutral,tolerant,67,-0.25521866434041984,True
A67I,-0.8706149736050749,67,True,neutral,tolerant,67,-0.2953898033586727,True
A67K,-1.15810930723619,67,True,neutral,tolerant,67,-0.39293337572152315,True
A67L,-0.7263564305446769,67,True,neutral,tolerant,67,-0.2464445130072236,True
A67M,-0.8617879145675659,67,True,neutral,tolerant,67,-0.29239488216804776,True
A67N,-0.7380431966235029,67,True,neutral,tolerant,67,-0.2504097004190923,True
A67P,-0.566028313191435,67,True,neutral,tolerant,67,-0.19204699803946096,True
A67Q,-0.366658958970992,67,True,neutral,tolerant,67,-0.12440323343125376,True
A67R,-0.889626391816458,67,True,neutral,tolerant,67,-0.3018401623087099,True
A67S,-0.3283879495598189,67,True,neutral,tolerant,67,-0.11141831324605098,True
A67T,-0.107914315922501,67,True,neutral,tolerant,67,-0.03661410557635674,True
A67V,-0.28815877135663504,67,True,neutral,tolerant,67,-0.0977690085602922,True
A67W,-2.53771033142845,67,True,neutral,tolerant,67,-0.8610163832559569,True
A67Y,-1.2735712381563402,67,True,neutral,tolerant,67,-0.43210830161176744,True
E68A,-1.42104005273433,68,True,neutral,tolerant,68,-0.34780901423989685,True
E68C,-3.17347497384981,68,True,neutral,tolerant,68,-0.7767291289544238,True
E68D,-0.429859471693083,68,True,neutral,tolerant,68,-0.10521096771591519,True
E68E,0.0,68,True,neutral,tolerant,68,0.0,True
E68F,-3.5299976602122096,68,True,neutral,tolerant,68,-0.8639904301818346,True
E68G,-1.1644275259337098,68,True,neutral,tolerant,68,-0.28500138977048367,True
E68H,-0.8886717928463431,68,True,neutral,tolerant,68,-0.21750833810626857,True
E68I,-1.72103008314436,68,True,neutral,tolerant,68,-0.4212335715266124,True
E68K,-1.7918121698283702,68,True,neutral,tolerant,68,-0.4385579585120728,True
E68L,-1.4420336685361002,68,True,neutral,tolerant,68,-0.3529473414835905,True
E68M,-3.24624519476546,68,True,neutral,tolerant,68,-0.7945401250301436,True
E68N,-0.8762829577957271,68,True,neutral,tolerant,68,-0.2144760882423437,True
E68P,-1.10153896756991,68,True,neutral,tolerant,68,-0.2696089963967758,True
E68Q,-0.525418217075212,68,True,neutral,tolerant,68,-0.12859960688157931,True
E68R,-1.77212260116795,68,True,neutral,tolerant,68,-0.4337388054886148,True
E68S,-1.21070468509325,68,True,neutral,tolerant,68,-0.2963280325896862,True
E68T,-1.5127014352528605,68,True,neutral,tolerant,68,-0.37024374789592024,True
E68V,-1.58436426298356,68,True,neutral,tolerant,68,-0.3877837021165617,True
E68W,-3.5299976602122096,68,True,neutral,tolerant,68,-0.8639904301818346,True
E68Y,-1.96985492646062,68,True,neutral,tolerant,68,-0.482135108612566,True
E69A,-1.2332307157533,69,True,neutral,tolerant,69,-0.2534089900298945,True
E69C,-2.64487865700228,69,True,neutral,tolerant,69,-0.5434798376824146,True
E69D,-0.0500821044969458,69,True,neutral,tolerant,69,-0.010291063429595503,True
E69E,0.0,69,True,neutral,tolerant,69,0.0,True
E69F,-1.7697262554463402,69,True,neutral,tolerant,69,-0.36365015669278594,True
E69G,-1.18707164784858,69,True,neutral,tolerant,69,-0.2439240472458418,True
E69H,-0.729952351409408,69,True,neutral,tolerant,69,-0.14999341629892396,True
E69I,-1.6037386909676798,69,True,neutral,tolerant,69,-0.3295423936158941,True
E69K,-1.28075305133252,69,True,neutral,tolerant,69,-0.26317406229833523,True
E69L,-2.7608231430004704,69,True,neutral,tolerant,69,-0.5673045565456563,True
E69M,-2.7608231430004704,69,True,neutral,tolerant,69,-0.5673045565456563,True
E69N,-0.724673495213811,69,True,neutral,tolerant,69,-0.14890869662729125,True
E69P,-1.26172189376961,69,True,neutral,tolerant,69,-0.2592634668553966,True
E69Q,-0.385944861803456,69,True,neutral,tolerant,69,-0.07930543440697567,True
E69R,-1.32739769541247,69,True,neutral,tolerant,69,-0.27275878314222357,True
E69S,-0.902508197051074,69,True,neutral,tolerant,69,-0.18545085504841122,True
E69T,-1.32507480014174,69,True,neutral,tolerant,69,-0.2722814656889834,True
E69V,-1.4881603653524098,69,True,neutral,tolerant,69,-0.3057929147962546,True
E69W,-1.79993356386272,69,True,neutral,tolerant,69,-0.3698572705925079,True
E69Y,-1.662494160838,69,True,neutral,tolerant,69,-0.34161569351702,True
G70A,-1.00053021755029,70,True,neutral,tolerant,70,-0.3059092851512212,True
G70C,-2.65354063795968,70,True,neutral,tolerant,70,-0.8113125475264922,True
G70D,-0.8724650175433271,70,True,neutral,tolerant,70,-0.2667537123362412,True
G70E,-0.4083123220131479,70,True,neutral,tolerant,70,-0.12484033800728171,True
G70F,-3.24118873022099,70,True,neutral,tolerant,70,-0.9909842902393509,True
G70G,0.0,70,True,neutral,tolerant,70,0.0,True
G70H,-0.7829622050732622,70,True,neutral,tolerant,70,-0.23938848048069739,True
G70I,-1.82134442417374,70,True,neutral,tolerant,70,-0.5568709080844391,True
G70K,-1.46276560701779,70,True,neutral,tolerant,70,-0.44723644857244177,True
G70L,-1.8161066844238505,70,True,neutral,tolerant,70,-0.5552694839649159,True
G70M,-2.87301431292602,70,True,neutral,tolerant,70,-0.8784160031151185,True
G70N,-0.8124145439201371,70,True,neutral,tolerant,70,-0.24839344981059788,True
G70P,-1.22762231933969,70,True,neutral,tolerant,70,-0.37534205320091973,True
G70Q,-0.800831678703,70,True,neutral,tolerant,70,-0.24485202151945357,True
G70R,-1.23535095792562,70,True,neutral,tolerant,70,-0.3777050625968805,True
G70S,-1.01693194812114,70,True,neutral,tolerant,70,-0.31092406789956883,True
G70T,-1.1103540662218998,70,True,neutral,tolerant,70,-0.3394876163703874,True
G70V,-1.19388570788608,70,True,neutral,tolerant,70,-0.36502717963471526,True
G70W,-3.24118873022099,70,True,neutral,tolerant,70,-0.9909842902393509,True
G70Y,-1.67029596811044,70,True,neutral,tolerant,70,-0.510688269712303,True
P71A,-0.726541154340978,71,True,neutral,tolerant,71,-0.1577910673713466,True
P71C,-2.5785209960871,71,True,neutral,tolerant,71,-0.5600062402260857,True
P71D,-0.643291562477265,71,True,neutral,tolerant,71,-0.1397108225291676,True
P71E,-0.3431017301807561,71,True,neutral,tolerant,71,-0.07451523963743589,True
P71F,-2.99973267476977,71,True,neutral,tolerant,71,-0.6514854908803753,True
P71G,-1.19738112345115,71,True,neutral,tolerant,71,-0.26004864884913076,True
P71H,-0.709468339290527,71,True,neutral,tolerant,71,-0.15408317320217482,True
P71I,-1.20751846223178,71,True,neutral,tolerant,71,-0.2622502880776084,True
P71K,-1.25474051846228,71,True,neutral,tolerant,71,-0.2725060301117112,True
P71L,-0.993986045227323,71,True,neutral,tolerant,71,-0.21587506515155266,True
P71M,-1.10814907119863,71,True,neutral,tolerant,71,-0.24066912618267913,True
P71N,-0.683710242615987,71,True,neutral,tolerant,71,-0.14848899929551335,True
P71P,0.0,71,True,neutral,tolerant,71,0.0,True
P71Q,-0.012457156630455,71,True,neutral,tolerant,71,-0.0027054600133622157,True
P71R,-1.43458847596385,71,True,neutral,tolerant,71,-0.31156562227544826,True
P71S,-0.845787676867001,71,True,neutral,tolerant,71,-0.18368916819781653,True
P71T,-0.983217074643456,71,True,neutral,tolerant,71,-0.21353624738085067,True
P71V,-0.949379076986324,71,True,neutral,tolerant,71,-0.20618727102056297,True
P71W,-2.99973267476977,71,True,neutral,tolerant,71,-0.6514854908803753,True
P71Y,-1.55274094787163,71,True,neutral,tolerant,71,-0.33722611589442636,True
V72A,-0.498852673251917,72,True,neutral,tolerant,72,-0.12627845207816804,True
V72C,-1.0599488044765502,72,True,neutral,tolerant,72,-0.2683130741564873,True
V72D,-0.777209076197421,72,True,neutral,tolerant,72,-0.19674097052247505,True
V72E,-0.4779746787360471,72,True,neutral,tolerant,72,-0.12099344315404195,True
V72F,-1.1808340381983202,72,True,neutral,tolerant,72,-0.29891369235901594,True
V72G,-0.6487719386570749,72,True,neutral,tolerant,72,-0.16422868024603252,True
V72H,-0.7544133240119709,72,True,neutral,tolerant,72,-0.19097050470303567,True
V72I,-0.7959843352544419,72,True,neutral,tolerant,72,-0.20149369768665307,True
V72K,-1.1453414054911102,72,True,neutral,tolerant,72,-0.2899291665485627,True
V72L,-0.550531661442662,72,True,neutral,tolerant,72,-0.1393603557816241,True
V72M,-0.095577230983086,72,True,neutral,tolerant,72,-0.024194206886341954,True
V72N,-0.8202522636609828,72,True,neutral,tolerant,72,-0.20763682690824237,True
V72P,-1.23984256557894,72,True,neutral,tolerant,72,-0.3138509792506789,True
V72Q,-0.6907660292706539,72,True,neutral,tolerant,72,-0.17485897059717817,True
V72R,-1.14078838822503,72,True,neutral,tolerant,72,-0.28877662592189274,True
V72S,-1.11324982329085,72,True,neutral,tolerant,72,-0.28180557507100107,True
V72T,-0.31220522646024795,72,True,neutral,tolerant,72,-0.07903093406538644,True
V72V,0.0,72,True,neutral,tolerant,72,0.0,True
V72W,-1.1833930570896,72,True,neutral,tolerant,72,-0.29956147668845146,True
V72Y,-1.14513246002653,72,True,neutral,tolerant,72,-0.2898762745601046,True
E73A,-2.2631465831687203,73,True,neutral,tolerant,73,-0.48925702555605743,True
E73C,-3.90940883010351,73,True,mild,tolerant,73,-0.8451532702848507,True
E73D,-0.8636948251745892,73,True,neutral,tolerant,73,-0.18671736258524776,True
E73E,0.0,73,True,neutral,tolerant,73,0.0,True
E73F,-2.52296144429762,73,True,neutral,tolerant,73,-0.5454249499391105,True
E73G,-1.50770989048282,73,True,neutral,tolerant,73,-0.32594338427087216,True
E73H,-1.0720515982064398,73,True,neutral,tolerant,73,-0.23176085017291062,True
E73I,-3.97230780521365,73,True,mild,tolerant,73,-0.8587510485736188,True
E73K,-2.15385143097602,73,True,neutral,tolerant,73,-0.46562911675545876,True
E73L,-2.06943917622468,73,True,neutral,tolerant,73,-0.4473805026412567,True
E73M,-3.97230780521365,73,True,mild,tolerant,73,-0.8587510485736188,True
E73N,-1.06249910651151,73,True,neutral,tolerant,73,-0.2296957503211959,True
E73P,-1.89625760308078,73,True,neutral,tolerant,73,-0.40994134514803365,True
E73Q,-1.04273599157167,73,True,neutral,tolerant,73,-0.2254232728320665,True
E73R,-2.28698570648406,73,True,neutral,tolerant,73,-0.49441067254113114,True
E73S,-2.08706180644115,73,True,neutral,tolerant,73,-0.451190240687527,True
E73T,-2.24695300979816,73,True,neutral,tolerant,73,-0.4857562273314409,True
E73V,-2.49923617175648,73,True,neutral,tolerant,73,-0.5402959157173269,True
E73W,-2.2024235643309704,73,True,neutral,tolerant,73,-0.4761296551063074,True
E73Y,-2.52083983491223,73,True,neutral,tolerant,73,-0.5449662910501957,True
D74A,-2.18954362257559,74,True,neutral,tolerant,74,-0.7822789015876314,True
D74C,-1.61554429978832,74,True,neutral,tolerant,74,-0.5772007496328999,True
D74D,0.0,74,True,neutral,tolerant,74,0.0,True
D74E,-0.0762428247990272,74,True,neutral,tolerant,74,-0.027239993130423298,True
D74F,-4.5809691688423095,74,True,mild,tolerant,74,-1.6366860621819144,True
D74G,-1.5163279952187902,74,True,neutral,tolerant,74,-0.541752804701373,True
D74H,-1.05929467856904,74,True,neutral,tolerant,74,-0.37846420097072236,True
D74I,-3.97741816783359,74,True,mild,tolerant,74,-1.4210497034206189,True
D74K,-2.20709404398888,74,True,neutral,tolerant,74,-0.7885493061797255,True
D74L,-3.97741816783359,74,True,mild,tolerant,74,-1.4210497034206189,True
D74M,-3.97741816783359,74,True,mild,tolerant,74,-1.4210497034206189,True
D74N,-1.18836050654383,74,True,neutral,tolerant,74,-0.42457676666687866,True
D74P,-1.70812524688981,74,True,neutral,tolerant,74,-0.6102780178178118,True
D74Q,-1.2605055827633798,74,True,neutral,tolerant,74,-0.45035271851276926,True
D74R,-2.1120598185779302,74,True,neutral,tolerant,74,-0.7545955321141244,True
D74S,-1.38793114887674,74,True,neutral,tolerant,74,-0.49587925238291153,True
D74T,-2.0533489090977297,74,True,neutral,tolerant,74,-0.7336193317288788,True
D74V,-2.1352597599594296,74,True,neutral,tolerant,74,-0.7628843939909516,True
D74W,-4.5809691688423095,74,True,mild,tolerant,74,-1.6366860621819144,True
D74Y,-4.5809691688423095,74,True,mild,tolerant,74,-1.6366860621819144,True
T75A,-0.6859779313069971,75,True,neutral,tolerant,75,-0.15887109942079963,True
T75C,-1.17763775100422,75,True,neutral,tolerant,75,-0.27273851779022956,True
T75D,-0.960228453241032,75,True,neutral,tolerant,75,-0.22238696479765396,True
T75E,-0.857262781596511,75,True,neutral,tolerant,75,-0.19854032380499315,True
T75F,-0.867713739233578,75,True,neutral,tolerant,75,-0.20096074442499406,True
T75G,-1.50533334538487,75,True,neutral,tolerant,75,-0.3486321536910428,True
T75H,-1.03903807785489,75,True,neutral,tolerant,75,-0.24063911422684714,True
T75I,-1.59577743661865,75,True,neutral,tolerant,75,-0.3695788220234314,True
T75K,-1.93098147314814,75,True,neutral,tolerant,75,-0.44721139791732994,True
T75L,-1.4439954376611,75,True,neutral,tolerant,75,-0.3344264185040812,True
T75M,-1.45425303073779,75,True,neutral,tolerant,75,-0.33680205628356485,True
T75N,-1.02917768074793,75,True,neutral,tolerant,75,-0.23835546622942005,True
T75P,-1.49993280086776,75,True,neutral,tolerant,75,-0.34738139851985306,True
T75Q,-1.03835842804667,75,True,neutral,tolerant,75,-0.2404817087079155,True
T75R,-2.0246924221977203,75,True,neutral,tolerant,75,-0.4689146639027345,True
T75S,-0.0650978639054632,75,True,neutral,tolerant,75,-0.015076533422732043,True
T75T,0.0,75,True,neutral,tolerant,75,0.0,True
T75V,-1.48892756476047,75,True,neutral,tolerant,75,-0.344832608128857,True
T75W,-3.4328846617276603,75,True,neutral,tolerant,75,-0.7950491342401443,True
T75Y,-1.8072613366050905,75,True,neutral,tolerant,75,-0.4185580648929921,True
K76A,-1.9788489292721496,76,True,neutral,tolerant,76,-0.2948663056708865,True
K76C,-1.8794524778843305,76,True,neutral,tolerant,76,-0.2800553395663126,True
K76D,-1.77267536991267,76,True,neutral,tolerant,76,-0.26414458918406614,True
K76E,-1.62439323671313,76,True,neutral,tolerant,76,-0.2420492163808331,True
K76F,-4.9869665331395305,76,True,mild,tolerant,76,-0.7431029101711517,True
K76G,-3.04188088866083,76,True,neutral,tolerant,76,-0.45326763789907054,True
K76H,-2.65658975124138,76,True,neutral,tolerant,76,-0.3958557897190307,True
K76I,-2.2075020347689502,76,True,neutral,tolerant,76,-0.3289376769113459,True
K76K,0.0,76,True,neutral,tolerant,76,0.0,True
K76L,-1.39797001048626,76,True,neutral,tolerant,76,-0.2083101172267822,True
K76M,-4.18890699838578,76,True,mild,tolerant,76,-0.6241848547110921,True
K76N,-2.54757104070912,76,True,neutral,tolerant,76,-0.37961102037452343,True
K76P,-2.47828743690014,76,True,neutral,tolerant,76,-0.36928713965956983,True
K76Q,-1.68674309333201,76,True,neutral,tolerant,76,-0.2513399063412238,True
K76R,-1.05713122099565,76,True,neutral,tolerant,76,-0.15752206908437083,True
K76S,-1.81406399406782,76,True,neutral,tolerant,76,-0.27031186679727875,True
K76T,-2.10757485393744,76,True,neutral,tolerant,76,-0.31404762734160346,True
K76V,-1.59751864079499,76,True,neutral,tolerant,76,-0.2380446596420352,True
K76W,-4.9869665331395305,76,True,mild,tolerant,76,-0.7431029101711517,True
K76Y,-4.9869665331395305,76,True,mild,tolerant,76,-0.7431029101711517,True
P77A,-2.01569271338372,77,True,neutral,tolerant,77,-0.5001736272012353,True
P77C,-4.1652677070838,77,True,mild,tolerant,77,-1.0335687793497894,True
P77D,-1.53305297931268,77,True,neutral,tolerant,77,-0.38041149043361744,True
P77E,-1.63752297189669,77,True,neutral,tolerant,77,-0.4063346555953914,True
P77F,-4.69239143931636,77,True,mild,tolerant,77,-1.1643691674168875,True
P77G,-2.4870294399119,77,True,neutral,tolerant,77,-0.6171310377109976,True
P77H,-1.66372996567912,77,True,neutral,tolerant,77,-0.4128376543169544,True
P77I,-3.80342060995849,77,True,mild,tolerant,77,-0.9437801057788143,True
P77K,-2.3662952539024102,77,True,neutral,tolerant,77,-0.5871720785191561,True
P77L,-1.84572125702309,77,True,neutral,tolerant,77,-0.45799694060407103,True
P77M,-2.4403220172265,77,True,neutral,tolerant,77,-0.6055410662502383,True
P77N,-3.79842235117312,77,True,mild,tolerant,77,-0.9425398387431846,True
P77P,0.0,77,True,neutral,tolerant,77,0.0,True
P77Q,-1.84202483565674,77,True,neutral,tolerant,77,-0.45707971127134805,True
P77R,-2.26064118810124,77,True,neutral,tolerant,77,-0.5609550976423346,True
P77S,-1.90253743819456,77,True,neutral,tolerant,77,-0.4720952975766235,True
P77T,-2.1411798768075903,77,True,neutral,tolerant,77,-0.5313119893534444,True
P77V,-2.43475989206941,77,True,neutral,tolerant,77,-0.6041608815145904,True
P77W,-2.66675834514575,77,True,neutral,tolerant,77,-0.661728935915836,True
P77Y,-2.56722438981088,77,True,neutral,tolerant,77,-0.6370305981488877,True
K78A,-2.02379699195406,78,True,neutral,tolerant,78,-0.4821026908701566,True
K78C,-3.9249781020361696,78,True,mild,tolerant,78,-0.934996203730414,True
K78D,-2.1827525138531203,78,True,neutral,tolerant,78,-0.5199685860863634,True
K78E,-1.50724584297717,78,True,neutral,tolerant,78,-0.3590514659281824,True
K78F,-2.47159392117516,78,True,neutral,tolerant,78,-0.5887754971838177,True
K78G,-2.71930703997606,78,True,neutral,tolerant,78,-0.6477849539685343,True
K78H,-3.58054993722153,78,True,mild,tolerant,78,-0.8529475863400504,True
K78I,-2.2334561979126697,78,True,neutral,tolerant,78,-0.5320470616544771,True
K78K,0.0,78,True,neutral,tolerant,78,0.0,True
K78L,-1.4096827291434395,78,True,neutral,tolerant,78,-0.33581028121651907,True
K78M,-2.9988170087159403,78,True,neutral,tolerant,78,-0.7143689584859145,True
K78N,-3.58054993722153,78,True,mild,tolerant,78,-0.8529475863400504,True
K78P,-2.08334116188981,78,True,neutral,tolerant,78,-0.49628711977571477,True
K78Q,-1.7399844318527902,78,True,neutral,tolerant,78,-0.4144937362805669,True
K78R,-0.6400385796469991,78,True,neutral,tolerant,78,-0.15246802062424236,True
K78S,-1.5897138491259095,78,True,neutral,tolerant,78,-0.37869674054469216,True
K78T,-1.94304984880587,78,True,neutral,tolerant,78,-0.4628673549414115,True
K78V,-2.0693640899844,78,True,neutral,tolerant,78,-0.4929575447230424,True
K78W,-2.74832383061347,78,True,neutral,tolerant,78,-0.654697244530447,True
K78Y,-3.2645756122154905,78,True,neutral,tolerant,78,-0.7776771550977299,True
P79A,-1.73322981478348,79,True,neutral,tolerant,79,-0.307153066612785,True
P79C,-2.7876428647901,79,True,neutral,tolerant,79,-0.4940101117799497,True
P79D,-1.54168614381375,79,True,neutral,tolerant,79,-0.2732087936567071,True
P79E,-1.71667459202648,79,True,neutral,tolerant,79,-0.3042192447993716,True
P79F,-1.39513761677333,79,True,neutral,tolerant,79,-0.24723830255153603,True
P79G,-2.48607110984815,79,True,neutral,tolerant,79,-0.4405672915929506,True
P79H,-1.54127009089376,79,True,neutral,tolerant,79,-0.2731350631397507,True
P79I,-1.52134897901948,79,True,neutral,tolerant,79,-0.2696047577236246,True
P79K,-1.99655069543678,79,True,neutral,tolerant,79,-0.35381728580978977,True
P79L,-1.61590680048632,79,True,neutral,tolerant,79,-0.28636175358651444,True
P79M,-1.9311449980196005,79,True,neutral,tolerant,79,-0.34222646250160416,True
P79N,-1.71333991055614,79,True,neutral,tolerant,79,-0.30362829163721416,True
P79P,0.0,79,True,neutral,tolerant,79,0.0,True
P79Q,-1.5442576061481,79,True,neutral,tolerant,79,-0.2736644934923192,True
P79R,-2.15070064209382,79,True,neutral,tolerant,79,-0.3811348569882096,True
P79S,-1.74216046262212,79,True,neutral,tolerant,79,-0.3087357049029184,True
P79T,-1.6985633151696795,79,True,neutral,tolerant,79,-0.3010096679853849,True
P79V,-1.88783241106933,79,True,neutral,tolerant,79,-0.3345508537674154,True
P79W,-3.5731633703312498,79,True,mild,tolerant,79,-0.6332155593820209,True
P79Y,-1.58044451729226,79,True,neutral,tolerant,79,-0.2800773307481575,True
S80A,-0.3819760241491721,80,True,neutral,tolerant,80,-0.15096362910385158,True
S80C,-0.25098307257428104,80,True,neutral,tolerant,80,-0.09919291548165865,True
S80D,-0.390638152884702,80,True,neutral,tolerant,80,-0.15438705441593262,True
S80E,-0.3447856662712709,80,True,neutral,tolerant,80,-0.1362653469134322,True
S80F,-0.458347055884062,80,True,neutral,tolerant,80,-0.18114680129321892,True
S80G,-0.5507247728554,80,True,neutral,tolerant,80,-0.2176560964338885,True
S80H,-0.412906077696583,80,True,neutral,tolerant,80,-0.16318772914336116,True
S80I,-0.4776492461063181,80,True,neutral,tolerant,80,-0.18877536565689923,True
S80K,0.00848009383704001,80,True,neutral,tolerant,80,0.003351481925160879,True
S80L,-0.437599023900441,80,True,neutral,tolerant,80,-0.17294681488834707,True
S80M,-0.577557466823131,80,True,neutral,tolerant,80,-0.2282608480515444,True
S80N,-0.348634138310027,80,True,neutral,tolerant,80,-0.13778633061069281,True
S80P,-0.4949955097010961,80,True,neutral,tolerant,80,-0.19563091348740144,True
S80Q,-0.437762140185228,80,True,neutral,tolerant,80,-0.17301128130707646,True
S80R,-0.205902550817963,80,True,neutral,tolerant,80,-0.08137630204004859,True
S80S,0.0,80,True,neutral,tolerant,80,0.0,True
S80T,-0.15248746280638598,80,True,neutral,tolerant,80,-0.06026572172786597,True
S80V,-0.8568933397802401,80,True,neutral,tolerant,80,-0.3386592878866824,True
S80W,-1.2387768456713402,80,True,neutral,tolerant,80,-0.48958635215108365,True
S80Y,-1.2387768456713402,80,True,neutral,tolerant,80,-0.48958635215108365,True
R81A,-1.3896032849208102,81,True,neutral,tolerant,81,-0.21185749715754065,True
R81C,-1.47991981010268,81,True,neutral,tolerant,81,-0.22562706231662658,True
R81D,-1.44043021160649,81,True,neutral,tolerant,81,-0.2196065184736867,True
R81E,-1.31355028040104,81,True,neutral,tolerant,81,-0.2002625337865467,True
R81F,-3.68587953087518,81,True,mild,tolerant,81,-0.5619454276692546,True
R81G,-1.54909249853078,81,True,neutral,tolerant,81,-0.23617305972542713,True
R81H,-1.33409568545787,81,True,neutral,tolerant,81,-0.20339486525169287,True
R81I,-3.54072721728809,81,True,mild,tolerant,81,-0.539815654231838,True
R81K,-0.45822013997164,81,True,neutral,tolerant,81,-0.06985977440827781,True
R81L,-1.89215477724844,81,True,neutral,tolerant,81,-0.2884759842557386,True
R81M,-3.54072721728809,81,True,mild,tolerant,81,-0.539815654231838,True
R81N,-1.8976246892368305,81,True,neutral,tolerant,81,-0.2893099214492582,True
R81P,-0.994843950301583,81,True,neutral,tolerant,81,-0.1516728922997797,True
R81Q,-1.23265601246347,81,True,neutral,tolerant,81,-0.18792947634085874,True
R81R,0.0,81,True,neutral,tolerant,81,0.0,True
R81S,-1.31543601111249,81,True,neutral,tolerant,81,-0.20055003036429386,True
R81T,-1.33171596101056,81,True,neutral,tolerant,81,-0.2030320548936557,True
R81V,-2.69115250511804,81,True,neutral,tolerant,81,-0.41029036156606696,True
R81W,-3.68587953087518,81,True,mild,tolerant,81,-0.5619454276692546,True
R81Y,-2.11707731215389,81,True,neutral,tolerant,81,-0.32276744413963904,True
L82A,-0.914233201446335,82,True,neutral,tolerant,82,-0.199390753233915,True
L82C,-2.65080229003928,82,True,neutral,tolerant,82,-0.5781298080718896,True
L82D,-2.08492620535745,82,True,neutral,tolerant,82,-0.4547144053242441,True
L82E,-1.2955357493183,82,True,neutral,tolerant,82,-0.28255137582990464,True
L82F,-0.92042363340048,82,True,neutral,tolerant,82,-0.20074086268982577,True
L82G,-1.25170090780125,82,True,neutral,tolerant,82,-0.2729911650935776,True
L82H,-1.2489788036508798,82,True,neutral,tolerant,82,-0.2723974846233597,True
L82I,-0.8655896404444571,82,True,neutral,tolerant,82,-0.1887817792294704,True
L82K,-1.0079377657730202,82,True,neutral,tolerant,82,-0.21982735916005663,True
L82L,0.0,82,True,neutral,tolerant,82,0.0,True
L82M,-0.8805799459908509,82,True,neutral,tolerant,82,-0.19205110734988154,True
L82N,-1.39149910350038,82,True,neutral,tolerant,82,-0.303480615156312,True
L82P,-0.101445343479668,82,True,neutral,tolerant,82,-0.022124840157286236,True
L82Q,-1.31206530843508,82,True,neutral,tolerant,82,-0.28615640924775165,True
L82R,-1.17871629000235,82,True,neutral,tolerant,82,-0.2570735000007,True
L82S,-0.182650846072403,82,True,neutral,tolerant,82,-0.03983544867936638,True
L82T,-0.942881085611073,82,True,neutral,tolerant,82,-0.2056387468455322,True
L82V,-0.499061025962847,82,True,neutral,tolerant,82,-0.10884329481690078,True
L82W,-2.77448691413109,82,True,neutral,tolerant,82,-0.6051049499964057,True
L82Y,-2.77448691413109,82,True,neutral,tolerant,82,-0.6051049499964057,True
F83A,-1.6485041156733102,83,True,neutral,tolerant,83,-0.32391315801581294,True
F83C,-3.90906799229796,83,True,mild,tolerant,83,-0.7680894128472365,True
F83D,-4.01038352371809,83,True,mild,tolerant,83,-0.7879968146100406,True
F83E,-2.05135126488876,83,True,neutral,tolerant,83,-0.4030682484152978,True
F83F,0.0,83,True,neutral,tolerant,83,0.0,True
F83G,-2.55651137645737,83,True,neutral,tolerant,83,-0.502326724925062,True
F83H,-2.20761380704632,83,True,neutral,tolerant,83,-0.4337721411314898,True
F83I,-1.1226081938886798,83,True,neutral,tolerant,83,-0.22058031996383054,True
F83K,-3.3439077642177497,83,True,neutral,tolerant,83,-0.6570415649699333,True
F83L,-1.25296813508143,83,True,neutral,tolerant,83,-0.24619463286061877,True
F83M,-1.1546538886493998,83,True,neutral,tolerant,83,-0.22687695100773667,True
F83N,-2.4353274141962205,83,True,neutral,tolerant,83,-0.47851539224856116,True
F83P,-1.87468676637538,83,True,neutral,tolerant,83,-0.36835559281517727,True
F83Q,-2.41859088128957,83,True,neutral,tolerant,83,-0.4752268452704333,True
F83R,-3.55407615746376,83,True,mild,tolerant,83,-0.6983373720741937,True
F83S,-2.12369973084553,83,True,neutral,tolerant,83,-0.4172839363610239,True
F83T,-1.84820532332531,83,True,neutral,tolerant,83,-0.36315227681152834,True
F83V,-1.16465505967029,83,True,neutral,tolerant,83,-0.2288420725130049,True
F83W,-3.2068933362000203,83,True,neutral,tolerant,83,-0.6301197176715259,True
F83Y,-1.19744117220673,83,True,neutral,tolerant,83,-0.23528418760981953,True
M84A,-1.74834308438007,84,True,neutral,tolerant,84,-0.3616354716620344,True
M84C,-2.0741747230585603,84,True,neutral,tolerant,84,-0.42903201378734074,True
M84D,-4.43774979649756,84,True,mild,tolerant,84,-0.9179249514082308,True
M84E,-2.2770367062363,84,True,neutral,tolerant,84,-0.470992936459901,True
M84F,-2.67828366690309,84,True,neutral,tolerant,84,-0.5539887369810235,True
M84G,-3.6129260233769,84,True,mild,tolerant,84,-0.7473145392440101,True
M84H,-2.64893847633141,84,True,neutral,tolerant,84,-0.5479188403296094,True
M84I,-1.2125284742461102,84,True,neutral,tolerant,84,-0.25080506829877763,True
M84K,-1.51046602443756,84,True,neutral,tolerant,84,-0.3124318665238642,True
M84L,-0.979721341733573,84,True,neutral,tolerant,84,-0.20265015069442777,True
M84M,0.0,84,True,neutral,tolerant,84,0.0,True
M84N,-4.43774979649756,84,True,mild,tolerant,84,-0.9179249514082308,True
M84P,-2.45503166912976,84,True,neutral,tolerant,84,-0.5078102481960965,True
M84Q,-2.59989178621608,84,True,neutral,tolerant,84,-0.5377737932437233,True
M84R,-1.4938081699818,84,True,neutral,tolerant,84,-0.30898627789380284,True
M84S,-1.84899873726644,84,True,neutral,tolerant,84,-0.382455558309913,True
M84T,-1.31194129303158,84,True,neutral,tolerant,84,-0.2713680813206087,True
M84V,-1.07679668392527,84,True,neutral,tolerant,84,-0.22272966911040026,True
M84W,-2.69648723173385,84,True,neutral,tolerant,84,-0.5577540475841404,True
M84Y,-4.63662758554382,84,True,mild,tolerant,84,-0.9590617647072917,True
P85A,-1.8467377525806496,85,True,neutral,tolerant,85,-0.6917919557381853,True
P85C,-2.31015768511729,85,True,neutral,tolerant,85,-0.8653900646248338,True
P85D,-4.76300288792173,85,True,mild,tolerant,85,-1.7842311819409782,True
P85E,-3.55052570341464,85,True,mild,tolerant,85,-1.3300346066091715,True
P85F,-3.39068301233636,85,True,neutral,tolerant,85,-1.270157188867007,True
P85G,-3.49905142419325,85,True,neutral,tolerant,85,-1.3107522302982861,True
P85H,-2.7080408459216803,85,True,neutral,tolerant,85,-1.0144379570955,True
P85I,-2.4793099505589904,85,True,neutral,tolerant,85,-0.928754869055748,True
P85K,-5.6095393807862814,85,True,mild,tolerant,85,-2.101345582826622,True
P85L,-2.54223557189883,85,True,neutral,tolerant,85,-0.9523269428880486,True
P85M,-4.7238768894343,85,True,mild,tolerant,85,-1.769574498296533,True
P85N,-4.76300288792173,85,True,mild,tolerant,85,-1.7842311819409782,True
P85P,0.0,85,True,neutral,tolerant,85,0.0,True
P85Q,-2.32825768419707,85,True,neutral,tolerant,85,-0.8721703634218682,True
P85R,-5.6095393807862814,85,True,mild,tolerant,85,-2.101345582826622,True
P85S,-1.08453862743533,85,True,neutral,tolerant,85,-0.40627051518205665,True
P85T,-1.5756079619986298,85,True,neutral,tolerant,85,-0.5902261498604887,True
P85V,-2.4173856843865003,85,True,neutral,tolerant,85,-0.9055579050345947,True
P85W,-5.26611317934863,85,True,mild,tolerant,85,-1.9726973850994172,True
P85Y,-4.43503230606578,85,True,mild,tolerant,85,-1.661372692732284,True
N86A,-1.5088751158656002,86,True,neutral,tolerant,86,-0.37044512266989277,True
N86C,-1.58245546746555,86,True,neutral,tolerant,86,-0.38850989296660504,True
N86D,-2.53968278906898,86,True,neutral,tolerant,86,-0.623519529513584,True
N86E,-1.51609213780223,86,True,neutral,tolerant,86,-0.3722169794316052,True
N86F,-3.17118040548181,86,True,neutral,tolerant,86,-0.7785590086049955,True
N86G,-1.80300936686769,86,True,neutral,tolerant,86,-0.44265825518707824,True
N86H,-1.29136952218461,86,True,neutral,tolerant,86,-0.31704515239712483,True
N86I,-4.79780659768859,86,True,mild,tolerant,86,-1.1779132911258652,True
N86K,-1.4493901091251,86,True,neutral,tolerant,86,-0.3558409116339366,True
N86L,-4.79780659768859,86,True,mild,tolerant,86,-1.1779132911258652,True
N86M,-4.79780659768859,86,True,mild,tolerant,86,-1.1779132911258652,True
N86N,0.0,86,True,neutral,tolerant,86,0.0,True
N86P,-1.59148437152509,86,True,neutral,tolerant,86,-0.3907265863408557,True
N86Q,-1.13027810046067,86,True,neutral,tolerant,86,-0.27749547008471015,True
N86R,-1.48535429229848,86,True,neutral,tolerant,86,-0.3646705066794764,True
N86S,-1.38655838710876,86,True,neutral,tolerant,86,-0.34041504588456933,True
N86T,-1.4984490464197702,86,True,neutral,tolerant,86,-0.3678854101170022,True
N86V,-2.7578956847665097,86,True,neutral,tolerant,86,-0.6770931500636522,True
N86W,-5.09158457555066,86,True,mild,tolerant,86,-1.2500389547427615,True
N86Y,-5.09158457555066,86,True,mild,tolerant,86,-1.2500389547427615,True
L87A,-2.9491384325239904,87,True,neutral,tolerant,87,-0.6843022852534878,True
L87C,-4.94278021427971,87,True,mild,tolerant,87,-1.1468962456409937,True
L87D,-5.19749010327154,87,True,mild,tolerant,87,-1.2059977639663304,True
L87E,-5.19749010327154,87,True,mild,tolerant,87,-1.2059977639663304,True
L87F,-2.6902779525744505,87,True,neutral,tolerant,87,-0.6242376860343584,True
L87G,-3.7899788218773502,87,True,mild,tolerant,87,-0.8794063853602758,True
L87H,-2.78008443316285,87,True,neutral,tolerant,87,-0.6450759007547909,True
L87I,-1.22793968312601,87,True,neutral,tolerant,87,-0.28492454679295115,True
L87K,-3.11179899352958,87,True,neutral,tolerant,87,-0.7220451705616815,True
L87L,0.0,87,True,neutral,tolerant,87,0.0,True
L87M,-1.32415101406812,87,True,neutral,tolerant,87,-0.307248908682813,True
L87N,-5.19749010327154,87,True,mild,tolerant,87,-1.2059977639663304,True
L87P,-3.21005156666145,87,True,neutral,tolerant,87,-0.7448431713556396,True
L87Q,-3.05838374221327,87,True,neutral,tolerant,87,-0.709650981757239,True
L87R,-3.15460469018502,87,True,neutral,tolerant,87,-0.7319775751311463,True
L87S,-3.7440091394601898,87,True,mild,tolerant,87,-0.8687398264820893,True
L87T,-2.78150001311322,87,True,neutral,tolerant,87,-0.6454043643441275,True
L87V,-1.3557067750416398,87,True,neutral,tolerant,87,-0.31457093843528267,True
L87W,-5.0039724104107695,87,True,mild,tolerant,87,-1.1610949550641814,True
L87Y,-5.0039724104107695,87,True,mild,tolerant,87,-1.1610949550641814,True
V88A,-0.921485849673138,88,True,neutral,tolerant,88,-0.29552296751124274,True
V88C,-3.20225024485169,88,True,neutral,tolerant,88,-1.0269701866912582,True
V88D,-3.25681592098542,88,True,neutral,tolerant,88,-1.0444695444307364,True
V88E,-2.35232463161434,88,True,neutral,tolerant,88,-0.7543967776944641,True
V88F,-4.25867749302077,88,True,mild,tolerant,88,-1.3657692202840181,True
V88G,-2.21274555261837,88,True,neutral,tolerant,88,-0.7096333951183708,True
V88H,-4.12339239106278,88,True,mild,tolerant,88,-1.3223829275863415,True
V88I,-0.220352893974064,88,True,neutral,tolerant,88,-0.0706677602808597,True
V88K,-1.7805998887389298,88,True,neutral,tolerant,88,-0.5710431291559925,True
V88L,-1.4688348010383,88,True,neutral,tolerant,88,-0.47105923475720834,True
V88M,-1.14609178680679,88,True,neutral,tolerant,88,-0.36755469006664054,True
V88N,-2.71249363149188,88,True,neutral,tolerant,88,-0.8699039357122698,True
V88P,-3.6422006644030898,88,True,mild,tolerant,88,-1.1680634585952858,True
V88Q,-1.97380137485832,88,True,neutral,tolerant,88,-0.6330033605863903,True
V88R,-2.05759996155561,88,True,neutral,tolerant,88,-0.6598777906417357,True
V88S,-0.9506866953711908,88,True,neutral,tolerant,88,-0.3048877565392972,True
V88T,-0.974299766014176,88,True,neutral,tolerant,88,-0.3124605312172186,True
V88V,0.0,88,True,neutral,tolerant,88,0.0,True
V88W,-4.93625476711044,88,True,mild,tolerant,88,-1.5830700576524763,True
V88Y,-4.93625476711044,88,True,mild,tolerant,88,-1.5830700576524763,True
P89A,-1.21371080241233,89,True,neutral,tolerant,89,-0.4384698603374481,True
P89C,-2.9404730440908504,89,True,neutral,tolerant,89,-1.0622866686248158,True
P89D,-5.12831732589324,89,True,mild,tolerant,89,-1.8526757586578775,True
P89E,-3.47032508406698,89,True,neutral,tolerant,89,-1.2537030665888826,True
P89F,-5.7142943427095805,89,True,mild,tolerant,89,-2.064368082903277,True
P89G,-2.59623532478509,89,True,neutral,tolerant,89,-0.9379260182895964,True
P89H,-3.147025992606089,89,True,neutral,tolerant,89,-1.1369067859606397,True
P89I,-2.61203392264508,89,True,neutral,tolerant,89,-0.9436334808774131,True
P89K,-3.34252841961284,89,True,neutral,tolerant,89,-1.2075347491417403,True
P89L,-4.44486771823016,89,True,mild,tolerant,89,-1.605770109120857,True
P89M,-2.13676592436671,89,True,neutral,tolerant,89,-0.7719363250032252,True
P89N,-5.12831732589324,89,True,mild,tolerant,89,-1.8526757586578775,True
P89P,0.0,89,True,neutral,tolerant,89,0.0,True
P89Q,-3.60475620893633,89,True,mild,tolerant,89,-1.302268174874411,True
P89R,-5.3045907414928495,89,True,mild,tolerant,89,-1.9163569747808167,True
P89S,-1.76286310368736,89,True,neutral,tolerant,89,-0.6368587453712398,True
P89T,-1.9285371937674296,89,True,neutral,tolerant,89,-0.6967108081481047,True
P89V,-1.96673130063411,89,True,neutral,tolerant,89,-0.7105089589681034,True
P89W,-5.7142943427095805,89,True,mild,tolerant,89,-2.064368082903277,True
P89Y,-5.7142943427095805,89,True,mild,tolerant,89,-2.064368082903277,True
P90A,-4.55164780685409,90,True,mild,sensitive,90,-1.3872728433083379,True
P90C,-5.86288757759863,90,True,impactful,sensitive,90,-1.786918730294704,True
P90D,-4.75783429316394,90,True,mild,sensitive,90,-1.4501153401913554,True
P90E,-3.4596983937589707,90,True,neutral,sensitive,90,-1.0544633133679435,True
P90F,-6.58536874683988,90,True,impactful,sensitive,90,-2.0071199735413283,True
P90G,-4.92370062948109,90,True,mild,sensitive,90,-1.5006688701998352,True
P90H,-3.42207681373672,90,True,neutral,sensitive,90,-1.0429968294698204,True
P90I,-5.56235286791829,90,True,mild,sensitive,90,-1.6953203336473917,True
P90K,-6.58536874683988,90,True,impactful,sensitive,90,-2.0071199735413283,True
P90L,-2.84073678482132,90,True,neutral,sensitive,90,-0.8658132535288202,True
P90M,-5.56235286791829,90,True,mild,sensitive,90,-1.6953203336473917,True
P90N,-5.467002530247671,90,True,mild,sensitive,90,-1.6662590047256896,True
P90P,0.0,90,True,neutral,sensitive,90,0.0,True
P90Q,-4.119391932086621,90,True,mild,sensitive,90,-1.255527844162664,True
P90R,-6.58536874683988,90,True,impactful,sensitive,90,-2.0071199735413283,True
P90S,-4.37865566067775,90,True,mild,sensitive,90,-1.334547475116476,True
P90T,-3.6344682832856,90,True,mild,sensitive,90,-1.1077305106241093,True
P90V,-4.37814767008593,90,True,mild,sensitive,90,-1.334392647330454,True
P90W,-6.58536874683988,90,True,impactful,sensitive,90,-2.0071199735413283,True
P90Y,-6.58536874683988,90,True,impactful,sensitive,90,-2.0071199735413283,True
K91A,-2.05458194837291,91,True,neutral,sensitive,91,-0.4601110290682719,True
K91C,-5.45572155268772,91,True,mild,sensitive,91,-1.2217753883728197,True
K91D,-3.73606639780366,91,True,mild,sensitive,91,-0.836669161004831,True
K91E,-2.88544087691043,91,True,neutral,sensitive,91,-0.6461767914598405,True
K91F,-6.52151299060567,91,True,impactful,sensitive,91,-1.4604528456827757,True
K91G,-4.099310035103169,91,True,mild,sensitive,91,-0.9180153462435054,True
K91H,-5.006306922074611,91,True,mild,sensitive,91,-1.121131737564201,True
K91I,-6.1427114734729,91,True,impactful,sensitive,91,-1.375622568653131,True
K91K,0.0,91,True,neutral,sensitive,91,0.0,True
K91L,-3.88663206613977,91,True,mild,sensitive,91,-0.8703874191912919,True
K91M,-6.1427114734729,91,True,impactful,sensitive,91,-1.375622568653131,True
K91N,-3.53335284380406,91,True,neutral,sensitive,91,-0.791272703584037,True
K91P,-3.8823554949485297,91,True,mild,sensitive,91,-0.8694297072960601,True
K91Q,-3.618107110451141,91,True,mild,sensitive,91,-0.8102529019040883,True
K91R,-1.51865834941177,91,True,neutral,sensitive,91,-0.3400942252531405,True
K91S,-3.36681349990671,91,True,neutral,sensitive,91,-0.7539772387028978,True
K91T,-3.5105581649390296,91,True,neutral,sensitive,91,-0.7861679750244507,True
K91V,-6.1427114734729,91,True,impactful,sensitive,91,-1.375622568653131,True
K91W,-6.52151299060567,91,True,impactful,sensitive,91,-1.4604528456827757,True
K91Y,-6.52151299060567,91,True,impactful,sensitive,91,-1.4604528456827757,True
I92A,-3.70073866482021,92,True,mild,sensitive,92,-0.768906739439159,True
I92C,-4.9808436443065,92,True,mild,sensitive,92,-1.0348756270218906,True
I92D,-4.14334221260592,92,True,mild,sensitive,92,-0.8608669888961814,True
I92E,-4.13725426503223,92,True,mild,sensitive,92,-0.8596020890092314,True
I92F,-6.415528292324232,92,True,impactful,sensitive,92,-1.3329617105698421,True
I92G,-3.86159024736132,92,True,mild,sensitive,92,-0.8023270582098503,True
I92H,-5.4555222828242185,92,True,mild,sensitive,92,-1.1335001550637296,True
I92I,0.0,92,True,neutral,sensitive,92,0.0,True
I92K,-4.20495796927332,92,True,mild,sensitive,92,-0.8736689657035625,True
I92L,-0.601551884039386,92,True,neutral,sensitive,92,-0.12498512855208013,True
I92M,-1.4176398749421102,92,True,neutral,sensitive,92,-0.29454467139295587,True
I92N,-3.03860750047686,92,True,neutral,sensitive,92,-0.6313349839688134,True
I92P,-3.80171008218566,92,True,mild,sensitive,92,-0.7898856872478908,True
I92Q,-3.4027218054335098,92,True,neutral,sensitive,92,-0.706987432943071,True
I92R,-4.38390411716256,92,True,mild,sensitive,92,-0.9108488131801467,True
I92S,-3.77952408645126,92,True,mild,sensitive,92,-0.7852760773331151,True
I92T,-3.61663939787234,92,True,mild,sensitive,92,-0.7514333377767232,True
I92V,-1.64934996545951,92,True,neutral,sensitive,92,-0.3426873440676128,True
I92W,-6.415528292324232,92,True,impactful,sensitive,92,-1.3329617105698421,True
I92Y,-6.415528292324232,92,True,impactful,sensitive,92,-1.3329617105698421,True
P93A,-3.5609403945239904,93,True,mild,sensitive,93,-1.0072323696480394,True
P93C,-5.50005575912523,93,True,mild,sensitive,93,-1.5557222479711261,True
P93D,-3.74337070707337,93,True,mild,sensitive,93,-1.0588338275908105,True
P93E,-3.5881966767082702,93,True,mild,sensitive,93,-1.0149419650499971,True
P93F,-6.3823432891549885,93,True,impactful,sensitive,93,-1.805282325120798,True
P93G,-4.49789817496983,93,True,mild,sensitive,93,-1.272256240002596,True
P93H,-5.51431569825105,93,True,mild,sensitive,93,-1.5597557533616753,True
P93I,-3.9459729604720497,93,True,mild,sensitive,93,-1.1161410344456624,True
P93K,-4.17463893120525,93,True,mild,sensitive,93,-1.1808205129097378,True
P93L,-3.92584235851726,93,True,mild,sensitive,93,-1.110446978476474,True
P93M,-6.06226461069671,93,True,impactful,sensitive,93,-1.714746239127019,True
P93N,-3.38067868028123,93,True,neutral,sensitive,93,-0.956244312147059,True
P93P,0.0,93,True,neutral,sensitive,93,0.0,True
P93Q,-3.5063836251526896,93,True,neutral,sensitive,93,-0.9918006752061158,True
P93R,-4.58271447776,93,True,mild,sensitive,93,-1.296247016645615,True
P93S,-3.25957847415681,93,True,neutral,sensitive,93,-0.921990425795257,True
P93T,-3.50754822131187,93,True,neutral,sensitive,93,-0.9921300878946568,True
P93V,-6.06226461069671,93,True,impactful,sensitive,93,-1.714746239127019,True
P93W,-6.3823432891549885,93,True,impactful,sensitive,93,-1.805282325120798,True
P93Y,-6.3823432891549885,93,True,impactful,sensitive,93,-1.805282325120798,True
D94A,-3.33125428482553,94,True,neutral,tolerant,94,-0.7420188509301597,True
D94C,-4.61880155790321,94,True,mild,tolerant,94,-1.02881303306129,True
D94D,0.0,94,True,neutral,tolerant,94,0.0,True
D94E,-1.20019371085774,94,True,neutral,tolerant,94,-0.26733664922577555,True
D94F,-5.8361722221317605,94,True,impactful,tolerant,94,-1.2999757556254918,True
D94G,-2.08652292265837,94,True,neutral,tolerant,94,-0.46476168107697885,True
D94H,-2.14448605228625,94,True,neutral,tolerant,94,-0.47767265429169636,True
D94I,-5.26316754387263,94,True,mild,tolerant,94,-1.1723420667545401,True
D94K,-3.5532935058217903,94,True,mild,tolerant,94,-0.7914768849132069,True
D94L,-5.26316754387263,94,True,mild,tolerant,94,-1.1723420667545401,True
D94M,-3.3258257810220098,94,True,neutral,tolerant,94,-0.7408096811069773,True
D94N,-2.6084440042075,94,True,neutral,tolerant,94,-0.5810167754333061,True
D94P,-3.42574433056306,94,True,neutral,tolerant,94,-0.7630659968901302,True
D94Q,-3.7222869080893,94,True,mild,tolerant,94,-0.8291192500537243,True
D94R,-5.4355386248069415,94,True,mild,tolerant,94,-1.2107367915256533,True
D94S,-3.37839783555719,94,True,neutral,tolerant,94,-0.7525198215411457,True
D94T,-2.66292203126005,94,True,neutral,tolerant,94,-0.5931514609235771,True
D94V,-2.9624835939967595,94,True,neutral,tolerant,94,-0.6598771766929387,True
D94W,-5.8361722221317605,94,True,impactful,tolerant,94,-1.2999757556254918,True
D94Y,-5.8361722221317605,94,True,impactful,tolerant,94,-1.2999757556254918,True
G95A,-4.36408843152515,95,True,mild,sensitive,95,-1.1403923797300124,True
G95C,-5.755165493284942,95,True,impactful,sensitive,95,-1.5038986894070785,True
G95D,-3.853862444037061,95,True,mild,sensitive,95,-1.0070637734926977,True
G95E,-3.75791468207922,95,True,mild,sensitive,95,-0.9819913904954926,True
G95F,-6.68580267000047,95,True,impactful,sensitive,95,-1.7470861410987812,True
G95G,0.0,95,True,neutral,sensitive,95,0.0,True
G95H,-5.1776791297906515,95,True,mild,sensitive,95,-1.352994082715428,True
G95I,-4.916321745889429,95,True,mild,sensitive,95,-1.28469804021682,True
G95K,-4.55982429786265,95,True,mild,sensitive,95,-1.191540676542396,True
G95L,-6.11825048455971,95,True,impactful,sensitive,95,-1.5987774627731306,True
G95M,-6.11825048455971,95,True,impactful,sensitive,95,-1.5987774627731306,True
G95N,-3.92743320580862,95,True,mild,sensitive,95,-1.0262887588273548,True
G95P,-3.52774708671345,95,True,neutral,sensitive,95,-0.9218456404873576,True
G95Q,-5.1776791297906515,95,True,mild,sensitive,95,-1.352994082715428,True
G95R,-6.29838803252455,95,True,impactful,sensitive,95,-1.645849718577663,True
G95S,-3.2428976229126,95,True,neutral,sensitive,95,-0.8474108156698539,True
G95T,-5.3639814624137685,95,True,mild,sensitive,95,-1.4016772759602265,True
G95V,-3.96433499727906,95,True,mild,sensitive,95,-1.0359316710761721,True
G95W,-6.68580267000047,95,True,impactful,sensitive,95,-1.7470861410987812,True
G95Y,-6.68580267000047,95,True,impactful,sensitive,95,-1.7470861410987812,True
E96A,-3.69047026949962,96,True,mild,sensitive,96,-0.8850503365318928,True
E96C,-5.63034464265097,96,True,mild,sensitive,96,-1.3502719319953849,True
E96D,-1.19193452722268,96,True,neutral,sensitive,96,-0.2858503056266185,True
E96E,0.0,96,True,neutral,sensitive,96,0.0,True
E96F,-6.40742105983461,96,True,impactful,sensitive,96,-1.536630768218344,True
E96G,-2.91576877679072,96,True,neutral,sensitive,96,-0.6992610558268252,True
E96H,-2.777814074984529,96,True,neutral,sensitive,96,-0.6661766935793328,True
E96I,-6.173497749339241,96,True,impactful,sensitive,96,-1.4805311685582028,True
E96K,-3.66108996346295,96,True,mild,sensitive,96,-0.8780043375544535,True
E96L,-6.173497749339241,96,True,impactful,sensitive,96,-1.4805311685582028,True
E96M,-6.173497749339241,96,True,impactful,sensitive,96,-1.4805311685582028,True
E96N,-3.92807187536579,96,True,mild,sensitive,96,-0.9420320667385651,True
E96P,-5.12205702053939,96,True,mild,sensitive,96,-1.2283741525381764,True
E96Q,-1.4550326734336998,96,True,neutral,sensitive,96,-0.3489466282740171,True
E96R,-3.64164167665514,96,True,mild,sensitive,96,-0.8733402401556808,True
E96S,-4.10217348416948,96,True,mild,sensitive,96,-0.9837851974265254,True
E96T,-5.63034464265097,96,True,mild,sensitive,96,-1.3502719319953849,True
E96V,-6.173497749339241,96,True,impactful,sensitive,96,-1.4805311685582028,True
E96W,-6.40742105983461,96,True,impactful,sensitive,96,-1.536630768218344,True
E96Y,-6.40742105983461,96,True,impactful,sensitive,96,-1.536630768218344,True
R97A,-2.82746562965436,97,True,neutral,tolerant,97,-0.7038701864684356,True
R97C,-4.9451743836796,97,True,mild,tolerant,97,-1.231053272249676,True
R97D,-3.0820372082852,97,True,neutral,tolerant,97,-0.7672433156202682,True
R97E,-3.1665971990948303,97,True,neutral,tolerant,97,-0.7882937064277488,True
R97F,-3.8417922892108303,97,True,mild,tolerant,97,-0.9563769853182573,True
R97G,-3.07640340058195,97,True,neutral,tolerant,97,-0.7658408337520451,True
R97H,-4.58230513301857,97,True,mild,tolerant,97,-1.1407204864334033,True
R97I,-2.76024781192406,97,True,neutral,tolerant,97,-0.6871369617021946,True
R97K,-0.642109306173469,97,True,neutral,tolerant,97,-0.1598468933907737,True
R97L,-2.84797979763318,97,True,neutral,tolerant,97,-0.7089769899213433,True
R97M,-3.66573455929925,97,True,mild,tolerant,97,-0.91254911845318,True
R97N,-2.95929395628535,97,True,neutral,tolerant,97,-0.7366875717177551,True
R97P,-4.54963397428798,97,True,mild,tolerant,97,-1.132587317864825,True
R97Q,-3.44054810783943,97,True,neutral,tolerant,97,-0.8564911321360962,True
R97R,0.0,97,True,neutral,tolerant,97,0.0,True
R97S,-2.96038003411388,97,True,neutral,tolerant,97,-0.7369579402752607,True
R97T,-3.8475418660940295,97,True,mild,tolerant,97,-0.9578082868026848,True
R97V,-2.96854665491216,97,True,neutral,tolerant,97,-0.7389909414349618,True
R97W,-5.09469936172214,97,True,mild,tolerant,97,-1.2682760674881657,True
R97Y,-5.09469936172214,97,True,mild,tolerant,97,-1.2682760674881657,True
V98A,-4.3900309645773,98,True,mild,sensitive,98,-1.9437883020856639,True
V98C,-5.728576154433122,98,True,mild,sensitive,98,-2.536460313478937,True
V98D,-4.61098702008649,98,True,mild,sensitive,98,-2.041621734113656,True
V98E,-4.4228146181216,98,True,mild,sensitive,98,-1.9583040270938075,True
V98F,-6.103422667326679,98,True,impactful,sensitive,98,-2.702432324318787,True
V98G,-2.941921832868,98,True,neutral,sensitive,98,-1.3026043074686706,True
V98H,-5.7687637261990785,98,True,impactful,sensitive,98,-2.5542542954617993,True
V98I,-2.0208437200297,98,True,neutral,sensitive,98,-0.894775552845156,True
V98K,-4.7215928961566,98,True,mild,sensitive,98,-2.090595057942527,True
V98L,-0.728987969704048,98,True,neutral,sensitive,98,-0.32277637659176384,True
V98M,-2.25179713547606,98,True,neutral,sensitive,98,-0.9970355484792848,True
V98N,-5.7687637261990785,98,True,impactful,sensitive,98,-2.5542542954617993,True
V98P,-3.92109100395329,98,True,mild,sensitive,98,-1.7361542290696823,True
V98Q,-5.7687637261990785,98,True,impactful,sensitive,98,-2.5542542954617993,True
V98R,-4.6241010028166505,98,True,mild,sensitive,98,-2.0474282549401197,True
V98S,-4.56563920560628,98,True,mild,sensitive,98,-2.021542934664853,True
V98T,-5.728576154433122,98,True,mild,sensitive,98,-2.536460313478937,True
V98V,0.0,98,True,neutral,sensitive,98,0.0,True
V98W,-6.103422667326679,98,True,impactful,sensitive,98,-2.702432324318787,True
V98Y,-4.03477105348267,98,True,mild,sensitive,98,-1.7864887146891941,True
D99A,-3.96925105992251,99,True,mild,sensitive,99,-1.9482667830996703,True
D99C,-3.40332026940803,99,True,neutral,sensitive,99,-1.6704853719348587,True
D99D,0.0,99,True,neutral,sensitive,99,0.0,True
D99E,-2.45667707640867,99,True,neutral,sensitive,99,-1.2058351241865923,True
D99F,-3.8595520530469103,99,True,mild,sensitive,99,-1.8944221338174136,True
D99G,-4.36963713528221,99,True,mild,sensitive,99,-2.1447922432589412,True
D99H,-0.6247731644172491,99,True,neutral,sensitive,99,-0.30666359593539005,True
D99I,-5.88635471852165,99,True,impactful,sensitive,99,-2.889257746236296,True
D99K,-4.09703334108488,99,True,mild,sensitive,99,-2.0109874248779227,True
D99L,-3.7543114414488703,99,True,mild,sensitive,99,-1.8427658428158669,True
D99M,-4.77420121099216,99,True,mild,sensitive,99,-2.3433684326815634,True
D99N,-1.78194792274951,99,True,neutral,sensitive,99,-0.8746511356160234,True
D99P,-4.52884954412397,99,True,mild,sensitive,99,-2.2229400456833464,True
D99Q,-2.8142777076080696,99,True,neutral,sensitive,99,-1.3813597813230112,True
D99R,-4.21849627940664,99,True,mild,sensitive,99,-2.0706062810645074,True
D99S,-3.35780683698374,99,True,neutral,sensitive,99,-1.648145563432338,True
D99T,-3.6819434640496898,99,True,mild,sensitive,99,-1.8072447522125217,True
D99V,-3.72169352764526,99,True,mild,sensitive,99,-1.8267556693503408,True
D99W,-6.01187576479257,99,True,impactful,sensitive,99,-2.950868483712379,True
D99Y,-6.01187576479257,99,True,impactful,sensitive,99,-2.950868483712379,True
F100A,-3.26378429710679,100,True,neutral,sensitive,100,-1.0658912237204,True
F100C,-4.7980280717492505,100,True,mild,sensitive,100,-1.5669466935591134,True
F100D,-5.84293833801016,100,True,impactful,sensitive,100,-1.9081949443611508,True
F100E,-4.76358852441922,100,True,mild,sensitive,100,-1.5556993782017465,True
F100F,0.0,100,True,neutral,sensitive,100,0.0,True
F100G,-4.90854147923901,100,True,mild,sensitive,100,-1.6030383161737547,True
F100H,-4.9833629117609295,100,True,mild,sensitive,100,-1.6274736038678586,True
F100I,-2.9557118889165896,100,True,neutral,sensitive,100,-0.9652805073653299,True
F100K,-3.77771881627706,100,True,mild,sensitive,100,-1.2337326751411188,True
F100L,-2.75997796753851,100,True,neutral,sensitive,100,-0.9013574505731832,True
F100M,-3.7666119945224894,100,True,mild,sensitive,100,-1.2301053938155369,True
F100N,-3.87884253322334,100,True,mild,sensitive,100,-1.2667577995338597,True
F100P,-3.01001083531911,100,True,neutral,sensitive,100,-0.9830135329451809,True
F100Q,-5.84293833801016,100,True,impactful,sensitive,100,-1.9081949443611508,True
F100R,-3.2364616806112005,100,True,neutral,sensitive,100,-1.0569681655521432,True
F100S,-4.5248359459587695,100,True,mild,sensitive,100,-1.4777272284346186,True
F100T,-4.47637345461949,100,True,mild,sensitive,100,-1.4619002804822203,True
F100V,-3.56194415963306,100,True,mild,sensitive,100,-1.163264687099752,True
F100W,-3.02332907427757,100,True,neutral,sensitive,100,-0.9873630219827431,True
F100Y,-4.08310896609671,100,True,mild,sensitive,100,-1.3334674158199,True
D101A,-4.61292745310903,101,True,mild,sensitive,101,-1.8174219080631067,True
D101C,-5.71711714261461,101,True,mild,sensitive,101,-2.252455528852505,True
D101D,0.0,101,True,neutral,sensitive,101,0.0,True
D101E,-1.85678063270696,101,True,neutral,sensitive,101,-0.7315427859318526,True
D101F,-6.66330988287972,101,True,impactful,sensitive,101,-2.625240800870836,True
D101G,-4.01864125969538,101,True,mild,sensitive,101,-1.583282360335893,True
D101H,-3.26923859681656,101,True,neutral,sensitive,101,-1.2880293282165933,True
D101I,-4.0146251913793,101,True,mild,sensitive,101,-1.581700091675456,True
D101K,-3.62315075504806,101,True,mild,sensitive,101,-1.427465232300954,True
D101L,-4.1340527353068,101,True,mild,sensitive,101,-1.6287526926466072,True
D101M,-4.01326236359773,101,True,mild,sensitive,101,-1.581163158655737,True
D101N,-2.06941030415703,101,True,neutral,sensitive,101,-0.8153155803505392,True
D101P,-6.66330988287972,101,True,impactful,sensitive,101,-2.625240800870836,True
D101Q,-0.6202993397572939,101,True,neutral,sensitive,101,-0.2443883241372408,True
D101R,-3.66802516202458,101,True,mild,sensitive,101,-1.4451450530177312,True
D101S,-3.76923716344534,101,True,mild,sensitive,101,-1.485021012614067,True
D101T,-5.210659622725861,101,True,mild,sensitive,101,-2.0529191169957017,True
D101V,-3.97804918660344,101,True,mild,sensitive,101,-1.5672897127859582,True
D101W,-6.66330988287972,101,True,impactful,sensitive,101,-2.625240800870836,True
D101Y,-6.66330988287972,101,True,impactful,sensitive,101,-2.625240800870836,True
D102A,-3.5869827107363097,102,True,mild,sensitive,102,-2.44357722210536,True
D102C,-5.79547962463507,102,True,impactful,sensitive,102,-3.9480820355074893,True
D102D,0.0,102,True,neutral,sensitive,102,0.0,True
D102E,-2.44463363108654,102,True,neutral,sensitive,102,-1.6653693477350382,True
D102F,-3.91169841755565,102,True,mild,sensitive,102,-2.6647848411074335,True
D102G,-6.938555395994201,102,True,impactful,sensitive,102,-4.726784957513021,True
D102H,-3.41108649930008,102,True,neutral,sensitive,102,-2.323750612840224,True
D102I,-6.180474187559401,102,True,impactful,sensitive,102,-4.21035370517026,True
D102K,-4.11325665621288,102,True,mild,sensitive,102,-2.8020933147268625,True
D102L,-6.180474187559401,102,True,impactful,sensitive,102,-4.21035370517026,True
D102M,-6.180474187559401,102,True,impactful,sensitive,102,-4.21035370517026,True
D102N,-3.05709377039213,102,True,neutral,sensitive,102,-2.082598469407444,True
D102P,-6.938555395994201,102,True,impactful,sensitive,102,-4.726784957513021,True
D102Q,-2.21394779879248,102,True,neutral,sensitive,102,-1.5082181455368904,True
D102R,-4.18387785202035,102,True,mild,sensitive,102,-2.8502029264505144,True
D102S,-4.1114957359502,102,True,mild,sensitive,102,-2.8008937146755577,True
D102T,-5.3459758067427,102,True,mild,sensitive,102,-3.6418644205288766,True
D102V,-4.1373666517274,102,True,mild,sensitive,102,-2.8185178811704095,True
D102W,-5.3794539956457115,102,True,mild,sensitive,102,-3.6646709257277674,True
D102Y,-5.3794539956457115,102,True,mild,sensitive,102,-3.6646709257277674,True
I103A,-4.79164212058974,103,True,mild,sensitive,103,-2.833573252397439,True
I103C,-5.8985028545515705,103,True,impactful,sensitive,103,-3.4881235904550785,True
I103D,-4.2401319896056,103,True,mild,sensitive,103,-2.507433629225721,True
I103E,-4.28560926449547,103,True,mild,sensitive,103,-2.534326954410867,True
I103F,-2.86153527027636,103,True,neutral,sensitive,103,-1.6921901925448923,True
I103G,-5.69145966178852,103,True,mild,sensitive,103,-3.3656870565195804,True
I103H,-5.5544330260502806,103,True,mild,sensitive,103,-3.2846553350090235,True
I103I,0.0,103,True,neutral,sensitive,103,0.0,True
I103K,-4.0422710578658805,103,True,mild,sensitive,103,-2.3904270937286376,True
I103L,-1.48568438676116,103,True,neutral,sensitive,103,-0.8785705263215245,True
I103M,-1.55378113285211,103,True,neutral,sensitive,103,-0.9188400442534831,True
I103N,-5.5544330260502806,103,True,mild,sensitive,103,-3.2846553350090235,True
I103P,-6.81644693059991,103,True,impactful,sensitive,103,-4.0309566559527,True
I103Q,-4.162089270273509,103,True,mild,sensitive,103,-2.4612824859478177,True
I103R,-4.05814866959689,103,True,mild,sensitive,103,-2.39981643766975,True
I103S,-5.64128179587166,103,True,mild,sensitive,103,-3.3360140018243145,True
I103T,-4.89202323604386,103,True,mild,sensitive,103,-2.8929343725809313,True
I103V,-2.5922532581900897,103,True,neutral,sensitive,103,-1.5329482692967706,True
I103W,-5.611359098964349,103,True,mild,sensitive,103,-3.3183189921674336,True
I103Y,-5.611359098964349,103,True,mild,sensitive,103,-3.3183189921674336,True
H104A,-3.5895288580587,104,True,mild,sensitive,104,-1.8482844635033804,True
H104C,-5.17446272975368,104,True,mild,sensitive,104,-2.6643828336717656,True
H104D,-2.69459642045479,104,True,neutral,sensitive,104,-1.387474762365308,True
H104E,-2.7224800930709203,104,True,neutral,sensitive,104,-1.4018323454687576,True
H104F,-4.06209794347523,104,True,mild,sensitive,104,-2.0916150322342726,True
H104G,-6.45191673704784,104,True,impactful,sensitive,104,-3.322156733224385,True
H104H,0.0,104,True,neutral,sensitive,104,0.0,True
H104I,-4.83436646581801,104,True,mild,sensitive,104,-2.489263851324929,True
H104K,-3.49112221465992,104,True,neutral,sensitive,104,-1.797613894386449,True
H104L,-4.09755728375547,104,True,mild,sensitive,104,-2.10987340271064,True
H104M,-5.41787513629946,104,True,mild,sensitive,104,-2.789718326721917,True
H104N,-1.5176413629864902,104,True,neutral,sensitive,104,-0.7814487815247849,True
H104P,-6.45191673704784,104,True,impactful,sensitive,104,-3.322156733224385,True
H104Q,-1.35872337079626,104,True,neutral,sensitive,104,-0.6996203111178894,True
H104R,-3.69618820674546,104,True,mild,sensitive,104,-1.9032044334661637,True
H104S,-2.7831952508655204,104,True,neutral,sensitive,104,-1.4330951900615732,True
H104T,-3.1155467277252,104,True,neutral,sensitive,104,-1.6042263037516202,True
H104V,-3.97357226312872,104,True,mild,sensitive,104,-2.04603227024082,True
H104W,-5.25422364846721,104,True,mild,sensitive,104,-2.7054525318640525,True
H104Y,-2.7038142835519303,104,True,neutral,sensitive,104,-1.392221132661481,True
R105A,-3.890749435662241,105,True,mild,sensitive,105,-1.814669739670838,True
R105C,-5.5930146517206,105,True,mild,sensitive,105,-2.6086168255873488,True
R105D,-3.74545081829142,105,True,mild,sensitive,105,-1.7469015606814444,True
R105E,-5.37522889178764,105,True,mild,sensitive,105,-2.5070401923919263,True
R105F,-6.6743849436034814,105,True,impactful,sensitive,105,-3.112974656516361,True
R105G,-5.57467122358287,105,True,mild,sensitive,105,-2.600061336596396,True
R105H,-5.37522889178764,105,True,mild,sensitive,105,-2.5070401923919263,True
R105I,-6.04755581088873,105,True,impactful,sensitive,105,-2.8206176497516826,True
R105K,-1.44375740357875,105,True,neutral,sensitive,105,-0.6733774340968727,True
R105L,-6.04755581088873,105,True,impactful,sensitive,105,-2.8206176497516826,True
R105M,-5.09649711752234,105,True,mild,sensitive,105,-2.3770379589898387,True
R105N,-5.37522889178764,105,True,mild,sensitive,105,-2.5070401923919263,True
R105P,-5.090617958277329,105,True,mild,sensitive,105,-2.374295882545944,True
R105Q,-2.15898343905588,105,True,neutral,sensitive,105,-1.0069633061935617,True
R105R,0.0,105,True,neutral,sensitive,105,0.0,True
R105S,-4.32546425379509,105,True,mild,sensitive,105,-2.0174234350441616,True
R105T,-5.5930146517206,105,True,mild,sensitive,105,-2.6086168255873488,True
R105V,-4.873225414832009,105,True,mild,sensitive,105,-2.272902647966408,True
R105W,-6.6743849436034814,105,True,impactful,sensitive,105,-3.112974656516361,True
R105Y,-6.6743849436034814,105,True,impactful,sensitive,105,-3.112974656516361,True
K106A,-3.296410253368029,106,True,neutral,sensitive,106,-1.661502491024191,True
K106C,-5.551583369385232,106,True,mild,sensitive,106,-2.7981861747753216,True
K106D,-3.68979243450858,106,True,mild,sensitive,106,-1.859780442993837,True
K106E,-2.97727208994328,106,True,neutral,sensitive,106,-1.500646040292873,True
K106F,-6.90850694760683,106,True,impactful,sensitive,106,-3.482121647625259,True
K106G,-6.90850694760683,106,True,impactful,sensitive,106,-3.482121647625259,True
K106H,-5.05265090092187,106,True,mild,sensitive,106,-2.546707300640121,True
K106I,-6.2020637270937895,106,True,impactful,sensitive,106,-3.126050321415085,True
K106K,0.0,106,True,neutral,sensitive,106,0.0,True
K106L,-6.2020637270937895,106,True,impactful,sensitive,106,-3.126050321415085,True
K106M,-4.3615625545381205,106,True,mild,sensitive,106,-2.19837535140498,True
K106N,-3.3756882309960496,106,True,neutral,sensitive,106,-1.7014612786713699,True
K106P,-6.90850694760683,106,True,impactful,sensitive,106,-3.482121647625259,True
K106Q,-2.9818850228508595,106,True,neutral,sensitive,106,-1.5029711148217608,True
K106R,-2.2459383314875,106,True,neutral,sensitive,106,-1.132029039358948,True
K106S,-3.3522945839403,106,True,neutral,sensitive,106,-1.689670087687919,True
K106T,-5.551583369385232,106,True,mild,sensitive,106,-2.7981861747753216,True
K106V,-4.54010547821091,106,True,mild,sensitive,106,-2.288367036188143,True
K106W,-6.90850694760683,106,True,impactful,sensitive,106,-3.482121647625259,True
K106Y,-6.90850694760683,106,True,impactful,sensitive,106,-3.482121647625259,True
R107A,-4.8067961311390714,107,True,mild,sensitive,107,-2.5041478510342396,True
R107C,-6.13202833313208,107,True,impactful,sensitive,107,-3.1945406366246196,True
R107D,-3.7375021915305098,107,True,mild,sensitive,107,-1.9470886273970214,True
R107E,-3.75161853089175,107,True,mild,sensitive,107,-1.95444267360816,True
R107F,-6.97422185674558,107,True,impactful,sensitive,107,-3.6332896587954298,True
R107G,-6.97422185674558,107,True,impactful,sensitive,107,-3.6332896587954298,True
R107H,-3.3506845827198704,107,True,neutral,sensitive,107,-1.745572179139453,True
R107I,-6.7206963439839695,107,True,impactful,sensitive,107,-3.501213042553772,True
R107K,-2.4526804830651,107,True,neutral,sensitive,107,-1.2777480869540527,True
R107L,-6.7206963439839695,107,True,impactful,sensitive,107,-3.501213042553772,True
R107M,-6.7206963439839695,107,True,impactful,sensitive,107,-3.501213042553772,True
R107N,-5.153931723117831,107,True,mild,sensitive,107,-2.6849915612635553,True
R107P,-6.97422185674558,107,True,impactful,sensitive,107,-3.6332896587954298,True
R107Q,-3.6813448231775694,107,True,mild,sensitive,107,-1.9178328925074641,True
R107R,0.0,107,True,neutral,sensitive,107,0.0,True
R107S,-5.241919316560018,107,True,mild,sensitive,107,-2.7308295658355766,True
R107T,-5.726290268444459,107,True,mild,sensitive,107,-2.9831673902769476,True
R107V,-6.7206963439839695,107,True,impactful,sensitive,107,-3.501213042553772,True
R107W,-6.97422185674558,107,True,impactful,sensitive,107,-3.6332896587954298,True
R107Y,-6.97422185674558,107,True,impactful,sensitive,107,-3.6332896587954298,True
V108A,-2.40418598101534,108,True,neutral,tolerant,108,-1.3066733690854622,True
V108C,-3.87001597357462,108,True,mild,tolerant,108,-2.1033509264826873,True
V108D,-2.97373578083929,108,True,neutral,tolerant,108,-1.6162232798139213,True
V108E,-2.73685218923972,108,True,neutral,tolerant,108,-1.4874772164225385,True
V108F,-6.07867266959687,108,True,impactful,tolerant,108,-3.303754268376288,True
V108G,-6.07867266959687,108,True,impactful,tolerant,108,-3.303754268376288,True
V108H,-1.49902750340078,108,True,neutral,tolerant,108,-0.8147203809054939,True
V108I,-1.21790397826272,108,True,neutral,tolerant,108,-0.6619299451313878,True
V108K,-3.07550177291102,108,True,neutral,tolerant,108,-1.6715330240553106,True
V108L,-0.927528990071954,108,True,neutral,tolerant,108,-0.5041113457744696,True
V108M,-0.0915473367188413,108,True,neutral,tolerant,108,-0.04975591233199456,True
V108N,-3.45976674633276,108,True,neutral,tolerant,108,-1.8803807635427812,True
V108P,-6.07867266959687,108,True,impactful,tolerant,108,-3.303754268376288,True
V108Q,-1.3028740572366,108,True,neutral,tolerant,108,-0.7081111225615,True
V108R,-2.4032302892402004,108,True,neutral,tolerant,108,-1.3061539512860532,True
V108S,-3.48489549011487,108,True,neutral,tolerant,108,-1.894038217898616,True
V108T,-4.76768227974196,108,True,mild,tolerant,108,-2.5912319248149442,True
V108V,0.0,108,True,neutral,tolerant,108,0.0,True
V108W,-6.07867266959687,108,True,impactful,tolerant,108,-3.303754268376288,True
V108Y,-6.07867266959687,108,True,impactful,tolerant,108,-3.303754268376288,True
E109A,-4.572025897292098,109,True,mild,sensitive,109,-2.597604811046143,True
E109C,-5.81277017915675,109,True,impactful,sensitive,109,-3.3025359265410263,True
E109D,-1.5777839904113895,109,True,neutral,sensitive,109,-0.8964208375791631,True
E109E,0.0,109,True,neutral,sensitive,109,0.0,True
E109F,-6.682388110316559,109,True,impactful,sensitive,109,-3.7966109323476687,True
E109G,-3.75403557136342,109,True,mild,sensitive,109,-2.132862122847458,True
E109H,-4.07333185226683,109,True,mild,sensitive,109,-2.314270884314683,True
E109I,-6.439814323007799,109,True,impactful,sensitive,109,-3.658792194855364,True
E109K,-3.51585399056561,109,True,neutral,sensitive,109,-1.997538825455505,True
E109L,-6.439814323007799,109,True,impactful,sensitive,109,-3.658792194855364,True
E109M,-5.60503237960506,109,True,mild,sensitive,109,-3.1845093187146762,True
E109N,-1.44425263250749,109,True,neutral,sensitive,109,-0.8205547542478916,True
E109P,-4.5315016931059,109,True,mild,sensitive,109,-2.574580910892771,True
E109Q,-2.07272704648767,109,True,neutral,sensitive,109,-1.177623633131808,True
E109R,-1.6143575104684902,109,True,neutral,sensitive,109,-0.9172001493747253,True
E109S,-3.9098159415146,109,True,mild,sensitive,109,-2.2213690228654395,True
E109T,-5.81277017915675,109,True,impactful,sensitive,109,-3.3025359265410263,True
E109V,-6.439814323007799,109,True,impactful,sensitive,109,-3.658792194855364,True
E109W,-6.682388110316559,109,True,impactful,sensitive,109,-3.7966109323476687,True
E109Y,-6.682388110316559,109,True,impactful,sensitive,109,-3.7966109323476687,True
K110A,-3.6654541575452,110,True,mild,sensitive,110,-2.054890581698061,True
K110C,-5.0661498315929405,110,True,mild,sensitive,110,-2.840134708268597,True
K110D,-5.575133241950692,110,True,mild,sensitive,110,-3.12547594327811,True
K110E,-4.120622648190589,110,True,mild,sensitive,110,-2.310062629774998,True
K110F,-7.067572634807661,110,True,impactful,sensitive,110,-3.9621525242207656,True
K110G,-4.87511584214521,110,True,mild,sensitive,110,-2.733039126431271,True
K110H,-5.575133241950692,110,True,mild,sensitive,110,-3.12547594327811,True
K110I,-4.62073279819729,110,True,mild,sensitive,110,-2.590429425508878,True
K110K,0.0,110,True,neutral,sensitive,110,0.0,True
K110L,-4.2884312591155,110,True,mild,sensitive,110,-2.404137830090249,True
K110M,-4.850564168690389,110,True,mild,sensitive,110,-2.71927521058925,True
K110N,-4.48439502954664,110,True,mild,sensitive,110,-2.5139970968837186,True
K110P,-7.067572634807661,110,True,impactful,sensitive,110,-3.9621525242207656,True
K110Q,-4.33057933833193,110,True,mild,sensitive,110,-2.4277664685333797,True
K110R,-2.68554771992444,110,True,neutral,sensitive,110,-1.5055451464353458,True
K110S,-3.57343242394352,110,True,mild,sensitive,110,-2.003302269428386,True
K110T,-3.72673370608744,110,True,mild,sensitive,110,-2.0892445148637373,True
K110V,-5.72878870951569,110,True,mild,sensitive,110,-3.2116167486339156,True
K110W,-7.067572634807661,110,True,impactful,sensitive,110,-3.9621525242207656,True
K110Y,-7.067572634807661,110,True,impactful,sensitive,110,-3.9621525242207656,True
D111A,-4.791295505792429,111,True,mild,sensitive,111,-3.3008427754353504,True
D111C,-6.158351346124411,111,True,impactful,sensitive,111,-4.242641583027414,True
D111D,0.0,111,True,neutral,sensitive,111,0.0,True
D111E,-2.78424313411727,111,True,neutral,sensitive,111,-1.9181344217228535,True
D111F,-7.13765273999804,111,True,impactful,sensitive,111,-4.917306697511291,True
D111G,-6.08801101707405,111,True,impactful,sensitive,111,-4.194182378896311,True
D111H,-4.31915642856091,111,True,mild,sensitive,111,-2.975574409041276,True
D111I,-6.2478417621680205,111,True,impactful,sensitive,111,-4.304293758918284,True
D111K,-5.2271385679865086,111,True,mild,sensitive,111,-3.6011059133127143,True
D111L,-5.10015571891733,111,True,mild,sensitive,111,-3.513624266762744,True
D111M,-4.932218867796281,111,True,mild,sensitive,111,-3.3979283884596594,True
D111N,-3.23367657345253,111,True,neutral,sensitive,111,-2.2277603088081666,True
D111P,-7.13765273999804,111,True,impactful,sensitive,111,-4.917306697511291,True
D111Q,-2.8821248488873,111,True,neutral,sensitive,111,-1.9855675722466055,True
D111R,-6.4727666361569,111,True,impactful,sensitive,111,-4.4592501051558155,True
D111S,-4.8177791812399,111,True,mild,sensitive,111,-3.3190880388848862,True
D111T,-6.158351346124411,111,True,impactful,sensitive,111,-4.242641583027414,True
D111V,-6.2478417621680205,111,True,impactful,sensitive,111,-4.304293758918284,True
D111W,-7.13765273999804,111,True,impactful,sensitive,111,-4.917306697511291,True
D111Y,-7.13765273999804,111,True,impactful,sensitive,111,-4.917306697511291,True
L112A,-4.9876758136511,112,True,mild,sensitive,112,-2.593188997813899,True
L112C,-5.76054361363817,112,True,impactful,sensitive,112,-2.995017895795941,True
L112D,-4.62347036143052,112,True,mild,sensitive,112,-2.4038315481862984,True
L112E,-4.24362269357752,112,True,mild,sensitive,112,-2.2063414085052644,True
L112F,-2.5711649344619,112,True,neutral,sensitive,112,-1.3367983142293907,True
L112G,-6.939713912678901,112,True,impactful,sensitive,112,-3.608091311203619,True
L112H,-4.60339494189002,112,True,mild,sensitive,112,-2.393393949788977,True
L112I,-3.10792055739699,112,True,neutral,sensitive,112,-1.615867930602695,True
L112K,-5.26040242819584,112,True,mild,sensitive,112,-2.734984832722171,True
L112L,0.0,112,True,neutral,sensitive,112,0.0,True
L112M,-1.50785923793199,112,True,neutral,sensitive,112,-0.7839651437158968,True
L112N,-4.54409775874443,112,True,mild,sensitive,112,-2.3625641988830255,True
L112P,-6.939713912678901,112,True,impactful,sensitive,112,-3.608091311203619,True
L112Q,-3.1296758764164303,112,True,neutral,sensitive,112,-1.6271789411881739,True
L112R,-6.437986257502391,112,True,impactful,sensitive,112,-3.3472334118706883,True
L112S,-4.54566350575785,112,True,mild,sensitive,112,-2.363378260999382,True
L112T,-3.2901760976098102,112,True,neutral,sensitive,112,-1.710626106420169,True
L112V,-2.24455099521364,112,True,neutral,sensitive,112,-1.1669854183164061,True
L112W,-5.41795155986892,112,True,mild,sensitive,112,-2.81689766950911,True
L112Y,-2.85986273477054,112,True,neutral,sensitive,112,-1.4868978771168613,True
N113A,-1.4420933009176,113,True,neutral,tolerant,113,-0.7671519142521345,True
N113C,-2.21958836089896,113,True,neutral,tolerant,113,-1.1807567921104218,True
N113D,-2.36500162670422,113,True,neutral,tolerant,113,-1.2581124425036232,True
N113E,-1.86667314621419,113,True,neutral,tolerant,113,-0.9930161082435364,True
N113F,-2.80792508539707,113,True,neutral,tolerant,113,-1.4937349081146822,True
N113G,-2.98139204162495,113,True,neutral,tolerant,113,-1.5860143101790523,True
N113H,-3.61566980965873,113,True,mild,tolerant,113,-1.9234317322037375,True
N113I,-1.1652665007399698,113,True,neutral,tolerant,113,-0.6198880655556369,True
N113K,-3.05482140658436,113,True,neutral,tolerant,113,-1.6250766079201806,True
N113L,-0.972772862615402,113,True,neutral,tolerant,113,-0.5174870191915378,True
N113M,-0.9081140741837408,113,True,neutral,tolerant,113,-0.48309041441776185,True
N113N,0.0,113,True,neutral,tolerant,113,0.0,True
N113P,-3.5644291652662905,113,True,mild,tolerant,113,-1.8961731918525964,True
N113Q,-1.34815057465745,113,True,neutral,tolerant,113,-0.7171771017800971,True
N113R,-3.6815639946761296,113,True,mild,tolerant,113,-1.958485532219324,True
N113S,-1.37300055874274,113,True,neutral,tolerant,113,-0.730396574367644,True
N113T,-1.35179690538656,113,True,neutral,tolerant,113,-0.7191168442343844,True
N113V,-1.15761627000454,113,True,neutral,tolerant,113,-0.615818364136581,True
N113W,-4.80978550844371,113,True,mild,tolerant,113,-2.558666736470473,True
N113Y,-2.60497774851293,113,True,neutral,tolerant,113,-1.3857727964510511,True
E114A,-4.9832772844857685,114,True,mild,sensitive,114,-2.9347377635125165,True
E114C,-6.22011469906504,114,True,impactful,sensitive,114,-3.6631326050340713,True
E114D,-1.6009343430388798,114,True,neutral,sensitive,114,-0.9428177894189022,True
E114E,0.0,114,True,neutral,sensitive,114,0.0,True
E114F,-7.103403401753041,114,True,impactful,sensitive,114,-4.183316524948122,True
E114G,-7.103403401753041,114,True,impactful,sensitive,114,-4.183316524948122,True
E114H,-4.28749720282607,114,True,mild,sensitive,114,-2.524980897864361,True
E114I,-4.54503975581185,114,True,mild,sensitive,114,-2.676652140063115,True
E114K,-4.33441362047225,114,True,mild,sensitive,114,-2.5526107837275513,True
E114L,-5.23653706081199,114,True,mild,sensitive,114,-3.0838868048225856,True
E114M,-6.337420315459862,114,True,impactful,sensitive,114,-3.732215901558182,True
E114N,-4.28749720282607,114,True,mild,sensitive,114,-2.524980897864361,True
E114P,-7.103403401753041,114,True,impactful,sensitive,114,-4.183316524948122,True
E114Q,-2.18170572306606,114,True,neutral,sensitive,114,-1.2848440511802774,True
E114R,-4.94825303724361,114,True,mild,sensitive,114,-2.9141113814847364,True
E114S,-5.2555994284236505,114,True,mild,sensitive,114,-3.0951129612048645,True
E114T,-5.22961042799119,114,True,mild,sensitive,114,-3.0798075915352827,True
E114V,-6.337420315459862,114,True,impactful,sensitive,114,-3.732215901558182,True
E114W,-7.103403401753041,114,True,impactful,sensitive,114,-4.183316524948122,True
E114Y,-7.103403401753041,114,True,impactful,sensitive,114,-4.183316524948122,True
L115A,-6.92379834561037,115,True,impactful,sensitive,115,-3.5126904449386043,True
L115C,-6.92379834561037,115,True,impactful,sensitive,115,-3.5126904449386043,True
L115D,-7.07802105413039,115,True,impactful,sensitive,115,-3.5909331388429235,True
L115E,-6.14601390154158,115,True,impactful,sensitive,115,-3.118092588599466,True
L115F,-6.50593017549257,115,True,impactful,sensitive,115,-3.300690982339094,True
L115G,-7.3416665157281695,115,True,impactful,sensitive,115,-3.724689907538114,True
L115H,-7.07802105413039,115,True,impactful,sensitive,115,-3.5909331388429235,True
L115I,-3.13218251709024,115,True,neutral,sensitive,115,-1.5890681747775128,True
L115K,-5.677629054532112,115,True,mild,sensitive,115,-2.8804642097072226,True
L115L,0.0,115,True,neutral,sensitive,115,0.0,True
L115M,-1.88357431473529,115,True,neutral,sensitive,115,-0.9556045926578989,True
L115N,-7.07802105413039,115,True,impactful,sensitive,115,-3.5909331388429235,True
L115P,-7.3416665157281695,115,True,impactful,sensitive,115,-3.724689907538114,True
L115Q,-7.07802105413039,115,True,impactful,sensitive,115,-3.5909331388429235,True
L115R,-6.814375592532611,115,True,impactful,sensitive,115,-3.4571763701477334,True
L115S,-4.84971618790811,115,True,mild,sensitive,115,-2.4604344123813613,True
L115T,-6.92379834561037,115,True,impactful,sensitive,115,-3.5126904449386043,True
L115V,-4.42717025753861,115,True,mild,sensitive,115,-2.24606175476379,True
L115W,-5.0137582868244515,115,True,mild,sensitive,115,-2.5436588341030637,True
L115Y,-6.50593017549257,115,True,impactful,sensitive,115,-3.300690982339094,True
Q116A,-4.514670293014468,116,True,mild,sensitive,116,-2.5415350326661987,True
Q116C,-5.65476036853259,116,True,mild,sensitive,116,-3.1833490920024405,True
Q116D,-3.12086775965025,116,True,neutral,sensitive,116,-1.7568934670029877,True
Q116E,-2.2874615692159,116,True,neutral,sensitive,116,-1.2877271952805205,True
Q116F,-6.8695460121585095,116,True,impactful,sensitive,116,-3.867213044422706,True
Q116G,-3.76031875820907,116,True,mild,sensitive,116,-2.116872603691058,True
Q116H,-1.46300391438183,116,True,neutral,sensitive,116,-0.8235985044317576,True
Q116I,-6.28892519086879,116,True,impactful,sensitive,116,-3.5403523741570306,True
Q116K,-2.02939717470719,116,True,neutral,sensitive,116,-1.142449764868267,True
Q116L,-6.28892519086879,116,True,impactful,sensitive,116,-3.5403523741570306,True
Q116M,-5.11511566870745,116,True,mild,sensitive,116,-2.879555941942206,True
Q116N,-4.19903760150812,116,True,mild,sensitive,116,-2.363849511719224,True
Q116P,-6.8695460121585095,116,True,impactful,sensitive,116,-3.867213044422706,True
Q116Q,0.0,116,True,neutral,sensitive,116,0.0,True
Q116R,-2.86823240654744,116,True,neutral,sensitive,116,-1.6146723171231667,True
Q116S,-4.29536287884094,116,True,mild,sensitive,116,-2.4180758562767544,True
Q116T,-2.9587491227836,116,True,neutral,sensitive,116,-1.6656287304214008,True
Q116V,-6.28892519086879,116,True,impactful,sensitive,116,-3.5403523741570306,True
Q116W,-6.8695460121585095,116,True,impactful,sensitive,116,-3.867213044422706,True
Q116Y,-6.8695460121585095,116,True,impactful,sensitive,116,-3.867213044422706,True
T117A,-0.17371445613334696,117,True,neutral,tolerant,117,-0.07121875506608664,True
T117C,-1.64526800028959,117,True,neutral,tolerant,117,-0.6745203671521112,True
T117D,-2.95680294342462,117,True,neutral,tolerant,117,-1.2122181958466165,True
T117E,-2.73291669709468,117,True,neutral,tolerant,117,-1.120430211732054,True
T117F,-5.57161545995267,117,True,mild,tolerant,117,-2.284228529951451,True
T117G,-1.57984323778629,117,True,neutral,tolerant,117,-0.6476977857752181,True
T117H,-4.15864765328071,117,True,mild,tolerant,117,-1.7049456632314215,True
T117I,-5.57161545995267,117,True,mild,tolerant,117,-2.284228529951451,True
T117K,-3.4739052872705494,117,True,neutral,tolerant,117,-1.424217738027453,True
T117L,-5.008884554839679,117,True,mild,tolerant,117,-2.0535223734724797,True
T117M,-3.3920560517274203,117,True,neutral,tolerant,117,-1.3906615171564742,True
T117N,-3.3280401002040203,117,True,neutral,tolerant,117,-1.3644165144471556,True
T117P,-3.96755488747334,117,True,mild,tolerant,117,-1.6266022185586921,True
T117Q,-2.14399983214062,117,True,neutral,tolerant,117,-0.8789884406036034,True
T117R,-2.9990311301244503,117,True,neutral,tolerant,117,-1.229530738236017,True
T117S,-1.25652528085875,117,True,neutral,tolerant,117,-0.5151451882803122,True
T117T,0.0,117,True,neutral,tolerant,117,0.0,True
T117V,-4.6904046270314,117,True,mild,tolerant,117,-1.9229532517257448,True
T117W,-5.57161545995267,117,True,mild,tolerant,117,-2.284228529951451,True
T117Y,-3.28275644720783,117,True,neutral,tolerant,117,-1.3458513042567168,True
L118A,-5.54393405715328,118,True,mild,sensitive,118,-2.6020110807624435,True
L118C,-6.469766380568348,118,True,impactful,sensitive,118,-3.0365447421694918,True
L118D,-6.68121160988187,118,True,impactful,sensitive,118,-3.135785249718142,True
L118E,-6.68121160988187,118,True,impactful,sensitive,118,-3.135785249718142,True
L118F,-3.54256341314688,118,True,mild,sensitive,118,-1.6626801762582633,True
L118G,-7.20500907128741,118,True,impactful,sensitive,118,-3.38162634100852,True
L118H,-6.68121160988187,118,True,impactful,sensitive,118,-3.135785249718142,True
L118I,-3.1125000936532903,118,True,neutral,sensitive,118,-1.4608326233805504,True
L118K,-5.56657699538698,118,True,mild,sensitive,118,-2.6126384034502177,True
L118L,0.0,118,True,neutral,sensitive,118,0.0,True
L118M,-2.48230629419344,118,True,neutral,sensitive,118,-1.1650550704158764,True
L118N,-6.68121160988187,118,True,impactful,sensitive,118,-3.135785249718142,True
L118P,-6.03179708846804,118,True,impactful,sensitive,118,-2.8309865700609564,True
L118Q,-5.5757637360482,118,True,mild,sensitive,118,-2.616950143227451,True
L118R,-5.500832487116081,118,True,mild,sensitive,118,-2.5817816260685618,True
L118S,-5.31659384002565,118,True,mild,sensitive,118,-2.495310359222336,True
L118T,-6.469766380568348,118,True,impactful,sensitive,118,-3.0365447421694918,True
L118V,-4.39783891604898,118,True,mild,sensitive,118,-2.0640984313662,True
L118W,-4.89753154338288,118,True,mild,sensitive,118,-2.298626068220117,True
L118Y,-3.3763093368173,118,True,neutral,sensitive,118,-1.5846498562054265,True
I119A,-5.23218526966349,119,True,mild,sensitive,119,-2.6662829089755506,True
I119C,-5.185039511103719,119,True,mild,sensitive,119,-2.6422577791684234,True
I119D,-6.28393797233749,119,True,impactful,sensitive,119,-3.2022483060473728,True
I119E,-4.8776784639117805,119,True,mild,sensitive,119,-2.4856288631848344,True
I119F,-7.3907191258710885,119,True,impactful,sensitive,119,-3.7662557946110704,True
I119G,-7.3907191258710885,119,True,impactful,sensitive,119,-3.7662557946110704,True
I119H,-6.28393797233749,119,True,impactful,sensitive,119,-3.2022483060473728,True
I119I,0.0,119,True,neutral,sensitive,119,0.0,True
I119K,-7.3907191258710885,119,True,impactful,sensitive,119,-3.7662557946110704,True
I119L,-3.3366567274113,119,True,neutral,sensitive,119,-1.7003355857823481,True
I119M,-4.45696717587729,119,True,mild,sensitive,119,-2.2712375029623026,True
I119N,-6.28393797233749,119,True,impactful,sensitive,119,-3.2022483060473728,True
I119P,-7.3907191258710885,119,True,impactful,sensitive,119,-3.7662557946110704,True
I119Q,-5.12712236180333,119,True,mild,sensitive,119,-2.6127436283199112,True
I119R,-7.3907191258710885,119,True,impactful,sensitive,119,-3.7662557946110704,True
I119S,-4.88564841019003,119,True,mild,sensitive,119,-2.4896902888515364,True
I119T,-5.403953186024951,119,True,mild,sensitive,119,-2.753814568521383,True
I119V,-3.3125698040948905,119,True,neutral,sensitive,119,-1.688061067840349,True
I119W,-7.3907191258710885,119,True,impactful,sensitive,119,-3.7662557946110704,True
I119Y,-7.3907191258710885,119,True,impactful,sensitive,119,-3.7662557946110704,True
E120A,-2.54279720418988,120,True,neutral,sensitive,120,-1.1646512023824596,True
E120C,-3.61547887652198,120,True,mild,sensitive,120,-1.6559605358191491,True
E120D,-0.681827407586261,120,True,neutral,sensitive,120,-0.3122903819282934,True
E120E,0.0,120,True,neutral,sensitive,120,0.0,True
E120F,-6.55109370987293,120,True,impactful,sensitive,120,-3.0005299492825523,True
E120G,-3.04731425490453,120,True,neutral,sensitive,120,-1.395729948563664,True
E120H,-3.0630663640671,120,True,neutral,sensitive,120,-1.402944724813228,True
E120I,-5.648641665437701,120,True,mild,sensitive,120,-2.5871891382606784,True
E120K,-4.13534926465504,120,True,mild,sensitive,120,-1.8940714129368952,True
E120L,-4.33757698036107,120,True,mild,sensitive,120,-1.9866956898017594,True
E120M,-5.648641665437701,120,True,mild,sensitive,120,-2.5871891382606784,True
E120N,-1.81724300274892,120,True,neutral,sensitive,120,-0.8323330876269902,True
E120P,-6.55109370987293,120,True,impactful,sensitive,120,-3.0005299492825523,True
E120Q,-1.5325447855700502,120,True,neutral,sensitive,120,-0.7019356967508464,True
E120R,-5.7311094423868,120,True,mild,sensitive,120,-2.6249610043864227,True
E120S,-3.1222884514936204,120,True,neutral,sensitive,120,-1.4300696072911725,True
E120T,-3.28537069231337,120,True,neutral,sensitive,120,-1.5047644856499283,True
E120V,-2.9831922350473303,120,True,neutral,sensitive,120,-1.3663608005235348,True
E120W,-6.55109370987293,120,True,impactful,sensitive,120,-3.0005299492825523,True
E120Y,-6.55109370987293,120,True,impactful,sensitive,120,-3.0005299492825523,True
A121A,0.0,121,True,neutral,tolerant,121,0.0,True
A121C,-3.85171727212293,121,True,mild,tolerant,121,-2.4849299520747494,True
A121D,-1.65768870067771,121,True,neutral,tolerant,121,-1.0694555213964436,True
A121E,-2.78307087258731,121,True,neutral,tolerant,121,-1.795494238399099,True
A121F,-3.57759508111698,121,True,mild,tolerant,121,-2.308080408135196,True
A121G,-3.5567412251356103,121,True,mild,tolerant,121,-2.294626572434582,True
A121H,-4.115388394810161,121,True,mild,tolerant,121,-2.655037004065497,True
A121I,-1.83725529251122,121,True,neutral,tolerant,121,-1.185302654224325,True
A121K,-2.98519590571579,121,True,neutral,tolerant,121,-1.9258949177325095,True
A121L,-1.64481511146921,121,True,neutral,tolerant,121,-1.0611501435208561,True
A121M,-1.86847556910485,121,True,neutral,tolerant,121,-1.2054443715256082,True
A121N,-1.73874121307724,121,True,neutral,tolerant,121,-1.1217464351689106,True
A121P,-6.1861757529922805,121,True,impactful,tolerant,121,-3.9910025402608187,True
A121Q,-1.79730259109175,121,True,neutral,tolerant,121,-1.159527225393636,True
A121R,-3.40094808789931,121,True,neutral,tolerant,121,-2.1941168502262336,True
A121S,-1.34085703311345,121,True,neutral,tolerant,121,-0.865052019043249,True
A121T,-1.3933033681512998,121,True,neutral,tolerant,121,-0.8988876979377879,True
A121V,-1.34194621868903,121,True,neutral,tolerant,121,-0.8657547055773089,True
A121W,-4.40367443873018,121,True,mild,tolerant,121,-2.841024337685951,True
A121Y,-4.42340424188064,121,True,mild,tolerant,121,-2.8537529922920286,True
H122A,-6.795973493617129,122,True,impactful,sensitive,122,-3.829732311169169,True
H122C,-6.795973493617129,122,True,impactful,sensitive,122,-3.829732311169169,True
H122D,-4.4024946845393895,122,True,mild,sensitive,122,-2.4809361247460004,True
H122E,-4.4024946845393895,122,True,mild,sensitive,122,-2.4809361247460004,True
H122F,-4.89991119918946,122,True,mild,sensitive,122,-2.761245060626004,True
H122G,-7.21151260568295,122,True,impactful,sensitive,122,-4.0639009060772695,True
H122H,0.0,122,True,neutral,sensitive,122,0.0,True
H122I,-5.3171250176752105,122,True,mild,sensitive,122,-2.9963574021944104,True
H122K,-4.98160138490312,122,True,mild,sensitive,122,-2.807279899347322,True
H122L,-5.51270662382918,122,True,mild,sensitive,122,-3.106573428972872,True
H122M,-6.424984636957968,122,True,impactful,sensitive,122,-3.6206691044386368,True
H122N,-4.4024946845393895,122,True,mild,sensitive,122,-2.4809361247460004,True
H122P,-7.21151260568295,122,True,impactful,sensitive,122,-4.0639009060772695,True
H122Q,-3.5558391661837705,122,True,mild,sensitive,122,-2.003820668347949,True
H122R,-4.4953151517657695,122,True,mild,sensitive,122,-2.5332432066980646,True
H122S,-6.795973493617129,122,True,impactful,sensitive,122,-3.829732311169169,True
H122T,-6.3390479023813295,122,True,impactful,sensitive,122,-3.5722412096810086,True
H122V,-6.424984636957968,122,True,impactful,sensitive,122,-3.6206691044386368,True
H122W,-3.37707855200714,122,True,neutral,sensitive,122,-1.9030837686646767,True
H122Y,-3.81951501222044,122,True,mild,sensitive,122,-2.1524098157585336,True
F123A,-5.53352223726936,123,True,mild,sensitive,123,-2.1832973347106672,True
F123C,-6.45676576889625,123,True,impactful,sensitive,123,-2.547570767699445,True
F123D,-6.66780807484246,123,True,impactful,sensitive,123,-2.63083926908545,True
F123E,-5.76966002611467,123,True,impactful,sensitive,123,-2.2764674681092547,True
F123F,0.0,123,True,neutral,sensitive,123,0.0,True
F123G,-7.19060740430799,123,True,impactful,sensitive,123,-2.8371141033895184,True
F123H,-6.66780807484246,123,True,impactful,sensitive,123,-2.63083926908545,True
F123I,-5.20911609474686,123,True,mild,sensitive,123,-2.0553001864272877,True
F123K,-3.53728521488855,123,True,neutral,sensitive,123,-1.395665373812373,True
F123L,-4.15970835869129,123,True,mild,sensitive,123,-1.6412476146813197,True
F123M,-5.48098625814189,123,True,mild,sensitive,123,-2.1625688261247826,True
F123N,-6.66780807484246,123,True,impactful,sensitive,123,-2.63083926908545,True
F123P,-7.19060740430799,123,True,impactful,sensitive,123,-2.8371141033895184,True
F123Q,-6.66780807484246,123,True,impactful,sensitive,123,-2.63083926908545,True
F123R,-3.35599884445742,123,True,neutral,sensitive,123,-1.3241373248753232,True
F123S,-5.352186613799191,123,True,mild,sensitive,123,-2.111749852576415,True
F123T,-6.00119317221995,123,True,impactful,sensitive,123,-2.3678208013233424,True
F123V,-5.3828051403358605,123,True,mild,sensitive,123,-2.1238306475048305,True
F123W,-3.4852710091919903,123,True,neutral,sensitive,123,-1.3751427352839642,True
F123Y,-4.14424974107225,123,True,mild,sensitive,123,-1.6351482882127926,True
E124A,-3.82412443709122,124,True,mild,tolerant,124,-2.3226208900870207,True
E124C,-5.20368632470991,124,True,mild,tolerant,124,-3.1605118405677777,True
E124D,-1.4309865301346698,124,True,neutral,tolerant,124,-0.8691242303956027,True
E124E,0.0,124,True,neutral,tolerant,124,0.0,True
E124F,-6.72138959702633,124,True,impactful,tolerant,124,-4.082304366732758,True
E124G,-5.39622706915689,124,True,mild,tolerant,124,-3.2774534209483623,True
E124H,-2.01731862477121,124,True,neutral,tolerant,124,-1.2252389944243505,True
E124I,-2.00343304607133,124,True,neutral,tolerant,124,-1.2168054469052172,True
E124K,-3.19402273522029,124,True,neutral,tolerant,124,-1.9399222097171966,True
E124L,-2.27567796122679,124,True,neutral,tolerant,124,-1.3821561664129245,True
E124M,-4.75910580245028,124,True,mild,tolerant,124,-2.890491336446462,True
E124N,-3.1338984656126403,124,True,neutral,tolerant,124,-1.9034051227632556,True
E124P,-6.72138959702633,124,True,impactful,tolerant,124,-4.082304366732758,True
E124Q,-1.6303621618084698,124,True,neutral,tolerant,124,-0.9902170490832958,True
E124R,-3.70165958113,124,True,mild,tolerant,124,-2.248240613650885,True
E124S,-2.5463188630695,124,True,neutral,tolerant,124,-1.546532672113143,True
E124T,-2.65837014272637,124,True,neutral,tolerant,124,-1.6145881570151945,True
E124V,-1.9374412618514696,124,True,neutral,tolerant,124,-1.1767246652453638,True
E124W,-6.72138959702633,124,True,impactful,tolerant,124,-4.082304366732758,True
E124Y,-6.72138959702633,124,True,impactful,tolerant,124,-4.082304366732758,True
N125A,-1.62937678625292,125,True,neutral,tolerant,125,-0.8507813445650836,True
N125C,-1.57661094048161,125,True,neutral,tolerant,125,-0.8232295851493455,True
N125D,-3.91550130044166,125,True,mild,tolerant,125,-2.0444844244387053,True
N125E,-1.8762263531964,125,True,neutral,tolerant,125,-0.9796741876701178,True
N125F,-4.76311906795511,125,True,mild,tolerant,125,-2.4870692151430998,True
N125G,-2.5005981799946,125,True,neutral,tolerant,125,-1.3056908013801614,True
N125H,-1.38829176356018,125,True,neutral,tolerant,125,-0.7248984662207036,True
N125I,-4.480255610778499,125,True,mild,tolerant,125,-2.33937166939711,True
N125K,-2.07870532732834,125,True,neutral,tolerant,125,-1.0853988643143024,True
N125L,-2.96062383702399,125,True,neutral,tolerant,125,-1.5458938350332676,True
N125M,-4.37091488839399,125,True,mild,tolerant,125,-2.2822792598385204,True
N125N,0.0,125,True,neutral,tolerant,125,0.0,True
N125P,-6.32675231004571,125,True,impactful,tolerant,125,-3.30352247711194,True
N125Q,-1.26249269647449,125,True,neutral,tolerant,125,-0.6592123091923298,True
N125R,-2.2323892035684,125,True,neutral,tolerant,125,-1.1656451130448868,True
N125S,-0.9200100301414,125,True,neutral,tolerant,125,-0.4803845108516015,True
N125T,-1.59779089362728,125,True,neutral,tolerant,125,-0.834288727004765,True
N125V,-4.32636189918705,125,True,mild,tolerant,125,-2.2590158548473123,True
N125W,-4.845277453442638,125,True,mild,tolerant,125,-2.5299683298611404,True
N125Y,-5.72400442459739,125,True,mild,tolerant,125,-2.9887968343127778,True
R126A,-7.15879772169651,126,True,impactful,sensitive,126,-3.8467145264362803,True
R126C,-7.15879772169651,126,True,impactful,sensitive,126,-3.8467145264362803,True
R126D,-6.359793103721452,126,True,impactful,sensitive,126,-3.4173766976358944,True
R126E,-5.44575078476443,126,True,mild,sensitive,126,-2.9262244116237905,True
R126F,-7.425132594354861,126,True,impactful,sensitive,126,-3.9898271360364075,True
R126G,-7.425132594354861,126,True,impactful,sensitive,126,-3.9898271360364075,True
R126H,-5.177554299918191,126,True,mild,sensitive,126,-2.7821114817290926,True
R126I,-6.806722170881178,126,True,impactful,sensitive,126,-3.657529947073219,True
R126K,-3.0207093924003,126,True,neutral,sensitive,126,-1.623150583605965,True
R126L,-5.98619077314955,126,True,impactful,sensitive,126,-3.2166248999191116,True
R126M,-5.8030299848035884,126,True,impactful,sensitive,126,-3.1182051243374427,True
R126N,-6.359793103721452,126,True,impactful,sensitive,126,-3.4173766976358944,True
R126P,-7.425132594354861,126,True,impactful,sensitive,126,-3.9898271360364075,True
R126Q,-5.26225865236523,126,True,mild,sensitive,126,-2.8276265913435026,True
R126R,0.0,126,True,neutral,sensitive,126,0.0,True
R126S,-4.99204278746484,126,True,mild,sensitive,126,-2.682428566033249,True
R126T,-7.15879772169651,126,True,impactful,sensitive,126,-3.8467145264362803,True
R126V,-6.806722170881178,126,True,impactful,sensitive,126,-3.657529947073219,True
R126W,-7.425132594354861,126,True,impactful,sensitive,126,-3.9898271360364075,True
R126Y,-7.425132594354861,126,True,impactful,sensitive,126,-3.9898271360364075,True
K127A,-3.20275714590029,127,True,neutral,sensitive,127,-1.6622976835300325,True
K127C,-4.62801425255412,127,True,mild,sensitive,127,-2.4020358150515215,True
K127D,-3.99207187454883,127,True,mild,sensitive,127,-2.0719684719281273,True
K127E,-3.26536129032217,127,True,neutral,sensitive,127,-1.6947905387516908,True
K127F,-6.4985169406832,127,True,impactful,sensitive,127,-3.372865679405673,True
K127G,-4.5025495896649685,127,True,mild,sensitive,127,-2.3369170411374642,True
K127H,-2.70162201266764,127,True,neutral,sensitive,127,-1.4021981089573923,True
K127I,-5.89408145709914,127,True,impactful,sensitive,127,-3.0591510708874226,True
K127K,0.0,127,True,neutral,sensitive,127,0.0,True
K127L,-4.70774843178675,127,True,mild,sensitive,127,-2.4434195152194316,True
K127M,-5.89408145709914,127,True,impactful,sensitive,127,-3.0591510708874226,True
K127N,-4.04108392592803,127,True,mild,sensitive,127,-2.0974067476890568,True
K127P,-6.74427920502253,127,True,impactful,sensitive,127,-3.5004214146987174,True
K127Q,-2.15900643932989,127,True,neutral,sensitive,127,-1.1205693217852963,True
K127R,-1.4543432937449097,127,True,neutral,sensitive,127,-0.7548344685903529,True
K127S,-2.32955196336051,127,True,neutral,sensitive,127,-1.2090860018262441,True
K127T,-2.6946180756824303,127,True,neutral,sensitive,127,-1.3985629197451825,True
K127V,-4.651299953126991,127,True,mild,sensitive,127,-2.414121578772697,True
K127W,-6.4985169406832,127,True,impactful,sensitive,127,-3.372865679405673,True
K127Y,-5.643352779476169,127,True,mild,sensitive,127,-2.929017663632139,True
K128A,-3.75011747358338,128,True,mild,sensitive,128,-2.1042063567147564,True
K128C,-5.84999448748461,128,True,impactful,sensitive,128,-3.282455996118199,True
K128D,-5.80272117134943,128,True,impactful,sensitive,128,-3.2559307437720157,True
K128E,-3.47686516509676,128,True,neutral,sensitive,128,-1.9508833612206677,True
K128F,-7.1967224321844006,128,True,impactful,sensitive,128,-4.038110591464756,True
K128G,-7.1967224321844006,128,True,impactful,sensitive,128,-4.038110591464756,True
K128H,-5.80272117134943,128,True,impactful,sensitive,128,-3.2559307437720157,True
K128I,-4.77435136675867,128,True,mild,sensitive,128,-2.6789082117803185,True
K128K,0.0,128,True,neutral,sensitive,128,0.0,True
K128L,-5.38274255147784,128,True,mild,sensitive,128,-3.0202790107681263,True
K128M,-6.269951648079458,128,True,impactful,sensitive,128,-3.5180956882335437,True
K128N,-3.15380951221771,128,True,neutral,sensitive,128,-1.769615504107066,True
K128P,-6.171485259424468,128,True,impactful,sensitive,128,-3.4628457920929314,True
K128Q,-3.1574559665120203,128,True,neutral,sensitive,128,-1.771661544627025,True
K128R,-1.4741564105651102,128,True,neutral,sensitive,128,-0.8271552322703377,True
K128S,-3.74684822402676,128,True,mild,sensitive,128,-2.1023719673263748,True
K128T,-3.62905049811959,128,True,mild,sensitive,128,-2.0362751782507087,True
K128V,-5.23578681269968,128,True,mild,sensitive,128,-2.937821540603268,True
K128W,-7.1967224321844006,128,True,impactful,sensitive,128,-4.038110591464756,True
K128Y,-7.1967224321844006,128,True,impactful,sensitive,128,-4.038110591464756,True
E129A,-5.67230256186141,129,True,mild,sensitive,129,-2.5738895328833613,True
E129C,-6.62103513000471,129,True,impactful,sensitive,129,-3.0043906918074814,True
E129D,-1.33962060843435,129,True,neutral,sensitive,129,-0.6078722748795886,True
E129E,0.0,129,True,neutral,sensitive,129,0.0,True
E129F,-6.62103513000471,129,True,impactful,sensitive,129,-3.0043906918074814,True
E129G,-4.53603937967527,129,True,mild,sensitive,129,-2.0582936387408757,True
E129H,-4.22743778929967,129,True,mild,sensitive,129,-1.9182611925452946,True
E129I,-6.51654900129022,129,True,impactful,sensitive,129,-2.956978595908726,True
E129K,-5.34772286094391,129,True,mild,sensitive,129,-2.4266067873550954,True
E129L,-5.228863771054651,129,True,mild,sensitive,129,-2.3726727519228223,True
E129M,-6.51654900129022,129,True,impactful,sensitive,129,-2.956978595908726,True
E129N,-4.22743778929967,129,True,mild,sensitive,129,-1.9182611925452946,True
E129P,-7.020051113248969,129,True,impactful,sensitive,129,-3.1854499797289164,True
E129Q,-3.1900015183945696,129,True,neutral,sensitive,129,-1.4475094423354251,True
E129R,-5.29183703256012,129,True,mild,sensitive,129,-2.401247782410488,True
E129S,-6.62103513000471,129,True,impactful,sensitive,129,-3.0043906918074814,True
E129T,-6.62103513000471,129,True,impactful,sensitive,129,-3.0043906918074814,True
E129V,-6.51654900129022,129,True,impactful,sensitive,129,-2.956978595908726,True
E129W,-6.62103513000471,129,True,impactful,sensitive,129,-3.0043906918074814,True
E129Y,-5.921357399478941,129,True,impactful,sensitive,129,-2.6869017766180057,True
E130A,-5.610771559340731,130,True,mild,sensitive,130,-3.0745501609041908,True
E130C,-6.702479000805299,130,True,impactful,sensitive,130,-3.6727761364792118,True
E130D,-2.13322712479745,130,True,neutral,sensitive,130,-1.1689504251643132,True
E130E,0.0,130,True,neutral,sensitive,130,0.0,True
E130F,-7.38728946994426,130,True,impactful,sensitive,130,-4.048033641763826,True
E130G,-5.41726115751765,130,True,mild,sensitive,130,-2.9685117255892988,True
E130H,-4.44858679259453,130,True,mild,sensitive,130,-2.437704528568416,True
E130I,-6.64356261097532,130,True,impactful,sensitive,130,-3.640491557804806,True
E130K,-6.38191740839706,130,True,impactful,sensitive,130,-3.4971171054360264,True
E130L,-5.52410420760743,130,True,mild,sensitive,130,-3.0270588101338753,True
E130M,-6.64356261097532,130,True,impactful,sensitive,130,-3.640491557804806,True
E130N,-4.44858679259453,130,True,mild,sensitive,130,-2.437704528568416,True
E130P,-7.38728946994426,130,True,impactful,sensitive,130,-4.048033641763826,True
E130Q,-3.61475528598164,130,True,mild,sensitive,130,-1.9807875491993827,True
E130R,-6.23931202983786,130,True,impactful,sensitive,130,-3.4189732378845004,True
E130S,-6.702479000805299,130,True,impactful,sensitive,130,-3.6727761364792118,True
E130T,-4.54722776235187,130,True,mild,sensitive,130,-2.491757096246792,True
E130V,-6.64356261097532,130,True,impactful,sensitive,130,-3.640491557804806,True
E130W,-7.38728946994426,130,True,impactful,sensitive,130,-4.048033641763826,True
E130Y,-7.38728946994426,130,True,impactful,sensitive,130,-4.048033641763826,True
E131A,-2.76714966360587,131,True,neutral,sensitive,131,-1.4600442057180263,True
E131C,-5.3576650263199,131,True,mild,sensitive,131,-2.8268900236003454,True
E131D,-1.3581333681972805,131,True,neutral,sensitive,131,-0.7165983036294414,True
E131E,0.0,131,True,neutral,sensitive,131,0.0,True
E131F,-6.843651770221831,131,True,impactful,sensitive,131,-3.6109482058312983,True
E131G,-4.33798342542777,131,True,mild,sensitive,131,-2.2888706195035655,True
E131H,-4.1282699204537705,131,True,mild,sensitive,131,-2.178218495469512,True
E131I,-4.27708218544799,131,True,mild,sensitive,131,-2.2567370115086693,True
E131K,-4.45542582344249,131,True,mild,sensitive,131,-2.3508373049280102,True
E131L,-6.026970889438701,131,True,impactful,sensitive,131,-3.1800390274841104,True
E131M,-6.026970889438701,131,True,impactful,sensitive,131,-3.1800390274841104,True
E131N,-1.53701161577239,131,True,neutral,sensitive,131,-0.8109806756189285,True
E131P,-6.843651770221831,131,True,impactful,sensitive,131,-3.6109482058312983,True
E131Q,-0.6436538131729239,131,True,neutral,sensitive,131,-0.3396140919919873,True
E131R,-5.350593216254071,131,True,mild,sensitive,131,-2.8231586911587536,True
E131S,-3.8086225091647297,131,True,mild,sensitive,131,-2.0095614268391238,True
E131T,-4.6179353916425,131,True,mild,sensitive,131,-2.4365829935493384,True
E131V,-4.64717339852028,131,True,mild,sensitive,131,-2.452009980781037,True
E131W,-6.843651770221831,131,True,impactful,sensitive,131,-3.6109482058312983,True
E131Y,-6.843651770221831,131,True,impactful,sensitive,131,-3.6109482058312983,True
E132A,-5.3602441189496,132,True,mild,sensitive,132,-2.3785202892666497,True
E132C,-6.48781608822718,132,True,impactful,sensitive,132,-2.87886183099864,True
E132D,-1.4084702130607,132,True,neutral,sensitive,132,-0.6249855238401121,True
E132E,0.0,132,True,neutral,sensitive,132,0.0,True
E132F,-7.214107592260588,132,True,impactful,sensitive,132,-3.2011417570487195,True
E132G,-6.17695849555526,132,True,impactful,sensitive,132,-2.740923879883898,True
E132H,-4.3442975784091695,132,True,mild,sensitive,132,-1.9277106981618313,True
E132I,-6.696687084916201,132,True,impactful,sensitive,132,-2.97154490520936,True
E132K,-5.24152296880257,132,True,mild,sensitive,132,-2.3258397288064447,True
E132L,-6.696687084916201,132,True,impactful,sensitive,132,-2.97154490520936,True
E132M,-6.696687084916201,132,True,impactful,sensitive,132,-2.97154490520936,True
E132N,-3.4660899271882,132,True,neutral,sensitive,132,-1.5380204769210093,True
E132P,-7.214107592260588,132,True,impactful,sensitive,132,-3.2011417570487195,True
E132Q,-2.25254462505736,132,True,neutral,sensitive,132,-0.999529680791362,True
E132R,-4.82268184339046,132,True,mild,sensitive,132,-2.1399858585974134,True
E132S,-6.48781608822718,132,True,impactful,sensitive,132,-2.87886183099864,True
E132T,-6.48781608822718,132,True,impactful,sensitive,132,-2.87886183099864,True
E132V,-5.24575246212878,132,True,mild,sensitive,132,-2.327716497003278,True
E132W,-7.214107592260588,132,True,impactful,sensitive,132,-3.2011417570487195,True
E132Y,-7.214107592260588,132,True,impactful,sensitive,132,-3.2011417570487195,True
L133A,-5.60602595350647,133,True,mild,sensitive,133,-2.9483627473871765,True
L133C,-5.795243283057211,133,True,impactful,sensitive,133,-3.0478773287027594,True
L133D,-6.62486682805512,133,True,impactful,sensitive,133,-3.4841990965135516,True
L133E,-5.67890849738046,133,True,mild,sensitive,133,-2.986693675405531,True
L133F,-3.0887169131072003,133,True,neutral,sensitive,133,-1.6244409068662857,True
L133G,-5.99597116027809,133,True,impactful,sensitive,133,-3.1534456226186975,True
L133H,-6.62486682805512,133,True,impactful,sensitive,133,-3.4841990965135516,True
L133I,-1.13956721850741,133,True,neutral,sensitive,133,-0.5993296433259176,True
L133K,-5.1640518374367,133,True,mild,sensitive,133,-2.7159164422974866,True
L133L,0.0,133,True,neutral,sensitive,133,0.0,True
L133M,-1.62213162304772,133,True,neutral,sensitive,133,-0.8531234939719007,True
L133N,-6.62486682805512,133,True,impactful,sensitive,133,-3.4841990965135516,True
L133P,-7.13690851327836,133,True,impactful,sensitive,133,-3.7534958572389048,True
L133Q,-6.62486682805512,133,True,impactful,sensitive,133,-3.4841990965135516,True
L133R,-5.208374463677232,133,True,mild,sensitive,133,-2.739226926615207,True
L133S,-6.47510423572428,133,True,impactful,sensitive,133,-3.4054348432185417,True
L133T,-6.47510423572428,133,True,impactful,sensitive,133,-3.4054348432185417,True
L133V,-3.3602238860627205,133,True,neutral,sensitive,133,-1.767233867754598,True
L133W,-5.995201072705929,133,True,impactful,sensitive,133,-3.153040612451278,True
L133Y,-5.53977883719813,133,True,mild,sensitive,133,-2.9135215726467765,True
I134A,-3.0915519996538903,134,True,neutral,tolerant,134,-1.5564805300240945,True
I134C,-4.88136716738773,134,True,mild,tolerant,134,-2.457585367086972,True
I134D,-2.6808923367240496,134,True,neutral,tolerant,134,-1.3497287853055475,True
I134E,-2.59414480282767,134,True,neutral,tolerant,134,-1.3060546541402183,True
I134F,-4.34866599184551,134,True,mild,tolerant,134,-2.1893902960853393,True
I134G,-5.293148298196269,134,True,mild,tolerant,134,-2.6649017288387875,True
I134H,-3.6395641176908,134,True,mild,tolerant,134,-1.8323840865669598,True
I134I,0.0,134,True,neutral,tolerant,134,0.0,True
I134K,-2.87094516029188,134,True,neutral,tolerant,134,-1.4454132569212763,True
I134L,-0.2984292139662429,134,True,neutral,tolerant,134,-0.15024792116737934,True
I134M,-0.820116763294889,134,True,neutral,tolerant,134,-0.41289804426960364,True
I134N,-3.0873817234035403,134,True,neutral,tolerant,134,-1.5543809522750487,True
I134P,-6.17012392252675,134,True,impactful,tolerant,134,-3.1064260780099917,True
I134Q,-2.29553247213668,134,True,neutral,tolerant,134,-1.1557145405669462,True
I134R,-2.87614501775468,134,True,neutral,tolerant,134,-1.448031190211952,True
I134S,-3.11134122251931,134,True,neutral,tolerant,134,-1.5664436618419586,True
I134T,-2.4368966909524703,134,True,neutral,tolerant,134,-1.226886125018211,True
I134V,-0.16782116314870202,134,True,neutral,tolerant,134,-0.08449166405617474,True
I134W,-5.945128347716991,134,True,impactful,tolerant,134,-2.993149241142238,True
I134Y,-5.945128347716991,134,True,impactful,tolerant,134,-2.993149241142238,True
S135A,-1.00356948461146,135,True,neutral,tolerant,135,-0.6892795054199498,True
S135C,-1.47230782258837,135,True,neutral,tolerant,135,-1.011222066175652,True
S135D,-1.92929631233974,135,True,neutral,tolerant,135,-1.3250945035389563,True
S135E,-2.3214189265764302,135,True,neutral,tolerant,135,-1.5944152488879297,True
S135F,-1.96643535988516,135,True,neutral,tolerant,135,-1.3506026369730713,True
S135G,-1.73281652193174,135,True,neutral,tolerant,135,-1.190146704872206,True
S135H,-1.78815524190981,135,True,neutral,tolerant,135,-1.228154880810143,True
S135I,-5.00082583234228,135,True,mild,tolerant,135,-3.434706623969058,True
S135K,-2.0631224879161496,135,True,neutral,tolerant,135,-1.4170100525148839,True
S135L,-3.00002737766999,135,True,neutral,tolerant,135,-2.0605024553205373,True
S135M,-4.217810700595581,135,True,mild,tolerant,135,-2.8969099980028377,True
S135N,-1.7153301353063202,135,True,neutral,tolerant,135,-1.1781365669499497,True
S135P,-3.975359240579501,135,True,mild,tolerant,135,-2.7303875747817603,True
S135Q,-1.6656894395258302,135,True,neutral,tolerant,135,-1.144041952913807,True
S135R,-2.72710079217654,135,True,neutral,tolerant,135,-1.8730488661575366,True
S135S,0.0,135,True,neutral,tolerant,135,0.0,True
S135T,-1.33297480748452,135,True,neutral,tolerant,135,-0.9155242662603481,True
S135V,-2.53387540061914,135,True,neutral,tolerant,135,-1.7403362793665733,True
S135W,-5.116845058106669,135,True,mild,tolerant,135,-3.5143918632876336,True
S135Y,-2.53938714287781,135,True,neutral,tolerant,135,-1.7441218976384654,True
L136A,-5.65406212225989,136,True,mild,sensitive,136,-3.4799709926014377,True
L136C,-6.67830785033869,136,True,impactful,sensitive,136,-4.110375354268677,True
L136D,-6.67830785033869,136,True,impactful,sensitive,136,-4.110375354268677,True
L136E,-5.701468487780301,136,True,mild,sensitive,136,-3.5091487365505527,True
L136F,-5.64702634364002,136,True,mild,sensitive,136,-3.4756406005791924,True
L136G,-7.42608220241766,136,True,impactful,sensitive,136,-4.570616681296413,True
L136H,-6.67830785033869,136,True,impactful,sensitive,136,-4.110375354268677,True
L136I,-1.99122362784021,136,True,neutral,sensitive,136,-1.2255614308491003,True
L136K,-5.63362218064157,136,True,mild,sensitive,136,-3.467390585385503,True
L136L,0.0,136,True,neutral,sensitive,136,0.0,True
L136M,-3.33865463413298,136,True,neutral,sensitive,136,-2.0548803727068585,True
L136N,-6.67830785033869,136,True,impactful,sensitive,136,-4.110375354268677,True
L136P,-4.9927391069781,136,True,mild,sensitive,136,-3.072938869473562,True
L136Q,-5.66151344552855,136,True,mild,sensitive,136,-3.484557144693638,True
L136R,-5.58065914388655,136,True,mild,sensitive,136,-3.4347928127395444,True
L136S,-6.67830785033869,136,True,impactful,sensitive,136,-4.110375354268677,True
L136T,-5.774123850201532,136,True,impactful,sensitive,136,-3.5538667725776794,True
L136V,-2.96804884602026,136,True,neutral,sensitive,136,-1.8267793429631358,True
L136W,-6.3373349785637405,136,True,impactful,sensitive,136,-3.900512838190313,True
L136Y,-6.3373349785637405,136,True,impactful,sensitive,136,-3.900512838190313,True
K137A,-3.99142753865653,137,True,mild,sensitive,137,-1.6700548872826406,True
K137C,-5.00601279037871,137,True,mild,sensitive,137,-2.094567932250466,True
K137D,-4.51375400516946,137,True,mild,sensitive,137,-1.888601725402268,True
K137E,-3.74961883003178,137,True,mild,sensitive,137,-1.568879603072873,True
K137F,-6.78815058841537,137,True,impactful,sensitive,137,-2.840232963269424,True
K137G,-4.39492706209203,137,True,mild,sensitive,137,-1.8388832938122226,True
K137H,-3.2115042796013,137,True,neutral,sensitive,137,-1.3437268660732153,True
K137I,-3.1623703875007405,137,True,neutral,sensitive,137,-1.3231687334655078,True
K137K,0.0,137,True,neutral,sensitive,137,0.0,True
K137L,-4.81711876306059,137,True,mild,sensitive,137,-2.015532702261721,True
K137M,-2.03333324569642,137,True,neutral,sensitive,137,-0.8507678246847395,True
K137N,-4.79027746537003,137,True,mild,sensitive,137,-2.004302023524606,True
K137P,-5.85878713988701,137,True,impactful,sensitive,137,-2.451377609077262,True
K137Q,-3.70720105469981,137,True,mild,sensitive,137,-1.5511315637273666,True
K137R,-1.54373949030137,137,True,neutral,sensitive,137,-0.645916694090051,True
K137S,-2.25488922047292,137,True,neutral,sensitive,137,-0.9434691539456748,True
K137T,-2.0959314474245,137,True,neutral,sensitive,137,-0.8769595647873978,True
K137V,-2.05896118003026,137,True,neutral,sensitive,137,-0.8614908195457698,True
K137W,-6.78815058841537,137,True,impactful,sensitive,137,-2.840232963269424,True
K137Y,-6.78815058841537,137,True,impactful,sensitive,137,-2.840232963269424,True
D138A,-2.2918396807221804,138,True,neutral,tolerant,138,-1.3929056772378836,True
D138C,-4.83839906683574,138,True,mild,tolerant,138,-2.94062171347619,True
D138D,0.0,138,True,neutral,tolerant,138,0.0,True
D138E,-0.967731388271422,138,True,neutral,tolerant,138,-0.5881556882459632,True
D138F,-5.923920488192071,138,True,impactful,tolerant,138,-3.6003663558650127,True
D138G,-2.9034910865532404,138,True,neutral,tolerant,138,-1.7646475241214108,True
D138H,-1.51108599751858,138,True,neutral,tolerant,138,-0.9183889616899635,True
D138I,-4.57736050676785,138,True,mild,tolerant,138,-2.7819709599548994,True
D138K,-4.26027193308722,138,True,mild,tolerant,138,-2.5892548296853355,True
D138L,-2.6699135174772004,138,True,neutral,tolerant,138,-1.6226866684917016,True
D138M,-5.2150449721955585,138,True,mild,tolerant,138,-3.1695348544332296,True
D138N,-1.2833356994069198,138,True,neutral,tolerant,138,-0.7799697319764837,True
D138P,-4.90535683368837,138,True,mild,tolerant,138,-2.981316468161129,True
D138Q,-1.45627305435745,138,True,neutral,tolerant,138,-0.8850754361595926,True
D138R,-3.83957811761786,138,True,mild,tolerant,138,-2.3335708004422915,True
D138S,-2.31345950019974,138,True,neutral,tolerant,138,-1.4060455009107427,True
D138T,-2.3721001741200296,138,True,neutral,tolerant,138,-1.441685396802103,True
D138V,-2.81179053424919,138,True,neutral,tolerant,138,-1.7089149085355282,True
D138W,-5.923920488192071,138,True,impactful,tolerant,138,-3.6003663558650127,True
D138Y,-5.144535903500089,138,True,mild,tolerant,138,-3.126681733899193,True
R139A,-5.77900398682238,139,True,impactful,sensitive,139,-2.741493713113913,True
R139C,-6.74720055289721,139,True,impactful,sensitive,139,-3.200795143776554,True
R139D,-5.97471944846853,139,True,impactful,sensitive,139,-2.834338900430895,True
R139E,-4.886782425169139,139,True,mild,sensitive,139,-2.318233959780191,True
R139F,-6.74720055289721,139,True,impactful,sensitive,139,-3.200795143776554,True
R139G,-7.360203264985111,139,True,impactful,sensitive,139,-3.4915966530232736,True
R139H,-5.290518467752,139,True,mild,sensitive,139,-2.509761742945298,True
R139I,-6.568185570590099,139,True,impactful,sensitive,139,-3.115872473768501,True
R139K,-2.51367084689367,139,True,neutral,sensitive,139,-1.1924568384639405,True
R139L,-5.00080929487247,139,True,mild,sensitive,139,-2.372327008881828,True
R139M,-5.730310470497152,139,True,mild,sensitive,139,-2.7183940632124037,True
R139N,-5.58985802568501,139,True,mild,sensitive,139,-2.6517650220624103,True
R139P,-5.769863140877099,139,True,impactful,sensitive,139,-2.737157399841129,True
R139Q,-4.538935533431442,139,True,mild,sensitive,139,-2.1532193536301323,True
R139R,0.0,139,True,neutral,sensitive,139,0.0,True
R139S,-6.74720055289721,139,True,impactful,sensitive,139,-3.200795143776554,True
R139T,-6.74720055289721,139,True,impactful,sensitive,139,-3.200795143776554,True
R139V,-6.568185570590099,139,True,impactful,sensitive,139,-3.115872473768501,True
R139W,-4.70890108874524,139,True,mild,sensitive,139,-2.2338490784756595,True
R139Y,-5.8303449104363,139,True,impactful,sensitive,139,-2.76584926289965,True
I140A,-4.99817570953737,140,True,mild,sensitive,140,-3.4662117461965933,True
I140C,-6.019046852153848,140,True,impactful,sensitive,140,-4.1741811637459225,True
I140D,-3.85843112988429,140,True,mild,sensitive,140,-2.675804149657121,True
I140E,-3.8297797822979,140,True,mild,sensitive,140,-2.655934572571465,True
I140F,-7.16232591796775,140,True,impactful,sensitive,140,-4.967039910096721,True
I140G,-7.16232591796775,140,True,impactful,sensitive,140,-4.967039910096721,True
I140H,-4.82339546589919,140,True,mild,sensitive,140,-3.34500245530557,True
I140I,0.0,140,True,neutral,sensitive,140,0.0,True
I140K,-4.6170547995248885,140,True,mild,sensitive,140,-3.201906157162255,True
I140L,-2.25654487466634,140,True,neutral,sensitive,140,-1.5649034377609263,True
I140M,-1.42925915347248,140,True,neutral,sensitive,140,-0.9911846149530148,True
I140N,-4.82339546589919,140,True,mild,sensitive,140,-3.34500245530557,True
I140P,-7.16232591796775,140,True,impactful,sensitive,140,-4.967039910096721,True
I140Q,-2.77570556196514,140,True,neutral,sensitive,140,-1.924938974135689,True
I140R,-4.23301891476467,140,True,mild,sensitive,140,-2.935579046617339,True
I140S,-4.30983817000695,140,True,mild,sensitive,140,-2.988852844964759,True
I140T,-3.93772077101467,140,True,mild,sensitive,140,-2.730791149196454,True
I140V,-3.52611557469689,140,True,neutral,sensitive,140,-2.445344848549232,True
I140W,-7.16232591796775,140,True,impactful,sensitive,140,-4.967039910096721,True
I140Y,-7.16232591796775,140,True,impactful,sensitive,140,-4.967039910096721,True
E141A,-3.2409532097653297,141,True,neutral,sensitive,141,-1.4322355165577128,True
E141C,-4.7151505503223206,141,True,mild,sensitive,141,-2.083709836890011,True
E141D,-1.3345386076706298,141,True,neutral,sensitive,141,-0.5897566143084656,True
E141E,0.0,141,True,neutral,sensitive,141,0.0,True
E141F,-4.04990764688298,141,True,mild,sensitive,141,-1.7897270325184582,True
E141G,-6.339996510882549,141,True,impactful,sensitive,141,-2.8017584920318717,True
E141H,-4.26189047612877,141,True,mild,sensitive,141,-1.8834060575754703,True
E141I,-5.50512533725949,141,True,mild,sensitive,141,-2.432813904059944,True
E141K,-5.31198295575771,141,True,mild,sensitive,141,-2.347460811733314,True
E141L,-5.50512533725949,141,True,mild,sensitive,141,-2.432813904059944,True
E141M,-3.6999061418086,141,True,mild,sensitive,141,-1.6350550721502064,True
E141N,-3.5123683101059298,141,True,neutral,sensitive,141,-1.5521787311856183,True
E141P,-6.033636818696442,141,True,impactful,sensitive,141,-2.6663726337391496,True
E141Q,-2.65222826930503,141,True,neutral,sensitive,141,-1.1720673763112142,True
E141R,-4.07819753275147,141,True,mild,sensitive,141,-1.8022288419176593,True
E141S,-3.38846905676983,141,True,neutral,sensitive,141,-1.497425422631746,True
E141T,-3.24120406818683,141,True,neutral,sensitive,141,-1.43234637540622,True
E141V,-2.27846365775511,141,True,neutral,sensitive,141,-1.0068940717780845,True
E141W,-6.396217203472919,141,True,impactful,sensitive,141,-2.826603427296837,True
E141Y,-6.396217203472919,141,True,impactful,sensitive,141,-2.826603427296837,True
K142A,-2.50024654644631,142,True,neutral,tolerant,142,-1.0958623376359382,True
K142C,-2.9072897014476604,142,True,neutral,tolerant,142,-1.2742700486644738,True
K142D,-3.4431976522278704,142,True,neutral,tolerant,142,-1.5091594200884282,True
K142E,-1.34137666045997,142,True,neutral,tolerant,142,-0.587927684520258,True
K142F,-6.2756879825387895,142,True,impactful,tolerant,142,-2.750644776449611,True
K142G,-5.584799342631309,142,True,mild,tolerant,142,-2.4478271039079793,True
K142H,-1.6820382008748898,142,True,neutral,tolerant,142,-0.7372402203389212,True
K142I,-5.98157394924119,142,True,impactful,tolerant,142,-2.621734092613591,True
K142K,0.0,142,True,neutral,tolerant,142,0.0,True
K142L,-4.75691155097671,142,True,mild,tolerant,142,-2.084962468837341,True
K142M,-5.98157394924119,142,True,impactful,tolerant,142,-2.621734092613591,True
K142N,-1.0026720961082,142,True,neutral,tolerant,142,-0.4394728946572124,True
K142P,-6.657038280181268,142,True,impactful,tolerant,142,-2.9177912641536476,True
K142Q,-1.3897832239125902,142,True,neutral,tolerant,142,-0.6091443640743238,True
K142R,-0.179464208725131,142,True,neutral,tolerant,142,-0.07865946963311973,True
K142S,-2.28567513139337,142,True,neutral,tolerant,142,-1.0018153194232824,True
K142T,-2.09932456908338,142,True,neutral,tolerant,142,-0.9201375492357565,True
K142V,-4.49518951802593,142,True,mild,tolerant,142,-1.970249254155402,True
K142W,-6.2756879825387895,142,True,impactful,tolerant,142,-2.750644776449611,True
K142Y,-4.39688986880606,142,True,mild,tolerant,142,-1.927164349774276,True
R143A,-3.97335562895176,143,True,mild,sensitive,143,-1.9796952854266394,True
R143C,-6.32624706522587,143,True,impactful,sensitive,143,-3.1520061779055575,True
R143D,-6.2410151543659005,143,True,impactful,sensitive,143,-3.1095400037559506,True
R143E,-5.26909792043897,143,True,mild,sensitive,143,-2.6252893739331036,True
R143F,-6.19954073794977,143,True,impactful,sensitive,143,-3.0888756801181247,True
R143G,-4.28068311217368,143,True,mild,sensitive,143,-2.132818948756262,True
R143H,-5.32591143358388,143,True,mild,sensitive,143,-2.653596289956922,True
R143I,-6.37725071595274,143,True,impactful,sensitive,143,-3.1774183726126717,True
R143K,-2.37842260229611,143,True,neutral,sensitive,143,-1.1850316086003017,True
R143L,-4.35954872888337,143,True,mild,sensitive,143,-2.1721131635617024,True
R143M,-6.37725071595274,143,True,impactful,sensitive,143,-3.1774183726126717,True
R143N,-6.2410151543659005,143,True,impactful,sensitive,143,-3.1095400037559506,True
R143P,-4.73034006264191,143,True,mild,sensitive,143,-2.3568572247200272,True
R143Q,-3.793461084464509,143,True,mild,sensitive,143,-1.8900641487117669,True
R143R,0.0,143,True,neutral,sensitive,143,0.0,True
R143S,-4.3994571080108,143,True,mild,sensitive,143,-2.1919972206120995,True
R143T,-4.75754977677334,143,True,mild,sensitive,143,-2.3704142651196576,True
R143V,-3.01135685779375,143,True,neutral,sensitive,143,-1.5003864568961904,True
R143W,-6.855756059399232,143,True,impactful,sensitive,143,-3.4158301486867875,True
R143Y,-6.855756059399232,143,True,impactful,sensitive,143,-3.4158301486867875,True
R144A,-3.57618852273885,144,True,mild,sensitive,144,-1.5106064097957128,True
R144C,-6.04248395011477,144,True,impactful,sensitive,144,-2.552386410306044,True
R144D,-5.9883989964159,144,True,impactful,sensitive,144,-2.529540557182942,True
R144E,-3.812810844877221,144,True,mild,sensitive,144,-1.610557291649452,True
R144F,-6.87303052045668,144,True,impactful,sensitive,144,-2.9032149432021424,True
R144G,-6.0321436614284405,144,True,impactful,sensitive,144,-2.548018601878332,True
R144H,-3.4136993327396805,144,True,neutral,sensitive,144,-1.4419698683006146,True
R144I,-4.58964490171268,144,True,mild,sensitive,144,-1.9386972926985369,True
R144K,-1.96051376937107,144,True,neutral,sensitive,144,-0.8281343804091614,True
R144L,-4.97489957904667,144,True,mild,sensitive,144,-2.101431494568521,True
R144M,-5.075758977388428,144,True,mild,sensitive,144,-2.14403519195596,True
R144N,-5.0437277546379,144,True,mild,sensitive,144,-2.1305049851190216,True
R144P,-5.35788808759484,144,True,mild,sensitive,144,-2.2632084512955903,True
R144Q,-4.59050225577541,144,True,mild,sensitive,144,-1.939059444898956,True
R144R,0.0,144,True,neutral,sensitive,144,0.0,True
R144S,-3.84659938175928,144,True,mild,sensitive,144,-1.6248297999546257,True
R144T,-4.6523383633062405,144,True,mild,sensitive,144,-1.9651794382379402,True
R144V,-3.8889427861275,144,True,mild,sensitive,144,-1.6427159426018867,True
R144W,-6.87303052045668,144,True,impactful,sensitive,144,-2.9032149432021424,True
R144Y,-6.87303052045668,144,True,impactful,sensitive,144,-2.9032149432021424,True
A145A,0.0,145,True,neutral,tolerant,145,0.0,True
A145C,-1.71657311371827,145,True,neutral,tolerant,145,-0.9843236017496253,True
A145D,-3.00686326022863,145,True,neutral,tolerant,145,-1.7242064731316922,True
A145E,-2.55476356106631,145,True,neutral,tolerant,145,-1.464961818375662,True
A145F,-2.9358240909925097,145,True,neutral,tolerant,145,-1.6834709341855338,True
A145G,-2.72267036029152,145,True,neutral,tolerant,145,-1.5612435462268042,True
A145H,-4.40217788378529,145,True,mild,tolerant,145,-2.5243128623423465,True
A145I,-3.05117890508046,145,True,neutral,tolerant,145,-1.7496181114742755,True
A145K,-3.98036758272886,145,True,mild,tolerant,145,-2.28243686447611,True
A145L,-2.7087558332380404,145,True,neutral,tolerant,145,-1.553264627486631,True
A145M,-3.70894508041939,145,True,mild,tolerant,145,-2.1267967854523615,True
A145N,-2.13413858560983,145,True,neutral,tolerant,145,-1.2237655142285366,True
A145P,-4.14778456510133,145,True,mild,tolerant,145,-2.3784377197650324,True
A145Q,-2.3547230247471203,145,True,neutral,tolerant,145,-1.3502538460603342,True
A145R,-4.2933644068602215,145,True,mild,tolerant,145,-2.4619166424145056,True
A145S,-0.802563726813188,145,True,neutral,tolerant,145,-0.46020901288566624,True
A145T,-1.30471663928722,145,True,neutral,tolerant,145,-0.7481553633704651,True
A145V,-2.41918841788371,145,True,neutral,tolerant,145,-1.387219826392488,True
A145W,-5.331811846237018,145,True,mild,tolerant,145,-3.057386952176567,True
A145Y,-3.0921539401825697,145,True,neutral,tolerant,145,-1.7731141652171665,True
E146A,-2.06140074714152,146,True,neutral,tolerant,146,-1.0201988230995078,True
E146C,-2.82504880106852,146,True,neutral,tolerant,146,-1.398132539752551,True
E146D,-1.40256864268393,146,True,neutral,tolerant,146,-0.6941391093248617,True
E146E,0.0,146,True,neutral,tolerant,146,0.0,True
E146F,-5.9880243715834105,146,True,impactful,tolerant,146,-2.9635069382077646,True
E146G,-6.6702604698422014,146,True,impactful,tolerant,146,-3.3011494201389286,True
E146H,-1.83417814723158,146,True,neutral,tolerant,146,-0.9077450805018211,True
E146I,-3.50935875516623,146,True,neutral,tolerant,146,-1.7368013846017827,True
E146K,-2.78750654434172,146,True,neutral,tolerant,146,-1.3795526657604167,True
E146L,-3.27278387486548,146,True,neutral,tolerant,146,-1.6197191458413625,True
E146M,-2.98292750186779,146,True,neutral,tolerant,146,-1.4762675966895595,True
E146N,-3.2322722065193097,146,True,neutral,tolerant,146,-1.5996696933388,True
E146P,-4.19341564722802,146,True,mild,tolerant,146,-2.0753449876262144,True
E146Q,-2.08097247439311,146,True,neutral,tolerant,146,-1.0298849809879167,True
E146R,-3.0829669754454905,146,True,neutral,tolerant,146,-1.5257776947861996,True
E146S,-2.873366698581,146,True,neutral,tolerant,146,-1.4220453389718337,True
E146T,-3.20877447692708,146,True,neutral,tolerant,146,-1.588040534812131,True
E146V,-2.93525246637972,146,True,neutral,tolerant,146,-1.4526729535016198,True
E146W,-5.9880243715834105,146,True,impactful,tolerant,146,-2.9635069382077646,True
E146Y,-4.35194553688708,146,True,mild,tolerant,146,-2.1538023215922255,True
R147A,-5.34258010633158,147,True,mild,sensitive,147,-2.5458927918608576,True
R147C,-3.8701049169095,147,True,mild,sensitive,147,-1.8442160932745506,True
R147D,-5.967995491179731,147,True,impactful,sensitive,147,-2.843921176744933,True
R147E,-4.8224181394755705,147,True,mild,sensitive,147,-2.2980206821943208,True
R147F,-4.58632514907188,147,True,mild,sensitive,147,-2.1855155946682965,True
R147G,-5.48138993264219,147,True,mild,sensitive,147,-2.612039658956931,True
R147H,-5.967995491179731,147,True,impactful,sensitive,147,-2.843921176744933,True
R147I,-5.702890326485879,147,True,mild,sensitive,147,-2.7175909553076742,True
R147K,-1.88055623094154,147,True,neutral,sensitive,147,-0.8961390297862101,True
R147L,-4.87189992228824,147,True,mild,sensitive,147,-2.321600172194275,True
R147M,-4.966290121031419,147,True,mild,sensitive,147,-2.3665798115856957,True
R147N,-5.967995491179731,147,True,impactful,sensitive,147,-2.843921176744933,True
R147P,-6.52389928700024,147,True,impactful,sensitive,147,-3.108825293965424,True
R147Q,-5.11337069172205,147,True,mild,sensitive,147,-2.436667925809812,True
R147R,0.0,147,True,neutral,sensitive,147,0.0,True
R147S,-5.745958809581491,147,True,mild,sensitive,147,-2.7381143238837584,True
R147T,-5.54162630285259,147,True,mild,sensitive,147,-2.6407440185873603,True
R147V,-4.11258548671642,147,True,mild,sensitive,147,-1.9597650457565443,True
R147W,-6.71656701624727,147,True,impactful,sensitive,147,-3.2006369979271296,True
R147Y,-6.71656701624727,147,True,impactful,sensitive,147,-3.2006369979271296,True
A148A,0.0,148,True,neutral,sensitive,148,0.0,True
A148C,-4.24140509477093,148,True,mild,sensitive,148,-2.352710464462508,True
A148D,-2.78699944864062,148,True,neutral,sensitive,148,-1.545950603810966,True
A148E,-3.43975621496245,148,True,neutral,sensitive,148,-1.9080352527796403,True
A148F,-4.31270569058294,148,True,mild,sensitive,148,-2.3922609563728754,True
A148G,-3.959655789215181,148,True,mild,sensitive,148,-2.196423921506899,True
A148H,-5.39896397084767,148,True,mild,sensitive,148,-2.9948092077150177,True
A148I,-3.44674710940914,148,True,neutral,sensitive,148,-1.9119131069702144,True
A148K,-4.59644066887571,148,True,mild,sensitive,148,-2.549648953427539,True
A148L,-4.7050304884424,148,True,mild,sensitive,148,-2.6098838046431467,True
A148M,-5.2794267031095305,148,True,mild,sensitive,148,-2.9285017991047195,True
A148N,-2.72155334099293,148,True,neutral,sensitive,148,-1.5096476007069026,True
A148P,-4.45280855838734,148,True,mild,sensitive,148,-2.4699761181693747,True
A148Q,-3.370535005877,148,True,neutral,sensitive,148,-1.8696381981859003,True
A148R,-5.15816401555293,148,True,mild,sensitive,148,-2.8612372988769548,True
A148S,-1.37511131079016,148,True,neutral,sensitive,148,-0.7627752356607886,True
A148T,-1.86742551294618,148,True,neutral,sensitive,148,-1.0358622785947378,True
A148V,-3.48677892983744,148,True,neutral,sensitive,148,-1.934118786627944,True
A148W,-6.43986171399441,148,True,impactful,sensitive,148,-3.5721959364092277,True
A148Y,-6.43986171399441,148,True,impactful,sensitive,148,-3.5721959364092277,True
E149A,-4.39260494589612,149,True,mild,sensitive,149,-2.4876086296867013,True
E149C,-5.87688943058447,149,True,impactful,sensitive,149,-3.3281847658289783,True
E149D,-1.38179557844652,149,True,neutral,sensitive,149,-0.7825348848222555,True
E149E,0.0,149,True,neutral,sensitive,149,0.0,True
E149F,-6.68474297959643,149,True,impactful,sensitive,149,-3.7856862905046067,True
E149G,-5.22888061113714,149,True,mild,sensitive,149,-2.9612060934408992,True
E149H,-4.17668991275411,149,True,mild,sensitive,149,-2.365332188636622,True
E149I,-5.87688943058447,149,True,impactful,sensitive,149,-3.3281847658289783,True
E149K,-4.18005457070378,149,True,mild,sensitive,149,-2.3672376529919728,True
E149L,-3.6887902928500096,149,True,mild,sensitive,149,-2.0890261424878034,True
E149M,-5.87688943058447,149,True,impactful,sensitive,149,-3.3281847658289783,True
E149N,-2.58485934727042,149,True,neutral,sensitive,149,-1.4638508352096855,True
E149P,-4.31986948200937,149,True,mild,sensitive,149,-2.4464172706007927,True
E149Q,-1.5547184591836398,149,True,neutral,sensitive,149,-0.8804641217307176,True
E149R,-4.2143146245171,149,True,mild,sensitive,149,-2.386639717727881,True
E149S,-3.88477552290169,149,True,mild,sensitive,149,-2.200015989189857,True
E149T,-3.57748555990845,149,True,mild,sensitive,149,-2.025992335077219,True
E149V,-3.8255206212754302,149,True,mild,sensitive,149,-2.1664589071275526,True
E149W,-6.68474297959643,149,True,impactful,sensitive,149,-3.7856862905046067,True
E149Y,-6.68474297959643,149,True,impactful,sensitive,149,-3.7856862905046067,True
Q150A,-4.26062256454064,150,True,mild,sensitive,150,-2.2544394521267472,True
Q150C,-5.79119772901857,150,True,impactful,sensitive,150,-3.0643185209657062,True
Q150D,-4.16039472303765,150,True,mild,sensitive,150,-2.20140551244704,True
Q150E,-1.59971165478472,150,True,neutral,sensitive,150,-0.8464615233906473,True
Q150F,-6.400542887108281,150,True,impactful,sensitive,150,-3.386743646296648,True
Q150G,-3.99077727223682,150,True,mild,sensitive,150,-2.1116551843994333,True
Q150H,-2.4223054878917303,150,True,neutral,sensitive,150,-1.2817237326899944,True
Q150I,-2.6535543557819903,150,True,neutral,sensitive,150,-1.4040853273006768,True
Q150K,-3.97375848880487,150,True,mild,sensitive,150,-2.102649970674212,True
Q150L,-3.49258138912885,150,True,neutral,sensitive,150,-1.84804289845952,True
Q150M,-5.29568067257988,150,True,mild,sensitive,150,-2.8021236927886317,True
Q150N,-1.96177999222708,150,True,neutral,sensitive,150,-1.0380441223961054,True
Q150P,-6.89605994354697,150,True,impactful,sensitive,150,-3.6489384744737214,True
Q150Q,0.0,150,True,neutral,sensitive,150,0.0,True
Q150R,-3.71899117265709,150,True,mild,sensitive,150,-1.9678439699230217,True
Q150S,-4.78880294519407,150,True,mild,sensitive,150,-2.5339175495049404,True
Q150T,-3.9186711775126297,150,True,mild,sensitive,150,-2.0735014117470723,True
Q150V,-2.7813616219011004,150,True,neutral,sensitive,150,-1.471712473015343,True
Q150W,-6.400542887108281,150,True,impactful,sensitive,150,-3.386743646296648,True
Q150Y,-4.814922785317808,150,True,mild,sensitive,150,-2.547738440035887,True
Q151A,-3.3717464511950297,151,True,neutral,tolerant,151,-1.972179279503189,True
Q151C,-5.44545386485038,151,True,mild,tolerant,151,-3.185118286679643,True
Q151D,-3.00151789739018,151,True,neutral,tolerant,151,-1.7556276813735103,True
Q151E,-2.3879861738403,151,True,neutral,tolerant,151,-1.3967648279480696,True
Q151F,-6.33578195244719,151,True,impactful,tolerant,151,-3.705883009571484,True
Q151G,-5.551219096325741,151,True,mild,tolerant,151,-3.2469817752387056,True
Q151H,-1.16807150627429,151,True,neutral,tolerant,151,-0.6832205371894927,True
Q151I,-2.19276868713481,151,True,neutral,tolerant,151,-1.2825795272885843,True
Q151K,-3.05650976195481,151,True,neutral,tolerant,151,-1.78779315330488,True
Q151L,-1.57525003117621,151,True,neutral,tolerant,151,-0.9213846641467931,True
Q151M,-2.12085988040122,151,True,neutral,tolerant,151,-1.2405191112085077,True
Q151N,-1.5906093950687,151,True,neutral,tolerant,151,-0.9303685600753798,True
Q151P,-5.84852979056272,151,True,impactful,tolerant,151,-3.4208827488842957,True
Q151Q,0.0,151,True,neutral,tolerant,151,0.0,True
Q151R,-3.81995871315764,151,True,mild,tolerant,151,-2.2343445842367697,True
Q151S,-3.5452980129041,151,True,mild,tolerant,151,-2.073691892886896,True
Q151T,-4.0863437671841805,151,True,mild,tolerant,151,-2.3901567401995294,True
Q151V,-2.0476439748069097,151,True,neutral,tolerant,151,-1.1976941556452019,True
Q151W,-6.33578195244719,151,True,impactful,tolerant,151,-3.705883009571484,True
Q151Y,-6.33578195244719,151,True,impactful,tolerant,151,-3.705883009571484,True
R152A,-3.74223125114485,152,True,mild,sensitive,152,-1.7547451174555702,True
R152C,-5.5879355780992315,152,True,mild,sensitive,152,-2.620202230775064,True
R152D,-4.98518990201267,152,True,mild,sensitive,152,-2.3375727081188193,True
R152E,-2.87146131454702,152,True,neutral,sensitive,152,-1.3464380962888027,True
R152F,-6.78624543960644,152,True,impactful,sensitive,152,-3.1820938503897933,True
R152G,-5.453734308249558,152,True,mild,sensitive,152,-2.557274793312986,True
R152H,-4.0781484922869,152,True,mild,sensitive,152,-1.9122578683265454,True
R152I,-5.56600736765671,152,True,mild,sensitive,152,-2.609920017403889,True
R152K,-1.42691567335174,152,True,neutral,sensitive,152,-0.6690856718351625,True
R152L,-5.2468121900092415,152,True,mild,sensitive,152,-2.460248299676421,True
R152M,-6.1006623758912815,152,True,impactful,sensitive,152,-2.8606215914810558,True
R152N,-2.92854991801615,152,True,neutral,sensitive,152,-1.373207139000732,True
R152P,-4.4643408841782,152,True,mild,sensitive,152,-2.0933448104716708,True
R152Q,-2.9710937619620497,152,True,neutral,sensitive,152,-1.393156093897365,True
R152R,0.0,152,True,neutral,sensitive,152,0.0,True
R152S,-4.26034126728827,152,True,mild,sensitive,152,-1.9976886877799211,True
R152T,-4.70375566129648,152,True,mild,sensitive,152,-2.2056072237221858,True
R152V,-6.1006623758912815,152,True,impactful,sensitive,152,-2.8606215914810558,True
R152W,-6.78624543960644,152,True,impactful,sensitive,152,-3.1820938503897933,True
R152Y,-6.78624543960644,152,True,impactful,sensitive,152,-3.1820938503897933,True
I153A,-3.30793296443998,153,True,neutral,tolerant,153,-2.1723686073888535,True
I153C,-2.9452619464224,153,True,neutral,tolerant,153,-1.9341971744062236,True
I153D,-3.56770313339009,153,True,mild,tolerant,153,-2.3429635276093284,True
I153E,-2.5715026003211,153,True,neutral,tolerant,153,-1.6887438720216308,True
I153F,-2.14096193886513,153,True,neutral,tolerant,153,-1.406001438240261,True
I153G,-6.28444001956421,153,True,impactful,tolerant,153,-4.127084907789457,True
I153H,-4.86790193047465,153,True,mild,tolerant,153,-3.1968233489885765,True
I153I,0.0,153,True,neutral,tolerant,153,0.0,True
I153K,-2.87556329215856,153,True,neutral,tolerant,153,-1.8884250350891114,True
I153L,-1.98397117548956,153,True,neutral,tolerant,153,-1.3029032770401179,True
I153M,-1.63735349474594,153,True,neutral,tolerant,153,-1.075274308585236,True
I153N,-4.30068009957678,153,True,mild,tolerant,153,-2.824320365368783,True
I153P,-4.9008495619173305,153,True,mild,tolerant,153,-3.2184605469013867,True
I153Q,-3.12383321110398,153,True,neutral,tolerant,153,-2.0514675706766825,True
I153R,-3.0987640296710897,153,True,neutral,tolerant,153,-2.0350042676583984,True
I153S,-2.37848999667692,153,True,neutral,tolerant,153,-1.5619896344072695,True
I153T,-2.42446549065896,153,True,neutral,tolerant,153,-1.592182422746524,True
I153V,-0.499970819777029,153,True,neutral,tolerant,153,-0.32833824783325494,True
I153W,-4.74475896825216,153,True,mild,tolerant,153,-3.115953540492231,True
I153Y,-2.2741291149651803,153,True,neutral,tolerant,153,-1.493454296567258,True
R154A,-4.01269016251629,154,True,mild,sensitive,154,-1.922556405315273,True
R154C,-2.51946393496628,154,True,neutral,sensitive,154,-1.2071232340283087,True
R154D,-4.64933802515917,154,True,mild,sensitive,154,-2.2275865413791056,True
R154E,-4.5257121616035,154,True,mild,sensitive,154,-2.168355031789404,True
R154F,-6.41558356906367,154,True,impactful,sensitive,154,-3.0738284754096576,True
R154G,-4.66942904249893,154,True,mild,sensitive,154,-2.2372125310547286,True
R154H,-3.02180280717103,154,True,neutral,sensitive,154,-1.4478033706153988,True
R154I,-2.44629462355834,154,True,neutral,sensitive,154,-1.172066421111652,True
R154K,-2.29078174908138,154,True,neutral,sensitive,154,-1.0975572362940575,True
R154L,-2.9601086269432204,154,True,neutral,sensitive,154,-1.4182445119535398,True
R154M,-2.46920610120361,154,True,neutral,sensitive,154,-1.183043747124416,True
R154N,-5.512692242409692,154,True,mild,sensitive,154,-2.641236016720128,True
R154P,-6.91514860503683,154,True,impactful,sensitive,154,-3.3131796141428502,True
R154Q,-2.59105405710434,154,True,neutral,sensitive,154,-1.2414234272402165,True
R154R,0.0,154,True,neutral,sensitive,154,0.0,True
R154S,-3.28058801494519,154,True,neutral,sensitive,154,-1.571792300399866,True
R154T,-3.2590525806124706,154,True,neutral,sensitive,154,-1.5614742629883622,True
R154V,-3.90768280449908,154,True,mild,sensitive,154,-1.8722453769066845,True
R154W,-6.41558356906367,154,True,impactful,sensitive,154,-3.0738284754096576,True
R154Y,-5.713671190911128,154,True,mild,sensitive,154,-2.7375288649406007,True
N155A,0.32602942032223503,155,True,neutral,tolerant,155,0.1808315720378588,True
N155C,-3.1254435736314,155,True,neutral,tolerant,155,-1.733521085847983,True
N155D,-1.51399057982661,155,True,neutral,tolerant,155,-0.8397318755159097,True
N155E,-1.91530265300666,155,True,neutral,tolerant,155,-1.0623188218080428,True
N155F,-3.059811542254569,155,True,neutral,tolerant,155,-1.6971184096778995,True
N155G,-4.3131863485176805,155,True,mild,tolerant,155,-2.392300262730281,True
N155H,-2.41539218187738,155,True,neutral,tolerant,155,-1.339692488196754,True
N155I,-3.523102055844649,155,True,neutral,tolerant,155,-1.954081575149036,True
N155K,-2.227004991134,155,True,neutral,tolerant,155,-1.2352039060919506,True
N155L,-3.50517014497854,155,True,neutral,tolerant,155,-1.9441356763146413,True
N155M,-3.48256497631762,155,True,neutral,tolerant,155,-1.9315977643032194,True
N155N,0.0,155,True,neutral,tolerant,155,0.0,True
N155P,-3.26082301541582,155,True,neutral,tolerant,155,-1.80860902501399,True
N155Q,-1.68651374240378,155,True,neutral,tolerant,155,-0.9354215058288372,True
N155R,-2.13970788757823,155,True,neutral,tolerant,155,-1.186784740561615,True
N155S,0.38317656962811,155,True,neutral,tolerant,155,0.21252812517790937,True
N155T,0.329118391255036,155,True,neutral,tolerant,155,0.1825448636457314,True
N155V,-4.43504130358145,155,True,mild,tolerant,155,-2.459886872131989,True
N155W,-4.91237530622237,155,True,mild,tolerant,155,-2.7246392309815937,True
N155Y,-3.34782827397739,155,True,neutral,tolerant,155,-1.8568663192965087,True
E156A,-2.9076692582278403,156,True,neutral,sensitive,156,-1.490888197174616,True
E156C,-3.20926704838058,156,True,neutral,sensitive,156,-1.6455304710028014,True
E156D,-1.54946056103037,156,True,neutral,sensitive,156,-0.7944756632450264,True
E156E,0.0,156,True,neutral,sensitive,156,0.0,True
E156F,-6.43113502228812,156,True,impactful,sensitive,156,-3.2975219832978544,True
E156G,-6.181742152033111,156,True,impactful,sensitive,156,-3.169647437157312,True
E156H,-4.1408404953779,156,True,mild,sensitive,156,-2.1231885997598745,True
E156I,-4.35520179271056,156,True,mild,sensitive,156,-2.233100938386409,True
E156K,-3.24585852557936,156,True,neutral,sensitive,156,-1.6642925091261107,True
E156L,-4.49490807927182,156,True,mild,sensitive,156,-2.3047344135885446,True
E156M,-4.89632836363029,156,True,mild,sensitive,156,-2.5105600116558007,True
E156N,-4.1408404953779,156,True,mild,sensitive,156,-2.1231885997598745,True
E156P,-6.82197733010468,156,True,impactful,sensitive,156,-3.497923793796529,True
E156Q,-0.645613737945188,156,True,neutral,sensitive,156,-0.3310341776708509,True
E156R,-3.6086194848062,156,True,mild,sensitive,156,-1.8502957937076128,True
E156S,-3.3460480479692,156,True,neutral,sensitive,156,-1.7156640246411223,True
E156T,-3.56212291708955,156,True,mild,sensitive,156,-1.826454985877862,True
E156V,-4.885993374708269,156,True,mild,sensitive,156,-2.5052608143835626,True
E156W,-5.70290144739112,156,True,mild,sensitive,156,-2.924125030213193,True
E156Y,-6.43113502228812,156,True,impactful,sensitive,156,-3.2975219832978544,True
R157A,-2.42361699722656,157,True,neutral,tolerant,157,-1.122531155311622,True
R157C,-5.07124182622746,157,True,mild,tolerant,157,-2.348814582738951,True
R157D,-4.2898999119537695,157,True,mild,tolerant,157,-1.9869254547427704,True
R157E,-1.9143759119232,157,True,neutral,tolerant,157,-0.8866692247871729,True
R157F,-5.94101540237615,157,True,impactful,tolerant,157,-2.751662036941072,True
R157G,-5.05208042220636,157,True,mild,tolerant,157,-2.3399397180149397,True
R157H,-2.10315405848082,157,True,neutral,tolerant,157,-0.9741043893347925,True
R157I,-2.8973004678651804,157,True,neutral,tolerant,157,-1.3419240932867487,True
R157K,-1.18882648412692,157,True,neutral,tolerant,157,-0.550621145263117,True
R157L,-2.82724475329306,157,True,neutral,tolerant,157,-1.3094768368494427,True
R157M,-3.06102787073919,157,True,neutral,tolerant,157,-1.4177566653947387,True
R157N,-2.16214155340177,157,True,neutral,tolerant,157,-1.0014252493957365,True
R157P,-4.34171892545705,157,True,mild,tolerant,157,-2.010926135197442,True
R157Q,-1.19326074280772,157,True,neutral,tolerant,157,-0.5526749324438494,True
R157R,0.0,157,True,neutral,tolerant,157,0.0,True
R157S,-2.79701316324765,157,True,neutral,tolerant,157,-1.295474664996623,True
R157T,-2.4918486429549502,157,True,neutral,tolerant,157,-1.1541335694702743,True
R157V,-5.27421030795565,157,True,mild,tolerant,157,-2.4428221939031385,True
R157W,-3.78412279600687,157,True,mild,tolerant,157,-1.7526679087098154,True
R157Y,-5.94101540237615,157,True,impactful,tolerant,157,-2.751662036941072,True
E158A,-3.47215707754588,158,True,neutral,sensitive,158,-2.323864450795472,True
E158C,-5.37441304096496,158,True,mild,sensitive,158,-3.5970168200505404,True
E158D,-0.645212111442504,158,True,neutral,sensitive,158,-0.43183112270476165,True
E158E,0.0,158,True,neutral,sensitive,158,0.0,True
E158F,-6.59275971467615,158,True,impactful,sensitive,158,-4.412438605571687,True
E158G,-3.81501042277041,158,True,mild,sensitive,158,-2.553331229806153,True
E158H,-3.98859686574122,158,True,mild,sensitive,158,-2.669510122336274,True
E158I,-5.92593522479788,158,True,impactful,sensitive,158,-3.9661426309543164,True
E158K,-2.9405537467072302,158,True,neutral,sensitive,158,-1.9680700397506916,True
E158L,-4.74607452559022,158,True,mild,sensitive,158,-3.1764789508430185,True
E158M,-5.92593522479788,158,True,impactful,sensitive,158,-3.9661426309543164,True
E158N,-1.79701221366929,158,True,neutral,sensitive,158,-1.2027142516095342,True
E158P,-4.34767206524567,158,True,mild,sensitive,158,-2.909833953503632,True
E158Q,-1.71254431707578,158,True,neutral,sensitive,158,-1.146181111620987,True
E158R,-3.4064080037768,158,True,neutral,sensitive,158,-2.2798595478511943,True
E158S,-3.1785605206125496,158,True,neutral,sensitive,158,-2.1273645268877814,True
E158T,-4.68920989624157,158,True,mild,sensitive,158,-3.138420277891393,True
E158V,-5.395715373080361,158,True,mild,sensitive,158,-3.6112741624507896,True
E158W,-6.59275971467615,158,True,impactful,sensitive,158,-4.412438605571687,True
E158Y,-6.59275971467615,158,True,impactful,sensitive,158,-4.412438605571687,True
K159A,-4.07407687839548,159,True,mild,sensitive,159,-1.724337502970725,True
K159C,-3.3893963824156,159,True,neutral,sensitive,159,-1.4345490939616947,True
K159D,-3.4478694359779603,159,True,neutral,sensitive,159,-1.4592975909047623,True
K159E,-2.4479667139294,159,True,neutral,sensitive,159,-1.0360925767593527,True
K159F,-6.3436461982587184,159,True,impactful,sensitive,159,-2.684924062980173,True
K159G,-6.3436461982587184,159,True,impactful,sensitive,159,-2.684924062980173,True
K159H,-4.405373276103231,159,True,mild,sensitive,159,-1.8645574399571783,True
K159I,-3.56892695896554,159,True,mild,sensitive,159,-1.510534725876657,True
K159K,0.0,159,True,neutral,sensitive,159,0.0,True
K159L,-4.08897314954192,159,True,mild,sensitive,159,-1.7306422929290197,True
K159M,-3.0584162317576005,159,True,neutral,sensitive,159,-1.2944630073330936,True
K159N,-3.76899045864986,159,True,mild,sensitive,159,-1.5952108392093807,True
K159P,-4.4818522127134415,159,True,mild,sensitive,159,-1.8969268582378278,True
K159Q,-2.51804677286355,159,True,neutral,sensitive,159,-1.0657536944646586,True
K159R,-0.37856460478855697,159,True,neutral,sensitive,159,-0.16022602538400935,True
K159S,-3.9619686803522303,159,True,mild,sensitive,159,-1.6768881356547656,True
K159T,-5.32088207129152,159,True,mild,sensitive,159,-2.2520430463810905,True
K159V,-4.47403524317814,159,True,mild,sensitive,159,-1.893618355690716,True
K159W,-6.3436461982587184,159,True,impactful,sensitive,159,-2.684924062980173,True
K159Y,-6.3436461982587184,159,True,impactful,sensitive,159,-2.684924062980173,True
E160A,-3.9261756596794,160,True,mild,sensitive,160,-2.019862795724777,True
E160C,-5.404683942858031,160,True,mild,sensitive,160,-2.7804970956703094,True
E160D,-1.42252656771107,160,True,neutral,sensitive,160,-0.7318339114466108,True
E160E,0.0,160,True,neutral,sensitive,160,0.0,True
E160F,-4.07659847885637,160,True,mild,sensitive,160,-2.0972494137520528,True
E160G,-4.00079190292953,160,True,mild,sensitive,160,-2.058249915090189,True
E160H,-1.61264284495856,160,True,neutral,sensitive,160,-0.8296412508424389,True
E160I,-3.35248638429707,160,True,neutral,sensitive,160,-1.7247222508043552,True
E160K,-2.7584032871933903,160,True,neutral,sensitive,160,-1.4190898875527684,True
E160L,-3.557852023163269,160,True,mild,sensitive,160,-1.8303747863559505,True
E160M,-4.68064420136209,160,True,mild,sensitive,160,-2.4080071555250293,True
E160N,-4.19019164137633,160,True,mild,sensitive,160,-2.15568862348459,True
E160P,-5.624040005407242,160,True,mild,sensitive,160,-2.8933471533765935,True
E160Q,-1.99501917012338,160,True,neutral,sensitive,160,-1.0263588152393022,True
E160R,-3.31539053414217,160,True,neutral,sensitive,160,-1.7056378964355081,True
E160S,-3.3321247252304897,160,True,neutral,sensitive,160,-1.7142469788927628,True
E160T,-2.93112012301806,160,True,neutral,sensitive,160,-1.5079458993864423,True
E160V,-3.19432451532344,160,True,neutral,sensitive,160,-1.6433541963581568,True
E160W,-6.2942152896708,160,True,impactful,sensitive,160,-3.2381259510243723,True
E160Y,-4.03246803010816,160,True,mild,sensitive,160,-2.074546035372791,True
R161A,-4.54011120285745,161,True,mild,sensitive,161,-2.613572027883044,True
R161C,-3.96992332144639,161,True,mild,sensitive,161,-2.2853362136245905,True
R161D,-3.9234890958946496,161,True,mild,sensitive,161,-2.2586057685724823,True
R161E,-2.98961334697844,161,True,neutral,sensitive,161,-1.7210084662531964,True
R161F,-4.26081587152679,161,True,mild,sensitive,161,-2.452792163058429,True
R161G,-5.025020912057362,161,True,mild,sensitive,161,-2.8927163913991065,True
R161H,-3.2212981191352403,161,True,neutral,sensitive,161,-1.854380714803929,True
R161I,-5.64256029355372,161,True,mild,sensitive,161,-3.2482106913138904,True
R161K,-2.14877520992607,161,True,neutral,sensitive,161,-1.2369694335541193,True
R161L,-3.74970629030646,161,True,mild,sensitive,161,-2.158565514200195,True
R161M,-6.074485368116242,161,True,impactful,sensitive,161,-3.4968537845287484,True
R161N,-4.9861251731889205,161,True,mild,sensitive,161,-2.8703255708732964,True
R161P,-3.45729133358545,161,True,neutral,sensitive,161,-1.9902331722655615,True
R161Q,-2.36369761714894,161,True,neutral,sensitive,161,-1.360692216231656,True
R161R,0.0,161,True,neutral,sensitive,161,0.0,True
R161S,-3.7483099171502094,161,True,mild,sensitive,161,-2.1577616744573787,True
R161T,-3.7899508883764703,161,True,mild,sensitive,161,-2.1817328224641375,True
R161V,-6.074485368116242,161,True,impactful,sensitive,161,-3.4968537845287484,True
R161W,-5.95629657572799,161,True,impactful,sensitive,161,-3.4288169219953373,True
R161Y,-6.47306190644503,161,True,impactful,sensitive,161,-3.7262993740753094,True
Q162A,-2.92609416053226,162,True,neutral,tolerant,162,-1.5843537429911878,True
Q162C,-3.3309715328191696,162,True,neutral,tolerant,162,-1.8035773718434178,True
Q162D,-3.2298153144897204,162,True,neutral,tolerant,162,-1.7488056439548172,True
Q162E,-2.63658250870111,162,True,neutral,tolerant,162,-1.4275956743667633,True
Q162F,-3.40777264629287,162,True,neutral,tolerant,162,-1.8451618612420142,True
Q162G,-5.11029664750015,162,True,mild,tolerant,162,-2.7670051533096993,True
Q162H,-1.6892405730066398,162,True,neutral,tolerant,162,-0.9146508888042129,True
Q162I,-3.06776818150921,162,True,neutral,tolerant,162,-1.661064112892139,True
Q162K,-2.31935268001425,162,True,neutral,tolerant,162,-1.2558294088624926,True
Q162L,-2.4096196684545896,162,True,neutral,tolerant,162,-1.3047050885767708,True
Q162M,-2.79522366475147,162,True,neutral,tolerant,162,-1.5134930158710151,True
Q162N,-3.48638002076621,162,True,neutral,tolerant,162,-1.887724363041646,True
Q162P,-4.31659357968814,162,True,mild,tolerant,162,-2.3372491860298203,True
Q162Q,0.0,162,True,neutral,tolerant,162,0.0,True
Q162R,-3.09972236070857,162,True,neutral,tolerant,162,-1.6783659222807705,True
Q162S,-3.2176006807500697,162,True,neutral,tolerant,162,-1.7421919467793434,True
Q162T,-3.75904617422819,162,True,mild,tolerant,162,-2.035361321090158,True
Q162V,-3.1641693386078,162,True,neutral,tolerant,162,-1.7132611802790785,True
Q162W,-5.94779757240216,162,True,impactful,tolerant,162,-3.220475770566157,True
Q162Y,-5.94779757240216,162,True,impactful,tolerant,162,-3.220475770566157,True
N163A,-0.17469766146764598,163,True,neutral,tolerant,163,-0.09005134834950385,True
N163C,-1.63417794779328,163,True,neutral,tolerant,163,-0.8423691903229282,True
N163D,-2.5832276899734903,163,True,neutral,tolerant,163,-1.3315755610098348,True
N163E,-1.94140511202535,163,True,neutral,tolerant,163,-1.000735479580991,True
N163F,-3.0714640380233105,163,True,neutral,tolerant,163,-1.5832465970486689,True
N163G,-3.2745695933067696,163,True,neutral,tolerant,163,-1.687941353446066,True
N163H,-1.37766619534404,163,True,neutral,tolerant,163,-0.7101451583496886,True
N163I,-1.7239934993293202,163,True,neutral,tolerant,163,-0.8886663842900763,True
N163K,-1.3822620527348302,163,True,neutral,tolerant,163,-0.7125141835065556,True
N163L,-1.7743600057057398,163,True,neutral,tolerant,163,-0.9146287914153168,True
N163M,-3.11466380797416,163,True,neutral,tolerant,163,-1.6055147688134228,True
N163N,0.0,163,True,neutral,tolerant,163,0.0,True
N163P,-4.69995371714387,163,True,mild,tolerant,163,-2.422683657316453,True
N163Q,-1.72244516372169,163,True,neutral,tolerant,163,-0.8878682642237097,True
N163R,-2.28317132896481,163,True,neutral,tolerant,163,-1.1769056034232452,True
N163S,-0.451522883186104,163,True,neutral,tolerant,163,-0.23274635790756973,True
N163T,-0.048151579413708,163,True,neutral,tolerant,163,-0.024820679423723516,True
N163V,-1.65137326134349,163,True,neutral,tolerant,163,-0.8512328531646639,True
N163W,-5.028430770005411,163,True,mild,tolerant,163,-2.592003619951048,True
N163Y,-5.028430770005411,163,True,mild,tolerant,163,-2.592003619951048,True
R164A,-3.85277675945564,164,True,mild,sensitive,164,-1.6832156746807196,True
R164C,-3.5179109533284905,164,True,neutral,sensitive,164,-1.5369182354625044,True
R164D,-4.29317294539596,164,True,mild,sensitive,164,-1.8756176251506158,True
R164E,-3.53992264401215,164,True,neutral,sensitive,164,-1.5465347860955068,True
R164F,-4.132210489989009,164,True,mild,sensitive,164,-1.8052957391728888,True
R164G,-3.93281717841055,164,True,mild,sensitive,164,-1.7181840354771938,True
R164H,-2.79170871677067,164,True,neutral,sensitive,164,-1.2196522572138642,True
R164I,-5.19114716443653,164,True,mild,sensitive,164,-2.267927996427311,True
R164K,-1.32118884918811,164,True,neutral,sensitive,164,-0.5772059787032706,True
R164L,-3.32947735520348,164,True,neutral,sensitive,164,-1.4545946528095302,True
R164M,-4.505749539596129,164,True,mild,sensitive,164,-1.968488891192649,True
R164N,-5.324657198844942,164,True,mild,sensitive,164,-2.3262563649453853,True
R164P,-4.48702171548721,164,True,mild,sensitive,164,-1.960307008602273,True
R164Q,-3.0979254647329104,164,True,neutral,sensitive,164,-1.353433387603735,True
R164R,0.0,164,True,neutral,sensitive,164,0.0,True
R164S,-4.1092112301211605,164,True,mild,sensitive,164,-1.7952477355815548,True
R164T,-4.74315593747909,164,True,mild,sensitive,164,-2.072207895727588,True
R164V,-5.58530763787205,164,True,mild,sensitive,164,-2.4401303140409536,True
R164W,-6.227621970645701,164,True,impactful,sensitive,164,-2.720747027776907,True
R164Y,-6.227621970645701,164,True,impactful,sensitive,164,-2.720747027776907,True
L165A,-2.4380684981937004,165,True,neutral,tolerant,165,-1.1589404958619003,True
L165C,-3.2500376101607205,165,True,neutral,tolerant,165,-1.5449115569476675,True
L165D,-3.0465295377948203,165,True,neutral,tolerant,165,-1.4481736078398497,True
L165E,-2.07556039030718,165,True,neutral,tolerant,165,-0.9866215775791604,True
L165F,-2.31337565642499,165,True,neutral,tolerant,165,-1.09966751646164,True
L165G,-3.36375987876625,165,True,neutral,tolerant,165,-1.5989696535376023,True
L165H,-2.04937797853361,165,True,neutral,tolerant,165,-0.9741757183647031,True
L165I,-1.11875423978623,165,True,neutral,tolerant,165,-0.531801954853217,True
L165K,-2.33874182288871,165,True,neutral,tolerant,165,-1.1117253719162177,True
L165L,0.0,165,True,neutral,tolerant,165,0.0,True
L165M,-0.676770894734625,165,True,neutral,tolerant,165,-0.32170433148606886,True
L165N,-3.58173569921431,165,True,mild,tolerant,165,-1.7025848742022964,True
L165P,-4.4772008266276,165,True,mild,tolerant,165,-2.1282459249727195,True
L165Q,-1.6994744620052498,165,True,neutral,tolerant,165,-0.8078484165478602,True
L165R,-1.86858977679609,165,True,neutral,tolerant,165,-0.8882377029550079,True
L165S,-3.05695110377993,165,True,neutral,tolerant,165,-1.453127519044309,True
L165T,-2.495288105355029,165,True,neutral,tolerant,165,-1.1861399449117134,True
L165V,-0.6190114787504971,165,True,neutral,tolerant,165,-0.2942482832860561,True
L165W,-3.64889571123978,165,True,mild,tolerant,165,-1.7345095136029345,True
L165Y,-5.21056610765398,165,True,mild,tolerant,165,-2.4768525055795823,True
A166A,0.0,166,True,neutral,tolerant,166,0.0,True
A166C,-2.424838644194529,166,True,neutral,tolerant,166,-1.4161353970703214,True
A166D,-3.4403178495980096,166,True,neutral,tolerant,166,-2.009187661064736,True
A166E,-1.3030715840318898,166,True,neutral,tolerant,166,-0.7610097271758981,True
A166F,-4.5366112658256,166,True,mild,tolerant,166,-2.6494364116411853,True
A166G,-5.09716295350185,166,True,mild,tolerant,166,-2.976805446569087,True
A166H,-4.14508777175678,166,True,mild,tolerant,166,-2.4207819071186036,True
A166I,-3.11818708002487,166,True,neutral,tolerant,166,-1.821059355550388,True
A166K,-2.38780162893383,166,True,neutral,tolerant,166,-1.3945053276064905,True
A166L,-1.90228874730903,166,True,neutral,tolerant,166,-1.1109598723042966,True
A166M,-1.88565344739968,166,True,neutral,tolerant,166,-1.1012446538921714,True
A166N,-1.58007804003627,166,True,neutral,tolerant,166,-0.9227848821966192,True
A166P,-5.346440818745839,166,True,mild,tolerant,166,-3.122386765772865,True
A166Q,-1.66474564812484,166,True,neutral,tolerant,166,-0.9722317998653739,True
A166R,-2.30005994585047,166,True,neutral,tolerant,166,-1.3432631125789638,True
A166S,-1.81945748315252,166,True,neutral,tolerant,166,-1.0625854019299679,True
A166T,-1.4521021007744,166,True,neutral,tolerant,166,-0.8480453699424931,True
A166V,-1.86690740573203,166,True,neutral,tolerant,166,-1.090296736502257,True
A166W,-5.64637923291962,166,True,mild,tolerant,166,-3.297554464567818,True
A166Y,-4.60202110029383,166,True,mild,tolerant,166,-2.6876365542068528,True
E167A,-2.47925132121253,167,True,neutral,sensitive,167,-1.012737850830033,True
E167C,-5.03275823703656,167,True,mild,sensitive,167,-2.0558080244284485,True
E167D,-1.15918063611716,167,True,neutral,sensitive,167,-0.473508311198939,True
E167E,0.0,167,True,neutral,sensitive,167,0.0,True
E167F,-6.463596137026792,167,True,impactful,sensitive,167,-2.640284348923688,True
E167G,-3.57062704533118,167,True,mild,sensitive,167,-1.4585488486240905,True
E167H,-2.96234470272905,167,True,neutral,sensitive,167,-1.210074421254034,True
E167I,-3.83757390249988,167,True,mild,sensitive,167,-1.567592729775535,True
E167K,-3.03087643439073,167,True,neutral,sensitive,167,-1.238068629845508,True
E167L,-3.9278725880829306,167,True,mild,sensitive,167,-1.604478420220758,True
E167M,-4.61818749231931,167,True,mild,sensitive,167,-1.8864619474778404,True
E167N,-2.9983181744295697,167,True,neutral,sensitive,167,-1.2247690575360315,True
E167P,-5.96682911183143,167,True,impactful,sensitive,167,-2.437362295336345,True
E167Q,-2.56595755719362,167,True,neutral,sensitive,167,-1.0481560782318866,True
E167R,-3.66003185196867,167,True,mild,sensitive,167,-1.4950694026128017,True
E167S,-3.4847059737128103,167,True,neutral,sensitive,167,-1.4234513493640137,True
E167T,-5.03275823703656,167,True,mild,sensitive,167,-2.0558080244284485,True
E167V,-2.6918472982704,167,True,neutral,sensitive,167,-1.099580193539928,True
E167W,-6.463596137026792,167,True,impactful,sensitive,167,-2.640284348923688,True
E167Y,-5.246337890594329,167,True,mild,sensitive,167,-2.1430521845805273,True
E168A,-4.19723843080355,168,True,mild,sensitive,168,-2.294145536170073,True
E168C,-5.59513517144405,168,True,mild,sensitive,168,-3.0582142495486293,True
E168D,-1.5944667997082902,168,True,neutral,sensitive,168,-0.8715108639710643,True
E168E,0.0,168,True,neutral,sensitive,168,0.0,True
E168F,-5.07436900825575,168,True,mild,sensitive,168,-2.7735715283015234,True
E168G,-4.40992383824681,168,True,mild,sensitive,168,-2.4103960866543006,True
E168H,-4.29401527871265,168,True,mild,sensitive,168,-2.347042262742923,True
E168I,-5.51204962231541,168,True,mild,sensitive,168,-3.012800974892889,True
E168K,-3.28892166354696,168,True,neutral,sensitive,168,-1.797673655579006,True
E168L,-4.37078708970298,168,True,mild,sensitive,168,-2.3890045458942852,True
E168M,-5.244042966277171,168,True,mild,sensitive,168,-2.866312686521746,True
E168N,-3.28941915244777,168,True,neutral,sensitive,168,-1.797945575309063,True
E168P,-6.02563680471024,168,True,impactful,sensitive,168,-3.293519776397738,True
E168Q,-3.00639366994484,168,True,neutral,sensitive,168,-1.6432482289440695,True
E168R,-4.3846968782299305,168,True,mild,sensitive,168,-2.396607420923728,True
E168S,-3.10748371169568,168,True,neutral,sensitive,168,-1.6985024804852515,True
E168T,-4.920922884852599,168,True,mild,sensitive,168,-2.689700253211596,True
E168V,-4.1411795219521,168,True,mild,sensitive,168,-2.2635046046089142,True
E168W,-6.862001730922708,168,True,impactful,sensitive,168,-3.750663894777548,True
E168Y,-6.862001730922708,168,True,impactful,sensitive,168,-3.750663894777548,True
R169A,-3.82719368739779,169,True,mild,sensitive,169,-1.6010959042440278,True
R169C,-5.111640136565169,169,True,mild,sensitive,169,-2.138440527212655,True
R169D,-3.81950548907404,169,True,mild,sensitive,169,-1.5978795677184672,True
R169E,-3.308442851241141,169,True,neutral,sensitive,169,-1.3840779252929019,True
R169F,-4.91598510562359,169,True,mild,sensitive,169,-2.0565887856306144,True
R169G,-5.30631356358101,169,True,mild,sensitive,169,-2.219881617504622,True
R169H,-4.22936137374254,169,True,mild,sensitive,169,-1.769341644601027,True
R169I,-5.56379390538803,169,True,mild,sensitive,169,-2.3275978070583503,True
R169K,-0.19040378991300894,169,True,neutral,sensitive,169,-0.07965489940738738,True
R169L,-3.98335833988587,169,True,mild,sensitive,169,-1.6664269551154984,True
R169M,-4.70977528047655,169,True,mild,sensitive,169,-1.9703214750565605,True
R169N,-3.82925524269755,169,True,mild,sensitive,169,-1.6019583502074204,True
R169P,-5.051080104337808,169,True,mild,sensitive,169,-2.11310540506313,True
R169Q,-3.32672963906676,169,True,neutral,sensitive,169,-1.3917281524517173,True
R169R,0.0,169,True,neutral,sensitive,169,0.0,True
R169S,-5.111640136565169,169,True,mild,sensitive,169,-2.138440527212655,True
R169T,-4.00511039854378,169,True,mild,sensitive,169,-1.6755268687521496,True
R169V,-5.0992178848073495,169,True,mild,sensitive,169,-2.133243712513565,True
R169W,-6.05436378912058,169,True,impactful,sensitive,169,-2.532826362429349,True
R169Y,-6.05436378912058,169,True,impactful,sensitive,169,-2.532826362429349,True
A170A,0.0,170,True,neutral,tolerant,170,0.0,True
A170C,-3.7111130637123,170,True,mild,tolerant,170,-2.4328781374182227,True
A170D,-1.58688702990354,170,True,neutral,tolerant,170,-1.040308580020174,True
A170E,-1.45291580023677,170,True,neutral,tolerant,170,-0.9524816477484633,True
A170F,-5.67217125040371,170,True,mild,tolerant,170,-3.7184804639164657,True
A170G,-4.298465194654121,170,True,mild,tolerant,170,-2.8179260014423244,True
A170H,-1.57902840466019,170,True,neutral,tolerant,170,-1.0351567354882307,True
A170I,-1.59651177659143,170,True,neutral,tolerant,170,-1.046618233052338,True
A170K,-1.88124525483544,170,True,neutral,tolerant,170,-1.2332797123223755,True
A170L,-1.5510956342045803,170,True,neutral,tolerant,170,-1.01684497149929,True
A170M,-1.54450185153258,170,True,neutral,tolerant,170,-1.012522314272148,True
A170N,-2.2444640848680497,170,True,neutral,tolerant,170,-1.4713934899179877,True
A170P,-2.7962152114892103,170,True,neutral,tolerant,170,-1.83310255946321,True
A170Q,-1.42991126593777,170,True,neutral,tolerant,170,-0.9374006659522527,True
A170R,-1.6945769368749195,170,True,neutral,tolerant,170,-1.110906380678177,True
A170S,-1.53312443239371,170,True,neutral,tolerant,170,-1.005063669437568,True
A170T,-1.05163161496231,170,True,neutral,tolerant,170,-0.6894135319338162,True
A170V,-1.62342433933196,170,True,neutral,tolerant,170,-1.064261183937762,True
A170W,-5.67217125040371,170,True,mild,tolerant,170,-3.7184804639164657,True
A170Y,-4.81497998386115,170,True,mild,tolerant,170,-3.1565353395954294,True
R171A,-3.0959331759132005,171,True,neutral,tolerant,171,-1.3489762363631819,True
R171C,-4.05204975906765,171,True,mild,tolerant,171,-1.7655803671960997,True
R171D,-3.49402222045428,171,True,neutral,tolerant,171,-1.5224336821570623,True
R171E,-3.25439365815149,171,True,neutral,tolerant,171,-1.4180214685423456,True
R171F,-6.69506971912151,171,True,impactful,tolerant,171,-2.9172108823781833,True
R171G,-4.60392924139774,171,True,mild,tolerant,171,-2.0060481889151878,True
R171H,-3.60051402394849,171,True,mild,tolerant,171,-1.568834849145679,True
R171I,-2.75661709176549,171,True,neutral,tolerant,171,-1.2011276530370718,True
R171K,-1.53395574282606,171,True,neutral,tolerant,171,-0.668383239278031,True
R171L,-2.81050075346191,171,True,neutral,tolerant,171,-1.2246061246404722,True
R171M,-2.9591446979208498,171,True,neutral,tolerant,171,-1.2893740435072134,True
R171N,-4.59904392821254,171,True,mild,tolerant,171,-2.0039195346388943,True
R171P,-3.8202241306371496,171,True,mild,tolerant,171,-1.664568088841461,True
R171Q,-2.28985213018152,171,True,neutral,tolerant,171,-0.9977463765797655,True
R171R,0.0,171,True,neutral,tolerant,171,0.0,True
R171S,-2.95456076684242,171,True,neutral,tolerant,171,-1.2873767090227233,True
R171T,-4.70050382120931,171,True,mild,tolerant,171,-2.0481281712016726,True
R171V,-2.9737837201276203,171,True,neutral,tolerant,171,-1.295752635020159,True
R171W,-6.69506971912151,171,True,impactful,tolerant,171,-2.9172108823781833,True
R171Y,-6.69506971912151,171,True,impactful,tolerant,171,-2.9172108823781833,True
R172A,-3.7603858465886897,172,True,mild,sensitive,172,-1.6581637343438556,True
R172C,-5.054913798423058,172,True,mild,sensitive,172,-2.2289932689708554,True
R172D,-4.10601124226296,172,True,mild,sensitive,172,-1.810569237437434,True
R172E,-3.65711881477059,172,True,mild,sensitive,172,-1.6126275436177246,True
R172F,-6.11302265957373,172,True,impactful,sensitive,172,-2.6955724478441003,True
R172G,-4.96120914015168,172,True,mild,sensitive,172,-2.187673661775323,True
R172H,-4.95383742792191,172,True,mild,sensitive,172,-2.1844230629330497,True
R172I,-5.09693518430579,172,True,mild,sensitive,172,-2.2475228403979006,True
R172K,-0.642383676268668,172,True,neutral,sensitive,172,-0.2832627711567115,True
R172L,-3.85777616164513,172,True,mild,sensitive,172,-1.7011085530648944,True
R172M,-4.20329233705161,172,True,mild,sensitive,172,-1.8534658948541562,True
R172N,-4.1121039068407415,172,True,mild,sensitive,172,-1.8132558328721984,True
R172P,-3.62418361758264,172,True,mild,sensitive,172,-1.5981045792761626,True
R172Q,-3.70826490113197,172,True,mild,sensitive,172,-1.6351807041225157,True
R172R,0.0,172,True,neutral,sensitive,172,0.0,True
R172S,-3.43427895592629,172,True,neutral,sensitive,172,-1.5143650281268937,True
R172T,-5.054913798423058,172,True,mild,sensitive,172,-2.2289932689708554,True
R172V,-5.09693518430579,172,True,mild,sensitive,172,-2.2475228403979006,True
R172W,-6.11302265957373,172,True,impactful,sensitive,172,-2.6955724478441003,True
R172Y,-6.11302265957373,172,True,impactful,sensitive,172,-2.6955724478441003,True
E173A,-2.9682552667374,173,True,neutral,sensitive,173,-1.723671405102624,True
E173C,-5.46860282391032,173,True,mild,sensitive,173,-3.1756279249521833,True
E173D,-2.6435117448040604,173,True,neutral,sensitive,173,-1.5350922323402785,True
E173E,0.0,173,True,neutral,sensitive,173,0.0,True
E173F,-6.76104295122295,173,True,impactful,sensitive,173,-3.92615033292036,True
E173G,-7.0130158143001,173,True,impactful,sensitive,173,-4.072471447487204,True
E173H,-4.23116240409201,173,True,mild,sensitive,173,-2.45704395036584,True
E173I,-5.28279191279277,173,True,mild,sensitive,173,-3.0677271800807953,True
E173K,-3.6820559643471498,173,True,mild,sensitive,173,-2.1381768100789946,True
E173L,-4.951743672718339,173,True,mild,sensitive,173,-2.8754868456593394,True
E173M,-5.9830860994687916,173,True,impactful,sensitive,173,-3.4743893288048953,True
E173N,-4.23116240409201,173,True,mild,sensitive,173,-2.45704395036584,True
E173P,-7.0130158143001,173,True,impactful,sensitive,173,-4.072471447487204,True
E173Q,-1.7167062743916202,173,True,neutral,sensitive,173,-0.9968945559663954,True
E173R,-3.5232297655023395,173,True,neutral,sensitive,173,-2.0459461382773556,True
E173S,-5.46860282391032,173,True,mild,sensitive,173,-3.1756279249521833,True
E173T,-4.8378556031818,173,True,mild,sensitive,173,-2.8093518299003195,True
E173V,-5.3108967824587,173,True,mild,sensitive,173,-3.0840477306514162,True
E173W,-6.76104295122295,173,True,impactful,sensitive,173,-3.92615033292036,True
E173Y,-6.76104295122295,173,True,impactful,sensitive,173,-3.92615033292036,True
E174A,-2.33365677530579,174,True,neutral,tolerant,174,-1.0118836102304227,True
E174C,-4.8282786210001305,174,True,mild,tolerant,174,-2.0935623669748042,True
E174D,-1.25323060905618,174,True,neutral,tolerant,174,-0.5434061797613192,True
E174E,0.0,174,True,neutral,tolerant,174,0.0,True
E174F,-6.25381629050398,174,True,impactful,tolerant,174,-2.711681628899259,True
E174G,-3.034866707353,174,True,neutral,tolerant,174,-1.3159312512878292,True
E174H,-3.4924522971315897,174,True,neutral,tolerant,174,-1.5143423301894834,True
E174I,-3.15634984463435,174,True,neutral,tolerant,174,-1.3686068618725362,True
E174K,-3.135375018127529,174,True,neutral,tolerant,174,-1.3595120869277941,True
E174L,-1.88644208519494,174,True,neutral,tolerant,174,-0.8179693980094975,True
E174M,-1.96238303542426,174,True,neutral,tolerant,174,-0.8508977205012676,True
E174N,-1.61701355710091,174,True,neutral,tolerant,174,-0.7011440299469075,True
E174P,-3.5445864398103195,174,True,mild,tolerant,174,-1.5369479185811648,True
E174Q,-1.31937713110705,174,True,neutral,tolerant,174,-0.5720875960883839,True
E174R,-3.45962025876305,174,True,neutral,tolerant,174,-1.5001062172070039,True
E174S,-4.37295513986357,174,True,mild,tolerant,174,-1.8961321481052043,True
E174T,-4.8282786210001305,174,True,mild,tolerant,174,-2.0935623669748042,True
E174V,-2.18681615491173,174,True,neutral,tolerant,174,-0.9482128859554929,True
E174W,-6.25381629050398,174,True,impactful,tolerant,174,-2.711681628899259,True
E174Y,-6.25381629050398,174,True,impactful,tolerant,174,-2.711681628899259,True
E175A,-2.1475854998076,175,True,neutral,tolerant,175,-1.395653011034195,True
E175C,-4.75644426872152,175,True,mild,tolerant,175,-3.0910740299057946,True
E175D,-1.4601745677658702,175,True,neutral,tolerant,175,-0.9489247493618129,True
E175E,0.0,175,True,neutral,tolerant,175,0.0,True
E175F,-5.665422615962419,175,True,mild,tolerant,175,-3.681792475064463,True
E175G,-3.31150433961804,175,True,neutral,tolerant,175,-2.1520498266796713,True
E175H,-4.14735857126448,175,True,mild,tolerant,175,-2.695247047599415,True
E175I,-3.11132756531428,175,True,neutral,tolerant,175,-2.0219607951504566,True
E175K,-4.70801864612045,175,True,mild,tolerant,175,-3.059603633965589,True
E175L,-2.779189501354609,175,True,neutral,tolerant,175,-1.8061139806297253,True
E175M,-2.95249892763881,175,True,neutral,tolerant,175,-1.9187427084060227,True
E175N,-3.63982322771129,175,True,mild,tolerant,175,-2.365414670495107,True
E175P,-5.817452267766,175,True,impactful,tolerant,175,-3.7805920997244153,True
E175Q,-1.5894706250720805,175,True,neutral,tolerant,175,-1.0329504757929278,True
E175R,-3.4051446660734506,175,True,neutral,tolerant,175,-2.2129039363686345,True
E175S,-2.2940291890513103,175,True,neutral,tolerant,175,-1.4908224819857592,True
E175T,-2.26884421559171,175,True,neutral,tolerant,175,-1.4744555042589786,True
E175V,-4.47489065238681,175,True,mild,tolerant,175,-2.908100568574309,True
E175W,-6.43454407005313,175,True,impactful,tolerant,175,-4.181622015424494,True
E175Y,-6.43454407005313,175,True,impactful,tolerant,175,-4.181622015424494,True
E176A,-2.61172744451713,176,True,neutral,sensitive,176,-1.5412524604884323,True
E176C,-5.30811878511612,176,True,mild,sensitive,176,-3.1324674231608665,True
E176D,-1.4358526447008402,176,True,neutral,sensitive,176,-0.8473362816590329,True
E176E,0.0,176,True,neutral,sensitive,176,0.0,True
E176F,-6.52081059191988,176,True,impactful,sensitive,176,-3.848110334129327,True
E176G,-5.51051830952941,176,True,mild,sensitive,176,-3.251908969658589,True
E176H,-4.1776210664522,176,True,mild,sensitive,176,-2.465329512531962,True
E176I,-4.21307779790725,176,True,mild,sensitive,176,-2.4862535085295905,True
E176K,-3.44187553357948,176,True,neutral,sensitive,176,-2.0311457636825074,True
E176L,-4.27592547440672,176,True,mild,sensitive,176,-2.523341657311784,True
E176M,-2.80573864101338,176,True,neutral,sensitive,176,-1.6557438231265558,True
E176N,-1.64296814309197,176,True,neutral,sensitive,176,-0.9695608545832705,True
E176P,-5.23455731068537,176,True,mild,sensitive,176,-3.08905676647019,True
E176Q,-3.12771153321005,176,True,neutral,sensitive,176,-1.8457489147185087,True
E176R,-2.79218406603644,176,True,neutral,sensitive,176,-1.6477448942651463,True
E176S,-2.77457301983746,176,True,neutral,sensitive,176,-1.6373521297586753,True
E176T,-5.30811878511612,176,True,mild,sensitive,176,-3.1324674231608665,True
E176V,-3.85812025751307,176,True,mild,sensitive,176,-2.2767832655109514,True
E176W,-6.52081059191988,176,True,impactful,sensitive,176,-3.848110334129327,True
E176Y,-6.52081059191988,176,True,impactful,sensitive,176,-3.848110334129327,True
N177A,-0.267301052071295,177,True,neutral,tolerant,177,-0.1412573348834206,True
N177C,-3.49829181488087,177,True,neutral,tolerant,177,-1.8486997136201064,True
N177D,-1.57541046747647,177,True,neutral,tolerant,177,-0.8325380025957178,True
N177E,-1.77281631102187,177,True,neutral,tolerant,177,-0.9368586670059692,True
N177F,-2.55227030312758,177,True,neutral,tolerant,177,-1.3487672350266005,True
N177G,-3.4042119990854705,177,True,neutral,tolerant,177,-1.7989824979840203,True
N177H,-1.36836902863634,177,True,neutral,tolerant,177,-0.723125332371042,True
N177I,-2.0999629348483,177,True,neutral,tolerant,177,-1.1097418630867117,True
N177K,-2.08828658114142,177,True,neutral,tolerant,177,-1.1035714025030021,True
N177L,-1.98406543560048,177,True,neutral,tolerant,177,-1.0484949217202644,True
N177M,-2.08668223242076,177,True,neutral,tolerant,177,-1.1027235718538224,True
N177N,0.0,177,True,neutral,tolerant,177,0.0,True
N177P,-4.3280283764069,177,True,mild,tolerant,177,-2.287180499341963,True
N177Q,-1.29247913694647,177,True,neutral,tolerant,177,-0.6830207246202158,True
N177R,-2.4374536135392995,177,True,neutral,tolerant,177,-1.2880914559913141,True
N177S,0.129800543270552,177,True,neutral,tolerant,177,0.06859411389046037,True
N177T,-1.31136542268452,177,True,neutral,tolerant,177,-0.6930013302651652,True
N177V,-2.04164017349285,177,True,neutral,tolerant,177,-1.0789207429741159,True
N177W,-5.15853019135237,177,True,mild,tolerant,177,-2.7260656892279744,True
N177Y,-5.15853019135237,177,True,mild,tolerant,177,-2.7260656892279744,True
R178A,-3.17631932571922,178,True,neutral,tolerant,178,-1.6095502989178203,True
R178C,-5.11566595017972,178,True,mild,tolerant,178,-2.5922839660999957,True
R178D,-4.01337743482526,178,True,mild,tolerant,178,-2.0337164458206174,True
R178E,-2.70552633911847,178,True,neutral,tolerant,178,-1.3709832927053487,True
R178F,-5.30910254515475,178,True,mild,tolerant,178,-2.6903049448922354,True
R178G,-6.54526144077265,178,True,impactful,tolerant,178,-3.3167091933067714,True
R178H,-2.45074407459976,178,True,neutral,tolerant,178,-1.2418763522618868,True
R178I,-2.90661152109771,178,True,neutral,tolerant,178,-1.472880073719123,True
R178K,-0.993324091330405,178,True,neutral,tolerant,178,-0.5033514971801851,True
R178L,-2.84779461881414,178,True,neutral,tolerant,178,-1.443075525453024,True
R178M,-2.77767553682351,178,True,neutral,tolerant,178,-1.4075437738233902,True
R178N,-4.26580812511552,178,True,mild,tolerant,178,-2.1616317626852783,True
R178P,-6.54526144077265,178,True,impactful,tolerant,178,-3.3167091933067714,True
R178Q,-2.4142657157827,178,True,neutral,tolerant,178,-1.223391512635526,True
R178R,0.0,178,True,neutral,tolerant,178,0.0,True
R178S,-2.9650899088262097,178,True,neutral,tolerant,178,-1.5025130850119426,True
R178T,-3.46128059270246,178,True,neutral,tolerant,178,-1.7539499783640986,True
R178V,-4.3119031274907496,178,True,mild,tolerant,178,-2.184989686509536,True
R178W,-6.07392135799189,178,True,impactful,tolerant,178,-3.0778649546344075,True
R178Y,-6.07392135799189,178,True,impactful,tolerant,178,-3.0778649546344075,True
R179A,-4.2367480686900585,179,True,mild,sensitive,179,-1.5835957907917406,True
R179C,-5.18018584328002,179,True,mild,sensitive,179,-1.936230421053464,True
R179D,-4.6553236264764415,179,True,mild,sensitive,179,-1.7400493916884694,True
R179E,-3.74872267219029,179,True,mild,sensitive,179,-1.4011834898556,True
R179F,-5.022121542467991,179,True,mild,sensitive,179,-1.8771497399787074,True
R179G,-4.88555104550625,179,True,mild,sensitive,179,-1.8261029322316944,True
R179H,-4.6553236264764415,179,True,mild,sensitive,179,-1.7400493916884694,True
R179I,-3.43974622143961,179,True,neutral,sensitive,179,-1.285695431814464,True
R179K,-0.630814829336597,179,True,neutral,sensitive,179,-0.23578359919222386,True
R179L,-2.1983940607790102,179,True,neutral,sensitive,179,-0.8217074805270617,True
R179M,-3.31795558652209,179,True,neutral,sensitive,179,-1.2401729854272114,True
R179N,-3.7777746148749305,179,True,mild,sensitive,179,-1.4120424159479281,True
R179P,-6.2060616197163405,179,True,impactful,sensitive,179,-2.3196784182203243,True
R179Q,-2.45028432717384,179,True,neutral,sensitive,179,-0.9158580788484753,True
R179R,0.0,179,True,neutral,sensitive,179,0.0,True
R179S,-4.31234824185003,179,True,mild,sensitive,179,-1.6118533397557677,True
R179T,-3.6105372166431,179,True,mild,sensitive,179,-1.3495330489501465,True
R179V,-2.43888281819169,179,True,neutral,sensitive,179,-0.9115964656158553,True
R179W,-3.89818312125269,179,True,mild,sensitive,179,-1.457048255517307,True
R179Y,-5.627681663049519,179,True,mild,sensitive,179,-2.103493728924159,True
K180A,-3.987501106054,180,True,mild,sensitive,180,-2.2705045707654135,True
K180C,-5.2660724515215405,180,True,mild,sensitive,180,-2.9985299698120165,True
K180D,-4.75079480947664,180,True,mild,sensitive,180,-2.7051281097598863,True
K180E,-3.85894884432252,180,True,mild,sensitive,180,-2.197306221704039,True
K180F,-6.173154035754581,180,True,impactful,sensitive,180,-3.515027101294031,True
K180G,-4.82978382885991,180,True,mild,sensitive,180,-2.7501048821243383,True
K180H,-4.75079480947664,180,True,mild,sensitive,180,-2.7051281097598863,True
K180I,-4.0706776556838,180,True,mild,sensitive,180,-2.3178657453687834,True
K180K,0.0,180,True,neutral,sensitive,180,0.0,True
K180L,-3.21129004947393,180,True,neutral,sensitive,180,-1.828525821425893,True
K180M,-2.52009240602679,180,True,neutral,sensitive,180,-1.4349541666453263,True
K180N,-3.6333576028651695,180,True,mild,sensitive,180,-2.068853355803662,True
K180P,-5.59698556652984,180,True,mild,sensitive,180,-3.186953676832899,True
K180Q,-3.3831005586091805,180,True,neutral,sensitive,180,-1.9263556491605758,True
K180R,-0.29434718774933005,180,True,neutral,sensitive,180,-0.1676028714229399,True
K180S,-5.2660724515215405,180,True,mild,sensitive,180,-2.9985299698120165,True
K180T,-4.65568272562327,180,True,mild,sensitive,180,-2.6509707777916933,True
K180V,-4.19025945704542,180,True,mild,sensitive,180,-2.3859562660609788,True
K180W,-6.173154035754581,180,True,impactful,sensitive,180,-3.515027101294031,True
K180Y,-6.173154035754581,180,True,impactful,sensitive,180,-3.515027101294031,True
A181A,0.0,181,True,neutral,tolerant,181,0.0,True
A181C,-1.81534296885284,181,True,neutral,tolerant,181,-1.0127207465102444,True
A181D,-3.17418717850541,181,True,neutral,tolerant,181,-1.770775695906437,True
A181E,-2.4567433456596204,181,True,neutral,tolerant,181,-1.3705371368875334,True
A181F,-5.02724133546064,181,True,mild,tolerant,181,-2.8045342866268994,True
A181G,-3.5077163605459702,181,True,neutral,tolerant,181,-1.9568407690162934,True
A181H,-1.8956246226049096,181,True,neutral,tolerant,181,-1.0575072676877,True
A181I,-2.4981124445118503,181,True,neutral,tolerant,181,-1.393615610427198,True
A181K,-3.18270461073865,181,True,neutral,tolerant,181,-1.7755272940769184,True
A181L,-1.73555235788718,181,True,neutral,tolerant,181,-0.9682081621181531,True
A181M,-1.70062332863517,181,True,neutral,tolerant,181,-0.9487223937614843,True
A181N,-2.11955003846368,181,True,neutral,tolerant,181,-1.1824279676336804,True
A181P,-4.84733084489163,181,True,mild,tolerant,181,-2.704168080659105,True
A181Q,-1.86963577479484,181,True,neutral,tolerant,181,-1.0430089355230696,True
A181R,-3.0253542379915697,181,True,neutral,tolerant,181,-1.6877466434306183,True
A181S,-1.65139695616587,181,True,neutral,tolerant,181,-0.9212606030528095,True
A181T,-3.25681169026382,181,True,neutral,tolerant,181,-1.8168692212973432,True
A181V,-1.91893648293168,181,True,neutral,tolerant,181,-1.0705121956807768,True
A181W,-5.79023387829891,181,True,impactful,tolerant,181,-3.2301829881795374,True
A181Y,-3.14400253988382,181,True,neutral,tolerant,181,-1.7539366686358404,True
E182A,-2.90912667490869,182,True,neutral,sensitive,182,-1.4692105011914476,True
E182C,-5.46158501129018,182,True,mild,sensitive,182,-2.758291043475858,True
E182D,-1.25531924087463,182,True,neutral,sensitive,182,-0.6339800280778669,True
E182E,0.0,182,True,neutral,sensitive,182,0.0,True
E182F,-6.32053480864653,182,True,impactful,sensitive,182,-3.192090669032495,True
E182G,-3.3175485268527205,182,True,neutral,sensitive,182,-1.675477790604365,True
E182H,-3.9583343705535,182,True,mild,sensitive,182,-1.9990970055048494,True
E182I,-4.97031793468572,182,True,mild,sensitive,182,-2.5101840242586384,True
E182K,-4.27550527995537,182,True,mild,sensitive,182,-2.1592793842183147,True
E182L,-3.4850399961661296,182,True,neutral,sensitive,182,-1.760066828165945,True
E182M,-3.809272664906,182,True,mild,sensitive,182,-1.923815641804972,True
E182N,-1.60581071248329,182,True,neutral,sensitive,182,-0.8109904536144759,True
E182P,-5.1703076562848205,182,True,mild,sensitive,182,-2.6111858134340706,True
E182Q,-2.30465994382895,182,True,neutral,sensitive,182,-1.1639337057246104,True
E182R,-4.31480123006373,182,True,mild,sensitive,182,-2.1791252104765713,True
E182S,-4.47909862557193,182,True,mild,sensitive,182,-2.262101129291323,True
E182T,-4.977181610876031,182,True,mild,sensitive,182,-2.51365042028139,True
E182V,-2.80307405061071,182,True,neutral,sensitive,182,-1.4156502246172438,True
E182W,-6.32053480864653,182,True,impactful,sensitive,182,-3.192090669032495,True
E182Y,-3.9814112466874505,182,True,mild,sensitive,182,-2.01075163335008,True
D183A,-2.67524937495592,183,True,neutral,sensitive,183,-1.6334796094836936,True
D183C,-4.9717283648021295,183,True,mild,sensitive,183,-3.035685937850111,True
D183D,0.0,183,True,neutral,sensitive,183,0.0,True
D183E,-0.6524673333918929,183,True,neutral,sensitive,183,-0.3983898080407615,True
D183F,-4.8774283546365895,183,True,mild,sensitive,183,-2.9781073265918416,True
D183G,-3.09538228472798,183,True,neutral,sensitive,183,-1.8900084205209902,True
D183H,-3.88616995895202,183,True,mild,sensitive,183,-2.3728551986077195,True
D183I,-3.45554774448314,183,True,neutral,sensitive,183,-2.1099217265693535,True
D183K,-2.04746067733714,183,True,neutral,sensitive,183,-1.250158321298551,True
D183L,-4.15447294080683,183,True,mild,sensitive,183,-2.5366782253977838,True
D183M,-3.9664458545855297,183,True,mild,sensitive,183,-2.421870830525226,True
D183N,-2.24009560627248,183,True,neutral,sensitive,183,-1.367779217292743,True
D183P,-6.43479941758704,183,True,impactful,sensitive,183,-3.9290219962836805,True
D183Q,-2.94932856048008,183,True,neutral,sensitive,183,-1.8008295265152565,True
D183R,-4.46335511608822,183,True,mild,sensitive,183,-2.7252784881540104,True
D183S,-4.25104394885072,183,True,mild,sensitive,183,-2.5956434844811835,True
D183T,-4.34608558070623,183,True,mild,sensitive,183,-2.6536749222758713,True
D183V,-3.24081149932678,183,True,neutral,sensitive,183,-1.9788059953916624,True
D183W,-5.785098937020449,183,True,impactful,sensitive,183,-3.5323215999721147,True
D183Y,-5.785098937020449,183,True,impactful,sensitive,183,-3.5323215999721147,True
E184A,-2.9266231489111902,184,True,neutral,sensitive,184,-1.6505456545959054,True
E184C,-4.36123881947375,184,True,mild,sensitive,184,-2.459634676509495,True
E184D,-0.275591025087632,184,True,neutral,sensitive,184,-0.15542676516901477,True
E184E,0.0,184,True,neutral,sensitive,184,0.0,True
E184F,-6.291957469072732,184,True,impactful,sensitive,184,-3.5485139463015267,True
E184G,-2.98017205445117,184,True,neutral,sensitive,184,-1.68074596015293,True
E184H,-2.23163976474544,184,True,neutral,sensitive,184,-1.258591601619218,True
E184I,-4.414928937398259,184,True,mild,sensitive,184,-2.48991462248341,True
E184K,-4.23689398763597,184,True,mild,sensitive,184,-2.389507157037894,True
E184L,-5.30791933185571,184,True,mild,sensitive,184,-2.993539906700813,True
E184M,-4.42094928878851,184,True,mild,sensitive,184,-2.4933099570791932,True
E184N,-3.82331708433138,184,True,mild,sensitive,184,-2.156259647585034,True
E184P,-3.34956556829448,184,True,neutral,sensitive,184,-1.889075091745024,True
E184Q,-2.70187462897604,184,True,neutral,sensitive,184,-1.523792849714336,True
E184R,-3.97953750878717,184,True,mild,sensitive,184,-2.244364241044756,True
E184S,-3.087168104288569,184,True,neutral,sensitive,184,-1.7410891803532311,True
E184T,-3.24381319915686,184,True,neutral,sensitive,184,-1.8294332777970073,True
E184V,-4.34688419106362,184,True,mild,sensitive,184,-2.4515390084510726,True
E184W,-6.291957469072732,184,True,impactful,sensitive,184,-3.5485139463015267,True
E184Y,-6.291957469072732,184,True,impactful,sensitive,184,-3.5485139463015267,True
A185A,0.0,185,True,neutral,tolerant,185,0.0,True
A185C,-3.98347552040176,185,True,mild,tolerant,185,-2.322193519906649,True
A185D,-1.90764439241444,185,True,neutral,tolerant,185,-1.112073972505367,True
A185E,-1.23870318177114,185,True,neutral,tolerant,185,-0.7221102494704359,True
A185F,-3.35283511436383,185,True,neutral,tolerant,185,-1.9545575053780906,True
A185G,-3.11307867330786,185,True,neutral,tolerant,185,-1.8147898951782664,True
A185H,-4.38722899653212,185,True,mild,tolerant,185,-2.557564291261394,True
A185I,-1.9892405773901696,185,True,neutral,tolerant,185,-1.1596410106431168,True
A185K,-3.53020636930189,185,True,neutral,tolerant,185,-2.057957256857756,True
A185L,-1.72545837522499,185,True,neutral,tolerant,185,-1.0058674233830887,True
A185M,-1.88181024741404,185,True,neutral,tolerant,185,-1.0970137860413098,True
A185N,-4.38722899653212,185,True,mild,tolerant,185,-2.557564291261394,True
A185P,-6.4593003183993485,185,True,impactful,tolerant,185,-3.7654920347056877,True
A185Q,-3.64057673378173,185,True,mild,tolerant,185,-2.122298394106409,True
A185R,-3.87572888418153,185,True,mild,tolerant,185,-2.259381902478378,True
A185S,-1.87835604448242,185,True,neutral,tolerant,185,-1.095000135493398,True
A185T,-1.5722924545123202,185,True,neutral,tolerant,185,-0.9165783323047471,True
A185V,-1.73656354979267,185,True,neutral,tolerant,185,-1.0123412586775247,True
A185W,-5.7933320289866606,185,True,impactful,tolerant,185,-3.377261395853542,True
A185Y,-5.7933320289866606,185,True,impactful,tolerant,185,-3.377261395853542,True
R186A,-4.00886780807332,186,True,mild,sensitive,186,-1.1133567821140031,True
R186C,-5.45443614412528,186,True,mild,sensitive,186,-1.5148250739123812,True
R186D,-4.30087909167187,186,True,mild,sensitive,186,-1.1944551766266702,True
R186E,-3.87507221501818,186,True,mild,sensitive,186,-1.0761986022795582,True
R186F,-5.48763506186,186,True,mild,sensitive,186,-1.5240451934045627,True
R186G,-4.5605959811385715,186,True,mild,sensitive,186,-1.2665846591042367,True
R186H,-5.10171744714692,186,True,mild,sensitive,186,-1.416866804331024,True
R186I,-5.59613809010692,186,True,mild,sensitive,186,-1.5541790337211068,True
R186K,-0.8548091285099141,186,True,neutral,sensitive,186,-0.23740057946606832,True
R186L,-3.19235985429929,186,True,neutral,sensitive,186,-0.8865933387912751,True
R186M,-3.1174077067237698,186,True,neutral,sensitive,186,-0.8657773663441016,True
R186N,-4.15163743297562,186,True,mild,sensitive,186,-1.1530072614450344,True
R186P,-4.13597031118594,186,True,mild,sensitive,186,-1.1486561336114804,True
R186Q,-2.35278124619852,186,True,neutral,sensitive,186,-0.6534226326970594,True
R186R,0.0,186,True,neutral,sensitive,186,0.0,True
R186S,-4.4561893711189,186,True,mild,sensitive,186,-1.2375884903782843,True
R186T,-3.37042248849144,186,True,neutral,sensitive,186,-0.9360455160418374,True
R186V,-5.59613809010692,186,True,mild,sensitive,186,-1.5541790337211068,True
R186W,-6.350834645570941,186,True,impactful,sensitive,186,-1.7637759994209488,True
R186Y,-6.350834645570941,186,True,impactful,sensitive,186,-1.7637759994209488,True
K187A,-5.20233319024783,187,True,mild,sensitive,187,-2.1430359455074273,True
K187C,-6.20621980343114,187,True,impactful,sensitive,187,-2.5565744519026814,True
K187D,-5.11186188095148,187,True,mild,sensitive,187,-2.105767423717503,True
K187E,-5.07455333223874,187,True,mild,sensitive,187,-2.0903986347448944,True
K187F,-7.2171891045066205,187,True,impactful,sensitive,187,-2.9730305827923034,True
K187G,-5.13628789211493,187,True,mild,sensitive,187,-2.115829412831688,True
K187H,-5.97321051676801,187,True,impactful,sensitive,187,-2.460589197076597,True
K187I,-5.303086145481879,187,True,mild,sensitive,187,-2.1845398624590406,True
K187K,0.0,187,True,neutral,sensitive,187,0.0,True
K187L,-5.5505812213552,187,True,mild,sensitive,187,-2.286492356568198,True
K187M,-6.39692122529546,187,True,impactful,sensitive,187,-2.635131512161858,True
K187N,-5.13343946027283,187,True,mild,sensitive,187,-2.1146560370399587,True
K187P,-5.405106619010639,187,True,mild,sensitive,187,-2.2265659176835824,True
K187Q,-3.40545702302958,187,True,neutral,sensitive,187,-1.4028353325991871,True
K187R,-0.8096070030018381,187,True,neutral,sensitive,187,-0.33350745631208323,True
K187S,-5.07783926789374,187,True,mild,sensitive,187,-2.0917522347481565,True
K187T,-5.7617703303449215,187,True,impactful,sensitive,187,-2.373489062721711,True
K187V,-5.3872747936729,187,True,mild,sensitive,187,-2.2192203207609515,True
K187W,-7.2171891045066205,187,True,impactful,sensitive,187,-2.9730305827923034,True
K187Y,-7.2171891045066205,187,True,impactful,sensitive,187,-2.9730305827923034,True
K188A,-5.07332355344408,188,True,mild,sensitive,188,-2.1349523635409566,True
K188C,-6.0607419818075,188,True,impactful,sensitive,188,-2.5504770753459587,True
K188D,-3.98268520004673,188,True,mild,sensitive,188,-1.6759907172305435,True
K188E,-3.634045461441701,188,True,mild,sensitive,188,-1.529276393549411,True
K188F,-6.797551718359388,188,True,impactful,sensitive,188,-2.8605408179715512,True
K188G,-5.194424458166259,188,True,mild,sensitive,188,-2.1859139590394436,True
K188H,-5.2311297844182,188,True,mild,sensitive,188,-2.2013602679946302,True
K188I,-6.209012462540491,188,True,impactful,sensitive,188,-2.6128721522515814,True
K188K,0.0,188,True,neutral,sensitive,188,0.0,True
K188L,-3.69380808669599,188,True,mild,sensitive,188,-1.5544256584630278,True
K188M,-4.8770242987972,188,True,mild,sensitive,188,-2.0523458525911114,True
K188N,-4.6028600889849,188,True,mild,sensitive,188,-1.936972267293215,True
K188P,-6.21392743038818,188,True,impactful,sensitive,188,-2.6149404654810877,True
K188Q,-3.97965325426965,188,True,mild,sensitive,188,-1.674714815992486,True
K188R,-1.61011326437378,188,True,neutral,sensitive,188,-0.677566704179522,True
K188S,-5.0835311027079095,188,True,mild,sensitive,188,-2.139247897069856,True
K188T,-6.0607419818075,188,True,impactful,sensitive,188,-2.5504770753459587,True
K188V,-6.209012462540491,188,True,impactful,sensitive,188,-2.6128721522515814,True
K188W,-6.797551718359388,188,True,impactful,sensitive,188,-2.8605408179715512,True
K188Y,-6.797551718359388,188,True,impactful,sensitive,188,-2.8605408179715512,True
K189A,-2.45903297195408,189,True,neutral,tolerant,189,-0.8413276700430274,True
K189C,-4.671596205087781,189,True,mild,tolerant,189,-1.5983287720965729,True
K189D,-3.05094188613273,189,True,neutral,tolerant,189,-1.0438419727479207,True
K189E,-2.62330993929695,189,True,neutral,tolerant,189,-0.897532999435777,True
K189F,-5.772836637606231,189,True,impactful,tolerant,189,-1.9751045444489352,True
K189G,-4.62116582360964,189,True,mild,tolerant,189,-1.5810746417810004,True
K189H,-2.00477651607866,189,True,neutral,tolerant,189,-0.6859094507745112,True
K189I,-2.25595402602544,189,True,neutral,tolerant,189,-0.7718467243372993,True
K189K,0.0,189,True,neutral,tolerant,189,0.0,True
K189L,-2.19708543560767,189,True,neutral,tolerant,189,-0.7517055653614836,True
K189M,-2.16231547025186,189,True,neutral,tolerant,189,-0.7398094524285064,True
K189N,-1.96867421012674,189,True,neutral,tolerant,189,-0.6735574940109658,True
K189P,-5.604897104395361,189,True,mild,tolerant,189,-1.917646113514544,True
K189Q,-2.13871236447666,189,True,neutral,tolerant,189,-0.7317339421713795,True
K189R,-1.60670161259177,189,True,neutral,tolerant,189,-0.5497130537058336,True
K189S,-2.1191762818490703,189,True,neutral,tolerant,189,-0.725049913503892,True
K189T,-2.1528260596773503,189,True,neutral,tolerant,189,-0.7365627681506661,True
K189V,-4.03451321659757,189,True,mild,tolerant,189,-1.3803587194605618,True
K189W,-6.3477152886629415,189,True,impactful,tolerant,189,-2.1717921535893194,True
K189Y,-6.3477152886629415,189,True,impactful,tolerant,189,-2.1717921535893194,True
A190A,0.0,190,True,neutral,sensitive,190,0.0,True
A190C,-3.9797509056094302,190,True,mild,sensitive,190,-1.7412775935797773,True
A190D,-4.18869782125843,190,True,mild,sensitive,190,-1.8326990395688678,True
A190E,-3.6669729013310297,190,True,mild,sensitive,190,-1.6044264831630621,True
A190F,-6.47244784797557,190,True,impactful,sensitive,190,-2.831918047284834,True
A190G,-4.13337008984145,190,True,mild,sensitive,190,-1.8084912584024146,True
A190H,-4.92266142927661,190,True,mild,sensitive,190,-2.1538333053701892,True
A190I,-1.6708685753663102,190,True,neutral,sensitive,190,-0.7310623406105835,True
A190K,-4.330505904513951,190,True,mild,sensitive,190,-1.8947449423949199,True
A190L,-1.87068387703,190,True,neutral,sensitive,190,-0.8184883921131931,True
A190M,-2.91931368839309,190,True,neutral,sensitive,190,-1.2772999202198054,True
A190N,-2.45116079542547,190,True,neutral,sensitive,190,-1.0724669640302429,True
A190P,-3.7160183791033,190,True,mild,sensitive,190,-1.6258855627730187,True
A190Q,-3.6370396990831697,190,True,mild,sensitive,190,-1.5913296799674588,True
A190R,-4.4273035171763615,190,True,mild,sensitive,190,-1.9370972197204923,True
A190S,-2.39255637014511,190,True,neutral,sensitive,190,-1.0468255168528637,True
A190T,-1.0549080121075698,190,True,neutral,sensitive,190,-0.4615584563801759,True
A190V,-1.56928246841229,190,True,neutral,sensitive,190,-0.6866149327065587,True
A190W,-6.47244784797557,190,True,impactful,sensitive,190,-2.831918047284834,True
A190Y,-6.47244784797557,190,True,impactful,sensitive,190,-2.831918047284834,True
L191A,-4.0638997091097,191,True,mild,sensitive,191,-1.4568599111020506,True
L191C,-5.438251025798429,191,True,mild,sensitive,191,-1.9495485797140941,True
L191D,-4.38672260699252,191,True,mild,sensitive,191,-1.572588096336795,True
L191E,-4.276443330041951,191,True,mild,sensitive,191,-1.5330542817462274,True
L191F,-1.76352027507918,191,True,neutral,sensitive,191,-0.6322011307068812,True
L191G,-4.39992176141274,191,True,mild,sensitive,191,-1.5773198368598595,True
L191H,-5.32897273229334,191,True,mild,sensitive,191,-1.9103736058326433,True
L191I,-0.85216750707581,191,True,neutral,sensitive,191,-0.3054919578402933,True
L191K,-4.52904446775588,191,True,mild,sensitive,191,-1.6236087976978066,True
L191L,0.0,191,True,neutral,sensitive,191,0.0,True
L191M,-1.2305025165473,191,True,neutral,sensitive,191,-0.44112057756973505,True
L191N,-4.5812252820539285,191,True,mild,sensitive,191,-1.642315001571165,True
L191P,-5.66924480744847,191,True,mild,sensitive,191,-2.032357114443788,True
L191Q,-4.0899129502110805,191,True,mild,sensitive,191,-1.466185349924638,True
L191R,-5.14765041116368,191,True,mild,sensitive,191,-1.845371701368902,True
L191S,-4.38076894350622,191,True,mild,sensitive,191,-1.5704537784947628,True
L191T,-4.94075236816966,191,True,mild,sensitive,191,-1.7712012035468754,True
L191V,-2.15051914974884,191,True,neutral,sensitive,191,-0.7709356434912408,True
L191W,-5.13785235470404,191,True,mild,sensitive,191,-1.841859214180607,True
L191Y,-5.13785235470404,191,True,mild,sensitive,191,-1.841859214180607,True
S192A,-1.43650896491158,192,True,neutral,sensitive,192,-0.8560372050489514,True
S192C,-3.82285150748234,192,True,mild,sensitive,192,-2.2780944635342264,True
S192D,-3.70677711850359,192,True,mild,sensitive,192,-2.20892399683599,True
S192E,-3.7913307190072993,192,True,mild,sensitive,192,-2.2593107536332067,True
S192F,-6.053729111240848,192,True,impactful,sensitive,192,-3.6075078367708366,True
S192G,-2.95915403811387,192,True,neutral,sensitive,192,-1.763404206984699,True
S192H,-4.8071386419491295,192,True,mild,sensitive,192,-2.8646459074414734,True
S192I,-3.27246825261748,192,True,neutral,sensitive,192,-1.9501128395356184,True
S192K,-3.9565128660258697,192,True,mild,sensitive,192,-2.3577452687748965,True
S192L,-3.0440674428816097,192,True,neutral,sensitive,192,-1.8140053765312045,True
S192M,-3.12869160356227,192,True,neutral,sensitive,192,-1.8644341811945604,True
S192N,-2.50642517230912,192,True,neutral,sensitive,192,-1.493616295878739,True
S192P,-4.16828059041397,192,True,mild,sensitive,192,-2.4839408271269634,True
S192Q,-3.2900010832491704,192,True,neutral,sensitive,192,-1.9605609158770512,True
S192R,-3.957186024142061,192,True,mild,sensitive,192,-2.35814641377741,True
S192S,0.0,192,True,neutral,sensitive,192,0.0,True
S192T,-0.9595510722251708,192,True,neutral,sensitive,192,-0.571810853975366,True
S192V,-3.1266577673625,192,True,neutral,sensitive,192,-1.8632221877448116,True
S192W,-6.053729111240848,192,True,impactful,sensitive,192,-3.6075078367708366,True
S192Y,-6.053729111240848,192,True,impactful,sensitive,192,-3.6075078367708366,True
N193A,-2.2422268967383303,193,True,neutral,sensitive,193,-0.598833222555198,True
N193C,-4.0487437054154505,193,True,mild,sensitive,193,-1.081301024414993,True
N193D,-1.53455965369802,193,True,neutral,sensitive,193,-0.4098360000782809,True
N193E,-2.63297936108346,193,True,neutral,sensitive,193,-0.703191776894887,True
N193F,-5.60271793378505,193,True,mild,sensitive,193,-1.496322089542682,True
N193G,-2.2175886827291,193,True,neutral,sensitive,193,-0.5922530762218299,True
N193H,-2.1868645654898,193,True,neutral,sensitive,193,-0.5840475631386813,True
N193I,-4.88315699077293,193,True,mild,sensitive,193,-1.3041484076750653,True
N193K,-3.60353752792611,193,True,mild,sensitive,193,-0.9623994759788197,True
N193L,-5.45697935750187,193,True,mild,sensitive,193,-1.457399578438558,True
N193M,-4.1358032869353085,193,True,mild,sensitive,193,-1.1045520922849221,True
N193N,0.0,193,True,neutral,sensitive,193,0.0,True
N193P,-6.2892242926488695,193,True,impactful,sensitive,193,-1.6796678587781995,True
N193Q,-2.0673130701316897,193,True,neutral,sensitive,193,-0.5521188554192571,True
N193R,-3.92924768520864,193,True,mild,sensitive,193,-1.0493871324859212,True
N193S,-1.23445209514686,193,True,neutral,sensitive,193,-0.3296860488571148,True
N193T,-1.5458384874693,193,True,neutral,sensitive,193,-0.4128482466906755,True
N193V,-4.25592619696132,193,True,mild,sensitive,193,-1.1366334081491745,True
N193W,-6.0570754389357315,193,True,impactful,sensitive,193,-1.6176676899354485,True
N193Y,-6.0570754389357315,193,True,impactful,sensitive,193,-1.6176676899354485,True
M194A,-2.3509192925562004,194,True,neutral,tolerant,194,-0.7441120112483287,True
M194C,-4.44078427951961,194,True,mild,tolerant,194,-1.4055952206510307,True
M194D,-3.97977524777641,194,True,mild,tolerant,194,-1.2596768308108246,True
M194E,-3.5762084672910297,194,True,mild,tolerant,194,-1.131940038803189,True
M194F,-2.9649052145116,194,True,neutral,tolerant,194,-0.9384505836999689,True
M194G,-4.01798976111708,194,True,mild,tolerant,194,-1.2717724729159532,True
M194H,-3.8359150960241903,194,True,mild,tolerant,194,-1.2141422745213832,True
M194I,-1.25316491718517,194,True,neutral,tolerant,194,-0.3966512461338399,True
M194K,-2.2129155137088303,194,True,neutral,tolerant,194,-0.7004311117112252,True
M194L,-1.30022468494806,194,True,neutral,tolerant,194,-0.41154658454456344,True
M194M,0.0,194,True,neutral,tolerant,194,0.0,True
M194N,-3.54116093726517,194,True,mild,tolerant,194,-1.1208468089592705,True
M194P,-3.69362436839114,194,True,mild,tolerant,194,-1.1691044717111083,True
M194Q,-3.52129976139964,194,True,neutral,tolerant,194,-1.114560357711943,True
M194R,-2.19608982540019,194,True,neutral,tolerant,194,-0.6951054517416878,True
M194S,-2.22577837385433,194,True,neutral,tolerant,194,-0.7045024589342371,True
M194T,-3.28083150117228,194,True,neutral,tolerant,194,-1.0384474425107548,True
M194V,-1.8354692780106,194,True,neutral,tolerant,194,-0.5809619838373652,True
M194W,-5.42578434308859,194,True,mild,tolerant,194,-1.7173670371922503,True
M194Y,-5.42578434308859,194,True,mild,tolerant,194,-1.7173670371922503,True
M195A,-1.0716669723028298,195,True,neutral,tolerant,195,-0.4200243751177619,True
M195C,-3.5480186418798,195,True,mild,tolerant,195,-1.3905946077254117,True
M195D,-3.40026392694254,195,True,neutral,tolerant,195,-1.33268428351446,True
M195E,-3.40467457362323,195,True,neutral,tolerant,195,-1.3344129727097063,True
M195F,-3.2507559362108,195,True,neutral,tolerant,195,-1.2740867882055664,True
M195G,-1.51229441880063,195,True,neutral,tolerant,195,-0.5927219319691039,True
M195H,-3.7818910682160896,195,True,mild,tolerant,195,-1.482257523787937,True
M195I,-0.22435377748615895,195,True,neutral,tolerant,195,-0.08793221927091807,True
M195K,-2.09140050433121,195,True,neutral,tolerant,195,-0.8196941891986017,True
M195L,-0.613617894707842,195,True,neutral,tolerant,195,-0.24049866184819568,True
M195M,0.0,195,True,neutral,tolerant,195,0.0,True
M195N,-2.52252194700029,195,True,neutral,tolerant,195,-0.9886660052916507,True
M195P,-2.31201985298834,195,True,neutral,tolerant,195,-0.9061627530841494,True
M195Q,-1.86796126231603,195,True,neutral,tolerant,195,-0.7321204088827404,True
M195R,-2.96522019753592,195,True,neutral,tolerant,195,-1.16217518384494,True
M195S,-1.1812136232798798,195,True,neutral,tolerant,195,-0.4629596010900679,True
M195T,-1.10978249021448,195,True,neutral,tolerant,195,-0.43496320127074967,True
M195V,-1.4534568823122702,195,True,neutral,tolerant,195,-0.5696614102438824,True
M195W,-5.25179857205988,195,True,mild,tolerant,195,-2.0583665172901036,True
M195Y,-5.25179857205988,195,True,mild,tolerant,195,-2.0583665172901036,True
H196A,-1.87516220596756,196,True,neutral,tolerant,196,-0.20188060004636083,True
H196C,-4.25017265197735,196,True,mild,tolerant,196,-0.45757503140326405,True
H196D,-2.61986308365056,196,True,neutral,tolerant,196,-0.28205534949643396,True
H196E,-2.63933067174004,196,True,neutral,tolerant,196,-0.28415123664286446,True
H196F,-4.53931617344113,196,True,mild,tolerant,196,-0.4887043211398318,True
H196G,-2.34053368791391,196,True,neutral,tolerant,196,-0.25198265186929447,True
H196H,0.0,196,True,neutral,tolerant,196,0.0,True
H196I,-5.33174807256901,196,True,mild,tolerant,196,-0.5740178085718525,True
H196K,-2.60120918784908,196,True,neutral,tolerant,196,-0.28004706473812324,True
H196L,-5.33174807256901,196,True,mild,tolerant,196,-0.5740178085718525,True
H196M,-3.92892734258637,196,True,mild,tolerant,196,-0.4229896522741735,True
H196N,-1.36413012581359,196,True,neutral,tolerant,196,-0.14686271271048082,True
H196P,-3.29777048353112,196,True,neutral,tolerant,196,-0.355039090438002,True
H196Q,-1.2291975771289,196,True,neutral,tolerant,196,-0.1323358286854296,True
H196R,-3.51433096732688,196,True,neutral,tolerant,196,-0.3783540656843486,True
H196S,-1.7821850198811695,196,True,neutral,tolerant,196,-0.19187064460996836,True
H196T,-1.85945052097321,196,True,neutral,tolerant,196,-0.2001890747029508,True
H196V,-4.49490987367367,196,True,mild,tolerant,196,-0.483923523823011,True
H196W,-5.55438694696486,196,True,mild,tolerant,196,-0.5979871854149021,True
H196Y,-4.44848273141245,196,True,mild,tolerant,196,-0.47892516191687573,True
F197A,-3.19690573276428,197,True,neutral,tolerant,197,-1.1751988379465885,True
F197C,-4.0169258527982405,197,True,mild,tolerant,197,-1.4766424126757869,True
F197D,-3.32999376624277,197,True,neutral,tolerant,197,-1.2241226772345486,True
F197E,-3.3072593037969704,197,True,neutral,tolerant,197,-1.2157653729906908,True
F197F,0.0,197,True,neutral,tolerant,197,0.0,True
F197G,-2.7688185938005097,197,True,neutral,tolerant,197,-1.0178318242451565,True
F197H,-2.41138245808386,197,True,neutral,tolerant,197,-0.8864364793561121,True
F197I,-3.63895213506774,197,True,mild,tolerant,197,-1.3376973479843883,True
F197K,-3.1493596710111804,197,True,neutral,tolerant,197,-1.1577206633640478,True
F197L,-2.75495793775862,197,True,neutral,tolerant,197,-1.0127365764539364,True
F197M,-3.97945881383703,197,True,mild,tolerant,197,-1.4628693382315676,True
F197N,-2.48521829458032,197,True,neutral,tolerant,197,-0.913578909100021,True
F197P,-5.27152833194022,197,True,mild,tolerant,197,-1.9378406771293597,True
F197Q,-1.9402100524016697,197,True,neutral,tolerant,197,-0.7132311020579143,True
F197R,-3.71199497552921,197,True,mild,tolerant,197,-1.3645482683449377,True
F197S,-2.49155378574403,197,True,neutral,tolerant,197,-0.9159078679357809,True
F197T,-2.21937042234399,197,True,neutral,tolerant,197,-0.8158518765758048,True
F197V,-2.84240647603648,197,True,neutral,tolerant,197,-1.0448831047394005,True
F197W,-4.01885936092894,197,True,mild,tolerant,197,-1.477353180117276,True
F197Y,-1.30295947691994,197,True,neutral,tolerant,197,-0.47897454325116695,True
G198A,-1.47248692236489,198,True,neutral,sensitive,198,-1.1376073442146915,True
G198C,-2.9186106790115898,198,True,neutral,sensitive,198,-2.2548471520647166,True
G198D,-4.18134811040302,198,True,mild,sensitive,198,-3.2304071750078025,True
G198E,-5.34737485690158,198,True,mild,sensitive,198,-4.131250890643068,True
G198F,-2.58124863881577,198,True,neutral,sensitive,198,-1.9942094996979052,True
G198G,0.0,198,True,neutral,sensitive,198,0.0,True
G198H,-4.50389728340481,198,True,mild,sensitive,198,-3.4796007688550716,True
G198I,-4.80406179743317,198,True,mild,sensitive,198,-3.7115005232399043,True
G198K,-3.83774448210464,198,True,mild,sensitive,198,-2.9649474244904472,True
G198L,-5.74239327272686,198,True,mild,sensitive,198,-4.436432447176807,True
G198M,-4.81232196895903,198,True,mild,sensitive,198,-3.717882129520794,True
G198N,-3.860579794832901,198,True,mild,sensitive,198,-2.9825894280101712,True
G198P,-4.4801890027822,198,True,mild,sensitive,198,-3.4612843317137023,True
G198Q,-3.96458522175266,198,True,mild,sensitive,198,-3.0629414744053123,True
G198R,-3.8744421769391,198,True,mild,sensitive,198,-2.993299165022297,True
G198S,-1.49102356983665,198,True,neutral,sensitive,198,-1.1519283042046962,True
G198T,-1.56551510334649,198,True,neutral,sensitive,198,-1.2094786391621766,True
G198V,-5.17040709287044,198,True,mild,sensitive,198,-3.994529928987431,True
G198W,-4.835123830214,198,True,mild,sensitive,198,-3.7354982892512707,True
G198Y,-2.13256424350827,198,True,neutral,sensitive,198,-1.6475669213607282,True
G199A,-1.7730377616391102,199,True,neutral,sensitive,199,-0.9408927753483243,True
G199C,-1.8762577779133505,199,True,neutral,sensitive,199,-0.9956682401945924,True
G199D,-3.68696719672675,199,True,mild,sensitive,199,-1.9565521239319,True
G199E,-4.6568778605958085,199,True,mild,sensitive,199,-2.4712517857845864,True
G199F,-4.89481096878063,199,True,mild,sensitive,199,-2.597515054030103,True
G199G,0.0,199,True,neutral,sensitive,199,0.0,True
G199H,-5.2359637424893,199,True,mild,sensitive,199,-2.7785536009902017,True
G199I,-5.8492344038561,199,True,impactful,sensitive,199,-3.103996153369726,True
G199K,-3.89898848260674,199,True,mild,sensitive,199,-2.069064841044097,True
G199L,-5.1225390232796295,199,True,mild,sensitive,199,-2.718362836213916,True
G199M,-5.188962775115139,199,True,mild,sensitive,199,-2.753611734779835,True
G199N,-3.5225765365358104,199,True,neutral,sensitive,199,-1.8693154119707256,True
G199P,-2.56220788967013,199,True,neutral,sensitive,199,-1.359679384438173,True
G199Q,-2.54761731646018,199,True,neutral,sensitive,199,-1.35193664752729,True
G199R,-3.05233851360434,199,True,neutral,sensitive,199,-1.619775572468787,True
G199S,-1.75593580320499,199,True,neutral,sensitive,199,-0.9318173289686063,True
G199T,-1.79763197701326,199,True,neutral,sensitive,199,-0.9539441158564393,True
G199V,-4.14184454654576,199,True,mild,sensitive,199,-2.1979405598547967,True
G199W,-6.093471744398202,199,True,impactful,sensitive,199,-3.2336048702048985,True
G199Y,-6.093471744398202,199,True,impactful,sensitive,199,-3.2336048702048985,True
Y200A,-1.90888477959964,200,True,neutral,tolerant,200,-0.7111976762480792,True
Y200C,-4.49931656366191,200,True,mild,tolerant,200,-1.676320917311717,True
Y200D,-3.59210406472546,200,True,mild,tolerant,200,-1.3383186303208077,True
Y200E,-3.38537708801413,200,True,neutral,tolerant,200,-1.2612978760950209,True
Y200F,-1.25888346125027,200,True,neutral,tolerant,200,-0.4690251616423437,True
Y200G,-2.07409933393869,200,True,neutral,tolerant,200,-0.7727520499766697,True
Y200H,-2.19611981894748,200,True,neutral,tolerant,200,-0.8182135080596012,True
Y200I,-2.35783662711491,200,True,neutral,tolerant,200,-0.8784647182992548,True
Y200K,-2.25649879156475,200,True,neutral,tolerant,200,-0.8407090433996939,True
Y200L,-2.06549322907124,200,True,neutral,tolerant,200,-0.769545653315808,True
Y200M,-2.63145673060618,200,True,neutral,tolerant,200,-0.9804080015489458,True
Y200N,-3.40621138886265,200,True,neutral,tolerant,200,-1.2690601603921532,True
Y200P,-4.8465254334382895,200,True,mild,tolerant,200,-1.805681339688532,True
Y200Q,-2.4908144547903,200,True,neutral,tolerant,200,-0.9280085792205462,True
Y200R,-3.5792726803069903,200,True,mild,tolerant,200,-1.3335380113547035,True
Y200S,-2.06420061981557,200,True,neutral,tolerant,200,-0.7690640628558947,True
Y200T,-2.01251004253822,200,True,neutral,tolerant,200,-0.7498055833308583,True
Y200V,-2.20380323295753,200,True,neutral,tolerant,200,-0.8210761356251819,True
Y200W,-3.12661866419294,200,True,neutral,tolerant,200,-1.1648916436717927,True
Y200Y,0.0,200,True,neutral,tolerant,200,0.0,True
I201A,-2.63490170533779,201,True,neutral,tolerant,201,-1.1973566978183632,True
I201C,-3.30097811345496,201,True,neutral,tolerant,201,-1.5000363184289727,True
I201D,-2.73851575620134,201,True,neutral,tolerant,201,-1.2444411782520113,True
I201E,-4.26024966925646,201,True,mild,tolerant,201,-1.9359501971284139,True
I201F,-5.0449499178705,201,True,mild,tolerant,201,-2.292535073351455,True
I201G,-2.24179831493849,201,True,neutral,tolerant,201,-1.0187219591955925,True
I201H,-4.82742422585359,201,True,mild,tolerant,201,-2.193686663273618,True
I201I,0.0,201,True,neutral,tolerant,201,0.0,True
I201K,-2.15167629326796,201,True,neutral,tolerant,201,-0.9777685505543743,True
I201L,-0.645119552232334,201,True,neutral,tolerant,201,-0.2931563690570169,True
I201M,-0.705315089562427,201,True,neutral,tolerant,201,-0.32051053170185156,True
I201N,-2.56702025185439,201,True,neutral,tolerant,201,-1.1665098875478543,True
I201P,-4.15633677300574,201,True,mild,tolerant,201,-1.888729914844846,True
I201Q,-2.26741390503566,201,True,neutral,tolerant,201,-1.0303622409978634,True
I201R,-2.2903697908074503,201,True,neutral,tolerant,201,-1.0407938952518054,True
I201S,-1.78984325173069,201,True,neutral,tolerant,201,-0.813343739223092,True
I201T,-1.85675040168876,201,True,neutral,tolerant,201,-0.8437478047606953,True
I201V,-1.27899644091357,201,True,neutral,tolerant,201,-0.5812038270389241,True
I201W,-5.72577827249617,201,True,mild,tolerant,201,-2.601918299611576,True
I201Y,-3.67014364066316,201,True,mild,tolerant,201,-1.6677931708804075,True
Q202A,-1.42011348355408,202,True,neutral,tolerant,202,-0.7240936896908869,True
Q202C,-4.05122968256731,202,True,mild,tolerant,202,-2.0656587537595152,True
Q202D,-2.70720402368804,202,True,neutral,tolerant,202,-1.3803610577320726,True
Q202E,-2.2512409552018102,202,True,neutral,tolerant,202,-1.1478726091352112,True
Q202F,-4.57748243059795,202,True,mild,tolerant,202,-2.3339868123579133,True
Q202G,-2.83653820990345,202,True,neutral,tolerant,202,-1.4463065396843382,True
Q202H,-1.47239920835075,202,True,neutral,tolerant,202,-0.7507533643046597,True
Q202I,-2.31746518780568,202,True,neutral,tolerant,202,-1.1816393112251553,True
Q202K,-2.11468748503327,202,True,neutral,tolerant,202,-1.0782461270269117,True
Q202L,-2.25441049484288,202,True,neutral,tolerant,202,-1.1494887079047122,True
Q202M,-3.0524169773136096,202,True,neutral,tolerant,202,-1.5563797521636213,True
Q202N,-2.21563110879842,202,True,neutral,tolerant,202,-1.1297157045144441,True
Q202P,-4.676297266648639,202,True,mild,tolerant,202,-2.3843709542316134,True
Q202Q,0.0,202,True,neutral,tolerant,202,0.0,True
Q202R,-2.6879166785941,202,True,neutral,tolerant,202,-1.3705267416473745,True
Q202S,-1.41052674854419,202,True,neutral,tolerant,202,-0.7192055632095953,True
Q202T,-1.55118080898049,202,True,neutral,tolerant,202,-0.7909228722632607,True
Q202V,-1.6717796230436102,202,True,neutral,tolerant,202,-0.8524143243609934,True
Q202W,-5.51062027313225,202,True,mild,tolerant,202,-2.8097792269893485,True
Q202Y,-4.604100598088039,202,True,mild,tolerant,202,-2.3475590003090283,True
K203A,-1.92566308937985,203,True,neutral,tolerant,203,-0.6655428347648145,True
K203C,-4.40148434538128,203,True,mild,tolerant,203,-1.5212299516741539,True
K203D,-3.7514470242490097,203,True,mild,tolerant,203,-1.296565687299318,True
K203E,-3.35503561596529,203,True,neutral,tolerant,203,-1.1595589731667728,True
K203F,-4.60709219328512,203,True,mild,tolerant,203,-1.592291619054341,True
K203G,-2.3047264474577203,203,True,neutral,tolerant,203,-0.7965537594078486,True
K203H,-1.9528870777533305,203,True,neutral,tolerant,203,-0.674951921170228,True
K203I,-2.6023930182316097,203,True,neutral,tolerant,203,-0.8994325310996173,True
K203K,0.0,203,True,neutral,tolerant,203,0.0,True
K203L,-2.98057180564107,203,True,neutral,tolerant,203,-1.0301377326525376,True
K203M,-2.9614390186435,203,True,neutral,tolerant,203,-1.0235251069208915,True
K203N,-1.9871601814926096,203,True,neutral,tolerant,203,-0.6867973051029773,True
K203P,-2.93894739019165,203,True,neutral,tolerant,203,-1.0157516068518104,True
K203Q,-1.8334831741989897,203,True,neutral,tolerant,203,-0.6336838442715153,True
K203R,-0.238186545422886,203,True,neutral,tolerant,203,-0.08232143489577787,True
K203S,-1.99649716229721,203,True,neutral,tolerant,203,-0.6900243289303072,True
K203T,-1.87325452516723,203,True,neutral,tolerant,203,-0.6474295185858904,True
K203V,-3.9917074508826897,203,True,mild,tolerant,203,-1.3796038918042814,True
K203W,-4.60709219328512,203,True,mild,tolerant,203,-1.592291619054341,True
K203Y,-2.14216852491082,203,True,neutral,tolerant,203,-0.7403708989781017,True
Q204A,-0.286656523578813,204,True,neutral,tolerant,204,-0.1672611539831123,True
Q204C,-0.39468255255160295,204,True,neutral,tolerant,204,-0.23029323865581375,True
Q204D,-0.457505300417059,204,True,neutral,tolerant,204,-0.26694967044804985,True
Q204E,-0.32132357666440503,204,True,neutral,tolerant,204,-0.1874890254157878,True
Q204F,-0.643417564431412,204,True,neutral,tolerant,204,-0.3754275778419985,True
Q204G,-0.7254737151708771,204,True,neutral,tolerant,204,-0.4233065037870474,True
Q204H,-0.0783056166734723,204,True,neutral,tolerant,204,-0.04569052762046495,True
Q204I,-0.412059595857711,204,True,neutral,tolerant,204,-0.24043256595912224,True
Q204K,-0.36967511492947897,204,True,neutral,tolerant,204,-0.21570165419571982,True
Q204L,-0.271740316387558,204,True,neutral,tolerant,204,-0.15855769942114223,True
Q204M,-0.306632420416583,204,True,neutral,tolerant,204,-0.17891688578094245,True
Q204N,-0.34510183487218105,204,True,neutral,tolerant,204,-0.20136339624079905,True
Q204P,-0.617039460630479,204,True,neutral,tolerant,204,-0.3600362236647148,True
Q204Q,0.0,204,True,neutral,tolerant,204,0.0,True
Q204R,-0.38311727616223,204,True,neutral,tolerant,204,-0.22354501799483056,True
Q204S,-0.311563159246197,204,True,neutral,tolerant,204,-0.18179392153207138,True
Q204T,-0.233595928645902,204,True,neutral,tolerant,204,-0.13630083872948406,True
Q204V,-0.0550937843466198,204,True,neutral,tolerant,204,-0.03214666051225861,True
Q204W,-1.18654024087526,204,True,neutral,tolerant,204,-0.6923341128206738,True
Q204Y,-0.7115497393420291,204,True,neutral,tolerant,204,-0.4151820060917219,True
A205A,0.0,205,True,neutral,tolerant,205,0.0,True
A205C,-1.78176260128302,205,True,neutral,tolerant,205,-1.264685775396077,True
A205D,-0.893296996062496,205,True,neutral,tolerant,205,-0.6340575356732572,True
A205E,-0.773334038671467,205,True,neutral,tolerant,205,-0.5489084559487012,True
A205F,-2.6780570111337703,205,True,neutral,tolerant,205,-1.90087085969913,True
A205G,-0.4993531726520361,205,True,neutral,tolerant,205,-0.35443827022588753,True
A205H,-0.999337179265417,205,True,neutral,tolerant,205,-0.7093243030981428,True
A205I,-1.21228497118425,205,True,neutral,tolerant,205,-0.8604735320402164,True
A205K,-0.970311015221869,205,True,neutral,tolerant,205,-0.688721683672999,True
A205L,-0.5511089624654161,205,True,neutral,tolerant,205,-0.39117425914171605,True
A205M,-1.0020335292965,205,True,neutral,tolerant,205,-0.7112381582477254,True
A205N,-0.876781178050468,205,True,neutral,tolerant,205,-0.622334694429535,True
A205P,-1.15958643409619,205,True,neutral,tolerant,205,-0.8230683860395873,True
A205Q,-0.8936366076456429,205,True,neutral,tolerant,205,-0.6342985901987346,True
A205R,-0.9782823401003722,205,True,neutral,tolerant,205,-0.6943796883800484,True
A205S,-0.629002164684828,205,True,neutral,tolerant,205,-0.4464624466791604,True
A205T,-0.5930836519297521,205,True,neutral,tolerant,205,-0.4209676741870132,True
A205V,-1.02112135158873,205,True,neutral,tolerant,205,-0.7247865946774096,True
A205W,-2.6780570111337703,205,True,neutral,tolerant,205,-1.90087085969913,True
A205Y,-1.87456656831925,205,True,neutral,tolerant,205,-1.3305575458140504,True
Q206A,-1.08669699398022,206,True,neutral,tolerant,206,-0.6455975929620255,True
Q206C,-2.2497585950116803,206,True,neutral,tolerant,206,-1.3365627601171097,True
Q206D,-0.771321583427915,206,True,neutral,tolerant,206,-0.45823569994138025,True
Q206E,-0.108601114923872,206,True,neutral,tolerant,206,-0.06451901383387856,True
Q206F,-2.9303230974851204,206,True,neutral,tolerant,206,-1.74088043752503,True
Q206G,-1.21381633409494,206,True,neutral,tolerant,206,-0.721118129460793,True
Q206H,-0.953605594991848,206,True,neutral,tolerant,206,-0.5665291062478665,True
Q206I,-1.0558311563248002,206,True,neutral,tolerant,206,-0.6272604570304077,True
Q206K,-0.6727623250505022,206,True,neutral,tolerant,206,-0.3996824690729251,True
Q206L,-0.8181806267709809,206,True,neutral,tolerant,206,-0.48607426557501004,True
Q206M,-1.04123158369477,206,True,neutral,tolerant,206,-0.6185869730689776,True
Q206N,-0.8126056164309621,206,True,neutral,tolerant,206,-0.4827621985717953,True
Q206P,-1.64539649325998,206,True,neutral,tolerant,206,-0.9775162914788884,True
Q206Q,0.0,206,True,neutral,tolerant,206,0.0,True
Q206R,-0.759408217666271,206,True,neutral,tolerant,206,-0.4511580690080112,True
Q206S,-0.8790660934449179,206,True,neutral,tolerant,206,-0.5222458119663299,True
Q206T,-0.9338980221437132,206,True,neutral,tolerant,206,-0.5548210020897066,True
Q206V,-1.17495475680477,206,True,neutral,tolerant,206,-0.698030791503458,True
Q206W,-2.6077275406459104,206,True,neutral,tolerant,206,-1.5492291159981122,True
Q206Y,-2.60077642566841,206,True,neutral,tolerant,206,-1.545099516742077,True
T207A,-1.1285874069078798,207,True,neutral,tolerant,207,-0.4782967668756945,True
T207C,-3.50020675109636,207,True,neutral,tolerant,207,-1.4833920369824916,True
T207D,-1.42977199313927,207,True,neutral,tolerant,207,-0.6059391744956355,True
T207E,-1.4856924432931202,207,True,neutral,tolerant,207,-0.6296383318201891,True
T207F,-4.73197983317744,207,True,mild,tolerant,207,-2.005419023175843,True
T207G,-2.26889993465593,207,True,neutral,tolerant,207,-0.9615626547558893,True
T207H,-3.82080828892622,207,True,mild,tolerant,207,-1.6192633731863288,True
T207I,-1.24258457121504,207,True,neutral,tolerant,207,-0.5266089089281201,True
T207K,-1.93250258473654,207,True,neutral,tolerant,207,-0.8189970334604807,True
T207L,-1.7670723241218502,207,True,neutral,tolerant,207,-0.7488874803048267,True
T207M,-2.55876852778519,207,True,neutral,tolerant,207,-1.0844093302228677,True
T207N,-1.32011065840892,207,True,neutral,tolerant,207,-0.5594645624879534,True
T207P,-2.6711733084467,207,True,neutral,tolerant,207,-1.1320466180773123,True
T207Q,-1.75707224556053,207,True,neutral,tolerant,207,-0.7446494343944201,True
T207R,-1.91174940039953,207,True,neutral,tolerant,207,-0.8102018077561968,True
T207S,-0.6425007686090309,207,True,neutral,tolerant,207,-0.27229263631676504,True
T207T,0.0,207,True,neutral,tolerant,207,0.0,True
T207V,-1.45887125566153,207,True,neutral,tolerant,207,-0.6182714786642571,True
T207W,-5.16031960785558,207,True,mild,tolerant,207,-2.186949960078757,True
T207Y,-3.2183536430715605,207,True,neutral,tolerant,207,-1.3639423342151353,True
E208A,-2.22764688651573,208,True,neutral,tolerant,208,-0.8716149688995187,True
E208C,-4.6793005216954695,208,True,mild,tolerant,208,-1.8308774175014646,True
E208D,-1.31131752316416,208,True,neutral,tolerant,208,-0.5130813097392815,True
E208E,0.0,208,True,neutral,tolerant,208,0.0,True
E208F,-5.21112364977283,208,True,mild,tolerant,208,-2.038964705502583,True
E208G,-2.13399939389355,208,True,neutral,tolerant,208,-0.8349733643151096,True
E208H,-1.5421828031544798,208,True,neutral,tolerant,208,-0.6034123379901183,True
E208I,-2.98562286351466,208,True,neutral,tolerant,208,-1.1681894446917076,True
E208K,-2.19234837148853,208,True,neutral,tolerant,208,-0.8578036623303009,True
E208L,-3.42603530518506,208,True,neutral,tolerant,208,-1.3405103268625436,True
E208M,-4.711828847620072,208,True,mild,tolerant,208,-1.843604827739032,True
E208N,-1.38019774223595,208,True,neutral,tolerant,208,-0.5400321834919677,True
E208P,-6.39521357911803,208,True,impactful,tolerant,208,-2.5022654706228193,True
E208Q,-1.43946339367164,208,True,neutral,tolerant,208,-0.5632211499505276,True
E208R,-2.1975571181387,208,True,neutral,tolerant,208,-0.8598416969833578,True
E208S,-1.96424281413898,208,True,neutral,tolerant,208,-0.7685524351818138,True
E208T,-2.2354148750859504,208,True,neutral,tolerant,208,-0.8746543622418964,True
E208V,-3.60777179855506,208,True,mild,tolerant,208,-1.4116186560036854,True
E208W,-4.35484098875471,208,True,mild,tolerant,208,-1.7039256158379406,True
E208Y,-5.856245011002098,208,True,impactful,tolerant,208,-2.291382374841441,True
R209A,-2.2141104987903,209,True,neutral,tolerant,209,-0.5470417826242396,True
R209C,-4.54926244089688,209,True,mild,tolerant,209,-1.1239893567432242,True
R209D,-3.2952903623977403,209,True,neutral,tolerant,209,-0.8141696248201874,True
R209E,-1.76322384110694,209,True,neutral,tolerant,209,-0.4356409103031192,True
R209F,-4.56113636001213,209,True,mild,tolerant,209,-1.1269230539923414,True
R209G,-2.52875711956373,209,True,neutral,tolerant,209,-0.6247817366232078,True
R209H,-1.69933783510725,209,True,neutral,tolerant,209,-0.41985655147102485,True
R209I,-3.31368844993245,209,True,neutral,tolerant,209,-0.8187152527856223,True
R209K,-0.482315790933775,209,True,neutral,tolerant,209,-0.11916608958965128,True
R209L,-1.87855372713506,209,True,neutral,tolerant,209,-0.4641355434648982,True
R209M,-2.09134123157766,209,True,neutral,tolerant,209,-0.5167090965075496,True
R209N,-1.7502349360592198,209,True,neutral,tolerant,209,-0.4324317327234437,True
R209P,-6.04943151980705,209,True,impactful,tolerant,209,-1.4946371485373355,True
R209Q,-1.3730644119312,209,True,neutral,tolerant,209,-0.33924395551673253,True
R209R,0.0,209,True,neutral,tolerant,209,0.0,True
R209S,-2.15668341722538,209,True,neutral,tolerant,209,-0.5328532346329152,True
R209T,-2.11869918793557,209,True,neutral,tolerant,209,-0.5234684453400329,True
R209V,-2.2306213506736,209,True,neutral,tolerant,209,-0.5511211299972908,True
R209W,-5.52848865631038,209,True,mild,tolerant,209,-1.3659274419313217,True
R209Y,-5.52848865631038,209,True,mild,tolerant,209,-1.3659274419313217,True
K210A,-3.18137590303723,210,True,neutral,tolerant,210,-1.5113979511664075,True
K210C,-3.55881950912243,210,True,mild,tolerant,210,-1.690712659740585,True
K210D,-3.23010749426556,210,True,neutral,tolerant,210,-1.534549200620853,True
K210E,-2.41579627386894,210,True,neutral,tolerant,210,-1.1476888145393829,True
K210F,-6.124448910781782,210,True,impactful,tolerant,210,-2.9095837203462334,True
K210G,-2.38230361390197,210,True,neutral,tolerant,210,-1.1317772281075926,True
K210H,-2.6158832052526604,210,True,neutral,tolerant,210,-1.2427454778716913,True
K210I,-5.02899125809603,210,True,mild,tolerant,210,-2.389157180911471,True
K210K,0.0,210,True,neutral,tolerant,210,0.0,True
K210L,-2.85955060280776,210,True,neutral,tolerant,210,-1.3585062105406087,True
K210M,-4.37792255515957,210,True,mild,tolerant,210,-2.0798495311152623,True
K210N,-1.82918644350792,210,True,neutral,tolerant,210,-0.8690040810266628,True
K210P,-2.94133261931091,210,True,neutral,tolerant,210,-1.3973589509750584,True
K210Q,-3.02087241254421,210,True,neutral,tolerant,210,-1.4351464631059698,True
K210R,-0.248073314268345,210,True,neutral,tolerant,210,-0.11785388157566908,True
K210S,-2.7202283879630094,210,True,neutral,tolerant,210,-1.2923174555848387,True
K210T,-2.5601523812484,210,True,neutral,tolerant,210,-1.2162690551589777,True
K210V,-2.4964674613337903,210,True,neutral,tolerant,210,-1.1860138258453823,True
K210W,-6.124448910781782,210,True,impactful,tolerant,210,-2.9095837203462334,True
K210Y,-6.124448910781782,210,True,impactful,tolerant,210,-2.9095837203462334,True
S211A,-1.13166605088883,211,True,neutral,tolerant,211,-0.63058406607422,True
S211C,-1.21619202388665,211,True,neutral,tolerant,211,-0.6776834128293707,True
S211D,-3.068812107544089,211,True,neutral,tolerant,211,-1.7099956433906034,True
S211E,-3.2083407581132994,211,True,neutral,tolerant,211,-1.7877434416396338,True
S211F,-5.683165272634961,211,True,mild,tolerant,211,-3.1667588357671828,True
S211G,-0.502596420816929,211,True,neutral,tolerant,211,-0.2800554937423166,True
S211H,-3.53524049288184,211,True,neutral,tolerant,211,-1.9698976767932168,True
S211I,-2.59843715995041,211,True,neutral,tolerant,211,-1.4478945166490995,True
S211K,-0.8473078869994358,211,True,neutral,tolerant,211,-0.47213473637493364,True
S211L,-3.19495957938154,211,True,neutral,tolerant,211,-1.7802872154084843,True
S211M,-3.06972805262837,211,True,neutral,tolerant,211,-1.7105060239707162,True
S211N,-2.72291525285504,211,True,neutral,tolerant,211,-1.517255881602405,True
S211P,-2.46770047995662,211,True,neutral,tolerant,211,-1.3750457577853181,True
S211Q,-2.70179142854428,211,True,neutral,tolerant,211,-1.5054853181800472,True
S211R,-0.716044056587188,211,True,neutral,tolerant,211,-0.3989922401015667,True
S211S,0.0,211,True,neutral,tolerant,211,0.0,True
S211T,-0.21535806504305105,211,True,neutral,tolerant,211,-0.12000127087850938,True
S211V,-1.61963870816607,211,True,neutral,tolerant,211,-0.9024909436528527,True
S211W,-5.683165272634961,211,True,mild,tolerant,211,-3.1667588357671828,True
S211Y,-5.683165272634961,211,True,mild,tolerant,211,-3.1667588357671828,True
G212A,-1.5252714487267398,212,True,neutral,sensitive,212,-0.5281803981319508,True
G212C,-4.26665645186025,212,True,mild,sensitive,212,-1.4774840932851823,True
G212D,-5.244263207904369,212,True,mild,sensitive,212,-1.8160157861552657,True
G212E,-4.678304984646862,212,True,mild,sensitive,212,-1.6200322843754744,True
G212F,-6.652534135703419,212,True,impactful,sensitive,212,-2.3036805227786896,True
G212G,0.0,212,True,neutral,sensitive,212,0.0,True
G212H,-5.244263207904369,212,True,mild,sensitive,212,-1.8160157861552657,True
G212I,-6.01997137268715,212,True,impactful,sensitive,212,-2.0846327904604296,True
G212K,-4.2798874322315,212,True,mild,sensitive,212,-1.4820657987160395,True
G212L,-6.01997137268715,212,True,impactful,sensitive,212,-2.0846327904604296,True
G212M,-4.98555709920224,212,True,mild,sensitive,212,-1.726429440323168,True
G212N,-2.8934508769674503,212,True,neutral,sensitive,212,-1.001962003188133,True
G212P,-2.7464169592910097,212,True,neutral,sensitive,212,-0.951046191945438,True
G212Q,-3.6681400901824905,212,True,mild,sensitive,212,-1.2702261586642078,True
G212R,-4.32145961012704,212,True,mild,sensitive,212,-1.4964616687039085,True
G212S,-1.6950488521517,212,True,neutral,sensitive,212,-0.5869719637969747,True
G212T,-1.60801240687964,212,True,neutral,sensitive,212,-0.5568324470872364,True
G212V,-5.21960740881951,212,True,mild,sensitive,212,-1.807477824084466,True
G212W,-6.652534135703419,212,True,impactful,sensitive,212,-2.3036805227786896,True
G212Y,-6.652534135703419,212,True,impactful,sensitive,212,-2.3036805227786896,True
K213A,-6.337543072479299,213,True,impactful,sensitive,213,-1.1362558347139615,True
K213C,-6.337543072479299,213,True,impactful,sensitive,213,-1.1362558347139615,True
K213D,-5.2040774514807095,213,True,mild,sensitive,213,-0.9330371882167012,True
K213E,-4.20929149803428,213,True,mild,sensitive,213,-0.7546823698008002,True
K213F,-7.30493937213949,213,True,impactful,sensitive,213,-1.3096999718817057,True
K213G,-4.13779409895122,213,True,mild,sensitive,213,-0.7418636266465674,True
K213H,-6.17506898784587,213,True,impactful,sensitive,213,-1.1071259140896395,True
K213I,-6.36773198010545,213,True,impactful,sensitive,213,-1.1416683931836327,True
K213K,0.0,213,True,neutral,sensitive,213,0.0,True
K213L,-4.034382491050859,213,True,mild,sensitive,213,-0.723322996388102,True
K213M,-5.784162121129791,213,True,impactful,sensitive,213,-1.0370403615251604,True
K213N,-4.87649229439086,213,True,mild,sensitive,213,-0.8743045623627809,True
K213P,-4.9633338553612685,213,True,mild,sensitive,213,-0.8898743548233302,True
K213Q,-4.438156645425329,213,True,mild,sensitive,213,-0.7957155203627287,True
K213R,-1.5955678745051398,213,True,neutral,sensitive,213,-0.28606879453986395,True
K213S,-5.35987577313159,213,True,mild,sensitive,213,-0.9609702136793906,True
K213T,-4.629693617303049,213,True,mild,sensitive,213,-0.8300561156644918,True
K213V,-6.36773198010545,213,True,impactful,sensitive,213,-1.1416683931836327,True
K213W,-7.30493937213949,213,True,impactful,sensitive,213,-1.3096999718817057,True
K213Y,-7.30493937213949,213,True,impactful,sensitive,213,-1.3096999718817057,True
R214A,-3.77906292745726,214,True,mild,sensitive,214,-1.333916488439728,True
R214C,-4.99398786254126,214,True,mild,sensitive,214,-1.7627551805266948,True
R214D,-3.2778970369252,214,True,neutral,sensitive,214,-1.1570172259354905,True
R214E,-2.9797307634378902,214,True,neutral,sensitive,214,-1.05177184734928,True
R214F,-6.55851685376376,214,True,impactful,sensitive,214,-2.314995526372926,True
R214G,-4.46321419947216,214,True,mild,sensitive,214,-1.5754051007877983,True
R214H,-3.3810861204469105,214,True,neutral,sensitive,214,-1.1934404405203847,True
R214I,-6.55851685376376,214,True,impactful,sensitive,214,-2.314995526372926,True
R214K,-0.672947319177046,214,True,neutral,sensitive,214,-0.23753389190202268,True
R214L,-6.55851685376376,214,True,impactful,sensitive,214,-2.314995526372926,True
R214M,-6.55851685376376,214,True,impactful,sensitive,214,-2.314995526372926,True
R214N,-3.04589287517361,214,True,neutral,sensitive,214,-1.0751254494057694,True
R214P,-6.55851685376376,214,True,impactful,sensitive,214,-2.314995526372926,True
R214Q,-3.69541165298533,214,True,mild,sensitive,214,-1.3043896410600833,True
R214R,0.0,214,True,neutral,sensitive,214,0.0,True
R214S,-3.7730977582353113,214,True,mild,sensitive,214,-1.3318109300687158,True
R214T,-2.43835349364711,214,True,neutral,sensitive,214,-0.8606789546129572,True
R214V,-6.55851685376376,214,True,impactful,sensitive,214,-2.314995526372926,True
R214W,-6.55851685376376,214,True,impactful,sensitive,214,-2.314995526372926,True
R214Y,-6.55851685376376,214,True,impactful,sensitive,214,-2.314995526372926,True
Q215A,-4.02519617035682,215,True,mild,sensitive,215,-2.781655033555749,True
Q215C,-5.813986479205822,215,True,impactful,sensitive,215,-4.017817783393722,True
Q215D,-3.0299811664557303,215,True,neutral,sensitive,215,-2.0939010191156857,True
Q215E,-1.64064142585371,215,True,neutral,sensitive,215,-1.1337828735143354,True
Q215F,-4.06925552912021,215,True,mild,sensitive,215,-2.8121027265109366,True
Q215G,-4.21626243168119,215,True,mild,sensitive,215,-2.913693424993575,True
Q215H,-4.10685338539784,215,True,mild,sensitive,215,-2.838085128793781,True
Q215I,-3.97455023044084,215,True,mild,sensitive,215,-2.7466556129724884,True
Q215K,-2.58676790795598,215,True,neutral,sensitive,215,-1.78761373788358,True
Q215L,-2.3179520608625097,215,True,neutral,sensitive,215,-1.601845660373753,True
Q215M,-2.28921831880957,215,True,neutral,sensitive,215,-1.581988899403177,True
Q215N,-1.95671486650712,215,True,neutral,sensitive,215,-1.352208818476144,True
Q215P,-3.03526034295082,215,True,neutral,sensitive,215,-2.097549250717102,True
Q215Q,0.0,215,True,neutral,sensitive,215,0.0,True
Q215R,-3.52250604052136,215,True,neutral,sensitive,215,-2.434265621761778,True
Q215S,-4.8993610419859515,215,True,mild,sensitive,215,-3.3857560543289136,True
Q215T,-3.6747630459446095,215,True,mild,sensitive,215,-2.5394844601996973,True
Q215V,-2.63413553831519,215,True,neutral,sensitive,215,-1.8203476474472033,True
Q215W,-6.22439261093766,215,True,impactful,sensitive,215,-4.301433347410523,True
Q215Y,-6.22439261093766,215,True,impactful,sensitive,215,-4.301433347410523,True
T216A,-2.5995842896296697,216,True,neutral,sensitive,216,-1.542421969733287,True
T216C,-4.25490682339314,216,True,mild,sensitive,216,-2.524581253145125,True
T216D,-5.28419697015412,216,True,mild,sensitive,216,-3.135294182103585,True
T216E,-3.48515003244568,216,True,neutral,sensitive,216,-2.067858310771175,True
T216F,-6.96027768165693,216,True,impactful,sensitive,216,-4.129769999941527,True
T216G,-4.86104631224224,216,True,mild,sensitive,216,-2.8842244730450814,True
T216H,-5.28419697015412,216,True,mild,sensitive,216,-3.135294182103585,True
T216I,-3.40109453888835,216,True,neutral,sensitive,216,-2.017985321287126,True
T216K,-4.47999262717908,216,True,mild,sensitive,216,-2.6581323329156397,True
T216L,-3.1649572855810497,216,True,neutral,sensitive,216,-1.8778770398104978,True
T216M,-3.5400575719674103,216,True,mild,sensitive,216,-2.100436825574548,True
T216N,-5.28419697015412,216,True,mild,sensitive,216,-3.135294182103585,True
T216P,-6.96027768165693,216,True,impactful,sensitive,216,-4.129769999941527,True
T216Q,-3.43092017244739,216,True,neutral,sensitive,216,-2.035681886328774,True
T216R,-4.94381629754496,216,True,mild,sensitive,216,-2.9333347266632104,True
T216S,-3.31377927531369,216,True,neutral,sensitive,216,-1.9661781991376863,True
T216T,0.0,216,True,neutral,sensitive,216,0.0,True
T216V,-2.23206132523697,216,True,neutral,sensitive,216,-1.324358067392363,True
T216W,-6.96027768165693,216,True,impactful,sensitive,216,-4.129769999941527,True
T216Y,-6.96027768165693,216,True,impactful,sensitive,216,-4.129769999941527,True
E217A,-1.8426194272235,217,True,neutral,sensitive,217,-0.6061695915217613,True
E217C,-4.52909965872791,217,True,mild,sensitive,217,-1.489945481704423,True
E217D,-1.85699320060996,217,True,neutral,sensitive,217,-0.6108981557676219,True
E217E,0.0,217,True,neutral,sensitive,217,0.0,True
E217F,-6.64884046973377,217,True,impactful,sensitive,217,-2.187280157848362,True
E217G,-1.84681775945505,217,True,neutral,sensitive,217,-0.6075507238903188,True
E217H,-4.06727935322929,217,True,mild,sensitive,217,-1.3380196842203624,True
E217I,-5.72664827647301,217,True,mild,sensitive,217,-1.8839050512829474,True
E217K,-4.05930381322993,217,True,mild,sensitive,217,-1.3353959575016758,True
E217L,-4.9259015815628615,217,True,mild,sensitive,217,-1.6204820732144491,True
E217M,-5.72664827647301,217,True,mild,sensitive,217,-1.8839050512829474,True
E217N,-2.5311193096623,217,True,neutral,sensitive,217,-0.8326665481557077,True
E217P,-6.64884046973377,217,True,impactful,sensitive,217,-2.187280157848362,True
E217Q,-2.69115423918389,217,True,neutral,sensitive,217,-0.8853135062980575,True
E217R,-5.21186514235623,217,True,mild,sensitive,217,-1.7145559835809652,True
E217S,-4.52909965872791,217,True,mild,sensitive,217,-1.489945481704423,True
E217T,-4.52909965872791,217,True,mild,sensitive,217,-1.489945481704423,True
E217V,-4.20049112863636,217,True,mild,sensitive,217,-1.3818425845389954,True
E217W,-6.64884046973377,217,True,impactful,sensitive,217,-2.187280157848362,True
E217Y,-6.64884046973377,217,True,impactful,sensitive,217,-2.187280157848362,True
R218A,-4.24357762128958,218,True,mild,sensitive,218,-2.7537575873677755,True
R218C,-5.57477198725153,218,True,mild,sensitive,218,-3.6176010026827425,True
R218D,-4.62150119254433,218,True,mild,sensitive,218,-2.999001104669489,True
R218E,-3.1621199056612794,218,True,neutral,sensitive,218,-2.051974173559535,True
R218F,-6.902739812740611,218,True,impactful,sensitive,218,-4.479350639798971,True
R218G,-6.902739812740611,218,True,impactful,sensitive,218,-4.479350639798971,True
R218H,-4.62150119254433,218,True,mild,sensitive,218,-2.999001104669489,True
R218I,-4.3265650041691615,218,True,mild,sensitive,218,-2.807610057065501,True
R218K,-1.4868297526981398,218,True,neutral,sensitive,218,-0.9648388878468115,True
R218L,-3.4726868594984706,218,True,neutral,sensitive,218,-2.253508393464995,True
R218M,-3.98090965075871,218,True,mild,sensitive,218,-2.5833061472482317,True
R218N,-4.62150119254433,218,True,mild,sensitive,218,-2.999001104669489,True
R218P,-6.902739812740611,218,True,impactful,sensitive,218,-4.479350639798971,True
R218Q,-2.93283792910702,218,True,neutral,sensitive,218,-1.9031876922152628,True
R218R,0.0,218,True,neutral,sensitive,218,0.0,True
R218S,-5.57477198725153,218,True,mild,sensitive,218,-3.6176010026827425,True
R218T,-5.57477198725153,218,True,mild,sensitive,218,-3.6176010026827425,True
R218V,-4.2889832770785805,218,True,mild,sensitive,218,-2.7832223881318945,True
R218W,-6.902739812740611,218,True,impactful,sensitive,218,-4.479350639798971,True
R218Y,-6.902739812740611,218,True,impactful,sensitive,218,-4.479350639798971,True
E219A,-5.38596897254699,219,True,mild,sensitive,219,-3.200898971681488,True
E219C,-6.4574634863218,219,True,impactful,sensitive,219,-3.8376916648414423,True
E219D,-1.90300703631554,219,True,neutral,sensitive,219,-1.1309633042249958,True
E219E,0.0,219,True,neutral,sensitive,219,0.0,True
E219F,-7.4068966190728,219,True,impactful,sensitive,219,-4.401942880136852,True
E219G,-7.4068966190728,219,True,impactful,sensitive,219,-4.401942880136852,True
E219H,-4.44719006204741,219,True,mild,sensitive,219,-2.6429795955077786,True
E219I,-6.98713883581849,219,True,impactful,sensitive,219,-4.152479457004906,True
E219K,-6.79196258148998,219,True,impactful,sensitive,219,-4.036485570860899,True
E219L,-6.98713883581849,219,True,impactful,sensitive,219,-4.152479457004906,True
E219M,-6.98713883581849,219,True,impactful,sensitive,219,-4.152479457004906,True
E219N,-3.79076857807158,219,True,mild,sensitive,219,-2.252866161182839,True
E219P,-6.32543464908222,219,True,impactful,sensitive,219,-3.7592264951558056,True
E219Q,-3.4635320754783203,219,True,neutral,sensitive,219,-2.0583884376782278,True
E219R,-5.82898479918141,219,True,impactful,sensitive,219,-3.4641847260444876,True
E219S,-5.120091707640901,219,True,mild,sensitive,219,-3.042887243769708,True
E219T,-6.4574634863218,219,True,impactful,sensitive,219,-3.8376916648414423,True
E219V,-4.65881742867143,219,True,mild,sensitive,219,-2.768750431481635,True
E219W,-7.4068966190728,219,True,impactful,sensitive,219,-4.401942880136852,True
E219Y,-7.4068966190728,219,True,impactful,sensitive,219,-4.401942880136852,True
K220A,-2.52393832210381,220,True,neutral,sensitive,220,-1.489068663037545,True
K220C,-3.7956989720817695,220,True,mild,sensitive,220,-2.2393797598586143,True
K220D,-3.7819864059780897,220,True,mild,sensitive,220,-2.2312896443847148,True
K220E,-2.27142664437159,220,True,neutral,sensitive,220,-1.3400922704414429,True
K220F,-6.58034095280343,220,True,impactful,sensitive,220,-3.882257905872547,True
K220G,-3.971880345138,220,True,mild,sensitive,220,-2.3433229344328184,True
K220H,-4.7362164738596295,220,True,mild,sensitive,220,-2.794264610518672,True
K220I,-1.6859344862551,220,True,neutral,sensitive,220,-0.9946646435179868,True
K220K,0.0,220,True,neutral,sensitive,220,0.0,True
K220L,-1.8777610268779,220,True,neutral,sensitive,220,-1.1078381263557981,True
K220M,-1.6167094697304,220,True,neutral,sensitive,220,-0.9538233908207875,True
K220N,-4.7362164738596295,220,True,mild,sensitive,220,-2.794264610518672,True
K220P,-6.58034095280343,220,True,impactful,sensitive,220,-3.882257905872547,True
K220Q,-2.34686935732488,220,True,neutral,sensitive,220,-1.3846018286701245,True
K220R,-1.76499595371823,220,True,neutral,sensitive,220,-1.0413091881259462,True
K220S,-4.32488769606539,220,True,mild,sensitive,220,-2.5515895863887663,True
K220T,-2.07990965622548,220,True,neutral,sensitive,220,-1.227101416825815,True
K220V,-1.94662163960314,220,True,neutral,sensitive,220,-1.1484643887445118,True
K220W,-6.58034095280343,220,True,impactful,sensitive,220,-3.882257905872547,True
K220Y,-6.58034095280343,220,True,impactful,sensitive,220,-3.882257905872547,True
K221A,-5.53505630606788,221,True,mild,sensitive,221,-2.4917528901648285,True
K221C,-6.590791894504862,221,True,impactful,sensitive,221,-2.967020359594877,True
K221D,-5.173902761501379,221,True,mild,sensitive,221,-2.329170011381768,True
K221E,-3.8652037207344714,221,True,mild,sensitive,221,-1.7400243122473225,True
K221F,-7.190339705644809,221,True,impactful,sensitive,221,-3.2369227614118605,True
K221G,-7.190339705644809,221,True,impactful,sensitive,221,-3.2369227614118605,True
K221H,-5.53536325957703,221,True,mild,sensitive,221,-2.491891073455346,True
K221I,-6.157494954836039,221,True,impactful,sensitive,221,-2.771960211690734,True
K221K,0.0,221,True,neutral,sensitive,221,0.0,True
K221L,-6.157494954836039,221,True,impactful,sensitive,221,-2.771960211690734,True
K221M,-5.06780282476983,221,True,mild,sensitive,221,-2.281406301425047,True
K221N,-4.22185087483287,221,True,mild,sensitive,221,-1.9005785194411178,True
K221P,-7.190339705644809,221,True,impactful,sensitive,221,-3.2369227614118605,True
K221Q,-5.53536325957703,221,True,mild,sensitive,221,-2.491891073455346,True
K221R,-1.7078185733929598,221,True,neutral,sensitive,221,-0.7688199777595712,True
K221S,-6.590791894504862,221,True,impactful,sensitive,221,-2.967020359594877,True
K221T,-5.502407721426599,221,True,mild,sensitive,221,-2.4770552609735015,True
K221V,-6.157494954836039,221,True,impactful,sensitive,221,-2.771960211690734,True
K221W,-7.190339705644809,221,True,impactful,sensitive,221,-3.2369227614118605,True
K221Y,-7.190339705644809,221,True,impactful,sensitive,221,-3.2369227614118605,True
K222A,-3.04763329008165,222,True,neutral,sensitive,222,-1.530219765950611,True
K222C,-5.47204599626649,222,True,mild,sensitive,222,-2.7475198446377225,True
K222D,-4.7043784755254014,222,True,mild,sensitive,222,-2.3620732038823173,True
K222E,-4.32278634631853,222,True,mild,sensitive,222,-2.1704754087854243,True
K222F,-6.7351647516935005,222,True,impactful,sensitive,222,-3.3817330528303535,True
K222G,-6.138104171723009,222,True,impactful,sensitive,222,-3.081948330070515,True
K222H,-5.33571625800464,222,True,mild,sensitive,222,-2.679068544786759,True
K222I,-2.20070827883597,222,True,neutral,sensitive,222,-1.104977858827539,True
K222K,0.0,222,True,neutral,sensitive,222,0.0,True
K222L,-2.10773071767085,222,True,neutral,sensitive,222,-1.0582937310659155,True
K222M,-3.94355550443062,222,True,mild,sensitive,222,-1.9800632184462699,True
K222N,-2.74588722723845,222,True,neutral,sensitive,222,-1.37871276175718,True
K222P,-6.7351647516935005,222,True,impactful,sensitive,222,-3.3817330528303535,True
K222Q,-2.59116784503382,222,True,neutral,sensitive,222,-1.3010280030312213,True
K222R,-1.2591520770329498,222,True,neutral,sensitive,222,-0.6322215349478497,True
K222S,-4.53939352461176,222,True,mild,sensitive,222,-2.2792340926959183,True
K222T,-2.76371386500477,222,True,neutral,sensitive,222,-1.3876635346599573,True
K222V,-2.12689101424381,222,True,neutral,sensitive,222,-1.0679141354081434,True
K222W,-6.7351647516935005,222,True,impactful,sensitive,222,-3.3817330528303535,True
K222Y,-6.7351647516935005,222,True,impactful,sensitive,222,-3.3817330528303535,True
K223A,-2.53151645505148,223,True,neutral,sensitive,223,-1.4153321499829068,True
K223C,-5.33183957955776,223,True,mild,sensitive,223,-2.9809499995314,True
K223D,-5.742300802712129,223,True,mild,sensitive,223,-3.2104325945556043,True
K223E,-3.38445898940381,223,True,neutral,sensitive,223,-1.892199281755986,True
K223F,-6.8335794252897095,223,True,impactful,sensitive,223,-3.820549789741564,True
K223G,-5.56929540714484,223,True,mild,sensitive,223,-3.113707922678283,True
K223H,-5.742300802712129,223,True,mild,sensitive,223,-3.2104325945556043,True
K223I,-3.16289946183721,223,True,neutral,sensitive,223,-1.7683287369391418,True
K223K,0.0,223,True,neutral,sensitive,223,0.0,True
K223L,-3.667474594808181,223,True,mild,sensitive,223,-2.0504289801947966,True
K223M,-1.5398574640656495,223,True,neutral,sensitive,223,-0.860910767905296,True
K223N,-3.2556964044734,223,True,neutral,sensitive,223,-1.820210088952889,True
K223P,-4.9620458782348695,223,True,mild,sensitive,223,-2.774203994266813,True
K223Q,-5.742300802712129,223,True,mild,sensitive,223,-3.2104325945556043,True
K223R,-1.34520773520903,223,True,neutral,sensitive,223,-0.7520850801691967,True
K223S,-4.23284314458378,223,True,mild,sensitive,223,-2.366517893419082,True
K223T,-2.69860382103047,223,True,neutral,sensitive,223,-1.5087481419880686,True
K223V,-3.48927233644605,223,True,neutral,sensitive,223,-1.9507988217748484,True
K223W,-6.8335794252897095,223,True,impactful,sensitive,223,-3.820549789741564,True
K223Y,-6.8335794252897095,223,True,impactful,sensitive,223,-3.820549789741564,True
I224A,-1.68842735120662,224,True,neutral,sensitive,224,-0.9961299583880023,True
I224C,-1.6222927681662602,224,True,neutral,sensitive,224,-0.9571122065108358,True
I224D,-5.690373696827018,224,True,mild,sensitive,224,-3.3571783291603534,True
I224E,-3.4031926582350898,224,True,neutral,sensitive,224,-2.007798652758986,True
I224F,-3.18192675135881,224,True,neutral,sensitive,224,-1.8772572951744635,True
I224G,-6.4364632743073,224,True,impactful,sensitive,224,-3.797352541712663,True
I224H,-4.930720057589928,224,True,mild,sensitive,224,-2.909001659017123,True
I224I,0.0,224,True,neutral,sensitive,224,0.0,True
I224K,-4.983405600952531,224,True,mild,sensitive,224,-2.940084813456627,True
I224L,-1.69122976667532,224,True,neutral,sensitive,224,-0.9977833135070291,True
I224M,-3.95228187151596,224,True,mild,sensitive,224,-2.331747571725438,True
I224N,-5.690373696827018,224,True,mild,sensitive,224,-3.3571783291603534,True
I224P,-6.4364632743073,224,True,impactful,sensitive,224,-3.797352541712663,True
I224Q,-4.69828809119389,224,True,mild,sensitive,224,-2.771872605256732,True
I224R,-6.20109821767637,224,True,impactful,sensitive,224,-3.658493037985595,True
I224S,-2.79783990692062,224,True,neutral,sensitive,224,-1.6506556518794935,True
I224T,-0.949053858457194,224,True,neutral,sensitive,224,-0.5599180680515093,True
I224V,-1.34474600042497,224,True,neutral,sensitive,224,-0.7933665469754836,True
I224W,-3.3608013857864703,224,True,neutral,sensitive,224,-1.9827888609962074,True
I224Y,-3.625508246283701,224,True,mild,sensitive,224,-2.1389592960129624,True
L225A,-5.83693477629502,225,True,impactful,sensitive,225,-3.1603558462587285,True
L225C,-6.7800572257115,225,True,impactful,sensitive,225,-3.6710010155102437,True
L225D,-7.470314643636921,225,True,impactful,sensitive,225,-4.044734687338034,True
L225E,-7.470314643636921,225,True,impactful,sensitive,225,-4.044734687338034,True
L225F,-6.08012353778023,225,True,impactful,sensitive,225,-3.2920282143011974,True
L225G,-6.81776239151529,225,True,impactful,sensitive,225,-3.6914161384727446,True
L225H,-7.470314643636921,225,True,impactful,sensitive,225,-4.044734687338034,True
L225I,-2.14862497118127,225,True,neutral,sensitive,225,-1.1633536692353483,True
L225K,-7.470314643636921,225,True,impactful,sensitive,225,-4.044734687338034,True
L225L,0.0,225,True,neutral,sensitive,225,0.0,True
L225M,-1.70470118744345,225,True,neutral,sensitive,225,-0.9229951284946141,True
L225N,-7.470314643636921,225,True,impactful,sensitive,225,-4.044734687338034,True
L225P,-5.458849450948019,225,True,mild,sensitive,225,-2.955644946764409,True
L225Q,-7.470314643636921,225,True,impactful,sensitive,225,-4.044734687338034,True
L225R,-7.470314643636921,225,True,impactful,sensitive,225,-4.044734687338034,True
L225S,-5.51544019013854,225,True,mild,sensitive,225,-2.9862854936095102,True
L225T,-6.7800572257115,225,True,impactful,sensitive,225,-3.6710010155102437,True
L225V,-3.10784512346471,225,True,neutral,sensitive,225,-1.68271479494633,True
L225W,-7.047085245550411,225,True,impactful,sensitive,225,-3.815580935614895,True
L225Y,-7.047085245550411,225,True,impactful,sensitive,225,-3.815580935614895,True
A226A,0.0,226,True,neutral,tolerant,226,0.0,True
A226C,-1.6239271683531895,226,True,neutral,tolerant,226,-0.841923704266863,True
A226D,-4.86845511114016,226,True,mild,tolerant,226,-2.524046546610026,True
A226E,-3.3407517253684698,226,True,neutral,tolerant,226,-1.7320099832496971,True
A226F,-6.6143146695385004,226,True,impactful,tolerant,226,-3.4291859981699337,True
A226G,-2.5752621146540897,226,True,neutral,tolerant,226,-1.3351425244190063,True
A226H,-2.17017870125153,226,True,neutral,tolerant,226,-1.125127362042726,True
A226I,-2.78071980406671,226,True,neutral,tolerant,226,-1.441661894444573,True
A226K,-4.32602917248395,226,True,mild,tolerant,226,-2.2428262650212996,True
A226L,-2.7578448360871803,226,True,neutral,tolerant,226,-1.4298023861170892,True
A226M,-2.6572939541991203,226,True,neutral,tolerant,226,-1.3776718641354018,True
A226N,-2.0584870664057,226,True,neutral,tolerant,226,-1.0672209258566845,True
A226P,-6.6143146695385004,226,True,impactful,tolerant,226,-3.4291859981699337,True
A226Q,-2.37776442081302,226,True,neutral,tolerant,226,-1.2327500075480327,True
A226R,-4.61698902156895,226,True,mild,tolerant,226,-2.39367415937791,True
A226S,-0.6706022826367621,226,True,neutral,tolerant,226,-0.34767320166206006,True
A226T,-0.685223246283758,226,True,neutral,tolerant,226,-0.355253428234729,True
A226V,-2.72200195399145,226,True,neutral,tolerant,226,-1.4112196733860498,True
A226W,-6.6143146695385004,226,True,impactful,tolerant,226,-3.4291859981699337,True
A226Y,-6.6143146695385004,226,True,impactful,tolerant,226,-3.4291859981699337,True
E227A,-2.4757053646557003,227,True,neutral,tolerant,227,-1.002543144078932,True
E227C,-4.75706051199722,227,True,mild,tolerant,227,-1.926383676489985,True
E227D,-0.927304270752736,227,True,neutral,tolerant,227,-0.3755142079467759,True
E227E,0.0,227,True,neutral,tolerant,227,0.0,True
E227F,-3.2008307207935,227,True,neutral,tolerant,227,-1.2961844896010175,True
E227G,-3.1848346457812404,227,True,neutral,tolerant,227,-1.289706838599141,True
E227H,-3.8424057351420897,227,True,mild,tolerant,227,-1.5559919130651474,True
E227I,-2.967616161081009,227,True,neutral,tolerant,227,-1.2017436642600503,True
E227K,-3.67012522533032,227,True,mild,tolerant,227,-1.4862264852254603,True
E227L,-3.21953774738173,227,True,neutral,tolerant,227,-1.303759947294765,True
E227M,-3.5054538430732407,227,True,neutral,tolerant,227,-1.419542392819014,True
E227N,-3.46733824167348,227,True,neutral,tolerant,227,-1.4041073837055247,True
E227P,-6.2706499760559495,227,True,impactful,tolerant,227,-2.539315555139938,True
E227Q,-1.44402573932637,227,True,neutral,tolerant,227,-0.5847618725164805,True
E227R,-3.97261086179016,227,True,mild,tolerant,227,-1.6087188081587829,True
E227S,-2.44965236075386,227,True,neutral,tolerant,227,-0.9919929143071095,True
E227T,-3.90717259709409,227,True,mild,tolerant,227,-1.582219417492967,True
E227V,-3.00088626408432,227,True,neutral,tolerant,227,-1.2152164765522386,True
E227W,-4.52992736178289,227,True,mild,tolerant,227,-1.8344055332943812,True
E227Y,-3.73526136543444,227,True,mild,tolerant,227,-1.5126035297742295,True
R228A,-4.66432998688943,228,True,mild,sensitive,228,-1.7362163244418178,True
R228C,-6.995820173171,228,True,impactful,sensitive,228,-2.6040733013444077,True
R228D,-6.28960688138634,228,True,impactful,sensitive,228,-2.3411975937549423,True
R228E,-4.58632177998686,228,True,mild,sensitive,228,-1.707179115958419,True
R228F,-7.41614923481542,228,True,impactful,sensitive,228,-2.76053353904535,True
R228G,-7.41614923481542,228,True,impactful,sensitive,228,-2.76053353904535,True
R228H,-4.29547582930788,228,True,mild,sensitive,228,-1.5989167312459251,True
R228I,-5.41569323354417,228,True,mild,sensitive,228,-2.015898323377218,True
R228K,-3.76795591907247,228,True,mild,sensitive,228,-1.402556550428274,True
R228L,-6.67164401178686,228,True,impactful,sensitive,228,-2.4834043210252474,True
R228M,-6.67164401178686,228,True,impactful,sensitive,228,-2.4834043210252474,True
R228N,-3.97026504186186,228,True,mild,sensitive,228,-1.477862629234394,True
R228P,-7.41614923481542,228,True,impactful,sensitive,228,-2.76053353904535,True
R228Q,-6.28960688138634,228,True,impactful,sensitive,228,-2.3411975937549423,True
R228R,0.0,228,True,neutral,sensitive,228,0.0,True
R228S,-6.995820173171,228,True,impactful,sensitive,228,-2.6040733013444077,True
R228T,-6.995820173171,228,True,impactful,sensitive,228,-2.6040733013444077,True
R228V,-5.462534180061519,228,True,mild,sensitive,228,-2.0333340571748524,True
R228W,-7.41614923481542,228,True,impactful,sensitive,228,-2.76053353904535,True
R228Y,-7.41614923481542,228,True,impactful,sensitive,228,-2.76053353904535,True
R229A,-4.52158542785397,229,True,mild,sensitive,229,-1.2601188023009497,True
R229C,-2.63670150984422,229,True,neutral,sensitive,229,-0.7348212704646283,True
R229D,-5.414212151137531,229,True,mild,sensitive,229,-1.50888458045407,True
R229E,-4.5509469050201705,229,True,mild,sensitive,229,-1.2683015404203133,True
R229F,-5.99903255797013,229,True,impactful,sensitive,229,-1.6718679415732287,True
R229G,-6.042862015927192,229,True,impactful,sensitive,229,-1.6840827553697615,True
R229H,-2.56036946669826,229,True,neutral,sensitive,229,-0.7135483244325274,True
R229I,-1.80605710925172,229,True,neutral,sensitive,229,-0.5033293205913291,True
R229K,-1.31113094066685,229,True,neutral,sensitive,229,-0.36539854813646305,True
R229L,-1.83283729445787,229,True,neutral,sensitive,229,-0.5107926795051045,True
R229M,-4.3264744427118,229,True,mild,sensitive,229,-1.2057434012748982,True
R229N,-5.414212151137531,229,True,mild,sensitive,229,-1.50888458045407,True
R229P,-6.62500164613965,229,True,impactful,sensitive,229,-1.8463190119439084,True
R229Q,-2.96499674270383,229,True,neutral,sensitive,229,-0.8263137352721569,True
R229R,0.0,229,True,neutral,sensitive,229,0.0,True
R229S,-3.5197862026558195,229,True,neutral,sensitive,229,-0.9809277840297622,True
R229T,-5.194601429881732,229,True,mild,sensitive,229,-1.4476813579435424,True
R229V,-1.87346375265036,229,True,neutral,sensitive,229,-0.522114850601084,True
R229W,-5.99903255797013,229,True,impactful,sensitive,229,-1.6718679415732287,True
R229Y,-3.53894982094273,229,True,neutral,sensitive,229,-0.986268485009267,True
K230A,-3.1142069461793302,230,True,neutral,sensitive,230,-0.7160049550951051,True
K230C,-5.8025735558673,230,True,impactful,sensitive,230,-1.3341025468464696,True
K230D,-5.38773706560719,230,True,mild,sensitive,230,-1.2387251401057562,True
K230E,-2.8747770061990296,230,True,neutral,sensitive,230,-0.6609562616759533,True
K230F,-6.856321432190289,230,True,impactful,sensitive,230,-1.5763756885828752,True
K230G,-5.859557123004991,230,True,impactful,sensitive,230,-1.347203961471351,True
K230H,-4.16668219802485,230,True,mild,sensitive,230,-0.9579855005308824,True
K230I,-5.191892430934598,230,True,mild,sensitive,230,-1.1936973910583133,True
K230K,0.0,230,True,neutral,sensitive,230,0.0,True
K230L,-6.45185633199424,230,True,impactful,sensitive,230,-1.4833828268661213,True
K230M,-6.45185633199424,230,True,impactful,sensitive,230,-1.4833828268661213,True
K230N,-3.1217335714673298,230,True,neutral,sensitive,230,-0.7177354441391821,True
K230P,-3.33672306187335,230,True,neutral,sensitive,230,-0.767164895387737,True
K230Q,-1.66008306387002,230,True,neutral,sensitive,230,-0.3816790984486975,True
K230R,-0.798416677984454,230,True,neutral,sensitive,230,-0.18356849995752422,True
K230S,-3.13725375735452,230,True,neutral,sensitive,230,-0.7213037779690384,True
K230T,-3.1253285533153905,230,True,neutral,sensitive,230,-0.7185619867746503,True
K230V,-6.45185633199424,230,True,impactful,sensitive,230,-1.4833828268661213,True
K230W,-6.856321432190289,230,True,impactful,sensitive,230,-1.5763756885828752,True
K230Y,-6.856321432190289,230,True,impactful,sensitive,230,-1.5763756885828752,True
A231A,0.0,231,True,neutral,tolerant,231,0.0,True
A231C,-1.55783126454773,231,True,neutral,tolerant,231,-0.30899918939350296,True
A231D,-2.34072798514117,231,True,neutral,tolerant,231,-0.4642884415401001,True
A231E,-0.6536289188762049,231,True,neutral,tolerant,231,-0.12964870502553127,True
A231F,-6.043165111303999,231,True,impactful,tolerant,231,-1.1986748265102758,True
A231G,-2.52533964444061,231,True,neutral,tolerant,231,-0.5009065621121492,True
A231H,-1.5674564910432198,231,True,neutral,tolerant,231,-0.3109083738170796,True
A231I,-4.33799783183832,231,True,mild,tolerant,231,-0.8604512209593961,True
A231K,-4.09441574962351,231,True,mild,tolerant,231,-0.8121361898850843,True
A231L,-1.81015908908152,231,True,neutral,tolerant,231,-0.3590489573091592,True
A231M,-4.33799783183832,231,True,mild,tolerant,231,-0.8604512209593961,True
A231N,-3.01346278445188,231,True,neutral,tolerant,231,-0.5977268391345665,True
A231P,0.0226239987121419,231,True,neutral,tolerant,231,0.004487518912981293,True
A231Q,-1.80538781059001,231,True,neutral,tolerant,231,-0.35810256393537154,True
A231R,-5.355947483063621,231,True,mild,tolerant,231,-1.0623637285783365,True
A231S,-1.08958620015182,231,True,neutral,tolerant,231,-0.21612177151869194,True
A231T,-1.33269569297106,231,True,neutral,tolerant,231,-0.26434306346767583,True
A231V,-0.325332785723322,231,True,neutral,tolerant,231,-0.06453045933753415,True
A231W,-6.043165111303999,231,True,impactful,tolerant,231,-1.1986748265102758,True
A231Y,-6.043165111303999,231,True,impactful,tolerant,231,-1.1986748265102758,True
L232A,-6.222212929604759,232,True,impactful,sensitive,232,-2.9926760096698493,True
L232C,-6.68089551770263,232,True,impactful,sensitive,232,-3.2132869712334817,True
L232D,-7.361190752979139,232,True,impactful,sensitive,232,-3.5404861933009335,True
L232E,-7.361190752979139,232,True,impactful,sensitive,232,-3.5404861933009335,True
L232F,-4.2247138334717,232,True,mild,sensitive,232,-2.0319458495217724,True
L232G,-7.361190752979139,232,True,impactful,sensitive,232,-3.5404861933009335,True
L232H,-7.361190752979139,232,True,impactful,sensitive,232,-3.5404861933009335,True
L232I,-1.64842858086869,232,True,neutral,sensitive,232,-0.7928389342235522,True
L232K,-6.3828212522041,232,True,impactful,sensitive,232,-3.069923233356052,True
L232L,0.0,232,True,neutral,sensitive,232,0.0,True
L232M,-1.48674461656405,232,True,neutral,sensitive,232,-0.7150743629051052,True
L232N,-7.361190752979139,232,True,impactful,sensitive,232,-3.5404861933009335,True
L232P,-4.9299515009375305,232,True,mild,sensitive,232,-2.37114154603976,True
L232Q,-7.361190752979139,232,True,impactful,sensitive,232,-3.5404861933009335,True
L232R,-6.834842509949138,232,True,impactful,sensitive,232,-3.28733031813743,True
L232S,-5.69963582342388,232,True,mild,sensitive,232,-2.741333925018697,True
L232T,-6.68089551770263,232,True,impactful,sensitive,232,-3.2132869712334817,True
L232V,-1.9216955256588,232,True,neutral,sensitive,232,-0.9242711817472775,True
L232W,-6.94406963921763,232,True,impactful,sensitive,232,-3.3398649088152332,True
L232Y,-6.94406963921763,232,True,impactful,sensitive,232,-3.3398649088152332,True
A233A,0.0,233,True,neutral,tolerant,233,0.0,True
A233C,-1.5023834687200202,233,True,neutral,tolerant,233,-0.7595718815517082,True
A233D,-0.608292615438611,233,True,neutral,tolerant,233,-0.3075393040874974,True
A233E,-0.8892162002167121,233,True,neutral,tolerant,233,-0.44956806059661086,True
A233F,-5.71540252940894,233,True,mild,tolerant,233,-2.8895812177613656,True
A233G,-2.07901322659765,233,True,neutral,tolerant,233,-1.0511031445540704,True
A233H,-0.913649913131683,233,True,neutral,tolerant,233,-0.46192120590107194,True
A233I,-2.16750598584616,233,True,neutral,tolerant,233,-1.0958431280839471,True
A233K,-2.45691684063655,233,True,neutral,tolerant,233,-1.2421628607563993,True
A233L,-4.58865981458359,233,True,mild,tolerant,233,-2.319925000328596,True
A233M,-4.58865981458359,233,True,mild,tolerant,233,-2.319925000328596,True
A233N,-0.24689922236895495,233,True,neutral,tolerant,233,-0.12482679075816541,True
A233P,-3.20385155036847,233,True,neutral,tolerant,233,-1.6197965439536173,True
A233Q,-2.16809667159954,233,True,neutral,tolerant,233,-1.0961417657476606,True
A233R,-2.64698504240271,233,True,neutral,tolerant,233,-1.3382571433709909,True
A233S,-0.293758787573919,233,True,neutral,tolerant,233,-0.1485179514055557,True
A233T,-0.796593557175034,233,True,neutral,tolerant,233,-0.4027400990846285,True
A233V,-2.20924954385662,233,True,neutral,tolerant,233,-1.1169477485492412,True
A233W,-5.71540252940894,233,True,mild,tolerant,233,-2.8895812177613656,True
A233Y,-5.71540252940894,233,True,mild,tolerant,233,-2.8895812177613656,True
I234A,-3.05122588168134,234,True,neutral,sensitive,234,-1.9204662802566956,True
I234C,-5.2498785088439694,234,True,mild,sensitive,234,-3.304316049562174,True
I234D,-6.24270983981599,234,True,impactful,sensitive,234,-3.929212129711926,True
I234E,-6.24270983981599,234,True,impactful,sensitive,234,-3.929212129711926,True
I234F,-3.1639963094781804,234,True,neutral,sensitive,234,-1.991444900782363,True
I234G,-6.474387353446339,234,True,impactful,sensitive,234,-4.075031833029212,True
I234H,-6.24270983981599,234,True,impactful,sensitive,234,-3.929212129711926,True
I234I,0.0,234,True,neutral,sensitive,234,0.0,True
I234K,-6.24270983981599,234,True,impactful,sensitive,234,-3.929212129711926,True
I234L,-1.2519708678806498,234,True,neutral,sensitive,234,-0.7880006033193457,True
I234M,-1.7327893564629702,234,True,neutral,sensitive,234,-1.0906316539374368,True
I234N,-6.24270983981599,234,True,impactful,sensitive,234,-3.929212129711926,True
I234P,-5.8389222601546,234,True,impactful,sensitive,234,-3.6750649570028195,True
I234Q,-6.24270983981599,234,True,impactful,sensitive,234,-3.929212129711926,True
I234R,-6.24270983981599,234,True,impactful,sensitive,234,-3.929212129711926,True
I234S,-5.2498785088439694,234,True,mild,sensitive,234,-3.304316049562174,True
I234T,-2.6197527087999,234,True,neutral,sensitive,234,-1.6488935709633519,True
I234V,-1.14130092451216,234,True,neutral,sensitive,234,-0.7183440447036373,True
I234W,-5.59230883159574,234,True,mild,sensitive,234,-3.5198444678711507,True
I234Y,-5.59230883159574,234,True,mild,sensitive,234,-3.5198444678711507,True
D235A,-4.23033510366935,235,True,mild,sensitive,235,-0.9762713514367031,True
D235C,-5.43114070881497,235,True,mild,sensitive,235,-1.2533917407721558,True
D235D,0.0,235,True,neutral,sensitive,235,0.0,True
D235E,-0.973742728853613,235,True,neutral,sensitive,235,-0.22471910771915135,True
D235F,-6.51319800610266,235,True,impactful,sensitive,235,-1.5031075467466528,True
D235G,-3.01770863627535,235,True,neutral,sensitive,235,-0.6964229585555355,True
D235H,-3.9127078393474095,235,True,mild,sensitive,235,-0.9029697356087385,True
D235I,-6.51319800610266,235,True,impactful,sensitive,235,-1.5031075467466528,True
D235K,-5.115430397280299,235,True,mild,sensitive,235,-1.1805325168688037,True
D235L,-6.51319800610266,235,True,impactful,sensitive,235,-1.5031075467466528,True
D235M,-6.51319800610266,235,True,impactful,sensitive,235,-1.5031075467466528,True
D235N,-1.24084955308285,235,True,neutral,sensitive,235,-0.2863616806779827,True
D235P,-5.87408256282552,235,True,impactful,sensitive,235,-1.3556132981253006,True
D235Q,-1.59284798543342,235,True,neutral,sensitive,235,-0.36759543092070385,True
D235R,-6.1438884991439915,235,True,impactful,sensitive,235,-1.4178787687370271,True
D235S,-3.16686111777638,235,True,neutral,sensitive,235,-0.7308441784155992,True
D235T,-4.125200044971709,235,True,mild,sensitive,235,-0.9520084163918897,True
D235V,-6.51319800610266,235,True,impactful,sensitive,235,-1.5031075467466528,True
D235W,-6.51319800610266,235,True,impactful,sensitive,235,-1.5031075467466528,True
D235Y,-6.51319800610266,235,True,impactful,sensitive,235,-1.5031075467466528,True
H236A,-3.3021769861356,236,True,neutral,tolerant,236,-1.3353510258131254,True
H236C,-4.4313694618938095,236,True,mild,tolerant,236,-1.7919795884780185,True
H236D,-1.16198429375448,236,True,neutral,tolerant,236,-0.4698890838251599,True
H236E,-1.58892544667809,236,True,neutral,tolerant,236,-0.6425377059044883,True
H236F,-4.99867014588811,236,True,mild,tolerant,236,-2.0213875074044965,True
H236G,-1.92274309417595,236,True,neutral,tolerant,236,-0.7775285740173603,True
H236H,0.0,236,True,neutral,tolerant,236,0.0,True
H236I,-3.2932078385066497,236,True,neutral,tolerant,236,-1.331724036545962,True
H236K,-2.61024581849283,236,True,neutral,tolerant,236,-1.0555444017638398,True
H236L,-5.3673446491704,236,True,mild,tolerant,236,-2.170473967099463,True
H236M,-3.3399461670163704,236,True,neutral,tolerant,236,-1.3506243181427047,True
H236N,-0.9611871354344208,236,True,neutral,tolerant,236,-0.3886897136918109,True
H236P,-4.93561705581245,236,True,mild,tolerant,236,-1.9958897800365418,True
H236Q,-1.4365328247879698,236,True,neutral,tolerant,236,-0.5809124069511853,True
H236R,-3.08119547058114,236,True,neutral,tolerant,236,-1.2459894032470629,True
H236S,-1.89029259568032,236,True,neutral,tolerant,236,-0.7644060773625104,True
H236T,-2.02841594229046,236,True,neutral,tolerant,236,-0.820261094631115,True
H236V,-3.77247720830615,236,True,mild,tolerant,236,-1.5255334075426177,True
H236W,-4.99867014588811,236,True,mild,tolerant,236,-2.0213875074044965,True
H236Y,-2.404021422032,236,True,neutral,tolerant,236,-0.9721503376304302,True
L237A,-2.58186198047685,237,True,neutral,sensitive,237,-2.0996979086139596,True
L237C,-4.39672534802665,237,True,mild,sensitive,237,-3.575634595423455,True
L237D,-5.876875798754,237,True,impactful,sensitive,237,-4.77936617725349,True
L237E,-5.876875798754,237,True,impactful,sensitive,237,-4.77936617725349,True
L237F,-2.39684800777408,237,True,neutral,sensitive,237,-1.9492353918389078,True
L237G,-6.47747357283924,237,True,impactful,sensitive,237,-5.267802003684486,True
L237H,-5.47192846539325,237,True,mild,sensitive,237,-4.450042969666953,True
L237I,-1.47368291215015,237,True,neutral,sensitive,237,-1.1984718594563712,True
L237K,-5.35890430433969,237,True,mild,sensitive,237,-4.358126129657101,True
L237L,0.0,237,True,neutral,sensitive,237,0.0,True
L237M,-1.14457895493201,237,True,neutral,sensitive,237,-0.9308282379488108,True
L237N,-5.876875798754,237,True,impactful,sensitive,237,-4.77936617725349,True
L237P,-6.47747357283924,237,True,impactful,sensitive,237,-5.267802003684486,True
L237Q,-3.484308899009549,237,True,neutral,sensitive,237,-2.8336123942861384,True
L237R,-6.10921873367769,237,True,impactful,sensitive,237,-4.968318947862243,True
L237S,-4.13439283445264,237,True,mild,sensitive,237,-3.3622928156234906,True
L237T,-5.39850639634342,237,True,mild,sensitive,237,-4.3903325103179345,True
L237V,-1.36256863663333,237,True,neutral,sensitive,237,-1.1081082328628489,True
L237W,-4.85107302837338,237,True,mild,sensitive,237,-3.945132609423195,True
L237Y,-4.85107302837338,237,True,mild,sensitive,237,-3.945132609423195,True
N238A,-1.34775800880284,238,True,neutral,tolerant,238,-0.7950225261442595,True
N238C,-3.38221440917993,238,True,neutral,tolerant,238,-1.9951182823511604,True
N238D,-0.4270407413893929,238,True,neutral,tolerant,238,-0.2519050206108463,True
N238E,-1.2879693710086002,238,True,neutral,tolerant,238,-0.7597540925356753,True
N238F,-4.643619118569969,238,True,mild,tolerant,238,-2.7392022736904678,True
N238G,-1.26769425312943,238,True,neutral,tolerant,238,-0.7477941002159201,True
N238H,-3.28231678574479,238,True,neutral,tolerant,238,-1.9361901510245585,True
N238I,-3.19850603183428,238,True,neutral,tolerant,238,-1.8867514262261993,True
N238K,-1.4450172283303502,238,True,neutral,tolerant,238,-0.852394302007987,True
N238L,-3.03839001445667,238,True,neutral,tolerant,238,-1.7923013544920474,True
N238M,-4.77616014201727,238,True,mild,tolerant,238,-2.8173862641328005,True
N238N,0.0,238,True,neutral,tolerant,238,0.0,True
N238P,-2.7553898193295496,238,True,neutral,tolerant,238,-1.625363722840255,True
N238Q,-1.59046999400628,238,True,neutral,tolerant,238,-0.9381947383230075,True
N238R,-1.47786813159271,238,True,neutral,tolerant,238,-0.8717725642235912,True
N238S,-0.7024023346207809,238,True,neutral,tolerant,238,-0.41433675392206804,True
N238T,-1.3763081189157098,238,True,neutral,tolerant,238,-0.8118638140575046,True
N238V,-4.77616014201727,238,True,mild,tolerant,238,-2.8173862641328005,True
N238W,-4.643619118569969,238,True,mild,tolerant,238,-2.7392022736904678,True
N238Y,-3.76812615615915,238,True,mild,tolerant,238,-2.222761917149287,True
E239A,-1.8113237625169096,239,True,neutral,tolerant,239,-0.8116922632632627,True
E239C,-3.88271466741504,239,True,mild,tolerant,239,-1.7399260812547082,True
E239D,-1.14054078137454,239,True,neutral,tolerant,239,-0.5111003053874572,True
E239E,0.0,239,True,neutral,tolerant,239,0.0,True
E239F,-5.04224636571713,239,True,mild,tolerant,239,-2.2595366158244667,True
E239G,-3.30403129850996,239,True,neutral,tolerant,239,-1.480605896128506,True
E239H,-2.85421769223375,239,True,neutral,tolerant,239,-1.2790349612793925,True
E239I,-2.51116313998542,239,True,neutral,tolerant,239,-1.125305003278793,True
E239K,-3.46151455686678,239,True,neutral,tolerant,239,-1.551177455474748,True
E239L,-3.29828172064888,239,True,neutral,tolerant,239,-1.4780293893971066,True
E239M,-3.48893764647412,239,True,neutral,tolerant,239,-1.563466318531523,True
E239N,-2.52994838226533,239,True,neutral,tolerant,239,-1.1337230653269283,True
E239P,-4.09727226912721,239,True,mild,tolerant,239,-1.8360738539157886,True
E239Q,-1.0764348697124,239,True,neutral,tolerant,239,-0.48237309846709225,True
E239R,-3.9523037583006,239,True,mild,tolerant,239,-1.7711104160755824,True
E239S,-1.81916264214776,239,True,neutral,tolerant,239,-0.8152050300478003,True
E239T,-2.7227808951627006,239,True,neutral,tolerant,239,-1.22013536889375,True
E239V,-2.62388360255389,239,True,neutral,tolerant,239,-1.175817412640192,True
E239W,-5.9957657974948,239,True,impactful,tolerant,239,-2.6868287221068146,True
E239Y,-5.9957657974948,239,True,impactful,tolerant,239,-2.6868287221068146,True
D240A,-2.5652785918360896,240,True,neutral,sensitive,240,-1.2434401939628985,True
D240C,-2.5860193199691497,240,True,neutral,sensitive,240,-1.25349362640286,True
D240D,0.0,240,True,neutral,sensitive,240,0.0,True
D240E,-0.7192169358071608,240,True,neutral,sensitive,240,-0.3486183719021968,True
D240F,-6.043266554631032,240,True,impactful,sensitive,240,-2.929288288911136,True
D240G,-3.874481720968241,240,True,mild,sensitive,240,-1.8780362951449305,True
D240H,-3.86009765540568,240,True,mild,sensitive,240,-1.871064060109716,True
D240I,-6.4076103340449295,240,True,impactful,sensitive,240,-3.1058927720208365,True
D240K,-5.11200866781824,240,True,mild,sensitive,240,-2.4778895632159403,True
D240L,-6.4076103340449295,240,True,impactful,sensitive,240,-3.1058927720208365,True
D240M,-6.4076103340449295,240,True,impactful,sensitive,240,-3.1058927720208365,True
D240N,-1.22321524939748,240,True,neutral,sensitive,240,-0.592916111259686,True
D240P,-6.4076103340449295,240,True,impactful,sensitive,240,-3.1058927720208365,True
D240Q,-1.33210901309448,240,True,neutral,sensitive,240,-0.6456990265670771,True
D240R,-3.92690984102427,240,True,mild,sensitive,240,-1.903449219877179,True
D240S,-1.98441122559778,240,True,neutral,sensitive,240,-0.9618825367007621,True
D240T,-4.77114139886146,240,True,mild,sensitive,240,-2.312664599199906,True
D240V,-6.4076103340449295,240,True,impactful,sensitive,240,-3.1058927720208365,True
D240W,-6.043266554631032,240,True,impactful,sensitive,240,-2.929288288911136,True
D240Y,-5.174899076198232,240,True,mild,sensitive,240,-2.508373761635283,True
Q241A,-1.4730258991169098,241,True,neutral,tolerant,241,-0.9307541160899545,True
Q241C,-4.2271529090943085,241,True,mild,tolerant,241,-2.670991712935855,True
Q241D,-1.63488123840649,241,True,neutral,tolerant,241,-1.0330249066749857,True
Q241E,-1.15760477848319,241,True,neutral,tolerant,241,-0.7314504198633343,True
Q241F,-5.91808487396487,241,True,impactful,tolerant,241,-3.7394331349603283,True
Q241G,-1.56820880968855,241,True,neutral,tolerant,241,-0.9908969050586263,True
Q241H,-3.8149367010486297,241,True,mild,tolerant,241,-2.4105265489577317,True
Q241I,-3.6903723534037,241,True,mild,tolerant,241,-2.331818646158409,True
Q241K,-0.373529191414261,241,True,neutral,tolerant,241,-0.23602017628950248,True
Q241L,-2.72248618629816,241,True,neutral,tolerant,241,-1.720244854767446,True
Q241M,-2.9193115234058,241,True,neutral,tolerant,241,-1.8446119774185523,True
Q241N,-1.44490826757815,241,True,neutral,tolerant,241,-0.9129875572636019,True
Q241P,-5.91808487396487,241,True,impactful,tolerant,241,-3.7394331349603283,True
Q241Q,0.0,241,True,neutral,tolerant,241,0.0,True
Q241R,-0.814074041304329,241,True,neutral,tolerant,241,-0.5143852292076035,True
Q241S,-1.6686660613593798,241,True,neutral,tolerant,241,-1.0543723677370243,True
Q241T,-1.79964215553994,241,True,neutral,tolerant,241,-1.1371316314003623,True
Q241V,-2.67429736294342,241,True,neutral,tolerant,241,-1.6897960040623463,True
Q241W,-5.91808487396487,241,True,impactful,tolerant,241,-3.7394331349603283,True
Q241Y,-5.91808487396487,241,True,impactful,tolerant,241,-3.7394331349603283,True
L242A,-5.94548366309649,242,True,impactful,sensitive,242,-3.965243185863879,True
L242C,-5.90805128573164,242,True,impactful,sensitive,242,-3.9402782733878845,True
L242D,-6.87359621359568,242,True,impactful,sensitive,242,-4.584232686991355,True
L242E,-6.87359621359568,242,True,impactful,sensitive,242,-4.584232686991355,True
L242F,-4.26256362745854,242,True,mild,sensitive,242,-2.842847165320163,True
L242G,-7.28654260066024,242,True,impactful,sensitive,242,-4.859640532714383,True
L242H,-4.557308853498251,242,True,mild,sensitive,242,-3.0394226779860536,True
L242I,-1.38695183527275,242,True,neutral,sensitive,242,-0.9250048651336138,True
L242K,-6.87359621359568,242,True,impactful,sensitive,242,-4.584232686991355,True
L242L,0.0,242,True,neutral,sensitive,242,0.0,True
L242M,-1.56226714168196,242,True,neutral,sensitive,242,-1.0419285442670125,True
L242N,-6.87359621359568,242,True,impactful,sensitive,242,-4.584232686991355,True
L242P,-5.06340889511318,242,True,mild,sensitive,242,-3.376957831574189,True
L242Q,-6.87359621359568,242,True,impactful,sensitive,242,-4.584232686991355,True
L242R,-5.9262446411131,242,True,impactful,sensitive,242,-3.952412034498375,True
L242S,-4.3122456854005495,242,True,mild,sensitive,242,-2.875981802109602,True
L242T,-5.86833753980637,242,True,impactful,sensitive,242,-3.9137918394257922,True
L242V,-1.56946559381828,242,True,neutral,sensitive,242,-1.0467294343038451,True
L242W,-6.7654622762025,242,True,impactful,sensitive,242,-4.5121145242470275,True
L242Y,-6.7654622762025,242,True,impactful,sensitive,242,-4.5121145242470275,True
R243A,-2.46600660906883,243,True,neutral,tolerant,243,-1.2996262509794738,True
R243C,-5.02681270503712,243,True,mild,tolerant,243,-2.649213398779271,True
R243D,-4.99863141875513,243,True,mild,tolerant,243,-2.634361395015878,True
R243E,-3.45913682137502,243,True,neutral,tolerant,243,-1.823022291285024,True
R243F,-6.43309023301822,243,True,impactful,tolerant,243,-3.390344904593393,True
R243G,-2.76219971955765,243,True,neutral,tolerant,243,-1.4557249168690551,True
R243H,-4.99863141875513,243,True,mild,tolerant,243,-2.634361395015878,True
R243I,-3.52400216976574,243,True,neutral,tolerant,243,-1.857207402240319,True
R243K,-0.7308226573342751,243,True,neutral,tolerant,243,-0.3851556223690925,True
R243L,-3.90711456610472,243,True,mild,tolerant,243,-2.059113968721826,True
R243M,-2.90222178950836,243,True,neutral,tolerant,243,-1.5295188625767437,True
R243N,-3.20475480697552,243,True,neutral,tolerant,243,-1.688958764255198,True
R243P,-6.43309023301822,243,True,impactful,tolerant,243,-3.390344904593393,True
R243Q,-3.20674129558986,243,True,neutral,tolerant,243,-1.6900056765955682,True
R243R,0.0,243,True,neutral,tolerant,243,0.0,True
R243S,-2.31407096604891,243,True,neutral,tolerant,243,-1.219553655309223,True
R243T,-2.58540514936107,243,True,neutral,tolerant,243,-1.3625512556091326,True
R243V,-2.8480022115042902,243,True,neutral,tolerant,243,-1.5009442486109985,True
R243W,-6.43309023301822,243,True,impactful,tolerant,243,-3.390344904593393,True
R243Y,-6.43309023301822,243,True,impactful,tolerant,243,-3.390344904593393,True
E244A,-1.69704017277192,244,True,neutral,tolerant,244,-0.798575783808229,True
E244C,-3.2590230179544,244,True,neutral,tolerant,244,-1.5335976736254775,True
E244D,-0.596489318205362,244,True,neutral,tolerant,244,-0.28068983425479743,True
E244E,0.0,244,True,neutral,tolerant,244,0.0,True
E244F,-3.75807982060121,244,True,mild,tolerant,244,-1.7684387125901264,True
E244G,-2.56124977960612,244,True,neutral,tolerant,244,-1.2052466895564198,True
E244H,-2.7278428242354,244,True,neutral,tolerant,244,-1.2836403382904538,True
E244I,-3.83611596091854,244,True,mild,tolerant,244,-1.8051601602724707,True
E244K,-2.3213362328729303,244,True,neutral,tolerant,244,-1.0923506298740313,True
E244L,-3.61249682116156,244,True,mild,tolerant,244,-1.699931755741382,True
E244M,-3.68793876580672,244,True,mild,tolerant,244,-1.7354324533934717,True
E244N,-1.34270181800495,244,True,neutral,tolerant,244,-0.631834869873847,True
E244P,-3.81042171322788,244,True,mild,tolerant,244,-1.79306922434877,True
E244Q,-1.2707172571919398,244,True,neutral,tolerant,244,-0.5979611124957613,True
E244R,-2.34378071596894,244,True,neutral,tolerant,244,-1.1029123248581225,True
E244S,-1.81820697705926,244,True,neutral,tolerant,244,-0.8555932176072492,True
E244T,-1.83935853067272,244,True,neutral,tolerant,244,-0.8655464990773284,True
E244V,-2.6487428260018,244,True,neutral,tolerant,244,-1.246418271245659,True
E244W,-3.1658096415749,244,True,neutral,tolerant,244,-1.489734277638755,True
E244Y,-3.01962434714178,244,True,neutral,tolerant,244,-1.4209438989805503,True
K245A,-5.7101730875829695,245,True,mild,sensitive,245,-3.9758329919163464,True
K245C,-4.914784406506441,245,True,mild,sensitive,245,-3.422026213887581,True
K245D,-4.17356472048846,245,True,mild,sensitive,245,-2.905935784275828,True
K245E,-3.10402450858722,245,True,neutral,sensitive,245,-2.1612450025016297,True
K245F,-7.12856746405295,245,True,impactful,sensitive,245,-4.963421121211565,True
K245G,-7.12856746405295,245,True,impactful,sensitive,245,-4.963421121211565,True
K245H,-5.989827424235751,245,True,impactful,sensitive,245,-4.1705484446605725,True
K245I,-6.24518284555403,245,True,impactful,sensitive,245,-4.348345245767988,True
K245K,0.0,245,True,neutral,sensitive,245,0.0,True
K245L,-4.58077730755143,245,True,mild,sensitive,245,-3.1894664607607797,True
K245M,-5.81403917596795,245,True,impactful,sensitive,245,-4.048152029291989,True
K245N,-4.05615954382766,245,True,mild,sensitive,245,-2.8241898603554456,True
K245P,-6.6446115060330095,245,True,impactful,sensitive,245,-4.6264561930004975,True
K245Q,-3.29020776679892,245,True,neutral,sensitive,245,-2.2908791710612886,True
K245R,-1.45571885429099,245,True,neutral,sensitive,245,-1.0135761139063173,True
K245S,-5.7101730875829695,245,True,mild,sensitive,245,-3.9758329919163464,True
K245T,-2.98166759084929,245,True,neutral,sensitive,245,-2.0760513204765596,True
K245V,-5.62448535451145,245,True,mild,sensitive,245,-3.9161710323009555,True
K245W,-7.12856746405295,245,True,impactful,sensitive,245,-4.963421121211565,True
K245Y,-7.12856746405295,245,True,impactful,sensitive,245,-4.963421121211565,True
A246A,0.0,246,True,neutral,sensitive,246,0.0,True
A246C,-2.6711653850695,246,True,neutral,sensitive,246,-1.4901562124810808,True
A246D,-7.002666238048638,246,True,impactful,sensitive,246,-3.9065595327367535,True
A246E,-7.002666238048638,246,True,impactful,sensitive,246,-3.9065595327367535,True
A246F,-7.002666238048638,246,True,impactful,sensitive,246,-3.9065595327367535,True
A246G,-3.10637480836007,246,True,neutral,sensitive,246,-1.7329453821340401,True
A246H,-7.002666238048638,246,True,impactful,sensitive,246,-3.9065595327367535,True
A246I,-2.68015716832577,246,True,neutral,sensitive,246,-1.4951724356455125,True
A246K,-7.002666238048638,246,True,impactful,sensitive,246,-3.9065595327367535,True
A246L,-3.757128935536101,246,True,mild,sensitive,246,-2.0959799253447873,True
A246M,-5.21102436130741,246,True,mild,sensitive,246,-2.9070608539614824,True
A246N,-7.002666238048638,246,True,impactful,sensitive,246,-3.9065595327367535,True
A246P,-7.002666238048638,246,True,impactful,sensitive,246,-3.9065595327367535,True
A246Q,-7.002666238048638,246,True,impactful,sensitive,246,-3.9065595327367535,True
A246R,-7.002666238048638,246,True,impactful,sensitive,246,-3.9065595327367535,True
A246S,-1.57363348242931,246,True,neutral,sensitive,246,-0.8778788925303707,True
A246T,-1.70480250172641,246,True,neutral,sensitive,246,-0.9510538183822713,True
A246V,-2.6955608717372104,246,True,neutral,sensitive,246,-1.5037656603339107,True
A246W,-7.002666238048638,246,True,impactful,sensitive,246,-3.9065595327367535,True
A246Y,-7.002666238048638,246,True,impactful,sensitive,246,-3.9065595327367535,True
K247A,-1.61031027462762,247,True,neutral,tolerant,247,-0.6097083173134379,True
K247C,-3.14941338267512,247,True,neutral,tolerant,247,-1.1924556182312855,True
K247D,-1.63443669055444,247,True,neutral,tolerant,247,-0.6188432503069862,True
K247E,-1.66409362835594,247,True,neutral,tolerant,247,-0.6300721929080033,True
K247F,-5.5475222128016695,247,True,mild,tolerant,247,-2.100446408943388,True
K247G,-2.3215567706790896,247,True,neutral,tolerant,247,-0.8790060490210129,True
K247H,-2.46951486538128,247,True,neutral,tolerant,247,-0.9350271043264173,True
K247I,-2.38474431725618,247,True,neutral,tolerant,247,-0.9029306139360516,True
K247K,0.0,247,True,neutral,tolerant,247,0.0,True
K247L,-2.14758989505395,247,True,neutral,tolerant,247,-0.8131373449104289,True
K247M,-1.56449661799664,247,True,neutral,tolerant,247,-0.5923619909969707,True
K247N,-1.10757594390414,247,True,neutral,tolerant,247,-0.41935909848851755,True
K247P,-5.5475222128016695,247,True,mild,tolerant,247,-2.100446408943388,True
K247Q,-0.8441918219627841,247,True,neutral,tolerant,247,-0.3196345346412945,True
K247R,-0.311216800718249,247,True,neutral,tolerant,247,-0.11783534817814824,True
K247S,-1.53098236620443,247,True,neutral,tolerant,247,-0.5796725618924011,True
K247T,-1.45109885175257,247,True,neutral,tolerant,247,-0.5494264385552137,True
K247V,-1.9390567964704,247,True,neutral,tolerant,247,-0.7341809061142253,True
K247W,-5.5475222128016695,247,True,mild,tolerant,247,-2.100446408943388,True
K247Y,-5.5475222128016695,247,True,mild,tolerant,247,-2.100446408943388,True
E248A,-2.77977193072205,248,True,neutral,sensitive,248,-1.4447818282396305,True
E248C,-5.53870586372767,248,True,mild,sensitive,248,-2.878733141894643,True
E248D,-0.2981430427275349,248,True,neutral,sensitive,248,-0.15495934957402271,True
E248E,0.0,248,True,neutral,sensitive,248,0.0,True
E248F,-6.87528593684054,248,True,impactful,sensitive,248,-3.5734184073577975,True
E248G,-4.73290936491762,248,True,mild,sensitive,248,-2.45992175457429,True
E248H,-1.56154358348151,248,True,neutral,sensitive,248,-0.8116096750542615,True
E248I,-5.4326251540750015,248,True,mild,sensitive,248,-2.8235978698462167,True
E248K,-3.829698389276581,248,True,mild,sensitive,248,-1.9904793552714815,True
E248L,-6.303356080277951,248,True,impactful,sensitive,248,-3.276158817584657,True
E248M,-6.303356080277951,248,True,impactful,sensitive,248,-3.276158817584657,True
E248N,-3.25994302679955,248,True,neutral,sensitive,248,-1.6943499551753096,True
E248P,-5.16951720056132,248,True,mild,sensitive,248,-2.686847949501801,True
E248Q,-1.7700793474395702,248,True,neutral,sensitive,248,-0.9199957908268653,True
E248R,-4.68599324507715,248,True,mild,sensitive,248,-2.435537179477363,True
E248S,-3.18678510396033,248,True,neutral,sensitive,248,-1.6563262467042312,True
E248T,-4.69104295537358,248,True,mild,sensitive,248,-2.4381617579881114,True
E248V,-5.443950996220042,248,True,mild,sensitive,248,-2.829484457425513,True
E248W,-6.87528593684054,248,True,impactful,sensitive,248,-3.5734184073577975,True
E248Y,-6.87528593684054,248,True,impactful,sensitive,248,-3.5734184073577975,True
L249A,-6.433392861712309,249,True,impactful,sensitive,249,-3.6117624519552414,True
L249C,-6.433392861712309,249,True,impactful,sensitive,249,-3.6117624519552414,True
L249D,-6.8204119987643095,249,True,impactful,sensitive,249,-3.82903834625225,True
L249E,-6.8204119987643095,249,True,impactful,sensitive,249,-3.82903834625225,True
L249F,-3.10472601957162,249,True,neutral,sensitive,249,-1.7430200676587693,True
L249G,-6.8204119987643095,249,True,impactful,sensitive,249,-3.82903834625225,True
L249H,-6.8204119987643095,249,True,impactful,sensitive,249,-3.82903834625225,True
L249I,-2.36228751250594,249,True,neutral,sensitive,249,-1.3262086618663023,True
L249K,-6.8204119987643095,249,True,impactful,sensitive,249,-3.82903834625225,True
L249L,0.0,249,True,neutral,sensitive,249,0.0,True
L249M,-1.3920212757590402,249,True,neutral,sensitive,249,-0.781492796131088,True
L249N,-6.8204119987643095,249,True,impactful,sensitive,249,-3.82903834625225,True
L249P,-5.10698928051142,249,True,mild,sensitive,249,-2.86710799765766,True
L249Q,-6.8204119987643095,249,True,impactful,sensitive,249,-3.82903834625225,True
L249R,-6.8204119987643095,249,True,impactful,sensitive,249,-3.82903834625225,True
L249S,-6.433392861712309,249,True,impactful,sensitive,249,-3.6117624519552414,True
L249T,-6.433392861712309,249,True,impactful,sensitive,249,-3.6117624519552414,True
L249V,-4.10033530951126,249,True,mild,sensitive,249,-2.3019637428728963,True
L249W,-5.49541642200778,249,True,mild,sensitive,249,-3.085174357840032,True
L249Y,-5.26156054903671,249,True,mild,sensitive,249,-2.9538856460635654,True
W250A,-2.4489831471918704,250,True,neutral,tolerant,250,-1.1046899872481122,True
W250C,-2.73987442768468,250,True,neutral,tolerant,250,-1.2359055431030634,True
W250D,-4.9555840167590715,250,True,mild,tolerant,250,-2.2353702395043986,True
W250E,-4.9555840167590715,250,True,mild,tolerant,250,-2.2353702395043986,True
W250F,-1.33288920842049,250,True,neutral,tolerant,250,-0.601241116886223,True
W250G,-6.73726025335745,250,True,impactful,tolerant,250,-3.0390506982061933,True
W250H,-2.2861182631184302,250,True,neutral,tolerant,250,-1.0312247178294338,True
W250I,-5.83901498837442,250,True,impactful,tolerant,250,-2.6338692450559003,True
W250K,-6.1736350964230295,250,True,impactful,tolerant,250,-2.7848100481059506,True
W250L,-3.0856909202108103,250,True,neutral,tolerant,250,-1.3918968234664753,True
W250M,-5.83901498837442,250,True,impactful,tolerant,250,-2.6338692450559003,True
W250N,-2.6436564690158,250,True,neutral,tolerant,250,-1.192503441436156,True
W250P,-6.73726025335745,250,True,impactful,tolerant,250,-3.0390506982061933,True
W250Q,-2.5790091929452204,250,True,neutral,tolerant,250,-1.1633422776854285,True
W250R,-2.7330335379202904,250,True,neutral,tolerant,250,-1.232819747092072,True
W250S,-2.28175243563906,250,True,neutral,tolerant,250,-1.0292553756116063,True
W250T,-2.43263689543094,250,True,neutral,tolerant,250,-1.097316502187571,True
W250V,-3.72671294864136,250,True,mild,tolerant,250,-1.6810497387181307,True
W250W,0.0,250,True,neutral,tolerant,250,0.0,True
W250Y,-1.52818099032361,250,True,neutral,tolerant,250,-0.6893335467208642,True
Q251A,-3.34905237490333,251,True,neutral,tolerant,251,-2.2165337409044117,True
Q251C,-4.70673228520332,251,True,mild,tolerant,251,-3.115099362952908,True
Q251D,-1.1623844167231,251,True,neutral,tolerant,251,-0.7693114323548358,True
Q251E,-0.647877238045641,251,True,neutral,tolerant,251,-0.4287904748379977,True
Q251F,-5.960759504580469,251,True,impactful,tolerant,251,-3.9450635834563936,True
Q251G,-3.94107699333811,251,True,mild,tolerant,251,-2.608358769393143,True
Q251H,-2.99315758253012,251,True,neutral,tolerant,251,-1.9809886591317927,True
Q251I,-5.19332093485995,251,True,mild,tolerant,251,-3.437142746922431,True
Q251K,-1.84606875278948,251,True,neutral,tolerant,251,-1.2218004439853882,True
Q251L,-2.9517283459782795,251,True,neutral,tolerant,251,-1.9535691713491579,True
Q251M,-5.19332093485995,251,True,mild,tolerant,251,-3.437142746922431,True
Q251N,-1.0607737743004302,251,True,neutral,tolerant,251,-0.702061538309413,True
Q251P,-5.960759504580469,251,True,impactful,tolerant,251,-3.9450635834563936,True
Q251Q,0.0,251,True,neutral,tolerant,251,0.0,True
Q251R,-2.4892547974213,251,True,neutral,tolerant,251,-1.6474861036927648,True
Q251S,-2.11158771063223,251,True,neutral,tolerant,251,-1.3975312666259927,True
Q251T,-2.38102982087756,251,True,neutral,tolerant,251,-1.5758585848413427,True
Q251V,-2.96255637768492,251,True,neutral,tolerant,251,-1.960735585886358,True
Q251W,-5.960759504580469,251,True,impactful,tolerant,251,-3.9450635834563936,True
Q251Y,-5.960759504580469,251,True,impactful,tolerant,251,-3.9450635834563936,True
S252A,-1.3582100471108702,252,True,neutral,tolerant,252,-0.8636749111501876,True
S252C,-1.30066807169511,252,True,neutral,tolerant,252,-0.8270844289855712,True
S252D,-2.4502906742481403,252,True,neutral,tolerant,252,-1.5581202516319235,True
S252E,-2.34378717554238,252,True,neutral,tolerant,252,-1.4903955282155807,True
S252F,-3.48068519823844,252,True,neutral,tolerant,252,-2.2133398922537673,True
S252G,-2.86166204916954,252,True,neutral,tolerant,252,-1.8197080203579252,True
S252H,-2.8403037875868704,252,True,neutral,tolerant,252,-1.806126472559797,True
S252I,-2.80363913283513,252,True,neutral,tolerant,252,-1.7828117117078792,True
S252K,-2.05855250410308,252,True,neutral,tolerant,252,-1.30901708087136,True
S252L,-1.59745205269983,252,True,neutral,tolerant,252,-1.0158069899549105,True
S252M,-2.0752111566956,252,True,neutral,tolerant,252,-1.3196101848822834,True
S252N,-0.8819467480640021,252,True,neutral,tolerant,252,-0.5608228866320523,True
S252P,-3.5272528453607297,252,True,neutral,tolerant,252,-2.2429518867875804,True
S252Q,-1.95177703793242,252,True,neutral,tolerant,252,-1.2411194155182508,True
S252R,-1.80921706301896,252,True,neutral,tolerant,252,-1.1504666671242427,True
S252S,0.0,252,True,neutral,tolerant,252,0.0,True
S252T,-0.258710571407763,252,True,neutral,tolerant,252,-0.16451198417322155,True
S252V,-1.75183034669092,252,True,neutral,tolerant,252,-1.1139749129723349,True
S252W,-0.6457851073272671,252,True,neutral,tolerant,252,-0.41064958721179523,True
S252Y,-1.74452562078622,252,True,neutral,tolerant,252,-1.1093298961650022,True
I253A,-4.21124677788952,253,True,mild,sensitive,253,-2.1231157471400266,True
I253C,-4.16827263776557,253,True,mild,sensitive,253,-2.1014501743467164,True
I253D,-5.854728276519741,253,True,impactful,sensitive,253,-2.951683065539683,True
I253E,-5.854728276519741,253,True,impactful,sensitive,253,-2.951683065539683,True
I253F,-4.41269004966316,253,True,mild,sensitive,253,-2.2246741228456557,True
I253G,-6.60398185739139,253,True,impactful,sensitive,253,-3.329422048802702,True
I253H,-5.854728276519741,253,True,impactful,sensitive,253,-2.951683065539683,True
I253I,0.0,253,True,neutral,sensitive,253,0.0,True
I253K,-4.05186828301875,253,True,mild,sensitive,253,-2.0427644853730333,True
I253L,-1.1834908994915,253,True,neutral,sensitive,253,-0.5966613446877033,True
I253M,-0.996245632775494,253,True,neutral,sensitive,253,-0.5022609461099174,True
I253N,-5.854728276519741,253,True,impactful,sensitive,253,-2.951683065539683,True
I253P,-6.60398185739139,253,True,impactful,sensitive,253,-3.329422048802702,True
I253Q,-3.37971508908078,253,True,neutral,sensitive,253,-1.703895949329809,True
I253R,-6.36761866882045,253,True,impactful,sensitive,253,-3.210258666990468,True
I253S,-5.72933412649701,253,True,mild,sensitive,253,-2.8884651377966977,True
I253T,-5.72933412649701,253,True,mild,sensitive,253,-2.8884651377966977,True
I253V,-0.919706392415718,253,True,neutral,sensitive,253,-0.46367340302525073,True
I253W,-6.13125548024951,253,True,impactful,sensitive,253,-3.091095285178233,True
I253Y,-6.13125548024951,253,True,impactful,sensitive,253,-3.091095285178233,True
H254A,-1.9361447568838603,254,True,neutral,tolerant,254,-1.1340044382238432,True
H254C,-1.42570953922725,254,True,neutral,tolerant,254,-0.8350413569819426,True
H254D,-3.45132118194697,254,True,neutral,tolerant,254,-2.0214467560591567,True
H254E,-2.6901097156703,254,True,neutral,tolerant,254,-1.575603449087661,True
H254F,-0.857549675180663,254,True,neutral,tolerant,254,-0.5022688175534079,True
H254G,-3.85512843049078,254,True,mild,tolerant,254,-2.257957590493169,True
H254H,0.0,254,True,neutral,tolerant,254,0.0,True
H254I,-1.58890994241732,254,True,neutral,tolerant,254,-0.9306282085742389,True
H254K,-1.3307091982798602,254,True,neutral,tolerant,254,-0.7793994387399893,True
H254L,-0.9143914869145532,254,True,neutral,tolerant,254,-0.5355611974510036,True
H254M,-0.924445045015953,254,True,neutral,tolerant,254,-0.5414495895592868,True
H254N,-1.14920757936134,254,True,neutral,tolerant,254,-0.6730935229934422,True
H254P,-5.22642393055391,254,True,mild,tolerant,254,-3.061128519556741,True
H254Q,-1.02911648538774,254,True,neutral,tolerant,254,-0.6027558929825534,True
H254R,-0.8288082012245721,254,True,neutral,tolerant,254,-0.48543487013732783,True
H254S,-1.56368361217568,254,True,neutral,tolerant,254,-0.9158530889183297,True
H254T,-1.4565151520252202,254,True,neutral,tolerant,254,-0.8530842752662797,True
H254V,-1.27400320187886,254,True,neutral,tolerant,254,-0.7461866061953115,True
H254W,-0.941121111685805,254,True,neutral,tolerant,254,-0.5512168001712479,True
H254Y,0.0243190455035627,254,True,neutral,tolerant,254,0.014243720897601233,True
N255A,-1.74134436369594,255,True,neutral,tolerant,255,-1.0871255428452318,True
N255C,-3.973207054032221,255,True,mild,tolerant,255,-2.4804828760484607,True
N255D,-0.144245171799987,255,True,neutral,tolerant,255,-0.09005261335158056,True
N255E,-0.7466004875425379,255,True,neutral,tolerant,255,-0.46610450938348685,True
N255F,-3.7445903316847495,255,True,mild,tolerant,255,-2.3377568974499567,True
N255G,-2.06116732580443,255,True,neutral,tolerant,255,-1.28679179987357,True
N255H,-1.20882986561938,255,True,neutral,tolerant,255,-0.7546754400030112,True
N255I,-4.635747668278969,255,True,mild,tolerant,255,-2.8941086010551293,True
N255K,-1.58246324319036,255,True,neutral,tolerant,255,-0.9879356709402355,True
N255L,-2.44954832634395,255,True,neutral,tolerant,255,-1.5292590078795478,True
N255M,-2.46234906283954,255,True,neutral,tolerant,255,-1.5372505389642153,True
N255N,0.0,255,True,neutral,tolerant,255,0.0,True
N255P,-5.74608446767385,255,True,impactful,tolerant,255,-3.587294579055037,True
N255Q,-0.8917713106990971,255,True,neutral,tolerant,255,-0.5567350091396629,True
N255R,-1.80787452569099,255,True,neutral,tolerant,255,-1.1286604856068916,True
N255S,-1.06071536229504,255,True,neutral,tolerant,255,-0.662207193522477,True
N255T,-1.66025952435078,255,True,neutral,tolerant,255,-1.0365040794360463,True
N255V,-3.6094957185071497,255,True,mild,tolerant,255,-2.2534170002142084,True
N255W,-5.25481963928247,255,True,mild,tolerant,255,-3.2805967458290968,True
N255Y,-5.25481963928247,255,True,mild,tolerant,255,-3.2805967458290968,True
L256A,-6.506168328416281,256,True,impactful,sensitive,256,-3.1406245183427406,True
L256C,-6.506168328416281,256,True,impactful,sensitive,256,-3.1406245183427406,True
L256D,-7.2327711780735395,256,True,impactful,sensitive,256,-3.491366554137374,True
L256E,-7.2327711780735395,256,True,impactful,sensitive,256,-3.491366554137374,True
L256F,-6.33739708321062,256,True,impactful,sensitive,256,-3.059156120365839,True
L256G,-7.2327711780735395,256,True,impactful,sensitive,256,-3.491366554137374,True
L256H,-7.2327711780735395,256,True,impactful,sensitive,256,-3.491366554137374,True
L256I,-2.68383197973485,256,True,neutral,sensitive,256,-1.2955257369923223,True
L256K,-7.2327711780735395,256,True,impactful,sensitive,256,-3.491366554137374,True
L256L,0.0,256,True,neutral,sensitive,256,0.0,True
L256M,-4.3461598858053305,256,True,mild,sensitive,256,-2.097956217699102,True
L256N,-7.2327711780735395,256,True,impactful,sensitive,256,-3.491366554137374,True
L256P,-5.2859283347097,256,True,mild,sensitive,256,-2.5515964684905272,True
L256Q,-7.2327711780735395,256,True,impactful,sensitive,256,-3.491366554137374,True
L256R,-7.2327711780735395,256,True,impactful,sensitive,256,-3.491366554137374,True
L256S,-4.66525493650738,256,True,mild,sensitive,256,-2.2519881592859283,True
L256T,-6.506168328416281,256,True,impactful,sensitive,256,-3.1406245183427406,True
L256V,-2.81261823875283,256,True,neutral,sensitive,256,-1.3576927855961758,True
L256W,-6.33739708321062,256,True,impactful,sensitive,256,-3.059156120365839,True
L256Y,-4.07382613998417,256,True,mild,sensitive,256,-1.9664966556151537,True
E257A,-4.273614939383241,257,True,mild,sensitive,257,-2.268179339779654,True
E257C,-6.801517941174519,257,True,impactful,sensitive,257,-3.6098391390261977,True
E257D,-3.86750725165757,257,True,mild,sensitive,257,-2.0526416556199325,True
E257E,0.0,257,True,neutral,sensitive,257,0.0,True
E257F,-6.801517941174519,257,True,impactful,sensitive,257,-3.6098391390261977,True
E257G,-7.21046537950834,257,True,impactful,sensitive,257,-3.8268839930528573,True
E257H,-1.489139051776,257,True,neutral,sensitive,257,-0.7903459902695026,True
E257I,-4.98936684112231,257,True,mild,sensitive,257,-2.6480576626888417,True
E257K,-4.9903563026969415,257,True,mild,sensitive,257,-2.6485828097441844,True
E257L,-4.60121962777803,257,True,mild,sensitive,257,-2.4420523246815766,True
E257M,-6.43641406003343,257,True,impactful,sensitive,257,-3.416063824257877,True
E257N,-3.0510212169675897,257,True,neutral,sensitive,257,-1.619299676669977,True
E257P,-7.21046537950834,257,True,impactful,sensitive,257,-3.8268839930528573,True
E257Q,-1.4724971479319298,257,True,neutral,sensitive,257,-0.7815134625361624,True
E257R,-5.7562536914242015,257,True,impactful,sensitive,257,-3.055075359527592,True
E257S,-6.801517941174519,257,True,impactful,sensitive,257,-3.6098391390261977,True
E257T,-6.801517941174519,257,True,impactful,sensitive,257,-3.6098391390261977,True
E257V,-5.1624870648942505,257,True,mild,sensitive,257,-2.7399395286096433,True
E257W,-6.801517941174519,257,True,impactful,sensitive,257,-3.6098391390261977,True
E257Y,-4.18679837624279,257,True,mild,sensitive,257,-2.222102297823632,True
A258A,0.0,258,True,neutral,sensitive,258,0.0,True
A258C,-3.99604609532589,258,True,mild,sensitive,258,-2.5116620983808624,True
A258D,-2.49736491582663,258,True,neutral,sensitive,258,-1.5696857982305918,True
A258E,-2.57670354323348,258,True,neutral,sensitive,258,-1.6195530466660972,True
A258F,-5.266709683637782,258,True,mild,sensitive,258,-3.3103209472586625,True
A258G,-2.62024352120556,258,True,neutral,sensitive,258,-1.6469195258878269,True
A258H,-5.05272830940179,258,True,mild,sensitive,258,-3.1758257751292325,True
A258I,-2.8635560345718503,258,True,neutral,sensitive,258,-1.7998503988821886,True
A258K,-4.67446031126971,258,True,mild,sensitive,258,-2.938070411133296,True
A258L,-5.35685198835517,258,True,mild,sensitive,258,-3.366978704656453,True
A258M,-3.40734339758734,258,True,neutral,sensitive,258,-2.141640777842543,True
A258N,-2.58758204755063,258,True,neutral,sensitive,258,-1.626390587157038,True
A258P,-6.62331808254157,258,True,impactful,sensitive,258,-4.162999273931947,True
A258Q,-2.9819243794156303,258,True,neutral,sensitive,258,-1.8742492617331319,True
A258R,-6.24614251159603,258,True,impactful,sensitive,258,-3.92593054064402,True
A258S,-1.28846311698461,258,True,neutral,sensitive,258,-0.8098465079962976,True
A258T,-1.38437301489471,258,True,neutral,sensitive,258,-0.8701294100684597,True
A258V,-4.52481337057299,258,True,mild,sensitive,258,-2.844011799165271,True
A258W,-6.24614251159603,258,True,impactful,sensitive,258,-3.92593054064402,True
A258Y,-6.24614251159603,258,True,impactful,sensitive,258,-3.92593054064402,True
E259A,-4.4605257960492,259,True,mild,sensitive,259,-2.058850883336105,True
E259C,-5.69848150321028,259,True,mild,sensitive,259,-2.630255761988991,True
E259D,-1.34269055665518,259,True,neutral,sensitive,259,-0.619747483820195,True
E259E,0.0,259,True,neutral,sensitive,259,0.0,True
E259F,-6.70016873962677,259,True,impactful,sensitive,259,-3.092605885229898,True
E259G,-6.70016873962677,259,True,impactful,sensitive,259,-3.092605885229898,True
E259H,-4.03375782009828,259,True,mild,sensitive,259,-1.8618670154153418,True
E259I,-2.66191055950922,259,True,neutral,sensitive,259,-1.2286616325953006,True
E259K,-3.90625187711484,259,True,mild,sensitive,259,-1.8030139260386195,True
E259L,-2.7654579891635493,259,True,neutral,sensitive,259,-1.2764561587921508,True
E259M,-2.69909273607287,259,True,neutral,sensitive,259,-1.24582385977718,True
E259N,-1.6041720290896202,259,True,neutral,sensitive,259,-0.7404398382898192,True
E259P,-6.70016873962677,259,True,impactful,sensitive,259,-3.092605885229898,True
E259Q,-1.6476141351786,259,True,neutral,sensitive,259,-0.7604914695514289,True
E259R,-6.02579411837016,259,True,impactful,sensitive,259,-2.7813338854348526,True
E259S,-4.08125537385386,259,True,mild,sensitive,259,-1.883790525103952,True
E259T,-3.469393817616,259,True,neutral,sensitive,259,-1.6013727647010194,True
E259V,-5.19930979321714,259,True,mild,sensitive,259,-2.3998524052891943,True
E259W,-6.70016873962677,259,True,impactful,sensitive,259,-3.092605885229898,True
E259Y,-6.70016873962677,259,True,impactful,sensitive,259,-3.092605885229898,True
K260A,-6.48603986275816,260,True,impactful,sensitive,260,-3.447153263456583,True
K260C,-6.48603986275816,260,True,impactful,sensitive,260,-3.447153263456583,True
K260D,-6.4363234546562005,260,True,impactful,sensitive,260,-3.420730348694673,True
K260E,-5.21216579867721,260,True,mild,sensitive,260,-2.770123946624418,True
K260F,-4.69470345612698,260,True,mild,sensitive,260,-2.4951068266896397,True
K260G,-7.21054112945444,260,True,impactful,sensitive,260,-3.83220592405008,True
K260H,-6.4363234546562005,260,True,impactful,sensitive,260,-3.420730348694673,True
K260I,-6.48603986275816,260,True,impactful,sensitive,260,-3.447153263456583,True
K260K,0.0,260,True,neutral,sensitive,260,0.0,True
K260L,-5.0825241432491115,260,True,mild,sensitive,260,-2.701222943077572,True
K260M,-6.48603986275816,260,True,impactful,sensitive,260,-3.447153263456583,True
K260N,-4.7318823593937696,260,True,mild,sensitive,260,-2.5148663996246956,True
K260P,-7.21054112945444,260,True,impactful,sensitive,260,-3.83220592405008,True
K260Q,-6.4363234546562005,260,True,impactful,sensitive,260,-3.420730348694673,True
K260R,-1.64841646648011,260,True,neutral,sensitive,260,-0.8760883870895743,True
K260S,-3.8488534010291295,260,True,mild,sensitive,260,-2.045560595164389,True
K260T,-6.48603986275816,260,True,impactful,sensitive,260,-3.447153263456583,True
K260V,-6.48603986275816,260,True,impactful,sensitive,260,-3.447153263456583,True
K260W,-6.02796706936563,260,True,impactful,sensitive,260,-3.2037000688947708,True
K260Y,-6.69439601292228,260,True,impactful,sensitive,260,-3.557888873813142,True
F261A,-5.0794481780695,261,True,mild,sensitive,261,-2.6513728886270793,True
F261C,-4.69371737280876,261,True,mild,sensitive,261,-2.4500289308735206,True
F261D,-6.51856135497793,261,True,impactful,sensitive,261,-3.4025619011255137,True
F261E,-6.51856135497793,261,True,impactful,sensitive,261,-3.4025619011255137,True
F261F,0.0,261,True,neutral,sensitive,261,0.0,True
F261G,-6.91059016406626,261,True,impactful,sensitive,261,-3.607193294052255,True
F261H,-5.87554625660293,261,True,impactful,sensitive,261,-3.0669205599715412,True
F261I,-3.98619707153449,261,True,mild,sensitive,261,-2.080717131798366,True
F261K,-6.91059016406626,261,True,impactful,sensitive,261,-3.607193294052255,True
F261L,-4.04948474389297,261,True,mild,sensitive,261,-2.1137520625217583,True
F261M,-5.99531363534968,261,True,impactful,sensitive,261,-3.1294367959520706,True
F261N,-6.51856135497793,261,True,impactful,sensitive,261,-3.4025619011255137,True
F261P,-6.91059016406626,261,True,impactful,sensitive,261,-3.607193294052255,True
F261Q,-6.51856135497793,261,True,impactful,sensitive,261,-3.4025619011255137,True
F261R,-6.91059016406626,261,True,impactful,sensitive,261,-3.607193294052255,True
F261S,-5.66028622279775,261,True,mild,sensitive,261,-2.954559020365694,True
F261T,-6.168562244333218,261,True,impactful,sensitive,261,-3.219869191115493,True
F261V,-4.60813243613346,261,True,mild,sensitive,261,-2.4053552630220656,True
F261W,-4.15341107030202,261,True,mild,sensitive,261,-2.1679995781171018,True
F261Y,-1.26031147532933,261,True,neutral,sensitive,261,-0.6578580112975534,True
D262A,-4.45900084844568,262,True,mild,sensitive,262,-2.586676262872746,True
D262C,-6.251147086324,262,True,impactful,sensitive,262,-3.6263042626593935,True
D262D,0.0,262,True,neutral,sensitive,262,0.0,True
D262E,-0.994307141601519,262,True,neutral,sensitive,262,-0.5767997738959909,True
D262F,-6.88829675358149,262,True,impactful,sensitive,262,-3.9959161950649937,True
D262G,-6.88829675358149,262,True,impactful,sensitive,262,-3.9959161950649937,True
D262H,-4.13897818798173,262,True,mild,sensitive,262,-2.4010304091178547,True
D262I,-6.49763022373111,262,True,impactful,sensitive,262,-3.7692896762978814,True
D262K,-5.950972908369429,262,True,impactful,sensitive,262,-3.4521725575458846,True
D262L,-6.1751760980291985,262,True,impactful,sensitive,262,-3.582233324176023,True
D262M,-6.49763022373111,262,True,impactful,sensitive,262,-3.7692896762978814,True
D262N,-1.84318932588057,262,True,neutral,sensitive,262,-1.069238208128538,True
D262P,-6.88829675358149,262,True,impactful,sensitive,262,-3.9959161950649937,True
D262Q,-1.6793044431493798,262,True,neutral,sensitive,262,-0.9741682248715887,True
D262R,-4.54192482764572,262,True,mild,sensitive,262,-2.6347806467717687,True
D262S,-6.251147086324,262,True,impactful,sensitive,262,-3.6263042626593935,True
D262T,-3.96391376165489,262,True,mild,sensitive,262,-2.299475147873417,True
D262V,-6.49763022373111,262,True,impactful,sensitive,262,-3.7692896762978814,True
D262W,-6.88829675358149,262,True,impactful,sensitive,262,-3.9959161950649937,True
D262Y,-6.88829675358149,262,True,impactful,sensitive,262,-3.9959161950649937,True
L263A,-3.40507646232915,263,True,neutral,tolerant,263,-1.457252033771904,True
L263C,-3.0137159774492503,263,True,neutral,tolerant,263,-1.289763617920271,True
L263D,-4.52286073815091,263,True,mild,tolerant,263,-1.9356240842325019,True
L263E,-2.2268481389816697,263,True,neutral,tolerant,263,-0.9530120733948245,True
L263F,-1.60570373928764,263,True,neutral,tolerant,263,-0.6871842866375779,True
L263G,-6.3749013343876095,263,True,impactful,tolerant,263,-2.7282318142944453,True
L263H,-2.05428523712089,263,True,neutral,tolerant,263,-0.8791612678483927,True
L263I,-2.61367016964267,263,True,neutral,tolerant,263,-1.118558191705172,True
L263K,-6.3749013343876095,263,True,impactful,tolerant,263,-2.7282318142944453,True
L263L,0.0,263,True,neutral,tolerant,263,0.0,True
L263M,-1.32024550916755,263,True,neutral,tolerant,263,-0.5650182821435448,True
L263N,-2.2756832377856298,263,True,neutral,tolerant,263,-0.9739117647347495,True
L263P,-4.47895462687646,263,True,mild,tolerant,263,-1.916833824848446,True
L263Q,-2.59542927079321,263,True,neutral,tolerant,263,-1.1107517335418151,True
L263R,-6.3749013343876095,263,True,impactful,tolerant,263,-2.7282318142944453,True
L263S,-3.2595065967037,263,True,neutral,tolerant,263,-1.394953290972605,True
L263T,-5.3033887049475,263,True,mild,tolerant,263,-2.26966238839797,True
L263V,-2.65337240026599,263,True,neutral,tolerant,263,-1.135549339176069,True
L263W,-3.56705600578857,263,True,mild,tolerant,263,-1.526573537047112,True
L263Y,-1.73906255784052,263,True,neutral,tolerant,263,-0.7442571341074029,True
Q264A,-1.72112972211965,264,True,neutral,tolerant,264,-0.9981528179040503,True
Q264C,-1.72533488803202,264,True,neutral,tolerant,264,-1.0005915638923637,True
Q264D,-2.58002660456819,264,True,neutral,tolerant,264,-1.496261898519541,True
Q264E,-1.70782547703449,264,True,neutral,tolerant,264,-0.9904371474631936,True
Q264F,-6.07619785885157,264,True,impactful,tolerant,264,-3.523833175971163,True
Q264G,-1.86272294709623,264,True,neutral,tolerant,264,-1.0802684624659484,True
Q264H,-1.5309824940565802,264,True,neutral,tolerant,264,-0.8878787409018504,True
Q264I,-1.76383478046866,264,True,neutral,tolerant,264,-1.0229192104554061,True
Q264K,-3.18302499875776,264,True,neutral,tolerant,264,-1.8459650839428272,True
Q264L,-1.59948109289305,264,True,neutral,tolerant,264,-0.9276038520148572,True
Q264M,-1.62126898910012,264,True,neutral,tolerant,264,-0.9402395352616171,True
Q264N,-1.3841200390379098,264,True,neutral,tolerant,264,-0.8027072564766911,True
Q264P,-6.31009344345972,264,True,impactful,tolerant,264,-3.659478696393888,True
Q264Q,0.0,264,True,neutral,tolerant,264,0.0,True
Q264R,-3.8099071932350896,264,True,mild,tolerant,264,-2.2095194522566888,True
Q264S,-1.5971916618932802,264,True,neutral,tolerant,264,-0.9262761182743678,True
Q264T,-1.63118325256558,264,True,neutral,tolerant,264,-0.9459892180939516,True
Q264V,-2.01447345543031,264,True,neutral,tolerant,264,-1.1682747269359453,True
Q264W,-6.07619785885157,264,True,impactful,tolerant,264,-3.523833175971163,True
Q264Y,-6.07619785885157,264,True,impactful,tolerant,264,-3.523833175971163,True
E265A,-2.45983296111121,265,True,neutral,tolerant,265,-1.4607893567467132,True
E265C,-2.56362124966919,265,True,neutral,tolerant,265,-1.5224247725157432,True
E265D,-0.832856394277336,265,True,neutral,tolerant,265,-0.4945977128093993,True
E265E,0.0,265,True,neutral,tolerant,265,0.0,True
E265F,-2.19112132864219,265,True,neutral,tolerant,265,-1.3012130363418282,True
E265G,-6.59347803798573,265,True,impactful,tolerant,265,-3.9155839823699727,True
E265H,-1.4546061794196,265,True,neutral,tolerant,265,-0.8638282593767085,True
E265I,-3.2964913046308,265,True,neutral,tolerant,265,-1.9576448842434426,True
E265K,-3.07880349331961,265,True,neutral,tolerant,265,-1.8283694241271502,True
E265L,-4.02124399663487,265,True,mild,tolerant,265,-2.388044442055209,True
E265M,-4.36961086938391,265,True,mild,tolerant,265,-2.594924595301488,True
E265N,-3.99185590368451,265,True,mild,tolerant,265,-2.3705921133501024,True
E265P,-6.59347803798573,265,True,impactful,tolerant,265,-3.9155839823699727,True
E265Q,-1.39189545917439,265,True,neutral,tolerant,265,-0.8265870506701056,True
E265R,-3.82606333347861,265,True,mild,tolerant,265,-2.2721350124764506,True
E265S,-2.82915584697066,265,True,neutral,tolerant,265,-1.6801143879158007,True
E265T,-3.21538768773202,265,True,neutral,tolerant,265,-1.9094809226117224,True
E265V,-3.3165621941412904,265,True,neutral,tolerant,265,-1.969564125200405,True
E265W,-4.7921583431028605,265,True,mild,tolerant,265,-2.84585742776911,True
E265Y,-1.80227429342622,265,True,neutral,tolerant,265,-1.0702934497576224,True
K266A,-2.64103227668086,266,True,neutral,tolerant,266,-1.3615411914746307,True
K266C,-2.7465073561712097,266,True,neutral,tolerant,266,-1.4159171514612514,True
K266D,-4.0028428438236805,266,True,mild,tolerant,266,-2.0636004576645206,True
K266E,-1.71621275171467,266,True,neutral,tolerant,266,-0.88476554240761,True
K266F,-4.86512604492897,266,True,mild,tolerant,266,-2.508136523121824,True
K266G,-5.320858904392769,266,True,mild,tolerant,266,-2.743082179010702,True
K266H,-1.94194205772574,266,True,neutral,tolerant,266,-1.0011366110123852,True
K266I,-4.93002806703354,266,True,mild,tolerant,266,-2.5415957039450228,True
K266K,0.0,266,True,neutral,tolerant,266,0.0,True
K266L,-2.5394922235623,266,True,neutral,tolerant,266,-1.3091938702676404,True
K266M,-2.81546971458398,266,True,neutral,tolerant,266,-1.4514695725616202,True
K266N,-1.85498297277702,266,True,neutral,tolerant,266,-0.9563062705519414,True
K266P,-6.28106542536707,266,True,impactful,tolerant,266,-3.238101017732392,True
K266Q,-1.63950164845111,266,True,neutral,tolerant,266,-0.8452183820570885,True
K266R,-0.274919834086444,266,True,neutral,tolerant,266,-0.14173044448078004,True
K266S,-2.67790342574735,266,True,neutral,tolerant,266,-1.3805495120749827,True
K266T,-2.36185677003286,266,True,neutral,tolerant,266,-1.2176168042915416,True
K266V,-3.04258015113253,266,True,neutral,tolerant,266,-1.5685526605287432,True
K266W,-5.56107887586554,266,True,mild,tolerant,266,-2.866923674271065,True
K266Y,-3.2878251281838,266,True,neutral,tolerant,266,-1.694984715602754,True
F267A,-1.96288111566288,267,True,neutral,tolerant,267,-1.0847791215605467,True
F267C,-1.93994421593443,267,True,neutral,tolerant,267,-1.0721031272070385,True
F267D,-3.69266008679353,267,True,mild,tolerant,267,-2.040735189314211,True
F267E,-2.8284603030562003,267,True,neutral,tolerant,267,-1.5631383166483872,True
F267F,0.0,267,True,neutral,tolerant,267,0.0,True
F267G,-4.27773362042693,267,True,mild,tolerant,267,-2.364073953337538,True
F267H,-1.11171279460546,267,True,neutral,tolerant,267,-0.6143840394289332,True
F267I,-0.6913697309492421,267,True,neutral,tolerant,267,-0.3820829715198494,True
F267K,-3.2750384197595204,267,True,neutral,tolerant,267,-1.8099380913672918,True
F267L,-0.699737270021581,267,True,neutral,tolerant,267,-0.3867072616065417,True
F267M,-0.7278979829346959,267,True,neutral,tolerant,267,-0.4022701773494501,True
F267N,-2.08518142004004,267,True,neutral,tolerant,267,-1.1523679407153122,True
F267P,-4.77375115431692,267,True,mild,tolerant,267,-2.638196242455441,True
F267Q,-1.29178527964321,267,True,neutral,tolerant,267,-0.71390044446119,True
F267R,-3.2251777912381696,267,True,neutral,tolerant,267,-1.782382796053555,True
F267S,-3.03589924667305,267,True,neutral,tolerant,267,-1.6777786956497112,True
F267T,-2.02200218930583,267,True,neutral,tolerant,267,-1.1174521682470535,True
F267V,-1.86728174949342,267,True,neutral,tolerant,267,-1.031946478958027,True
F267W,-3.84519919623634,267,True,mild,tolerant,267,-2.1250353742946544,True
F267Y,-1.33495936011743,267,True,neutral,tolerant,267,-0.7377604432748178,True
K268A,-1.85303838817328,268,True,neutral,tolerant,268,-1.0857081477310775,True
K268C,-4.696675531468362,268,True,mild,tolerant,268,-2.751815032170588,True
K268D,-3.10213144953421,268,True,neutral,tolerant,268,-1.81756050580921,True
K268E,-3.12395220752866,268,True,neutral,tolerant,268,-1.8303454404848467,True
K268F,-6.5426312488793705,268,True,impactful,tolerant,268,-3.8333733935813323,True
K268G,-3.2871639803777795,268,True,neutral,tolerant,268,-1.9259723593435576,True
K268H,-5.02746913634691,268,True,mild,tolerant,268,-2.9456293181163957,True
K268I,-2.2799097980508902,268,True,neutral,tolerant,268,-1.3358150913840092,True
K268K,0.0,268,True,neutral,tolerant,268,0.0,True
K268L,-3.77837643763237,268,True,mild,tolerant,268,-2.213777172515319,True
K268M,-2.1909350473710703,268,True,neutral,tolerant,268,-1.283684162865766,True
K268N,-2.62528397953082,268,True,neutral,tolerant,268,-1.5381722391052508,True
K268P,-6.5426312488793705,268,True,impactful,tolerant,268,-3.8333733935813323,True
K268Q,-2.42081434161546,268,True,neutral,tolerant,268,-1.4183720486368971,True
K268R,-1.43892078264468,268,True,neutral,tolerant,268,-0.843073747218463,True
K268S,-1.9115309941045704,268,True,neutral,tolerant,268,-1.1199793745156608,True
K268T,-1.8443474791081005,268,True,neutral,tolerant,268,-1.0806160833445664,True
K268V,-2.56326745240375,268,True,neutral,tolerant,268,-1.5018363222534576,True
K268W,-6.5426312488793705,268,True,impactful,tolerant,268,-3.8333733935813323,True
K268Y,-6.5426312488793705,268,True,impactful,tolerant,268,-3.8333733935813323,True
Q269A,-3.0012612884345096,269,True,neutral,tolerant,269,-1.701415980415185,True
Q269C,-1.6764573363948998,269,True,neutral,tolerant,269,-0.9503841980097558,True
Q269D,-2.38805933916075,269,True,neutral,tolerant,269,-1.3537916000466503,True
Q269E,-2.54413996191123,269,True,neutral,tolerant,269,-1.4422737548007734,True
Q269F,-3.8439952764366,269,True,mild,tolerant,269,-2.179162146652408,True
Q269G,-2.49861029797255,269,True,neutral,tolerant,269,-1.4164629738112215,True
Q269H,-1.21891024666583,269,True,neutral,tolerant,269,-0.6910006070983619,True
Q269I,-2.14559441291551,269,True,neutral,tolerant,269,-1.2163381561250706,True
Q269K,-0.466941455648681,269,True,neutral,tolerant,269,-0.2647092599436399,True
Q269L,-1.90436552655756,269,True,neutral,tolerant,269,-1.0795854236093159,True
Q269M,-2.23656810022447,269,True,neutral,tolerant,269,-1.267911168438669,True
Q269N,-2.7629431555543,269,True,neutral,tolerant,269,-1.566313354973133,True
Q269P,-4.87506483941688,269,True,mild,tolerant,269,-2.763675810335919,True
Q269Q,0.0,269,True,neutral,tolerant,269,0.0,True
Q269R,-0.15421838123288198,269,True,neutral,tolerant,269,-0.08742644944461064,True
Q269S,-1.5426871425918098,269,True,neutral,tolerant,269,-0.8745498325325229,True
Q269T,-1.67303694345703,269,True,neutral,tolerant,269,-0.9484451761637684,True
Q269V,-3.126485620931,269,True,neutral,tolerant,269,-1.7724056943955653,True
Q269W,-5.06162419117431,269,True,mild,tolerant,269,-2.869436366272572,True
Q269Y,-3.4666540202424403,269,True,neutral,tolerant,269,-1.9652472683201834,True
Q270A,-4.67537708266027,270,True,mild,sensitive,270,-2.531246766769584,True
Q270C,-6.17601231400514,270,True,impactful,sensitive,270,-3.3436899152655153,True
Q270D,-2.83400290850801,270,True,neutral,sensitive,270,-1.5343277285122792,True
Q270E,-1.8085333449695,270,True,neutral,sensitive,270,-0.9791390300959969,True
Q270F,-7.01203490956942,270,True,impactful,sensitive,270,-3.796312121892815,True
Q270G,-5.25854446213832,270,True,mild,sensitive,270,-2.8469732884364505,True
Q270H,-1.87234721861148,270,True,neutral,sensitive,270,-1.0136878287223947,True
Q270I,-6.0807530968622805,270,True,impactful,sensitive,270,-3.2921166237138815,True
Q270K,-2.64457882627756,270,True,neutral,sensitive,270,-1.431773627053301,True
Q270L,-4.2843500795559715,270,True,mild,sensitive,270,-2.3195449468247915,True
Q270M,-6.0807530968622805,270,True,impactful,sensitive,270,-3.2921166237138815,True
Q270N,-2.81460245934826,270,True,neutral,sensitive,270,-1.5238243352369816,True
Q270P,-7.01203490956942,270,True,impactful,sensitive,270,-3.796312121892815,True
Q270Q,0.0,270,True,neutral,sensitive,270,0.0,True
Q270R,-4.37946438139093,270,True,mild,sensitive,270,-2.371039781302676,True
Q270S,-4.33530835374866,270,True,mild,sensitive,270,-2.347133730469384,True
Q270T,-4.80732815135111,270,True,mild,sensitive,270,-2.6026850080259316,True
Q270V,-4.97259387934453,270,True,mild,sensitive,270,-2.6921597888286684,True
Q270W,-7.01203490956942,270,True,impactful,sensitive,270,-3.796312121892815,True
Q270Y,-7.01203490956942,270,True,impactful,sensitive,270,-3.796312121892815,True
K271A,-5.7768277207998215,271,True,impactful,sensitive,271,-3.790738168541674,True
K271C,-5.7768277207998215,271,True,impactful,sensitive,271,-3.790738168541674,True
K271D,-2.96888618507761,271,True,neutral,sensitive,271,-1.9481747983080904,True
K271E,-3.06244488536051,271,True,neutral,sensitive,271,-2.0095677553603797,True
K271F,-4.5465458055806,271,True,mild,sensitive,271,-2.983430621997365,True
K271G,-4.89904940604275,271,True,mild,sensitive,271,-3.214742497199908,True
K271H,-4.38446348718553,271,True,mild,sensitive,271,-2.8770726586858255,True
K271I,-6.048681285502711,271,True,impactful,sensitive,271,-3.9691277161930407,True
K271K,0.0,271,True,neutral,sensitive,271,0.0,True
K271L,-6.048681285502711,271,True,impactful,sensitive,271,-3.9691277161930407,True
K271M,-6.048681285502711,271,True,impactful,sensitive,271,-3.9691277161930407,True
K271N,-3.0176522842810805,271,True,neutral,sensitive,271,-1.9801749760035212,True
K271P,-4.51769790650729,271,True,mild,sensitive,271,-2.9645007114331823,True
K271Q,-3.10376167584189,271,True,neutral,sensitive,271,-2.0366797175391174,True
K271R,-1.3539163008075903,271,True,neutral,sensitive,271,-0.8884360840470923,True
K271S,-4.48558975160918,271,True,mild,sensitive,271,-2.9434314301292797,True
K271T,-3.6467456733935,271,True,mild,sensitive,271,-2.392984295744757,True
K271V,-4.7006571210596695,271,True,mild,sensitive,271,-3.0845580355235196,True
K271W,-6.434953366198419,271,True,impactful,sensitive,271,-4.222598373533762,True
K271Y,-6.434953366198419,271,True,impactful,sensitive,271,-4.222598373533762,True
Y272A,-6.40169215725915,272,True,impactful,sensitive,272,-2.8981681758150004,True
Y272C,-3.946282622636109,272,True,mild,sensitive,272,-1.7865574333696816,True
Y272D,-4.19205126950977,272,True,mild,sensitive,272,-1.8978215887656384,True
Y272E,-6.08527724427615,272,True,impactful,sensitive,272,-2.7549211079095635,True
Y272F,-2.86291967783075,272,True,neutral,sensitive,272,-1.2960983590557444,True
Y272G,-7.22222370341959,272,True,impactful,sensitive,272,-3.269638461470318,True
Y272H,-4.23761628034845,272,True,mild,sensitive,272,-1.918449738495329,True
Y272I,-6.00552013226084,272,True,impactful,sensitive,272,-2.7188135416349852,True
Y272K,-6.36234632629189,272,True,impactful,sensitive,272,-2.880355567467221,True
Y272L,-3.969172353913141,272,True,mild,sensitive,272,-1.7969200514260384,True
Y272M,-4.681530120203651,272,True,mild,sensitive,272,-2.119418003114758,True
Y272N,-6.08527724427615,272,True,impactful,sensitive,272,-2.7549211079095635,True
Y272P,-7.22222370341959,272,True,impactful,sensitive,272,-3.269638461470318,True
Y272Q,-5.07729032531935,272,True,mild,sensitive,272,-2.2985861985769103,True
Y272R,-4.77431056796871,272,True,mild,sensitive,272,-2.161421481952092,True
Y272S,-4.96993406860838,272,True,mild,sensitive,272,-2.2499839729416853,True
Y272T,-5.97592085409471,272,True,impactful,sensitive,272,-2.705413383692229,True
Y272V,-4.16440953484665,272,True,mild,sensitive,272,-1.8853076481141595,True
Y272W,-3.80331853695658,272,True,mild,sensitive,272,-1.7218348642078596,True
Y272Y,0.0,272,True,neutral,sensitive,272,0.0,True
E273A,-6.146624097443299,273,True,impactful,sensitive,273,-3.804008763165573,True
E273C,-6.146624097443299,273,True,impactful,sensitive,273,-3.804008763165573,True
E273D,-1.20181591987072,273,True,neutral,sensitive,273,-0.7437771073070384,True
E273E,0.0,273,True,neutral,sensitive,273,0.0,True
E273F,-4.71542445023029,273,True,mild,sensitive,273,-2.9182711755843953,True
E273G,-6.70394025776098,273,True,impactful,sensitive,273,-4.148919322863551,True
E273H,-1.66446548652985,273,True,neutral,sensitive,273,-1.0301006204983087,True
E273I,-6.46391725207668,273,True,impactful,sensitive,273,-4.000374430169657,True
E273K,-5.70549572806636,273,True,mild,sensitive,273,-3.5310042396761983,True
E273L,-6.46391725207668,273,True,impactful,sensitive,273,-4.000374430169657,True
E273M,-6.46391725207668,273,True,impactful,sensitive,273,-4.000374430169657,True
E273N,-2.10825880604678,273,True,neutral,sensitive,273,-1.3047544222785328,True
E273P,-6.70394025776098,273,True,impactful,sensitive,273,-4.148919322863551,True
E273Q,-1.59468185940138,273,True,neutral,sensitive,273,-0.9869130878114479,True
E273R,-5.7201016097422315,273,True,mild,sensitive,273,-3.540043494559523,True
E273S,-6.146624097443299,273,True,impactful,sensitive,273,-3.804008763165573,True
E273T,-4.66734759447483,273,True,mild,sensitive,273,-2.888517480271339,True
E273V,-5.01970039493422,273,True,mild,sensitive,273,-3.1065807812678927,True
E273W,-5.15874689930341,273,True,mild,sensitive,273,-3.1926335661336456,True
E273Y,-6.146624097443299,273,True,impactful,sensitive,273,-3.804008763165573,True
I274A,-1.90581881732649,274,True,neutral,tolerant,274,-1.1010198015622417,True
I274C,-2.79572352521987,274,True,neutral,tolerant,274,-1.6151309521009667,True
I274D,-5.11250316397446,274,True,mild,tolerant,274,-2.9535689163683925,True
I274E,-3.3018933192240203,274,True,neutral,tolerant,274,-1.9075527505870593,True
I274F,-2.8477216973824304,274,True,neutral,tolerant,274,-1.6451710674967912,True
I274G,-4.2211178679551,274,True,mild,tolerant,274,-2.438602408106341,True
I274H,-5.11250316397446,274,True,mild,tolerant,274,-2.9535689163683925,True
I274I,0.0,274,True,neutral,tolerant,274,0.0,True
I274K,-3.5366913193587406,274,True,neutral,tolerant,274,-2.0431990382431926,True
I274L,-1.58031750696753,274,True,neutral,tolerant,274,-0.912972866102544,True
I274M,-1.2821256690682,274,True,neutral,tolerant,274,-0.7407030179897178,True
I274N,-5.11250316397446,274,True,mild,tolerant,274,-2.9535689163683925,True
I274P,-3.6946994141039102,274,True,mild,tolerant,274,-2.1344826584593064,True
I274Q,-2.84898703322312,274,True,neutral,tolerant,274,-1.6459020707818672,True
I274R,-3.5503198319265,274,True,mild,tolerant,274,-2.051072432118059,True
I274S,-3.07374659204471,274,True,neutral,tolerant,274,-1.775749001981818,True
I274T,-3.97653695515452,274,True,mild,tolerant,274,-2.2973043866840483,True
I274V,-0.477497677364465,274,True,neutral,tolerant,274,-0.2758574913830279,True
I274W,-4.89311417513845,274,True,mild,tolerant,274,-2.8268246431157986,True
I274Y,-2.71289417214189,274,True,neutral,tolerant,274,-1.5672792061425662,True
N275A,-1.4829216646306798,275,True,neutral,tolerant,275,-0.889250981108703,True
N275C,-1.36926495995119,275,True,neutral,tolerant,275,-0.8210954348270391,True
N275D,-1.68795911015813,275,True,neutral,tolerant,275,-1.0122040365182188,True
N275E,-2.40282287673183,275,True,neutral,tolerant,275,-1.4408802916075558,True
N275F,-4.57677555983363,275,True,mild,tolerant,275,-2.7445159471117404,True
N275G,-1.6007357580406,275,True,neutral,tolerant,275,-0.9598995532160476,True
N275H,-1.3462116483727602,275,True,neutral,tolerant,275,-0.8072712521828204,True
N275I,-1.44187710050317,275,True,neutral,tolerant,275,-0.8646381375647002,True
N275K,-0.9993996918718232,275,True,neutral,tolerant,275,-0.5993014855158169,True
N275L,-1.50876976091703,275,True,neutral,tolerant,275,-0.904751088451294,True
N275M,-1.5319425120434498,275,True,neutral,tolerant,275,-0.9186468943900983,True
N275N,0.0,275,True,neutral,tolerant,275,0.0,True
N275P,-2.85390662945256,275,True,neutral,tolerant,275,-1.7113778365800376,True
N275Q,-1.41297202341476,275,True,neutral,tolerant,275,-0.8473048766292396,True
N275R,-0.9081011779079508,275,True,neutral,tolerant,275,-0.5445532846819179,True
N275S,-0.486792983900369,275,True,neutral,tolerant,275,-0.2919109949331308,True
N275T,-1.2020233961886495,275,True,neutral,tolerant,275,-0.7208071133296042,True
N275V,-1.47786957474975,275,True,neutral,tolerant,275,-0.8862214374784364,True
N275W,-4.57677555983363,275,True,mild,tolerant,275,-2.7445159471117404,True
N275Y,-2.43480447819361,275,True,neutral,tolerant,275,-1.4600584256625317,True
V276A,-1.79307908787608,276,True,neutral,tolerant,276,-1.2344720857242704,True
V276C,-1.26779654350403,276,True,neutral,tolerant,276,-0.872833470601271,True
V276D,-1.6918342369961898,276,True,neutral,tolerant,276,-1.1647685555902005,True
V276E,-1.4211716349835,276,True,neutral,tolerant,276,-0.9784268436750064,True
V276F,-3.08226556254737,276,True,neutral,tolerant,276,-2.1220317739921715,True
V276G,-2.8186170021799906,276,True,neutral,tolerant,276,-1.940518983833853,True
V276H,-1.34092841440967,276,True,neutral,tolerant,276,-0.9231821996786596,True
V276I,-1.17898425527922,276,True,neutral,tolerant,276,-0.8116893239631596,True
V276K,-2.68869818307288,276,True,neutral,tolerant,276,-1.8510744318994696,True
V276L,-0.7237910120269491,276,True,neutral,tolerant,276,-0.49830473529405084,True
V276M,-1.5700951441817002,276,True,neutral,tolerant,276,-1.0809554584228602,True
V276N,-1.29388791571465,276,True,neutral,tolerant,276,-0.8907964655913048,True
V276P,-2.7041511939152203,276,True,neutral,tolerant,276,-1.8617132880738838,True
V276Q,-1.1748658929321698,276,True,neutral,tolerant,276,-0.8088539758791253,True
V276R,-2.42540201048234,276,True,neutral,tolerant,276,-1.6698042483706077,True
V276S,-1.49784956086177,276,True,neutral,tolerant,276,-1.0312169072745327,True
V276T,-1.53564544550917,276,True,neutral,tolerant,276,-1.0572380487110415,True
V276V,0.0,276,True,neutral,tolerant,276,0.0,True
V276W,-4.98444838447063,276,True,mild,tolerant,276,-3.43161795537469,True
V276Y,-2.78007692865929,276,True,neutral,tolerant,276,-1.913985494449723,True
L277A,-2.67769168075237,277,True,neutral,tolerant,277,-1.4389279289117876,True
L277C,-2.81776862122859,277,True,neutral,tolerant,277,-1.5142019506733644,True
L277D,-3.16502366899844,277,True,neutral,tolerant,277,-1.7008085679636855,True
L277E,-2.93381470528349,277,True,neutral,tolerant,277,-1.5765623607936672,True
L277F,-3.14412827016372,277,True,neutral,tolerant,277,-1.6895798767797248,True
L277G,-3.63450311517028,277,True,mild,tolerant,277,-1.9530956748037402,True
L277H,-2.8839825792406897,277,True,neutral,tolerant,277,-1.549783759494846,True
L277I,-1.53858422696718,277,True,neutral,tolerant,277,-0.8267986307311413,True
L277K,-3.6917752068575,277,True,mild,tolerant,277,-1.983872336981957,True
L277L,0.0,277,True,neutral,tolerant,277,0.0,True
L277M,-1.53235081171689,277,True,neutral,tolerant,277,-0.8234489413846716,True
L277N,-3.0688862866880204,277,True,neutral,tolerant,277,-1.6491466214396318,True
L277P,-3.4551716521521096,277,True,neutral,tolerant,277,-1.856727204705289,True
L277Q,-2.783771207356509,277,True,neutral,tolerant,277,-1.4959325477085075,True
L277R,-3.1556228001433504,277,True,neutral,tolerant,277,-1.69575676425945,True
L277S,-2.6969405476813,277,True,neutral,tolerant,277,-1.4492718129455766,True
L277T,-2.7788000613094503,277,True,neutral,tolerant,277,-1.4932611718599622,True
L277V,-1.06361117835866,277,True,neutral,tolerant,277,-0.5715593923842003,True
L277W,-5.55411514322404,277,True,mild,tolerant,277,-2.984649598542056,True
L277Y,-3.2911003655038304,277,True,neutral,tolerant,277,-1.7685591910434748,True
R278A,-2.17767689787743,278,True,neutral,tolerant,278,-1.0370423186134874,True
R278C,-2.33357874339897,278,True,neutral,tolerant,278,-1.1112851098711645,True
R278D,-2.35951838979039,278,True,neutral,tolerant,278,-1.123637957561284,True
R278E,-2.19242995854313,278,True,neutral,tolerant,278,-1.0440679468204612,True
R278F,-2.58910023106984,278,True,neutral,tolerant,278,-1.2329682651124436,True
R278G,-4.54725088289581,278,True,mild,tolerant,278,-2.1654689010623467,True
R278H,-2.03621118118471,278,True,neutral,tolerant,278,-0.9696742278805001,True
R278I,-2.09207148411398,278,True,neutral,tolerant,278,-0.9962757398516677,True
R278K,-1.48988822831274,278,True,neutral,tolerant,278,-0.7095070642804555,True
R278L,-1.6673231978233305,278,True,neutral,tolerant,278,-0.7940042513350307,True
R278M,-2.0915238276264,278,True,neutral,tolerant,278,-0.9960149376388889,True
R278N,-2.50085139278182,278,True,neutral,tolerant,278,-1.1909428480442104,True
R278P,-3.2965160929589303,278,True,neutral,tolerant,278,-1.569850282069356,True
R278Q,-2.0072552466352,278,True,neutral,tolerant,278,-0.9558849786433369,True
R278R,0.0,278,True,neutral,tolerant,278,0.0,True
R278S,-2.18334052291832,278,True,neutral,tolerant,278,-1.0397394215904656,True
R278T,-1.6261885155477198,278,True,neutral,tolerant,278,-0.7744153002265778,True
R278V,-2.00690555563021,278,True,neutral,tolerant,278,-0.9557184505550945,True
R278W,-2.66255385929167,278,True,neutral,tolerant,278,-1.2679479817985997,True
R278Y,-2.02785429359551,278,True,neutral,tolerant,278,-0.9656945529845854,True
N279A,-1.68393248471344,279,True,neutral,tolerant,279,-0.9188211265417463,True
N279C,-1.81162348883021,279,True,neutral,tolerant,279,-0.9884944616171624,True
N279D,-1.51039624834728,279,True,neutral,tolerant,279,-0.8241327933447631,True
N279E,-1.4873000468794295,279,True,neutral,tolerant,279,-0.8115305791561481,True
N279F,-3.34412956029921,279,True,neutral,tolerant,279,-1.8246912615493358,True
N279G,-2.8622821057950003,279,True,neutral,tolerant,279,-1.5617759576473675,True
N279H,-1.48953520347526,279,True,neutral,tolerant,279,-0.8127501702739759,True
N279I,-2.36740712314775,279,True,neutral,tolerant,279,-1.2917523116989662,True
N279K,-2.19164985170973,279,True,neutral,tolerant,279,-1.1958520926542184,True
N279L,-2.52088667508642,279,True,neutral,tolerant,279,-1.3754969131563157,True
N279M,-2.51260985601437,279,True,neutral,tolerant,279,-1.3709807485873677,True
N279N,0.0,279,True,neutral,tolerant,279,0.0,True
N279P,-3.4773297132997,279,True,neutral,tolerant,279,-1.8973706092942486,True
N279Q,-1.38842351351677,279,True,neutral,tolerant,279,-0.7575795754208162,True
N279R,-2.25040104154054,279,True,neutral,tolerant,279,-1.227909099046134,True
N279S,-1.71182543484393,279,True,neutral,tolerant,279,-0.9340406392562544,True
N279T,-1.6763842200823105,279,True,neutral,tolerant,279,-0.9147024905068877,True
N279V,-2.36969348862789,279,True,neutral,tolerant,279,-1.2929998444386805,True
N279W,-5.31052641325213,279,True,mild,tolerant,279,-2.897636280461902,True
N279Y,-3.09867374515903,279,True,neutral,tolerant,279,-1.690760720609803,True
R280A,-5.063380503047808,280,True,mild,tolerant,280,-2.4858183232058173,True
R280C,-5.6331315915222,280,True,mild,tolerant,280,-2.765532181278223,True
R280D,-3.121081106405549,280,True,neutral,tolerant,280,-1.5322649755127722,True
R280E,-3.21214009904554,280,True,neutral,tolerant,280,-1.576969518704994,True
R280F,-3.36032387588719,280,True,neutral,tolerant,280,-1.6497189293908172,True
R280G,-5.76978316593909,280,True,impactful,tolerant,280,-2.832619967269412,True
R280H,-2.9312461292170093,280,True,neutral,tolerant,280,-1.439067305616824,True
R280I,-5.62551110106791,280,True,mild,tolerant,280,-2.7617909742344926,True
R280K,-1.5373783002626005,280,True,neutral,tolerant,280,-0.754761200781063,True
R280L,-3.4502303842137905,280,True,neutral,tolerant,280,-1.6938576714109346,True
R280M,-3.76492118031897,280,True,mild,tolerant,280,-1.848352113736889,True
R280N,-3.04823007611939,280,True,neutral,tolerant,280,-1.496499457625908,True
R280P,-4.15553081850006,280,True,mild,tolerant,280,-2.040118186862715,True
R280Q,-3.0002172574934,280,True,neutral,tolerant,280,-1.4729280226493342,True
R280R,0.0,280,True,neutral,tolerant,280,0.0,True
R280S,-3.08591776836621,280,True,neutral,tolerant,280,-1.515001870369745,True
R280T,-3.22443809282307,280,True,neutral,tolerant,280,-1.5830071013540665,True
R280V,-5.85564949678044,280,True,impactful,tolerant,280,-2.874775222720469,True
R280W,-5.82260736364588,280,True,impactful,tolerant,280,-2.858553502876531,True
R280Y,-4.11342724927261,280,True,mild,tolerant,280,-2.0194478414689687,True
I281A,-2.3892002374726404,281,True,neutral,tolerant,281,-1.0304234264131604,True
I281C,-2.4624777180042403,281,True,neutral,tolerant,281,-1.0620268187885806,True
I281D,-2.4999586784613,281,True,neutral,tolerant,281,-1.0781917509251495,True
I281E,-2.6632519967384,281,True,neutral,tolerant,281,-1.1486175184646068,True
I281F,-2.7696716901262404,281,True,neutral,tolerant,281,-1.194514611298707,True
I281G,-5.83690051105195,281,True,impactful,tolerant,281,-2.51736080128351,True
I281H,-3.8850041011953698,281,True,mild,tolerant,281,-1.675539444034881,True
I281I,0.0,281,True,neutral,tolerant,281,0.0,True
I281K,-4.51533673935216,281,True,mild,tolerant,281,-1.9473917176963953,True
I281L,-1.34500482681191,281,True,neutral,tolerant,281,-0.5800788315891997,True
I281M,-2.28255153269798,281,True,neutral,tolerant,281,-0.9844275646712919,True
I281N,-3.15729083218886,281,True,neutral,tolerant,281,-1.3616884790403254,True
I281P,-3.53461384904871,281,True,neutral,tolerant,281,-1.5244217944817144,True
I281Q,-2.6359463588576,281,True,neutral,tolerant,281,-1.136841038408965,True
I281R,-4.79472625618708,281,True,mild,tolerant,281,-2.0678878982699804,True
I281S,-3.133447239457209,281,True,neutral,tolerant,281,-1.3514051230724147,True
I281T,-2.51749105075581,281,True,neutral,tolerant,281,-1.0857531795779318,True
I281V,-0.662840643965369,281,True,neutral,tolerant,281,-0.2858724508763668,True
I281W,-5.04115062239308,281,True,mild,tolerant,281,-2.1741667424602364,True
I281Y,-3.8351224438120894,281,True,mild,tolerant,281,-1.6540262918470099,True
N282A,-1.3145057409948502,282,True,neutral,tolerant,282,-0.8187618799376644,True
N282C,-1.46591508894968,282,True,neutral,tolerant,282,-0.9130697239473908,True
N282D,-1.2311391168408798,282,True,neutral,tolerant,282,-0.766835584153895,True
N282E,-1.29549137542951,282,True,neutral,tolerant,282,-0.8069184644160878,True
N282F,-3.18260387722596,282,True,neutral,tolerant,282,-1.982338039575466,True
N282G,-2.9243087405347503,282,True,neutral,tolerant,282,-1.821454594870237,True
N282H,-1.2620368234234098,282,True,neutral,tolerant,282,-0.7860807373231223,True
N282I,-2.45315620930816,282,True,neutral,tolerant,282,-1.5279893629021224,True
N282K,-1.30853275290579,282,True,neutral,tolerant,282,-0.8150415044352013,True
N282L,-2.45545313058065,282,True,neutral,tolerant,282,-1.5294200387223051,True
N282M,-4.63965760155101,282,True,mild,tolerant,282,-2.889888314400189,True
N282N,0.0,282,True,neutral,tolerant,282,0.0,True
N282P,-3.6846490142360495,282,True,mild,tolerant,282,-2.2950452475948437,True
N282Q,-1.1788003491099,282,True,neutral,tolerant,282,-0.7342355075436509,True
N282R,-1.33395753443824,282,True,neutral,tolerant,282,-0.8308777547270855,True
N282S,-0.771732082223246,282,True,neutral,tolerant,282,-0.4806862311389391,True
N282T,-1.35045611319684,282,True,neutral,tolerant,282,-0.8411541703709362,True
N282V,-3.0037219516026497,282,True,neutral,tolerant,282,-1.8709184412104065,True
N282W,-5.00473428831252,282,True,mild,tolerant,282,-3.1172824330048328,True
N282Y,-5.00473428831252,282,True,mild,tolerant,282,-3.1172824330048328,True
D283A,-2.2163006946251698,283,True,neutral,tolerant,283,-1.2145732304559311,True
D283C,-2.47278672102285,283,True,neutral,tolerant,283,-1.355132254059595,True
D283D,0.0,283,True,neutral,tolerant,283,0.0,True
D283E,-1.14174994015552,283,True,neutral,tolerant,283,-0.6256998053335391,True
D283F,-3.1133177759773902,283,True,neutral,tolerant,283,-1.7061549625351051,True
D283G,-3.2810363403667404,283,True,neutral,tolerant,283,-1.7980677968593555,True
D283H,-1.13549283663889,283,True,neutral,tolerant,283,-0.6222707984077546,True
D283I,-2.08908895009513,283,True,neutral,tolerant,283,-1.1448588727063316,True
D283K,-2.92757911732921,283,True,neutral,tolerant,283,-1.604366787671484,True
D283L,-2.3874715623399,283,True,neutral,tolerant,283,-1.3083779900106296,True
D283M,-2.21662372426516,283,True,neutral,tolerant,283,-1.214750256594274,True
D283N,-1.33913005106412,283,True,neutral,tolerant,283,-0.7338677085045268,True
D283P,-3.15971340300392,283,True,neutral,tolerant,283,-1.7315806129142703,True
D283Q,-1.28444034547755,283,True,neutral,tolerant,283,-0.7038967516988672,True
D283R,-3.4782460393364705,283,True,neutral,tolerant,283,-1.9061423111776468,True
D283S,-2.38066068691567,283,True,neutral,tolerant,283,-1.3046455059725648,True
D283T,-2.69249062042522,283,True,neutral,tolerant,283,-1.4755340007576132,True
D283V,-2.42753116146085,283,True,neutral,tolerant,283,-1.3303313814584135,True
D283W,-5.20561074529008,283,True,mild,tolerant,283,-2.8527696962493554,True
D283Y,-5.20561074529008,283,True,mild,tolerant,283,-2.8527696962493554,True
N284A,-1.2192067082796498,284,True,neutral,tolerant,284,-0.569278824972738,True
N284C,-1.79849135870527,284,True,neutral,tolerant,284,-0.8397616585066557,True
N284D,-3.3875371536282404,284,True,neutral,tolerant,284,-1.581727821273313,True
N284E,-3.3875371536282404,284,True,neutral,tolerant,284,-1.581727821273313,True
N284F,-2.20869941372677,284,True,neutral,tolerant,284,-1.0312983011211816,True
N284G,-2.6477349726521804,284,True,neutral,tolerant,284,-1.2362952433205676,True
N284H,-0.5687495289037271,284,True,neutral,tolerant,284,-0.26556371558599334,True
N284I,-1.73756093602064,284,True,neutral,tolerant,284,-0.8113116842771485,True
N284K,-2.42839984119912,284,True,neutral,tolerant,284,-1.1338820552525444,True
N284L,-1.3566436602217,284,True,neutral,tolerant,284,-0.6334516563540586,True
N284M,-1.9885375270228896,284,True,neutral,tolerant,284,-0.9284990798608125,True
N284N,0.0,284,True,neutral,tolerant,284,0.0,True
N284P,-2.7255363741821896,284,True,neutral,tolerant,284,-1.2726227094864417,True
N284Q,-1.15297816934127,284,True,neutral,tolerant,284,-0.5383550246274283,True
N284R,-2.3668421102272204,284,True,neutral,tolerant,284,-1.105139174724009,True
N284S,-1.3091375917273895,284,True,neutral,tolerant,284,-0.6112698567725292,True
N284T,-1.4393449804708502,284,True,neutral,tolerant,284,-0.6720670200125825,True
N284V,-1.45021323016794,284,True,neutral,tolerant,284,-0.6771416840339113,True
N284W,-4.23626207659286,284,True,mild,tolerant,284,-1.9780192159885999,True
N284Y,-2.39536898519425,284,True,neutral,tolerant,284,-1.1184591029618463,True
Q285A,-1.70818638430374,285,True,neutral,tolerant,285,-0.9174513883680712,True
Q285C,-3.7937264275849,285,True,mild,tolerant,285,-2.037575998766137,True
Q285D,-3.36379273432711,285,True,neutral,tolerant,285,-1.806662518006631,True
Q285E,-1.48708092497556,285,True,neutral,tolerant,285,-0.7986976548759954,True
Q285F,-2.9866214271027403,285,True,neutral,tolerant,285,-1.6040872354465587,True
Q285G,-2.9405646066262205,285,True,neutral,tolerant,285,-1.579350535588583,True
Q285H,-3.36379273432711,285,True,neutral,tolerant,285,-1.806662518006631,True
Q285I,-2.15114983725831,285,True,neutral,tolerant,285,-1.1553630346871193,True
Q285K,-2.26085194875182,285,True,neutral,tolerant,285,-1.2142830421414892,True
Q285L,-2.2042145741035,285,True,neutral,tolerant,285,-1.1838636227607386,True
Q285M,-2.06332290393857,285,True,neutral,tolerant,285,-1.1081919866968564,True
Q285N,-1.5934877859695602,285,True,neutral,tolerant,285,-0.8558478132239823,True
Q285P,-2.81812560445907,285,True,neutral,tolerant,285,-1.513589659866324,True
Q285Q,0.0,285,True,neutral,tolerant,285,0.0,True
Q285R,-2.19551045062153,285,True,neutral,tolerant,285,-1.179188717114353,True
Q285S,-1.68495181976332,285,True,neutral,tolerant,285,-0.904972314836277,True
Q285T,-3.6497432467751,285,True,mild,tolerant,285,-1.9602439404208496,True
Q285V,-3.86349902585169,285,True,mild,tolerant,285,-2.075050227420644,True
Q285W,-4.76687492245099,285,True,mild,tolerant,285,-2.560245214436713,True
Q285Y,-4.76687492245099,285,True,mild,tolerant,285,-2.560245214436713,True
K286A,-2.1249756717023702,286,True,neutral,tolerant,286,-0.9399782331421743,True
K286C,-2.12578318501028,286,True,neutral,tolerant,286,-0.9403354348468883,True
K286D,-3.58096757523737,286,True,mild,tolerant,286,-1.5840329934763104,True
K286E,-2.7833460188780297,286,True,neutral,tolerant,286,-1.2312068829250666,True
K286F,-2.89276586230829,286,True,neutral,tolerant,286,-1.2796085058085287,True
K286G,-3.16010979446559,286,True,neutral,tolerant,286,-1.3978674959404862,True
K286H,-2.66222114045736,286,True,neutral,tolerant,286,-1.1776275640069307,True
K286I,-2.8929654879133904,286,True,neutral,tolerant,286,-1.279696809748226,True
K286K,0.0,286,True,neutral,tolerant,286,0.0,True
K286L,-3.0080982544119705,286,True,neutral,tolerant,286,-1.3306255313666746,True
K286M,-5.13554128343491,286,True,mild,tolerant,286,-2.2716951944981916,True
K286N,-2.06741305704963,286,True,neutral,tolerant,286,-0.9145155393632005,True
K286P,-5.73137897107565,286,True,mild,tolerant,286,-2.5352626622703625,True
K286Q,-2.83537984593403,286,True,neutral,tolerant,286,-1.254223929882852,True
K286R,-1.2711427272445102,286,True,neutral,tolerant,286,-0.5622871408544637,True
K286S,-1.92604296882137,286,True,neutral,tolerant,286,-0.8519807971910721,True
K286T,-2.9632496053734902,286,True,neutral,tolerant,286,-1.310786831826067,True
K286V,-5.13554128343491,286,True,mild,tolerant,286,-2.2716951944981916,True
K286W,-5.0946539710132805,286,True,mild,tolerant,286,-2.253608783345434,True
K286Y,-3.20844767248167,286,True,neutral,tolerant,286,-1.419249648111196,True
V287A,-1.30043703247648,287,True,neutral,tolerant,287,-0.6216196631992899,True
V287C,-1.6918748106520802,287,True,neutral,tolerant,287,-0.8087301604831295,True
V287D,-3.04188896574164,287,True,neutral,tolerant,287,-1.4540480985634754,True
V287E,-3.04188896574164,287,True,neutral,tolerant,287,-1.4540480985634754,True
V287F,-0.886415346454675,287,True,neutral,tolerant,287,-0.42371387107341746,True
V287G,-1.5648248982230202,287,True,neutral,tolerant,287,-0.7479992509493917,True
V287H,-1.1017195120633898,287,True,neutral,tolerant,287,-0.5266310439689179,True
V287I,-0.8747514369601709,287,True,neutral,tolerant,287,-0.4181384258111788,True
V287K,-2.00813423357064,287,True,neutral,tolerant,287,-0.959904781820893,True
V287L,-0.625379415066427,287,True,neutral,tolerant,287,-0.29893653568527717,True
V287M,-1.0309812782485102,287,True,neutral,tolerant,287,-0.4928175828161086,True
V287N,-1.1794693218104,287,True,neutral,tolerant,287,-0.563796096441091,True
V287P,-4.44103913158596,287,True,mild,tolerant,287,-2.1228534564062103,True
V287Q,-1.16988105766406,287,True,neutral,tolerant,287,-0.5592128268321324,True
V287R,-2.10592657595294,287,True,neutral,tolerant,287,-1.006650330753309,True
V287S,-1.15235103542932,287,True,neutral,tolerant,287,-0.5508333311354561,True
V287T,-1.10511364045303,287,True,neutral,tolerant,287,-0.5282534654270375,True
V287V,0.0,287,True,neutral,tolerant,287,0.0,True
V287W,-1.04802951047606,287,True,neutral,tolerant,287,-0.5009667789023285,True
V287Y,-0.891702946359261,287,True,neutral,tolerant,287,-0.42624138758497204,True
S288A,-1.00500326176233,288,True,neutral,tolerant,288,-0.425502848240208,True
S288C,-1.3716416263093,288,True,neutral,tolerant,288,-0.5807318652239964,True
S288D,-2.92875692824279,288,True,neutral,tolerant,288,-1.239990418125885,True
S288E,-2.19990817678715,288,True,neutral,tolerant,288,-0.9314071214539231,True
S288F,-2.3806760284714703,288,True,neutral,tolerant,288,-1.0079414360063585,True
S288G,-2.21279423056171,288,True,neutral,tolerant,288,-0.9368628774621542,True
S288H,-2.74105522904539,288,True,neutral,tolerant,288,-1.1605204197022299,True
S288I,-2.40029601546811,288,True,neutral,tolerant,288,-1.0162482352647677,True
S288K,-0.8680371805877299,288,True,neutral,tolerant,288,-0.367513526344978,True
S288L,-2.12547556199786,288,True,neutral,tolerant,288,-0.899893502742605,True
S288M,-4.00510791880027,288,True,mild,tolerant,288,-1.6957007920258313,True
S288N,-2.0383459967879,288,True,neutral,tolerant,288,-0.863004191460413,True
S288P,-2.44459436010863,288,True,neutral,tolerant,288,-1.035003469734171,True
S288Q,-3.20454810803392,288,True,neutral,tolerant,288,-1.3567561411692841,True
S288R,-1.27273545193309,288,True,neutral,tolerant,288,-0.5388565196337524,True
S288S,0.0,288,True,neutral,tolerant,288,0.0,True
S288T,-0.89516716337817,288,True,neutral,tolerant,288,-0.3789999417520258,True
S288V,-2.21839129978923,288,True,neutral,tolerant,288,-0.9392325900677941,True
S288W,-4.18491029743752,288,True,mild,tolerant,288,-1.7718263402119694,True
S288Y,-3.97333840690975,288,True,mild,tolerant,288,-1.6822500717038764,True
K289A,-1.68895830720675,289,True,neutral,tolerant,289,-0.5297959513363389,True
K289C,-4.06942386405478,289,True,mild,tolerant,289,-1.276505333641599,True
K289D,-3.6865426147651,289,True,mild,tolerant,289,-1.1564023477652041,True
K289E,-2.02697128288542,289,True,neutral,tolerant,289,-0.6358245639134441,True
K289F,-2.99732020967112,289,True,neutral,tolerant,289,-0.9402056315816198,True
K289G,-1.7801974693928302,289,True,neutral,tolerant,289,-0.5584160413191687,True
K289H,-3.18715099211617,289,True,neutral,tolerant,289,-0.999752145873453,True
K289I,-2.30690134072005,289,True,neutral,tolerant,289,-0.7236336061291793,True
K289K,0.0,289,True,neutral,tolerant,289,0.0,True
K289L,-2.23136960103695,289,True,neutral,tolerant,289,-0.6999406530759585,True
K289M,-2.47462078870594,289,True,neutral,tolerant,289,-0.7762441910821286,True
K289N,-2.4514951795998,289,True,neutral,tolerant,289,-0.7689901019643918,True
K289P,-2.4075618268427204,289,True,neutral,tolerant,289,-0.7552089965812601,True
K289Q,-2.36296011818062,289,True,neutral,tolerant,289,-0.7412182399290468,True
K289R,-1.27905696051625,289,True,neutral,tolerant,289,-0.4012172451614705,True
K289S,-1.54121811427993,289,True,neutral,tolerant,289,-0.4834525006257482,True
K289T,-2.64830397858264,289,True,neutral,tolerant,289,-0.8307254949836064,True
K289V,-2.56327286829188,289,True,neutral,tolerant,289,-0.8040527596191781,True
K289W,-4.91313842121653,289,True,mild,tolerant,289,-1.5411634691091842,True
K289Y,-4.91313842121653,289,True,mild,tolerant,289,-1.5411634691091842,True
T290A,-0.525399057472265,290,True,neutral,tolerant,290,-0.1781589184554718,True
T290C,-1.37629257631315,290,True,neutral,tolerant,290,-0.4666905914409436,True
T290D,-3.64954344641919,290,True,mild,tolerant,290,-1.2375330789485113,True
T290E,-2.59876354755793,290,True,neutral,tolerant,290,-0.8812214189761209,True
T290F,-4.32443292135447,290,True,mild,tolerant,290,-1.4663830877588104,True
T290G,-0.9206267472649,290,True,neutral,tolerant,290,-0.3121776928626329,True
T290H,-3.64954344641919,290,True,mild,tolerant,290,-1.2375330789485113,True
T290I,-1.57905793182896,290,True,neutral,tolerant,290,-0.5354468176373389,True
T290K,-0.85536897737417,290,True,neutral,tolerant,290,-0.2900492677366281,True
T290L,-1.5540353906604,290,True,neutral,tolerant,290,-0.5269618597597099,True
T290M,-3.40443185178141,290,True,neutral,tolerant,290,-1.154417557554817,True
T290N,-1.87724083458532,290,True,neutral,tolerant,290,-0.6365584254741888,True
T290P,-2.1516444194996,290,True,neutral,tolerant,290,-0.7296066432304855,True
T290Q,-1.72306221686126,290,True,neutral,tolerant,290,-0.5842776012282713,True
T290R,-0.7065369559424609,290,True,neutral,tolerant,290,-0.23958143458636666,True
T290S,-1.07517977190383,290,True,neutral,tolerant,290,-0.364585475712809,True
T290T,0.0,290,True,neutral,tolerant,290,0.0,True
T290V,-1.47145285171529,290,True,neutral,tolerant,290,-0.49895873411165076,True
T290W,-4.32443292135447,290,True,mild,tolerant,290,-1.4663830877588104,True
T290Y,-4.32443292135447,290,True,mild,tolerant,290,-1.4663830877588104,True
R291A,-0.8549032813118671,291,True,neutral,tolerant,291,-0.17333537047281594,True
R291C,-0.0833492648784678,291,True,neutral,tolerant,291,-0.016899427130723232,True
R291D,-3.0561809436121603,291,True,neutral,tolerant,291,-0.6196540213064456,True
R291E,-3.0561809436121603,291,True,neutral,tolerant,291,-0.6196540213064456,True
R291F,-4.20710314017408,291,True,mild,tolerant,291,-0.8530085184611618,True
R291G,-1.25103652386977,291,True,neutral,tolerant,291,-0.2536531138437453,True
R291H,-1.13457396048569,291,True,neutral,tolerant,291,-0.23003982095824388,True
R291I,-3.44931689806832,291,True,neutral,tolerant,291,-0.6993640514367239,True
R291K,-0.591136174253966,291,True,neutral,tolerant,291,-0.119855438625712,True
R291L,-1.69291956366921,291,True,neutral,tolerant,291,-0.3432468282248095,True
R291M,-3.44931689806832,291,True,neutral,tolerant,291,-0.6993640514367239,True
R291N,-1.35137423632443,291,True,neutral,tolerant,291,-0.2739970228459834,True
R291P,-2.0703142342808203,291,True,neutral,tolerant,291,-0.4197652443718944,True
R291Q,-1.40525794865576,291,True,neutral,tolerant,291,-0.2849221806311651,True
R291R,0.0,291,True,neutral,tolerant,291,0.0,True
R291S,-0.7450244873086821,291,True,neutral,tolerant,291,-0.1510569655561545,True
R291T,-0.730098073716097,291,True,neutral,tolerant,291,-0.14803057007205836,True
R291V,-1.68362583267023,291,True,neutral,tolerant,291,-0.34136248371356737,True
R291W,-4.20710314017408,291,True,mild,tolerant,291,-0.8530085184611618,True
R291Y,-4.20710314017408,291,True,mild,tolerant,291,-0.8530085184611618,True
G292A,-1.54142200395076,292,True,neutral,tolerant,292,-0.6016594691760327,True
G292C,-3.3581801804927403,292,True,neutral,tolerant,292,-1.3107902311074568,True
G292D,-2.04570537906544,292,True,neutral,tolerant,292,-0.7984951618079958,True
G292E,-2.07154208981214,292,True,neutral,tolerant,292,-0.8085799417276232,True
G292F,-4.5764279391576785,292,True,mild,tolerant,292,-1.7863058899760795,True
G292G,0.0,292,True,neutral,tolerant,292,0.0,True
G292H,-3.80032899996847,292,True,mild,tolerant,292,-1.4833730950738098,True
G292I,-4.30058836571889,292,True,mild,tolerant,292,-1.6786381060028683,True
G292K,-1.6807494616839098,292,True,neutral,tolerant,292,-0.6560428139359477,True
G292L,-4.30058836571889,292,True,mild,tolerant,292,-1.6786381060028683,True
G292M,-4.30058836571889,292,True,mild,tolerant,292,-1.6786381060028683,True
G292N,-3.03400583059986,292,True,neutral,tolerant,292,-1.1842560524223662,True
G292P,-2.6104830727874,292,True,neutral,tolerant,292,-1.0189434534090502,True
G292Q,-3.80032899996847,292,True,mild,tolerant,292,-1.4833730950738098,True
G292R,-1.83743866279069,292,True,neutral,tolerant,292,-0.7172029253927019,True
G292S,-1.3966102382401002,292,True,neutral,tolerant,292,-0.5451354479381065,True
G292T,-1.46736795860929,292,True,neutral,tolerant,292,-0.5727541353373509,True
G292V,-3.8512040527849503,292,True,mild,tolerant,292,-1.5032310296260687,True
G292W,-4.5764279391576785,292,True,mild,tolerant,292,-1.7863058899760795,True
G292Y,-4.5764279391576785,292,True,mild,tolerant,292,-1.7863058899760795,True
K293A,-1.6910066977229,293,True,neutral,sensitive,293,-0.3089059123110115,True
K293C,-3.55546790272886,293,True,mild,sensitive,293,-0.6494977563743234,True
K293D,-4.04619261653511,293,True,mild,sensitive,293,-0.7391412602208823,True
K293E,-3.84773556091984,293,True,mild,sensitive,293,-0.7028879692658883,True
K293F,-4.65919056407328,293,True,mild,sensitive,293,-0.8511211184225355,True
K293G,-3.16092137330004,293,True,neutral,sensitive,293,-0.5774236742394194,True
K293H,-2.25970232480478,293,True,neutral,sensitive,293,-0.4127928110131703,True
K293I,-4.37834131859817,293,True,mild,sensitive,293,-0.7998167726075998,True
K293K,0.0,293,True,neutral,sensitive,293,0.0,True
K293L,-4.37834131859817,293,True,mild,sensitive,293,-0.7998167726075998,True
K293M,-4.37834131859817,293,True,mild,sensitive,293,-0.7998167726075998,True
K293N,-2.4539938748749703,293,True,neutral,sensitive,293,-0.448285165129551,True
K293P,-3.29951513314371,293,True,neutral,sensitive,293,-0.6027413928994183,True
K293Q,-2.33719401777554,293,True,neutral,sensitive,293,-0.42694866394142406,True
K293R,-1.09610372327882,293,True,neutral,sensitive,293,-0.2002315668429272,True
K293S,-1.6412168378794598,293,True,neutral,sensitive,293,-0.29981051245275764,True
K293T,-1.56176776683162,293,True,neutral,sensitive,293,-0.28529709402139136,True
K293V,-4.0793730831456605,293,True,mild,sensitive,293,-0.7452025267569873,True
K293W,-4.65919056407328,293,True,mild,sensitive,293,-0.8511211184225355,True
K293Y,-4.65919056407328,293,True,mild,sensitive,293,-0.8511211184225355,True
A294A,0.0,294,True,neutral,tolerant,294,0.0,True
A294C,-2.84560570134357,294,True,neutral,tolerant,294,-0.9982217354422922,True
A294D,-3.2473061690078504,294,True,neutral,tolerant,294,-1.1391358957458404,True
A294E,-2.74041966530774,294,True,neutral,tolerant,294,-0.9613230929541902,True
A294F,-4.111070787963221,294,True,mild,tolerant,294,-1.4421394413671376,True
A294G,-0.3326404220533,294,True,neutral,tolerant,294,-0.1166883026778878,True
A294H,-3.5035608102230493,294,True,neutral,tolerant,294,-1.2290285159877103,True
A294I,-1.4318103009959,294,True,neutral,tolerant,294,-0.5022706282916999,True
A294K,-1.5096234319842905,294,True,neutral,tolerant,294,-0.5295670167613866,True
A294L,-3.35537272896618,294,True,neutral,tolerant,294,-1.1770450090758948,True
A294M,-3.35537272896618,294,True,neutral,tolerant,294,-1.1770450090758948,True
A294N,-3.5035608102230493,294,True,neutral,tolerant,294,-1.2290285159877103,True
A294P,-1.23484532965044,294,True,neutral,tolerant,294,-0.43317647535794185,True
A294Q,-3.5035608102230493,294,True,neutral,tolerant,294,-1.2290285159877103,True
A294R,-1.6193608214549398,294,True,neutral,tolerant,294,-0.5680622472525882,True
A294S,-0.5937040216728571,294,True,neutral,tolerant,294,-0.20826787723032927,True
A294T,-0.522341673016546,294,True,neutral,tolerant,294,-0.1832343852439636,True
A294V,-1.76149850933503,294,True,neutral,tolerant,294,-0.6179233117705665,True
A294W,-4.111070787963221,294,True,mild,tolerant,294,-1.4421394413671376,True
A294Y,-4.111070787963221,294,True,mild,tolerant,294,-1.4421394413671376,True
K295A,-1.81483037517696,295,True,neutral,tolerant,295,-0.44528793835317265,True
K295C,-3.46732554799146,295,True,neutral,tolerant,295,-0.8507452079172159,True
K295D,-3.93743789680331,295,True,mild,tolerant,295,-0.966092273659591,True
K295E,-3.93743789680331,295,True,mild,tolerant,295,-0.966092273659591,True
K295F,-4.19099761302791,295,True,mild,tolerant,295,-1.0283058473529774,True
K295G,-1.85379653386996,295,True,neutral,tolerant,295,-0.4548486999027233,True
K295H,-3.93743789680331,295,True,mild,tolerant,295,-0.966092273659591,True
K295I,-3.42192481207947,295,True,neutral,tolerant,295,-0.8396056543972371,True
K295K,0.0,295,True,neutral,tolerant,295,0.0,True
K295L,-3.42192481207947,295,True,neutral,tolerant,295,-0.8396056543972371,True
K295M,-1.2286601780076598,295,True,neutral,tolerant,295,-0.30146484491605763,True
K295N,-3.93743789680331,295,True,mild,tolerant,295,-0.966092273659591,True
K295P,-4.19099761302791,295,True,mild,tolerant,295,-1.0283058473529774,True
K295Q,-2.32453710142168,295,True,neutral,tolerant,295,-0.5703499057957913,True
K295R,-0.8661810771293481,295,True,neutral,tolerant,295,-0.2125267415351967,True
K295S,-1.82726424651938,295,True,neutral,tolerant,295,-0.4483387209560784,True
K295T,-3.46732554799146,295,True,neutral,tolerant,295,-0.8507452079172159,True
K295V,-1.18657508768964,295,True,neutral,tolerant,295,-0.2911388203137359,True
K295W,-4.19099761302791,295,True,mild,tolerant,295,-1.0283058473529774,True
K295Y,-4.19099761302791,295,True,mild,tolerant,295,-1.0283058473529774,True
V296A,-1.98551209978656,296,True,neutral,sensitive,296,-0.4838268339575001,True
V296C,-3.86964103669263,296,True,mild,sensitive,296,-0.9429487594340404,True
V296D,-4.29168397512472,296,True,mild,sensitive,296,-1.0457915971672727,True
V296E,-4.29168397512472,296,True,mild,sensitive,296,-1.0457915971672727,True
V296F,-3.73970421628846,296,True,mild,sensitive,296,-0.911285935300452,True
V296G,-2.2457155598976,296,True,neutral,sensitive,296,-0.5472328521347978,True
V296H,-4.29168397512472,296,True,mild,sensitive,296,-1.0457915971672727,True
V296I,-1.40616583878679,296,True,neutral,sensitive,296,-0.34265254080926566,True
V296K,-1.95056372043949,296,True,neutral,sensitive,296,-0.47531066136240163,True
V296L,-0.981790805060538,296,True,neutral,sensitive,296,-0.23924142133008855,True
V296M,-0.9682827248304828,296,True,neutral,sensitive,296,-0.23594979107950784,True
V296N,-4.29168397512472,296,True,mild,sensitive,296,-1.0457915971672727,True
V296P,-4.5686661053437305,296,True,mild,sensitive,296,-1.113286218399283,True
V296Q,-4.29168397512472,296,True,mild,sensitive,296,-1.0457915971672727,True
V296R,-3.1437639710058702,296,True,neutral,sensitive,296,-0.7660680430831611,True
V296S,-3.86964103669263,296,True,mild,sensitive,296,-0.9429487594340404,True
V296T,-2.0780801383947898,296,True,neutral,sensitive,296,-0.5063836851850951,True
V296V,0.0,296,True,neutral,sensitive,296,0.0,True
V296W,-4.0780632385639,296,True,mild,sensitive,296,-0.9937367924400684,True
V296Y,-2.32446438007616,296,True,neutral,sensitive,296,-0.5664222553869749,True
T297A,-0.9743884549384332,297,True,neutral,sensitive,297,-0.3067238146410436,True
T297C,-2.94523914703852,297,True,neutral,sensitive,297,-0.9271199608649594,True
T297D,-3.84668542456203,297,True,mild,sensitive,297,-1.210882601457258,True
T297E,-3.84668542456203,297,True,mild,sensitive,297,-1.210882601457258,True
T297F,-4.19747334969981,297,True,mild,sensitive,297,-1.32130571862676,True
T297G,-0.158482372579659,297,True,neutral,sensitive,297,-0.04988802733101716,True
T297H,-3.84668542456203,297,True,mild,sensitive,297,-1.210882601457258,True
T297I,-3.120377626922,297,True,neutral,sensitive,297,-0.982251097084845,True
T297K,-4.19747334969981,297,True,mild,sensitive,297,-1.32130571862676,True
T297L,-3.6148272177686,297,True,mild,sensitive,297,-1.1378968910015588,True
T297M,-3.6148272177686,297,True,mild,sensitive,297,-1.1378968910015588,True
T297N,-3.84668542456203,297,True,mild,sensitive,297,-1.210882601457258,True
T297P,-4.19747334969981,297,True,mild,sensitive,297,-1.32130571862676,True
T297Q,-2.07836472584727,297,True,neutral,sensitive,297,-0.6542400555921416,True
T297R,-4.19747334969981,297,True,mild,sensitive,297,-1.32130571862676,True
T297S,-0.933308366625074,297,True,neutral,sensitive,297,-0.2937923792064349,True
T297T,0.0,297,True,neutral,sensitive,297,0.0,True
T297V,-1.7238229888509595,297,True,neutral,sensitive,297,-0.5426352911167239,True
T297W,-4.19747334969981,297,True,mild,sensitive,297,-1.32130571862676,True
T297Y,-4.19747334969981,297,True,mild,sensitive,297,-1.32130571862676,True
G298A,-2.17982103769338,298,True,neutral,sensitive,298,-0.9731569692557444,True
G298C,-4.02567603324945,298,True,mild,sensitive,298,-1.7972184963716205,True
G298D,-4.58078285046767,298,True,mild,sensitive,298,-2.04503978927414,True
G298E,-4.58078285046767,298,True,mild,sensitive,298,-2.04503978927414,True
G298F,-4.58078285046767,298,True,mild,sensitive,298,-2.04503978927414,True
G298G,0.0,298,True,neutral,sensitive,298,0.0,True
G298H,-4.58078285046767,298,True,mild,sensitive,298,-2.04503978927414,True
G298I,-4.58078285046767,298,True,mild,sensitive,298,-2.04503978927414,True
G298K,-4.40566614677101,298,True,mild,sensitive,298,-1.9668608756437684,True
G298L,-4.58078285046767,298,True,mild,sensitive,298,-2.04503978927414,True
G298M,-4.58078285046767,298,True,mild,sensitive,298,-2.04503978927414,True
G298N,-4.58078285046767,298,True,mild,sensitive,298,-2.04503978927414,True
G298P,-4.58078285046767,298,True,mild,sensitive,298,-2.04503978927414,True
G298Q,-4.58078285046767,298,True,mild,sensitive,298,-2.04503978927414,True
G298R,-4.40566614677101,298,True,mild,sensitive,298,-1.9668608756437684,True
G298S,-1.6843236873931202,298,True,neutral,sensitive,298,-0.751947662916221,True
G298T,-4.02567603324945,298,True,mild,sensitive,298,-1.7972184963716205,True
G298V,-4.58078285046767,298,True,mild,sensitive,298,-2.04503978927414,True
G298W,-4.58078285046767,298,True,mild,sensitive,298,-2.04503978927414,True
G298Y,-4.58078285046767,298,True,mild,sensitive,298,-2.04503978927414,True
R299A,-3.9212714487528495,299,True,mild,sensitive,299,-0.48590442164808295,True
R299C,-3.9212714487528495,299,True,mild,sensitive,299,-0.48590442164808295,True
R299D,-4.20449369677149,299,True,mild,sensitive,299,-0.5209999115726932,True
R299E,-4.20449369677149,299,True,mild,sensitive,299,-0.5209999115726932,True
R299F,-4.66640928793848,299,True,mild,sensitive,299,-0.5782381903069067,True
R299G,-4.66640928793848,299,True,mild,sensitive,299,-0.5782381903069067,True
R299H,-2.75300213149978,299,True,neutral,sensitive,299,-0.341138308322876,True
R299I,-4.66640928793848,299,True,mild,sensitive,299,-0.5782381903069067,True
R299K,-2.19592344014728,299,True,neutral,sensitive,299,-0.27210789232854365,True
R299L,-4.66640928793848,299,True,mild,sensitive,299,-0.5782381903069067,True
R299M,-4.66640928793848,299,True,mild,sensitive,299,-0.5782381903069067,True
R299N,-4.20449369677149,299,True,mild,sensitive,299,-0.5209999115726932,True
R299P,-4.66640928793848,299,True,mild,sensitive,299,-0.5782381903069067,True
R299Q,-2.22364932705046,299,True,neutral,sensitive,299,-0.2755435460996323,True
R299R,0.0,299,True,neutral,sensitive,299,0.0,True
R299S,-2.04105669890722,299,True,neutral,sensitive,299,-0.25291757732020426,True
R299T,-3.9212714487528495,299,True,mild,sensitive,299,-0.48590442164808295,True
R299V,-4.66640928793848,299,True,mild,sensitive,299,-0.5782381903069067,True
R299W,-4.66640928793848,299,True,mild,sensitive,299,-0.5782381903069067,True
R299Y,-4.66640928793848,299,True,mild,sensitive,299,-0.5782381903069067,True
W300A,-4.560783272481281,300,True,mild,sensitive,300,-0.7738971051787844,True
W300C,-4.560783272481281,300,True,mild,sensitive,300,-0.7738971051787844,True
W300D,-4.560783272481281,300,True,mild,sensitive,300,-0.7738971051787844,True
W300E,-4.560783272481281,300,True,mild,sensitive,300,-0.7738971051787844,True
W300F,-2.94430799334043,300,True,neutral,sensitive,300,-0.49960528634399537,True
W300G,-4.560783272481281,300,True,mild,sensitive,300,-0.7738971051787844,True
W300H,-4.560783272481281,300,True,mild,sensitive,300,-0.7738971051787844,True
W300I,-3.5922901448254003,300,True,mild,sensitive,300,-0.609558222338017,True
W300K,-4.560783272481281,300,True,mild,sensitive,300,-0.7738971051787844,True
W300L,-1.62803467691056,300,True,neutral,sensitive,300,-0.27625327675487155,True
W300M,-3.5922901448254003,300,True,mild,sensitive,300,-0.609558222338017,True
W300N,-4.560783272481281,300,True,mild,sensitive,300,-0.7738971051787844,True
W300P,-4.560783272481281,300,True,mild,sensitive,300,-0.7738971051787844,True
W300Q,-4.560783272481281,300,True,mild,sensitive,300,-0.7738971051787844,True
W300R,-4.560783272481281,300,True,mild,sensitive,300,-0.7738971051787844,True
W300S,-4.560783272481281,300,True,mild,sensitive,300,-0.7738971051787844,True
W300T,-4.560783272481281,300,True,mild,sensitive,300,-0.7738971051787844,True
W300V,-3.5922901448254003,300,True,mild,sensitive,300,-0.609558222338017,True
W300W,0.0,300,True,neutral,sensitive,300,0.0,True
W300Y,-2.69391758553775,300,True,neutral,sensitive,300,-0.4571177572977827,True
K301A,-4.44185858110486,301,True,mild,sensitive,301,-0.0,True
K301C,-4.44185858110486,301,True,mild,sensitive,301,-0.0,True
K301D,-4.44185858110486,301,True,mild,sensitive,301,-0.0,True
K301E,-4.44185858110486,301,True,mild,sensitive,301,-0.0,True
K301F,-4.44185858110486,301,True,mild,sensitive,301,-0.0,True
K301G,-4.44185858110486,301,True,mild,sensitive,301,-0.0,True
K301H,-4.44185858110486,301,True,mild,sensitive,301,-0.0,True
K301I,-4.44185858110486,301,True,mild,sensitive,301,-0.0,True
K301K,0.0,301,True,neutral,sensitive,301,0.0,True
K301L,-4.44185858110486,301,True,mild,sensitive,301,-0.0,True
K301M,-4.44185858110486,301,True,mild,sensitive,301,-0.0,True
K301N,-4.44185858110486,301,True,mild,sensitive,301,-0.0,True
K301P,-4.44185858110486,301,True,mild,sensitive,301,-0.0,True
K301Q,-4.44185858110486,301,True,mild,sensitive,301,-0.0,True
K301R,-2.8721435817389502,301,True,neutral,sensitive,301,-0.0,True
K301S,-4.44185858110486,301,True,mild,sensitive,301,-0.0,True
K301T,-4.44185858110486,301,True,mild,sensitive,301,-0.0,True
K301V,-4.44185858110486,301,True,mild,sensitive,301,-0.0,True
K301W,-4.44185858110486,301,True,mild,sensitive,301,-0.0,True
K301Y,-4.44185858110486,301,True,mild,sensitive,301,-0.0,True
