Mutation,Variant_score,Residue,LocalConfidence,Variant_class,Residue_class,pdb_pos,RSA*Variant_score,aligned
M1A,-4.18643625212831,1,True,mild,sensitive,1,-0.4689762175311575,True
M1C,-4.18643625212831,1,True,mild,sensitive,1,-0.4689762175311575,True
M1D,-4.18643625212831,1,True,mild,sensitive,1,-0.4689762175311575,True
M1E,-4.18643625212831,1,True,mild,sensitive,1,-0.4689762175311575,True
M1F,-4.18643625212831,1,True,mild,sensitive,1,-0.4689762175311575,True
M1G,-4.18643625212831,1,True,mild,sensitive,1,-0.4689762175311575,True
M1H,-4.18643625212831,1,True,mild,sensitive,1,-0.4689762175311575,True
M1I,-3.08702457123876,1,True,neutral,sensitive,1,-0.3458170672273562,True
M1K,-4.18643625212831,1,True,mild,sensitive,1,-0.4689762175311575,True
M1L,-1.08022133627093,1,True,neutral,sensitive,1,-0.12100939459504438,True
M1M,0.0,1,True,neutral,sensitive,1,0.0,True
M1N,-4.18643625212831,1,True,mild,sensitive,1,-0.4689762175311575,True
M1P,-4.18643625212831,1,True,mild,sensitive,1,-0.4689762175311575,True
M1Q,-4.18643625212831,1,True,mild,sensitive,1,-0.4689762175311575,True
M1R,-4.18643625212831,1,True,mild,sensitive,1,-0.4689762175311575,True
M1S,-4.18643625212831,1,True,mild,sensitive,1,-0.4689762175311575,True
M1T,-4.18643625212831,1,True,mild,sensitive,1,-0.4689762175311575,True
M1V,-3.08702457123876,1,True,neutral,sensitive,1,-0.3458170672273562,True
M1W,-4.18643625212831,1,True,mild,sensitive,1,-0.4689762175311575,True
M1Y,-4.18643625212831,1,True,mild,sensitive,1,-0.4689762175311575,True
S2A,-3.41004064380221,2,True,neutral,sensitive,2,-1.863285982418518,True
S2C,-3.41004064380221,2,True,neutral,sensitive,2,-1.863285982418518,True
S2D,-4.44313924238844,2,True,mild,sensitive,2,-2.4277831067271602,True
S2E,-4.44313924238844,2,True,mild,sensitive,2,-2.4277831067271602,True
S2F,-4.71638609082597,2,True,mild,sensitive,2,-2.5770883718591313,True
S2G,-1.97621535556496,2,True,neutral,sensitive,2,-1.0798271208165682,True
S2H,-4.44313924238844,2,True,mild,sensitive,2,-2.4277831067271602,True
S2I,-4.19918739057936,2,True,mild,sensitive,2,-2.294484969449221,True
S2K,-3.35988957982907,2,True,neutral,sensitive,2,-1.8358828561026,True
S2L,-2.76874199538609,2,True,neutral,sensitive,2,-1.512872920829506,True
S2M,-1.55709324235601,2,True,neutral,sensitive,2,-0.8508139095273599,True
S2N,-4.44313924238844,2,True,mild,sensitive,2,-2.4277831067271602,True
S2P,-1.22889163278308,2,True,neutral,sensitive,2,-0.6714807219197854,True
S2Q,-4.44313924238844,2,True,mild,sensitive,2,-2.4277831067271602,True
S2R,-3.6203468796464,2,True,neutral,sensitive,2,-1.9781997626914578,True
S2S,0.0,2,True,neutral,sensitive,2,0.0,True
S2T,-3.41004064380221,2,True,neutral,sensitive,2,-1.863285982418518,True
S2V,-4.19918739057936,2,True,mild,sensitive,2,-2.294484969449221,True
S2W,-4.71638609082597,2,True,mild,sensitive,2,-2.5770883718591313,True
S2Y,-4.71638609082597,2,True,mild,sensitive,2,-2.5770883718591313,True
Y3A,-5.35084792089694,3,True,impactful,sensitive,3,-1.744123760966012,True
Y3C,-5.35084792089694,3,True,impactful,sensitive,3,-1.744123760966012,True
Y3D,-4.9420396844531504,3,True,impactful,sensitive,3,-1.610871579367716,True
Y3E,-4.9420396844531504,3,True,impactful,sensitive,3,-1.610871579367716,True
Y3F,-0.653507540306344,3,True,neutral,sensitive,3,-0.21301260022125407,True
Y3G,-5.5392453245731295,3,True,impactful,sensitive,3,-1.8055324186429935,True
Y3H,-4.9420396844531504,3,True,impactful,sensitive,3,-1.610871579367716,True
Y3I,-3.30862196644359,3,True,neutral,sensitive,3,-1.0784545315130256,True
Y3K,-5.5392453245731295,3,True,impactful,sensitive,3,-1.8055324186429935,True
Y3L,-1.51213617908093,3,True,neutral,sensitive,3,-0.4928849929469344,True
Y3M,-1.57624112478773,3,True,neutral,sensitive,3,-0.5137801782812101,True
Y3N,-3.4500544173616,3,True,neutral,sensitive,3,-1.124554832225069,True
Y3P,-5.5392453245731295,3,True,impactful,sensitive,3,-1.8055324186429935,True
Y3Q,-4.9420396844531504,3,True,impactful,sensitive,3,-1.610871579367716,True
Y3R,-5.5392453245731295,3,True,impactful,sensitive,3,-1.8055324186429935,True
Y3S,-5.10838916064188,3,True,impactful,sensitive,3,-1.6650936537630538,True
Y3T,-5.35084792089694,3,True,impactful,sensitive,3,-1.744123760966012,True
Y3V,-2.73775074761854,3,True,neutral,sensitive,3,-0.8923774700970292,True
Y3W,-3.72647574374976,3,True,neutral,sensitive,3,-1.2146551323118104,True
Y3Y,0.0,3,True,neutral,sensitive,3,0.0,True
R4A,-4.6706124136984,4,True,mild,sensitive,4,-1.234947950510054,True
R4C,-4.39617155982832,4,True,mild,sensitive,4,-1.1623835542375078,True
R4D,-3.847665274510181,4,True,mild,sensitive,4,-1.0173540264375032,True
R4E,-3.910752486714201,4,True,mild,sensitive,4,-1.0340347990030552,True
R4F,-5.380518835364901,4,True,impactful,sensitive,4,-1.4226529884874537,True
R4G,-2.30285359319282,4,True,neutral,sensitive,4,-0.6088932399736967,True
R4H,-2.6595350980591204,4,True,neutral,sensitive,4,-0.7032027339765796,True
R4I,-4.6706124136984,4,True,mild,sensitive,4,-1.234947950510054,True
R4K,-0.565829634787565,4,True,neutral,sensitive,4,-0.14960996244718117,True
R4L,-2.08849376488264,4,True,neutral,sensitive,4,-0.5522147560414956,True
R4M,-4.14093956839287,4,True,mild,sensitive,4,-1.0948981375920661,True
R4N,-2.7247361922184803,4,True,neutral,sensitive,4,-0.7204424341424419,True
R4P,-5.380518835364901,4,True,impactful,sensitive,4,-1.4226529884874537,True
R4Q,-1.70677973222415,4,True,neutral,sensitive,4,-0.45128645787443433,True
R4R,0.0,4,True,neutral,sensitive,4,0.0,True
R4S,-3.23352382006969,4,True,neutral,sensitive,4,-0.8549700255171641,True
R4T,-2.21505757291566,4,True,neutral,sensitive,4,-0.5856792573734229,True
R4V,-4.6706124136984,4,True,mild,sensitive,4,-1.234947950510054,True
R4W,-5.380518835364901,4,True,impactful,sensitive,4,-1.4226529884874537,True
R4Y,-5.380518835364901,4,True,impactful,sensitive,4,-1.4226529884874537,True
R5A,-5.011740153545079,5,True,impactful,sensitive,5,-1.672229805128569,True
R5C,-5.011740153545079,5,True,impactful,sensitive,5,-1.672229805128569,True
R5D,-4.6729705533854,5,True,mild,sensitive,5,-1.559195089620067,True
R5E,-2.4635048254171004,5,True,neutral,sensitive,5,-0.8219792064092839,True
R5F,-5.83653663837833,5,True,impactful,sensitive,5,-1.947433471489407,True
R5G,-5.1512513058108,5,True,impactful,sensitive,5,-1.718779446534368,True
R5H,-4.3568867994345295,5,True,mild,sensitive,5,-1.4537297905263604,True
R5I,-2.98362049998526,5,True,neutral,sensitive,5,-0.9955223085017185,True
R5K,-0.37863922376778497,5,True,neutral,sensitive,5,-0.12633771424229934,True
R5L,-5.44094367948916,5,True,impactful,sensitive,5,-1.8154389314122363,True
R5M,-5.44094367948916,5,True,impactful,sensitive,5,-1.8154389314122363,True
R5N,-3.17273473699445,5,True,neutral,sensitive,5,-1.0586226397264369,True
R5P,-5.83653663837833,5,True,impactful,sensitive,5,-1.947433471489407,True
R5Q,-1.10544879371319,5,True,neutral,sensitive,5,-0.3688468205166279,True
R5R,0.0,5,True,neutral,sensitive,5,0.0,True
R5S,-3.45771297858257,5,True,neutral,sensitive,5,-1.1537091954529335,True
R5T,-3.4277544520587098,5,True,neutral,sensitive,5,-1.1437131582610416,True
R5V,-5.44094367948916,5,True,impactful,sensitive,5,-1.8154389314122363,True
R5W,-5.83653663837833,5,True,impactful,sensitive,5,-1.947433471489407,True
R5Y,-5.83653663837833,5,True,impactful,sensitive,5,-1.947433471489407,True
E6A,-3.4003305388862004,6,True,neutral,sensitive,6,-2.0049054796626504,True
E6C,-4.77345089873615,6,True,mild,sensitive,6,-2.814525751049934,True
E6D,-1.22537222701396,6,True,neutral,sensitive,6,-0.7225049048824056,True
E6E,0.0,6,True,neutral,sensitive,6,0.0,True
E6F,-5.6069193612873205,6,True,impactful,sensitive,6,-3.3059560601287097,True
E6G,-1.44014754644224,6,True,neutral,sensitive,6,-0.8491408921470737,True
E6H,-3.7533480485979904,6,True,neutral,sensitive,6,-2.213051932351295,True
E6I,-5.6069193612873205,6,True,impactful,sensitive,6,-3.3059560601287097,True
E6K,-3.45738665068528,6,True,neutral,sensitive,6,-2.038546947715838,True
E6L,-5.6069193612873205,6,True,impactful,sensitive,6,-3.3059560601287097,True
E6M,-5.6069193612873205,6,True,impactful,sensitive,6,-3.3059560601287097,True
E6N,-1.25434175412705,6,True,neutral,sensitive,6,-0.7395859395018503,True
E6P,-5.13901044298698,6,True,impactful,sensitive,6,-3.03006724768677,True
E6Q,-2.25105847416999,6,True,neutral,sensitive,6,-1.3272708103791495,True
E6R,-4.66221009994922,6,True,mild,sensitive,6,-2.7489358666256334,True
E6S,-3.1748457781354795,6,True,neutral,sensitive,6,-1.8719549834565896,True
E6T,-4.77345089873615,6,True,mild,sensitive,6,-2.814525751049934,True
E6V,-5.6069193612873205,6,True,impactful,sensitive,6,-3.3059560601287097,True
E6W,-5.6069193612873205,6,True,impactful,sensitive,6,-3.3059560601287097,True
E6Y,-5.6069193612873205,6,True,impactful,sensitive,6,-3.3059560601287097,True
L7A,-5.058126307414638,7,True,impactful,sensitive,7,-2.654361152426465,True
L7C,-5.2395178884248494,7,True,impactful,sensitive,7,-2.7495503068184637,True
L7D,-3.919139729762661,7,True,mild,sensitive,7,-2.0566533173289523,True
L7E,-4.95882064136842,7,True,impactful,sensitive,7,-2.602248356867659,True
L7F,-2.876374380499,7,True,neutral,sensitive,7,-1.5094396524340121,True
L7G,-6.09818953026065,7,True,impactful,sensitive,7,-3.200156818055266,True
L7H,-5.223455598329879,7,True,impactful,sensitive,7,-2.741121272773862,True
L7I,-2.39152277078626,7,True,neutral,sensitive,7,-1.2550032862194354,True
L7K,-2.90660744363429,7,True,neutral,sensitive,7,-1.5253051060482354,True
L7L,0.0,7,True,neutral,sensitive,7,0.0,True
L7M,-0.681353539305371,7,True,neutral,sensitive,7,-0.3575550027584946,True
L7N,-5.223455598329879,7,True,impactful,sensitive,7,-2.741121272773862,True
L7P,-3.83876270262913,7,True,mild,sensitive,7,-2.014473734336328,True
L7Q,-2.66520787556908,7,True,neutral,sensitive,7,-1.3986254628875778,True
L7R,-3.17334238761424,7,True,neutral,sensitive,7,-1.6652800355507205,True
L7S,-4.96984242531149,7,True,impactful,sensitive,7,-2.6080322763174433,True
L7T,-3.61889459852552,7,True,neutral,sensitive,7,-1.8990931924675385,True
L7V,-0.839558337612025,7,True,neutral,sensitive,7,-0.440576391555582,True
L7W,-5.52009854317929,7,True,impactful,sensitive,7,-2.8967910724377073,True
L7Y,-3.81861251475952,7,True,neutral,sensitive,7,-2.003899487541268,True
E8A,-2.0292448820357003,8,True,neutral,tolerant,8,-0.9921269819706588,True
E8C,-3.68282537935207,8,True,neutral,tolerant,8,-1.8005862481594939,True
E8D,-0.6188036518484039,8,True,neutral,tolerant,8,-0.3025419972600322,True
E8E,0.0,8,True,neutral,tolerant,8,0.0,True
E8F,-5.268553673526821,8,True,impactful,tolerant,8,-2.5758715972331987,True
E8G,-1.9712407632736495,8,True,neutral,tolerant,8,-0.9637679348203068,True
E8H,-3.42520040197733,8,True,neutral,tolerant,8,-1.6746296947904147,True
E8I,-4.58740572215934,8,True,mild,tolerant,8,-2.242848576084671,True
E8K,-2.36369938051544,8,True,neutral,tolerant,8,-1.1556465922063333,True
E8L,-3.4494845120944904,8,True,neutral,tolerant,8,-1.6865025451761266,True
E8M,-4.58740572215934,8,True,mild,tolerant,8,-2.242848576084671,True
E8N,-2.24244376446256,8,True,neutral,tolerant,8,-1.0963629791409386,True
E8P,-5.268553673526821,8,True,impactful,tolerant,8,-2.5758715972331987,True
E8Q,-1.3494247134703,8,True,neutral,tolerant,8,-0.6597531329135842,True
E8R,-2.55778476779337,8,True,neutral,tolerant,8,-1.2505377269477889,True
E8S,-2.1114006606464697,8,True,neutral,tolerant,8,-1.0322941226672435,True
E8T,-1.4840916584367498,8,True,neutral,tolerant,8,-0.725593737398313,True
E8V,-1.6969643517020698,8,True,neutral,tolerant,8,-0.8296702560003553,True
E8W,-5.268553673526821,8,True,impactful,tolerant,8,-2.5758715972331987,True
E8Y,-5.268553673526821,8,True,impactful,tolerant,8,-2.5758715972331987,True
K9A,-2.88766966131298,9,True,neutral,sensitive,9,-1.2097623891482905,True
K9C,-4.52707987463251,9,True,mild,sensitive,9,-1.8965780741383,True
K9D,-1.5918156580994902,9,True,neutral,sensitive,9,-0.6668763880528157,True
K9E,-1.7437019122722095,9,True,neutral,sensitive,9,-0.7305077237933542,True
K9F,-5.2378892702773,9,True,impactful,sensitive,9,-2.1943650697302077,True
K9G,-4.91374829153201,9,True,impactful,sensitive,9,-2.058569216720667,True
K9H,-4.1348538124090695,9,True,mild,sensitive,9,-1.7322586076568371,True
K9I,-4.94584281331864,9,True,impactful,sensitive,9,-2.072014918587241,True
K9K,0.0,9,True,neutral,sensitive,9,0.0,True
K9L,-4.6786167865752,9,True,mild,sensitive,9,-1.9600630561956274,True
K9M,-4.7392993025428485,9,True,mild,sensitive,9,-1.9854854327506979,True
K9N,-0.991460726898983,9,True,neutral,sensitive,9,-0.41536326463832807,True
K9P,-5.53942269042377,9,True,impactful,sensitive,9,-2.3206896960029324,True
K9Q,-2.27852270914551,9,True,neutral,sensitive,9,-0.9545659301941004,True
K9R,-2.51208763584711,9,True,neutral,sensitive,9,-1.0524157873066684,True
K9S,-2.8504848801125,9,True,neutral,sensitive,9,-1.194184170369417,True
K9T,-2.8662223687071,9,True,neutral,sensitive,9,-1.200777245074763,True
K9V,-3.40051764564804,9,True,neutral,sensitive,9,-1.4246152897799265,True
K9W,-5.4789175615345584,9,True,impactful,sensitive,9,-2.2953416341171224,True
K9Y,-5.4789175615345584,9,True,impactful,sensitive,9,-2.2953416341171224,True
Y10A,-4.18198693925481,10,True,mild,sensitive,10,-2.143887459653004,True
Y10C,-5.317677130088558,10,True,impactful,sensitive,10,-2.7260968241359205,True
Y10D,-4.3552849166151,10,True,mild,sensitive,10,-2.2327283302350054,True
Y10E,-3.33979076697956,10,True,neutral,sensitive,10,-1.7121372321808912,True
Y10F,-1.60768189735574,10,True,neutral,sensitive,10,-0.8241749935895989,True
Y10G,-5.975452441360838,10,True,impactful,sensitive,10,-3.063304056389323,True
Y10H,-4.87696439135231,10,True,mild,sensitive,10,-2.5001662969462934,True
Y10I,-3.58118496185044,10,True,neutral,sensitive,10,-1.835887496046835,True
Y10K,-6.00808948662897,10,True,impactful,sensitive,10,-3.0800353740827595,True
Y10L,-3.57773561432738,10,True,neutral,sensitive,10,-1.8341191947570201,True
Y10M,-5.266371675509321,10,True,impactful,sensitive,10,-2.6997951827673745,True
Y10N,-4.82913181688753,10,True,mild,sensitive,10,-2.475645020804711,True
Y10P,-2.59061263602872,10,True,neutral,sensitive,10,-1.328072522433619,True
Y10Q,-4.83065272602519,10,True,mild,sensitive,10,-2.4764247119120393,True
Y10R,-4.64917272273668,10,True,mild,sensitive,10,-2.38338934167309,True
Y10S,-5.22667915282734,10,True,impactful,sensitive,10,-2.6794468883188376,True
Y10T,-5.53364331258986,10,True,impactful,sensitive,10,-2.8368114669836997,True
Y10V,-5.266371675509321,10,True,impactful,sensitive,10,-2.6997951827673745,True
Y10W,-4.00866055815262,10,True,mild,sensitive,10,-2.0550320279480365,True
Y10Y,0.0,10,True,neutral,sensitive,10,0.0,True
R11A,-3.20329683150386,11,True,neutral,tolerant,11,-0.9137288730082765,True
R11C,-4.929754177696321,11,True,impactful,tolerant,11,-1.4061946069729612,True
R11D,-2.26292069442428,11,True,neutral,tolerant,11,-0.645489970048351,True
R11E,-1.39626514321421,11,True,neutral,tolerant,11,-0.398279598438245,True
R11F,-5.96489528061633,11,True,impactful,tolerant,11,-1.7014648748024959,True
R11G,-5.03257554967745,11,True,impactful,tolerant,11,-1.4355240326501235,True
R11H,-3.80846233446632,11,True,neutral,tolerant,11,-1.0863501510513036,True
R11I,-5.24207372958398,11,True,impactful,tolerant,11,-1.4952826332083524,True
R11K,-1.34927017866411,11,True,neutral,tolerant,11,-0.38487445422147654,True
R11L,-2.61450465582276,11,True,neutral,tolerant,11,-0.7457780275449143,True
R11M,-5.24207372958398,11,True,impactful,tolerant,11,-1.4952826332083524,True
R11N,-2.42222899927777,11,True,neutral,tolerant,11,-0.6909320896867922,True
R11P,-4.13312075416391,11,True,mild,tolerant,11,-1.1789577948467298,True
R11Q,-2.11864864009446,11,True,neutral,tolerant,11,-0.6043368866647274,True
R11R,0.0,11,True,neutral,tolerant,11,0.0,True
R11S,-3.3285025117116,11,True,neutral,tolerant,11,-0.9494433419096002,True
R11T,-3.2881577674752003,11,True,neutral,tolerant,11,-0.937935149062662,True
R11V,-5.24207372958398,11,True,impactful,tolerant,11,-1.4952826332083524,True
R11W,-5.96489528061633,11,True,impactful,tolerant,11,-1.7014648748024959,True
R11Y,-5.96489528061633,11,True,impactful,tolerant,11,-1.7014648748024959,True
D12A,-3.3501122873746096,12,True,neutral,sensitive,12,-0.8218391986998566,True
D12C,-4.70171662981145,12,True,mild,sensitive,12,-1.1534106012267982,True
D12D,0.0,12,True,neutral,sensitive,12,0.0,True
D12E,-1.27808774457857,12,True,neutral,sensitive,12,-0.31353653781429364,True
D12F,-5.74706117428503,12,True,impactful,sensitive,12,-1.4098512960754745,True
D12G,-3.90392678296423,12,True,mild,sensitive,12,-0.9576992601667589,True
D12H,-2.7565559816963194,12,True,neutral,sensitive,12,-0.6762297991342753,True
D12I,-4.35716512808945,12,True,mild,sensitive,12,-1.0688862910557053,True
D12K,-4.10178373294712,12,True,mild,sensitive,12,-1.0062369160071145,True
D12L,-5.55558619712715,12,True,impactful,sensitive,12,-1.3628792460962706,True
D12M,-5.55558619712715,12,True,impactful,sensitive,12,-1.3628792460962706,True
D12N,-1.3322469177873502,12,True,neutral,sensitive,12,-0.32682269890205584,True
D12P,-5.74706117428503,12,True,impactful,sensitive,12,-1.4098512960754745,True
D12Q,-3.53213442688343,12,True,neutral,sensitive,12,-0.8664923077443879,True
D12R,-5.55558619712715,12,True,impactful,sensitive,12,-1.3628792460962706,True
D12S,-2.58020438039392,12,True,neutral,sensitive,12,-0.6329677690077029,True
D12T,-4.70171662981145,12,True,mild,sensitive,12,-1.1534106012267982,True
D12V,-5.55558619712715,12,True,impactful,sensitive,12,-1.3628792460962706,True
D12W,-5.74706117428503,12,True,impactful,sensitive,12,-1.4098512960754745,True
D12Y,-5.74706117428503,12,True,impactful,sensitive,12,-1.4098512960754745,True
L13A,-3.17200304786765,13,True,neutral,sensitive,13,-1.8151723891007718,True
L13C,-4.6178146995415705,13,True,mild,sensitive,13,-2.6425352101178925,True
L13D,-3.412207781889609,13,True,neutral,sensitive,13,-1.952629066899698,True
L13E,-3.40494889429365,13,True,neutral,sensitive,13,-1.9484751830159392,True
L13F,-4.95396246665244,13,True,impactful,sensitive,13,-2.8348950963820956,True
L13G,-3.986131412438621,13,True,mild,sensitive,13,-2.281055714637429,True
L13H,-4.77078678940818,13,True,mild,sensitive,13,-2.7300731820676902,True
L13I,-0.6287203254728578,13,True,neutral,sensitive,13,-0.35978394662387464,True
L13K,-3.97260078873134,13,True,mild,sensitive,13,-2.273312842329258,True
L13L,0.0,13,True,neutral,sensitive,13,0.0,True
L13M,-2.08041189624972,13,True,neutral,sensitive,13,-1.1905115395673591,True
L13N,-3.32986314588656,13,True,neutral,sensitive,13,-1.905507513922702,True
L13P,-4.08031504285265,13,True,mild,sensitive,13,-2.334952108446932,True
L13Q,-4.77078678940818,13,True,mild,sensitive,13,-2.7300731820676902,True
L13R,-5.158374417998321,13,True,impactful,sensitive,13,-2.9518694260047242,True
L13S,-3.45430899451992,13,True,neutral,sensitive,13,-1.976721401478498,True
L13T,-3.19354638194165,13,True,neutral,sensitive,13,-1.827500518863001,True
L13V,-0.568101367150281,13,True,neutral,sensitive,13,-0.32509486917259,True
L13W,-5.21864102833726,13,True,impactful,sensitive,13,-2.9863568730282943,True
L13Y,-5.21864102833726,13,True,impactful,sensitive,13,-2.9863568730282943,True
D14A,-6.51993939939761,14,True,impactful,sensitive,14,-3.650900266012683,True
D14C,-6.51993939939761,14,True,impactful,sensitive,14,-3.650900266012683,True
D14D,0.0,14,True,neutral,sensitive,14,0.0,True
D14E,-2.61525094019526,14,True,neutral,sensitive,14,-1.464433910862876,True
D14F,-6.51993939939761,14,True,impactful,sensitive,14,-3.650900266012683,True
D14G,-6.51993939939761,14,True,impactful,sensitive,14,-3.650900266012683,True
D14H,-4.28585841610072,14,True,mild,sensitive,14,-2.3999059918993257,True
D14I,-6.51993939939761,14,True,impactful,sensitive,14,-3.650900266012683,True
D14K,-6.30326159075457,14,True,impactful,sensitive,14,-3.5295695264528937,True
D14L,-6.51993939939761,14,True,impactful,sensitive,14,-3.650900266012683,True
D14M,-6.51993939939761,14,True,impactful,sensitive,14,-3.650900266012683,True
D14N,-1.54083235884782,14,True,neutral,sensitive,14,-0.8628033060120467,True
D14P,-4.21899527660446,14,True,mild,sensitive,14,-2.362465359583649,True
D14Q,-4.28585841610072,14,True,mild,sensitive,14,-2.3999059918993257,True
D14R,-6.30326159075457,14,True,impactful,sensitive,14,-3.5295695264528937,True
D14S,-6.51993939939761,14,True,impactful,sensitive,14,-3.650900266012683,True
D14T,-6.51993939939761,14,True,impactful,sensitive,14,-3.650900266012683,True
D14V,-6.51993939939761,14,True,impactful,sensitive,14,-3.650900266012683,True
D14W,-6.51993939939761,14,True,impactful,sensitive,14,-3.650900266012683,True
D14Y,-6.51993939939761,14,True,impactful,sensitive,14,-3.650900266012683,True
E15A,-3.69695758860401,15,True,neutral,sensitive,15,-1.386553996890308,True
E15C,-5.530022123927361,15,True,impactful,sensitive,15,-2.074049835588908,True
E15D,-1.54988515269996,15,True,neutral,sensitive,15,-0.5812886411846959,True
E15E,0.0,15,True,neutral,sensitive,15,0.0,True
E15F,-5.81697200310022,15,True,impactful,sensitive,15,-2.181671168086952,True
E15G,-6.3225914753829695,15,True,impactful,sensitive,15,-2.3713051261178153,True
E15H,-4.23650112148152,15,True,mild,sensitive,15,-1.5889112660982887,True
E15I,-2.45092565695318,15,True,neutral,sensitive,15,-0.919226332540284,True
E15K,-6.3225914753829695,15,True,impactful,sensitive,15,-2.3713051261178153,True
E15L,-2.72943191603495,15,True,neutral,sensitive,15,-1.0236808623620917,True
E15M,-4.46134616915802,15,True,mild,sensitive,15,-1.6732400126594753,True
E15N,-2.52791656137172,15,True,neutral,sensitive,15,-0.9481019806068978,True
E15P,-6.3225914753829695,15,True,impactful,sensitive,15,-2.3713051261178153,True
E15Q,-4.23650112148152,15,True,mild,sensitive,15,-1.5889112660982887,True
E15R,-6.3225914753829695,15,True,impactful,sensitive,15,-2.3713051261178153,True
E15S,-5.530022123927361,15,True,impactful,sensitive,15,-2.074049835588908,True
E15T,-5.1064091084861785,15,True,impactful,sensitive,15,-1.9151726221999068,True
E15V,-2.60505563691362,15,True,neutral,sensitive,15,-0.9770332006562553,True
E15W,-6.10840899658995,15,True,impactful,sensitive,15,-2.2909754050115274,True
E15Y,-6.10840899658995,15,True,impactful,sensitive,15,-2.2909754050115274,True
D16A,-6.11285702318831,16,True,impactful,sensitive,16,-2.3701218987334602,True
D16C,-6.11285702318831,16,True,impactful,sensitive,16,-2.3701218987334602,True
D16D,0.0,16,True,neutral,sensitive,16,0.0,True
D16E,-1.47752706248246,16,True,neutral,sensitive,16,-0.5728776631740174,True
D16F,-6.23825927182401,16,True,impactful,sensitive,16,-2.4187437811878394,True
D16G,-6.452635831827589,16,True,impactful,sensitive,16,-2.5018634382503597,True
D16H,-2.7048320397599195,16,True,neutral,sensitive,16,-1.0487373785306005,True
D16I,-6.11285702318831,16,True,impactful,sensitive,16,-2.3701218987334602,True
D16K,-6.452635831827589,16,True,impactful,sensitive,16,-2.5018634382503597,True
D16L,-4.45295719871159,16,True,mild,sensitive,16,-1.7265333265204392,True
D16M,-6.11285702318831,16,True,impactful,sensitive,16,-2.3701218987334602,True
D16N,-2.58747540237873,16,True,neutral,sensitive,16,-1.0032349996652423,True
D16P,-6.452635831827589,16,True,impactful,sensitive,16,-2.5018634382503597,True
D16Q,-4.24034002217412,16,True,mild,sensitive,16,-1.64409583055959,True
D16R,-6.452635831827589,16,True,impactful,sensitive,16,-2.5018634382503597,True
D16S,-6.11285702318831,16,True,impactful,sensitive,16,-2.3701218987334602,True
D16T,-4.75497762427062,16,True,mild,sensitive,16,-1.843634907952308,True
D16V,-6.11285702318831,16,True,impactful,sensitive,16,-2.3701218987334602,True
D16W,-6.23825927182401,16,True,impactful,sensitive,16,-2.4187437811878394,True
D16Y,-6.23825927182401,16,True,impactful,sensitive,16,-2.4187437811878394,True
E17A,-1.7020294074366298,17,True,neutral,tolerant,17,-0.746807663829104,True
E17C,-4.28149352730448,17,True,mild,tolerant,17,-1.8786115944032165,True
E17D,-0.758319202886498,17,True,neutral,tolerant,17,-0.3327313792993316,True
E17E,0.0,17,True,neutral,tolerant,17,0.0,True
E17F,-5.59549299555517,17,True,impactful,tolerant,17,-2.455161487647948,True
E17G,-3.6167746226248094,17,True,neutral,tolerant,17,-1.5869496700334706,True
E17H,-3.73651569255292,17,True,neutral,tolerant,17,-1.6394890376299962,True
E17I,-5.02890226617868,17,True,impactful,tolerant,17,-2.2065557367108046,True
E17K,-0.910680742227319,17,True,neutral,tolerant,17,-0.39958378781552295,True
E17L,-3.48683165812173,17,True,neutral,tolerant,17,-1.5299339678795782,True
E17M,-5.02890226617868,17,True,impactful,tolerant,17,-2.2065557367108046,True
E17N,-3.25611387338004,17,True,neutral,tolerant,17,-1.4287008111115844,True
E17P,-5.790405982728619,17,True,impactful,tolerant,17,-2.540684400451307,True
E17Q,-0.37311939207843103,17,True,neutral,tolerant,17,-0.16371539781271566,True
E17R,-4.38719816719667,17,True,mild,tolerant,17,-1.9249921297975336,True
E17S,-2.61441570973258,17,True,neutral,tolerant,17,-1.1471398084737214,True
E17T,-2.74295649807047,17,True,neutral,tolerant,17,-1.2035402710191636,True
E17V,-3.61542718863784,17,True,neutral,tolerant,17,-1.5863584499149603,True
E17W,-5.59549299555517,17,True,impactful,tolerant,17,-2.455161487647948,True
E17Y,-5.59549299555517,17,True,impactful,tolerant,17,-2.455161487647948,True
I18A,-6.3135915717824505,18,True,impactful,sensitive,18,-3.535710849994605,True
I18C,-6.3135915717824505,18,True,impactful,sensitive,18,-3.535710849994605,True
I18D,-6.3135915717824505,18,True,impactful,sensitive,18,-3.535710849994605,True
I18E,-6.3135915717824505,18,True,impactful,sensitive,18,-3.535710849994605,True
I18F,-6.3135915717824505,18,True,impactful,sensitive,18,-3.535710849994605,True
I18G,-6.3135915717824505,18,True,impactful,sensitive,18,-3.535710849994605,True
I18H,-6.3135915717824505,18,True,impactful,sensitive,18,-3.535710849994605,True
I18I,0.0,18,True,neutral,sensitive,18,0.0,True
I18K,-6.3135915717824505,18,True,impactful,sensitive,18,-3.535710849994605,True
I18L,-0.679710844106725,18,True,neutral,sensitive,18,-0.38064879221964804,True
I18M,-3.6783848422964303,18,True,neutral,sensitive,18,-2.0599535224118743,True
I18N,-6.3135915717824505,18,True,impactful,sensitive,18,-3.535710849994605,True
I18P,-6.3135915717824505,18,True,impactful,sensitive,18,-3.535710849994605,True
I18Q,-6.3135915717824505,18,True,impactful,sensitive,18,-3.535710849994605,True
I18R,-6.3135915717824505,18,True,impactful,sensitive,18,-3.535710849994605,True
I18S,-6.3135915717824505,18,True,impactful,sensitive,18,-3.535710849994605,True
I18T,-6.3135915717824505,18,True,impactful,sensitive,18,-3.535710849994605,True
I18V,-3.87368816193269,18,True,mild,sensitive,18,-2.169326461479413,True
I18W,-6.3135915717824505,18,True,impactful,sensitive,18,-3.535710849994605,True
I18Y,-6.3135915717824505,18,True,impactful,sensitive,18,-3.535710849994605,True
L19A,-6.74456833654461,19,True,impactful,sensitive,19,-4.12891208205777,True
L19C,-6.74456833654461,19,True,impactful,sensitive,19,-4.12891208205777,True
L19D,-4.511032419268701,19,True,mild,sensitive,19,-2.761578699937254,True
L19E,-4.3883938225227,19,True,mild,sensitive,19,-2.686501399424558,True
L19F,-6.74456833654461,19,True,impactful,sensitive,19,-4.12891208205777,True
L19G,-6.74456833654461,19,True,impactful,sensitive,19,-4.12891208205777,True
L19H,-6.115650176369928,19,True,impactful,sensitive,19,-3.7438988891302656,True
L19I,-1.67573509947777,19,True,neutral,sensitive,19,-1.0258570383329795,True
L19K,-6.74456833654461,19,True,impactful,sensitive,19,-4.12891208205777,True
L19L,0.0,19,True,neutral,sensitive,19,0.0,True
L19M,-1.55250120503879,19,True,neutral,sensitive,19,-0.9504153065158153,True
L19N,-6.115650176369928,19,True,impactful,sensitive,19,-3.7438988891302656,True
L19P,-6.74456833654461,19,True,impactful,sensitive,19,-4.12891208205777,True
L19Q,-6.115650176369928,19,True,impactful,sensitive,19,-3.7438988891302656,True
L19R,-6.74456833654461,19,True,impactful,sensitive,19,-4.12891208205777,True
L19S,-6.74456833654461,19,True,impactful,sensitive,19,-4.12891208205777,True
L19T,-6.74456833654461,19,True,impactful,sensitive,19,-4.12891208205777,True
L19V,-2.5151158573407297,19,True,neutral,sensitive,19,-1.5397119182381258,True
L19W,-6.74456833654461,19,True,impactful,sensitive,19,-4.12891208205777,True
L19Y,-6.74456833654461,19,True,impactful,sensitive,19,-4.12891208205777,True
G20A,-1.2848324367639798,20,True,neutral,tolerant,20,-0.4767138003893363,True
G20C,-3.05840484122661,20,True,neutral,tolerant,20,-1.1347657120662418,True
G20D,-1.1618526619153702,20,True,neutral,tolerant,20,-0.4310843827613355,True
G20E,-1.77137081696296,20,True,neutral,tolerant,20,-0.6572350525178225,True
G20F,-4.7357023249401,20,True,mild,tolerant,20,-1.7570965584592575,True
G20G,0.0,20,True,neutral,tolerant,20,0.0,True
G20H,-3.40729357938622,20,True,neutral,tolerant,20,-1.2642145580963176,True
G20I,-4.7357023249401,20,True,mild,tolerant,20,-1.7570965584592575,True
G20K,-0.5783537857197459,20,True,neutral,tolerant,20,-0.21458769507285327,True
G20L,-4.7357023249401,20,True,mild,tolerant,20,-1.7570965584592575,True
G20M,-4.7357023249401,20,True,mild,tolerant,20,-1.7570965584592575,True
G20N,-0.499668661183902,20,True,neutral,tolerant,20,-0.1853930050274611,True
G20P,-4.7357023249401,20,True,mild,tolerant,20,-1.7570965584592575,True
G20Q,-0.536638870807316,20,True,neutral,tolerant,20,-0.19911013157756358,True
G20R,-0.654015420397837,20,True,neutral,tolerant,20,-0.2426605739782978,True
G20S,0.0850548982322532,20,True,neutral,tolerant,20,0.03155807918435516,True
G20T,-0.243696841345916,20,True,neutral,tolerant,20,-0.0904192983121499,True
G20V,-4.7357023249401,20,True,mild,tolerant,20,-1.7570965584592575,True
G20W,-4.7357023249401,20,True,mild,tolerant,20,-1.7570965584592575,True
G20Y,-4.7357023249401,20,True,mild,tolerant,20,-1.7570965584592575,True
A21A,0.0,21,True,neutral,tolerant,21,0.0,True
A21C,-3.39940159695514,21,True,neutral,tolerant,21,-1.3641212991483262,True
A21D,-1.70505454491327,21,True,neutral,tolerant,21,-0.6842090157894756,True
A21E,-1.3395426200683502,21,True,neutral,tolerant,21,-0.537535377046628,True
A21F,-5.41191454608065,21,True,impactful,tolerant,21,-2.171708075942486,True
A21G,-1.6628138842607,21,True,neutral,tolerant,21,-0.667258566352175,True
A21H,-3.58599483004063,21,True,neutral,tolerant,21,-1.4389979491319158,True
A21I,-4.20835138526784,21,True,mild,tolerant,21,-1.688738913368223,True
A21K,-0.6689657482159661,21,True,neutral,tolerant,21,-0.268444430443132,True
A21L,-2.74873425852664,21,True,neutral,tolerant,21,-1.103019705325023,True
A21M,-2.67184366860675,21,True,neutral,tolerant,21,-1.072164836189305,True
A21N,-0.760022300539024,21,True,neutral,tolerant,21,-0.30498385625329655,True
A21P,-5.41191454608065,21,True,impactful,tolerant,21,-2.171708075942486,True
A21Q,-1.41382791647203,21,True,neutral,tolerant,21,-0.5673447867758497,True
A21R,-2.24962187118732,21,True,neutral,tolerant,21,-0.9027345025269259,True
A21S,-1.6471903740063998,21,True,neutral,tolerant,21,-0.6609891208343395,True
A21T,-1.4721480725010498,21,True,neutral,tolerant,21,-0.5907476607052196,True
A21V,-3.10789307767819,21,True,neutral,tolerant,21,-1.2471439521984815,True
A21W,-5.41191454608065,21,True,impactful,tolerant,21,-2.171708075942486,True
A21Y,-5.41191454608065,21,True,impactful,tolerant,21,-2.171708075942486,True
L22A,-6.84059954102465,22,True,impactful,sensitive,22,-4.969190973364906,True
L22C,-6.84059954102465,22,True,impactful,sensitive,22,-4.969190973364906,True
L22D,-6.84059954102465,22,True,impactful,sensitive,22,-4.969190973364906,True
L22E,-6.84059954102465,22,True,impactful,sensitive,22,-4.969190973364906,True
L22F,-6.84059954102465,22,True,impactful,sensitive,22,-4.969190973364906,True
L22G,-6.84059954102465,22,True,impactful,sensitive,22,-4.969190973364906,True
L22H,-6.84059954102465,22,True,impactful,sensitive,22,-4.969190973364906,True
L22I,-4.49261063911671,22,True,mild,sensitive,22,-3.263550234282228,True
L22K,-6.84059954102465,22,True,impactful,sensitive,22,-4.969190973364906,True
L22L,0.0,22,True,neutral,sensitive,22,0.0,True
L22M,-1.5131230600093002,22,True,neutral,sensitive,22,-1.0991722883784296,True
L22N,-6.84059954102465,22,True,impactful,sensitive,22,-4.969190973364906,True
L22P,-6.84059954102465,22,True,impactful,sensitive,22,-4.969190973364906,True
L22Q,-6.84059954102465,22,True,impactful,sensitive,22,-4.969190973364906,True
L22R,-6.84059954102465,22,True,impactful,sensitive,22,-4.969190973364906,True
L22S,-6.84059954102465,22,True,impactful,sensitive,22,-4.969190973364906,True
L22T,-6.84059954102465,22,True,impactful,sensitive,22,-4.969190973364906,True
L22V,-4.49261063911671,22,True,mild,sensitive,22,-3.263550234282228,True
L22W,-6.84059954102465,22,True,impactful,sensitive,22,-4.969190973364906,True
L22Y,-6.84059954102465,22,True,impactful,sensitive,22,-4.969190973364906,True
T23A,-2.8064358501225097,23,True,neutral,sensitive,23,-1.4874416717117573,True
T23C,-4.02645841215758,23,True,mild,sensitive,23,-2.134066963047131,True
T23D,-4.35964007218693,23,True,mild,sensitive,23,-2.3106568841586794,True
T23E,-5.050069888510941,23,True,impactful,sensitive,23,-2.676592232421779,True
T23F,-6.12693672979721,23,True,impactful,sensitive,23,-3.24734342723134,True
T23G,-6.12693672979721,23,True,impactful,sensitive,23,-3.24734342723134,True
T23H,-5.312682873849839,23,True,impactful,sensitive,23,-2.8157799847121634,True
T23I,-6.12693672979721,23,True,impactful,sensitive,23,-3.24734342723134,True
T23K,-6.12693672979721,23,True,impactful,sensitive,23,-3.24734342723134,True
T23L,-6.12693672979721,23,True,impactful,sensitive,23,-3.24734342723134,True
T23M,-6.12693672979721,23,True,impactful,sensitive,23,-3.24734342723134,True
T23N,-3.06659072709047,23,True,neutral,sensitive,23,-1.6253265997012203,True
T23P,-6.12693672979721,23,True,impactful,sensitive,23,-3.24734342723134,True
T23Q,-5.312682873849839,23,True,impactful,sensitive,23,-2.8157799847121634,True
T23R,-6.12693672979721,23,True,impactful,sensitive,23,-3.24734342723134,True
T23S,-0.477168674380743,23,True,neutral,sensitive,23,-0.2529046123318273,True
T23T,0.0,23,True,neutral,sensitive,23,0.0,True
T23V,-6.12693672979721,23,True,impactful,sensitive,23,-3.24734342723134,True
T23W,-6.12693672979721,23,True,impactful,sensitive,23,-3.24734342723134,True
T23Y,-6.12693672979721,23,True,impactful,sensitive,23,-3.24734342723134,True
E24A,-1.45975709239524,24,True,neutral,tolerant,24,-0.6308088453617703,True
E24C,-4.17975247227865,24,True,mild,tolerant,24,-1.8062079264227435,True
E24D,-1.3516675352184702,24,True,neutral,tolerant,24,-0.5840998078694681,True
E24E,0.0,24,True,neutral,tolerant,24,0.0,True
E24F,-3.64741523149272,24,True,neutral,tolerant,24,-1.576167571111134,True
E24G,-5.84198490097674,24,True,impactful,tolerant,24,-2.524512995486954,True
E24H,-4.06539583346828,24,True,mild,tolerant,24,-1.7567906777152504,True
E24I,-4.9688998548743095,24,True,impactful,tolerant,24,-2.1472243543125473,True
E24K,-3.65132737859426,24,True,neutral,tolerant,24,-1.5778581379930243,True
E24L,-3.37748270551503,24,True,neutral,tolerant,24,-1.4595208865876317,True
E24M,-4.6158916809155714,24,True,mild,tolerant,24,-1.9946779616433443,True
E24N,-2.43804052660402,24,True,neutral,tolerant,24,-1.0535571551899514,True
E24P,-1.30132369393554,24,True,neutral,tolerant,24,-0.5623445853353871,True
E24Q,-2.27944762915284,24,True,neutral,tolerant,24,-0.9850239704259006,True
E24R,-5.22538889503784,24,True,impactful,tolerant,24,-2.2580616683536276,True
E24S,-2.45415478564421,24,True,neutral,tolerant,24,-1.0605206542487733,True
E24T,-3.704865057919041,24,True,neutral,tolerant,24,-1.6009935225403251,True
E24V,-1.5591800893872902,24,True,neutral,tolerant,24,-0.6737727783761686,True
E24W,-5.2649836235788605,24,True,impactful,tolerant,24,-2.2751718472481115,True
E24Y,-5.2649836235788605,24,True,impactful,tolerant,24,-2.2751718472481115,True
E25A,-2.14389380251368,25,True,neutral,tolerant,25,-0.7456635141562103,True
E25C,-4.752558021227861,25,True,mild,tolerant,25,-1.6529779185820654,True
E25D,-0.154229385079011,25,True,neutral,tolerant,25,-0.053642221050934226,True
E25E,0.0,25,True,neutral,tolerant,25,0.0,True
E25F,-5.92895640634111,25,True,impactful,tolerant,25,-2.0621387421558532,True
E25G,-3.75019908887195,25,True,neutral,tolerant,25,-1.30434941698836,True
E25H,-3.9080009050714906,25,True,mild,tolerant,25,-1.3592341583265828,True
E25I,-3.72278368769168,25,True,neutral,tolerant,25,-1.294814119875176,True
E25K,-2.88798887687912,25,True,neutral,tolerant,25,-1.004465767965198,True
E25L,-2.55613750659626,25,True,neutral,tolerant,25,-0.8890451913244424,True
E25M,-5.0896735197195095,25,True,impactful,tolerant,25,-1.7702294013687,True
E25N,-2.39883954850981,25,True,neutral,tolerant,25,-0.8343356958919651,True
E25P,-5.92895640634111,25,True,impactful,tolerant,25,-2.0621387421558532,True
E25Q,-1.43259175954486,25,True,neutral,tolerant,25,-0.49826694051774656,True
E25R,-5.37429417745438,25,True,impactful,tolerant,25,-1.8692227561697625,True
E25S,-2.24262867391345,25,True,neutral,tolerant,25,-0.7800042968439501,True
E25T,-2.16146410926506,25,True,neutral,tolerant,25,-0.751774608213983,True
E25V,-2.54917256886132,25,True,neutral,tolerant,25,-0.8866227299407556,True
E25W,-5.92895640634111,25,True,impactful,tolerant,25,-2.0621387421558532,True
E25Y,-5.92895640634111,25,True,impactful,tolerant,25,-2.0621387421558532,True
E26A,-6.0763749070809805,26,True,impactful,sensitive,26,-3.622724938079089,True
E26C,-6.0763749070809805,26,True,impactful,sensitive,26,-3.622724938079089,True
E26D,-1.63549631383215,26,True,neutral,sensitive,26,-0.9750802695455195,True
E26E,0.0,26,True,neutral,sensitive,26,0.0,True
E26F,-6.82996495631607,26,True,impactful,sensitive,26,-4.072014112331783,True
E26G,-6.82996495631607,26,True,impactful,sensitive,26,-4.072014112331783,True
E26H,-4.48712649527013,26,True,mild,sensitive,26,-2.675217593270513,True
E26I,-6.82996495631607,26,True,impactful,sensitive,26,-4.072014112331783,True
E26K,-6.82996495631607,26,True,impactful,sensitive,26,-4.072014112331783,True
E26L,-6.82996495631607,26,True,impactful,sensitive,26,-4.072014112331783,True
E26M,-6.82996495631607,26,True,impactful,sensitive,26,-4.072014112331783,True
E26N,-4.48712649527013,26,True,mild,sensitive,26,-2.675217593270513,True
E26P,-6.82996495631607,26,True,impactful,sensitive,26,-4.072014112331783,True
E26Q,-2.73768423974164,26,True,neutral,sensitive,26,-1.63220293671158,True
E26R,-6.82996495631607,26,True,impactful,sensitive,26,-4.072014112331783,True
E26S,-4.32731407945994,26,True,mild,sensitive,26,-2.579937688224568,True
E26T,-6.0763749070809805,26,True,impactful,sensitive,26,-3.622724938079089,True
E26V,-6.82996495631607,26,True,impactful,sensitive,26,-4.072014112331783,True
E26W,-6.82996495631607,26,True,impactful,sensitive,26,-4.072014112331783,True
E26Y,-6.82996495631607,26,True,impactful,sensitive,26,-4.072014112331783,True
L27A,-5.80899425563043,27,True,impactful,sensitive,27,-3.913050180897673,True
L27C,-6.1791372416952095,27,True,impactful,sensitive,27,-4.162385610550564,True
L27D,-6.39135118249544,27,True,impactful,sensitive,27,-4.305336999877981,True
L27E,-6.39135118249544,27,True,impactful,sensitive,27,-4.305336999877981,True
L27F,-6.39135118249544,27,True,impactful,sensitive,27,-4.305336999877981,True
L27G,-6.39135118249544,27,True,impactful,sensitive,27,-4.305336999877981,True
L27H,-6.39135118249544,27,True,impactful,sensitive,27,-4.305336999877981,True
L27I,-0.511378023759761,27,True,neutral,sensitive,27,-0.34447406561655497,True
L27K,-6.39135118249544,27,True,impactful,sensitive,27,-4.305336999877981,True
L27L,0.0,27,True,neutral,sensitive,27,0.0,True
L27M,-2.56414699882092,27,True,neutral,sensitive,27,-1.7272587019446983,True
L27N,-6.39135118249544,27,True,impactful,sensitive,27,-4.305336999877981,True
L27P,-6.39135118249544,27,True,impactful,sensitive,27,-4.305336999877981,True
L27Q,-6.39135118249544,27,True,impactful,sensitive,27,-4.305336999877981,True
L27R,-6.39135118249544,27,True,impactful,sensitive,27,-4.305336999877981,True
L27S,-6.1791372416952095,27,True,impactful,sensitive,27,-4.162385610550564,True
L27T,-6.1791372416952095,27,True,impactful,sensitive,27,-4.162385610550564,True
L27V,-2.44447817582907,27,True,neutral,sensitive,27,-1.64664748271304,True
L27W,-6.39135118249544,27,True,impactful,sensitive,27,-4.305336999877981,True
L27Y,-6.39135118249544,27,True,impactful,sensitive,27,-4.305336999877981,True
R28A,-1.6622503960127402,28,True,neutral,sensitive,28,-0.7975310438276492,True
R28C,-4.22479278963608,28,True,mild,sensitive,28,-2.027013145285582,True
R28D,-1.28069776208608,28,True,neutral,sensitive,28,-0.6144659225073917,True
R28E,-1.25775931223094,28,True,neutral,sensitive,28,-0.6034602846680864,True
R28F,-5.696980809819928,28,True,impactful,sensitive,28,-2.733354170238351,True
R28G,-5.696980809819928,28,True,impactful,sensitive,28,-2.733354170238351,True
R28H,-3.87538335648943,28,True,mild,sensitive,28,-1.8593700088428946,True
R28I,-5.03991512768315,28,True,impactful,sensitive,28,-2.4181006557288227,True
R28K,-0.476635853344935,28,True,neutral,sensitive,28,-0.22868509495061345,True
R28L,-1.8505356304822296,28,True,neutral,sensitive,28,-0.8878684081284693,True
R28M,-5.03991512768315,28,True,impactful,sensitive,28,-2.4181006557288227,True
R28N,-2.23679106934404,28,True,neutral,sensitive,28,-1.0731898880201218,True
R28P,-5.696980809819928,28,True,impactful,sensitive,28,-2.733354170238351,True
R28Q,-0.593993796664207,28,True,neutral,sensitive,28,-0.2849922573741547,True
R28R,0.0,28,True,neutral,sensitive,28,0.0,True
R28S,-2.62907558517084,28,True,neutral,sensitive,28,-1.261404058481582,True
R28T,-1.20912497942744,28,True,neutral,sensitive,28,-0.5801260202878965,True
R28V,-5.03991512768315,28,True,impactful,sensitive,28,-2.4181006557288227,True
R28W,-5.696980809819928,28,True,impactful,sensitive,28,-2.733354170238351,True
R28Y,-5.696980809819928,28,True,impactful,sensitive,28,-2.733354170238351,True
T29A,-0.415681050376624,29,True,neutral,tolerant,29,-0.22688874574576745,True
T29C,-4.0094575662331895,29,True,mild,tolerant,29,-2.1884586692111645,True
T29D,-1.4123379440395802,29,True,neutral,tolerant,29,-0.7708881230019056,True
T29E,-1.33061637623675,29,True,neutral,tolerant,29,-0.7262825197338175,True
T29F,-5.031976237508442,29,True,impactful,tolerant,29,-2.746574028612492,True
T29G,-5.23468019899139,29,True,impactful,tolerant,29,-2.8572147410935984,True
T29H,-1.96459190254655,29,True,neutral,tolerant,29,-1.0723216568742202,True
T29I,-2.02408809549691,29,True,neutral,tolerant,29,-1.1047961143529161,True
T29K,-0.266520216268477,29,True,neutral,tolerant,29,-0.1454731639324351,True
T29L,-2.08807351027147,29,True,neutral,tolerant,29,-1.1397208974073016,True
T29M,-0.18233909880743,29,True,neutral,tolerant,29,-0.09952507912339958,True
T29N,-1.93802109061102,29,True,neutral,tolerant,29,-1.0578186666897103,True
T29P,-5.23468019899139,29,True,impactful,tolerant,29,-2.8572147410935984,True
T29Q,0.0170434600040692,29,True,neutral,tolerant,29,0.00930273164963325,True
T29R,-0.493621304449916,29,True,neutral,tolerant,29,-0.26943041675476204,True
T29S,-2.79458628442464,29,True,neutral,tolerant,29,-1.5253526144069995,True
T29T,0.0,29,True,neutral,tolerant,29,0.0,True
T29V,-3.7033351113814,29,True,neutral,tolerant,29,-2.0213696480421506,True
T29W,-5.031976237508442,29,True,impactful,tolerant,29,-2.746574028612492,True
T29Y,-5.031976237508442,29,True,impactful,tolerant,29,-2.746574028612492,True
L30A,-6.78172426777032,30,True,impactful,sensitive,30,-4.666817324750878,True
L30C,-6.78172426777032,30,True,impactful,sensitive,30,-4.666817324750878,True
L30D,-6.78172426777032,30,True,impactful,sensitive,30,-4.666817324750878,True
L30E,-6.78172426777032,30,True,impactful,sensitive,30,-4.666817324750878,True
L30F,-5.74502911296472,30,True,impactful,sensitive,30,-3.9534195636645637,True
L30G,-6.78172426777032,30,True,impactful,sensitive,30,-4.666817324750878,True
L30H,-6.78172426777032,30,True,impactful,sensitive,30,-4.666817324750878,True
L30I,-2.5272641280728503,30,True,neutral,sensitive,30,-1.7391270348697758,True
L30K,-6.78172426777032,30,True,impactful,sensitive,30,-4.666817324750878,True
L30L,0.0,30,True,neutral,sensitive,30,0.0,True
L30M,-4.45477004657532,30,True,mild,sensitive,30,-3.0655327775474626,True
L30N,-6.78172426777032,30,True,impactful,sensitive,30,-4.666817324750878,True
L30P,-6.78172426777032,30,True,impactful,sensitive,30,-4.666817324750878,True
L30Q,-6.78172426777032,30,True,impactful,sensitive,30,-4.666817324750878,True
L30R,-6.78172426777032,30,True,impactful,sensitive,30,-4.666817324750878,True
L30S,-6.78172426777032,30,True,impactful,sensitive,30,-4.666817324750878,True
L30T,-6.78172426777032,30,True,impactful,sensitive,30,-4.666817324750878,True
L30V,-4.45477004657532,30,True,mild,sensitive,30,-3.0655327775474626,True
L30W,-6.33128950395525,30,True,impactful,sensitive,30,-4.356852384207318,True
L30Y,-6.33128950395525,30,True,impactful,sensitive,30,-4.356852384207318,True
E31A,-2.87171661232452,31,True,neutral,sensitive,31,-1.3373853209311215,True
E31C,-4.68793356421642,31,True,mild,sensitive,31,-2.183214564896927,True
E31D,-1.40279541000708,31,True,neutral,sensitive,31,-0.6532949600811849,True
E31E,0.0,31,True,neutral,sensitive,31,0.0,True
E31F,-6.32059874996254,31,True,impactful,sensitive,31,-2.943562032345917,True
E31G,-3.79865615354102,31,True,neutral,sensitive,31,-1.7690697463696456,True
E31H,-3.98131153440229,31,True,mild,sensitive,31,-1.8541340678645204,True
E31I,-5.22346859176482,31,True,impactful,sensitive,31,-2.4326182426880756,True
E31K,-6.32059874996254,31,True,impactful,sensitive,31,-2.943562032345917,True
E31L,-3.7189620503558,31,True,neutral,sensitive,31,-1.7319554561547728,True
E31M,-5.22346859176482,31,True,impactful,sensitive,31,-2.4326182426880756,True
E31N,-2.22964704305457,31,True,neutral,sensitive,31,-1.038367509329187,True
E31P,-6.32059874996254,31,True,impactful,sensitive,31,-2.943562032345917,True
E31Q,-2.39935726642027,31,True,neutral,sensitive,31,-1.1174031497427126,True
E31R,-6.32059874996254,31,True,impactful,sensitive,31,-2.943562032345917,True
E31S,-2.9062359123211,31,True,neutral,sensitive,31,-1.353461282224139,True
E31T,-2.32785488714387,31,True,neutral,sensitive,31,-1.084103822070369,True
E31V,-3.535847385004549,31,True,neutral,sensitive,31,-1.6466772415715636,True
E31W,-6.32059874996254,31,True,impactful,sensitive,31,-2.943562032345917,True
E31Y,-6.32059874996254,31,True,impactful,sensitive,31,-2.943562032345917,True
N32A,-1.6388331716707,32,True,neutral,tolerant,32,-0.9035614133049739,True
N32C,-1.17744820131333,32,True,neutral,tolerant,32,-0.6491794157348474,True
N32D,-0.3575732630035,32,True,neutral,tolerant,32,-0.1971459990342652,True
N32E,-1.25619914992125,32,True,neutral,tolerant,32,-0.6925983064757149,True
N32F,-1.70959197956721,32,True,neutral,tolerant,32,-0.9425738824030747,True
N32G,-1.11757556015632,32,True,neutral,tolerant,32,-0.616168973185055,True
N32H,-1.23996093471451,32,True,neutral,tolerant,32,-0.6836454582325988,True
N32I,-1.6811372158535305,32,True,neutral,tolerant,32,-0.9268855091379785,True
N32K,-1.87446165527597,32,True,neutral,tolerant,32,-1.0334738469447207,True
N32L,-1.6473162019836,32,True,neutral,tolerant,32,-0.9082384841570478,True
N32M,-1.6496076394513,32,True,neutral,tolerant,32,-0.9095018552631526,True
N32N,0.0,32,True,neutral,tolerant,32,0.0,True
N32P,-4.89044196651775,32,True,impactful,tolerant,32,-2.6963175577218736,True
N32Q,-2.5127484483369704,32,True,neutral,tolerant,32,-1.3853896653462674,True
N32R,-1.85593979718858,32,True,neutral,tolerant,32,-1.0232619250970472,True
N32S,-1.09027715538241,32,True,neutral,tolerant,32,-0.6011181518904507,True
N32T,-1.12650073665271,32,True,neutral,tolerant,32,-0.6210898188382177,True
N32V,-1.72354457304322,32,True,neutral,tolerant,32,-0.9502665660138178,True
N32W,-3.95019379734238,32,True,mild,tolerant,32,-2.1779170400343904,True
N32Y,-1.6426191387579,32,True,neutral,tolerant,32,-0.9056487848759003,True
E33A,-2.1537235918281,33,True,neutral,sensitive,33,-1.126294489260399,True
E33C,-4.91218698101419,33,True,impactful,sensitive,33,-2.5688389856178637,True
E33D,-1.46274689257912,33,True,neutral,sensitive,33,-0.7649467046494284,True
E33E,0.0,33,True,neutral,sensitive,33,0.0,True
E33F,-5.826351072804449,33,True,impactful,sensitive,33,-3.046903108038122,True
E33G,-6.1545285356753885,33,True,impactful,sensitive,33,-3.218524234042159,True
E33H,-4.09555862462446,33,True,mild,sensitive,33,-2.141781390546053,True
E33I,-4.45140303038345,33,True,mild,sensitive,33,-2.327871005184254,True
E33K,-6.1545285356753885,33,True,impactful,sensitive,33,-3.218524234042159,True
E33L,-3.07980547001728,33,True,neutral,sensitive,33,-1.6105910442900309,True
E33M,-2.97787315333131,33,True,neutral,sensitive,33,-1.5572853150884922,True
E33N,-4.09555862462446,33,True,mild,sensitive,33,-2.141781390546053,True
E33P,-6.1545285356753885,33,True,impactful,sensitive,33,-3.218524234042159,True
E33Q,-4.09555862462446,33,True,mild,sensitive,33,-2.141781390546053,True
E33R,-6.1545285356753885,33,True,impactful,sensitive,33,-3.218524234042159,True
E33S,-4.91218698101419,33,True,impactful,sensitive,33,-2.5688389856178637,True
E33T,-4.91218698101419,33,True,impactful,sensitive,33,-2.5688389856178637,True
E33V,-1.96078601482558,33,True,neutral,sensitive,33,-1.02539735901875,True
E33W,-5.826351072804449,33,True,impactful,sensitive,33,-3.046903108038122,True
E33Y,-4.1614026112062685,33,True,mild,sensitive,33,-2.176214648146709,True
L34A,-5.9349569049456,34,True,impactful,sensitive,34,-2.7935766062556944,True
L34C,-5.9349569049456,34,True,impactful,sensitive,34,-2.7935766062556944,True
L34D,-5.75142639669656,34,True,impactful,sensitive,34,-2.707189031317872,True
L34E,-5.75142639669656,34,True,impactful,sensitive,34,-2.707189031317872,True
L34F,-4.12795874747982,34,True,mild,sensitive,34,-1.9430248901957077,True
L34G,-6.437487798724018,34,True,impactful,sensitive,34,-3.030117253688251,True
L34H,-5.75142639669656,34,True,impactful,sensitive,34,-2.707189031317872,True
L34I,-3.04121946171633,34,True,neutral,sensitive,34,-1.4314981016392314,True
L34K,-6.22105952306599,34,True,impactful,sensitive,34,-2.9282447418075486,True
L34L,0.0,34,True,neutral,sensitive,34,0.0,True
L34M,-2.5243352179427703,34,True,neutral,sensitive,34,-1.1882013507656515,True
L34N,-4.08274284494762,34,True,mild,sensitive,34,-1.921741822842778,True
L34P,-6.437487798724018,34,True,impactful,sensitive,34,-3.030117253688251,True
L34Q,-5.75142639669656,34,True,impactful,sensitive,34,-2.707189031317872,True
L34R,-6.22105952306599,34,True,impactful,sensitive,34,-2.9282447418075486,True
L34S,-5.9349569049456,34,True,impactful,sensitive,34,-2.7935766062556944,True
L34T,-5.9349569049456,34,True,impactful,sensitive,34,-2.7935766062556944,True
L34V,-2.82901386068581,34,True,neutral,sensitive,34,-1.3316131972920238,True
L34W,-5.82989681378299,34,True,impactful,sensitive,34,-2.744124956037579,True
L34Y,-5.82989681378299,34,True,impactful,sensitive,34,-2.744124956037579,True
D35A,-1.7853006274481398,35,True,neutral,sensitive,35,-0.9053851148812764,True
D35C,-4.1404593943863,35,True,mild,sensitive,35,-2.0997641779838534,True
D35D,0.0,35,True,neutral,sensitive,35,0.0,True
D35E,-0.323886359012174,35,True,neutral,sensitive,35,-0.16425350658273585,True
D35F,-5.47050175529595,35,True,impactful,sensitive,35,-2.774272738175421,True
D35G,-4.07434910849468,35,True,mild,sensitive,35,-2.0662374610452194,True
D35H,-3.6743763772072704,35,True,neutral,sensitive,35,-1.863398033500937,True
D35I,-4.1181974192408,35,True,mild,sensitive,35,-2.0884743926027753,True
D35K,-4.55479630313955,35,True,mild,sensitive,35,-2.309888155964705,True
D35L,-1.88528851220074,35,True,neutral,sensitive,35,-0.9560922849408457,True
D35M,-2.23481330288761,35,True,neutral,sensitive,35,-1.133347889909863,True
D35N,-2.2421217273587004,35,True,neutral,sensitive,35,-1.1370542341678702,True
D35P,-5.47050175529595,35,True,impactful,sensitive,35,-2.774272738175421,True
D35Q,-0.679024172098466,35,True,neutral,sensitive,35,-0.34435566123184574,True
D35R,-5.28473831090589,35,True,impactful,sensitive,35,-2.6800659391332684,True
D35S,-2.78075909396967,35,True,neutral,sensitive,35,-1.4102150937736215,True
D35T,-3.85252791038541,35,True,mild,sensitive,35,-1.9537445801009443,True
D35V,-1.08312834631374,35,True,neutral,sensitive,35,-0.549290280405124,True
D35W,-5.47050175529595,35,True,impactful,sensitive,35,-2.774272738175421,True
D35Y,-5.47050175529595,35,True,impactful,sensitive,35,-2.774272738175421,True
E36A,-3.3355905148934104,36,True,neutral,sensitive,36,-1.823775475144666,True
E36C,-3.63586953750252,36,True,neutral,sensitive,36,-1.9879567541984602,True
E36D,-0.718923049358959,36,True,neutral,sensitive,36,-0.39308009184064546,True
E36E,0.0,36,True,neutral,sensitive,36,0.0,True
E36F,-5.29538251267256,36,True,impactful,sensitive,36,-2.8953160512362124,True
E36G,-6.085305152572991,36,True,impactful,sensitive,36,-3.327216049596165,True
E36H,-3.74744325591662,36,True,neutral,sensitive,36,-2.048961068248932,True
E36I,-2.6991770462984004,36,True,neutral,sensitive,36,-1.4758085197006705,True
E36K,-4.387400596845721,36,True,mild,sensitive,36,-2.3988656798354007,True
E36L,-3.2784916810270093,36,True,neutral,sensitive,36,-1.792555979706021,True
E36M,-2.79308947970905,36,True,neutral,sensitive,36,-1.5271563071766079,True
E36N,-3.1560953435525203,36,True,neutral,sensitive,36,-1.7256342644844402,True
E36P,-6.085305152572991,36,True,impactful,sensitive,36,-3.327216049596165,True
E36Q,-4.10378484039433,36,True,mild,sensitive,36,-2.243795248176862,True
E36R,-5.500327473516951,36,True,impactful,sensitive,36,-3.007372249883374,True
E36S,-4.79187153476113,36,True,mild,sensitive,36,-2.6200151805565515,True
E36T,-4.78307975665414,36,True,mild,sensitive,36,-2.615208166859022,True
E36V,-2.75023680776126,36,True,neutral,sensitive,36,-1.5037260774185355,True
E36W,-5.29538251267256,36,True,impactful,sensitive,36,-2.8953160512362124,True
E36Y,-4.48119619446468,36,True,mild,sensitive,36,-2.4501495858934743,True
L37A,-3.54648328914083,37,True,neutral,sensitive,37,-1.111153078561776,True
L37C,-3.3675400862416,37,True,neutral,sensitive,37,-1.0550881616910261,True
L37D,-5.9209498710784185,37,True,impactful,sensitive,37,-1.855100148759641,True
L37E,-5.9209498710784185,37,True,impactful,sensitive,37,-1.855100148759641,True
L37F,-3.1507320222156,37,True,neutral,sensitive,37,-0.9871597582111185,True
L37G,-6.25132455852669,37,True,impactful,sensitive,37,-1.9586102518978865,True
L37H,-5.9209498710784185,37,True,impactful,sensitive,37,-1.855100148759641,True
L37I,-1.51954485875879,37,True,neutral,sensitive,37,-0.47609048461965014,True
L37K,-6.04288133838871,37,True,impactful,sensitive,37,-1.8933026480327189,True
L37L,0.0,37,True,neutral,sensitive,37,0.0,True
L37M,-1.36445711723339,37,True,neutral,sensitive,37,-0.4274997519434815,True
L37N,-5.7015809851266805,37,True,impactful,sensitive,37,-1.7863694109856045,True
L37P,-6.25132455852669,37,True,impactful,sensitive,37,-1.9586102518978865,True
L37Q,-5.9209498710784185,37,True,impactful,sensitive,37,-1.855100148759641,True
L37R,-6.04288133838871,37,True,impactful,sensitive,37,-1.8933026480327189,True
L37S,-3.6534199507314,37,True,neutral,sensitive,37,-1.144657536654476,True
L37T,-3.45292777794676,37,True,neutral,sensitive,37,-1.0818410852984732,True
L37V,-1.50808241409756,37,True,neutral,sensitive,37,-0.4724991718642317,True
L37W,-5.0809763584788605,37,True,impactful,sensitive,37,-1.5919270055805403,True
L37Y,-4.993851957466241,37,True,impactful,sensitive,37,-1.5646299514256692,True
D38A,-3.36670662247995,38,True,neutral,sensitive,38,-2.146753972252711,True
D38C,-5.22050723317914,38,True,impactful,sensitive,38,-3.3288153369734466,True
D38D,0.0,38,True,neutral,sensitive,38,0.0,True
D38E,-2.57593466815819,38,True,neutral,sensitive,38,-1.64252446120734,True
D38F,-6.82698225512038,38,True,impactful,sensitive,38,-4.353171487179599,True
D38G,-6.82698225512038,38,True,impactful,sensitive,38,-4.353171487179599,True
D38H,-4.5178377008109685,38,True,mild,sensitive,38,-2.8807636416697493,True
D38I,-3.64223038205544,38,True,neutral,sensitive,38,-2.3224395283891686,True
D38K,-6.82698225512038,38,True,impactful,sensitive,38,-4.353171487179599,True
D38L,-4.300740808270319,38,True,mild,sensitive,38,-2.742333517312178,True
D38M,-5.4042835719479,38,True,impactful,sensitive,38,-3.4459988725460495,True
D38N,-4.5178377008109685,38,True,mild,sensitive,38,-2.8807636416697493,True
D38P,-6.82698225512038,38,True,impactful,sensitive,38,-4.353171487179599,True
D38Q,-4.1616885206850895,38,True,mild,sensitive,38,-2.6536679208710683,True
D38R,-6.82698225512038,38,True,impactful,sensitive,38,-4.353171487179599,True
D38S,-5.22050723317914,38,True,impactful,sensitive,38,-3.3288153369734466,True
D38T,-5.22050723317914,38,True,impactful,sensitive,38,-3.3288153369734466,True
D38V,-5.12604439235709,38,True,impactful,sensitive,38,-3.2685818502149138,True
D38W,-6.82698225512038,38,True,impactful,sensitive,38,-4.353171487179599,True
D38Y,-6.82698225512038,38,True,impactful,sensitive,38,-4.353171487179599,True
P39A,-3.58342968752437,39,True,neutral,sensitive,39,-1.2343958535690287,True
P39C,-5.3403494376793486,39,True,impactful,sensitive,39,-1.839607799598063,True
P39D,-5.765405812196032,39,True,impactful,sensitive,39,-1.9860283720633654,True
P39E,-4.54782727176974,39,True,mild,sensitive,39,-1.5666050729459267,True
P39F,-6.83309437134198,39,True,impactful,sensitive,39,-2.353818574533715,True
P39G,-6.83309437134198,39,True,impactful,sensitive,39,-2.353818574533715,True
P39H,-3.42724824360284,39,True,neutral,sensitive,39,-1.1805955160174497,True
P39I,-6.472134317777178,39,True,impactful,sensitive,39,-2.2294774733323495,True
P39K,-6.83309437134198,39,True,impactful,sensitive,39,-2.353818574533715,True
P39L,-6.3332821608651,39,True,impactful,sensitive,39,-2.1816466124818894,True
P39M,-6.472134317777178,39,True,impactful,sensitive,39,-2.2294774733323495,True
P39N,-5.9903546104544105,39,True,impactful,sensitive,39,-2.063517227168351,True
P39P,0.0,39,True,neutral,sensitive,39,0.0,True
P39Q,-4.6858552138987895,39,True,mild,sensitive,39,-1.6141520138092962,True
P39R,-6.83309437134198,39,True,impactful,sensitive,39,-2.353818574533715,True
P39S,-3.92491166205022,39,True,mild,sensitive,39,-1.3520272765855872,True
P39T,-5.08151124956965,39,True,impactful,sensitive,39,-1.7504449545001686,True
P39V,-6.472134317777178,39,True,impactful,sensitive,39,-2.2294774733323495,True
P39W,-6.83309437134198,39,True,impactful,sensitive,39,-2.353818574533715,True
P39Y,-6.83309437134198,39,True,impactful,sensitive,39,-2.353818574533715,True
D40A,-6.367684662891589,40,True,impactful,sensitive,40,-3.180435112678626,True
D40C,-6.367684662891589,40,True,impactful,sensitive,40,-3.180435112678626,True
D40D,0.0,40,True,neutral,sensitive,40,0.0,True
D40E,-1.44398407522904,40,True,neutral,sensitive,40,-0.721219391055986,True
D40F,-6.72209698721593,40,True,impactful,sensitive,40,-3.3574516360023985,True
D40G,-5.2176516179894605,40,True,impactful,sensitive,40,-2.6060339495584484,True
D40H,-4.42296201226517,40,True,mild,sensitive,40,-2.2091143689681405,True
D40I,-3.9151139895709504,40,True,mild,sensitive,40,-1.9554620967861114,True
D40K,-3.10266865642392,40,True,neutral,sensitive,40,-1.549674153213647,True
D40L,-6.367684662891589,40,True,impactful,sensitive,40,-3.180435112678626,True
D40M,-6.367684662891589,40,True,impactful,sensitive,40,-3.180435112678626,True
D40N,-1.9014276274714,40,True,neutral,sensitive,40,-0.94969639842076,True
D40P,-3.63112458371477,40,True,neutral,sensitive,40,-1.8136193508226852,True
D40Q,-1.90634978330754,40,True,neutral,sensitive,40,-0.9521548425931867,True
D40R,-5.92046610199432,40,True,impactful,sensitive,40,-2.9570651298011468,True
D40S,-6.057722930417071,40,True,impactful,sensitive,40,-3.025620100670636,True
D40T,-6.367684662891589,40,True,impactful,sensitive,40,-3.180435112678626,True
D40V,-6.367684662891589,40,True,impactful,sensitive,40,-3.180435112678626,True
D40W,-6.72209698721593,40,True,impactful,sensitive,40,-3.3574516360023985,True
D40Y,-6.72209698721593,40,True,impactful,sensitive,40,-3.3574516360023985,True
N41A,-5.13007785854471,41,True,impactful,sensitive,41,-4.236298001484695,True
N41C,-5.30224855694034,41,True,impactful,sensitive,41,-4.378472527025821,True
N41D,-2.5061076636251203,41,True,neutral,sensitive,41,-2.0694849434375397,True
N41E,-2.64918608414884,41,True,neutral,sensitive,41,-2.1876357480906616,True
N41F,-6.278038376393,41,True,impactful,sensitive,41,-5.184256878842475,True
N41G,-4.87815383049348,41,True,mild,sensitive,41,-4.028265046432791,True
N41H,-1.5083675039474198,41,True,neutral,sensitive,41,-1.2455745153718942,True
N41I,-5.71914991634695,41,True,impactful,sensitive,41,-4.722739893792743,True
N41K,-5.28964494912965,41,True,impactful,sensitive,41,-4.368064763235065,True
N41L,-5.47596862543213,41,True,impactful,sensitive,41,-4.521926486061507,True
N41M,-5.4499061020529815,41,True,impactful,sensitive,41,-4.500404665389558,True
N41N,0.0,41,True,neutral,sensitive,41,0.0,True
N41P,-4.805063148223501,41,True,mild,sensitive,41,-3.967908474902061,True
N41Q,-4.36136056663513,41,True,mild,sensitive,41,-3.6015092873135846,True
N41R,-3.45401785432431,41,True,neutral,sensitive,41,-2.8522469515730458,True
N41S,-2.43867293624505,41,True,neutral,sensitive,41,-2.013798926829617,True
N41T,-4.91866824650763,41,True,impactful,sensitive,41,-4.061720901163375,True
N41V,-3.63074833951387,41,True,neutral,sensitive,41,-2.9981868421271316,True
N41W,-6.22395943050692,41,True,impactful,sensitive,41,-5.139599753415417,True
N41Y,-6.278038376393,41,True,impactful,sensitive,41,-5.184256878842475,True
A42A,0.0,42,True,neutral,tolerant,42,0.0,True
A42C,-4.15538586402817,42,True,mild,tolerant,42,-1.7902438923819934,True
A42D,-0.636445879815431,42,True,neutral,tolerant,42,-0.274196762094856,True
A42E,-1.14691826677385,42,True,neutral,tolerant,42,-0.4941210008744708,True
A42F,-6.02591357401429,42,True,impactful,tolerant,42,-2.5961138928848464,True
A42G,-5.35652657858884,42,True,impactful,tolerant,42,-2.307725276421039,True
A42H,-4.16523730961457,42,True,mild,tolerant,42,-1.7944881408992877,True
A42I,-2.27159262692348,42,True,neutral,tolerant,42,-0.9786587718685467,True
A42K,-3.5321741946629195,42,True,neutral,tolerant,42,-1.5217487582957496,True
A42L,-2.81265185252529,42,True,neutral,tolerant,42,-1.211760583769018,True
A42M,-2.18962183786221,42,True,neutral,tolerant,42,-0.9433437110601105,True
A42N,-2.66425998964725,42,True,neutral,tolerant,42,-1.1478296673897932,True
A42P,-3.48794302878838,42,True,neutral,tolerant,42,-1.5026928686260792,True
A42Q,-2.10718635857683,42,True,neutral,tolerant,42,-0.9078284501107524,True
A42R,-3.14416972981758,42,True,neutral,tolerant,42,-1.3545867555033169,True
A42S,-1.43646022629183,42,True,neutral,tolerant,42,-0.6188629000811299,True
A42T,-1.49270636893246,42,True,neutral,tolerant,42,-0.6430951414727447,True
A42V,-2.14064191883159,42,True,neutral,tolerant,42,-0.9222419400662296,True
A42W,-6.02591357401429,42,True,impactful,tolerant,42,-2.5961138928848464,True
A42Y,-6.02591357401429,42,True,impactful,tolerant,42,-2.5961138928848464,True
L43A,-3.47174068401684,43,True,neutral,tolerant,43,-0.8979653946718644,True
L43C,-3.2699170742191805,43,True,neutral,tolerant,43,-0.8457637373705564,True
L43D,-4.8938715483006385,43,True,impactful,tolerant,43,-1.2657994062098779,True
L43E,-4.8938715483006385,43,True,impactful,tolerant,43,-1.2657994062098779,True
L43F,-2.98469143049534,43,True,neutral,tolerant,43,-0.7719901519999237,True
L43G,-5.6949452409592,43,True,impactful,tolerant,43,-1.4729970399217116,True
L43H,-3.04473676435669,43,True,neutral,tolerant,43,-0.7875208718394673,True
L43I,-1.4588329753022,43,True,neutral,tolerant,43,-0.37732700902992217,True
L43K,-4.90625958047327,43,True,impactful,tolerant,43,-1.2690035695422135,True
L43L,0.0,43,True,neutral,tolerant,43,0.0,True
L43M,-1.48720999270607,43,True,neutral,tolerant,43,-0.3846667218575502,True
L43N,-3.0291191289855,43,True,neutral,tolerant,43,-0.7834813719498311,True
L43P,-6.46862500078086,43,True,impactful,tolerant,43,-1.6731092355347987,True
L43Q,-4.6378546156340805,43,True,mild,tolerant,43,-1.1995806511504947,True
L43R,-4.336258381881978,43,True,mild,tolerant,43,-1.1215728142404497,True
L43S,-3.00825049494309,43,True,neutral,tolerant,43,-0.7780837017579221,True
L43T,-2.2279710665679904,43,True,neutral,tolerant,43,-0.5762645025069839,True
L43V,-3.96737794127537,43,True,mild,tolerant,43,-1.0261619236860335,True
L43W,-4.85123860029476,43,True,mild,tolerant,43,-1.2547723983004535,True
L43Y,-3.0592118549377503,43,True,neutral,tolerant,43,-0.7912648526288084,True
L44A,-4.86639107242676,44,True,mild,sensitive,44,-2.9725297742813868,True
L44C,-6.28008934040193,44,True,impactful,sensitive,44,-3.8360567968456967,True
L44D,-7.05753417120044,44,True,impactful,sensitive,44,-4.310942163232269,True
L44E,-7.05753417120044,44,True,impactful,sensitive,44,-4.310942163232269,True
L44F,-4.935435908531139,44,True,impactful,sensitive,44,-3.014704319653117,True
L44G,-7.05753417120044,44,True,impactful,sensitive,44,-4.310942163232269,True
L44H,-7.05753417120044,44,True,impactful,sensitive,44,-4.310942163232269,True
L44I,-2.6852748418486696,44,True,neutral,sensitive,44,-1.6402420809849625,True
L44K,-6.58946574311192,44,True,impactful,sensitive,44,-4.0250326836637935,True
L44L,0.0,44,True,neutral,sensitive,44,0.0,True
L44M,-2.69037166673414,44,True,neutral,sensitive,44,-1.6433553662719185,True
L44N,-7.05753417120044,44,True,impactful,sensitive,44,-4.310942163232269,True
L44P,-6.53821857872066,44,True,impactful,sensitive,44,-3.9937294612689382,True
L44Q,-7.05753417120044,44,True,impactful,sensitive,44,-4.310942163232269,True
L44R,-5.1070730883959,44,True,impactful,sensitive,44,-3.1195451801446823,True
L44S,-6.10884619870433,44,True,impactful,sensitive,44,-3.7314566260493613,True
L44T,-5.44293577209517,44,True,impactful,sensitive,44,-3.3246996390665937,True
L44V,-2.65753726698208,44,True,neutral,sensitive,44,-1.6232991830694072,True
L44W,-6.82349995715618,44,True,impactful,sensitive,44,-4.167987423448031,True
L44Y,-6.82349995715618,44,True,impactful,sensitive,44,-4.167987423448031,True
P45A,-6.18252903892496,45,True,impactful,sensitive,45,-2.8485670736021493,True
P45C,-6.38535869078426,45,True,impactful,sensitive,45,-2.9420197471276515,True
P45D,-6.7181059964006185,45,True,impactful,sensitive,45,-3.095331282365245,True
P45E,-6.7181059964006185,45,True,impactful,sensitive,45,-3.095331282365245,True
P45F,-7.278576655026669,45,True,impactful,sensitive,45,-3.3535651303311074,True
P45G,-4.93826904163912,45,True,impactful,sensitive,45,-2.275280957685248,True
P45H,-6.7181059964006185,45,True,impactful,sensitive,45,-3.095331282365245,True
P45I,-7.278576655026669,45,True,impactful,sensitive,45,-3.3535651303311074,True
P45K,-5.33547003993443,45,True,impactful,sensitive,45,-2.4582891859074425,True
P45L,-7.278576655026669,45,True,impactful,sensitive,45,-3.3535651303311074,True
P45M,-7.278576655026669,45,True,impactful,sensitive,45,-3.3535651303311074,True
P45N,-6.7181059964006185,45,True,impactful,sensitive,45,-3.095331282365245,True
P45P,0.0,45,True,neutral,sensitive,45,0.0,True
P45Q,-5.2909870794302005,45,True,impactful,sensitive,45,-2.437793900591205,True
P45R,-6.7181059964006185,45,True,impactful,sensitive,45,-3.095331282365245,True
P45S,-6.199273265553678,45,True,impactful,sensitive,45,-2.856281886156559,True
P45T,-6.38535869078426,45,True,impactful,sensitive,45,-2.9420197471276515,True
P45V,-7.278576655026669,45,True,impactful,sensitive,45,-3.3535651303311074,True
P45W,-7.278576655026669,45,True,impactful,sensitive,45,-3.3535651303311074,True
P45Y,-7.278576655026669,45,True,impactful,sensitive,45,-3.3535651303311074,True
A46A,0.0,46,True,neutral,sensitive,46,0.0,True
A46C,-4.45696370411395,46,True,mild,sensitive,46,-1.9879753905870028,True
A46D,-5.9124563557645295,46,True,impactful,sensitive,46,-2.637180491806646,True
A46E,-5.74758335344532,46,True,impactful,sensitive,46,-2.5636408596843907,True
A46F,-6.49492152402118,46,True,impactful,sensitive,46,-2.8969821184834634,True
A46G,-5.61915557961712,46,True,impactful,sensitive,46,-2.5063571861371567,True
A46H,-5.9124563557645295,46,True,impactful,sensitive,46,-2.637180491806646,True
A46I,-2.59254417124137,46,True,neutral,sensitive,46,-1.1563733414926305,True
A46K,-5.23825298182186,46,True,impactful,sensitive,46,-2.336460134938672,True
A46L,-4.13233714368272,46,True,mild,sensitive,46,-1.8431795932435089,True
A46M,-4.47794388656535,46,True,mild,sensitive,46,-1.9973333502142954,True
A46N,-5.9124563557645295,46,True,impactful,sensitive,46,-2.637180491806646,True
A46P,-2.3308408791023902,46,True,neutral,sensitive,46,-1.0396437159119525,True
A46Q,-5.73359933891426,46,True,impactful,sensitive,46,-2.5574034571397624,True
A46R,-5.16007608376074,46,True,impactful,sensitive,46,-2.3015902639288446,True
A46S,-2.67425988737442,46,True,neutral,sensitive,46,-1.1928216600074861,True
A46T,-2.6265253258892,46,True,neutral,sensitive,46,-1.171530229380513,True
A46V,-0.413849501808407,46,True,neutral,sensitive,46,-0.18459262395213125,True
A46W,-6.49492152402118,46,True,impactful,sensitive,46,-2.8969821184834634,True
A46Y,-6.49492152402118,46,True,impactful,sensitive,46,-2.8969821184834634,True
G47A,-3.15022261825779,47,True,neutral,sensitive,47,-1.442522535314715,True
G47C,-4.928625378987901,47,True,impactful,sensitive,47,-2.2568732559116795,True
G47D,-3.4697470640896,47,True,neutral,sensitive,47,-1.588836389778512,True
G47E,-5.08678161833695,47,True,impactful,sensitive,47,-2.329294785120242,True
G47F,-6.816414276676331,47,True,impactful,sensitive,47,-3.1213131247164183,True
G47G,0.0,47,True,neutral,sensitive,47,0.0,True
G47H,-3.3429931745746404,47,True,neutral,sensitive,47,-1.5307943514144924,True
G47I,-6.816414276676331,47,True,impactful,sensitive,47,-3.1213131247164183,True
G47K,-6.22269685895292,47,True,impactful,sensitive,47,-2.8494432099646367,True
G47L,-6.816414276676331,47,True,impactful,sensitive,47,-3.1213131247164183,True
G47M,-6.816414276676331,47,True,impactful,sensitive,47,-3.1213131247164183,True
G47N,-3.31682534908431,47,True,neutral,sensitive,47,-1.5188118084185753,True
G47P,-6.816414276676331,47,True,impactful,sensitive,47,-3.1213131247164183,True
G47Q,-5.30744162987558,47,True,impactful,sensitive,47,-2.4303374979248744,True
G47R,-4.57345737705004,47,True,mild,sensitive,47,-2.0942378143245675,True
G47S,-2.07114435763985,47,True,neutral,sensitive,47,-0.9484004058855103,True
G47T,-4.928625378987901,47,True,impactful,sensitive,47,-2.2568732559116795,True
G47V,-6.816414276676331,47,True,impactful,sensitive,47,-3.1213131247164183,True
G47W,-6.816414276676331,47,True,impactful,sensitive,47,-3.1213131247164183,True
G47Y,-6.816414276676331,47,True,impactful,sensitive,47,-3.1213131247164183,True
L48A,-3.47756288258712,48,True,neutral,tolerant,48,-1.857599391621316,True
L48C,-4.5122620727831695,48,True,mild,tolerant,48,-2.410301571600113,True
L48D,-2.12687752346333,48,True,neutral,tolerant,48,-1.1361078223549723,True
L48E,-2.26452706802606,48,True,neutral,tolerant,48,-1.2096356689733643,True
L48F,-1.2694351331493798,48,True,neutral,tolerant,48,-0.6780903784223482,True
L48G,-5.601411141845219,48,True,impactful,tolerant,48,-2.992089080951901,True
L48H,-0.889278978781191,48,True,neutral,tolerant,48,-0.4750234994274562,True
L48I,-3.7835108397541695,48,True,neutral,tolerant,48,-2.0210266992760637,True
L48K,-5.29823809466437,48,True,impactful,tolerant,48,-2.8301440386870853,True
L48L,0.0,48,True,neutral,tolerant,48,0.0,True
L48M,-0.448377374632626,48,True,neutral,tolerant,48,-0.23950840472356663,True
L48N,-3.922332683813,48,True,mild,tolerant,48,-2.0951807496193853,True
L48P,-3.97451647625557,48,True,mild,tolerant,48,-2.123055610367179,True
L48Q,-2.2361916569748903,48,True,neutral,tolerant,48,-1.1944998269750637,True
L48R,-5.154349268801201,48,True,impactful,tolerant,48,-2.7532833737878555,True
L48S,-4.8731368811646,48,True,mild,tolerant,48,-2.603068991524405,True
L48T,-4.7518627926366515,48,True,mild,tolerant,48,-2.538288373409068,True
L48V,-2.55872149688042,48,True,neutral,tolerant,48,-1.366784629469422,True
L48W,-4.18576429247505,48,True,mild,tolerant,48,-2.235897226217042,True
L48Y,-1.1692887960161202,48,True,neutral,tolerant,48,-0.6245955082466439,True
R49A,-6.33830707221995,49,True,impactful,sensitive,49,-3.7026888991285127,True
R49C,-6.33830707221995,49,True,impactful,sensitive,49,-3.7026888991285127,True
R49D,-6.33830707221995,49,True,impactful,sensitive,49,-3.7026888991285127,True
R49E,-6.03997619728971,49,True,impactful,sensitive,49,-3.528411066532969,True
R49F,-7.2285496952077,49,True,impactful,sensitive,49,-4.222747558342903,True
R49G,-6.40767247994673,49,True,impactful,sensitive,49,-3.7432105277348584,True
R49H,-6.33830707221995,49,True,impactful,sensitive,49,-3.7026888991285127,True
R49I,-5.336316997392268,49,True,impactful,sensitive,49,-3.1173500247527115,True
R49K,-4.7369818458686295,49,True,mild,sensitive,49,-2.7672326216167287,True
R49L,-5.33422267613614,49,True,impactful,sensitive,49,-3.1161265718688553,True
R49M,-5.65537506312407,49,True,impactful,sensitive,49,-3.303736191390231,True
R49N,-6.33830707221995,49,True,impactful,sensitive,49,-3.7026888991285127,True
R49P,-4.73830606598371,49,True,mild,sensitive,49,-2.768006199650144,True
R49Q,-5.05196507931649,49,True,impactful,sensitive,49,-2.951238367726867,True
R49R,0.0,49,True,neutral,sensitive,49,0.0,True
R49S,-4.82977503493735,49,True,mild,sensitive,49,-2.8214402053081806,True
R49T,-6.33830707221995,49,True,impactful,sensitive,49,-3.7026888991285127,True
R49V,-5.41143550574468,49,True,impactful,sensitive,49,-3.161232478509902,True
R49W,-7.2285496952077,49,True,impactful,sensitive,49,-4.222747558342903,True
R49Y,-7.2285496952077,49,True,impactful,sensitive,49,-4.222747558342903,True
Q50A,-3.90397733650577,50,True,mild,sensitive,50,-2.0400116589894135,True
Q50C,-2.8221706113097103,50,True,neutral,sensitive,50,-1.4747167963536616,True
Q50D,-4.5474520775824905,50,True,mild,sensitive,50,-2.376257456777939,True
Q50E,-3.15870832233428,50,True,neutral,sensitive,50,-1.6505735688200243,True
Q50F,-6.85034692278324,50,True,impactful,sensitive,50,-3.579628257552362,True
Q50G,-6.85034692278324,50,True,impactful,sensitive,50,-3.579628257552362,True
Q50H,-4.3173096141435705,50,True,mild,sensitive,50,-2.255997202125908,True
Q50I,-6.0550130187014695,50,True,impactful,sensitive,50,-3.164028909178947,True
Q50K,-6.620443865935121,50,True,impactful,sensitive,50,-3.4594931040969765,True
Q50L,-6.0550130187014695,50,True,impactful,sensitive,50,-3.164028909178947,True
Q50M,-4.02841765784604,50,True,mild,sensitive,50,-2.1050375760224656,True
Q50N,-2.62192220298971,50,True,neutral,sensitive,50,-1.3700775906269944,True
Q50P,-5.5837497974907,50,True,impactful,sensitive,50,-2.917771725067485,True
Q50Q,0.0,50,True,neutral,sensitive,50,0.0,True
Q50R,-6.620443865935121,50,True,impactful,sensitive,50,-3.4594931040969765,True
Q50S,-3.18779118435004,50,True,neutral,sensitive,50,-1.6657707312200585,True
Q50T,-3.08388227429955,50,True,neutral,sensitive,50,-1.6114734416344563,True
Q50V,-4.28205100662103,50,True,mild,sensitive,50,-2.2375729224168217,True
Q50W,-6.85034692278324,50,True,impactful,sensitive,50,-3.579628257552362,True
Q50Y,-6.85034692278324,50,True,impactful,sensitive,50,-3.579628257552362,True
K51A,-2.99228535359948,51,True,neutral,sensitive,51,-1.119809459928574,True
K51C,-4.7913000582848095,51,True,mild,sensitive,51,-1.7930586480228494,True
K51D,-4.97202099785657,51,True,impactful,sensitive,51,-1.8606902385381723,True
K51E,-3.28139646509144,51,True,neutral,sensitive,51,-1.228004140368966,True
K51F,-6.1581744709914,51,True,impactful,sensitive,51,-2.3045870341916075,True
K51G,-3.95767967889182,51,True,mild,sensitive,51,-1.481091079251176,True
K51H,-4.97202099785657,51,True,impactful,sensitive,51,-1.8606902385381723,True
K51I,-5.77222325565735,51,True,impactful,sensitive,51,-2.1601516709392,True
K51K,0.0,51,True,neutral,sensitive,51,0.0,True
K51L,-4.6353080028522315,51,True,mild,sensitive,51,-1.7346814016359113,True
K51M,-5.77222325565735,51,True,impactful,sensitive,51,-2.1601516709392,True
K51N,-3.1834981934530897,51,True,neutral,sensitive,51,-1.1913674571196868,True
K51P,-4.02863248631342,51,True,mild,sensitive,51,-1.5076439027857436,True
K51Q,-4.97202099785657,51,True,impactful,sensitive,51,-1.8606902385381723,True
K51R,-0.372324289121158,51,True,neutral,sensitive,51,-0.13933572899974864,True
K51S,-3.0222451388015097,51,True,neutral,sensitive,51,-1.1310213755456135,True
K51T,-3.1476398239241,51,True,neutral,sensitive,51,-1.1779481014529973,True
K51V,-4.624123251677322,51,True,mild,sensitive,51,-1.7304957078625733,True
K51W,-6.1581744709914,51,True,impactful,sensitive,51,-2.3045870341916075,True
K51Y,-6.1581744709914,51,True,impactful,sensitive,51,-2.3045870341916075,True
D52A,-5.31417590740585,52,True,impactful,sensitive,52,-1.9311945511981363,True
D52C,-5.31417590740585,52,True,impactful,sensitive,52,-1.9311945511981363,True
D52D,0.0,52,True,neutral,sensitive,52,0.0,True
D52E,-2.75696370612778,52,True,neutral,sensitive,52,-1.0018925567942008,True
D52F,-4.91807277353081,52,True,impactful,sensitive,52,-1.7872489560239262,True
D52G,-6.001911268582902,52,True,impactful,sensitive,52,-2.1811205614230693,True
D52H,-4.4553184609599805,52,True,mild,sensitive,52,-1.619082033710571,True
D52I,-6.351398558075839,52,True,impactful,sensitive,52,-2.3081257567612936,True
D52K,-6.48315849960667,52,True,impactful,sensitive,52,-2.356007890432465,True
D52L,-6.351398558075839,52,True,impactful,sensitive,52,-2.3081257567612936,True
D52M,-6.351398558075839,52,True,impactful,sensitive,52,-2.3081257567612936,True
D52N,-1.50134050126509,52,True,neutral,sensitive,52,-0.5455936435027745,True
D52P,-4.39524734635448,52,True,mild,sensitive,52,-1.5972519303734058,True
D52Q,-3.2336205554172905,52,True,neutral,sensitive,52,-1.1751117211911375,True
D52R,-6.48315849960667,52,True,impactful,sensitive,52,-2.356007890432465,True
D52S,-3.3991455314321803,52,True,neutral,sensitive,52,-1.2352642146984896,True
D52T,-3.4666275022396897,52,True,neutral,sensitive,52,-1.2597874552908754,True
D52V,-6.118994197751402,52,True,impactful,sensitive,52,-2.2236690052059362,True
D52W,-4.91807277353081,52,True,impactful,sensitive,52,-1.7872489560239262,True
D52Y,-2.99032956512085,52,True,neutral,sensitive,52,-1.0866987211319352,True
Q53A,-3.80075332529578,53,True,neutral,sensitive,53,-1.936959123701672,True
Q53C,-5.68524669980832,53,True,impactful,sensitive,53,-2.897344163957699,True
Q53D,-2.6215303723873298,53,True,neutral,sensitive,53,-1.3359975610786365,True
Q53E,-2.62439524983875,53,True,neutral,sensitive,53,-1.337457574408332,True
Q53F,-6.61839384680668,53,True,impactful,sensitive,53,-3.372899330378292,True
Q53G,-6.8466888021959,53,True,impactful,sensitive,53,-3.4892441596502115,True
Q53H,-1.6792102551059398,53,True,neutral,sensitive,53,-0.8557676191700083,True
Q53I,-5.47691906986056,53,True,impactful,sensitive,53,-2.791175184018687,True
Q53K,-3.5967025306812297,53,True,neutral,sensitive,53,-1.832969726205987,True
Q53L,-3.53595893744214,53,True,neutral,sensitive,53,-1.8020132691405388,True
Q53M,-5.47691906986056,53,True,impactful,sensitive,53,-2.791175184018687,True
Q53N,-2.89824327165756,53,True,neutral,sensitive,53,-1.4770173876799073,True
Q53P,-6.32810573521371,53,True,impactful,sensitive,53,-3.2249612354459214,True
Q53Q,0.0,53,True,neutral,sensitive,53,0.0,True
Q53R,-3.72581161246325,53,True,neutral,sensitive,53,-1.898766949152827,True
Q53S,-3.8829519675297695,53,True,mild,sensitive,53,-1.9788496112982656,True
Q53T,-5.62929644513144,53,True,impactful,sensitive,53,-2.868830512322235,True
Q53V,-5.47691906986056,53,True,impactful,sensitive,53,-2.791175184018687,True
Q53W,-6.61839384680668,53,True,impactful,sensitive,53,-3.372899330378292,True
Q53Y,-6.61839384680668,53,True,impactful,sensitive,53,-3.372899330378292,True
T54A,-4.36396418774463,54,True,mild,sensitive,54,-1.382843124173531,True
T54C,-2.62605358889913,54,True,neutral,sensitive,54,-0.8321379353475322,True
T54D,-6.5121530427878,54,True,impactful,sensitive,54,-2.0635563609973,True
T54E,-6.5121530427878,54,True,impactful,sensitive,54,-2.0635563609973,True
T54F,-6.97467629343184,54,True,impactful,sensitive,54,-2.210119684940171,True
T54G,-6.59782804161365,54,True,impactful,sensitive,54,-2.090704861292655,True
T54H,-6.5121530427878,54,True,impactful,sensitive,54,-2.0635563609973,True
T54I,-6.24159428544938,54,True,impactful,sensitive,54,-1.9778223125096726,True
T54K,-5.42217710324221,54,True,impactful,sensitive,54,-1.7181672448931686,True
T54L,-6.10059527877739,54,True,impactful,sensitive,54,-1.9331428654511422,True
T54M,-5.99933793247665,54,True,impactful,sensitive,54,-1.9010566660507748,True
T54N,-6.5121530427878,54,True,impactful,sensitive,54,-2.0635563609973,True
T54P,-5.201087332776,54,True,impactful,sensitive,54,-1.6481088173348273,True
T54Q,-6.5121530427878,54,True,impactful,sensitive,54,-2.0635563609973,True
T54R,-5.26710167802955,54,True,impactful,sensitive,54,-1.6690272940920503,True
T54S,-4.11693199902686,54,True,mild,sensitive,54,-1.3045641216608055,True
T54T,0.0,54,True,neutral,sensitive,54,0.0,True
T54V,-5.1852428096833085,54,True,impactful,sensitive,54,-1.6430880406116661,True
T54W,-6.97467629343184,54,True,impactful,sensitive,54,-2.210119684940171,True
T54Y,-6.97467629343184,54,True,impactful,sensitive,54,-2.210119684940171,True
T55A,-1.2900705453618602,55,True,neutral,tolerant,55,-0.11834639847099075,True
T55C,-2.94321877803204,55,True,neutral,tolerant,55,-0.27000022870422175,True
T55D,-1.1029109170713998,55,True,neutral,tolerant,55,-0.10117705216897714,True
T55E,-1.89911089605652,55,True,neutral,tolerant,55,-0.17421755395730149,True
T55F,-5.11116052264958,55,True,impactful,tolerant,55,-0.46887935085210075,True
T55G,-2.38633960105284,55,True,neutral,tolerant,55,-0.21891415033748265,True
T55H,-1.30164691281045,55,True,neutral,tolerant,55,-0.11940837248461582,True
T55I,-4.267024252016459,55,True,mild,tolerant,55,-0.3914413473201763,True
T55K,-0.454767446165736,55,True,neutral,tolerant,55,-0.041718718087985406,True
T55L,-1.80427044257616,55,True,neutral,tolerant,55,-0.165517234320434,True
T55M,-4.267024252016459,55,True,mild,tolerant,55,-0.3914413473201763,True
T55N,-1.92901512838227,55,True,neutral,tolerant,55,-0.1769608599009308,True
T55P,-3.92478853986898,55,True,mild,tolerant,55,-0.36004588285784483,True
T55Q,-0.149021736961155,55,True,neutral,tolerant,55,-0.01367071430833818,True
T55R,-3.61122333151688,55,True,neutral,tolerant,55,-0.3312805465530245,True
T55S,-1.25259550930266,55,True,neutral,tolerant,55,-0.11490857441856048,True
T55T,0.0,55,True,neutral,tolerant,55,0.0,True
T55V,-1.81910990684134,55,True,neutral,tolerant,55,-0.1668785530152426,True
T55W,-5.11116052264958,55,True,impactful,tolerant,55,-0.46887935085210075,True
T55Y,-5.11116052264958,55,True,impactful,tolerant,55,-0.46887935085210075,True
K56A,-6.57722952782892,56,True,impactful,sensitive,56,-1.8132865600178891,True
K56C,-6.6445065502866685,56,True,impactful,sensitive,56,-1.8318342661766136,True
K56D,-6.07644473425429,56,True,impactful,sensitive,56,-1.675224427351226,True
K56E,-5.98463036541946,56,True,impactful,sensitive,56,-1.6499119822981374,True
K56F,-7.199054477394968,56,True,impactful,sensitive,56,-1.9847184401067857,True
K56G,-7.199054477394968,56,True,impactful,sensitive,56,-1.9847184401067857,True
K56H,-6.07644473425429,56,True,impactful,sensitive,56,-1.675224427351226,True
K56I,-6.58168583467775,56,True,impactful,sensitive,56,-1.814515126131039,True
K56K,0.0,56,True,neutral,sensitive,56,0.0,True
K56L,-5.14899392441416,56,True,impactful,sensitive,56,-1.4195340821313691,True
K56M,-6.58168583467775,56,True,impactful,sensitive,56,-1.814515126131039,True
K56N,-5.438615985452,56,True,impactful,sensitive,56,-1.4993804351501527,True
K56P,-7.199054477394968,56,True,impactful,sensitive,56,-1.9847184401067857,True
K56Q,-6.01389450115978,56,True,impactful,sensitive,56,-1.6579798570475195,True
K56R,-2.86230500126787,56,True,neutral,sensitive,56,-0.7891132835658,True
K56S,-6.6445065502866685,56,True,impactful,sensitive,56,-1.8318342661766136,True
K56T,-6.48052866826411,56,True,impactful,sensitive,56,-1.7866269507934978,True
K56V,-6.42142291127678,56,True,impactful,sensitive,56,-1.770331993424086,True
K56W,-7.199054477394968,56,True,impactful,sensitive,56,-1.9847184401067857,True
K56Y,-7.199054477394968,56,True,impactful,sensitive,56,-1.9847184401067857,True
A57A,0.0,57,True,neutral,tolerant,57,0.0,True
A57C,-3.5855332468927097,57,True,neutral,tolerant,57,-1.5715604876821174,True
A57D,-1.76183677692275,57,True,neutral,tolerant,57,-0.7722235086668154,True
A57E,-1.26748308003381,57,True,neutral,tolerant,57,-0.5555453513401409,True
A57F,-5.29119095547016,57,True,impactful,tolerant,57,-2.319160377498716,True
A57G,-2.14802694835816,57,True,neutral,tolerant,57,-0.9414929512762357,True
A57H,-3.5177047429908503,57,True,neutral,tolerant,57,-1.5418308521354012,True
A57I,-2.74234568945431,57,True,neutral,tolerant,57,-1.2019863803652326,True
A57K,-1.78653050413017,57,True,neutral,tolerant,57,-0.783046915758749,True
A57L,-1.37364699712739,57,True,neutral,tolerant,57,-0.6020776258536794,True
A57M,-1.98392498626998,57,True,neutral,tolerant,57,-0.8695660880147136,True
A57N,-1.38439056970277,57,True,neutral,tolerant,57,-0.6067865974329124,True
A57P,-0.6670480930412271,57,True,neutral,tolerant,57,-0.29237113539967297,True
A57Q,-1.49582843057412,57,True,neutral,tolerant,57,-0.6556304727836717,True
A57R,-1.92796381304045,57,True,neutral,tolerant,57,-0.8450379738860607,True
A57S,-0.7258922944518459,57,True,neutral,tolerant,57,-0.3181628978791533,True
A57T,-0.316055076898745,57,True,neutral,tolerant,57,-0.13852881470722664,True
A57V,-1.9747201868070805,57,True,neutral,tolerant,57,-0.8655315698170462,True
A57W,-5.29119095547016,57,True,impactful,tolerant,57,-2.319160377498716,True
A57Y,-5.29119095547016,57,True,impactful,tolerant,57,-2.319160377498716,True
P58A,-1.85466398847764,58,True,neutral,sensitive,58,-0.27284341922324484,True
P58C,-4.50204066308585,58,True,mild,sensitive,58,-0.6623044258311683,True
P58D,-2.6721733203253097,58,True,neutral,sensitive,58,-0.39310889196330484,True
P58E,-4.11149062394971,58,True,mild,sensitive,58,-0.6048498094059348,True
P58F,-6.33819157398566,58,True,impactful,sensitive,58,-0.9324243482819188,True
P58G,-5.00303723968286,58,True,impactful,sensitive,58,-0.7360070586676803,True
P58H,-5.54809065561907,58,True,impactful,sensitive,58,-0.8161909834040494,True
P58I,-5.9888768106807495,58,True,impactful,sensitive,58,-0.8810359377680004,True
P58K,-6.33819157398566,58,True,impactful,sensitive,58,-0.9324243482819188,True
P58L,-5.738389258053041,58,True,impactful,sensitive,58,-0.8441862006962707,True
P58M,-5.9888768106807495,58,True,impactful,sensitive,58,-0.8810359377680004,True
P58N,-5.37549639366351,58,True,impactful,sensitive,58,-0.7908002879126675,True
P58P,0.0,58,True,neutral,sensitive,58,0.0,True
P58Q,-3.86320646956695,58,True,mild,sensitive,58,-0.5683242187643925,True
P58R,-5.142810400775558,58,True,impactful,sensitive,58,-0.7565693747664991,True
P58S,-1.95363695966049,58,True,neutral,sensitive,58,-0.28740353579205696,True
P58T,-1.8888685728534904,58,True,neutral,sensitive,58,-0.2778753257099166,True
P58V,-5.9888768106807495,58,True,impactful,sensitive,58,-0.8810359377680004,True
P58W,-6.33819157398566,58,True,impactful,sensitive,58,-0.9324243482819188,True
P58Y,-6.33819157398566,58,True,impactful,sensitive,58,-0.9324243482819188,True
T59A,-1.65870981843797,59,True,neutral,sensitive,59,-0.169222056341323,True
T59C,-4.61161656058745,59,True,mild,sensitive,59,-0.4704784578746927,True
T59D,-6.2850748325163615,59,True,impactful,sensitive,59,-0.6412051557149983,True
T59E,-5.02051824860345,59,True,impactful,sensitive,59,-0.512194726578442,True
T59F,-7.0241332913491705,59,True,impactful,sensitive,59,-0.7166041138509742,True
T59G,-3.19426592828003,59,True,neutral,sensitive,59,-0.32587993564396084,True
T59H,-6.2850748325163615,59,True,impactful,sensitive,59,-0.6412051557149983,True
T59I,-4.83721750337933,59,True,mild,sensitive,59,-0.4934943314334172,True
T59K,-5.382647396158861,59,True,impactful,sensitive,59,-0.5491392471505608,True
T59L,-5.86875775444233,59,True,impactful,sensitive,59,-0.5987323667686818,True
T59M,-6.11325352570643,59,True,impactful,sensitive,59,-0.6236758962035237,True
T59N,-6.2850748325163615,59,True,impactful,sensitive,59,-0.6412051557149983,True
T59P,-6.1456173306013,59,True,impactful,sensitive,59,-0.6269776609573471,True
T59Q,-5.91455770669979,59,True,impactful,sensitive,59,-0.6034048911699905,True
T59R,-6.79098630569602,59,True,impactful,sensitive,59,-0.6928183908128355,True
T59S,-1.60781244429533,59,True,neutral,sensitive,59,-0.16402949148214702,True
T59T,0.0,59,True,neutral,sensitive,59,0.0,True
T59V,-5.785080280923999,59,True,impactful,sensitive,59,-0.5901955666721145,True
T59W,-7.0241332913491705,59,True,impactful,sensitive,59,-0.7166041138509742,True
T59Y,-7.0241332913491705,59,True,impactful,sensitive,59,-0.7166041138509742,True
G60A,-3.00931609711547,60,True,neutral,sensitive,60,-1.4654704925990842,True
G60C,-6.06859385066583,60,True,impactful,sensitive,60,-2.955271208712038,True
G60D,-6.29552431607898,60,True,impactful,sensitive,60,-3.0657813346684035,True
G60E,-4.73753803357754,60,True,mild,sensitive,60,-2.307076415943345,True
G60F,-7.20737140460765,60,True,impactful,sensitive,60,-3.509830732896135,True
G60G,0.0,60,True,neutral,sensitive,60,0.0,True
G60H,-6.29552431607898,60,True,impactful,sensitive,60,-3.0657813346684035,True
G60I,-6.2008140496791695,60,True,impactful,sensitive,60,-3.0196595261657473,True
G60K,-4.91074586158567,60,True,impactful,sensitive,60,-2.3914248036970935,True
G60L,-6.23674336608013,60,True,impactful,sensitive,60,-3.0371563099218086,True
G60M,-6.4117822032763385,60,True,impactful,sensitive,60,-3.1223963587208616,True
G60N,-4.92368772155166,60,True,impactful,sensitive,60,-2.397727203739976,True
G60P,-7.20737140460765,60,True,impactful,sensitive,60,-3.509830732896135,True
G60Q,-6.11089234925819,60,True,impactful,sensitive,60,-2.9758696435616585,True
G60R,-5.85927258973554,60,True,impactful,sensitive,60,-2.8533363765217583,True
G60S,-3.51321318000925,60,True,neutral,sensitive,60,-1.7108572457538676,True
G60T,-4.237667998468299,60,True,mild,sensitive,60,-2.063650746141084,True
G60V,-6.10813927381496,60,True,impactful,sensitive,60,-2.974528956609623,True
G60W,-7.20737140460765,60,True,impactful,sensitive,60,-3.509830732896135,True
G60Y,-7.20737140460765,60,True,impactful,sensitive,60,-3.509830732896135,True
P61A,-1.5777582402113,61,True,neutral,tolerant,61,-0.4739010225637293,True
P61C,-4.22724233275055,61,True,mild,tolerant,61,-1.2697093972057978,True
P61D,-3.20875721724594,61,True,neutral,tolerant,61,-0.9637936203761788,True
P61E,-3.48410348626392,61,True,neutral,tolerant,61,-1.0464975956247904,True
P61F,-5.82333914408182,61,True,impactful,tolerant,61,-1.7491186575873485,True
P61G,-3.62090671758101,61,True,neutral,tolerant,61,-1.087588296062209,True
P61H,-4.77154584022621,61,True,mild,tolerant,61,-1.4331983159790533,True
P61I,-5.1825186369419916,61,True,impactful,tolerant,61,-1.5566395528211447,True
P61K,-3.46858287960106,61,True,neutral,tolerant,61,-1.0418357715373727,True
P61L,-2.44303980379088,61,True,neutral,tolerant,61,-0.733800040889242,True
P61M,-2.36857398444611,61,True,neutral,tolerant,61,-0.7114332250906402,True
P61N,-2.07674840226554,61,True,neutral,tolerant,61,-0.6237794652933809,True
P61P,0.0,61,True,neutral,tolerant,61,0.0,True
P61Q,-3.89565818335262,61,True,mild,tolerant,61,-1.1701136141125914,True
P61R,-2.64296461307005,61,True,neutral,tolerant,61,-0.793850160824327,True
P61S,-0.899054765011172,61,True,neutral,tolerant,61,-0.270043256071049,True
P61T,-0.8382027582974342,61,True,neutral,tolerant,61,-0.2517655329879275,True
P61V,-4.77048633289495,61,True,mild,tolerant,61,-1.4328800786250016,True
P61W,-6.02869034688341,61,True,impactful,tolerant,61,-1.8107986681948878,True
P61Y,-6.02869034688341,61,True,impactful,tolerant,61,-1.8107986681948878,True
F62A,-6.0214659153931205,62,True,impactful,sensitive,62,-2.238974683766626,True
F62C,-5.76530623300407,62,True,impactful,sensitive,62,-2.143726275500357,True
F62D,-5.61436153465855,62,True,impactful,sensitive,62,-2.0876001821215917,True
F62E,-4.3166353046296,62,True,mild,sensitive,62,-1.6050638336110101,True
F62F,0.0,62,True,neutral,sensitive,62,0.0,True
F62G,-6.0463298405484815,62,True,impactful,sensitive,62,-2.248219890788326,True
F62H,-5.4692837515381205,62,True,impactful,sensitive,62,-2.0336555965094316,True
F62I,-3.61401482243637,62,True,neutral,sensitive,62,-1.343806941347453,True
F62K,-6.34039235530241,62,True,impactful,sensitive,62,-2.357561791121214,True
F62L,-1.19995549884217,62,True,neutral,sensitive,62,-0.44618204624990687,True
F62M,-3.3477799365092897,62,True,neutral,sensitive,62,-1.2448122483770268,True
F62N,-5.67807982783421,62,True,impactful,sensitive,62,-2.1112926927689446,True
F62P,-6.1754787788470304,62,True,impactful,sensitive,62,-2.2962416196079785,True
F62Q,-5.4615485345221115,62,True,impactful,sensitive,62,-2.0307793940504903,True
F62R,-6.17949869814399,62,True,impactful,sensitive,62,-2.2977363548872516,True
F62S,-6.0214659153931205,62,True,impactful,sensitive,62,-2.238974683766626,True
F62T,-4.62067535317141,62,True,mild,sensitive,62,-1.7181157018937925,True
F62V,-3.13627797920468,62,True,neutral,sensitive,62,-1.1661690185346811,True
F62W,-4.45806053288327,62,True,mild,sensitive,62,-1.657650281853856,True
F62Y,-1.573256631593,62,True,neutral,sensitive,62,-0.5849874131480015,True
K63A,-3.7039880111955696,63,True,neutral,tolerant,63,-1.9198691818286129,True
K63C,-3.61949231893627,63,True,neutral,tolerant,63,-1.8760729613560898,True
K63D,-0.658734735611198,63,True,neutral,tolerant,63,-0.34143860997318526,True
K63E,-2.4384641549475603,63,True,neutral,tolerant,63,-1.2639166670970061,True
K63F,-5.440980719705008,63,True,impactful,tolerant,63,-2.820195737975289,True
K63G,-4.01741597391443,63,True,mild,tolerant,63,-2.0823266964124785,True
K63H,-0.0848211586603388,63,True,neutral,tolerant,63,-0.04396491780933613,True
K63I,-5.23561507304871,63,True,impactful,tolerant,63,-2.7137496115758495,True
K63K,0.0,63,True,neutral,tolerant,63,0.0,True
K63L,-5.23561507304871,63,True,impactful,tolerant,63,-2.7137496115758495,True
K63M,-5.23561507304871,63,True,impactful,tolerant,63,-2.7137496115758495,True
K63N,-0.0260446463157665,63,True,neutral,tolerant,63,-0.013499588460365057,True
K63P,-5.440980719705008,63,True,impactful,tolerant,63,-2.820195737975289,True
K63Q,0.049621238701028005,63,True,neutral,tolerant,63,0.025719923136445298,True
K63R,-0.0188318749434297,63,True,neutral,tolerant,63,-0.00976102952565204,True
K63S,-1.38216559162314,63,True,neutral,tolerant,63,-0.7164108294952767,True
K63T,-3.52780532850832,63,True,neutral,tolerant,63,-1.8285493120448117,True
K63V,-5.23561507304871,63,True,impactful,tolerant,63,-2.7137496115758495,True
K63W,-5.440980719705008,63,True,impactful,tolerant,63,-2.820195737975289,True
K63Y,-5.440980719705008,63,True,impactful,tolerant,63,-2.820195737975289,True
R64A,-5.9342442973705705,64,True,impactful,sensitive,64,-2.181068757171791,True
R64C,-4.81951355072091,64,True,mild,sensitive,64,-1.7713612557038023,True
R64D,-5.291743307536612,64,True,impactful,sensitive,64,-1.9449243106076812,True
R64E,-3.74205377995471,64,True,neutral,sensitive,64,-1.3753523074087486,True
R64F,-7.12282778922621,64,True,impactful,sensitive,64,-2.617920054400177,True
R64G,-7.12282778922621,64,True,impactful,sensitive,64,-2.617920054400177,True
R64H,-3.35828192769594,64,True,neutral,sensitive,64,-1.2343010201851274,True
R64I,-5.20516502367688,64,True,impactful,sensitive,64,-1.9131033776441222,True
R64K,-2.86152686496398,64,True,neutral,sensitive,64,-1.0517239483629135,True
R64L,-6.56969616748086,64,True,impactful,sensitive,64,-2.4146223743017856,True
R64M,-6.56969616748086,64,True,impactful,sensitive,64,-2.4146223743017856,True
R64N,-5.291743307536612,64,True,impactful,sensitive,64,-1.9449243106076812,True
R64P,-7.12282778922621,64,True,impactful,sensitive,64,-2.617920054400177,True
R64Q,-5.14177564240591,64,True,impactful,sensitive,64,-1.8898052806837689,True
R64R,0.0,64,True,neutral,sensitive,64,0.0,True
R64S,-6.09325452145117,64,True,impactful,sensitive,64,-2.239511284043621,True
R64T,-5.79784609948499,64,True,impactful,sensitive,64,-2.130937041483141,True
R64V,-6.56969616748086,64,True,impactful,sensitive,64,-2.4146223743017856,True
R64W,-7.12282778922621,64,True,impactful,sensitive,64,-2.617920054400177,True
R64Y,-7.12282778922621,64,True,impactful,sensitive,64,-2.617920054400177,True
E65A,-2.92412328177384,65,True,neutral,sensitive,65,-0.9972246142608728,True
E65C,-5.01227132974746,65,True,impactful,sensitive,65,-1.7093534922187423,True
E65D,-0.209606048453175,65,True,neutral,sensitive,65,-0.07148272855604923,True
E65E,0.0,65,True,neutral,sensitive,65,0.0,True
E65F,-2.6324941377675697,65,True,neutral,sensitive,65,-0.897769245039072,True
E65G,-4.69627614062225,65,True,mild,sensitive,65,-1.601588480207169,True
E65H,-2.67354132922362,65,True,neutral,sensitive,65,-0.911767721068243,True
E65I,-5.38495360638887,65,True,impactful,sensitive,65,-1.8364507120528337,True
E65K,-2.34328670733309,65,True,neutral,sensitive,65,-0.7991397617836842,True
E65L,-5.38495360638887,65,True,impactful,sensitive,65,-1.8364507120528337,True
E65M,-5.38495360638887,65,True,impactful,sensitive,65,-1.8364507120528337,True
E65N,-2.32763194850975,65,True,neutral,sensitive,65,-0.7938009612870506,True
E65P,-5.7758331644502405,65,True,impactful,sensitive,65,-1.969753818300034,True
E65Q,-2.03128054560405,65,True,neutral,sensitive,65,-0.692735142588384,True
E65R,-2.46301483698205,65,True,neutral,sensitive,65,-0.8399710901512529,True
E65S,-2.92696473708038,65,True,neutral,sensitive,65,-0.9981936463087574,True
E65T,-4.7224704151728,65,True,mild,sensitive,65,-1.6105216108645979,True
E65V,-5.38495360638887,65,True,impactful,sensitive,65,-1.8364507120528337,True
E65W,-5.12659627162964,65,True,impactful,sensitive,65,-1.7483421514108726,True
E65Y,-5.12659627162964,65,True,impactful,sensitive,65,-1.7483421514108726,True
E66A,-0.422954786967021,66,True,neutral,tolerant,66,-0.21001537805524917,True
E66C,-3.654368671561581,66,True,neutral,tolerant,66,-1.8145523865913975,True
E66D,-0.454031647946591,66,True,neutral,tolerant,66,-0.22544638606959685,True
E66E,0.0,66,True,neutral,tolerant,66,0.0,True
E66F,-5.46170240358418,66,True,impactful,tolerant,66,-2.7119718950087988,True
E66G,-2.14587219506567,66,True,neutral,tolerant,66,-1.0655185239459266,True
E66H,-1.29103455709477,66,True,neutral,tolerant,66,-0.6410545971945475,True
E66I,-5.01196107333359,66,True,impactful,tolerant,66,-2.48865583757164,True
E66K,-1.30202883238316,66,True,neutral,tolerant,66,-0.6465137312492585,True
E66L,-5.01196107333359,66,True,impactful,tolerant,66,-2.48865583757164,True
E66M,-5.01196107333359,66,True,impactful,tolerant,66,-2.48865583757164,True
E66N,-0.587789714293819,66,True,neutral,tolerant,66,-0.2918630616516196,True
E66P,-4.94466994500228,66,True,impactful,tolerant,66,-2.4552428766790464,True
E66Q,-0.7253745471595091,66,True,neutral,tolerant,66,-0.3601798926210944,True
E66R,-1.25993192671123,66,True,neutral,tolerant,66,-0.6256107935545591,True
E66S,-0.495022701104517,66,True,neutral,tolerant,66,-0.24580022007530086,True
E66T,-2.44206493737429,66,True,neutral,tolerant,66,-1.2125910543202338,True
E66V,-4.42709351587086,66,True,mild,tolerant,66,-2.1982437534016057,True
E66W,-5.46170240358418,66,True,impactful,tolerant,66,-2.7119718950087988,True
E66Y,-5.46170240358418,66,True,impactful,tolerant,66,-2.7119718950087988,True
L67A,-6.04012828286986,67,True,impactful,sensitive,67,-3.829883632050371,True
L67C,-6.263564999280209,67,True,impactful,sensitive,67,-3.971558871863736,True
L67D,-6.64583813124517,67,True,impactful,sensitive,67,-4.213948030259162,True
L67E,-5.54414750809578,67,True,impactful,sensitive,67,-3.5153955016399396,True
L67F,-7.269298756157759,67,True,impactful,sensitive,67,-4.609267720629398,True
L67G,-7.269298756157759,67,True,impactful,sensitive,67,-4.609267720629398,True
L67H,-6.64583813124517,67,True,impactful,sensitive,67,-4.213948030259162,True
L67I,-4.770656732138219,67,True,mild,sensitive,67,-3.024945709243431,True
L67K,-5.08882818193325,67,True,impactful,sensitive,67,-3.2266897071667247,True
L67L,0.0,67,True,neutral,sensitive,67,0.0,True
L67M,-3.389132474695149,67,True,neutral,sensitive,67,-2.1489581650934917,True
L67N,-6.64583813124517,67,True,impactful,sensitive,67,-4.213948030259162,True
L67P,-6.638172161555881,67,True,impactful,sensitive,67,-4.209087244119889,True
L67Q,-6.382899648286589,67,True,impactful,sensitive,67,-4.0472257778568075,True
L67R,-6.090706568935361,67,True,impactful,sensitive,67,-3.861953969114037,True
L67S,-6.263564999280209,67,True,impactful,sensitive,67,-3.971558871863736,True
L67T,-5.98944357264688,67,True,impactful,sensitive,67,-3.797745814277736,True
L67V,-4.56432244828084,67,True,mild,sensitive,67,-2.8941146640291486,True
L67W,-7.269298756157759,67,True,impactful,sensitive,67,-4.609267720629398,True
L67Y,-7.269298756157759,67,True,impactful,sensitive,67,-4.609267720629398,True
L68A,-5.36167207001433,68,True,impactful,sensitive,68,-3.013721431902597,True
L68C,-5.765489943333058,68,True,impactful,sensitive,68,-3.240701852098778,True
L68D,-5.39047469249483,68,True,impactful,sensitive,68,-3.0299109861183307,True
L68E,-4.01808321025895,68,True,mild,sensitive,68,-2.2585087875195287,True
L68F,-6.3577471562995305,68,True,impactful,sensitive,68,-3.5736014089176615,True
L68G,-6.3577471562995305,68,True,impactful,sensitive,68,-3.5736014089176615,True
L68H,-5.39047469249483,68,True,impactful,sensitive,68,-3.0299109861183307,True
L68I,-2.2192764927884303,68,True,neutral,sensitive,68,-1.2474245053215733,True
L68K,-4.42921157468785,68,True,mild,sensitive,68,-2.4895983332736997,True
L68L,0.0,68,True,neutral,sensitive,68,0.0,True
L68M,-0.403849993502814,68,True,neutral,sensitive,68,-0.22699847450571556,True
L68N,-4.70404508991258,68,True,mild,sensitive,68,-2.6440784365366516,True
L68P,-6.3577471562995305,68,True,impactful,sensitive,68,-3.5736014089176615,True
L68Q,-2.68983906694206,68,True,neutral,sensitive,68,-1.5119211952085134,True
L68R,-4.22671610030945,68,True,mild,sensitive,68,-2.3757784384669227,True
L68S,-5.471199379577402,68,True,impactful,sensitive,68,-3.075285211988084,True
L68T,-5.765489943333058,68,True,impactful,sensitive,68,-3.240701852098778,True
L68V,-0.8601318689766919,68,True,neutral,sensitive,68,-0.48346818193052316,True
L68W,-6.3577471562995305,68,True,impactful,sensitive,68,-3.5736014089176615,True
L68Y,-6.3577471562995305,68,True,impactful,sensitive,68,-3.5736014089176615,True
D69A,-0.619408662800918,69,True,neutral,tolerant,69,-0.2917423316465504,True
D69C,-4.03279026275344,69,True,mild,tolerant,69,-1.899449757413773,True
D69D,0.0,69,True,neutral,tolerant,69,0.0,True
D69E,-0.79168624549705,69,True,neutral,tolerant,69,-0.3728853099170288,True
D69F,-5.60498086406767,69,True,impactful,tolerant,69,-2.6399536918374777,True
D69G,-2.38795293363204,69,True,neutral,tolerant,69,-1.1247291143293954,True
D69H,-1.32404527276266,69,True,neutral,tolerant,69,-0.6236271435640611,True
D69I,-4.54965414953942,69,True,mild,tolerant,69,-2.142893358594575,True
D69K,-1.65419920391177,69,True,neutral,tolerant,69,-0.7791300989799009,True
D69L,-3.0740783065766,69,True,neutral,tolerant,69,-1.4478951081654252,True
D69M,-2.1420357741611697,69,True,neutral,tolerant,69,-1.008901794169704,True
D69N,-1.38255774592303,69,True,neutral,tolerant,69,-0.6511865988565022,True
D69P,-4.5412065109208095,69,True,mild,tolerant,69,-2.138914509192701,True
D69Q,-1.26295573169046,69,True,neutral,tolerant,69,-0.5948538857425936,True
D69R,-2.06468548593997,69,True,neutral,tolerant,69,-0.9724697020882949,True
D69S,-1.36919066657733,69,True,neutral,tolerant,69,-0.6448906861096823,True
D69T,-1.50432834952309,69,True,neutral,tolerant,69,-0.7085407205435401,True
D69V,-4.34562870796038,69,True,mild,tolerant,69,-2.046797095148196,True
D69W,-5.60498086406767,69,True,impactful,tolerant,69,-2.6399536918374777,True
D69Y,-5.60498086406767,69,True,impactful,tolerant,69,-2.6399536918374777,True
H70A,-5.41281916719961,70,True,impactful,sensitive,70,-2.806939602701434,True
H70C,-4.01138605042249,70,True,mild,sensitive,70,-2.08019481509491,True
H70D,-4.32918315248869,70,True,mild,sensitive,70,-2.244995678352803,True
H70E,-3.0316337362822003,70,True,neutral,sensitive,70,-1.5721221294113132,True
H70F,-1.21926382963861,70,True,neutral,sensitive,70,-0.6322767903078961,True
H70G,-4.69296352576327,70,True,mild,sensitive,70,-2.4336422052158486,True
H70H,0.0,70,True,neutral,sensitive,70,0.0,True
H70I,-5.92101528242981,70,True,impactful,sensitive,70,-3.070476173518869,True
H70K,-4.3994216583152905,70,True,mild,sensitive,70,-2.2814194415618116,True
H70L,-5.92101528242981,70,True,impactful,sensitive,70,-3.070476173518869,True
H70M,-5.92101528242981,70,True,impactful,sensitive,70,-3.070476173518869,True
H70N,-4.32918315248869,70,True,mild,sensitive,70,-2.244995678352803,True
H70P,-5.64733206112849,70,True,impactful,sensitive,70,-2.9285515592400917,True
H70Q,-3.1420729522974105,70,True,neutral,sensitive,70,-1.629392878636208,True
H70R,-5.5569569605538,70,True,impactful,sensitive,70,-2.8816855101323644,True
H70S,-3.4466549186960096,70,True,neutral,sensitive,70,-1.7873407348907926,True
H70T,-4.30406804464457,70,True,mild,sensitive,70,-2.2319716720713867,True
H70V,-5.20887501658879,70,True,impactful,sensitive,70,-2.7011797582644013,True
H70W,-3.2762400151937903,70,True,neutral,sensitive,70,-1.6989682386452918,True
H70Y,-1.26473194071315,70,True,neutral,sensitive,70,-0.6558553059931306,True
L71A,-5.29210913051919,71,True,impactful,sensitive,71,-2.928955947517396,True
L71C,-4.94360402687169,71,True,impactful,sensitive,71,-2.7360732856346526,True
L71D,-5.0986073908233,71,True,impactful,sensitive,71,-2.8218610147865513,True
L71E,-6.07320299605118,71,True,impactful,sensitive,71,-3.3612579780680827,True
L71F,-5.13388812425241,71,True,impactful,sensitive,71,-2.841387391031145,True
L71G,-6.87122254283848,71,True,impactful,sensitive,71,-3.802927648921693,True
L71H,-5.89967711821648,71,True,impactful,sensitive,71,-3.2652188300843257,True
L71I,-1.9973707071044695,71,True,neutral,sensitive,71,-1.1054592162948687,True
L71K,-6.104922223890059,71,True,impactful,sensitive,71,-3.3788132133699342,True
L71L,0.0,71,True,neutral,sensitive,71,0.0,True
L71M,-3.02436343745908,71,True,neutral,sensitive,71,-1.6738557461929888,True
L71N,-4.70563127793135,71,True,mild,sensitive,71,-2.6043655522592655,True
L71P,-5.38937051539294,71,True,impactful,sensitive,71,-2.982785962104,True
L71Q,-6.07320299605118,71,True,impactful,sensitive,71,-3.3612579780680827,True
L71R,-5.6697173527879405,71,True,impactful,sensitive,71,-3.137945940196746,True
L71S,-5.29210913051919,71,True,impactful,sensitive,71,-2.928955947517396,True
L71T,-5.29210913051919,71,True,impactful,sensitive,71,-2.928955947517396,True
L71V,-3.06217722533878,71,True,neutral,sensitive,71,-1.694784059683293,True
L71W,-3.17265563679537,71,True,neutral,sensitive,71,-1.7559291329097608,True
L71Y,-5.13388812425241,71,True,impactful,sensitive,71,-2.841387391031145,True
E72A,-5.78563441057878,72,True,impactful,sensitive,72,-2.966436915282881,True
E72C,-6.02261591241626,72,True,impactful,sensitive,72,-3.0879431539080677,True
E72D,-2.7589488535104305,72,True,neutral,sensitive,72,-1.4145808645403142,True
E72E,0.0,72,True,neutral,sensitive,72,0.0,True
E72F,-5.47089893987344,72,True,impactful,sensitive,72,-2.8050643064049106,True
E72G,-6.29245693859656,72,True,impactful,sensitive,72,-3.2262972780220007,True
E72H,-4.10748802038406,72,True,mild,sensitive,72,-2.106010028990159,True
E72I,-3.94204436273424,72,True,mild,sensitive,72,-2.0211830007640956,True
E72K,-4.12631318977641,72,True,mild,sensitive,72,-2.1156621558718394,True
E72L,-5.88826099419354,72,True,impactful,sensitive,72,-3.019056086236293,True
E72M,-5.88826099419354,72,True,impactful,sensitive,72,-3.019056086236293,True
E72N,-2.61939261089806,72,True,neutral,sensitive,72,-1.3430269500574779,True
E72P,-6.89709394915758,72,True,impactful,sensitive,72,-3.5363095292618896,True
E72Q,-2.8157180158517496,72,True,neutral,sensitive,72,-1.443687808890455,True
E72R,-4.265798107015788,72,True,mild,sensitive,72,-2.1871795000834786,True
E72S,-5.579945464681491,72,True,impactful,sensitive,72,-2.8609751389460136,True
E72T,-4.11688904625656,72,True,mild,sensitive,72,-2.1108301659381006,True
E72V,-4.22375795481131,72,True,mild,sensitive,72,-2.165624481122127,True
E72W,-5.47089893987344,72,True,impactful,sensitive,72,-2.8050643064049106,True
E72Y,-3.79515825220628,72,True,neutral,sensitive,72,-1.945870882906156,True
K73A,-5.25530764006426,73,True,impactful,sensitive,73,-2.5956947678156945,True
K73C,-5.57957859411269,73,True,impactful,sensitive,73,-2.7558582589805662,True
K73D,-2.32599138719864,73,True,neutral,sensitive,73,-1.1488506643660643,True
K73E,-2.7852501507477703,73,True,neutral,sensitive,73,-1.3756871602031389,True
K73F,-5.310969739760242,73,True,impactful,sensitive,73,-2.6231873202678146,True
K73G,-5.8811834717760885,73,True,impactful,sensitive,73,-2.9048265509470097,True
K73H,-4.36558094435668,73,True,mild,sensitive,73,-2.1562421064286115,True
K73I,-5.93456219682713,73,True,impactful,sensitive,73,-2.931191301941105,True
K73K,0.0,73,True,neutral,sensitive,73,0.0,True
K73L,-5.67149758703711,73,True,impactful,sensitive,73,-2.8012587693480024,True
K73M,-5.69666752826514,73,True,impactful,sensitive,73,-2.8136906742385457,True
K73N,-2.31569462035608,73,True,neutral,sensitive,73,-1.143764898574754,True
K73P,-6.644529402256008,73,True,impactful,sensitive,73,-3.281857387862183,True
K73Q,-1.1432391954236398,73,True,neutral,sensitive,73,-0.564667228099073,True
K73R,-1.71708943237548,73,True,neutral,sensitive,73,-0.8481025966034892,True
K73S,-4.7007207515398,73,True,mild,sensitive,73,-2.321773927507947,True
K73T,-2.8157209461811696,73,True,neutral,sensitive,73,-1.3907372561622577,True
K73V,-5.93456219682713,73,True,impactful,sensitive,73,-2.931191301941105,True
K73W,-5.013937233711888,73,True,impactful,sensitive,73,-2.476477408189011,True
K73Y,-5.310969739760242,73,True,impactful,sensitive,73,-2.6231873202678146,True
Q74A,-4.03647757174068,74,True,mild,tolerant,74,-2.2142763374084447,True
Q74C,-4.9755087556008,74,True,impactful,tolerant,74,-2.7293973788498915,True
Q74D,-1.4761843409497,74,True,neutral,tolerant,74,-0.8097852639394756,True
Q74E,-0.578696129355928,74,True,neutral,tolerant,74,-0.31745330501863855,True
Q74F,-3.58769668589388,74,True,neutral,tolerant,74,-1.9680901816451069,True
Q74G,-6.13697004750756,74,True,impactful,tolerant,74,-3.366536124148537,True
Q74H,-2.46814758157314,74,True,neutral,tolerant,74,-1.353943058019396,True
Q74I,-3.52792916786096,74,True,neutral,tolerant,74,-1.9353037240038085,True
Q74K,-2.97081414609906,74,True,neutral,tolerant,74,-1.6296890914492692,True
Q74L,-3.48534268958962,74,True,neutral,tolerant,74,-1.9119422090557339,True
Q74M,-4.90015062122869,74,True,impactful,tolerant,74,-2.6880584315113456,True
Q74N,-4.05004023069786,74,True,mild,tolerant,74,-2.221716357640806,True
Q74P,-6.13697004750756,74,True,impactful,tolerant,74,-3.366536124148537,True
Q74Q,0.0,74,True,neutral,tolerant,74,0.0,True
Q74R,-3.14459772432056,74,True,neutral,tolerant,74,-1.725020939142429,True
Q74S,-2.4130701620051296,74,True,neutral,tolerant,74,-1.3237294312352963,True
Q74T,-2.6665773939514503,74,True,neutral,tolerant,74,-1.4627950038995792,True
Q74V,-2.4440334718630696,74,True,neutral,tolerant,74,-1.3407148654728798,True
Q74W,-5.2671827730618,74,True,impactful,tolerant,74,-2.8893999711155627,True
Q74Y,-3.5682700610157503,74,True,neutral,tolerant,74,-1.957433386204323,True
A75A,0.0,75,True,neutral,sensitive,75,0.0,True
A75C,-4.74981698552122,75,True,mild,sensitive,75,-2.0974482744481255,True
A75D,-4.30340658569463,75,True,mild,sensitive,75,-1.9003201060016033,True
A75E,-4.41499738841939,75,True,mild,sensitive,75,-1.9495969386317438,True
A75F,-6.8260768825886,75,True,impactful,sensitive,75,-3.014293650108834,True
A75G,-4.31769621794402,75,True,mild,sensitive,75,-1.906630194284024,True
A75H,-5.86554124565585,75,True,impactful,sensitive,75,-2.590135451935763,True
A75I,-6.40897254425793,75,True,impactful,sensitive,75,-2.8301066009312983,True
A75K,-5.36039491254571,75,True,impactful,sensitive,75,-2.3670703721747177,True
A75L,-6.11119177812092,75,True,impactful,sensitive,75,-2.6986110599448128,True
A75M,-6.40897254425793,75,True,impactful,sensitive,75,-2.8301066009312983,True
A75N,-3.85625775427884,75,True,mild,sensitive,75,-1.7028658571887665,True
A75P,-6.42664577975505,75,True,impactful,sensitive,75,-2.837910837896711,True
A75Q,-4.4419188116852,75,True,mild,sensitive,75,-1.9614850372567407,True
A75R,-4.7925452506738,75,True,mild,sensitive,75,-2.1163164384821562,True
A75S,-2.7082022530854704,75,True,neutral,sensitive,75,-1.1959016862977756,True
A75T,-2.78612886101259,75,True,neutral,sensitive,75,-1.2303129130521044,True
A75V,-5.142485369424169,75,True,impactful,sensitive,75,-2.270844770935915,True
A75W,-6.8260768825886,75,True,impactful,sensitive,75,-3.014293650108834,True
A75Y,-6.58623524422279,75,True,impactful,sensitive,75,-2.9083831630175134,True
K76A,-3.1788335408927404,76,True,neutral,tolerant,76,-0.9956070359838716,True
K76C,-4.5956586865804905,76,True,mild,tolerant,76,-1.439355054135664,True
K76D,-3.69803462831263,76,True,neutral,tolerant,76,-1.158220223832817,True
K76E,-3.3020750171501803,76,True,neutral,tolerant,76,-1.0342061256526207,True
K76F,-5.941411107352871,76,True,impactful,tolerant,76,-1.8608431759820914,True
K76G,-5.941411107352871,76,True,impactful,tolerant,76,-1.8608431759820914,True
K76H,-4.33659160220257,76,True,mild,tolerant,76,-1.3582155390649728,True
K76I,-0.7318232984086229,76,True,neutral,tolerant,76,-0.22920622159659476,True
K76K,0.0,76,True,neutral,tolerant,76,0.0,True
K76L,-1.36651318739882,76,True,neutral,tolerant,76,-0.4279903702528972,True
K76M,-1.3845629385108602,76,True,neutral,tolerant,76,-0.4336435316952098,True
K76N,-1.00826984804167,76,True,neutral,tolerant,76,-0.31578896534442574,True
K76P,-4.65919150099593,76,True,mild,tolerant,76,-1.4592534590801722,True
K76Q,-2.89401040403279,76,True,neutral,tolerant,76,-0.906400754679464,True
K76R,-0.8415642051993191,76,True,neutral,tolerant,76,-0.263576948320896,True
K76S,-2.97752352309789,76,True,neutral,tolerant,76,-0.9325569682303069,True
K76T,-3.11792201403086,76,True,neutral,tolerant,76,-0.9765296153086206,True
K76V,-3.15189654974098,76,True,neutral,tolerant,76,-0.9871704011069802,True
K76W,-5.941411107352871,76,True,impactful,tolerant,76,-1.8608431759820914,True
K76Y,-5.941411107352871,76,True,impactful,tolerant,76,-1.8608431759820914,True
E77A,-2.07401820971128,77,True,neutral,sensitive,77,-0.9436652479917486,True
E77C,-4.80743289097143,77,True,mild,sensitive,77,-2.1873517455248264,True
E77D,-0.3729043840925229,77,True,neutral,sensitive,77,-0.1696691506584543,True
E77E,0.0,77,True,neutral,sensitive,77,0.0,True
E77F,-6.28207923600593,77,True,impactful,sensitive,77,-2.8583065627830724,True
E77G,-4.57132153192144,77,True,mild,sensitive,77,-2.07992256136998,True
E77H,-3.89579726758428,77,True,mild,sensitive,77,-1.7725632674904384,True
E77I,-5.430166155706719,77,True,impactful,sensitive,77,-2.4706914664335176,True
E77K,-2.5862629951551,77,True,neutral,sensitive,77,-1.176733405361309,True
E77L,-4.6635021088914685,77,True,mild,sensitive,77,-2.1218641444376396,True
E77M,-5.6404467539052,77,True,impactful,sensitive,77,-2.5663678167749384,True
E77N,-1.8518891387745,77,True,neutral,sensitive,77,-0.8425979170347492,True
E77P,-5.802980540034831,77,True,impactful,sensitive,77,-2.6403196677649095,True
E77Q,-1.55817543442991,77,True,neutral,sensitive,77,-0.7089600278633245,True
E77R,-2.61505911494808,77,True,neutral,sensitive,77,-1.189835458852645,True
E77S,-2.06160594029818,77,True,neutral,sensitive,77,-0.9380177434332018,True
E77T,-3.11659052806812,77,True,neutral,sensitive,77,-1.4180290991599105,True
E77V,-3.6404554734967,77,True,neutral,sensitive,77,-1.6563843562773795,True
E77W,-6.28207923600593,77,True,impactful,sensitive,77,-2.8583065627830724,True
E77Y,-6.28207923600593,77,True,impactful,sensitive,77,-2.8583065627830724,True
F78A,-0.987873472133662,78,True,neutral,tolerant,78,-0.3373372526325721,True
F78C,-1.45309492900626,78,True,neutral,tolerant,78,-0.49620023716860273,True
F78D,-0.6418768518610309,78,True,neutral,tolerant,78,-0.21918695039717362,True
F78E,-1.43050738847418,78,True,neutral,tolerant,78,-0.48848708454151424,True
F78F,0.0,78,True,neutral,tolerant,78,0.0,True
F78G,-3.7149681209451,78,True,neutral,tolerant,78,-1.2685806177490389,True
F78H,-0.23118313173771105,78,True,neutral,tolerant,78,-0.07894399912060966,True
F78I,0.0134073375758906,78,True,neutral,tolerant,78,0.004578313468828969,True
F78K,-2.9390495230678497,78,True,neutral,tolerant,78,-1.003621333531096,True
F78L,-0.9044452964723108,78,True,neutral,tolerant,78,-0.30884834958615043,True
F78M,0.0445811035238606,78,True,neutral,tolerant,78,0.01522347487435376,True
F78N,-3.0945153049660297,78,True,neutral,tolerant,78,-1.0567095085082359,True
F78P,-4.86790705305588,78,True,mild,tolerant,78,-1.6622841261258272,True
F78Q,-0.8958133883216551,78,True,neutral,tolerant,78,-0.30590074114978894,True
F78R,-3.4682750713987005,78,True,neutral,tolerant,78,-1.1843403198515834,True
F78S,-1.2195661992643898,78,True,neutral,tolerant,78,-0.4164552674694487,True
F78T,-0.514848801860914,78,True,neutral,tolerant,78,-0.175809640849869,True
F78V,-0.0114946966460275,78,True,neutral,tolerant,78,-0.003925188291614646,True
F78W,-2.756529800477721,78,True,neutral,tolerant,78,-0.9412948276509152,True
F78Y,-1.17900001678651,78,True,neutral,tolerant,78,-0.4026028005970232,True
K79A,-2.4014476668371803,79,True,neutral,tolerant,79,-0.6520912939283686,True
K79C,-5.11221314344559,79,True,impactful,tolerant,79,-1.3881750285808205,True
K79D,-4.61312780701262,79,True,mild,tolerant,79,-1.2526529402548723,True
K79E,-1.08986048616142,79,True,neutral,tolerant,79,-0.2959417123415442,True
K79F,-3.86644575039556,79,True,mild,tolerant,79,-1.0498982122729001,True
K79G,-2.68184116759977,79,True,neutral,tolerant,79,-0.7282296013528206,True
K79H,-4.22083786192885,79,True,mild,tolerant,79,-1.1461301700869606,True
K79I,-3.0298725555522203,79,True,neutral,tolerant,79,-0.8227343624732246,True
K79K,0.0,79,True,neutral,tolerant,79,0.0,True
K79L,-2.44342684828181,79,True,neutral,tolerant,79,-0.6634903592189878,True
K79M,-3.90233521967632,79,True,mild,tolerant,79,-1.059643671557681,True
K79N,-4.35096658523745,79,True,mild,tolerant,79,-1.1814654425275677,True
K79P,-0.743391996138203,79,True,neutral,tolerant,79,-0.20186134195304142,True
K79Q,-1.8422638685084296,79,True,neutral,tolerant,79,-0.5002500143404517,True
K79R,-2.1925059073752298,79,True,neutral,tolerant,79,-0.5953550576302611,True
K79S,-3.98700653132204,79,True,mild,tolerant,79,-1.082635396895751,True
K79T,-3.79827194072194,79,True,neutral,tolerant,79,-1.031386233695975,True
K79V,-3.11174234716984,79,True,neutral,tolerant,79,-0.8449653605027974,True
K79W,-5.5641025284274805,79,True,impactful,tolerant,79,-1.510881485121443,True
K79Y,-5.5641025284274805,79,True,impactful,tolerant,79,-1.510881485121443,True
D80A,-6.33830954889421,80,True,impactful,sensitive,80,-1.8340773255465876,True
D80C,-6.33830954889421,80,True,impactful,sensitive,80,-1.8340773255465876,True
D80D,0.0,80,True,neutral,sensitive,80,0.0,True
D80E,-1.24779417833627,80,True,neutral,sensitive,80,-0.3610664628765018,True
D80F,-7.086860017901111,80,True,impactful,sensitive,80,-2.0506807324395724,True
D80G,-7.086860017901111,80,True,impactful,sensitive,80,-2.0506807324395724,True
D80H,-3.3303445795765603,80,True,neutral,sensitive,80,-0.9636811570245858,True
D80I,-5.62988540447472,80,True,impactful,sensitive,80,-1.6290850243459931,True
D80K,-5.3532980222519,80,True,impactful,sensitive,80,-1.5490506488782214,True
D80L,-5.32690375302053,80,True,impactful,sensitive,80,-1.5414131028814226,True
D80M,-5.31671062680528,80,True,impactful,sensitive,80,-1.5384635811637455,True
D80N,-3.43141791119579,80,True,neutral,sensitive,80,-0.9929281201636173,True
D80P,-4.90190965354925,80,True,impactful,sensitive,80,-1.418435196024956,True
D80Q,-2.8283713734245097,80,True,neutral,sensitive,80,-0.8184282834731484,True
D80R,-5.87182376046152,80,True,impactful,sensitive,80,-1.699093225976477,True
D80S,-5.89279994707008,80,True,impactful,sensitive,80,-1.705162975006312,True
D80T,-4.10846791211303,80,True,mild,sensitive,80,-1.1888418800335885,True
D80V,-4.09672676817091,80,True,mild,sensitive,80,-1.1854444180267074,True
D80W,-7.086860017901111,80,True,impactful,sensitive,80,-2.0506807324395724,True
D80Y,-7.086860017901111,80,True,impactful,sensitive,80,-2.0506807324395724,True
R81A,-4.0830395153828505,81,True,mild,tolerant,81,-1.1151997640411775,True
R81C,-5.4461436997574815,81,True,impactful,tolerant,81,-1.4875041365683177,True
R81D,-2.89542324224004,81,True,neutral,tolerant,81,-0.790826369517187,True
R81E,-2.8820655057586606,81,True,neutral,tolerant,81,-0.7871779736307313,True
R81F,-4.8911277297946905,81,True,impactful,tolerant,81,-1.3359127359929175,True
R81G,-3.60740758311494,81,True,neutral,tolerant,81,-0.9852905097620436,True
R81H,-4.4816461812669015,81,True,mild,tolerant,81,-1.2240711227592067,True
R81I,-2.35967308305863,81,True,neutral,tolerant,81,-0.6444970359770217,True
R81K,-0.674420232899825,81,True,neutral,tolerant,81,-0.18420426296657044,True
R81L,-3.106827911897549,81,True,neutral,tolerant,81,-0.8485672845465511,True
R81M,-4.83250242255132,81,True,mild,tolerant,81,-1.3199004175820048,True
R81N,-3.41271466107526,81,True,neutral,tolerant,81,-0.9321140710082344,True
R81P,-6.38740278010814,81,True,impactful,tolerant,81,-1.7445900404284092,True
R81Q,-1.2698924312110702,81,True,neutral,tolerant,81,-0.3468454650778644,True
R81R,0.0,81,True,neutral,tolerant,81,0.0,True
R81S,-4.20983593059919,81,True,mild,tolerant,81,-1.1498316435020037,True
R81T,-4.0666632705672985,81,True,mild,tolerant,81,-1.1107269235787283,True
R81V,-1.9784258257449496,81,True,neutral,tolerant,81,-0.540367049040636,True
R81W,-2.871532048889529,81,True,neutral,tolerant,81,-0.7843009726683999,True
R81Y,-4.8911277297946905,81,True,impactful,tolerant,81,-1.3359127359929175,True
E82A,-4.025960944165299,82,True,mild,sensitive,82,-1.1829150944462778,True
E82C,-5.541015562378839,82,True,impactful,sensitive,82,-1.6280711706354152,True
E82D,-0.640291973343252,82,True,neutral,sensitive,82,-0.18813174062659974,True
E82E,0.0,82,True,neutral,sensitive,82,0.0,True
E82F,-6.2709348834186684,82,True,impactful,sensitive,82,-1.8425373799605054,True
E82G,-5.80557149285707,82,True,impactful,sensitive,82,-1.7058034705330394,True
E82H,-4.173433467245871,82,True,mild,sensitive,82,-1.2262457367419777,True
E82I,-4.04664043550019,82,True,mild,sensitive,82,-1.188991179829313,True
E82K,-3.4752264902731205,82,True,neutral,sensitive,82,-1.02109730545733,True
E82L,-5.38491468871686,82,True,impactful,sensitive,82,-1.5822053308342068,True
E82M,-5.60209972207752,82,True,impactful,sensitive,82,-1.6460190284366334,True
E82N,-4.173433467245871,82,True,mild,sensitive,82,-1.2262457367419777,True
E82P,-2.85081858640137,82,True,neutral,sensitive,82,-0.8376326507264102,True
E82Q,-1.69801307001926,82,True,neutral,sensitive,82,-0.49891325796487335,True
E82R,-3.97277708902552,82,True,mild,sensitive,82,-1.1672885183571915,True
E82S,-3.73639789641552,82,True,neutral,sensitive,82,-1.0978351583198487,True
E82T,-5.541015562378839,82,True,impactful,sensitive,82,-1.6280711706354152,True
E82V,-4.049557825622149,82,True,mild,sensitive,82,-1.1898483726484972,True
E82W,-6.2709348834186684,82,True,impactful,sensitive,82,-1.8425373799605054,True
E82Y,-6.2709348834186684,82,True,impactful,sensitive,82,-1.8425373799605054,True
D83A,-5.80534631516819,83,True,impactful,sensitive,83,-2.2769003430947543,True
D83C,-6.06368659694278,83,True,impactful,sensitive,83,-2.378223338188238,True
D83D,0.0,83,True,neutral,sensitive,83,0.0,True
D83E,-1.4106159014001598,83,True,neutral,sensitive,83,-0.5532541308485036,True
D83F,-6.893546021705982,83,True,impactful,sensitive,83,-2.7037004254081425,True
D83G,-4.4191561771684,83,True,mild,sensitive,83,-1.73322617975333,True
D83H,-4.120880621013701,83,True,mild,sensitive,83,-1.6162402706834524,True
D83I,-5.54332862029995,83,True,impactful,sensitive,83,-2.1741350390191596,True
D83K,-3.4430713869370697,83,True,neutral,sensitive,83,-1.3503984080559752,True
D83L,-5.21118602915869,83,True,impactful,sensitive,83,-2.0438662249520343,True
D83M,-5.26953608876289,83,True,impactful,sensitive,83,-2.0667515557350185,True
D83N,-2.7321133166203904,83,True,neutral,sensitive,83,-1.0715553233634243,True
D83P,-6.41618705229385,83,True,impactful,sensitive,83,-2.5164766592059444,True
D83Q,-2.53818532657431,83,True,neutral,sensitive,83,-0.9954953119360435,True
D83R,-3.39770702916888,83,True,neutral,sensitive,83,-1.3326061668770486,True
D83S,-5.7917810625547315,83,True,impactful,sensitive,83,-2.271579949331328,True
D83T,-3.87782915588535,83,True,mild,sensitive,83,-1.5209136640873064,True
D83V,-5.37395188886608,83,True,impactful,sensitive,83,-2.1077042152616845,True
D83W,-6.893546021705982,83,True,impactful,sensitive,83,-2.7037004254081425,True
D83Y,-6.893546021705982,83,True,impactful,sensitive,83,-2.7037004254081425,True
L84A,-2.68867810969014,84,True,neutral,tolerant,84,-0.4696138551783525,True
L84C,-1.84519141429753,84,True,neutral,tolerant,84,-0.32228753992054626,True
L84D,-4.816712965097031,84,True,mild,tolerant,84,-0.8413038127079692,True
L84E,-3.19241882195445,84,True,neutral,tolerant,84,-0.5575989572417582,True
L84F,-1.67327637993803,84,True,neutral,tolerant,84,-0.29226026303763664,True
L84G,-3.93231348055429,84,True,mild,tolerant,84,-0.6868315276259408,True
L84H,-3.04819128460966,84,True,neutral,tolerant,84,-0.532407674733354,True
L84I,-1.46238807844861,84,True,neutral,tolerant,84,-0.2554257799816212,True
L84K,-2.67831010668328,84,True,neutral,tolerant,84,-0.4678029437698785,True
L84L,0.0,84,True,neutral,tolerant,84,0.0,True
L84M,-2.35242352466648,84,True,neutral,tolerant,84,-0.41088246170092485,True
L84N,-2.9004753317697,84,True,neutral,tolerant,84,-0.5066070934609042,True
L84P,-1.96516177886906,84,True,neutral,tolerant,84,-0.34324198039839193,True
L84Q,-3.71655334692558,84,True,neutral,tolerant,84,-0.6491461134508494,True
L84R,-2.50277247600113,84,True,neutral,tolerant,84,-0.4371429316336475,True
L84S,-2.9122884597207896,84,True,neutral,tolerant,84,-0.5086704154103903,True
L84T,-2.7262550728068704,84,True,neutral,tolerant,84,-0.4761771780437945,True
L84V,-1.35896103331758,84,True,neutral,tolerant,84,-0.23736085312457686,True
L84W,-2.89710986925934,84,True,neutral,tolerant,84,-0.5060192700921445,True
L84Y,-1.71620440525328,84,True,neutral,tolerant,84,-0.2997582210084448,True
V85A,-3.69753490672802,85,True,neutral,tolerant,85,-1.2677330527252721,True
V85C,-3.7795975705680096,85,True,neutral,tolerant,85,-1.295868974080697,True
V85D,-5.264631295296629,85,True,impactful,tolerant,85,-1.8050261246527106,True
V85E,-3.39028836454549,85,True,neutral,tolerant,85,-1.1623908161579857,True
V85F,-6.303769054258112,85,True,impactful,tolerant,85,-2.1613038384812655,True
V85G,-3.82048608281345,85,True,neutral,tolerant,85,-1.3098879677502326,True
V85H,-5.264631295296629,85,True,impactful,tolerant,85,-1.8050261246527106,True
V85I,-1.62572823679585,85,True,neutral,tolerant,85,-0.5573955277027159,True
V85K,-3.0282005522755293,85,True,neutral,tolerant,85,-1.0382457575762905,True
V85L,-1.71528700491882,85,True,neutral,tolerant,85,-0.5881015557389236,True
V85M,-2.67681260569676,85,True,neutral,tolerant,85,-0.9177692440492378,True
V85N,-2.7758790802825404,85,True,neutral,tolerant,85,-0.9517350746410841,True
V85P,-5.70892556290882,85,True,impactful,tolerant,85,-1.9573564047978582,True
V85Q,-3.4985168861007296,85,True,neutral,tolerant,85,-1.1994979368435834,True
V85R,-5.017402149236741,85,True,impactful,tolerant,85,-1.720261391401142,True
V85S,-3.665955830979141,85,True,neutral,tolerant,85,-1.2569058829726558,True
V85T,-4.08902519273829,85,True,mild,tolerant,85,-1.4019590135114743,True
V85V,0.0,85,True,neutral,tolerant,85,0.0,True
V85W,-6.303769054258112,85,True,impactful,tolerant,85,-2.1613038384812655,True
V85Y,-4.17289185785538,85,True,mild,tolerant,85,-1.4307134529076562,True
P86A,-3.65797266429281,86,True,neutral,sensitive,86,-1.2905777965202776,True
P86C,-5.63893643323622,86,True,impactful,sensitive,86,-1.989486205778101,True
P86D,-4.27227833042068,86,True,mild,sensitive,86,-1.5073123994658413,True
P86E,-3.6927408783721503,86,True,neutral,sensitive,86,-1.3028444505479218,True
P86F,-6.9875651904315985,86,True,impactful,sensitive,86,-2.465299036960529,True
P86G,-4.70174150190889,86,True,mild,sensitive,86,-1.6588322943399099,True
P86H,-5.6945180759064185,86,True,impactful,sensitive,86,-2.009096093688007,True
P86I,-6.5166687218464014,86,True,impactful,sensitive,86,-2.2991609647031317,True
P86K,-3.83984533083902,86,True,mild,sensitive,86,-1.3547447126729584,True
P86L,-6.172421710932679,86,True,impactful,sensitive,86,-2.177706380544938,True
P86M,-6.5166687218464014,86,True,impactful,sensitive,86,-2.2991609647031317,True
P86N,-5.6945180759064185,86,True,impactful,sensitive,86,-2.009096093688007,True
P86P,0.0,86,True,neutral,sensitive,86,0.0,True
P86Q,-5.6945180759064185,86,True,impactful,sensitive,86,-2.009096093688007,True
P86R,-3.82974367851435,86,True,neutral,sensitive,86,-1.3511807253513344,True
P86S,-2.77148291941151,86,True,neutral,sensitive,86,-0.9778132991923798,True
P86T,-3.74824773041037,86,True,neutral,sensitive,86,-1.32242795140197,True
P86V,-6.1495585905508605,86,True,impactful,sensitive,86,-2.169639990161004,True
P86W,-6.9875651904315985,86,True,impactful,sensitive,86,-2.465299036960529,True
P86Y,-6.9875651904315985,86,True,impactful,sensitive,86,-2.465299036960529,True
Y87A,-2.9367914655814804,87,True,neutral,tolerant,87,-0.7793563406391714,True
Y87C,-2.85960199338185,87,True,neutral,tolerant,87,-0.7588720450075571,True
Y87D,-4.83243661617724,87,True,mild,tolerant,87,-1.28241659705618,True
Y87E,-3.14166584400321,87,True,neutral,tolerant,87,-0.8337252489286368,True
Y87F,-0.287402500665971,87,True,neutral,tolerant,87,-0.07626995782120631,True
Y87G,-3.6875502229774506,87,True,neutral,tolerant,87,-0.9785903021663254,True
Y87H,-3.28394356304079,87,True,neutral,tolerant,87,-0.8714824556500412,True
Y87I,-4.435095825046258,87,True,mild,tolerant,87,-1.176971566793808,True
Y87K,-3.4762895844916097,87,True,neutral,tolerant,87,-0.9225266285752487,True
Y87L,-3.11504025009678,87,True,neutral,tolerant,87,-0.8266594338452525,True
Y87M,-4.68299271249399,87,True,mild,tolerant,87,-1.2427576511383602,True
Y87N,-3.16328345705644,87,True,neutral,tolerant,87,-0.8394620620459355,True
Y87P,-5.92288375371912,87,True,impactful,tolerant,87,-1.5717959761285822,True
Y87Q,-4.83243661617724,87,True,mild,tolerant,87,-1.28241659705618,True
Y87R,-4.50390549026258,87,True,mild,tolerant,87,-1.1952320560086869,True
Y87S,-2.67053334537841,87,True,neutral,tolerant,87,-0.7086976109816869,True
Y87T,-2.95133184918222,87,True,neutral,tolerant,87,-0.783215021205147,True
Y87V,-4.39887093893184,87,True,mild,tolerant,87,-1.167358322199128,True
Y87W,-3.9749074599997503,87,True,mild,tolerant,87,-1.0548482480663215,True
Y87Y,0.0,87,True,neutral,tolerant,87,0.0,True
T88A,-1.93999431299413,88,True,neutral,tolerant,88,-0.471241302244426,True
T88C,-4.1915698741046,88,True,mild,tolerant,88,-1.0181683692015715,True
T88D,-3.2282637198851,88,True,neutral,tolerant,88,-0.7841730200740503,True
T88E,-3.1715157388618,88,True,neutral,tolerant,88,-0.770388447460593,True
T88F,-6.1746826815232,88,True,impactful,tolerant,88,-1.4998835245533535,True
T88G,-4.17679812996952,88,True,mild,tolerant,88,-1.0145801855166963,True
T88H,-4.23416759635305,88,True,mild,tolerant,88,-1.0285157222688208,True
T88I,-2.99375609401744,88,True,neutral,tolerant,88,-0.7272091010254592,True
T88K,-2.5158701913707,88,True,neutral,tolerant,88,-0.6111265055358176,True
T88L,-2.64934951966985,88,True,neutral,tolerant,88,-0.643549782278997,True
T88M,-4.57375271777796,88,True,mild,tolerant,88,-1.1110038686366965,True
T88N,-3.92253767506971,88,True,mild,tolerant,88,-0.9528181344252561,True
T88P,-3.5803673928141,88,True,neutral,tolerant,88,-0.869702030259664,True
T88Q,-3.20061148310868,88,True,neutral,tolerant,88,-0.7774560539565673,True
T88R,-3.74300948371104,88,True,neutral,tolerant,88,-0.9092091928325999,True
T88S,-1.63333892040833,88,True,neutral,tolerant,88,-0.3967520702015868,True
T88T,0.0,88,True,neutral,tolerant,88,0.0,True
T88V,-2.68733925214902,88,True,neutral,tolerant,88,-0.652777815003367,True
T88W,-6.1746826815232,88,True,impactful,tolerant,88,-1.4998835245533535,True
T88Y,-6.1746826815232,88,True,impactful,tolerant,88,-1.4998835245533535,True
G89A,-3.67106891623231,89,True,neutral,sensitive,89,-1.8536091227514477,True
G89C,-5.65511037599496,89,True,impactful,sensitive,89,-2.8553983655171704,True
G89D,-3.7071734478231297,89,True,neutral,sensitive,89,-1.8718391507505125,True
G89E,-3.4165445496559705,89,True,neutral,sensitive,89,-1.725093777871286,True
G89F,-5.75564870229762,89,True,impactful,sensitive,89,-2.9061625334129984,True
G89G,0.0,89,True,neutral,sensitive,89,0.0,True
G89H,-4.435493794219751,89,True,mild,sensitive,89,-2.239585240287787,True
G89I,-5.783301970206879,89,True,impactful,sensitive,89,-2.9201253194135126,True
G89K,-2.41769118125943,89,True,neutral,sensitive,89,-1.2207491964432007,True
G89L,-3.94369452802038,89,True,mild,sensitive,89,-1.9912642124915507,True
G89M,-5.783301970206879,89,True,impactful,sensitive,89,-2.9201253194135126,True
G89N,-5.15168358071435,89,True,impactful,sensitive,89,-2.601206324544161,True
G89P,-6.26179092617341,89,True,impactful,sensitive,89,-3.161725658212288,True
G89Q,-3.81761101215246,89,True,neutral,sensitive,89,-1.9276016769809903,True
G89R,-2.6372930338927403,89,True,neutral,sensitive,89,-1.3316313418625767,True
G89S,-3.75304908596075,89,True,neutral,sensitive,89,-1.8950028404834773,True
G89T,-5.42072143439563,89,True,impactful,sensitive,89,-2.737049870750563,True
G89V,-4.17475194632287,89,True,mild,sensitive,89,-2.1079305427124653,True
G89W,-6.04448551445215,89,True,impactful,sensitive,89,-3.05200303987387,True
G89Y,-6.04448551445215,89,True,impactful,sensitive,89,-3.05200303987387,True
E90A,-3.52033816197174,90,True,neutral,tolerant,90,-1.3648390988390562,True
E90C,-4.9836332198479,90,True,impactful,tolerant,90,-1.932160252727503,True
E90D,-2.62039245688388,90,True,neutral,tolerant,90,-1.015929128085498,True
E90E,0.0,90,True,neutral,tolerant,90,0.0,True
E90F,-5.87689817580122,90,True,impactful,tolerant,90,-2.278480089463013,True
E90G,-4.16237475727971,90,True,mild,tolerant,90,-1.6137574151609808,True
E90H,-4.44928590272874,90,True,mild,tolerant,90,-1.72499319172121,True
E90I,-2.93579330660168,90,True,neutral,tolerant,90,-1.1382103953092149,True
E90K,-2.80907689611309,90,True,neutral,tolerant,90,-1.0890822992167364,True
E90L,-3.02325451288644,90,True,neutral,tolerant,90,-1.1721192042010884,True
E90M,-3.02407419792877,90,True,neutral,tolerant,90,-1.1724369970218436,True
E90N,-2.6684449738371,90,True,neutral,tolerant,90,-1.0345591434186407,True
E90P,-4.32816313258833,90,True,mild,tolerant,90,-1.6780337563371002,True
E90Q,-1.59040242716048,90,True,neutral,tolerant,90,-0.6166008251495306,True
E90R,-2.86763864121554,90,True,neutral,tolerant,90,-1.1117867542249176,True
E90S,-4.5274156219742805,90,True,mild,tolerant,90,-1.7552841725024158,True
E90T,-3.17488564768051,90,True,neutral,tolerant,90,-1.2309067671698595,True
E90V,-2.2922460268244103,90,True,neutral,tolerant,90,-0.8887063849048344,True
E90W,-6.28702983774246,90,True,impactful,tolerant,90,-2.437488600047611,True
E90Y,-6.28702983774246,90,True,impactful,tolerant,90,-2.437488600047611,True
K91A,-3.35612259869258,91,True,neutral,tolerant,91,-0.6578493090994273,True
K91C,-3.44114458886302,91,True,neutral,tolerant,91,-0.674514867596507,True
K91D,-3.50988039076397,91,True,neutral,tolerant,91,-0.6879880940538927,True
K91E,-3.38002234584085,91,True,neutral,tolerant,91,-0.6625340104733477,True
K91F,-6.452780003890799,91,True,impactful,tolerant,91,-1.2648396304067793,True
K91G,-4.11898993234577,91,True,mild,tolerant,91,-0.8073825080873833,True
K91H,-5.26983014054555,91,True,impactful,tolerant,91,-1.032964087301145,True
K91I,-2.73586436663343,91,True,neutral,tolerant,91,-0.5362695880301495,True
K91K,0.0,91,True,neutral,tolerant,91,0.0,True
K91L,-2.49114964629559,91,True,neutral,tolerant,91,-0.48830190956589375,True
K91M,-4.69524871395349,91,True,mild,tolerant,91,-0.9203376908005525,True
K91N,-4.2662335052405,91,True,mild,tolerant,91,-0.8362444104314346,True
K91P,-3.76810618867792,91,True,neutral,tolerant,91,-0.7386041421134948,True
K91Q,-3.48148605826983,91,True,neutral,tolerant,91,-0.6824223879557645,True
K91R,-1.4617993565151,91,True,neutral,tolerant,91,-0.28653413826421786,True
K91S,-3.40267813471085,91,True,neutral,tolerant,91,-0.6669748777590178,True
K91T,-3.19782599324478,91,True,neutral,tolerant,91,-0.6268208500773442,True
K91V,-2.7687916010728104,91,True,neutral,tolerant,91,-0.5427238094685854,True
K91W,-6.452780003890799,91,True,impactful,tolerant,91,-1.2648396304067793,True
K91Y,-6.452780003890799,91,True,impactful,tolerant,91,-1.2648396304067793,True
R92A,-3.5658546587941404,92,True,neutral,sensitive,92,-0.622992048677898,True
R92C,-5.19310383546245,92,True,impactful,sensitive,92,-0.9072894739197995,True
R92D,-3.71162054697898,92,True,neutral,sensitive,92,-0.6484588716409898,True
R92E,-3.6017093914749503,92,True,neutral,sensitive,92,-0.6292562449239587,True
R92F,-6.650351665039589,92,True,impactful,sensitive,92,-1.1618858884261298,True
R92G,-6.34140550066497,92,True,impactful,sensitive,92,-1.1079097670493796,True
R92H,-3.01309869452402,92,True,neutral,sensitive,92,-0.526419809046566,True
R92I,-4.34448131519724,92,True,mild,sensitive,92,-0.7590262570917168,True
R92K,-0.65838928623541,92,True,neutral,sensitive,92,-0.11502748415385054,True
R92L,-4.227124397835,92,True,mild,sensitive,92,-0.7385227780186946,True
R92M,-5.604951017370559,92,True,impactful,sensitive,92,-0.9792434777001774,True
R92N,-4.49163313984198,92,True,mild,sensitive,92,-0.7847352176282966,True
R92P,-5.07429180032687,92,True,impactful,sensitive,92,-0.8865317705753406,True
R92Q,-3.63307379366586,92,True,neutral,sensitive,92,-0.6347359335389401,True
R92R,0.0,92,True,neutral,sensitive,92,0.0,True
R92S,-3.43314663766855,92,True,neutral,sensitive,92,-0.5998065714590987,True
R92T,-3.72043147215922,92,True,neutral,sensitive,92,-0.6499982322863398,True
R92V,-6.0774199262001005,92,True,impactful,sensitive,92,-1.0617887302730529,True
R92W,-6.650351665039589,92,True,impactful,sensitive,92,-1.1618858884261298,True
R92Y,-6.650351665039589,92,True,impactful,sensitive,92,-1.1618858884261298,True
G93A,-4.02969490353326,93,True,mild,sensitive,93,-1.6677694953698334,True
G93C,-6.00731183710467,93,True,impactful,sensitive,93,-2.4862456515784186,True
G93D,-3.0893822388150496,93,True,neutral,sensitive,93,-1.2786023708433776,True
G93E,-3.76322409963583,93,True,neutral,sensitive,93,-1.5574852458706596,True
G93F,-7.20222050123022,93,True,impactful,sensitive,93,-2.9807824012550213,True
G93G,0.0,93,True,neutral,sensitive,93,0.0,True
G93H,-5.80081062599125,93,True,impactful,sensitive,93,-2.400781012468912,True
G93I,-6.43029156272046,93,True,impactful,sensitive,93,-2.6613042355231706,True
G93K,-4.9726915334183,93,True,impactful,sensitive,93,-2.058047432337189,True
G93L,-5.94110396530191,93,True,impactful,sensitive,93,-2.4588442051688695,True
G93M,-6.074248051550501,93,True,impactful,sensitive,93,-2.5139485370972228,True
G93N,-3.83664293556742,93,True,mild,sensitive,93,-1.587871093405893,True
G93P,-4.899744068169519,93,True,impactful,sensitive,93,-2.0278566709473385,True
G93Q,-3.85069198060931,93,True,mild,sensitive,93,-1.5936855705116901,True
G93R,-4.254391533989359,93,True,mild,sensitive,93,-1.760764671172968,True
G93S,-3.9423355093657593,93,True,mild,sensitive,93,-1.6316140701541924,True
G93T,-6.00731183710467,93,True,impactful,sensitive,93,-2.4862456515784186,True
G93V,-5.6379520700828,93,True,impactful,sensitive,93,-2.333378755447929,True
G93W,-7.20222050123022,93,True,impactful,sensitive,93,-2.9807824012550213,True
G93Y,-7.20222050123022,93,True,impactful,sensitive,93,-2.9807824012550213,True
K94A,-5.789800947730348,94,True,impactful,sensitive,94,-0.8492659864625149,True
K94C,-5.789800947730348,94,True,impactful,sensitive,94,-0.8492659864625149,True
K94D,-3.5733712403175097,94,True,neutral,sensitive,94,-0.5241531926230859,True
K94E,-3.46549682135331,94,True,neutral,sensitive,94,-0.5083298377853664,True
K94F,-6.761348033296112,94,True,impactful,sensitive,94,-0.9917755306535353,True
K94G,-3.74033014887522,94,True,neutral,sensitive,94,-0.5486432439141501,True
K94H,-2.88253595919324,94,True,neutral,sensitive,94,-0.42281932781429576,True
K94I,-5.32254147241892,94,True,impactful,sensitive,94,-0.780726915289459,True
K94K,0.0,94,True,neutral,sensitive,94,0.0,True
K94L,-4.15554317447608,94,True,mild,sensitive,94,-0.6095479801844415,True
K94M,-2.01342180706177,94,True,neutral,sensitive,94,-0.29533496446190627,True
K94N,-3.62042631957534,94,True,neutral,sensitive,94,-0.5310553778043638,True
K94P,-6.761348033296112,94,True,impactful,sensitive,94,-0.9917755306535353,True
K94Q,-3.91709949891344,94,True,mild,sensitive,94,-0.574572321233362,True
K94R,-0.838277251402592,94,True,neutral,sensitive,94,-0.12296111097231881,True
K94S,-3.94970486008006,94,True,mild,sensitive,94,-0.579354976883379,True
K94T,-3.23734066986666,94,True,neutral,sensitive,94,-0.4748631848193852,True
K94V,-4.726274872478831,94,True,mild,sensitive,94,-0.6932646783724405,True
K94W,-6.761348033296112,94,True,impactful,sensitive,94,-0.9917755306535353,True
K94Y,-6.761348033296112,94,True,impactful,sensitive,94,-0.9917755306535353,True
V95A,-0.548210097984312,95,True,neutral,tolerant,95,-0.1509887185975253,True
V95C,-3.4821034685428303,95,True,neutral,tolerant,95,-0.9590453416900133,True
V95D,-3.5205669930951697,95,True,neutral,tolerant,95,-0.9696390142733089,True
V95E,-1.71131034130317,95,True,neutral,tolerant,95,-0.47133125877490417,True
V95F,-2.4719478259694103,95,True,neutral,tolerant,95,-0.6808269969039142,True
V95G,-3.77035102896646,95,True,neutral,tolerant,95,-1.0384348493755724,True
V95H,-3.76882484719066,95,True,neutral,tolerant,95,-1.0380145064604704,True
V95I,-0.0317477755830937,95,True,neutral,tolerant,95,-0.008744012507683313,True
V95K,-1.33066177739543,95,True,neutral,tolerant,95,-0.3664925498351381,True
V95L,-1.10913230613043,95,True,neutral,tolerant,95,-0.3054786226548934,True
V95M,-0.958822845524636,95,True,neutral,tolerant,95,-0.2640802008939657,True
V95N,-2.9068865464295603,95,True,neutral,tolerant,95,-0.800618369430957,True
V95P,-0.8855019412641519,95,True,neutral,tolerant,95,-0.24388606470164198,True
V95Q,-1.7448605084416595,95,True,neutral,tolerant,95,-0.48057168824455304,True
V95R,-2.95837742084702,95,True,neutral,tolerant,95,-0.8148000511919172,True
V95S,-1.37987389696325,95,True,neutral,tolerant,95,-0.38004661405309786,True
V95T,-1.39397493494555,95,True,neutral,tolerant,95,-0.3839303397700645,True
V95V,0.0,95,True,neutral,tolerant,95,0.0,True
V95W,-4.30468176048107,95,True,mild,tolerant,95,-1.1856008953045147,True
V95Y,-4.30468176048107,95,True,mild,tolerant,95,-1.1856008953045147,True
W96A,-3.63034219782336,96,True,neutral,tolerant,96,-1.1568524676560574,True
W96C,-5.294187167748009,96,True,impactful,tolerant,96,-1.687056799470428,True
W96D,-3.50320027708964,96,True,neutral,tolerant,96,-1.116337156225768,True
W96E,-3.3377157167445097,96,True,neutral,tolerant,96,-1.0636034987460339,True
W96F,-0.7494094238743121,96,True,neutral,tolerant,96,-0.23880838060211018,True
W96G,-6.20249319308958,96,True,impactful,tolerant,96,-1.9764995047430258,True
W96H,-2.7790577990195,96,True,neutral,tolerant,96,-0.8855803936284875,True
W96I,-1.83526600946158,96,True,neutral,tolerant,96,-0.5848297202186278,True
W96K,-4.11191434211281,96,True,mild,tolerant,96,-1.3103112583479357,True
W96L,-1.98749139896342,96,True,neutral,tolerant,96,-0.6333381824761785,True
W96M,-5.23890727172809,96,True,impactful,tolerant,96,-1.6694411917294398,True
W96N,-3.81832486522038,96,True,neutral,tolerant,96,-1.2167554191698835,True
W96P,-5.03235684178306,96,True,impactful,tolerant,96,-1.603621398013962,True
W96Q,-3.79332621803739,96,True,neutral,tolerant,96,-1.208789297767046,True
W96R,-3.88749397953579,96,True,mild,tolerant,96,-1.2387969943771306,True
W96S,-3.3289377633538697,96,True,neutral,tolerant,96,-1.0608062976868555,True
W96T,-3.58744273458494,96,True,neutral,tolerant,96,-1.1431820346213306,True
W96V,-2.95757502675542,96,True,neutral,tolerant,96,-0.942467068264625,True
W96W,0.0,96,True,neutral,tolerant,96,0.0,True
W96Y,-0.777335353537263,96,True,neutral,tolerant,96,-0.24770731598664336,True
V97A,-3.03072093008076,97,True,neutral,tolerant,97,-1.1462681871442382,True
V97C,-3.06566076572185,97,True,neutral,tolerant,97,-1.15948300400907,True
V97D,-2.87558854416614,97,True,neutral,tolerant,97,-1.0875945834465948,True
V97E,-2.28890860078131,97,True,neutral,tolerant,97,-0.8657026406870569,True
V97F,-3.94621593218353,97,True,mild,tolerant,97,-1.4925233589696392,True
V97G,-5.00639354518127,97,True,impactful,tolerant,97,-1.8934998587984908,True
V97H,-4.4636714580314605,97,True,mild,tolerant,97,-1.6882334956748588,True
V97I,-0.3743401240866529,97,True,neutral,tolerant,97,-0.14158155280919338,True
V97K,-2.8427152284603,97,True,neutral,tolerant,97,-1.075161358194625,True
V97L,-0.693014924281566,97,True,neutral,tolerant,97,-0.262109570378347,True
V97M,-1.14174869651954,97,True,neutral,tolerant,97,-0.431828016741507,True
V97N,-3.1247143082937794,97,True,neutral,tolerant,97,-1.1818180189279681,True
V97P,-5.09017194975054,97,True,impactful,tolerant,97,-1.925186220605777,True
V97Q,-2.76886017985415,97,True,neutral,tolerant,97,-1.0472281717910303,True
V97R,-3.00571669077544,97,True,neutral,tolerant,97,-1.13681117519208,True
V97S,-3.07622439904393,97,True,neutral,tolerant,97,-1.1634783427740398,True
V97T,-1.7184870488118005,97,True,neutral,tolerant,97,-0.6499598872733768,True
V97V,0.0,97,True,neutral,tolerant,97,0.0,True
V97W,-5.42941795250949,97,True,impactful,tolerant,97,-2.0534946031819548,True
V97Y,-5.42941795250949,97,True,impactful,tolerant,97,-2.0534946031819548,True
P98A,-1.79049705288044,98,True,neutral,tolerant,98,-0.831297015967527,True
P98C,-1.59852469202274,98,True,neutral,tolerant,98,-0.7421675474366991,True
P98D,-3.38413552416483,98,True,neutral,tolerant,98,-1.5711959750741786,True
P98E,-3.40237953817284,98,True,neutral,tolerant,98,-1.5796663572955456,True
P98F,-4.8410854312578895,98,True,mild,tolerant,98,-2.2476327825138727,True
P98G,-4.189668286872431,98,True,mild,tolerant,98,-1.94519099552151,True
P98H,-2.7967469575650603,98,True,neutral,tolerant,98,-1.2984815565598928,True
P98I,-3.90177167014477,98,True,mild,tolerant,98,-1.8115255432339255,True
P98K,-3.91237817563761,98,True,mild,tolerant,98,-1.8164499614851908,True
P98L,-3.27351519301464,98,True,neutral,tolerant,98,-1.5198368560839766,True
P98M,-5.87502613558983,98,True,impactful,tolerant,98,-2.7276736855780674,True
P98N,-3.52244285975926,98,True,neutral,tolerant,98,-1.6354096944886314,True
P98P,0.0,98,True,neutral,tolerant,98,0.0,True
P98Q,-2.47697462891158,98,True,neutral,tolerant,98,-1.1500167589379244,True
P98R,-3.1882908262669103,98,True,neutral,tolerant,98,-1.4802686469930229,True
P98S,-2.41562175118462,98,True,neutral,tolerant,98,-1.1215316720211976,True
P98T,-3.42477651878967,98,True,neutral,tolerant,98,-1.5900648905539505,True
P98V,-5.87502613558983,98,True,impactful,tolerant,98,-2.7276736855780674,True
P98W,-6.43554040460697,98,True,impactful,tolerant,98,-2.9879108294993992,True
P98Y,-6.43554040460697,98,True,impactful,tolerant,98,-2.9879108294993992,True
K99A,-1.81691013933844,99,True,neutral,tolerant,99,-0.3563440382900251,True
K99C,-5.36741625933219,99,True,impactful,tolerant,99,-1.0526920091548349,True
K99D,-3.5493223034650296,99,True,neutral,tolerant,99,-0.6961157931949816,True
K99E,-3.2415888301093103,99,True,neutral,tolerant,99,-0.6357611360006962,True
K99F,-3.85902910160198,99,True,mild,tolerant,99,-0.7568574714676224,True
K99G,-4.613410804607581,99,True,mild,tolerant,99,-0.904811636420988,True
K99H,-5.1531456953399815,99,True,impactful,tolerant,99,-1.010667895575136,True
K99I,-4.43280261557387,99,True,mild,tolerant,99,-0.8693896031376279,True
K99K,0.0,99,True,neutral,tolerant,99,0.0,True
K99L,-2.9838498669601603,99,True,neutral,tolerant,99,-0.5852117219351808,True
K99M,-3.731789187127741,99,True,neutral,tolerant,99,-0.7319023655580164,True
K99N,-5.1531456953399815,99,True,impactful,tolerant,99,-1.010667895575136,True
K99P,-2.08755536518548,99,True,neutral,tolerant,99,-0.4094247111500303,True
K99Q,-2.68365768840377,99,True,neutral,tolerant,99,-0.5263361117144055,True
K99R,-1.6526158419720602,99,True,neutral,tolerant,99,-0.32412158979134753,True
K99S,-2.868486788605169,99,True,neutral,tolerant,99,-0.5625859770947923,True
K99T,-1.73195472846402,99,True,neutral,tolerant,99,-0.33968203969685196,True
K99V,-3.68077218344325,99,True,neutral,tolerant,99,-0.7218965844680347,True
K99W,-5.7627446747634,99,True,impactful,tolerant,99,-1.1302263466850595,True
K99Y,-4.06441211894993,99,True,mild,tolerant,99,-0.7971385025507596,True
Q100A,-1.65770312409909,100,True,neutral,tolerant,100,-0.3554961592315406,True
Q100C,-3.84357327550539,100,True,mild,tolerant,100,-0.8242582868447815,True
Q100D,-0.970670758921418,100,True,neutral,tolerant,100,-0.20816135389891563,True
Q100E,-0.29831383902449604,100,True,neutral,tolerant,100,-0.06397371307148797,True
Q100F,-4.1427287855214,100,True,mild,tolerant,100,-0.888412497135868,True
Q100G,-3.16346000672354,100,True,neutral,tolerant,100,-0.6784072889311745,True
Q100H,-1.11742418670769,100,True,neutral,tolerant,100,-0.2396327791340197,True
Q100I,-2.6624947161915298,100,True,neutral,tolerant,100,-0.5709747612949432,True
Q100K,-0.9225785040589368,100,True,neutral,tolerant,100,-0.19784791982024857,True
Q100L,-1.9338987895671695,100,True,neutral,tolerant,100,-0.4147266069775222,True
Q100M,-1.30251620797749,100,True,neutral,tolerant,100,-0.27932595561975293,True
Q100N,-1.15112145661263,100,True,neutral,tolerant,100,-0.24685919371552392,True
Q100P,-1.47149606908632,100,True,neutral,tolerant,100,-0.3155638625998193,True
Q100Q,0.0,100,True,neutral,tolerant,100,0.0,True
Q100R,-2.17706834985916,100,True,neutral,tolerant,100,-0.46687457211621725,True
Q100S,-0.978525160016154,100,True,neutral,tolerant,100,-0.20984573838347775,True
Q100T,-1.03392794316317,100,True,neutral,tolerant,100,-0.2217269228568472,True
Q100V,-1.8966239110025096,100,True,neutral,tolerant,100,-0.40673297049767293,True
Q100W,-4.1427287855214,100,True,mild,tolerant,100,-0.888412497135868,True
Q100Y,-2.01651649486916,100,True,neutral,tolerant,100,-0.4324440598147682,True
K101A,-1.2683582003921798,101,True,neutral,tolerant,101,-0.29234724429538983,True
K101C,-4.58578585812634,101,True,mild,tolerant,101,-1.0569899403318992,True
K101D,-2.6918929855114704,101,True,neutral,tolerant,101,-0.620461551010618,True
K101E,-2.1063856253329,101,True,neutral,tolerant,101,-0.48550640725868216,True
K101F,-5.89867815744436,101,True,impactful,tolerant,101,-1.3596019671580615,True
K101G,-2.15456792174413,101,True,neutral,tolerant,101,-0.49661207250000855,True
K101H,-4.384444322251111,101,True,mild,tolerant,101,-1.01058219592884,True
K101I,-3.11824569851374,101,True,neutral,tolerant,101,-0.7187327181821133,True
K101K,0.0,101,True,neutral,tolerant,101,0.0,True
K101L,-4.89355630721556,101,True,impactful,tolerant,101,-1.1279287671073062,True
K101M,-2.4487968107531097,101,True,neutral,tolerant,101,-0.564429669190969,True
K101N,-2.4012967741837,101,True,neutral,tolerant,101,-0.5534812598293996,True
K101P,-1.89208078921971,101,True,neutral,tolerant,101,-0.43611071741531277,True
K101Q,-1.79127397757018,101,True,neutral,tolerant,101,-0.41287548813794295,True
K101R,-0.6879422044717829,101,True,neutral,tolerant,101,-0.15856562258960843,True
K101S,-2.3622393375646,101,True,neutral,tolerant,101,-0.5444788077135027,True
K101T,-1.16842459568939,101,True,neutral,tolerant,101,-0.2693132828022312,True
K101V,-2.6239744220871697,101,True,neutral,tolerant,101,-0.604806821260413,True
K101W,-5.89867815744436,101,True,impactful,tolerant,101,-1.3596019671580615,True
K101Y,-5.89867815744436,101,True,impactful,tolerant,101,-1.3596019671580615,True
P102A,-0.797861297205565,102,True,neutral,tolerant,102,-0.22900632146529362,True
P102C,-4.25528577734078,102,True,mild,tolerant,102,-1.2213743742997007,True
P102D,-2.5456413029338,102,True,neutral,tolerant,102,-0.730663277685956,True
P102E,-1.60747480265493,102,True,neutral,tolerant,102,-0.46138582319190946,True
P102F,-5.67226931197859,102,True,impactful,tolerant,102,-1.6280843976844908,True
P102G,-2.33599354043074,102,True,neutral,tolerant,102,-0.670489080663982,True
P102H,-4.15514452923419,102,True,mild,tolerant,102,-1.1926313096390209,True
P102I,-1.2360938923811202,102,True,neutral,tolerant,102,-0.3547901324094236,True
P102K,-1.76522965865581,102,True,neutral,tolerant,102,-0.5066654468465216,True
P102L,-2.00125523795916,102,True,neutral,tolerant,102,-0.5744107427736269,True
P102M,-1.29413668411324,102,True,neutral,tolerant,102,-0.37144987799265156,True
P102N,-2.46853308581962,102,True,neutral,tolerant,102,-0.7085312740182609,True
P102P,0.0,102,True,neutral,tolerant,102,0.0,True
P102Q,-1.5899305823088798,102,True,neutral,tolerant,102,-0.4563501893311153,True
P102R,-1.15925429062582,102,True,neutral,tolerant,102,-0.3327352281265985,True
P102S,-1.7255280464022198,102,True,neutral,tolerant,102,-0.4952700825015161,True
P102T,-1.6573699286836,102,True,neutral,tolerant,102,-0.4757069831615589,True
P102V,-1.18067653140107,102,True,neutral,tolerant,102,-0.3388839516887841,True
P102W,-5.67226931197859,102,True,impactful,tolerant,102,-1.6280843976844908,True
P102Y,-5.67226931197859,102,True,impactful,tolerant,102,-1.6280843976844908,True
M103A,-0.84230142256946,103,True,neutral,tolerant,103,-0.18134253426780986,True
M103C,-3.2838103334987,103,True,neutral,tolerant,103,-0.7069850198221279,True
M103D,-1.6991792929468,103,True,neutral,tolerant,103,-0.36582329187856494,True
M103E,-1.36563705392447,103,True,neutral,tolerant,103,-0.2940136127198182,True
M103F,-4.38491368950094,103,True,mild,tolerant,103,-0.9440460857516115,True
M103G,-2.60078555804609,103,True,neutral,tolerant,103,-0.5599338093772542,True
M103H,-3.40964627057891,103,True,neutral,tolerant,103,-0.7340767557739428,True
M103I,-0.17642114987554106,103,True,neutral,tolerant,103,-0.03798243426833755,True
M103K,-1.3415891736606202,103,True,neutral,tolerant,103,-0.2888362457654655,True
M103L,-1.1566013188404398,103,True,neutral,tolerant,103,-0.2490094503891454,True
M103M,0.0,103,True,neutral,tolerant,103,0.0,True
M103N,-1.7065961541254395,103,True,neutral,tolerant,103,-0.3674200983974761,True
M103P,-3.0621848166217203,103,True,neutral,tolerant,103,-0.6592703516380426,True
M103Q,-1.4016508872052198,103,True,neutral,tolerant,103,-0.3017671788670854,True
M103R,-1.35217414179399,103,True,neutral,tolerant,103,-0.2911151270483604,True
M103S,-1.04903481404878,103,True,neutral,tolerant,103,-0.22585101558353218,True
M103T,-2.0455144983804,103,True,neutral,tolerant,103,-0.4403872213420847,True
M103V,-0.499192152147899,103,True,neutral,tolerant,103,-0.10747312960834642,True
M103W,-2.60227850130046,103,True,neutral,tolerant,103,-0.5602552312649671,True
M103Y,-4.38491368950094,103,True,mild,tolerant,103,-0.9440460857516115,True
D104A,-2.10533255323962,104,True,neutral,tolerant,104,-0.8113098481859223,True
D104C,-2.78894008063488,104,True,neutral,tolerant,104,-1.0747444862987343,True
D104D,0.0,104,True,neutral,tolerant,104,0.0,True
D104E,-1.31704238777245,104,True,neutral,tolerant,104,-0.5075347635858626,True
D104F,-3.73149399387628,104,True,neutral,tolerant,104,-1.4379665678089573,True
D104G,-3.0982824556046897,104,True,neutral,tolerant,104,-1.1939525016253583,True
D104H,-2.3828530919744,104,True,neutral,tolerant,104,-0.9182550173958545,True
D104I,-1.89208467174106,104,True,neutral,tolerant,104,-0.729132756448874,True
D104K,-2.7884646352486606,104,True,neutral,tolerant,104,-1.074561268914136,True
D104L,-1.9806823311805,104,True,neutral,tolerant,104,-0.7632747040090507,True
D104M,-4.1199295650896515,104,True,mild,tolerant,104,-1.5876538957449655,True
D104N,-1.96503135816037,104,True,neutral,tolerant,104,-0.7572434532570569,True
D104P,-3.50105699502925,104,True,neutral,tolerant,104,-1.34916548682851,True
D104Q,-1.35941170941728,104,True,neutral,tolerant,104,-0.5238621831464982,True
D104R,-2.46584707368708,104,True,neutral,tolerant,104,-0.9502375346471308,True
D104S,-2.41997121666755,104,True,neutral,tolerant,104,-0.9325588384541508,True
D104T,-2.48592230394719,104,True,neutral,tolerant,104,-0.9579737148480044,True
D104V,-2.89714083108845,104,True,neutral,tolerant,104,-1.1164406707276546,True
D104W,-5.47262974185012,104,True,impactful,tolerant,104,-2.108929726187938,True
D104Y,-5.47262974185012,104,True,impactful,tolerant,104,-2.108929726187938,True
P105A,-0.8801947165524291,105,True,neutral,tolerant,105,-0.1792989301313878,True
P105C,-4.239899259360991,105,True,mild,tolerant,105,-0.8636832132393367,True
P105D,-2.08704197710891,105,True,neutral,tolerant,105,-0.4251381956717691,True
P105E,-2.42602265221254,105,True,neutral,tolerant,105,-0.49418981713497984,True
P105F,-2.53001300953356,105,True,neutral,tolerant,105,-0.5153730388255965,True
P105G,-3.2711175209437995,105,True,neutral,tolerant,105,-0.6663387780109735,True
P105H,-2.75806907545968,105,True,neutral,tolerant,105,-0.5618289057622744,True
P105I,-2.01767915455172,105,True,neutral,tolerant,105,-0.4110087313140304,True
P105K,-2.35973719124379,105,True,neutral,tolerant,105,-0.4806872227527801,True
P105L,-1.96445871511157,105,True,neutral,tolerant,105,-0.4001675303010125,True
P105M,-1.9462746778966105,105,True,neutral,tolerant,105,-0.39646337444004354,True
P105N,-2.46010448525071,105,True,neutral,tolerant,105,-0.5011324130012622,True
P105P,0.0,105,True,neutral,tolerant,105,0.0,True
P105Q,-1.4527791065946498,105,True,neutral,tolerant,105,-0.29593649522223464,True
P105R,-3.03347701160976,105,True,neutral,tolerant,105,-0.6179305243845915,True
P105S,-0.9637327350884308,105,True,neutral,tolerant,105,-0.19631593451363233,True
P105T,-1.4485618421034598,105,True,neutral,tolerant,105,-0.2950774227952685,True
P105V,-1.9771630144486103,105,True,neutral,tolerant,105,-0.40275544322114704,True
P105W,-5.1823931570307815,105,True,impactful,tolerant,105,-1.055672717754261,True
P105Y,-4.76799269648852,105,True,mild,tolerant,105,-0.9712578061171994,True
V106A,-1.5468115420715298,106,True,neutral,tolerant,106,-0.4617949366741757,True
V106C,-1.62696794649551,106,True,neutral,tolerant,106,-0.4857253384705245,True
V106D,-1.80629429354062,106,True,neutral,tolerant,106,-0.5392625644513986,True
V106E,-1.43616712869059,106,True,neutral,tolerant,106,-0.42876245115097184,True
V106F,-1.72162882517214,106,True,neutral,tolerant,106,-0.5139859980822659,True
V106G,-2.32472414101263,106,True,neutral,tolerant,106,-0.6940379020227213,True
V106H,-1.4964559426181598,106,True,neutral,tolerant,106,-0.4467614563643399,True
V106I,-0.5738227671748989,106,True,neutral,tolerant,106,-0.17131269144452682,True
V106K,-1.4872512177468202,106,True,neutral,tolerant,106,-0.4440134193711773,True
V106L,-0.741863698913832,106,True,neutral,tolerant,106,-0.2214806979019428,True
V106M,-0.955674053946787,106,True,neutral,tolerant,106,-0.2853129985262942,True
V106N,-2.16368203491719,106,True,neutral,tolerant,106,-0.6459593694003029,True
V106P,-3.37493896131591,106,True,neutral,tolerant,106,-1.00757570106625,True
V106Q,-1.5676482048184197,106,True,neutral,tolerant,106,-0.4680156462383252,True
V106R,-1.4583832786890598,106,True,neutral,tolerant,106,-0.4353950015959652,True
V106S,-1.58480249736538,106,True,neutral,tolerant,106,-0.47313699762791,True
V106T,-1.70308519329059,106,True,neutral,tolerant,106,-0.508449864508436,True
V106V,0.0,106,True,neutral,tolerant,106,0.0,True
V106W,-4.20145768843151,106,True,mild,tolerant,106,-1.254329848463683,True
V106Y,-1.72344338031955,106,True,neutral,tolerant,106,-0.5145277268944699,True
L107A,-0.964849699378815,107,True,neutral,tolerant,107,-0.21262373597159592,True
L107C,-1.97637324414022,107,True,neutral,tolerant,107,-0.4355329779487345,True
L107D,-1.23578548397206,107,True,neutral,tolerant,107,-0.27232980082884756,True
L107E,-1.17213712117486,107,True,neutral,tolerant,107,-0.2583036238034217,True
L107F,-3.1883988192181003,107,True,neutral,tolerant,107,-0.702626812389576,True
L107G,-2.53829259003674,107,True,neutral,tolerant,107,-0.5593630322215969,True
L107H,-1.1966060323003,107,True,neutral,tolerant,107,-0.2636958328718368,True
L107I,-0.645388118461549,107,True,neutral,tolerant,107,-0.14222405104890523,True
L107K,-1.64076721742258,107,True,neutral,tolerant,107,-0.36157554472236875,True
L107L,0.0,107,True,neutral,tolerant,107,0.0,True
L107M,-0.583162111332731,107,True,neutral,tolerant,107,-0.1285113182586659,True
L107N,-1.30760531548482,107,True,neutral,tolerant,107,-0.28815672278666654,True
L107P,-3.20372400402961,107,True,neutral,tolerant,107,-0.7060040203124021,True
L107Q,-1.15516482094998,107,True,neutral,tolerant,107,-0.25456344138519754,True
L107R,-2.65565430858227,107,True,neutral,tolerant,107,-0.5852260107489916,True
L107S,-1.5244404463278505,107,True,neutral,tolerant,107,-0.335940637358457,True
L107T,-1.40574385514643,107,True,neutral,tolerant,107,-0.3097834932143118,True
L107V,-0.791328382341132,107,True,neutral,tolerant,107,-0.17438487791627671,True
L107W,-4.81674593083621,107,True,mild,tolerant,107,-1.06146534087096,True
L107Y,-4.46676757164223,107,True,mild,tolerant,107,-0.9843406796009802,True
E108A,-3.01394647028103,108,True,neutral,tolerant,108,-0.853506482276639,True
E108C,-5.554234422091991,108,True,impactful,tolerant,108,-1.5728796546600674,True
E108D,-0.939086253184282,108,True,neutral,tolerant,108,-0.2659357796871985,True
E108E,0.0,108,True,neutral,tolerant,108,0.0,True
E108F,-3.220557434939149,108,True,neutral,tolerant,108,-0.9120157489089329,True
E108G,-3.4186320896443,108,True,neutral,tolerant,108,-0.9681076547979549,True
E108H,-3.07419421087312,108,True,neutral,tolerant,108,-0.8705677796967871,True
E108I,-3.69970381114745,108,True,neutral,tolerant,108,-1.047703141530413,True
E108K,-3.7745495182088304,108,True,neutral,tolerant,108,-1.0688983740195654,True
E108L,-3.63056580057058,108,True,neutral,tolerant,108,-1.0281242469545027,True
E108M,-5.56531887342787,108,True,impactful,tolerant,108,-1.5760186125549536,True
E108N,-2.70216472993444,108,True,neutral,tolerant,108,-0.7652143579588192,True
E108P,-3.56003775404087,108,True,neutral,tolerant,108,-1.0081517141013219,True
E108Q,-2.02677086258782,108,True,neutral,tolerant,108,-0.5739524860064358,True
E108R,-3.87643733791106,108,True,mild,tolerant,108,-1.0977515455799673,True
E108S,-3.7193257440468495,108,True,neutral,tolerant,108,-1.0532597919519027,True
E108T,-3.68161468379884,108,True,neutral,tolerant,108,-1.0425805596919482,True
E108V,-3.69313164113504,108,True,neutral,tolerant,108,-1.0458419970928698,True
E108W,-5.7399424830276295,108,True,impactful,tolerant,108,-1.6254695182765946,True
E108Y,-3.89729795864258,108,True,mild,tolerant,108,-1.103658974658164,True
T109A,-1.2603787476226398,109,True,neutral,tolerant,109,-0.40535101628899056,True
T109C,-1.57363739103805,109,True,neutral,tolerant,109,-0.5060982795297105,True
T109D,-0.52035105715154,109,True,neutral,tolerant,109,-0.16735035420208363,True
T109E,-1.14863444584801,109,True,neutral,tolerant,109,-0.36941287755546487,True
T109F,-2.3285457567930097,109,True,neutral,tolerant,109,-0.7488847227643531,True
T109G,-3.11768939934302,109,True,neutral,tolerant,109,-1.0026815898640318,True
T109H,-1.1782626871283002,109,True,neutral,tolerant,109,-0.37894163050887214,True
T109I,-2.74347598361134,109,True,neutral,tolerant,109,-0.8823306329299129,True
T109K,-1.40214942262785,109,True,neutral,tolerant,109,-0.45094595138428134,True
T109L,-2.7013871044265896,109,True,neutral,tolerant,109,-0.8687944082163627,True
T109M,-2.7267493271459298,109,True,neutral,tolerant,109,-0.8769511648849623,True
T109N,-0.4700116749833161,109,True,neutral,tolerant,109,-0.15116068124882404,True
T109P,-2.47236856412225,109,True,neutral,tolerant,109,-0.795139645125118,True
T109Q,-1.11468853256776,109,True,neutral,tolerant,109,-0.35849551602984264,True
T109R,-0.536640546078575,109,True,neutral,tolerant,109,-0.17258922458438467,True
T109S,-0.0168360572263253,109,True,neutral,tolerant,109,-0.005414652476379139,True
T109T,0.0,109,True,neutral,tolerant,109,0.0,True
T109V,-1.21199454369126,109,True,neutral,tolerant,109,-0.38979014915051147,True
T109W,-4.49118681232216,109,True,mild,tolerant,109,-1.4444127546202987,True
T109Y,-3.89379729618342,109,True,mild,tolerant,109,-1.2522860245052592,True
V110A,-2.6051416147160698,110,True,neutral,tolerant,110,-0.7583495193691276,True
V110C,-4.92849914988747,110,True,impactful,tolerant,110,-1.4346724724735027,True
V110D,-2.94471187773425,110,True,neutral,tolerant,110,-0.8571974838318777,True
V110E,-3.1544955219628297,110,True,neutral,tolerant,110,-0.9182649224976203,True
V110F,-3.02962544897231,110,True,neutral,tolerant,110,-0.8819155895857244,True
V110G,-2.691162056132049,110,True,neutral,tolerant,110,-0.7833898319706512,True
V110H,-4.88280382460416,110,True,mild,tolerant,110,-1.4213706896566822,True
V110I,-1.36808695792834,110,True,neutral,tolerant,110,-0.3982463299267524,True
V110K,-3.5360445359819903,110,True,neutral,tolerant,110,-1.0293327852820127,True
V110L,-0.913539290435891,110,True,neutral,tolerant,110,-0.2659287609984216,True
V110M,-1.5548489746914098,110,True,neutral,tolerant,110,-0.4526122365049709,True
V110N,-3.27446817359262,110,True,neutral,tolerant,110,-0.9531886295955192,True
V110P,-3.09830039165722,110,True,neutral,tolerant,110,-0.9019066754766463,True
V110Q,-3.18618623603194,110,True,neutral,tolerant,110,-0.9274900017205759,True
V110R,-5.004509980347169,110,True,impactful,tolerant,110,-1.45679901500783,True
V110S,-2.5968595664877903,110,True,neutral,tolerant,110,-0.7559386380343744,True
V110T,-2.22927441165914,110,True,neutral,tolerant,110,-0.648935616042453,True
V110V,0.0,110,True,neutral,tolerant,110,0.0,True
V110W,-5.1662348131845,110,True,impactful,tolerant,110,-1.5038766665870933,True
V110Y,-3.47124734993553,110,True,neutral,tolerant,110,-1.010470503624376,True
T111A,-1.47444119703819,111,True,neutral,tolerant,111,-0.4262056997553107,True
T111C,-0.928445808441146,111,True,neutral,tolerant,111,-0.26837889246884244,True
T111D,-2.55545814988671,111,True,neutral,tolerant,111,-0.7386871929214457,True
T111E,-2.37957152996579,111,True,neutral,tolerant,111,-0.6878449619314427,True
T111F,-2.8475682630293,111,True,neutral,tolerant,111,-0.8231252806713201,True
T111G,-3.85900936498733,111,True,mild,tolerant,111,-1.115495002493559,True
T111H,-2.50095949587854,111,True,neutral,tolerant,111,-0.722933674223017,True
T111I,-2.06248460355851,111,True,neutral,tolerant,111,-0.5961870133987044,True
T111K,-2.6121976124979,111,True,neutral,tolerant,111,-0.7550884454193547,True
T111L,-2.10982186141727,111,True,neutral,tolerant,111,-0.6098704408224079,True
T111M,-2.12733885099147,111,True,neutral,tolerant,111,-0.6149339461111067,True
T111N,-2.01988907888837,111,True,neutral,tolerant,111,-0.5838742433574511,True
T111P,-4.0569731844863,111,True,mild,tolerant,111,-1.1727189246040366,True
T111Q,-2.674740316101,111,True,neutral,tolerant,111,-0.7731671974287899,True
T111R,-3.58947091262211,111,True,neutral,tolerant,111,-1.0375815360684164,True
T111S,-1.1223847834019198,111,True,neutral,tolerant,111,-0.3244393828424327,True
T111T,0.0,111,True,neutral,tolerant,111,0.0,True
T111V,-2.10579058815775,111,True,neutral,tolerant,111,-0.6087051507830831,True
T111W,-5.35457806556675,111,True,impactful,tolerant,111,-1.5478078718321404,True
T111Y,-3.54868839171959,111,True,neutral,tolerant,111,-1.025792837479446,True
L112A,-4.69552631841352,112,True,mild,tolerant,112,-2.8622167140258443,True
L112C,-5.7692282500218095,112,True,impactful,tolerant,112,-3.5167051368634814,True
L112D,-3.67516655780194,112,True,neutral,tolerant,112,-2.2402436777574373,True
L112E,-3.56429744348767,112,True,neutral,tolerant,112,-2.1726620243834307,True
L112F,-3.95853827531792,112,True,mild,tolerant,112,-2.412976447452674,True
L112G,-4.73838765816551,112,True,mild,tolerant,112,-2.8883433790053594,True
L112H,-5.5575650407289805,112,True,impactful,tolerant,112,-3.3876831839874986,True
L112I,-2.63771331746912,112,True,neutral,tolerant,112,-1.6078510974291584,True
L112K,-4.10842232514998,112,True,mild,tolerant,112,-2.504340142064049,True
L112L,0.0,112,True,neutral,tolerant,112,0.0,True
L112M,-2.0146931140472,112,True,neutral,tolerant,112,-1.2280813509755812,True
L112N,-3.5907361018195703,112,True,neutral,tolerant,112,-2.1887780387857423,True
L112P,-4.17877789398982,112,True,mild,tolerant,112,-2.547226257784134,True
L112Q,-3.69604170086111,112,True,neutral,tolerant,112,-2.2529683819375266,True
L112R,-4.533667378765911,112,True,mild,tolerant,112,-2.76355357576227,True
L112S,-3.78895732476574,112,True,neutral,tolerant,112,-2.309606260995103,True
L112T,-3.7266990612741697,112,True,neutral,tolerant,112,-2.27165595888456,True
L112V,-2.4430694375984,112,True,neutral,tolerant,112,-1.4892034893720822,True
L112W,-3.21378628739447,112,True,neutral,tolerant,112,-1.9590035713388223,True
L112Y,-5.39317962518468,112,True,impactful,tolerant,112,-3.2874800007856737,True
E113A,-3.05621892979984,113,True,neutral,sensitive,113,-1.4119115141087817,True
E113C,-5.5916313846048205,113,True,impactful,sensitive,113,-2.583220939310337,True
E113D,-1.4999078840829798,113,True,neutral,sensitive,113,-0.6929271954277161,True
E113E,0.0,113,True,neutral,sensitive,113,0.0,True
E113F,-6.67609354699488,113,True,impactful,sensitive,113,-3.084220589160066,True
E113G,-3.03815766023858,113,True,neutral,sensitive,113,-1.4035675717935512,True
E113H,-4.51125672819508,113,True,mild,sensitive,113,-2.0841096347952073,True
E113I,-6.08653301124008,113,True,impactful,sensitive,113,-2.811855510670463,True
E113K,-3.80584513917134,113,True,neutral,sensitive,113,-1.7582237059381345,True
E113L,-4.28070207177354,113,True,mild,sensitive,113,-1.9775980328746323,True
E113M,-6.08653301124008,113,True,impactful,sensitive,113,-2.811855510670463,True
E113N,-1.95480839303518,113,True,neutral,sensitive,113,-0.9030820570775067,True
E113P,-3.7743511533149294,113,True,neutral,sensitive,113,-1.7436741195775927,True
E113Q,-2.62520418142835,113,True,neutral,sensitive,113,-1.2127913921690026,True
E113R,-4.1235415064578085,113,True,mild,sensitive,113,-1.904993020985756,True
E113S,-1.92395339714496,113,True,neutral,sensitive,113,-0.8888276711955261,True
E113T,-4.43624922927953,113,True,mild,sensitive,113,-2.0494576828912567,True
E113V,-6.08653301124008,113,True,impactful,sensitive,113,-2.811855510670463,True
E113W,-6.67609354699488,113,True,impactful,sensitive,113,-3.084220589160066,True
E113Y,-6.67609354699488,113,True,impactful,sensitive,113,-3.084220589160066,True
P114A,-3.21266719294382,114,True,neutral,sensitive,114,-1.079164469645955,True
P114C,-5.40213874882464,114,True,impactful,sensitive,114,-1.8146281104477764,True
P114D,-2.74259107034109,114,True,neutral,sensitive,114,-0.9212615749247111,True
P114E,-2.71601575456971,114,True,neutral,sensitive,114,-0.9123346818394003,True
P114F,-6.2452983371407695,114,True,impactful,sensitive,114,-2.097853174018184,True
P114G,-2.2668648683374504,114,True,neutral,sensitive,114,-0.7614607665466988,True
P114H,-4.73763028502564,114,True,mild,sensitive,114,-1.5914136033597286,True
P114I,-5.8237185429827,114,True,impactful,sensitive,114,-1.9562406422329786,True
P114K,-3.8719690899224495,114,True,mild,sensitive,114,-1.3006300430337667,True
P114L,-3.2265140546172897,114,True,neutral,sensitive,114,-1.0838157578861223,True
P114M,-5.8237185429827,114,True,impactful,sensitive,114,-1.9562406422329786,True
P114N,-2.89074775478834,114,True,neutral,sensitive,114,-0.9710287684102941,True
P114P,0.0,114,True,neutral,sensitive,114,0.0,True
P114Q,-3.2015939122824,114,True,neutral,sensitive,114,-1.0754448527872689,True
P114R,-5.35063107214446,114,True,impactful,sensitive,114,-1.7973262079322132,True
P114S,-3.46469593319504,114,True,neutral,sensitive,114,-1.1638232423959347,True
P114T,-3.23907592725174,114,True,neutral,sensitive,114,-1.0880354064849846,True
P114V,-3.99733830030445,114,True,mild,sensitive,114,-1.3427427143148063,True
P114W,-6.2452983371407695,114,True,impactful,sensitive,114,-2.097853174018184,True
P114Y,-4.36387481675642,114,True,mild,sensitive,114,-1.4658657026690138,True
E115A,-3.5212963160209,115,True,neutral,sensitive,115,-1.1954602340514795,True
E115C,-3.71105282292981,115,True,neutral,sensitive,115,-1.259881497644103,True
E115D,-2.68320528345014,115,True,neutral,sensitive,115,-0.9109330565472447,True
E115E,0.0,115,True,neutral,sensitive,115,0.0,True
E115F,-7.069332354342179,115,True,impactful,sensitive,115,-2.3999984529729756,True
E115G,-4.5532300170710895,115,True,mild,sensitive,115,-1.5457959039496294,True
E115H,-4.727331995750251,115,True,mild,sensitive,115,-1.6049025435225828,True
E115I,-5.22655855600238,115,True,impactful,sensitive,115,-1.774387144363594,True
E115K,-3.04856359795859,115,True,neutral,sensitive,115,-1.0349701431700715,True
E115L,-4.36379946398726,115,True,mild,sensitive,115,-1.4814852998417667,True
E115M,-6.11334376291391,115,True,impactful,sensitive,115,-2.075445719350487,True
E115N,-2.995316520198,115,True,neutral,sensitive,115,-1.0168930606613884,True
E115P,-5.7386495907192,115,True,impactful,sensitive,115,-1.9482391617110033,True
E115Q,-4.2838514283244,115,True,mild,sensitive,115,-1.454343392757537,True
E115R,-2.37142597097617,115,True,neutral,sensitive,115,-0.8050857388515505,True
E115S,-4.00502549469918,115,True,mild,sensitive,115,-1.3596835612759626,True
E115T,-4.46054090836315,115,True,mild,sensitive,115,-1.5143284744447962,True
E115V,-5.633234792203691,115,True,impactful,sensitive,115,-1.9124514323079171,True
E115W,-7.069332354342179,115,True,impactful,sensitive,115,-2.3999984529729756,True
E115Y,-7.069332354342179,115,True,impactful,sensitive,115,-2.3999984529729756,True
L116A,-3.654055018382,116,True,neutral,tolerant,116,-1.9929827471267394,True
L116C,-3.71520400297889,116,True,neutral,tolerant,116,-2.026334426478268,True
L116D,-3.4447647541408,116,True,neutral,tolerant,116,-1.8788323351389629,True
L116E,-3.39741603020701,116,True,neutral,tolerant,116,-1.8530075488607596,True
L116F,-2.94532410242968,116,True,neutral,tolerant,116,-1.6064290469928677,True
L116G,-6.718723092712129,116,True,impactful,tolerant,116,-3.6645039932722328,True
L116H,-5.363834468953,116,True,impactful,tolerant,116,-2.9255250677097204,True
L116I,-0.829071291561131,116,True,neutral,tolerant,116,-0.4521893545409886,True
L116K,-4.7237310402125186,116,True,mild,tolerant,116,-2.5764019473848023,True
L116L,0.0,116,True,neutral,tolerant,116,0.0,True
L116M,-2.40387889224415,116,True,neutral,tolerant,116,-1.3111157698293536,True
L116N,-4.01936709901849,116,True,mild,tolerant,116,-2.1922300683528655,True
L116P,-4.54113112524668,116,True,mild,tolerant,116,-2.4768088984780383,True
L116Q,-3.40254191219586,116,True,neutral,tolerant,116,-1.8558032906643709,True
L116R,-4.19975667748676,116,True,mild,tolerant,116,-2.290617562750232,True
L116S,-3.68536905387285,116,True,neutral,tolerant,116,-2.0100619460337694,True
L116T,-3.65517077703958,116,True,neutral,tolerant,116,-1.9935913005675954,True
L116V,-2.4971248666130696,116,True,neutral,tolerant,116,-1.361973684453356,True
L116W,-2.74536825313827,116,True,neutral,tolerant,116,-1.4973697811032936,True
L116Y,-2.882620873933249,116,True,neutral,tolerant,116,-1.5722296570127279,True
E117A,-3.8221194582601297,117,True,neutral,sensitive,117,-2.2151896555740738,True
E117C,-5.6745387343438605,117,True,impactful,sensitive,117,-3.28879817644292,True
E117D,-2.4653126372316203,117,True,neutral,sensitive,117,-1.4288237485485324,True
E117E,0.0,117,True,neutral,sensitive,117,0.0,True
E117F,-3.74544295287314,117,True,neutral,sensitive,117,-2.1707501754861993,True
E117G,-4.33676341892892,117,True,mild,sensitive,117,-2.513462378451273,True
E117H,-4.641230937358968,117,True,mild,sensitive,117,-2.6899229272776486,True
E117I,-6.39498773140795,117,True,impactful,sensitive,117,-3.706349533247339,True
E117K,-3.96364250994757,117,True,mild,sensitive,117,-2.2972123143493706,True
E117L,-6.39498773140795,117,True,impactful,sensitive,117,-3.706349533247339,True
E117M,-6.39498773140795,117,True,impactful,sensitive,117,-3.706349533247339,True
E117N,-2.7720250962391204,117,True,neutral,sensitive,117,-1.6065853998649944,True
E117P,-6.939814653525139,117,True,impactful,sensitive,117,-4.022115425740309,True
E117Q,-2.44704812609412,117,True,neutral,sensitive,117,-1.4182381672819737,True
E117R,-4.26304015051239,117,True,mild,sensitive,117,-2.470734508913216,True
E117S,-3.13173718407575,117,True,neutral,sensitive,117,-1.8150640998801373,True
E117T,-1.87440469706662,117,True,neutral,sensitive,117,-1.0863506336328748,True
E117V,-5.28327156122041,117,True,impactful,sensitive,117,-3.062031063605656,True
E117W,-3.0713679275005097,117,True,neutral,sensitive,117,-1.7800758285451945,True
E117Y,-6.333268238002058,117,True,impactful,sensitive,117,-3.670578703781365,True
E118A,-2.80555230297471,118,True,neutral,tolerant,118,-1.2747579467032981,True
E118C,-3.6038123056107914,118,True,neutral,tolerant,118,-1.6374631013414056,True
E118D,-2.43093866923052,118,True,neutral,tolerant,118,-1.104544863863078,True
E118E,0.0,118,True,neutral,tolerant,118,0.0,True
E118F,-6.8152686879273485,118,True,impactful,tolerant,118,-3.0966515611353627,True
E118G,-4.493098537368089,118,True,mild,tolerant,118,-2.0415278160232426,True
E118H,-2.6647231150786803,118,True,neutral,tolerant,118,-1.2107694314266846,True
E118I,-3.7047209137227406,118,True,neutral,tolerant,118,-1.683312914921814,True
E118K,-3.62321913716018,118,True,neutral,tolerant,118,-1.6462809774906704,True
E118L,-2.92476619068346,118,True,neutral,tolerant,118,-1.3289251246072682,True
E118M,-3.9038467837329103,118,True,mild,tolerant,118,-1.7737896759219671,True
E118N,-2.85425659026353,118,True,neutral,tolerant,118,-1.2968876989072098,True
E118P,-4.73364396268189,118,True,mild,tolerant,118,-2.150824367770564,True
E118Q,-0.8293694471442858,118,True,neutral,tolerant,118,-0.3768403434785759,True
E118R,-3.73721512261614,118,True,neutral,tolerant,118,-1.6980772987348616,True
E118S,-2.80645827453559,118,True,neutral,tolerant,118,-1.2751695927258992,True
E118T,-3.4075332594356,118,True,neutral,tolerant,118,-1.5482798508214013,True
E118V,-5.679949001928519,118,True,impactful,tolerant,118,-2.5807967006712818,True
E118W,-6.8152686879273485,118,True,impactful,tolerant,118,-3.0966515611353627,True
E118Y,-6.8152686879273485,118,True,impactful,tolerant,118,-3.0966515611353627,True
A119A,0.0,119,True,neutral,tolerant,119,0.0,True
A119C,-2.10108033997335,119,True,neutral,tolerant,119,-1.2311318567210785,True
A119D,-3.824631463203621,119,True,neutral,tolerant,119,-2.2410497804322196,True
A119E,-3.754223104576,119,True,neutral,tolerant,119,-2.199793874298232,True
A119F,-3.98955824547575,119,True,mild,tolerant,119,-2.3376889292637655,True
A119G,-4.5245704556870585,119,True,mild,tolerant,119,-2.6511803094811683,True
A119H,-5.795838142940672,119,True,impactful,tolerant,119,-3.3960819291012463,True
A119I,-3.41353201233055,119,True,neutral,tolerant,119,-2.0001653075153967,True
A119K,-4.49998496876223,119,True,mild,tolerant,119,-2.6367743985836634,True
A119L,-3.02968904077169,119,True,neutral,tolerant,119,-1.7752518183574382,True
A119M,-3.7540074312832,119,True,neutral,tolerant,119,-2.199667500139016,True
A119N,-3.8893556877581696,119,True,mild,tolerant,119,-2.2789750578405474,True
A119P,-5.099440566584031,119,True,impactful,tolerant,119,-2.9880264992898926,True
A119Q,-3.83117937731172,119,True,neutral,tolerant,119,-2.2448865426445854,True
A119R,-5.56947921949494,119,True,impactful,tolerant,119,-3.2634465051218555,True
A119S,-1.9101648797837,119,True,neutral,tolerant,119,-1.1192645946710114,True
A119T,-2.85923051685341,119,True,neutral,tolerant,119,-1.6753713354206896,True
A119V,-1.73385150523664,119,True,neutral,tolerant,119,-1.015953451331469,True
A119W,-6.66575426289845,119,True,impactful,tolerant,119,-3.905810865962747,True
A119Y,-6.66575426289845,119,True,impactful,tolerant,119,-3.905810865962747,True
L120A,-4.88268235276064,120,True,mild,sensitive,120,-2.6497625177545765,True
L120C,-6.2005711319146295,120,True,impactful,sensitive,120,-3.3649620816985983,True
L120D,-4.69376825796264,120,True,mild,sensitive,120,-2.547241515709819,True
L120E,-4.02301193508747,120,True,mild,sensitive,120,-2.1832315649300775,True
L120F,-3.80563249764041,120,True,neutral,sensitive,120,-2.065262824827186,True
L120G,-7.32031882630725,120,True,impactful,sensitive,120,-3.9726332869053245,True
L120H,-6.10568321736806,120,True,impactful,sensitive,120,-3.3134677551812812,True
L120I,-2.13465193073635,120,True,neutral,sensitive,120,-1.1584453515227278,True
L120K,-4.62085194487869,120,True,mild,sensitive,120,-2.507670865935015,True
L120L,0.0,120,True,neutral,sensitive,120,0.0,True
L120M,-3.4783509293112203,120,True,neutral,sensitive,120,-1.887651755776114,True
L120N,-4.03445783796453,120,True,mild,sensitive,120,-2.189443094215481,True
L120P,-7.32031882630725,120,True,impactful,sensitive,120,-3.9726332869053245,True
L120Q,-4.001129894289161,120,True,mild,sensitive,120,-2.171356491490874,True
L120R,-5.49109821798711,120,True,impactful,sensitive,120,-2.9799411856281517,True
L120S,-3.44437932493419,120,True,neutral,sensitive,120,-1.8692158475103742,True
L120T,-4.77594765797177,120,True,mild,sensitive,120,-2.5918391114867867,True
L120V,-0.887311015470843,120,True,neutral,sensitive,120,-0.48153111353968314,True
L120W,-6.53564598524894,120,True,impactful,sensitive,120,-3.5468024560791624,True
L120Y,-6.53564598524894,120,True,impactful,sensitive,120,-3.5468024560791624,True
A121A,0.0,121,True,neutral,tolerant,121,0.0,True
A121C,-1.44709396772938,121,True,neutral,tolerant,121,-0.5052742377023507,True
A121D,-2.53168737971148,121,True,neutral,tolerant,121,-0.8839760509067379,True
A121E,-2.41421150911976,121,True,neutral,tolerant,121,-0.8429576151414444,True
A121F,-2.0281596062252096,121,True,neutral,tolerant,121,-0.7081618898474915,True
A121G,-3.06460526929129,121,True,neutral,tolerant,121,-1.0700522051995323,True
A121H,-2.06412753868088,121,True,neutral,tolerant,121,-0.7207206248422787,True
A121I,-3.87782789716824,121,True,mild,tolerant,121,-1.3540008999947761,True
A121K,-1.84740155661036,121,True,neutral,tolerant,121,-0.6450475463670778,True
A121L,-3.21264695835961,121,True,neutral,tolerant,121,-1.1217431480548425,True
A121M,-4.815442157924362,121,True,mild,tolerant,121,-1.6813827711290759,True
A121N,-2.04581551318942,121,True,neutral,tolerant,121,-0.7143267106063556,True
A121P,-3.3390309880571403,121,True,neutral,tolerant,121,-1.165871999178015,True
A121Q,-2.64191088988696,121,True,neutral,tolerant,121,-0.9224622178888174,True
A121R,-1.91296919625428,121,True,neutral,tolerant,121,-0.6679414564225578,True
A121S,-0.655024137692251,121,True,neutral,tolerant,121,-0.22871135477705593,True
A121T,-1.30188941069201,121,True,neutral,tolerant,121,-0.45457392141046143,True
A121V,-1.72005655738101,121,True,neutral,tolerant,121,-0.6005831585348363,True
A121W,-5.23422802477176,121,True,impactful,tolerant,121,-1.8276080435375148,True
A121Y,-5.23422802477176,121,True,impactful,tolerant,121,-1.8276080435375148,True
N122A,-2.4619982064015096,122,True,neutral,tolerant,122,-0.9621787514000071,True
N122C,-3.690670762866,122,True,neutral,tolerant,122,-1.4423588844255228,True
N122D,-2.2433705557565,122,True,neutral,tolerant,122,-0.8767364146135007,True
N122E,-2.42672765422161,122,True,neutral,tolerant,122,-0.9483945919439176,True
N122F,-6.20276091868748,122,True,impactful,tolerant,122,-2.424114177036153,True
N122G,-2.27259544160064,122,True,neutral,tolerant,122,-0.888157854360373,True
N122H,-1.67848165559764,122,True,neutral,tolerant,122,-0.6559709830135333,True
N122I,-2.82688030277241,122,True,neutral,tolerant,122,-1.1047790989475854,True
N122K,-2.92863600803527,122,True,neutral,tolerant,122,-1.1445464623774508,True
N122L,-3.61397362767418,122,True,neutral,tolerant,122,-1.412384714020791,True
N122M,-5.22636801984714,122,True,impactful,tolerant,122,-2.0425279931635147,True
N122N,0.0,122,True,neutral,tolerant,122,0.0,True
N122P,-4.23505305681246,122,True,mild,tolerant,122,-1.655110085670003,True
N122Q,-2.38320026907796,122,True,neutral,tolerant,122,-0.9313835620494489,True
N122R,-2.7154896127919703,122,True,neutral,tolerant,122,-1.0612462666635127,True
N122S,-0.8094714003705951,122,True,neutral,tolerant,122,-0.3163512383061324,True
N122T,-2.16817100863423,122,True,neutral,tolerant,122,-0.8473475197849755,True
N122V,-4.47699439123012,122,True,mild,tolerant,122,-1.7496636927590534,True
N122W,-6.20276091868748,122,True,impactful,tolerant,122,-2.424114177036153,True
N122Y,-6.20276091868748,122,True,impactful,tolerant,122,-2.424114177036153,True
A123A,0.0,123,True,neutral,sensitive,123,0.0,True
A123C,-4.3674460433822295,123,True,mild,sensitive,123,-3.491618040899848,True
A123D,-3.7203464414654,123,True,neutral,sensitive,123,-2.9742848851221124,True
A123E,-3.74798884149537,123,True,neutral,sensitive,123,-2.9963840024734676,True
A123F,-4.27125603008178,123,True,mild,sensitive,123,-3.4147175405941472,True
A123G,-4.43570528400753,123,True,mild,sensitive,123,-3.5461888801633483,True
A123H,-4.27692084898335,123,True,mild,sensitive,123,-3.4192463621705746,True
A123I,-4.22351699129931,123,True,mild,sensitive,123,-3.3765518741125518,True
A123K,-4.530731824816121,123,True,mild,sensitive,123,-3.622159225522127,True
A123L,-4.12497227154361,123,True,mild,sensitive,123,-3.2977688696022183,True
A123M,-4.70704433109652,123,True,mild,sensitive,123,-3.7631148141315665,True
A123N,-3.09392322868969,123,True,neutral,sensitive,123,-2.47348176832567,True
A123P,-7.2560575351212,123,True,impactful,sensitive,123,-5.800960365343468,True
A123Q,-2.38790869189387,123,True,neutral,sensitive,123,-1.9090482139491651,True
A123R,-6.47700958898087,123,True,impactful,sensitive,123,-5.178139193324357,True
A123S,-2.77167818627752,123,True,neutral,sensitive,123,-2.215858298567695,True
A123T,-2.86295559445566,123,True,neutral,sensitive,123,-2.288831345505342,True
A123V,-2.98160929188513,123,True,neutral,sensitive,123,-2.3836907636753653,True
A123W,-6.76453300644254,123,True,impactful,sensitive,123,-5.408003956762371,True
A123Y,-6.76453300644254,123,True,impactful,sensitive,123,-5.408003956762371,True
S124A,-3.17634024218817,124,True,neutral,tolerant,124,-2.0411196365906723,True
S124C,-4.130108730857899,124,True,mild,tolerant,124,-2.6540122874246017,True
S124D,-2.55547712227876,124,True,neutral,tolerant,124,-1.6421523317502316,True
S124E,-3.0830690240566097,124,True,neutral,tolerant,124,-1.9811834520697378,True
S124F,-6.154871008964079,124,True,impactful,tolerant,124,-3.9551266927326196,True
S124G,-3.39680509945096,124,True,neutral,tolerant,124,-2.1827905896455126,True
S124H,-3.2456948388719304,124,True,neutral,tolerant,124,-2.0856869745914426,True
S124I,-3.82320350559332,124,True,neutral,tolerant,124,-2.4567946614475207,True
S124K,-3.08139831912225,124,True,neutral,tolerant,124,-1.9801098552921705,True
S124L,-5.4325290369863,124,True,impactful,tolerant,124,-3.4909489690257365,True
S124M,-4.560400744303991,124,True,mild,tolerant,124,-2.930518395444035,True
S124N,-1.50273455848175,124,True,neutral,tolerant,124,-0.9656588343909556,True
S124P,-3.0763901275993297,124,True,neutral,tolerant,124,-1.9768915860634944,True
S124Q,-3.1636103374497204,124,True,neutral,tolerant,124,-2.0329393861916536,True
S124R,-3.73418480044442,124,True,neutral,tolerant,124,-2.399591146317125,True
S124S,0.0,124,True,neutral,tolerant,124,0.0,True
S124T,-0.6908945071373029,124,True,neutral,tolerant,124,-0.4439695491686692,True
S124V,-5.12012073124212,124,True,impactful,tolerant,124,-3.2901950576471544,True
S124W,-6.154871008964079,124,True,impactful,tolerant,124,-3.9551266927326196,True
S124Y,-6.154871008964079,124,True,impactful,tolerant,124,-3.9551266927326196,True
D125A,-3.57650189937522,125,True,neutral,tolerant,125,-1.3171895860312886,True
D125C,-5.33153328125348,125,True,impactful,tolerant,125,-1.963549947190884,True
D125D,0.0,125,True,neutral,tolerant,125,0.0,True
D125E,-1.31449857657213,125,True,neutral,tolerant,125,-0.48411657105962347,True
D125F,-3.71331370485731,125,True,neutral,tolerant,125,-1.3675759944541745,True
D125G,-4.3286137837541805,125,True,mild,tolerant,125,-1.5941848091590594,True
D125H,-2.56017600143441,125,True,neutral,tolerant,125,-0.9428870058997388,True
D125I,-5.546119201765982,125,True,impactful,tolerant,125,-2.0425797779474064,True
D125K,-3.9716965421947497,125,True,mild,tolerant,125,-1.462735788052927,True
D125L,-3.14048745584691,125,True,neutral,tolerant,125,-1.156609863013374,True
D125M,-4.13001797399537,125,True,mild,tolerant,125,-1.5210439749575027,True
D125N,-1.5818582322763202,125,True,neutral,tolerant,125,-0.5825824363454744,True
D125P,-4.2995966422860405,125,True,mild,tolerant,125,-1.5834980885494863,True
D125Q,-2.5273786985644904,125,True,neutral,tolerant,125,-0.930808089962991,True
D125R,-5.81241690655079,125,True,impactful,tolerant,125,-2.1406545374177868,True
D125S,-3.57703290597542,125,True,neutral,tolerant,125,-1.3173851504077592,True
D125T,-3.59629243940158,125,True,neutral,tolerant,125,-1.3244782423659072,True
D125V,-2.90715260976096,125,True,neutral,tolerant,125,-1.0706749920221643,True
D125W,-6.197351091549879,125,True,impactful,tolerant,125,-2.282421916285058,True
D125Y,-6.197351091549879,125,True,impactful,tolerant,125,-2.282421916285058,True
A126A,0.0,126,True,neutral,tolerant,126,0.0,True
A126C,-1.95236582300019,126,True,neutral,tolerant,126,-0.9564308104523634,True
A126D,-2.7552948382542404,126,True,neutral,tolerant,126,-1.3497720786451508,True
A126E,-2.5063764950493903,126,True,neutral,tolerant,126,-1.227831215962957,True
A126F,-2.47495456072605,126,True,neutral,tolerant,126,-1.2124381447686092,True
A126G,-2.97010937482436,126,True,neutral,tolerant,126,-1.455006066501477,True
A126H,-3.0320068145395203,126,True,neutral,tolerant,126,-1.4853285694536766,True
A126I,-3.69778311244242,126,True,neutral,tolerant,126,-1.811481054137477,True
A126K,-3.3428814913751297,126,True,neutral,tolerant,126,-1.6376207862156424,True
A126L,-3.4433593803217297,126,True,neutral,tolerant,126,-1.6868431950621887,True
A126M,-5.47204037906278,126,True,impactful,tolerant,126,-2.6806595121259527,True
A126N,-2.698212534484,126,True,neutral,tolerant,126,-1.3218084288955547,True
A126P,-5.2500940397617,126,True,impactful,tolerant,126,-2.571931775410882,True
A126Q,-2.79462452133412,126,True,neutral,tolerant,126,-1.3690390214587262,True
A126R,-3.44540518909926,126,True,neutral,tolerant,126,-1.6878454019867686,True
A126S,-1.45830753784756,126,True,neutral,tolerant,126,-0.7144000595999969,True
A126T,-1.4851385504322698,126,True,neutral,tolerant,126,-0.7275441163179212,True
A126V,-3.36030470639916,126,True,neutral,tolerant,126,-1.6461561229183261,True
A126W,-6.05579561413728,126,True,impactful,tolerant,126,-2.9666312731610565,True
A126Y,-6.05579561413728,126,True,impactful,tolerant,126,-2.9666312731610565,True
E127A,-3.3271235498402296,127,True,neutral,sensitive,127,-1.8940111775924295,True
E127C,-5.945416428970081,127,True,impactful,sensitive,127,-3.384510675130097,True
E127D,-2.42779665154123,127,True,neutral,sensitive,127,-1.3820568806834284,True
E127E,0.0,127,True,neutral,sensitive,127,0.0,True
E127F,-6.91947171138108,127,True,impactful,sensitive,127,-3.9390051400464885,True
E127G,-5.7891960790294315,127,True,impactful,sensitive,127,-3.2955800765146055,True
E127H,-4.620391190741981,127,True,mild,sensitive,127,-2.6302217002236477,True
E127I,-6.31564877025123,127,True,impactful,sensitive,127,-3.5952705649233043,True
E127K,-4.11479274007853,127,True,mild,sensitive,127,-2.3424027771854647,True
E127L,-5.24865905878628,127,True,impactful,sensitive,127,-2.9878718886740314,True
E127M,-6.31564877025123,127,True,impactful,sensitive,127,-3.5952705649233043,True
E127N,-2.72913775147965,127,True,neutral,sensitive,127,-1.5535994768634747,True
E127P,-6.91947171138108,127,True,impactful,sensitive,127,-3.9390051400464885,True
E127Q,-2.75240140590608,127,True,neutral,sensitive,127,-1.5668426344604993,True
E127R,-4.91000728487882,127,True,impactful,sensitive,127,-2.795089674402778,True
E127S,-2.2414770950241403,127,True,neutral,sensitive,127,-1.2759918917038702,True
E127T,-4.06605864302102,127,True,mild,sensitive,127,-2.3146602172311677,True
E127V,-3.5641762705784603,127,True,neutral,sensitive,127,-2.028956723205987,True
E127W,-6.91947171138108,127,True,impactful,sensitive,127,-3.9390051400464885,True
E127Y,-6.91947171138108,127,True,impactful,sensitive,127,-3.9390051400464885,True
L128A,-4.48243331047994,128,True,mild,sensitive,128,-3.1571444455108786,True
L128C,-5.40593998277776,128,True,impactful,sensitive,128,-3.807604532450826,True
L128D,-5.6244163573741695,128,True,impactful,sensitive,128,-3.961485566423991,True
L128E,-3.69429957765082,128,True,neutral,sensitive,128,-2.6020325532483275,True
L128F,-3.53381666227709,128,True,neutral,sensitive,128,-2.488998468906911,True
L128G,-4.49951653285596,128,True,mild,sensitive,128,-3.1691767942152715,True
L128H,-5.6244163573741695,128,True,impactful,sensitive,128,-3.961485566423991,True
L128I,-0.925582828647806,128,True,neutral,sensitive,128,-0.6519224010524731,True
L128K,-4.169656105637,128,True,mild,sensitive,128,-2.936843830520452,True
L128L,0.0,128,True,neutral,sensitive,128,0.0,True
L128M,-1.48605678051436,128,True,neutral,sensitive,128,-1.0466850447825948,True
L128N,-5.6244163573741695,128,True,impactful,sensitive,128,-3.961485566423991,True
L128P,-5.05971770174312,128,True,impactful,sensitive,128,-3.5637473067504435,True
L128Q,-3.80897417835502,128,True,neutral,sensitive,128,-2.6828021383323897,True
L128R,-4.9923129422802,128,True,impactful,sensitive,128,-3.5162716284304083,True
L128S,-3.29525412329978,128,True,neutral,sensitive,128,-2.3209700025205273,True
L128T,-5.82883937668175,128,True,impactful,sensitive,128,-4.105468299738185,True
L128V,-2.66741190636164,128,True,neutral,sensitive,128,-1.8787573848271142,True
L128W,-6.07845548652815,128,True,impactful,sensitive,128,-4.281282207079332,True
L128Y,-3.55475536740061,128,True,neutral,sensitive,128,-2.5037463774641573,True
C129A,-2.51753830763277,129,True,neutral,tolerant,129,-1.1990713952376373,True
C129C,0.0,129,True,neutral,tolerant,129,0.0,True
C129D,-3.4158421897789504,129,True,neutral,tolerant,129,-1.6269220801891713,True
C129E,-3.32366478271106,129,True,neutral,tolerant,129,-1.5830191565406286,True
C129F,-3.47688770387938,129,True,neutral,tolerant,129,-1.6559972801746004,True
C129G,-2.54227415260196,129,True,neutral,tolerant,129,-1.2108527627940568,True
C129H,-2.43679348749455,129,True,neutral,tolerant,129,-1.1606136669687928,True
C129I,-2.60636680289864,129,True,neutral,tolerant,129,-1.2413792748962627,True
C129K,-3.90989395657749,129,True,mild,tolerant,129,-1.862232637148195,True
C129L,-1.99597878546751,129,True,neutral,tolerant,129,-0.9506592451439918,True
C129M,-2.56683584020372,129,True,neutral,tolerant,129,-1.2225511814170198,True
C129N,-3.68214401506904,129,True,neutral,tolerant,129,-1.7537582440071382,True
C129P,-4.47797082470063,129,True,mild,tolerant,129,-2.1328004059870875,True
C129Q,-3.44881481451103,129,True,neutral,tolerant,129,-1.6426265209209263,True
C129R,-3.65061403633479,129,True,neutral,tolerant,129,-1.7387409171692243,True
C129S,-0.873593455421845,129,True,neutral,tolerant,129,-0.416081423781035,True
C129T,-1.92799088326394,129,True,neutral,tolerant,129,-0.918277474226206,True
C129V,-2.05828607229312,129,True,neutral,tolerant,129,-0.9803354113897823,True
C129W,-5.11511094541392,129,True,impactful,tolerant,129,-2.436262121421291,True
C129Y,-2.2942146861947204,129,True,neutral,tolerant,129,-1.0927052019068841,True
D130A,-4.1032813051307,130,True,mild,sensitive,130,-2.103689718059408,True
D130C,-5.918407520432218,130,True,impactful,sensitive,130,-3.0342772337959785,True
D130D,0.0,130,True,neutral,sensitive,130,0.0,True
D130E,-2.30162027502993,130,True,neutral,sensitive,130,-1.1800055973260415,True
D130F,-2.59347845231885,130,True,neutral,sensitive,130,-1.3296368317058407,True
D130G,-4.58933081711291,130,True,mild,sensitive,130,-2.3528798868022256,True
D130H,-4.740493940982041,130,True,mild,sensitive,130,-2.4303789139919054,True
D130I,-3.6661759104438,130,True,neutral,sensitive,130,-1.879592451473918,True
D130K,-4.59237540748966,130,True,mild,sensitive,130,-2.354440801834608,True
D130L,-5.75486760400553,130,True,impactful,sensitive,130,-2.9504328139047713,True
D130M,-6.33469315725595,130,True,impactful,sensitive,130,-3.2477005281889038,True
D130N,-2.5211494287900096,130,True,neutral,sensitive,130,-1.292554844925007,True
D130P,-4.47343907152846,130,True,mild,sensitive,130,-2.2934639570951596,True
D130Q,-2.68935998067977,130,True,neutral,sensitive,130,-1.378793828354469,True
D130R,-6.53792627451251,130,True,impactful,sensitive,130,-3.3518950465143225,True
D130S,-3.24372372338363,130,True,neutral,sensitive,130,-1.6630076608628144,True
D130T,-3.8808001139924704,130,True,mild,sensitive,130,-1.9896270059382861,True
D130V,-4.4485119645954105,130,True,mild,sensitive,130,-2.280684209703613,True
D130W,-6.47488677303543,130,True,impactful,sensitive,130,-3.319575655951676,True
D130Y,-6.47488677303543,130,True,impactful,sensitive,130,-3.319575655951676,True
I131A,-3.95786411023178,131,True,mild,sensitive,131,-2.453615586193241,True
I131C,-5.893144891122169,131,True,impactful,sensitive,131,-3.6533624585978144,True
I131D,-4.01644486775527,131,True,mild,sensitive,131,-2.4899318051708113,True
I131E,-3.95957641892206,131,True,mild,sensitive,131,-2.4546771050260845,True
I131F,-3.26172999985395,131,True,neutral,sensitive,131,-2.0220581967194065,True
I131G,-4.4979737779215085,131,True,mild,sensitive,131,-2.788448077149977,True
I131H,-3.5366984044094,131,True,neutral,sensitive,131,-2.1925205330547564,True
I131I,0.0,131,True,neutral,sensitive,131,0.0,True
I131K,-4.30869026946085,131,True,mild,sensitive,131,-2.671104744070961,True
I131L,-1.5055749644886598,131,True,neutral,sensitive,131,-0.9333575120736972,True
I131M,-3.770342923757549,131,True,neutral,sensitive,131,-2.3373647769031574,True
I131N,-4.58055998990819,131,True,mild,sensitive,131,-2.839646099944982,True
I131P,-3.6961446447859,131,True,neutral,sensitive,131,-2.291366721213749,True
I131Q,-5.9103979036223695,131,True,impactful,sensitive,131,-3.664058192256239,True
I131R,-4.3291391503549805,131,True,mild,sensitive,131,-2.683781706059711,True
I131S,-2.1172584301196498,131,True,neutral,sensitive,131,-1.3125610529959253,True
I131T,-4.15897812116781,131,True,mild,sensitive,131,-2.5782930531529606,True
I131V,-2.0850399050037898,131,True,neutral,sensitive,131,-1.2925876852433364,True
I131W,-6.038043032779031,131,True,impactful,sensitive,131,-3.743189781840323,True
I131Y,-4.6297041232418605,131,True,mild,sensitive,131,-2.8701122322221693,True
A132A,0.0,132,True,neutral,sensitive,132,0.0,True
A132C,-4.82385292745002,132,True,mild,sensitive,132,-3.785211990861229,True
A132D,-4.12513622791247,132,True,mild,sensitive,132,-3.2369384698642683,True
A132E,-3.81959985380422,132,True,neutral,sensitive,132,-2.9971882195327,True
A132F,-6.6030966925343,132,True,impactful,sensitive,132,-5.18136045051633,True
A132G,-4.56272448498029,132,True,mild,sensitive,132,-3.580308042408173,True
A132H,-5.89303746914943,132,True,impactful,sensitive,132,-4.624186604837165,True
A132I,-3.19874728439328,132,True,neutral,sensitive,132,-2.510013625772111,True
A132K,-4.33877919533582,132,True,mild,sensitive,132,-3.4045812098516843,True
A132L,-2.87618231259228,132,True,neutral,sensitive,132,-2.2569012657030423,True
A132M,-4.31965675077183,132,True,mild,sensitive,132,-3.389576086862485,True
A132N,-3.91017702915789,132,True,mild,sensitive,132,-3.068262900996567,True
A132P,-7.20809914764625,132,True,impactful,sensitive,132,-5.656097674480743,True
A132Q,-3.3653797300172696,132,True,neutral,sensitive,132,-2.640767846667456,True
A132R,-4.48477590243988,132,True,mild,sensitive,132,-3.519142846507691,True
A132S,-2.8433088596264904,132,True,neutral,sensitive,132,-2.2311059128557287,True
A132T,-2.0902619286576,132,True,neutral,sensitive,132,-1.640200195858364,True
A132V,-1.8864817837806496,132,True,neutral,sensitive,132,-1.4802966790039598,True
A132W,-6.96422224363804,132,True,impactful,sensitive,132,-5.464730774363834,True
A132Y,-6.96422224363804,132,True,impactful,sensitive,132,-5.464730774363834,True
A133A,0.0,133,True,neutral,sensitive,133,0.0,True
A133C,-4.69387871828612,133,True,mild,sensitive,133,-2.399505489312154,True
A133D,-3.6789849170754505,133,True,neutral,sensitive,133,-1.880692926561691,True
A133E,-3.6091359080654,133,True,neutral,sensitive,133,-1.844986192195144,True
A133F,-6.97287561110384,133,True,impactful,sensitive,133,-3.5645261220647115,True
A133G,-2.5169477776136,133,True,neutral,sensitive,133,-1.2866608558009442,True
A133H,-5.5947562062637495,133,True,impactful,sensitive,133,-2.8600330417558935,True
A133I,-6.260958004894331,133,True,impactful,sensitive,133,-3.2005946473585607,True
A133K,-3.92913308081061,133,True,mild,sensitive,133,-2.0085683848017015,True
A133L,-6.260958004894331,133,True,impactful,sensitive,133,-3.2005946473585607,True
A133M,-6.260958004894331,133,True,impactful,sensitive,133,-3.2005946473585607,True
A133N,-3.6423445712101,133,True,neutral,sensitive,133,-1.8619624232166225,True
A133P,-4.639182044795639,133,True,mild,sensitive,133,-2.371544611717207,True
A133Q,-4.054037083553371,133,True,mild,sensitive,133,-2.0724191696655563,True
A133R,-5.67226835487402,133,True,impactful,sensitive,133,-2.899657164414656,True
A133S,-1.39497705722234,133,True,neutral,sensitive,133,-0.7131106931309263,True
A133T,-1.86162417981534,133,True,neutral,sensitive,133,-0.9516601741542601,True
A133V,-4.39484374541587,133,True,mild,sensitive,133,-2.246639149561375,True
A133W,-6.97287561110384,133,True,impactful,sensitive,133,-3.5645261220647115,True
A133Y,-6.97287561110384,133,True,impactful,sensitive,133,-3.5645261220647115,True
I134A,-3.77666053978736,134,True,neutral,sensitive,134,-0.9789955034568134,True
I134C,-5.799181542477441,134,True,impactful,sensitive,134,-1.503278516563424,True
I134D,-4.064990068466931,134,True,mild,sensitive,134,-1.053737013613036,True
I134E,-4.08550989370284,134,True,mild,sensitive,134,-1.0590562146442215,True
I134F,-5.98713980870064,134,True,impactful,sensitive,134,-1.55200153403653,True
I134G,-6.04190402994788,134,True,impactful,sensitive,134,-1.5661976540707605,True
I134H,-6.0103132538132,134,True,impactful,sensitive,134,-1.5580086131281756,True
I134I,0.0,134,True,neutral,sensitive,134,0.0,True
I134K,-4.444122128544599,134,True,mild,sensitive,134,-1.1520165857699909,True
I134L,-2.82204583699276,134,True,neutral,sensitive,134,-0.7315378641683496,True
I134M,-3.66476437436499,134,True,neutral,sensitive,134,-0.9499894962585261,True
I134N,-4.07840464740962,134,True,mild,sensitive,134,-1.0572143747174574,True
I134P,-4.644155955021598,134,True,mild,sensitive,134,-1.2038698605340683,True
I134Q,-5.478488574907,134,True,impactful,sensitive,134,-1.4201476738694283,True
I134R,-2.96898452021975,134,True,neutral,sensitive,134,-0.7696276815209008,True
I134S,-5.56642732581501,134,True,impactful,sensitive,134,-1.4429433794435909,True
I134T,-3.86501344616918,134,True,mild,sensitive,134,-1.0018985674610812,True
I134V,-1.69166239781373,134,True,neutral,sensitive,134,-0.4385170081820113,True
I134W,-6.56267234536059,134,True,impactful,sensitive,134,-1.7011925348022248,True
I134Y,-4.63662433243824,134,True,mild,sensitive,134,-1.2019174942662605,True
L135A,-4.7158524993674416,135,True,mild,sensitive,135,-1.9687803559090293,True
L135C,-6.30541765899463,135,True,impactful,sensitive,135,-2.632394126935834,True
L135D,-4.53479088693205,135,True,mild,sensitive,135,-1.8931905138137075,True
L135E,-4.42101413684707,135,True,mild,sensitive,135,-1.8456908452900367,True
L135F,-7.51301228669861,135,True,impactful,sensitive,135,-3.1365423337009473,True
L135G,-5.75750292548357,135,True,impactful,sensitive,135,-2.4036499573091548,True
L135H,-6.54606168112758,135,True,impactful,sensitive,135,-2.7328585124537947,True
L135I,-2.96178604320525,135,True,neutral,sensitive,135,-1.2364903654323753,True
L135K,-4.22121279511667,135,True,mild,sensitive,135,-1.7622775161547757,True
L135L,0.0,135,True,neutral,sensitive,135,0.0,True
L135M,-3.02716094377058,135,True,neutral,sensitive,135,-1.2637831656248733,True
L135N,-4.409270804594179,135,True,mild,sensitive,135,-1.8407882233663218,True
L135P,-7.51301228669861,135,True,impactful,sensitive,135,-3.1365423337009473,True
L135Q,-6.54606168112758,135,True,impactful,sensitive,135,-2.7328585124537947,True
L135R,-3.62359372968396,135,True,neutral,sensitive,135,-1.5127827161162988,True
L135S,-4.26600309023759,135,True,mild,sensitive,135,-1.780976627965687,True
L135T,-4.8437743994385585,135,True,mild,sensitive,135,-2.0221853604091393,True
L135V,-1.89011088500687,135,True,neutral,sensitive,135,-0.7890859990617813,True
L135W,-7.51301228669861,135,True,impactful,sensitive,135,-3.1365423337009473,True
L135Y,-7.51301228669861,135,True,impactful,sensitive,135,-3.1365423337009473,True
G136A,-4.25423522682135,136,True,mild,sensitive,136,-3.244699211604011,True
G136C,-6.2139521739852,136,True,impactful,sensitive,136,-4.739372565193021,True
G136D,-2.77718301258699,136,True,neutral,sensitive,136,-2.1181535695556564,True
G136E,-3.6826269077025,136,True,neutral,sensitive,136,-2.808734352233269,True
G136F,-7.34034711611559,136,True,impactful,sensitive,136,-5.598472400021853,True
G136G,0.0,136,True,neutral,sensitive,136,0.0,True
G136H,-5.39533678563193,136,True,impactful,sensitive,136,-4.115015762247411,True
G136I,-5.47224461688872,136,True,impactful,sensitive,136,-4.173673256753546,True
G136K,-5.230493536501808,136,True,impactful,sensitive,136,-3.9892900484649156,True
G136L,-5.7173881923886105,136,True,impactful,sensitive,136,-4.360643916283484,True
G136M,-6.696675444390099,136,True,impactful,sensitive,136,-5.107544923183665,True
G136N,-3.74158333722913,136,True,neutral,sensitive,136,-2.8537003379404053,True
G136P,-5.46946029132842,136,True,impactful,sensitive,136,-4.171549655572917,True
G136Q,-4.1889214217191295,136,True,mild,sensitive,136,-3.1948844645054177,True
G136R,-6.59332853668252,136,True,impactful,sensitive,136,-5.028722382331583,True
G136S,-2.75239874274162,136,True,neutral,sensitive,136,-2.0992506418753885,True
G136T,-4.84041416876024,136,True,mild,sensitive,136,-3.691777064463853,True
G136V,-6.696675444390099,136,True,impactful,sensitive,136,-5.107544923183665,True
G136W,-7.34034711611559,136,True,impactful,sensitive,136,-5.598472400021853,True
G136Y,-7.34034711611559,136,True,impactful,sensitive,136,-5.598472400021853,True
M137A,-3.6617014016506,137,True,neutral,sensitive,137,-2.167067475047834,True
M137C,-4.22214170791218,137,True,mild,sensitive,137,-2.498747157847159,True
M137D,-4.741500767725991,137,True,mild,sensitive,137,-2.8061141446491393,True
M137E,-3.68186788346306,137,True,neutral,sensitive,137,-2.1790023987426563,True
M137F,-2.87952099482371,137,True,neutral,sensitive,137,-1.7041576052014948,True
M137G,-5.10938750945597,137,True,impactful,sensitive,137,-3.0238368109880676,True
M137H,-5.56163147453772,137,True,impactful,sensitive,137,-3.2914837543116144,True
M137I,-2.59664488648234,137,True,neutral,sensitive,137,-1.5367459168594688,True
M137K,-3.84197056946568,137,True,mild,sensitive,137,-2.273754342018991,True
M137L,-2.2222724219574,137,True,neutral,sensitive,137,-1.3151848712046297,True
M137M,0.0,137,True,neutral,sensitive,137,0.0,True
M137N,-4.538428955198151,137,True,mild,sensitive,137,-2.6859322205223606,True
M137P,-4.1945385946194715,137,True,mild,sensitive,137,-2.4824110882267023,True
M137Q,-5.56163147453772,137,True,impactful,sensitive,137,-3.2914837543116144,True
M137R,-3.90225007164905,137,True,mild,sensitive,137,-2.309428946325823,True
M137S,-3.64495829437525,137,True,neutral,sensitive,137,-2.1571585722652933,True
M137T,-3.76832484687043,137,True,neutral,sensitive,137,-2.230169343515121,True
M137V,-1.55751606054829,137,True,neutral,sensitive,137,-0.9217688791219733,True
M137W,-4.91931415470063,137,True,impactful,sensitive,137,-2.911347631838219,True
M137Y,-3.67521617583575,137,True,neutral,sensitive,137,-2.175065786312661,True
H138A,-3.628146149263221,138,True,neutral,sensitive,138,-2.1725560744087367,True
H138C,-5.533485383224419,138,True,impactful,sensitive,138,-3.3134848452611187,True
H138D,-2.7331148736782205,138,True,neutral,sensitive,138,-1.6366058798574863,True
H138E,-2.72211319961766,138,True,neutral,sensitive,138,-1.6300180102332735,True
H138F,-4.441169757802268,138,True,mild,sensitive,138,-2.659399577041042,True
H138G,-4.364868371228891,138,True,mild,sensitive,138,-2.6137098407222714,True
H138H,0.0,138,True,neutral,sensitive,138,0.0,True
H138I,-5.588775507655178,138,True,impactful,sensitive,138,-3.3465929094749196,True
H138K,-4.26246582108806,138,True,mild,sensitive,138,-2.552390568236904,True
H138L,-5.03325209525942,138,True,impactful,sensitive,138,-3.013942097069867,True
H138M,-6.091523354813241,138,True,impactful,sensitive,138,-3.647641391069568,True
H138N,-1.71034697989052,138,True,neutral,sensitive,138,-1.0241662181283329,True
H138P,-3.17676743317572,138,True,neutral,sensitive,138,-1.9022677422549013,True
H138Q,-1.72510832049509,138,True,neutral,sensitive,138,-1.0330053990426373,True
H138R,-4.712173554882531,138,True,mild,sensitive,138,-2.8216783059875374,True
H138S,-2.5498853486987403,138,True,neutral,sensitive,138,-1.5268869211584175,True
H138T,-3.6275012260328894,138,True,neutral,sensitive,138,-2.1721698904393096,True
H138V,-4.12840628934362,138,True,mild,sensitive,138,-2.4721149018106994,True
H138W,-5.21817156233283,138,True,impactful,sensitive,138,-3.1246730034167203,True
H138Y,-2.11327463739375,138,True,neutral,sensitive,138,-1.2654417604693413,True
T139A,-2.87156250428223,139,True,neutral,tolerant,139,-0.9242660915434349,True
T139C,-2.87150405244407,139,True,neutral,tolerant,139,-0.9242472777262467,True
T139D,-3.029257093427049,139,True,neutral,tolerant,139,-0.9750230440210761,True
T139E,-3.07103599314281,139,True,neutral,tolerant,139,-0.9884703641792433,True
T139F,-6.66373376501919,139,True,impactful,tolerant,139,-2.144847327159195,True
T139G,-3.22187755918549,139,True,neutral,tolerant,139,-1.0370215430167757,True
T139H,-2.0862898134150902,139,True,neutral,tolerant,139,-0.6715113910271782,True
T139I,-4.3162763325396005,139,True,mild,tolerant,139,-1.3892742539814529,True
T139K,-3.4344616266668906,139,True,neutral,tolerant,139,-1.1054457005555482,True
T139L,-3.0094974096392595,139,True,neutral,tolerant,139,-0.9686630202787967,True
T139M,-5.74844677603339,139,True,impactful,tolerant,139,-1.8502450934662453,True
T139N,-1.92896944739238,139,True,neutral,tolerant,139,-0.6208748892595322,True
T139P,-4.20105488327273,139,True,mild,tolerant,139,-1.3521880758407891,True
T139Q,-3.09903563040781,139,True,neutral,tolerant,139,-0.9974825710390847,True
T139R,-3.652565359472121,139,True,neutral,tolerant,139,-1.175646465599077,True
T139S,-1.6855874941644695,139,True,neutral,tolerant,139,-0.54253785625861,True
T139T,0.0,139,True,neutral,tolerant,139,0.0,True
T139V,-5.1696661298430495,139,True,impactful,tolerant,139,-1.6639537190254705,True
T139W,-6.66373376501919,139,True,impactful,tolerant,139,-2.144847327159195,True
T139Y,-6.66373376501919,139,True,impactful,tolerant,139,-2.144847327159195,True
L140A,-3.8661492386269103,140,True,mild,sensitive,140,-1.9284192817687802,True
L140C,-4.46900895974822,140,True,mild,sensitive,140,-2.229123222215988,True
L140D,-4.02700667348621,140,True,mild,sensitive,140,-2.0086543062989533,True
L140E,-3.96754009959313,140,True,mild,sensitive,140,-1.9789926247036322,True
L140F,-3.39734721018012,140,True,neutral,sensitive,140,-1.694582765072341,True
L140G,-4.6373625963317,140,True,mild,sensitive,140,-2.313097321223811,True
L140H,-4.0473956538422,140,True,mild,sensitive,140,-2.018824245540114,True
L140I,-1.84969495791771,140,True,neutral,sensitive,140,-0.9226202099497445,True
L140K,-5.698571330637231,140,True,impactful,sensitive,140,-2.842423857501816,True
L140L,0.0,140,True,neutral,sensitive,140,0.0,True
L140M,-1.68417018672784,140,True,neutral,sensitive,140,-0.8400571373234333,True
L140N,-5.9492165322617,140,True,impactful,sensitive,140,-2.9674446494739115,True
L140P,-5.42409387485755,140,True,impactful,sensitive,140,-2.7055156355304466,True
L140Q,-5.9492165322617,140,True,impactful,sensitive,140,-2.9674446494739115,True
L140R,-6.62999007093305,140,True,impactful,sensitive,140,-3.3070116805071086,True
L140S,-3.91129322765997,140,True,mild,sensitive,140,-1.9509369171558275,True
L140T,-3.8237244945804703,140,True,neutral,sensitive,140,-1.9072579945567232,True
L140V,-2.6709922232832404,140,True,neutral,sensitive,140,-1.3322798958126105,True
L140W,-6.34048533799595,140,True,impactful,sensitive,140,-3.162607914718309,True
L140Y,-6.34048533799595,140,True,impactful,sensitive,140,-3.162607914718309,True
M141A,-2.47470779943944,141,True,neutral,sensitive,141,-1.5850162804446268,True
M141C,-3.92735210982342,141,True,mild,sensitive,141,-2.5154149651602165,True
M141D,-3.64888158954889,141,True,neutral,sensitive,141,-2.3370584301547526,True
M141E,-3.80304479963536,141,True,neutral,sensitive,141,-2.4357978441122343,True
M141F,-3.3953043822753703,141,True,neutral,sensitive,141,-2.1746457194625033,True
M141G,-5.10297945647829,141,True,impactful,sensitive,141,-3.268388097829041,True
M141H,-5.59950644936944,141,True,impactful,sensitive,141,-3.5864068019325943,True
M141I,-1.48158316460264,141,True,neutral,sensitive,141,-0.948933622490619,True
M141K,-4.19169348606267,141,True,mild,sensitive,141,-2.6847219779029965,True
M141L,-1.65159088648186,141,True,neutral,sensitive,141,-1.0578212281468924,True
M141M,0.0,141,True,neutral,sensitive,141,0.0,True
M141N,-4.1635182729595,141,True,mild,sensitive,141,-2.6666761417506892,True
M141P,-6.78565121799841,141,True,impactful,sensitive,141,-4.346116198600357,True
M141Q,-3.73573413734657,141,True,neutral,sensitive,141,-2.392686291467753,True
M141R,-6.09735606770238,141,True,impactful,sensitive,141,-3.9052726294252773,True
M141S,-3.8475710047239695,141,True,mild,sensitive,141,-2.4643162655548987,True
M141T,-3.90174303717951,141,True,mild,sensitive,141,-2.499012706648371,True
M141V,-1.54426616355584,141,True,neutral,sensitive,141,-0.989081220469831,True
M141W,-4.48258453872511,141,True,mild,sensitive,141,-2.871033692930557,True
M141Y,-6.1415549586611,141,True,impactful,sensitive,141,-3.9335814106733245,True
S142A,-2.9268256499648,142,True,neutral,sensitive,142,-2.1282110248579955,True
S142C,-2.719928405616,142,True,neutral,sensitive,142,-1.977767831755205,True
S142D,-2.73629298405886,142,True,neutral,sensitive,142,-1.9896671658544762,True
S142E,-2.77536900462448,142,True,neutral,sensitive,142,-2.018080890387856,True
S142F,-6.727747266258532,142,True,impactful,sensitive,142,-4.8920118985160075,True
S142G,-5.28846801533345,142,True,impactful,sensitive,142,-3.8454548650606815,True
S142H,-3.40099589893083,142,True,neutral,sensitive,142,-2.472999021205268,True
S142I,-5.4440286614258495,142,True,impactful,sensitive,142,-3.9585691812659736,True
S142K,-3.92358663058564,142,True,mild,sensitive,142,-2.8529954711508765,True
S142L,-5.09188145678329,142,True,impactful,sensitive,142,-3.7025089805832874,True
S142M,-2.98816384550919,142,True,neutral,sensitive,142,-2.1728124598645655,True
S142N,-1.75785866323812,142,True,neutral,sensitive,142,-1.2782087608431676,True
S142P,-2.91602770957546,142,True,neutral,sensitive,142,-2.1203594140923765,True
S142Q,-4.71258152870343,142,True,mild,sensitive,142,-3.426704957655884,True
S142R,-3.94008620178596,142,True,mild,sensitive,142,-2.8649929638386875,True
S142S,0.0,142,True,neutral,sensitive,142,0.0,True
S142T,-1.55456379820802,142,True,neutral,sensitive,142,-1.1303850006341232,True
S142V,-3.92932403684714,142,True,mild,sensitive,142,-2.857167366822202,True
S142W,-6.727747266258532,142,True,impactful,sensitive,142,-4.8920118985160075,True
S142Y,-6.727747266258532,142,True,impactful,sensitive,142,-4.8920118985160075,True
N143A,-3.51866730733586,143,True,neutral,tolerant,143,-1.3611619138465352,True
N143C,-5.29494595787214,143,True,impactful,tolerant,143,-2.0482978765014788,True
N143D,-1.6595968716063898,143,True,neutral,tolerant,143,-0.6419987616504303,True
N143E,-2.7211481393956203,143,True,neutral,tolerant,143,-1.052649450988899,True
N143F,-5.828044440898348,143,True,impactful,tolerant,143,-2.2545217925596432,True
N143G,-5.04388480428429,143,True,impactful,tolerant,143,-1.9511773332782834,True
N143H,-2.74732664640406,143,True,neutral,tolerant,143,-1.0627763494958888,True
N143I,-3.16249801577373,143,True,neutral,tolerant,143,-1.2233813190328868,True
N143K,-3.39058882409628,143,True,neutral,tolerant,143,-1.3116160096328897,True
N143L,-4.6047844763667,143,True,mild,tolerant,143,-1.7813156809780313,True
N143M,-6.01041929688627,143,True,impactful,tolerant,143,-2.325071715678678,True
N143N,0.0,143,True,neutral,tolerant,143,0.0,True
N143P,-4.39319906384379,143,True,mild,tolerant,143,-1.6994659407507426,True
N143Q,-2.43759428787979,143,True,neutral,tolerant,143,-0.9429594264721813,True
N143R,-3.09587874160716,143,True,neutral,tolerant,143,-1.1976103066570982,True
N143S,-2.22140885635908,143,True,neutral,tolerant,143,-0.8593302140425274,True
N143T,-2.40073057735063,143,True,neutral,tolerant,143,-0.9286990618532404,True
N143V,-4.52486551578891,143,True,mild,tolerant,143,-1.7503998154439708,True
N143W,-4.92230606712699,143,True,impactful,tolerant,143,-1.9041457920447433,True
N143Y,-5.828044440898348,143,True,impactful,tolerant,143,-2.2545217925596432,True
Q144A,-1.94624746314066,144,True,neutral,tolerant,144,-1.1744389619707212,True
Q144C,-4.85300828232869,144,True,mild,tolerant,144,-2.9284878297727026,True
Q144D,-1.95199774272433,144,True,neutral,tolerant,144,-1.177908897070541,True
Q144E,-2.54747313976427,144,True,neutral,tolerant,144,-1.537241161041819,True
Q144F,-4.37906468928217,144,True,mild,tolerant,144,-2.642492429911261,True
Q144G,-4.18925606948643,144,True,mild,tolerant,144,-2.527954765699599,True
Q144H,-3.79958771182974,144,True,neutral,tolerant,144,-2.2928142143841654,True
Q144I,-3.42465680230493,144,True,neutral,tolerant,144,-2.0665667938827204,True
Q144K,-1.70548112566477,144,True,neutral,tolerant,144,-1.029151493230041,True
Q144L,-4.7705132795772185,144,True,mild,tolerant,144,-2.8787072405957916,True
Q144M,-3.88730129895608,144,True,mild,tolerant,144,-2.3457438937627337,True
Q144N,-1.59226396993333,144,True,neutral,tolerant,144,-0.9608320007848504,True
Q144P,-2.15697170954506,144,True,neutral,tolerant,144,-1.3015979023913207,True
Q144Q,0.0,144,True,neutral,tolerant,144,0.0,True
Q144R,-3.0548585832273503,144,True,neutral,tolerant,144,-1.8434166319545677,True
Q144S,-1.89864840853715,144,True,neutral,tolerant,144,-1.145715901137992,True
Q144T,-1.8496518525654295,144,True,neutral,tolerant,144,-1.1161495353878166,True
Q144V,-2.94429969946123,144,True,neutral,tolerant,144,-1.7767012408514273,True
Q144W,-6.04662329004954,144,True,impactful,tolerant,144,-3.6487600444879984,True
Q144Y,-6.04662329004954,144,True,impactful,tolerant,144,-3.6487600444879984,True
Q145A,-3.13251682461883,145,True,neutral,tolerant,145,-2.6817646329555713,True
Q145C,-3.80717010731531,145,True,neutral,tolerant,145,-3.259338965142263,True
Q145D,-2.66151572036619,145,True,neutral,tolerant,145,-2.2785380346047552,True
Q145E,-1.84770386815414,145,True,neutral,tolerant,145,-1.5818292967648857,True
Q145F,-6.95161009948463,145,True,impactful,tolerant,145,-5.951311086465785,True
Q145G,-6.95161009948463,145,True,impactful,tolerant,145,-5.951311086465785,True
Q145H,-1.5907612595944598,145,True,neutral,tolerant,145,-1.3618593368530043,True
Q145I,-5.88052388612425,145,True,impactful,tolerant,145,-5.0343483735246695,True
Q145K,-2.4322039224820697,145,True,neutral,tolerant,145,-2.082222961481431,True
Q145L,-5.720558956834902,145,True,impactful,tolerant,145,-4.897401530490997,True
Q145M,-6.29038983083563,145,True,impactful,tolerant,145,-5.385236830417044,True
Q145N,-2.69219077318193,145,True,neutral,tolerant,145,-2.3047991135904384,True
Q145P,-4.6833290157077005,145,True,mild,tolerant,145,-4.009423355722219,True
Q145Q,0.0,145,True,neutral,tolerant,145,0.0,True
Q145R,-2.44261809336707,145,True,neutral,tolerant,145,-2.0911385896247365,True
Q145S,-3.8084236663851696,145,True,neutral,tolerant,145,-3.2604121438567235,True
Q145T,-2.78050584513252,145,True,neutral,tolerant,145,-2.380406125387682,True
Q145V,-5.4827544471558785,145,True,impactful,tolerant,145,-4.693815800766418,True
Q145W,-6.95161009948463,145,True,impactful,tolerant,145,-5.951311086465785,True
Q145Y,-6.95161009948463,145,True,impactful,tolerant,145,-5.951311086465785,True
Y146A,-3.78026690555819,146,True,neutral,tolerant,146,-2.3444952957453693,True
Y146C,-3.2913599042239903,146,True,neutral,tolerant,146,-2.041278567053628,True
Y146D,-3.65999361320992,146,True,neutral,tolerant,146,-2.269902634655824,True
Y146E,-3.5558870472504105,146,True,neutral,tolerant,146,-2.205336465058274,True
Y146F,-1.52288240309519,146,True,neutral,tolerant,146,-0.9444810959724751,True
Y146G,-3.4389352682964303,146,True,neutral,tolerant,146,-2.1328037835210236,True
Y146H,-2.50278121342865,146,True,neutral,tolerant,146,-1.5522075365990409,True
Y146I,-3.20314130382988,146,True,neutral,tolerant,146,-1.9865660034203223,True
Y146K,-3.95164185137666,146,True,mild,tolerant,146,-2.450780847617187,True
Y146L,-2.39215839672554,146,True,neutral,tolerant,146,-1.483600033520036,True
Y146M,-5.42903972604259,146,True,impactful,tolerant,146,-3.3670527547689457,True
Y146N,-3.54517958972026,146,True,neutral,tolerant,146,-2.1986957742192432,True
Y146P,-5.22735201181745,146,True,impactful,tolerant,146,-3.241967434334235,True
Y146Q,-3.64168074745654,146,True,neutral,tolerant,146,-2.258545122426386,True
Y146R,-5.875036882416531,146,True,impactful,tolerant,146,-3.643657095456397,True
Y146S,-2.14766145765475,146,True,neutral,tolerant,146,-1.3319647289777055,True
Y146T,-2.2077137649292298,146,True,neutral,tolerant,146,-1.369208753122314,True
Y146V,-4.21362377332324,146,True,mild,tolerant,146,-2.6132602171746635,True
Y146W,-3.84186061375917,146,True,mild,tolerant,146,-2.382695286045628,True
Y146Y,0.0,146,True,neutral,tolerant,146,0.0,True
Y147A,-3.14541583291912,147,True,neutral,tolerant,147,-1.2788891714987565,True
Y147C,-2.10251452210558,147,True,neutral,tolerant,147,-0.8548577352153393,True
Y147D,-1.6642889634273,147,True,neutral,tolerant,147,-0.6766803648968577,True
Y147E,-2.62341514144535,147,True,neutral,tolerant,147,-1.066649815145954,True
Y147F,-1.65053062325136,147,True,neutral,tolerant,147,-0.6710863852123095,True
Y147G,-4.14678593725255,147,True,mild,tolerant,147,-1.686034506526239,True
Y147H,-2.60890898909479,147,True,neutral,tolerant,147,-1.0607517838055238,True
Y147I,-3.61953487110764,147,True,neutral,tolerant,147,-1.47166040943647,True
Y147K,-3.5906866163144704,147,True,neutral,tolerant,147,-1.4599310475233325,True
Y147L,-2.4808721433683703,147,True,neutral,tolerant,147,-1.0086935046302674,True
Y147M,-5.458963275016941,147,True,impactful,tolerant,147,-2.2195504158664514,True
Y147N,-1.83202431338684,147,True,neutral,tolerant,147,-0.7448795900981019,True
Y147P,-4.21748319943335,147,True,mild,tolerant,147,-1.7147791838154498,True
Y147Q,-1.94088413821975,147,True,neutral,tolerant,147,-0.7891407175881534,True
Y147R,-3.5856197231377704,147,True,neutral,tolerant,147,-1.4578709082091583,True
Y147S,-2.1691188490535103,147,True,neutral,tolerant,147,-0.8819382730625782,True
Y147T,-4.05234240787588,147,True,mild,tolerant,147,-1.6476348756177068,True
Y147V,-3.72741182066984,147,True,neutral,tolerant,147,-1.5155219113738398,True
Y147W,-2.88055085270967,147,True,neutral,tolerant,147,-1.1711981782907979,True
Y147Y,0.0,147,True,neutral,tolerant,147,0.0,True
Q148A,-1.70638508903079,148,True,neutral,tolerant,148,-1.2657940938780383,True
Q148C,-4.33709377450879,148,True,mild,tolerant,148,-3.217250150425673,True
Q148D,-1.35464147714605,148,True,neutral,tolerant,148,-1.004871170122345,True
Q148E,-0.365749879445687,148,True,neutral,tolerant,148,-0.2713127536187709,True
Q148F,-5.8673160050394,148,True,impactful,tolerant,148,-4.3523668800419,True
Q148G,-1.92770306566953,148,True,neutral,tolerant,148,-1.4299674621869898,True
Q148H,-2.66209439027852,148,True,neutral,tolerant,148,-1.9747379288659537,True
Q148I,-4.05954390465441,148,True,mild,tolerant,148,-3.0113640416705625,True
Q148K,-3.3781638037757795,148,True,neutral,tolerant,148,-2.505917227277642,True
Q148L,-3.79023040495831,148,True,neutral,tolerant,148,-2.8115876608826986,True
Q148M,-5.09105973149724,148,True,impactful,tolerant,148,-3.776541052271958,True
Q148N,-1.4307768970131698,148,True,neutral,tolerant,148,-1.0613483190509394,True
Q148P,-3.54621118174831,148,True,neutral,tolerant,148,-2.630574539332648,True
Q148Q,0.0,148,True,neutral,tolerant,148,0.0,True
Q148R,-4.4486215191605005,148,True,mild,tolerant,148,-3.299981276823324,True
Q148S,-1.68670420130519,148,True,neutral,tolerant,148,-1.2511948386422282,True
Q148T,-3.41944639758244,148,True,neutral,tolerant,148,-2.5365405981429596,True
Q148V,-3.38814003460982,148,True,neutral,tolerant,148,-2.5133175814826036,True
Q148W,-5.8673160050394,148,True,impactful,tolerant,148,-4.3523668800419,True
Q148Y,-5.8673160050394,148,True,impactful,tolerant,148,-4.3523668800419,True
A149A,0.0,149,True,neutral,tolerant,149,0.0,True
A149C,-3.17998539486583,149,True,neutral,tolerant,149,-1.9435426405762115,True
A149D,-3.79139061266301,149,True,neutral,tolerant,149,-2.3172211214202223,True
A149E,-2.41082333353534,149,True,neutral,tolerant,149,-1.4734463734289294,True
A149F,-6.16010891159735,149,True,impactful,tolerant,149,-3.76493375083193,True
A149G,-2.3025378461161297,149,True,neutral,tolerant,149,-1.4072644775955072,True
A149H,-3.4427466828732203,149,True,neutral,tolerant,149,-2.1041370157452324,True
A149I,-2.09067531827847,149,True,neutral,tolerant,149,-1.2777783933331204,True
A149K,-3.6631398533452497,149,True,neutral,tolerant,149,-2.2388368559381284,True
A149L,-3.232674260138129,149,True,neutral,tolerant,149,-1.975745007450481,True
A149M,-4.09766492098679,149,True,mild,tolerant,149,-2.5044097729471475,True
A149N,-3.4682316902263,149,True,neutral,tolerant,149,-2.1197129358630034,True
A149P,-5.51645475489153,149,True,impactful,tolerant,149,-3.371545371953962,True
A149Q,-3.33576579383348,149,True,neutral,tolerant,149,-2.0387524640076102,True
A149R,-4.45348202882187,149,True,mild,tolerant,149,-2.7218779797007073,True
A149S,-1.53140030382148,149,True,neutral,tolerant,149,-0.935960836510065,True
A149T,-2.62714146924618,149,True,neutral,tolerant,149,-1.605655634944015,True
A149V,-2.18382207798862,149,True,neutral,tolerant,149,-1.334707805531198,True
A149W,-5.34333117010263,149,True,impactful,tolerant,149,-3.2657357447557103,True
A149Y,-6.16010891159735,149,True,impactful,tolerant,149,-3.76493375083193,True
L150A,-3.261410073552069,150,True,neutral,tolerant,150,-1.2616842886841384,True
L150C,-3.95683664877855,150,True,mild,tolerant,150,-1.5307117228641849,True
L150D,-3.96926602254801,150,True,mild,tolerant,150,-1.5355200558396302,True
L150E,-2.25496653750975,150,True,neutral,tolerant,150,-0.8723391992181819,True
L150F,-2.9776839848100494,150,True,neutral,tolerant,150,-1.1519241725434128,True
L150G,-3.05842862003583,150,True,neutral,tolerant,150,-1.183160427832508,True
L150H,-3.41821803385793,150,True,neutral,tolerant,150,-1.322345823234143,True
L150I,-1.42332615404227,150,True,neutral,tolerant,150,-0.5506171274783983,True
L150K,-3.6893952522328095,150,True,neutral,tolerant,150,-1.4272513788547585,True
L150L,0.0,150,True,neutral,tolerant,150,0.0,True
L150M,-1.4446500049493602,150,True,neutral,tolerant,150,-0.5588663102113188,True
L150N,-2.5862343276544104,150,True,neutral,tolerant,150,-1.0004909362726482,True
L150P,-6.33217756534896,150,True,impactful,tolerant,150,-2.44961803857365,True
L150Q,-2.30728132162831,150,True,neutral,tolerant,150,-0.8925772985984302,True
L150R,-2.95787149120792,150,True,neutral,tolerant,150,-1.144259661999286,True
L150S,-2.21177215030963,150,True,neutral,tolerant,150,-0.8556293472030453,True
L150T,-2.13251330323724,150,True,neutral,tolerant,150,-0.8249678726152939,True
L150V,-1.3976118650016,150,True,neutral,tolerant,150,-0.5406694932509853,True
L150W,-4.52288919709267,150,True,mild,tolerant,150,-1.7496905052531522,True
L150Y,-3.55142637466826,150,True,neutral,tolerant,150,-1.3738777885288445,True
G151A,-0.6238569678531729,151,True,neutral,tolerant,151,-0.19851759583220058,True
G151C,-1.3457701182127402,151,True,neutral,tolerant,151,-0.4282376605165792,True
G151D,-2.47420626278556,151,True,neutral,tolerant,151,-0.7873174528632704,True
G151E,-2.49875840553917,151,True,neutral,tolerant,151,-0.7951301929673814,True
G151F,-3.1324624340932297,151,True,neutral,tolerant,151,-0.9967812230915492,True
G151G,0.0,151,True,neutral,tolerant,151,0.0,True
G151H,-4.19725224614673,151,True,mild,tolerant,151,-1.3356081088164684,True
G151I,-2.36917677353186,151,True,neutral,tolerant,151,-0.7538960072875664,True
G151K,-2.16439123142267,151,True,neutral,tolerant,151,-0.6887311769249148,True
G151L,-2.31852286264672,151,True,neutral,tolerant,151,-0.7377774206137326,True
G151M,-1.78180342384236,151,True,neutral,tolerant,151,-0.5669878676902395,True
G151N,-1.7027962887446102,151,True,neutral,tolerant,151,-0.5418469983541667,True
G151P,-3.35875883846201,151,True,neutral,tolerant,151,-1.0687910273506158,True
G151Q,-2.6992660140352203,151,True,neutral,tolerant,151,-0.8589337415943611,True
G151R,-1.98630310459845,151,True,neutral,tolerant,151,-0.6320617340796041,True
G151S,-0.10202275542319697,151,True,neutral,tolerant,151,-0.03246467246568665,True
G151T,-0.791158989741915,151,True,neutral,tolerant,151,-0.2517547910141512,True
G151V,-2.12088854326357,151,True,neutral,tolerant,151,-0.6748881816381891,True
G151W,-4.78999210625072,151,True,mild,tolerant,151,-1.524223926295729,True
G151Y,-4.78999210625072,151,True,mild,tolerant,151,-1.524223926295729,True
S152A,-1.42071964800518,152,True,neutral,tolerant,152,-1.0777434411021323,True
S152C,-1.43468545460353,152,True,neutral,tolerant,152,-1.088337759609803,True
S152D,-2.4059859229703,152,True,neutral,tolerant,152,-1.8251563927521939,True
S152E,-2.00490880091413,152,True,neutral,tolerant,152,-1.5209033768393876,True
S152F,-5.79073982530514,152,True,impactful,tolerant,152,-4.392796196360316,True
S152G,-2.0419157658455904,152,True,neutral,tolerant,152,-1.548976483159821,True
S152H,-3.75761162310892,152,True,neutral,tolerant,152,-2.8504858693979367,True
S152I,-4.45112960830339,152,True,mild,tolerant,152,-3.3765815427274157,True
S152K,-3.3768478421249,152,True,neutral,tolerant,152,-2.56164234693313,True
S152L,-2.5290436103861897,152,True,neutral,tolerant,152,-1.9185066998841385,True
S152M,-5.3028535825024,152,True,impactful,tolerant,152,-4.022690666446016,True
S152N,-1.70685449995361,152,True,neutral,tolerant,152,-1.2948024227183461,True
S152P,-2.9990626679421903,152,True,neutral,tolerant,152,-2.2750583652216605,True
S152Q,-3.0067483952336205,152,True,neutral,tolerant,152,-2.2808886795909094,True
S152R,-3.52157980875178,152,True,neutral,tolerant,152,-2.671434541310781,True
S152S,0.0,152,True,neutral,tolerant,152,0.0,True
S152T,-0.872371541331692,152,True,neutral,tolerant,152,-0.66177215764877,True
S152V,-3.54561537211124,152,True,neutral,tolerant,152,-2.689667674638827,True
S152W,-5.79073982530514,152,True,impactful,tolerant,152,-4.392796196360316,True
S152Y,-4.6372076892272185,152,True,mild,tolerant,152,-3.517738477897638,True
S153A,-2.41485068441081,153,True,neutral,tolerant,153,-0.4145936531160684,True
S153C,-4.0226195114649705,153,True,mild,tolerant,153,-0.6906234530857318,True
S153D,-2.01544203522921,153,True,neutral,tolerant,153,-0.3460211769711278,True
S153E,-2.0489042508893203,153,True,neutral,tolerant,153,-0.35176613765190284,True
S153F,-5.37814476293955,153,True,impactful,tolerant,153,-0.9233468133861809,True
S153G,-1.71987099866494,153,True,neutral,tolerant,153,-0.2952760619229971,True
S153H,-1.83963262055164,153,True,neutral,tolerant,153,-0.31583733663933705,True
S153I,-3.22457542859875,153,True,neutral,tolerant,153,-0.5536112503027283,True
S153K,-1.60678970500025,153,True,neutral,tolerant,153,-0.2758616993944197,True
S153L,-3.31327147053619,153,True,neutral,tolerant,153,-0.5688390307535727,True
S153M,-4.03539728892012,153,True,mild,tolerant,153,-0.6928172058788272,True
S153N,-1.76437414418118,153,True,neutral,tolerant,153,-0.30291658470721866,True
S153P,-3.45151379255414,153,True,neutral,tolerant,153,-0.5925731645742125,True
S153Q,-2.7685397059376604,153,True,neutral,tolerant,153,-0.47531675473410573,True
S153R,-1.58640829453662,153,True,neutral,tolerant,153,-0.27236251682618723,True
S153S,0.0,153,True,neutral,tolerant,153,0.0,True
S153T,-0.354583051246909,153,True,neutral,tolerant,153,-0.060876593115472874,True
S153V,-3.3081137629020296,153,True,neutral,tolerant,153,-0.5679535296898608,True
S153W,-5.37814476293955,153,True,impactful,tolerant,153,-0.9233468133861809,True
S153Y,-3.652551893161121,153,True,neutral,tolerant,153,-0.6270883919894015,True
S154A,-1.35308580502116,154,True,neutral,tolerant,154,-0.7363256864236142,True
S154C,-1.52842990484479,154,True,neutral,tolerant,154,-0.8317448861401805,True
S154D,-1.41960654808734,154,True,neutral,tolerant,154,-0.7725251141449389,True
S154E,-1.41701816543152,154,True,neutral,tolerant,154,-0.7711165614657952,True
S154F,-3.2235862290692205,154,True,neutral,tolerant,154,-1.7542193806607735,True
S154G,-1.4016374214673502,154,True,neutral,tolerant,154,-0.7627466289640304,True
S154H,-2.76674059986919,154,True,neutral,tolerant,154,-1.505611960302033,True
S154I,-1.94220172437583,154,True,neutral,tolerant,154,-1.0569122908297717,True
S154K,-1.58022950223333,154,True,neutral,tolerant,154,-0.8599333232385854,True
S154L,-2.8595429002725203,154,True,neutral,tolerant,154,-1.556113352965083,True
S154M,-2.7016669587613,154,True,neutral,tolerant,154,-1.470200020217345,True
S154N,-0.637812825955402,154,True,neutral,tolerant,154,-0.34708661131364993,True
S154P,-2.85788038617791,154,True,neutral,tolerant,154,-1.555208641802376,True
S154Q,-2.13413314026588,154,True,neutral,tolerant,154,-1.1613580185338526,True
S154R,-1.51939118113516,154,True,neutral,tolerant,154,-0.8268261704052366,True
S154S,0.0,154,True,neutral,tolerant,154,0.0,True
S154T,-0.320260765441142,154,True,neutral,tolerant,154,-0.17428032063666,True
S154V,-4.35176046602458,154,True,mild,tolerant,154,-2.3681521160046355,True
S154W,-3.2565770818380697,154,True,neutral,tolerant,154,-1.772172427112505,True
S154Y,-4.56336500552229,154,True,mild,tolerant,154,-2.4833036143189404,True
I155A,-3.20165398008111,155,True,neutral,tolerant,155,-0.8800231800892009,True
I155C,-2.38249850738504,155,True,neutral,tolerant,155,-0.6548658681015995,True
I155D,-2.71164867020458,155,True,neutral,tolerant,155,-0.7453377850587192,True
I155E,-2.80650944578732,155,True,neutral,tolerant,155,-0.7714117086973805,True
I155F,-3.6677153705323295,155,True,neutral,tolerant,155,-1.0081272255273923,True
I155G,-2.0723458111826,155,True,neutral,tolerant,155,-0.5696156931222295,True
I155H,-4.65870993486376,155,True,mild,tolerant,155,-1.2805171194321558,True
I155I,0.0,155,True,neutral,tolerant,155,0.0,True
I155K,-2.21061961187207,155,True,neutral,tolerant,155,-0.6076223454846702,True
I155L,-2.0354995979648502,155,True,neutral,tolerant,155,-0.5594879522945628,True
I155M,-2.6348064291004,155,True,neutral,tolerant,155,-0.7242165290446734,True
I155N,-4.65870993486376,155,True,mild,tolerant,155,-1.2805171194321558,True
I155P,-4.07682545624305,155,True,mild,tolerant,155,-1.1205773406471382,True
I155Q,-2.6824838574421803,155,True,neutral,tolerant,155,-0.737321393708014,True
I155R,-3.25764529114356,155,True,neutral,tolerant,155,-0.8954132415777608,True
I155S,-3.21975815474569,155,True,neutral,tolerant,155,-0.8849993872184955,True
I155T,-2.2255237084287103,155,True,neutral,tolerant,155,-0.6117189625862469,True
I155V,-1.34070350189403,155,True,neutral,tolerant,155,-0.3685127020702038,True
I155W,-3.8186217865880296,155,True,neutral,tolerant,155,-1.0496061439175166,True
I155Y,-4.63492379338773,155,True,mild,tolerant,155,-1.273979137503435,True
V156A,-1.45564831841873,156,True,neutral,tolerant,156,-0.7654710146217748,True
V156C,-1.67600844879091,156,True,neutral,tolerant,156,-0.8813501665047071,True
V156D,-1.75486817106717,156,True,neutral,tolerant,156,-0.9228195453785649,True
V156E,-1.95468690982183,156,True,neutral,tolerant,156,-1.0278967475843341,True
V156F,-3.35883539440908,156,True,neutral,tolerant,156,-1.766285925503505,True
V156G,-2.0420014625666,156,True,neutral,tolerant,156,-1.0738122056211974,True
V156H,-4.24593980229399,156,True,mild,tolerant,156,-2.2327809590819214,True
V156I,-1.4001818629627902,156,True,neutral,tolerant,156,-0.7363032799443124,True
V156K,-2.97490628617592,156,True,neutral,tolerant,156,-1.5643919650575377,True
V156L,-1.05837711944431,156,True,neutral,tolerant,156,-0.5565609476013962,True
V156M,-0.0717653552799806,156,True,neutral,tolerant,156,-0.037738716574436046,True
V156N,-2.6144314808545097,156,True,neutral,tolerant,156,-1.374831745405917,True
V156P,-2.43991560762485,156,True,neutral,tolerant,156,-1.2830603739431807,True
V156Q,-2.6559416297180896,156,True,neutral,tolerant,156,-1.3966603803623483,True
V156R,-3.0073417401312,156,True,neutral,tolerant,156,-1.5814485573227883,True
V156S,-1.51040568683821,156,True,neutral,tolerant,156,-0.794265866944079,True
V156T,-1.47845172273225,156,True,neutral,tolerant,156,-0.7774624721845894,True
V156V,0.0,156,True,neutral,tolerant,156,0.0,True
V156W,-4.85023887209965,156,True,mild,tolerant,156,-2.550559241271418,True
V156Y,-2.37850075834285,156,True,neutral,tolerant,156,-1.2507646014012221,True
N157A,-2.19882492988677,157,True,neutral,tolerant,157,-1.7529590194373854,True
N157C,-1.9483581164967096,157,True,neutral,tolerant,157,-1.5532805213295546,True
N157D,-1.50522136666718,157,True,neutral,tolerant,157,-1.2000006617557213,True
N157E,-2.47616714396308,157,True,neutral,tolerant,157,-1.9740632688151825,True
N157F,-3.96867424709729,157,True,mild,tolerant,157,-3.163927797114944,True
N157G,-2.03883322224914,157,True,neutral,tolerant,157,-1.6254095710358634,True
N157H,-2.50453270463374,157,True,neutral,tolerant,157,-1.9966770134308545,True
N157I,-2.9331184629466898,157,True,neutral,tolerant,157,-2.3383564534014503,True
N157K,-2.53310207528762,157,True,neutral,tolerant,157,-2.0194532405359147,True
N157L,-2.91541389359962,157,True,neutral,tolerant,157,-2.3242419215438375,True
N157M,-3.28307879358909,157,True,neutral,tolerant,157,-2.6173537076651066,True
N157N,0.0,157,True,neutral,tolerant,157,0.0,True
N157P,-3.59761043679661,157,True,neutral,tolerant,157,-2.8681063134614564,True
N157Q,-2.77470771083271,157,True,neutral,tolerant,157,-2.212067382853046,True
N157R,-2.46583937299896,157,True,neutral,tolerant,157,-1.9658297077816673,True
N157S,-2.17111072987672,157,True,neutral,tolerant,157,-1.7308645560657105,True
N157T,-2.34518615367042,157,True,neutral,tolerant,157,-1.8696419002980527,True
N157V,-2.8977697180842203,157,True,neutral,tolerant,157,-2.310175537181055,True
N157W,-5.86466684896394,157,True,impactful,tolerant,157,-4.675461201641084,True
N157Y,-5.86466684896394,157,True,impactful,tolerant,157,-4.675461201641084,True
K158A,-2.59598378305202,158,True,neutral,tolerant,158,-0.5248404657195788,True
K158C,-2.52019756468652,158,True,neutral,tolerant,158,-0.5095184616293561,True
K158D,-2.01260985166426,158,True,neutral,tolerant,158,-0.4068974154443382,True
K158E,-2.42919187137255,158,True,neutral,tolerant,158,-0.4911194751742547,True
K158F,-4.34863137592961,158,True,mild,tolerant,158,-0.8791802674138409,True
K158G,-2.59788171203103,158,True,neutral,tolerant,158,-0.525224177642492,True
K158H,-2.90648607241238,158,True,neutral,tolerant,158,-0.5876159603967045,True
K158I,-3.22026117609682,158,True,neutral,tolerant,158,-0.6510531330878756,True
K158K,0.0,158,True,neutral,tolerant,158,0.0,True
K158L,-3.4046877628457497,158,True,neutral,tolerant,158,-0.6883393967048933,True
K158M,-3.4949579934081,158,True,neutral,tolerant,158,-0.7065896917022132,True
K158N,-1.8055977806887296,158,True,neutral,tolerant,158,-0.3650449537881112,True
K158P,-3.32893277613452,158,True,neutral,tolerant,158,-0.6730237068436268,True
K158Q,-1.80347805035744,158,True,neutral,tolerant,158,-0.36461639939515345,True
K158R,-1.97141080683029,158,True,neutral,tolerant,158,-0.3985680391134733,True
K158S,-1.70726470574891,158,True,neutral,tolerant,158,-0.34516456116625216,True
K158T,-1.61987758435934,158,True,neutral,tolerant,158,-0.3274971559276593,True
K158V,-2.02266059500066,158,True,neutral,tolerant,158,-0.4089294145839101,True
K158W,-5.58143815082962,158,True,impactful,tolerant,158,-1.1284217634913254,True
K158Y,-4.52799611835154,158,True,mild,tolerant,158,-0.9154431576371854,True
E159A,-2.0364446918338097,159,True,neutral,tolerant,159,-1.236693445060875,True
E159C,-1.72010234240706,159,True,neutral,tolerant,159,-1.0445848592004228,True
E159D,-1.47278930068016,159,True,neutral,tolerant,159,-0.8943964358132366,True
E159E,0.0,159,True,neutral,tolerant,159,0.0,True
E159F,-4.1184726659481,159,True,mild,tolerant,159,-2.50106873516605,True
E159G,-2.00301177022277,159,True,neutral,tolerant,159,-1.2163902788755099,True
E159H,-0.7913773302833821,159,True,neutral,tolerant,159,-0.48058813522204064,True
E159I,-2.83562195323888,159,True,neutral,tolerant,159,-1.7220183274819925,True
E159K,-3.2475762807394903,159,True,neutral,tolerant,159,-1.9721902170144787,True
E159L,-2.71783919861402,159,True,neutral,tolerant,159,-1.6504911403357456,True
E159M,-2.67857245233211,159,True,neutral,tolerant,159,-1.6266452053440235,True
E159N,-2.38421612162031,159,True,neutral,tolerant,159,-1.447888303100021,True
E159P,-4.01700141884597,159,True,mild,tolerant,159,-2.4394472108218976,True
E159Q,-0.70988470272586,159,True,neutral,tolerant,159,-0.4310992398322908,True
E159R,-3.69144190201912,159,True,neutral,tolerant,159,-2.2417412176017253,True
E159S,-2.3417313731195604,159,True,neutral,tolerant,159,-1.422088137646657,True
E159T,-2.31658564657971,159,True,neutral,tolerant,159,-1.4068176246256907,True
E159V,-1.81550336635096,159,True,neutral,tolerant,159,-1.102520054512442,True
E159W,-5.44476191485333,159,True,impactful,tolerant,159,-3.306498525109819,True
E159Y,-4.30449215642577,159,True,mild,tolerant,159,-2.6140347712434355,True
G160A,-2.60444128685052,160,True,neutral,tolerant,160,-1.3086056724713218,True
G160C,-5.188655196882401,160,True,impactful,tolerant,160,-2.607048067245531,True
G160D,-2.45079433461757,160,True,neutral,tolerant,160,-1.2314055166201952,True
G160E,-4.2990535337023,160,True,mild,tolerant,160,-2.160066294780558,True
G160F,-4.7865209516056515,160,True,mild,tolerant,160,-2.4049950752579523,True
G160G,0.0,160,True,neutral,tolerant,160,0.0,True
G160H,-2.38313784569008,160,True,neutral,tolerant,160,-1.1974114060072927,True
G160I,-3.07864408528242,160,True,neutral,tolerant,160,-1.5468696237697466,True
G160K,-3.67583584230744,160,True,neutral,tolerant,160,-1.8469295731883373,True
G160L,-2.88994710121429,160,True,neutral,tolerant,160,-1.4520585236015446,True
G160M,-5.58569077504221,160,True,impactful,tolerant,160,-2.806539225819949,True
G160N,-3.24559588305373,160,True,neutral,tolerant,160,-1.6307548204512259,True
G160P,-2.60637842788315,160,True,neutral,tolerant,160,-1.3095789920683023,True
G160Q,-4.04559364830746,160,True,mild,tolerant,160,-2.03271497169786,True
G160R,-2.6564307025015097,160,True,neutral,tolerant,160,-1.3347278371647042,True
G160S,-2.15690279411316,160,True,neutral,tolerant,160,-1.083739244035307,True
G160T,-2.22982318121835,160,True,neutral,tolerant,160,-1.1203782086710006,True
G160V,-4.04911528915802,160,True,mild,tolerant,160,-2.0344844257518697,True
G160W,-6.17430610359536,160,True,impactful,tolerant,160,-3.102289935093831,True
G160Y,-6.17430610359536,160,True,impactful,tolerant,160,-3.102289935093831,True
L161A,-3.23835520785842,161,True,neutral,tolerant,161,-1.074092871729438,True
L161C,-4.66418206775157,161,True,mild,tolerant,161,-1.5470090184249046,True
L161D,-4.15298770961721,161,True,mild,tolerant,161,-1.3774568288417455,True
L161E,-4.32098808295903,161,True,mild,tolerant,161,-1.4331789445060323,True
L161F,-1.4406779308161202,161,True,neutral,tolerant,161,-0.47784192796158637,True
L161G,-4.01468552858136,161,True,mild,tolerant,161,-1.3315849657321148,True
L161H,-2.54893306072781,161,True,neutral,tolerant,161,-0.8454263523653995,True
L161I,-1.4646407204141298,161,True,neutral,tolerant,161,-0.4857898706182524,True
L161K,-2.6158434497873904,161,True,neutral,tolerant,161,-0.8676190913704164,True
L161L,0.0,161,True,neutral,tolerant,161,0.0,True
L161M,-1.76131519422468,161,True,neutral,tolerant,161,-0.5841904218520149,True
L161N,-4.57159043877716,161,True,mild,tolerant,161,-1.5162983637005885,True
L161P,-4.0381999264120605,161,True,mild,tolerant,161,-1.3393841864697522,True
L161Q,-4.6961181979696205,161,True,mild,tolerant,161,-1.557601546920417,True
L161R,-3.56162783700199,161,True,neutral,tolerant,161,-1.1813154598339617,True
L161S,-3.6812640461064,161,True,neutral,tolerant,161,-1.2209962209462546,True
L161T,-2.3886135163790603,161,True,neutral,tolerant,161,-0.7922518027156158,True
L161V,-1.5911090385031204,161,True,neutral,tolerant,161,-0.5277366955463394,True
L161W,-2.54752466161999,161,True,neutral,tolerant,161,-0.8449592166297679,True
L161Y,-1.50180805789193,161,True,neutral,tolerant,161,-0.49811747821027685,True
N162A,-2.8755375207622405,162,True,neutral,tolerant,162,-0.5644896420517793,True
N162C,-3.70461992542058,162,True,neutral,tolerant,162,-0.7272447535597508,True
N162D,-0.7443827056572511,162,True,neutral,tolerant,162,-0.14612792357326362,True
N162E,-2.4455356861822004,162,True,neutral,tolerant,162,-0.48007704790856237,True
N162F,-6.276310669677581,162,True,impactful,tolerant,162,-1.232086988172185,True
N162G,-2.57886129254722,162,True,neutral,tolerant,162,-0.5062498671710203,True
N162H,-1.99170028026109,162,True,neutral,tolerant,162,-0.39098574446039086,True
N162I,-4.98935844581684,162,True,impactful,tolerant,162,-0.979448587546371,True
N162K,-2.12863777158317,162,True,neutral,tolerant,162,-0.4178676039046659,True
N162L,-3.7943256102866494,162,True,neutral,tolerant,162,-0.7448546541694409,True
N162M,-4.69543691059554,162,True,mild,tolerant,162,-0.9217495796181419,True
N162N,0.0,162,True,neutral,tolerant,162,0.0,True
N162P,-2.36155598849778,162,True,neutral,tolerant,162,-0.46359120164739837,True
N162Q,-2.2598178822611,162,True,neutral,tolerant,162,-0.44361924622761795,True
N162R,-2.0980455501052497,162,True,neutral,tolerant,162,-0.41186212074649015,True
N162S,-1.8328928471612296,162,True,neutral,tolerant,162,-0.3598106509627622,True
N162T,-1.83495430951931,162,True,neutral,tolerant,162,-0.36021533152777446,True
N162V,-4.10697549197131,162,True,mild,tolerant,162,-0.806230177363074,True
N162W,-6.276310669677581,162,True,impactful,tolerant,162,-1.232086988172185,True
N162Y,-6.276310669677581,162,True,impactful,tolerant,162,-1.232086988172185,True
S163A,-2.60852593507851,163,True,neutral,tolerant,163,-1.8800780188839146,True
S163C,-3.1560930724895098,163,True,neutral,tolerant,163,-2.2747334543793736,True
S163D,-1.90539736266349,163,True,neutral,tolerant,163,-1.3733026958289345,True
S163E,-2.6750555082074703,163,True,neutral,tolerant,163,-1.9280287738921156,True
S163F,-6.72859224287186,163,True,impactful,tolerant,163,-4.849588882264826,True
S163G,-1.496638476868,163,True,neutral,tolerant,163,-1.0786924004613128,True
S163H,-2.95510408419437,163,True,neutral,tolerant,163,-2.129871954691031,True
S163I,-4.87972686945868,163,True,mild,tolerant,163,-3.5170312482058415,True
S163K,-3.57427902377977,163,True,neutral,tolerant,163,-2.5761382455888633,True
S163L,-6.069629229995768,163,True,impactful,tolerant,163,-4.374645597589924,True
S163M,-4.28928210053603,163,True,mild,tolerant,163,-3.0914720400383153,True
S163N,-1.7791129325827,163,True,neutral,tolerant,163,-1.282284018218957,True
S163P,-4.1394584718786005,163,True,mild,tolerant,163,-2.9834876389019005,True
S163Q,-4.02135973010669,163,True,mild,tolerant,163,-2.898368742640463,True
S163R,-3.68601744918078,163,True,neutral,tolerant,163,-2.6566729853957787,True
S163S,0.0,163,True,neutral,tolerant,163,0.0,True
S163T,-1.78282080761411,163,True,neutral,tolerant,163,-1.2849564449138877,True
S163V,-6.069629229995768,163,True,impactful,tolerant,163,-4.374645597589924,True
S163W,-6.72859224287186,163,True,impactful,tolerant,163,-4.849588882264826,True
S163Y,-6.72859224287186,163,True,impactful,tolerant,163,-4.849588882264826,True
V164A,-3.540509470255,164,True,neutral,tolerant,164,-1.2213932874503144,True
V164C,-3.83140271192904,164,True,neutral,tolerant,164,-1.321744679172406,True
V164D,-3.80925817851396,164,True,neutral,tolerant,164,-1.3141053310237483,True
V164E,-3.7167633296193903,164,True,neutral,tolerant,164,-1.2821967629171864,True
V164F,-3.85508825530453,164,True,mild,tolerant,164,-1.3299156398580028,True
V164G,-4.7016755982621605,164,True,mild,tolerant,164,-1.6219685510607438,True
V164H,-3.7238719020303295,164,True,neutral,tolerant,164,-1.284649054797499,True
V164I,-0.559014884347781,164,True,neutral,tolerant,164,-0.19284711227675874,True
V164K,-4.30066372614516,164,True,mild,tolerant,164,-1.483628797161904,True
V164L,-2.64136710368463,164,True,neutral,tolerant,164,-0.9112101174241817,True
V164M,-2.7650934079179503,164,True,neutral,tolerant,164,-0.9538928100539316,True
V164N,-3.70850608527688,164,True,neutral,tolerant,164,-1.279348205979969,True
V164P,-3.60616183804299,164,True,neutral,tolerant,164,-1.2440418248981453,True
V164Q,-5.67567640682891,164,True,impactful,tolerant,164,-1.9579761396716917,True
V164R,-4.8612019460182685,164,True,mild,tolerant,164,-1.6770014247072424,True
V164S,-3.48813831982764,164,True,neutral,tolerant,164,-1.2033264605923648,True
V164T,-2.84516656527364,164,True,neutral,tolerant,164,-0.9815161839555832,True
V164V,0.0,164,True,neutral,tolerant,164,0.0,True
V164W,-5.70566780409917,164,True,impactful,tolerant,164,-1.9683224730496711,True
V164Y,-4.22026232043129,164,True,mild,tolerant,164,-1.4558921852235616,True
I165A,-2.40642362970047,165,True,neutral,sensitive,165,-0.6280300622169991,True
I165C,-3.4579127174838,165,True,neutral,sensitive,165,-0.9024483936656712,True
I165D,-5.158740225512821,165,True,impactful,sensitive,165,-1.3463315040641533,True
I165E,-3.73204882868028,165,True,neutral,sensitive,165,-0.9739926208938926,True
I165F,-4.40094128808171,165,True,mild,sensitive,165,-1.1485606261734327,True
I165G,-5.456461369267111,165,True,impactful,sensitive,165,-1.4240309689994257,True
I165H,-4.00967972765707,165,True,mild,sensitive,165,-1.0464489201945513,True
I165I,0.0,165,True,neutral,sensitive,165,0.0,True
I165K,-5.13099372043249,165,True,impactful,sensitive,165,-1.3390902024509066,True
I165L,-2.48664783828276,165,True,neutral,sensitive,165,-0.6489670302908691,True
I165M,-3.19024340604209,165,True,neutral,sensitive,165,-0.8325918761998572,True
I165N,-3.67254095296515,165,True,neutral,sensitive,165,-0.9584622153466256,True
I165P,-5.32868036265478,165,True,impactful,sensitive,165,-1.3906825956945634,True
I165Q,-5.595608445514411,165,True,impactful,sensitive,165,-1.4603456668250046,True
I165R,-4.921768625245719,165,True,impactful,sensitive,165,-1.2844864959689102,True
I165S,-2.79715026562102,165,True,neutral,sensitive,165,-0.7300021632379509,True
I165T,-2.18878547368758,165,True,neutral,sensitive,165,-0.5712307094452755,True
I165V,-1.48731254965005,165,True,neutral,sensitive,165,-0.3881598325267068,True
I165W,-5.928985670247671,165,True,impactful,sensitive,165,-1.5473506798272332,True
I165Y,-4.06422100319103,165,True,mild,sensitive,165,-1.0606831390761415,True
K166A,-3.63366519777987,166,True,neutral,tolerant,166,-1.949696131998544,True
K166C,-4.6669250180714,166,True,mild,tolerant,166,-2.5041067794634704,True
K166D,-3.2015237793540097,166,True,neutral,tolerant,166,-1.7178243424632698,True
K166E,-3.05477066281587,166,True,neutral,tolerant,166,-1.6390818144373085,True
K166F,-5.504677164070411,166,True,impactful,tolerant,166,-2.9536149288729745,True
K166G,-6.03340915607108,166,True,impactful,tolerant,166,-3.2373138013770895,True
K166H,-3.1063001299997097,166,True,neutral,tolerant,166,-1.6667307026490408,True
K166I,-5.83171438892733,166,True,impactful,tolerant,166,-3.1290915282890834,True
K166K,0.0,166,True,neutral,tolerant,166,0.0,True
K166L,-4.61435005630155,166,True,mild,tolerant,166,-2.475896915862036,True
K166M,-4.02268788755525,166,True,mild,tolerant,166,-2.1584319379220367,True
K166N,-3.12939292076281,166,True,neutral,tolerant,166,-1.6791214768060483,True
K166P,-3.3952498080251496,166,True,neutral,tolerant,166,-1.8217708725393857,True
K166Q,-1.15670349407125,166,True,neutral,tolerant,166,-0.6206461535415624,True
K166R,-1.5768378199671298,166,True,neutral,tolerant,166,-0.8460753622148036,True
K166S,-3.55163708395778,166,True,neutral,tolerant,166,-1.9056827494965511,True
K166T,-3.64352628465726,166,True,neutral,tolerant,166,-1.9549872421850014,True
K166V,-5.83171438892733,166,True,impactful,tolerant,166,-3.1290915282890834,True
K166W,-6.5176805646966685,166,True,impactful,tolerant,166,-3.497156698518984,True
K166Y,-6.5176805646966685,166,True,impactful,tolerant,166,-3.497156698518984,True
P167A,-1.56395544391682,167,True,neutral,tolerant,167,-0.3998237334259395,True
P167C,-0.6967167954382301,167,True,neutral,tolerant,167,-0.17811499130373265,True
P167D,-3.44878840438547,167,True,neutral,tolerant,167,-0.8816795011653961,True
P167E,-3.52782939111998,167,True,neutral,tolerant,167,-0.9018862548378126,True
P167F,-3.94457780524338,167,True,mild,tolerant,167,-1.0084275936478584,True
P167G,-1.68562274666437,167,True,neutral,tolerant,167,-0.4309278645631798,True
P167H,-3.33327633353191,167,True,neutral,tolerant,167,-0.8521489492535296,True
P167I,-4.820691746420558,167,True,mild,tolerant,167,-1.2324052959733753,True
P167K,-4.12235210475593,167,True,mild,tolerant,167,-1.0538754255632472,True
P167L,-3.7875687303319694,167,True,neutral,tolerant,167,-0.9682883718068478,True
P167M,-3.72212583379959,167,True,neutral,tolerant,167,-0.9515579570629,True
P167N,-3.3504133180321003,167,True,neutral,tolerant,167,-0.8565300031698538,True
P167P,0.0,167,True,neutral,tolerant,167,0.0,True
P167Q,-2.33251210922128,167,True,neutral,tolerant,167,-0.596304519669977,True
P167R,-3.34508051962114,167,True,neutral,tolerant,167,-0.8551666782883354,True
P167S,-0.634024423837303,167,True,neutral,tolerant,167,-0.16208774566300443,True
P167T,-2.60671385052887,167,True,neutral,tolerant,167,-0.666403936087447,True
P167V,-3.7494280677811096,167,True,neutral,tolerant,167,-0.958537747416787,True
P167W,-5.90150767227402,167,True,impactful,tolerant,167,-1.5087148675163404,True
P167Y,-4.29189159513364,167,True,mild,tolerant,167,-1.0972180362940118,True
T168A,-0.8604700997397611,168,True,neutral,tolerant,168,-0.14309487963198184,True
T168C,-2.8899826830544595,168,True,neutral,tolerant,168,-0.48059976086939055,True
T168D,-1.5978224954233402,168,True,neutral,tolerant,168,-0.265715470793262,True
T168E,-1.5775639699926,168,True,neutral,tolerant,168,-0.2623465085725992,True
T168F,-3.63549117671306,168,True,neutral,tolerant,168,-0.6045766988210535,True
T168G,-4.882084430559259,168,True,mild,tolerant,168,-0.8118832765430588,True
T168H,-4.6333710962294115,168,True,mild,tolerant,168,-0.770522624209454,True
T168I,-4.86649721802485,168,True,mild,tolerant,168,-0.8092911466107299,True
T168K,-3.66673586355941,168,True,neutral,tolerant,168,-0.6097726431133299,True
T168L,-3.3807802503748303,168,True,neutral,tolerant,168,-0.5622186559833735,True
T168M,-5.23791255933831,168,True,impactful,tolerant,168,-0.8710569576189159,True
T168N,-2.6883011703061603,168,True,neutral,tolerant,168,-0.4470604295208148,True
T168P,-2.84476561892626,168,True,neutral,tolerant,168,-0.47308023131142773,True
T168Q,-2.5063036146089903,168,True,neutral,tolerant,168,-0.41679451053806593,True
T168R,-3.6875892950525,168,True,neutral,tolerant,168,-0.6132405373147903,True
T168S,-2.57393279964874,168,True,neutral,tolerant,168,-0.42804114199661264,True
T168T,0.0,168,True,neutral,tolerant,168,0.0,True
T168V,-4.11967763649856,168,True,mild,tolerant,168,-0.6850961767243482,True
T168W,-5.43147878490006,168,True,impactful,tolerant,168,-0.9032467289496718,True
T168Y,-3.66296494636316,168,True,neutral,tolerant,168,-0.6091455452717399,True
Q169A,-2.36590852533012,169,True,neutral,tolerant,169,-0.5741324427575939,True
Q169C,-4.83241624531005,169,True,mild,tolerant,169,-1.1726771824173612,True
Q169D,-2.5195307458996,169,True,neutral,tolerant,169,-0.6114117795591276,True
Q169E,-1.5664957999800602,169,True,neutral,tolerant,169,-0.3801398281392014,True
Q169F,-5.8481647006054605,169,True,impactful,tolerant,169,-1.4191677527933377,True
Q169G,-4.08414505759815,169,True,mild,tolerant,169,-0.9910950289880711,True
Q169H,-3.7872639113302498,169,True,neutral,tolerant,169,-0.9190512048543038,True
Q169I,-3.1422455065048904,169,True,neutral,tolerant,169,-0.7625252916919097,True
Q169K,-0.899831248700764,169,True,neutral,tolerant,169,-0.2183610682133623,True
Q169L,-2.45953521915644,169,True,neutral,tolerant,169,-0.5968527304856759,True
Q169M,-3.00713226463771,169,True,neutral,tolerant,169,-0.7297375085753677,True
Q169N,-2.5501209178710096,169,True,neutral,tolerant,169,-0.6188350632449877,True
Q169P,-1.9384225871092,169,True,neutral,tolerant,169,-0.4703948961332785,True
Q169Q,0.0,169,True,neutral,tolerant,169,0.0,True
Q169R,-1.18138985134648,169,True,neutral,tolerant,169,-0.2866865873894868,True
Q169S,-2.0201128977236102,169,True,neutral,tolerant,169,-0.4902185947592149,True
Q169T,-1.9986768363817504,169,True,neutral,tolerant,169,-0.48501672912090316,True
Q169V,-2.00818100592215,169,True,neutral,tolerant,169,-0.48732309558274706,True
Q169W,-5.8481647006054605,169,True,impactful,tolerant,169,-1.4191677527933377,True
Q169Y,-4.9157005613206906,169,True,impactful,tolerant,169,-1.1928876965951707,True
Y170A,-1.99134709434789,170,True,neutral,tolerant,170,-0.637015845786436,True
Y170C,-2.89175209348602,170,True,neutral,tolerant,170,-0.9250481299142516,True
Y170D,-3.77044744915905,170,True,neutral,tolerant,170,-1.206135674507259,True
Y170E,-2.90793194804894,170,True,neutral,tolerant,170,-0.9302239346588659,True
Y170F,-1.50515716480019,170,True,neutral,tolerant,170,-0.481487615643766,True
Y170G,-4.1607013525412295,170,True,mild,tolerant,170,-1.3309747450239264,True
Y170H,-3.04688684938151,170,True,neutral,tolerant,170,-0.9746744848667013,True
Y170I,-1.5633865448573798,170,True,neutral,tolerant,170,-0.500114723842047,True
Y170K,-2.92776929891721,170,True,neutral,tolerant,170,-0.9365697429197063,True
Y170L,-2.41982755669052,170,True,neutral,tolerant,170,-0.774083283651424,True
Y170M,-1.62568076421013,170,True,neutral,tolerant,170,-0.5200421412878705,True
Y170N,-3.06072034276784,170,True,neutral,tolerant,170,-0.9790997076290645,True
Y170P,-2.36062604174052,170,True,neutral,tolerant,170,-0.7551451973555929,True
Y170Q,-2.9314845513044,170,True,neutral,tolerant,170,-0.937758222139855,True
Y170R,-3.70044851472566,170,True,neutral,tolerant,170,-1.1837435809597314,True
Y170S,-2.9197135836832704,170,True,neutral,tolerant,170,-0.9339927847049742,True
Y170T,-2.99672208417289,170,True,neutral,tolerant,170,-0.9586271817979655,True
Y170V,-1.51653031435429,170,True,neutral,tolerant,170,-0.48512579429329633,True
Y170W,-4.46135101919122,170,True,mild,tolerant,170,-1.4271501441946925,True
Y170Y,0.0,170,True,neutral,tolerant,170,0.0,True
K171A,-3.56088145688937,171,True,neutral,tolerant,171,-0.9143796634539925,True
K171C,-5.554408277373049,171,True,impactful,tolerant,171,-1.4262867306419937,True
K171D,-3.4617051431189503,171,True,neutral,tolerant,171,-0.8889127094130056,True
K171E,-3.36135800281066,171,True,neutral,tolerant,171,-0.8631451051008368,True
K171F,-4.31167593148559,171,True,mild,tolerant,171,-1.107172152425,True
K171G,-4.94201334065785,171,True,impactful,tolerant,171,-1.2690331171999638,True
K171H,-3.3689120190062303,171,True,neutral,tolerant,171,-0.8650848604311546,True
K171I,-2.3483479245039303,171,True,neutral,tolerant,171,-0.6030196766944769,True
K171K,0.0,171,True,neutral,tolerant,171,0.0,True
K171L,-2.34609782290838,171,True,neutral,tolerant,171,-0.6024418851660068,True
K171M,-2.4216317317765803,171,True,neutral,tolerant,171,-0.6218378327723625,True
K171N,-2.2672195566415096,171,True,neutral,tolerant,171,-0.5821871579485666,True
K171P,-3.6084865307952594,171,True,neutral,tolerant,171,-0.9266039152252926,True
K171Q,-4.18911146893016,171,True,mild,tolerant,171,-1.0756994810149403,True
K171R,-1.72490679124383,171,True,neutral,tolerant,171,-0.44292956964785607,True
K171S,-2.9351972230658103,171,True,neutral,tolerant,171,-0.7537135626364078,True
K171T,-2.53571191999586,171,True,neutral,tolerant,171,-0.651131872850247,True
K171V,-2.35192111581104,171,True,neutral,tolerant,171,-0.6039372173383897,True
K171W,-5.81305924394875,171,True,impactful,tolerant,171,-1.4927043260134891,True
K171Y,-4.40775676408896,171,True,mild,tolerant,171,-1.1318442344484758,True
P172A,-1.4791220141103,172,True,neutral,tolerant,172,-0.528186133495844,True
P172C,-3.0793261527326803,172,True,neutral,tolerant,172,-1.0996100111205702,True
P172D,-3.0529429644677,172,True,neutral,tolerant,172,-1.0901887233119678,True
P172E,-3.09979246368718,172,True,neutral,tolerant,172,-1.106918415394766,True
P172F,-3.6140990584258894,172,True,neutral,tolerant,172,-1.2905744012532765,True
P172G,-4.03541414802775,172,True,mild,tolerant,172,-1.4410236448162672,True
P172H,-4.34808698428949,172,True,mild,tolerant,172,-1.5526773521228994,True
P172I,-1.74685289360466,172,True,neutral,tolerant,172,-0.6237913213765933,True
P172K,-3.15382067447406,172,True,neutral,tolerant,172,-1.126211584912215,True
P172L,-2.82201158126228,172,True,neutral,tolerant,172,-1.0077244281189262,True
P172M,-2.85666780037283,172,True,neutral,tolerant,172,-1.0200999686077863,True
P172N,-3.18677327931309,172,True,neutral,tolerant,172,-1.1379787743479106,True
P172P,0.0,172,True,neutral,tolerant,172,0.0,True
P172Q,-1.3171611657324,172,True,neutral,tolerant,172,-0.47035082750596885,True
P172R,-3.95043915431261,172,True,mild,tolerant,172,-1.4106795535607324,True
P172S,-1.80932155900271,172,True,neutral,tolerant,172,-0.6460985296572358,True
P172T,-2.03869727464855,172,True,neutral,tolerant,172,-0.7280073047339779,True
P172V,-1.84711871374603,172,True,neutral,tolerant,172,-0.6595956805552479,True
P172W,-3.92102320324399,172,True,mild,tolerant,172,-1.400175283250495,True
P172Y,-3.8770070862255497,172,True,mild,tolerant,172,-1.3844573759800425,True
V173A,-2.5417853533392503,173,True,neutral,tolerant,173,-0.8900228572410225,True
V173C,-3.2266327056978303,173,True,neutral,tolerant,173,-1.1298266614919865,True
V173D,-3.2209334052547205,173,True,neutral,tolerant,173,-1.1278310139610148,True
V173E,-3.6150852373678,173,True,neutral,tolerant,173,-1.2658458700711896,True
V173F,-1.82311836585924,173,True,neutral,tolerant,173,-0.6383768853412128,True
V173G,-4.70100176533412,173,True,mild,tolerant,173,-1.6460866837481258,True
V173H,-4.489572232125799,173,True,mild,tolerant,173,-1.5720532422523719,True
V173I,-0.8383958541329379,173,True,neutral,tolerant,173,-0.29356982194193615,True
V173K,-4.1664067704359,173,True,mild,tolerant,173,-1.4588947305798605,True
V173L,-2.17061643707126,173,True,neutral,tolerant,173,-0.760055620258601,True
V173M,-2.51177692213088,173,True,neutral,tolerant,173,-0.8795152077062942,True
V173N,-3.40826007284102,173,True,neutral,tolerant,173,-1.1934246785493972,True
V173P,-3.55994973475217,173,True,neutral,tolerant,173,-1.2465398112378128,True
V173Q,-3.27094214779985,173,True,neutral,tolerant,173,-1.1453419040401371,True
V173R,-4.169056901733351,173,True,mild,tolerant,173,-1.4598226914819574,True
V173S,-3.24795996964709,173,True,neutral,tolerant,173,-1.1372945432202042,True
V173T,-2.4217070951907003,173,True,neutral,tolerant,173,-0.8479766654689695,True
V173V,0.0,173,True,neutral,tolerant,173,0.0,True
V173W,-4.785489884113161,173,True,mild,tolerant,173,-1.6756707541653433,True
V173Y,-1.7943388876462,173,True,neutral,tolerant,173,-0.6282995617798725,True
P174A,-3.39257558384538,174,True,neutral,tolerant,174,-1.151219096266663,True
P174C,-5.392901104180959,174,True,impactful,tolerant,174,-1.8299992386237864,True
P174D,-3.29744902563981,174,True,neutral,tolerant,174,-1.1189393407647248,True
P174E,-3.36687157034329,174,True,neutral,tolerant,174,-1.142496828932309,True
P174F,-2.0363805495829497,174,True,neutral,tolerant,174,-0.6910148699734139,True
P174G,-4.24661259759084,174,True,mild,tolerant,174,-1.441023610519495,True
P174H,-4.059683776510471,174,True,mild,tolerant,174,-1.3775921487430658,True
P174I,-3.6941273189426,174,True,neutral,tolerant,174,-1.2535461063439977,True
P174K,-3.83726494960868,174,True,mild,tolerant,174,-1.3021176914847419,True
P174L,-2.62215059972961,174,True,neutral,tolerant,174,-0.8897870567924799,True
P174M,-3.6646534678742,174,True,neutral,tolerant,174,-1.2435446017785483,True
P174N,-4.12650362110488,174,True,mild,tolerant,174,-1.4002664500830122,True
P174P,0.0,174,True,neutral,tolerant,174,0.0,True
P174Q,-2.69688878327947,174,True,neutral,tolerant,174,-0.915148326422723,True
P174R,-4.6259340549514,174,True,mild,tolerant,174,-1.569740596934345,True
P174S,-2.3297996299028103,174,True,neutral,tolerant,174,-0.7905821869351044,True
P174T,-3.48896538926007,174,True,neutral,tolerant,174,-1.18392751555943,True
P174V,-4.50240338081133,174,True,mild,tolerant,174,-1.5278223352685132,True
P174W,-5.20373774860152,174,True,impactful,tolerant,174,-1.7658095214384444,True
P174Y,-5.20373774860152,174,True,impactful,tolerant,174,-1.7658095214384444,True
D175A,-2.17895103556051,175,True,neutral,tolerant,175,-0.40458317906534896,True
D175C,-4.82132514060095,175,True,mild,tolerant,175,-0.8952138074044635,True
D175D,0.0,175,True,neutral,tolerant,175,0.0,True
D175E,-1.5951262341726598,175,True,neutral,tolerant,175,-0.29617978206017886,True
D175F,-3.97851804982239,175,True,mild,tolerant,175,-0.7387231077232321,True
D175G,-4.19516824943703,175,True,mild,tolerant,175,-0.7789502744079051,True
D175H,-2.57718542546247,175,True,neutral,tolerant,175,-0.47852652742436275,True
D175I,-3.1442712118211604,175,True,neutral,tolerant,175,-0.5838218582984469,True
D175K,-3.8306279512483705,175,True,neutral,tolerant,175,-0.711263176197982,True
D175L,-2.93708366582695,175,True,neutral,tolerant,175,-0.5453516978161472,True
D175M,-3.16348045346446,175,True,neutral,tolerant,175,-0.5873885910632708,True
D175N,-1.50282528332263,175,True,neutral,tolerant,175,-0.27904152997639425,True
D175P,-3.45393587407238,175,True,neutral,tolerant,175,-0.6413197604785056,True
D175Q,-2.702762742447049,175,True,neutral,tolerant,175,-0.5018434672247326,True
D175R,-3.82610061309544,175,True,neutral,tolerant,175,-0.7104225492941537,True
D175S,-2.53476183350407,175,True,neutral,tolerant,175,-0.47064940149459833,True
D175T,-3.69577807743949,175,True,neutral,tolerant,175,-0.6862245269801837,True
D175V,-3.14570342445338,175,True,neutral,tolerant,175,-0.584087788615551,True
D175W,-5.874582853164768,175,True,impactful,tolerant,175,-1.0907805488179758,True
D175Y,-4.2536617223786415,175,True,mild,tolerant,175,-0.7898112230254138,True
E176A,-3.76968980346408,176,True,neutral,sensitive,176,-1.201067605695138,True
E176C,-5.77331009710561,176,True,impactful,sensitive,176,-1.8394446484414226,True
E176D,-1.93622835012457,176,True,neutral,sensitive,176,-0.616905175175463,True
E176E,0.0,176,True,neutral,sensitive,176,0.0,True
E176F,-6.13255002912253,176,True,impactful,sensitive,176,-1.9539027252362704,True
E176G,-4.98533123021004,176,True,impactful,sensitive,176,-1.5883852933372067,True
E176H,-4.60675655488299,176,True,mild,sensitive,176,-1.4677669394201172,True
E176I,-6.24867727694767,176,True,impactful,sensitive,176,-1.9909022352153507,True
E176K,-4.923475858713321,176,True,impactful,sensitive,176,-1.5686774428730443,True
E176L,-4.20078005790449,176,True,mild,sensitive,176,-1.3384180421324965,True
E176M,-5.27846576327835,176,True,impactful,sensitive,176,-1.6817814108255436,True
E176N,-2.9709103259056096,176,True,neutral,sensitive,176,-0.9465670487241228,True
E176P,-3.3489050825174504,176,True,neutral,sensitive,176,-1.0670006337028943,True
E176Q,-2.89120484765208,176,True,neutral,sensitive,176,-0.9211719438434025,True
E176R,-4.16421369309528,176,True,mild,sensitive,176,-1.3267675672870556,True
E176S,-4.31007410735769,176,True,mild,sensitive,176,-1.3732404145655952,True
E176T,-3.66231056196692,176,True,neutral,sensitive,176,-1.1668553136471718,True
E176V,-5.047255966760192,176,True,impactful,sensitive,176,-1.6081152443250166,True
E176W,-6.756844868864009,176,True,impactful,sensitive,176,-2.152810419903109,True
E176Y,-6.756844868864009,176,True,impactful,sensitive,176,-2.152810419903109,True
E177A,-2.81881297758443,177,True,neutral,tolerant,177,-0.747081371468639,True
E177C,-2.8308018075810404,177,True,neutral,tolerant,177,-0.7502588194325146,True
E177D,-2.7301553681346102,177,True,neutral,tolerant,177,-0.7235840876879811,True
E177E,0.0,177,True,neutral,tolerant,177,0.0,True
E177F,-6.27609578255146,177,True,impactful,tolerant,177,-1.6633789761799285,True
E177G,-4.23570127744128,177,True,mild,tolerant,177,-1.1226049917628904,True
E177H,-2.67459548421314,177,True,neutral,tolerant,177,-0.7088588275842546,True
E177I,-5.697367900198362,177,True,impactful,tolerant,177,-1.5099963915623424,True
E177K,-3.64745458325156,177,True,neutral,tolerant,177,-0.9666995980557315,True
E177L,-1.9242022981319,177,True,neutral,tolerant,177,-0.5099790952088552,True
E177M,-5.697367900198362,177,True,impactful,tolerant,177,-1.5099963915623424,True
E177N,-3.03784296515991,177,True,neutral,tolerant,177,-0.805131772404026,True
E177P,-1.37365569176471,177,True,neutral,tolerant,177,-0.364065507818368,True
E177Q,-0.8162352457071291,177,True,neutral,tolerant,177,-0.2163301189731587,True
E177R,-3.57569759265956,177,True,neutral,tolerant,177,-0.9476815534496388,True
E177S,-2.9211863344240703,177,True,neutral,tolerant,177,-0.7742137950943975,True
E177T,-3.48354472136516,177,True,neutral,tolerant,177,-0.923257906326235,True
E177V,-4.65421626024742,177,True,mild,tolerant,177,-1.233525705489319,True
E177W,-6.27609578255146,177,True,impactful,tolerant,177,-1.6633789761799285,True
E177Y,-5.8245078645351684,177,True,impactful,tolerant,177,-1.5436928090545776,True
P178A,-3.51910579586039,178,True,neutral,sensitive,178,-1.1674270832861557,True
P178C,-4.5118741489583,178,True,mild,sensitive,178,-1.4967677539188018,True
P178D,-3.17787311879268,178,True,neutral,sensitive,178,-1.0542266590818907,True
P178E,-3.3594470189889103,178,True,neutral,sensitive,178,-1.1144619293475153,True
P178F,-7.1307301920226,178,True,impactful,sensitive,178,-2.3655462588154954,True
P178G,-3.20057830367679,178,True,neutral,sensitive,178,-1.0617588701895846,True
P178H,-4.9480518409939815,178,True,impactful,sensitive,178,-1.641465208427471,True
P178I,-4.04422688407122,178,True,mild,sensitive,178,-1.3416305929115713,True
P178K,-4.4263805851288085,178,True,mild,sensitive,178,-1.4684061451321015,True
P178L,-4.0821202874906,178,True,mild,sensitive,178,-1.3542013390032943,True
P178M,-4.84690420919372,178,True,mild,sensitive,178,-1.6079105239071065,True
P178N,-4.8738455545796295,178,True,mild,sensitive,178,-1.6168480376075118,True
P178P,0.0,178,True,neutral,sensitive,178,0.0,True
P178Q,-4.726360102779831,178,True,mild,sensitive,178,-1.5679212588149227,True
P178R,-4.1975571836588905,178,True,mild,sensitive,178,-1.3924963397264556,True
P178S,-4.02988906015716,178,True,mild,sensitive,178,-1.3368741675797864,True
P178T,-4.547243259157192,178,True,mild,sensitive,178,-1.5085010917475452,True
P178V,-3.87974730900463,178,True,mild,sensitive,178,-1.2870661888501729,True
P178W,-7.1307301920226,178,True,impactful,sensitive,178,-2.3655462588154954,True
P178Y,-7.1307301920226,178,True,impactful,sensitive,178,-2.3655462588154954,True
N179A,-4.77756769689038,179,True,mild,sensitive,179,-3.5205986841150128,True
N179C,-6.0578275778408495,179,True,impactful,sensitive,179,-4.464024615082597,True
N179D,-3.48251170194853,179,True,neutral,sensitive,179,-2.566269468724692,True
N179E,-3.9148136779137097,179,True,mild,sensitive,179,-2.884833613553858,True
N179F,-7.42826337141788,179,True,impactful,sensitive,179,-5.47390134684963,True
N179G,-5.520288642221758,179,True,impactful,sensitive,179,-4.067911155375282,True
N179H,-5.1841611781702,179,True,impactful,sensitive,179,-3.8202181905209978,True
N179I,-5.35114493045194,179,True,impactful,sensitive,179,-3.943268833829374,True
N179K,-6.35061310190863,179,True,impactful,sensitive,179,-4.679778822277163,True
N179L,-6.30141124787722,179,True,impactful,sensitive,179,-4.643521882857603,True
N179M,-6.55503832530083,179,True,impactful,sensitive,179,-4.830420156557562,True
N179N,0.0,179,True,neutral,sensitive,179,0.0,True
N179P,-6.20251244602641,179,True,impactful,sensitive,179,-4.57064316846845,True
N179Q,-4.31616329844586,179,True,mild,sensitive,179,-3.180588909043493,True
N179R,-6.24562712702367,179,True,impactful,sensitive,179,-4.602414458550596,True
N179S,-4.02194543301615,179,True,mild,sensitive,179,-2.963779206786597,True
N179T,-4.73010723815086,179,True,mild,sensitive,179,-3.4856249821840897,True
N179V,-6.23415055697358,179,True,impactful,sensitive,179,-4.59395735234511,True
N179W,-7.42826337141788,179,True,impactful,sensitive,179,-5.47390134684963,True
N179Y,-6.954565638410322,179,True,impactful,sensitive,179,-5.124832590256155,True
A180A,0.0,180,True,neutral,tolerant,180,0.0,True
A180C,-3.2211048008261605,180,True,neutral,tolerant,180,-0.8750044684429451,True
A180D,-0.6493209387555,180,True,neutral,tolerant,180,-0.17638628917597063,True
A180E,-2.31560403415728,180,True,neutral,tolerant,180,-0.6290276170189969,True
A180F,-4.63755426239046,180,True,mild,tolerant,180,-1.2597791606151714,True
A180G,-2.5586139177183904,180,True,neutral,tolerant,180,-0.6950405992533016,True
A180H,-3.1488820132342004,180,True,neutral,tolerant,180,-0.8553853421574041,True
A180I,-4.23532925547662,180,True,mild,tolerant,180,-1.1505158177152957,True
A180K,-3.01711323260292,180,True,neutral,tolerant,180,-0.8195907067813443,True
A180L,-2.37544004200244,180,True,neutral,tolerant,180,-0.6452819078526492,True
A180M,-3.0264173374834,180,True,neutral,tolerant,180,-0.8221181418847266,True
A180N,-2.14019199687217,180,True,neutral,tolerant,180,-0.5813774081826419,True
A180P,-1.17710728856621,180,True,neutral,tolerant,180,-0.3197580336622458,True
A180Q,-2.44802260861677,180,True,neutral,tolerant,180,-0.6649987671433829,True
A180R,-3.32367557751982,180,True,neutral,tolerant,180,-0.9028675444644382,True
A180S,-0.0406830350625834,180,True,neutral,tolerant,180,-0.011051437215098133,True
A180T,-1.48664286484675,180,True,neutral,tolerant,180,-0.4038425416602679,True
A180V,-3.70111982964997,180,True,neutral,tolerant,180,-1.0053992618793075,True
A180W,-5.3965214860192585,180,True,impactful,tolerant,180,-1.4659505686074241,True
A180Y,-5.3965214860192585,180,True,impactful,tolerant,180,-1.4659505686074241,True
T181A,-3.41951482254165,181,True,neutral,sensitive,181,-2.407816768872391,True
T181C,-5.090382318393711,181,True,impactful,sensitive,181,-3.584341212795141,True
T181D,-5.56033120969697,181,True,impactful,sensitive,181,-3.9152509703823055,True
T181E,-5.117548573859111,181,True,impactful,sensitive,181,-3.603470056754484,True
T181F,-6.908245152712362,181,True,impactful,sensitive,181,-4.864370937225156,True
T181G,-6.0777482837577415,181,True,impactful,sensitive,181,-4.27958496864771,True
T181H,-5.93723858509985,181,True,impactful,sensitive,181,-4.180646485799956,True
T181I,-3.96346044688598,181,True,mild,sensitive,181,-2.790830577444671,True
T181K,-5.904087130056679,181,True,impactful,sensitive,181,-4.157303224107019,True
T181L,-3.8999147704295294,181,True,mild,sensitive,181,-2.746085532225813,True
T181M,-6.10102662003158,181,True,impactful,sensitive,181,-4.295976173640335,True
T181N,-5.03434887879278,181,True,impactful,sensitive,181,-3.5448858331607758,True
T181P,-5.538888706546191,181,True,impactful,sensitive,181,-3.9001524487111325,True
T181Q,-5.996765799023629,181,True,impactful,sensitive,181,-4.222561971279091,True
T181R,-6.532532686808491,181,True,impactful,sensitive,181,-4.599816805242966,True
T181S,-3.4602948144162102,181,True,neutral,sensitive,181,-2.436531587601284,True
T181T,0.0,181,True,neutral,sensitive,181,0.0,True
T181V,-4.289403432446161,181,True,mild,sensitive,181,-3.0203400333343233,True
T181W,-7.31069270266819,181,True,impactful,sensitive,181,-5.147750308177846,True
T181Y,-7.31069270266819,181,True,impactful,sensitive,181,-5.147750308177846,True
D182A,-4.39336196952915,182,True,mild,sensitive,182,-2.487593484610328,True
D182C,-5.308412134653911,182,True,impactful,sensitive,182,-3.0057098712507653,True
D182D,0.0,182,True,neutral,sensitive,182,0.0,True
D182E,-2.05394918053371,182,True,neutral,sensitive,182,-1.162979657641086,True
D182F,-5.23911231292755,182,True,impactful,sensitive,182,-2.9664711774652797,True
D182G,-4.9939916254567684,182,True,impactful,sensitive,182,-2.827679830582275,True
D182H,-1.88128248826011,182,True,neutral,sensitive,182,-1.06521294920958,True
D182I,-3.7275713275956295,182,True,neutral,sensitive,182,-2.1106119214076364,True
D182K,-3.0041573956846,182,True,neutral,sensitive,182,-1.7010031078886627,True
D182L,-3.8866884729550697,182,True,mild,sensitive,182,-2.2007066545143554,True
D182M,-3.59104925473709,182,True,neutral,sensitive,182,-2.0333108883254942,True
D182N,-0.8172069300878391,182,True,neutral,sensitive,182,-0.4627159448650633,True
D182P,-6.29495624733064,182,True,impactful,sensitive,182,-3.5643073016460405,True
D182Q,-3.31393962866501,182,True,neutral,sensitive,182,-1.8764068806155194,True
D182R,-5.419288107028871,182,True,impactful,sensitive,182,-3.0684896623066216,True
D182S,-3.74961309207149,182,True,neutral,sensitive,182,-2.1230923293685,True
D182T,-5.08016297521483,182,True,impactful,sensitive,182,-2.8764714597958374,True
D182V,-3.07977973969787,182,True,neutral,sensitive,182,-1.7438217173187736,True
D182W,-5.619646386960679,182,True,impactful,sensitive,182,-3.1819358010957535,True
D182Y,-6.2900810674610685,182,True,impactful,sensitive,182,-3.561546894977079,True
V183A,-2.7629380400165098,183,True,neutral,sensitive,183,-2.327325455419829,True
V183C,-5.72418815600366,183,True,impactful,sensitive,183,-4.821696546984602,True
V183D,-6.21686159482748,183,True,impactful,sensitive,183,-5.236693705363532,True
V183E,-5.84154039896377,183,True,impactful,sensitive,183,-4.920546705162613,True
V183F,-3.7608888282168698,183,True,neutral,sensitive,183,-3.1679365147330163,True
V183G,-5.7664897146097385,183,True,impactful,sensitive,183,-4.857328722850287,True
V183H,-6.21686159482748,183,True,impactful,sensitive,183,-5.236693705363532,True
V183I,-0.70339565008536,183,True,neutral,sensitive,183,-0.5924963129703246,True
V183K,-5.8916753015771,183,True,impactful,sensitive,183,-4.962777197981157,True
V183L,-0.0259838234562031,183,True,neutral,sensitive,183,-0.021887140747606112,True
V183M,-3.54419456847239,183,True,neutral,sensitive,183,-2.9854068816241717,True
V183N,-6.21686159482748,183,True,impactful,sensitive,183,-5.236693705363532,True
V183P,-2.7517701387264704,183,True,neutral,sensitive,183,-2.31791831686678,True
V183Q,-6.21686159482748,183,True,impactful,sensitive,183,-5.236693705363532,True
V183R,-5.44331930848769,183,True,impactful,sensitive,183,-4.585110272160125,True
V183S,-5.279357827899951,183,True,impactful,sensitive,183,-4.4469994198885745,True
V183T,-3.82296896998825,183,True,neutral,sensitive,183,-3.2202289266973985,True
V183V,0.0,183,True,neutral,sensitive,183,0.0,True
V183W,-5.229056414216861,183,True,impactful,sensitive,183,-4.404628668603989,True
V183Y,-3.89506758780979,183,True,mild,sensitive,183,-3.280960273592044,True
E184A,-2.8576192362086,184,True,neutral,sensitive,184,-1.4835671996807354,True
E184C,-5.63165145007832,184,True,impactful,sensitive,184,-2.923739197128205,True
E184D,-1.4024826549489702,184,True,neutral,sensitive,184,-0.7281156420839414,True
E184E,0.0,184,True,neutral,sensitive,184,0.0,True
E184F,-6.837891578632751,184,True,impactful,sensitive,184,-3.5499731848432132,True
E184G,-3.3659110542516806,184,True,neutral,sensitive,184,-1.7474529754901464,True
E184H,-2.7374523677756804,184,True,neutral,sensitive,184,-1.4211811329030075,True
E184I,-3.9166142903533,184,True,mild,sensitive,184,-2.0333571461669844,True
E184K,-4.067522446825009,184,True,mild,sensitive,184,-2.1117029202536526,True
E184L,-3.78625866560807,184,True,neutral,sensitive,184,-1.9656814647061824,True
E184M,-5.80480212111663,184,True,impactful,sensitive,184,-3.013632438642063,True
E184N,-2.9522539620837303,184,True,neutral,sensitive,184,-1.5326979493202135,True
E184P,-5.36041704611774,184,True,impactful,sensitive,184,-2.782924612720957,True
E184Q,-3.16288982829341,184,True,neutral,sensitive,184,-1.6420520781787615,True
E184R,-5.26822528416894,184,True,impactful,sensitive,184,-2.735062157018328,True
E184S,-3.7949855312097,184,True,neutral,sensitive,184,-1.9702121213446004,True
E184T,-4.55161723531594,184,True,mild,sensitive,184,-2.36302651880781,True
E184V,-4.12849799449838,184,True,mild,sensitive,184,-2.143359105012124,True
E184W,-6.837891578632751,184,True,impactful,sensitive,184,-3.5499731848432132,True
E184Y,-6.837891578632751,184,True,impactful,sensitive,184,-3.5499731848432132,True
E185A,-2.12699295269326,185,True,neutral,tolerant,185,-1.2739584633004724,True
E185C,-4.559272135424161,185,True,mild,tolerant,185,-2.7307675448848854,True
E185D,-0.680086908313114,185,True,neutral,tolerant,185,-0.4073367857323082,True
E185E,0.0,185,True,neutral,tolerant,185,0.0,True
E185F,-5.48365144889352,185,True,impactful,tolerant,185,-3.2844228112095966,True
E185G,-3.46068576187667,185,True,neutral,tolerant,185,-2.0727712847302646,True
E185H,-3.81995324588479,185,True,neutral,tolerant,185,-2.28795387443338,True
E185I,-2.56743861087513,185,True,neutral,tolerant,185,-1.537762569070662,True
E185K,-2.79562870389706,185,True,neutral,tolerant,185,-1.674436599832499,True
E185L,-2.51340777259021,185,True,neutral,tolerant,185,-1.5054008992188015,True
E185M,-4.42832878752275,185,True,mild,tolerant,185,-2.6523392707993168,True
E185N,-3.32500226535005,185,True,neutral,tolerant,185,-1.9915039074634928,True
E185P,-6.0510594282414605,185,True,impactful,tolerant,185,-3.624270762524729,True
E185Q,-1.5386489324613402,185,True,neutral,tolerant,185,-0.9215709093325068,True
E185R,-4.02877415177902,185,True,mild,tolerant,185,-2.413026766678355,True
E185S,-3.1267856419133104,185,True,neutral,tolerant,185,-1.872782430425062,True
E185T,-3.1264301817469,185,True,neutral,tolerant,185,-1.8725695282211352,True
E185V,-2.53245906995415,185,True,neutral,tolerant,185,-1.5168116382543553,True
E185W,-4.705283928086461,185,True,mild,tolerant,185,-2.8182210358653217,True
E185Y,-4.910541937733769,185,True,impactful,tolerant,185,-2.941159938046117,True
T186A,-2.36958716505917,186,True,neutral,sensitive,186,-2.103342143381332,True
T186C,-2.5341061319366003,186,True,neutral,sensitive,186,-2.2493758835709303,True
T186D,-4.47923883021958,186,True,mild,sensitive,186,-3.9759549430356933,True
T186E,-4.52083841228991,186,True,mild,sensitive,186,-4.012880427527585,True
T186F,-5.22484366483219,186,True,impactful,sensitive,186,-4.637784182354016,True
T186G,-6.28907984092636,186,True,impactful,sensitive,186,-5.582443586615251,True
T186H,-5.183740863441179,186,True,impactful,sensitive,186,-4.601299660640047,True
T186I,-2.1708563515435504,186,True,neutral,sensitive,186,-1.9269405737663898,True
T186K,-5.633799145492588,186,True,impactful,sensitive,186,-5.000789734512426,True
T186L,-3.3870433209259505,186,True,neutral,sensitive,186,-3.0064776951068275,True
T186M,-2.18032256358954,186,True,neutral,sensitive,186,-1.9353431693864656,True
T186N,-5.1866521564120704,186,True,impactful,sensitive,186,-4.603883842934624,True
T186P,-4.38244811479715,186,True,mild,sensitive,186,-3.890039559192473,True
T186Q,-4.6321041728109815,186,True,mild,sensitive,186,-4.111644451350063,True
T186R,-5.43465910836255,186,True,impactful,sensitive,186,-4.824024921338873,True
T186S,-1.47227291390061,186,True,neutral,sensitive,186,-1.3068494428178854,True
T186T,0.0,186,True,neutral,sensitive,186,0.0,True
T186V,-2.98933834242654,186,True,neutral,sensitive,186,-2.6534585471956813,True
T186W,-5.3099120572761915,186,True,impactful,sensitive,186,-4.713294354562728,True
T186Y,-4.83545364911033,186,True,mild,sensitive,186,-4.292145734291585,True
L187A,-4.071779831524728,187,True,mild,sensitive,187,-3.900534192229402,True
L187C,-5.674068600935731,187,True,impactful,sensitive,187,-5.435435977076762,True
L187D,-6.65060615969358,187,True,impactful,sensitive,187,-6.370903584740825,True
L187E,-6.19995624402374,187,True,impactful,sensitive,187,-5.939206519200499,True
L187F,-5.13091635594576,187,True,impactful,sensitive,187,-4.9151269253036425,True
L187G,-7.71849528865766,187,True,impactful,sensitive,187,-7.393880816659257,True
L187H,-6.65060615969358,187,True,impactful,sensitive,187,-6.370903584740825,True
L187I,-2.75646500850992,187,True,neutral,sensitive,187,-2.6405371754471187,True
L187K,-6.33311742914513,187,True,impactful,sensitive,187,-6.066767383769464,True
L187L,0.0,187,True,neutral,sensitive,187,0.0,True
L187M,-2.82234597506292,187,True,neutral,sensitive,187,-2.703647405687852,True
L187N,-5.5885078000059405,187,True,impactful,sensitive,187,-5.353473581429203,True
L187P,-7.71849528865766,187,True,impactful,sensitive,187,-7.393880816659257,True
L187Q,-6.36303171486686,187,True,impactful,sensitive,187,-6.095423573229992,True
L187R,-6.563604873531059,187,True,impactful,sensitive,187,-6.287561285921644,True
L187S,-4.04792861855655,187,True,mild,sensitive,187,-3.8776860826660493,True
L187T,-4.02297379314983,187,True,mild,sensitive,187,-3.8537807749658595,True
L187V,-1.82280514788005,187,True,neutral,sensitive,187,-1.746143971250899,True
L187W,-6.450381926265,187,True,impactful,sensitive,187,-6.179100122639425,True
L187Y,-6.06828700474114,187,True,impactful,sensitive,187,-5.813074854145736,True
E188A,-1.9865745348796104,188,True,neutral,tolerant,188,-0.9704159480619685,True
E188C,-4.4847203511182006,188,True,mild,tolerant,188,-2.190727845802631,True
E188D,-2.24991315261867,188,True,neutral,tolerant,188,-1.0990534544367616,True
E188E,0.0,188,True,neutral,tolerant,188,0.0,True
E188F,-4.86591266587262,188,True,mild,tolerant,188,-2.376935357789471,True
E188G,-4.35203888484991,188,True,mild,tolerant,188,-2.125914666826289,True
E188H,-1.42964929040613,188,True,neutral,tolerant,188,-0.6983651744180145,True
E188I,-4.361501099495911,188,True,mild,tolerant,188,-2.130536836211452,True
E188K,-0.6336146767206969,188,True,neutral,tolerant,188,-0.3095125687056866,True
E188L,-1.40605326089174,188,True,neutral,tolerant,188,-0.6868388194035561,True
E188M,-1.4067032173941498,188,True,neutral,tolerant,188,-0.6871563147425988,True
E188N,-2.64892003569456,188,True,neutral,tolerant,188,-1.2939631524747495,True
E188P,-4.74761944179887,188,True,mild,tolerant,188,-2.319150648898198,True
E188Q,-0.65383151671326,188,True,neutral,tolerant,188,-0.31938823337556976,True
E188R,-0.986222944736942,188,True,neutral,tolerant,188,-0.4817571438241377,True
E188S,-2.022239023694,188,True,neutral,tolerant,188,-0.9878375892424535,True
E188T,-2.01107805629323,188,True,neutral,tolerant,188,-0.9823856011235363,True
E188V,-2.44366593086586,188,True,neutral,tolerant,188,-1.1936991788690352,True
E188W,-5.24377088884662,188,True,impactful,tolerant,188,-2.5615142090947134,True
E188Y,-4.48065498981972,188,True,mild,tolerant,188,-2.188741969426279,True
R189A,-3.913225401995181,189,True,mild,sensitive,189,-2.454485508559267,True
R189C,-2.20028383536412,189,True,neutral,sensitive,189,-1.38008017270483,True
R189D,-3.4101501361022697,189,True,neutral,sensitive,189,-2.138942491482054,True
R189E,-4.05059204969724,189,True,mild,sensitive,189,-2.5406457501778985,True
R189F,-5.481572198376662,189,True,impactful,sensitive,189,-3.4381969201613214,True
R189G,-4.44682557995936,189,True,mild,sensitive,189,-2.7891746127212604,True
R189H,-3.4131980816834,189,True,neutral,sensitive,189,-2.140854249045507,True
R189I,-4.59193166398144,189,True,mild,sensitive,189,-2.8801892474147768,True
R189K,-0.630616076242796,189,True,neutral,sensitive,189,-0.3955402159592633,True
R189L,-1.28716107876191,189,True,neutral,sensitive,189,-0.8073437868904318,True
R189M,-3.3488332197944506,189,True,neutral,sensitive,189,-2.1004827895619065,True
R189N,-2.79400423728228,189,True,neutral,sensitive,189,-1.7524783795398122,True
R189P,-5.54053632458657,189,True,impactful,sensitive,189,-3.475180885673068,True
R189Q,-1.13376721977199,189,True,neutral,sensitive,189,-0.7111308256332601,True
R189R,0.0,189,True,neutral,sensitive,189,0.0,True
R189S,-2.67181696015743,189,True,neutral,sensitive,189,-1.6758390679171415,True
R189T,-4.37402214456675,189,True,mild,sensitive,189,-2.7435102415727486,True
R189V,-4.54873844290922,189,True,mild,sensitive,189,-2.853097239084332,True
R189W,-5.35459320493098,189,True,impactful,sensitive,189,-3.3585521087111654,True
R189Y,-4.62536635295622,189,True,mild,sensitive,189,-2.9011604287655732,True
I190A,-2.83092951264112,190,True,neutral,sensitive,190,-2.8001353504806654,True
I190C,-3.80456093370306,190,True,neutral,sensitive,190,-3.7631758459364346,True
I190D,-5.3765900019235096,190,True,impactful,sensitive,190,-5.318104764601212,True
I190E,-4.94242997899134,190,True,impactful,sensitive,190,-4.888667428719377,True
I190F,-4.9797710367343,190,True,impactful,sensitive,190,-4.925602299525416,True
I190G,-5.99304332934096,190,True,impactful,sensitive,190,-5.927852462774247,True
I190H,-5.3765900019235096,190,True,impactful,sensitive,190,-5.318104764601212,True
I190I,0.0,190,True,neutral,sensitive,190,0.0,True
I190K,-5.798573956363058,190,True,impactful,sensitive,190,-5.7354984802997055,True
I190L,-0.7192877811228799,190,True,neutral,sensitive,190,-0.7114635437220459,True
I190M,-0.651859662221536,190,True,neutral,sensitive,190,-0.6447688914853965,True
I190N,-5.11667602407872,190,True,impactful,sensitive,190,-5.061018067741619,True
I190P,-5.30508020215096,190,True,impactful,sensitive,190,-5.24737283102435,True
I190Q,-5.3765900019235096,190,True,impactful,sensitive,190,-5.318104764601212,True
I190R,-5.798573956363058,190,True,impactful,sensitive,190,-5.7354984802997055,True
I190S,-3.8838016134170097,190,True,mild,sensitive,190,-3.8415545648244716,True
I190T,-2.30861682680402,190,True,neutral,sensitive,190,-2.283504254903693,True
I190V,-0.33906551076289304,190,True,neutral,sensitive,190,-0.3353772386689302,True
I190W,-5.119906357938549,190,True,impactful,sensitive,190,-5.064213262816018,True
I190Y,-5.347030055650549,190,True,impactful,sensitive,190,-5.288866364228607,True
K191A,-2.97557033387514,191,True,neutral,tolerant,191,-1.3763806769209335,True
K191C,-3.64861141598996,191,True,neutral,tolerant,191,-1.687702755129173,True
K191D,-3.3716995816682203,191,True,neutral,tolerant,191,-1.5596143367066069,True
K191E,-2.26071368256338,191,True,neutral,tolerant,191,-1.0457163768932674,True
K191F,-3.4227131018766297,191,True,neutral,tolerant,191,-1.583211165414443,True
K191G,-3.8909970123160695,191,True,mild,tolerant,191,-1.7998207068875984,True
K191H,-1.74683965555148,191,True,neutral,tolerant,191,-0.8080186578715789,True
K191I,-2.80390634596196,191,True,neutral,tolerant,191,-1.2969757328680116,True
K191K,0.0,191,True,neutral,tolerant,191,0.0,True
K191L,-1.90125924171691,191,True,neutral,tolerant,191,-0.8794470264490509,True
K191M,-1.18771044143999,191,True,neutral,tolerant,191,-0.549387686375499,True
K191N,-2.6917383918173,191,True,neutral,tolerant,191,-1.2450912914562693,True
K191P,-4.5407059177954405,191,True,mild,tolerant,191,-2.100350246702126,True
K191Q,-0.7627782731169531,191,True,neutral,tolerant,191,-0.3528309393130773,True
K191R,-0.762741293519444,191,True,neutral,tolerant,191,-0.35281383401972477,True
K191S,-3.01200222726642,191,True,neutral,tolerant,191,-1.393232624097762,True
K191T,-2.98907977119048,191,True,neutral,tolerant,191,-1.382629606164926,True
K191V,-1.88179331540522,191,True,neutral,tolerant,191,-0.8704428619267878,True
K191W,-3.90651798739263,191,True,mild,tolerant,191,-1.8070000936220159,True
K191Y,-3.33321331652508,191,True,neutral,tolerant,191,-1.5418121187362162,True
N192A,-1.21433569507788,192,True,neutral,tolerant,192,-0.4514859959061319,True
N192C,-2.1306626286079497,192,True,neutral,tolerant,192,-0.7921733197139877,True
N192D,-1.13206816298684,192,True,neutral,tolerant,192,-0.42089919951415006,True
N192E,-0.635144017316736,192,True,neutral,tolerant,192,-0.23614444536580725,True
N192F,-4.19489076298012,192,True,mild,tolerant,192,-1.5596465141544305,True
N192G,-2.6232595262406497,192,True,neutral,tolerant,192,-0.9753192173512197,True
N192H,-1.32458254010567,192,True,neutral,tolerant,192,-0.4924754083269604,True
N192I,-3.14398196007206,192,True,neutral,tolerant,192,-1.1689220963425695,True
N192K,-1.3996389416090802,192,True,neutral,tolerant,192,-0.520381130211982,True
N192L,-3.3871424703737496,192,True,neutral,tolerant,192,-1.2593283699978626,True
N192M,-3.347725485680201,192,True,neutral,tolerant,192,-1.2446732654315407,True
N192N,0.0,192,True,neutral,tolerant,192,0.0,True
N192P,-4.66424341628237,192,True,mild,tolerant,192,-1.7341502786128749,True
N192Q,-1.9546694973043104,192,True,neutral,tolerant,192,-0.7267396554633735,True
N192R,-0.859043727693138,192,True,neutral,tolerant,192,-0.3193896172998343,True
N192S,-0.251519339118283,192,True,neutral,tolerant,192,-0.09351405856861289,True
N192T,-1.28700515146562,192,True,neutral,tolerant,192,-0.47850425949021586,True
N192V,-3.14492670712022,192,True,neutral,tolerant,192,-1.169273350171018,True
N192W,-4.17269700528849,192,True,mild,tolerant,192,-1.5513949484342426,True
N192Y,-4.16594705834904,192,True,mild,tolerant,192,-1.5488853404826495,True
N193A,-5.58414401152691,193,True,impactful,sensitive,193,-4.191709019129483,True
N193C,-5.73867212986718,193,True,impactful,sensitive,193,-4.307704757423293,True
N193D,-1.72520693072938,193,True,neutral,sensitive,193,-1.2950177209748681,True
N193E,-4.44352863619502,193,True,mild,sensitive,193,-3.335511946441684,True
N193F,-5.05238317969096,193,True,impactful,sensitive,193,-3.7925454821172884,True
N193G,-4.4997909465333485,193,True,mild,sensitive,193,-3.377744960704106,True
N193H,-3.80280758089869,193,True,neutral,sensitive,193,-2.8545579773664107,True
N193I,-6.22765455634175,193,True,impactful,sensitive,193,-4.674756904183529,True
N193K,-5.85045748812497,193,True,impactful,sensitive,193,-4.391615862410657,True
N193L,-6.09715053846425,193,True,impactful,sensitive,193,-4.576794733501586,True
N193M,-6.66970789613079,193,True,impactful,sensitive,193,-5.006581973075935,True
N193N,0.0,193,True,neutral,sensitive,193,0.0,True
N193P,-7.123471748483138,193,True,impactful,sensitive,193,-5.347197478072588,True
N193Q,-3.0121055591729107,193,True,neutral,sensitive,193,-2.2610215662226034,True
N193R,-5.90718872470953,193,True,impactful,sensitive,193,-4.434200873751159,True
N193S,-2.2425498942398,193,True,neutral,sensitive,193,-1.6833585591863167,True
N193T,-5.43202998653037,193,True,impactful,sensitive,193,-4.0775254076040826,True
N193V,-6.322770523651791,193,True,impactful,sensitive,193,-4.746155216478793,True
N193W,-6.714716562337049,193,True,impactful,sensitive,193,-5.0403674971753,True
N193Y,-6.26789371664698,193,True,impactful,sensitive,193,-4.704962223176997,True
D194A,-2.65356911186883,194,True,neutral,sensitive,194,-2.1578206923248127,True
D194C,-4.70118349294338,194,True,mild,sensitive,194,-3.8228930892041957,True
D194D,0.0,194,True,neutral,sensitive,194,0.0,True
D194E,-1.82435025158585,194,True,neutral,sensitive,194,-1.483519198845166,True
D194F,-6.9300198009057805,194,True,impactful,sensitive,194,-5.635330942665253,True
D194G,-4.7783062594671915,194,True,mild,sensitive,194,-3.88560752943116,True
D194H,-3.11009648595162,194,True,neutral,sensitive,194,-2.529058136264901,True
D194I,-6.12777451871127,194,True,impactful,sensitive,194,-4.982963735609504,True
D194K,-4.54474268282166,194,True,mild,sensitive,194,-3.6956790604853573,True
D194L,-6.17641308359112,194,True,impactful,sensitive,194,-5.022515485467192,True
D194M,-6.18509080770741,194,True,impactful,sensitive,194,-5.029572008915805,True
D194N,-2.5459143691334303,194,True,neutral,sensitive,194,-2.070278359071714,True
D194P,-6.76774772386704,194,True,impactful,sensitive,194,-5.503375063297138,True
D194Q,-4.56477034336175,194,True,mild,sensitive,194,-3.7119650882880504,True
D194R,-5.84420923997468,194,True,impactful,sensitive,194,-4.752375045325973,True
D194S,-3.9278984605942,194,True,mild,sensitive,194,-3.19407568384445,True
D194T,-4.56991163940142,194,True,mild,sensitive,194,-3.71614587066532,True
D194V,-5.3558278084741,194,True,impactful,sensitive,194,-4.355234622668212,True
D194W,-6.9300198009057805,194,True,impactful,sensitive,194,-5.635330942665253,True
D194Y,-5.150387845247192,194,True,impactful,sensitive,194,-4.188175622132414,True
P195A,-1.80451156278324,195,True,neutral,tolerant,195,-0.9474479425168332,True
P195C,-3.69216155525557,195,True,neutral,tolerant,195,-1.9385472174925822,True
P195D,-3.3308976543625297,195,True,neutral,tolerant,195,-1.7488677792080234,True
P195E,-3.3105663696120096,195,True,neutral,tolerant,195,-1.7381929604355166,True
P195F,-5.591003057012429,195,True,impactful,tolerant,195,-2.9355225271050562,True
P195G,-2.58137016538816,195,True,neutral,tolerant,195,-1.3553328792746182,True
P195H,-3.2258582009414702,195,True,neutral,tolerant,195,-1.6937174459658362,True
P195I,-3.58044124128501,195,True,neutral,tolerant,195,-1.8798891386019807,True
P195K,-2.27698746362094,195,True,neutral,tolerant,195,-1.1955185724700301,True
P195L,-4.32031864327615,195,True,mild,tolerant,195,-2.268357318406828,True
P195M,-4.362832419708258,195,True,mild,tolerant,195,-2.2906789210166196,True
P195N,-2.19093797741742,195,True,neutral,tolerant,195,-1.1503388072972265,True
P195P,0.0,195,True,neutral,tolerant,195,0.0,True
P195Q,-2.34077753228866,195,True,neutral,tolerant,195,-1.2290111643484778,True
P195R,-2.33608763906775,195,True,neutral,tolerant,195,-1.2265487641209494,True
P195S,-1.59900536464123,195,True,neutral,tolerant,195,-0.8395481492321657,True
P195T,-1.8795916846886496,195,True,neutral,tolerant,195,-0.9868683089419045,True
P195V,-2.42620779332819,195,True,neutral,tolerant,195,-1.273865809073357,True
P195W,-6.09156668127381,195,True,impactful,tolerant,195,-3.1983404473037655,True
P195Y,-4.3063317780778,195,True,mild,tolerant,195,-2.261013598960665,True
K196A,-0.89808952651151,196,True,neutral,tolerant,196,-0.20446728642339485,True
K196C,-0.8877175772109929,196,True,neutral,tolerant,196,-0.202105913458012,True
K196D,0.0440507345908084,196,True,neutral,tolerant,196,0.010028993659157581,True
K196E,0.110742982193354,196,True,neutral,tolerant,196,0.025212761524414935,True
K196F,-2.11115672575358,196,True,neutral,tolerant,196,-0.4806452744261031,True
K196G,-1.02656936349612,196,True,neutral,tolerant,196,-0.23371818274595277,True
K196H,-0.9539281680227092,196,True,neutral,tolerant,196,-0.21718002292719518,True
K196I,-3.46863559507925,196,True,neutral,tolerant,196,-0.7897013457804333,True
K196K,0.0,196,True,neutral,tolerant,196,0.0,True
K196L,-2.4772184930041297,196,True,neutral,tolerant,196,-0.5639862487984536,True
K196M,-1.72286158948005,196,True,neutral,tolerant,196,-0.3922424476459675,True
K196N,-0.43457066935230093,196,True,neutral,tolerant,196,-0.09893833843804942,True
K196P,-4.06516655687697,196,True,mild,tolerant,196,-0.9255130476495058,True
K196Q,-1.79196721597409,196,True,neutral,tolerant,196,-0.40797566745169245,True
K196R,-1.10689875475303,196,True,neutral,tolerant,196,-0.2520067076262539,True
K196S,-0.357631430216396,196,True,neutral,tolerant,196,-0.08142164663705943,True
K196T,-0.8985740079860021,196,True,neutral,tolerant,196,-0.2045775879128205,True
K196V,-2.9770237499538896,196,True,neutral,tolerant,196,-0.6777764908755672,True
K196W,-3.88540208123058,196,True,mild,tolerant,196,-0.884586220817982,True
K196Y,-3.86311076184753,196,True,mild,tolerant,196,-0.8795111749005068,True
L197A,-3.9913348960843504,197,True,mild,sensitive,197,-3.583669090696313,True
L197C,-3.87581917504597,197,True,mild,sensitive,197,-3.479951880852343,True
L197D,-6.628189326787571,197,True,impactful,sensitive,197,-5.951201248733761,True
L197E,-6.0310575504068105,197,True,impactful,sensitive,197,-5.415059144449889,True
L197F,-4.38808261266224,197,True,mild,sensitive,197,-3.9398939041288754,True
L197G,-6.3289702555244896,197,True,impactful,sensitive,197,-5.682543728142258,True
L197H,-6.34407807395571,197,True,impactful,sensitive,197,-5.696108468598624,True
L197I,-2.7905772649168097,197,True,neutral,sensitive,197,-2.5055540940182945,True
L197K,-5.48868710606364,197,True,impactful,sensitive,197,-4.928085175162906,True
L197L,0.0,197,True,neutral,sensitive,197,0.0,True
L197M,-2.83192946832565,197,True,neutral,sensitive,197,-2.5426826780751797,True
L197N,-6.628189326787571,197,True,impactful,sensitive,197,-5.951201248733761,True
L197P,-7.6370399343391,197,True,impactful,sensitive,197,-6.85701016568519,True
L197Q,-4.82743563272514,197,True,mild,sensitive,197,-4.334372412922545,True
L197R,-5.49893434013629,197,True,impactful,sensitive,197,-4.9372857802154435,True
L197S,-5.396037633506991,197,True,impactful,sensitive,197,-4.844898707548697,True
L197T,-3.64668907776631,197,True,neutral,sensitive,197,-3.27422460695836,True
L197V,-1.6973904305945602,197,True,neutral,sensitive,197,-1.5240228593528873,True
L197W,-6.37105159660395,197,True,impactful,sensitive,197,-5.7203269774179475,True
L197Y,-4.51442766220326,197,True,mild,sensitive,197,-4.053334359663398,True
E198A,-2.22195075947958,198,True,neutral,tolerant,198,-1.4712526544181228,True
E198C,-2.12609083907503,198,True,neutral,tolerant,198,-1.4077795275966547,True
E198D,-1.4876624831736,198,True,neutral,tolerant,198,-0.985047651443029,True
E198E,0.0,198,True,neutral,tolerant,198,0.0,True
E198F,-2.60035448268161,198,True,neutral,tolerant,198,-1.7218106291290847,True
E198G,-5.1152176906968885,198,True,impactful,tolerant,198,-3.387013674023544,True
E198H,-3.0731194126080696,198,True,neutral,tolerant,198,-2.0348493655199005,True
E198I,-1.43549530931236,198,True,neutral,tolerant,198,-0.9505054399698919,True
E198K,-1.48983741262317,198,True,neutral,tolerant,198,-0.9864877691919035,True
E198L,-0.68211841569059,198,True,neutral,tolerant,198,-0.45166101248225604,True
E198M,-2.47549630176543,198,True,neutral,tolerant,198,-1.6391364612542874,True
E198N,-2.3475353599870403,198,True,neutral,tolerant,198,-1.5544078170887463,True
E198P,-4.35173354828541,198,True,mild,tolerant,198,-2.8814767865219855,True
E198Q,-1.42385873596438,198,True,neutral,tolerant,198,-0.9428003459872707,True
E198R,-1.7890184840225902,198,True,neutral,tolerant,198,-1.1845888943271656,True
E198S,-1.52704175099706,198,True,neutral,tolerant,198,-1.0111224202321796,True
E198T,-1.0872786890957,198,True,neutral,tolerant,198,-0.7199356919137913,True
E198V,-0.6505083002149971,198,True,neutral,tolerant,198,-0.4307305458184394,True
E198W,-4.89271531458588,198,True,impactful,tolerant,198,-3.239684931444058,True
E198Y,-4.61163554023607,198,True,mild,tolerant,198,-3.0535694820574735,True
E199A,-2.7899497708242,199,True,neutral,sensitive,199,-1.450241120217236,True
E199C,-4.80215470989735,199,True,mild,sensitive,199,-2.4962034437919782,True
E199D,-0.7716123021095771,199,True,neutral,sensitive,199,-0.4010910522787707,True
E199E,0.0,199,True,neutral,sensitive,199,0.0,True
E199F,-5.81275920732718,199,True,impactful,sensitive,199,-3.0215248003898227,True
E199G,-6.32794882796699,199,True,impactful,sensitive,199,-3.2893250240261964,True
E199H,-2.73214415258394,199,True,neutral,sensitive,199,-1.4201932371233268,True
E199I,-3.99998322603048,199,True,mild,sensitive,199,-2.0792274524909806,True
E199K,-3.8996532349721496,199,True,mild,sensitive,199,-2.027075015860971,True
E199L,-4.84430183644303,199,True,mild,sensitive,199,-2.5181119013042754,True
E199M,-5.49320737951924,199,True,impactful,sensitive,199,-2.855418870607887,True
E199N,-2.7974438378615294,199,True,neutral,sensitive,199,-1.4541366040316235,True
E199P,-6.49173668690794,199,True,impactful,sensitive,199,-3.374463434227157,True
E199Q,-4.04548065698089,199,True,mild,sensitive,199,-2.102877428529451,True
E199R,-4.02984073463387,199,True,mild,sensitive,199,-2.0947476554626223,True
E199S,-3.3958953512102097,199,True,neutral,sensitive,199,-1.765217112430202,True
E199T,-3.25364372256454,199,True,neutral,sensitive,199,-1.691273429487524,True
E199V,-3.96650816484404,199,True,mild,sensitive,199,-2.061826812973366,True
E199W,-5.81635060234899,199,True,impactful,sensitive,199,-3.023391639998922,True
E199Y,-4.96224773860855,199,True,impactful,sensitive,199,-2.5794212478273937,True
V200A,-4.4337891287875095,200,True,mild,sensitive,200,-4.2897734688520215,True
V200C,-5.59587888906165,200,True,impactful,sensitive,200,-5.41411693157594,True
V200D,-6.62570379634791,200,True,impactful,sensitive,200,-6.410491688362735,True
V200E,-6.2645376494397915,200,True,impactful,sensitive,200,-6.0610567220503775,True
V200F,-5.54107384542664,200,True,impactful,sensitive,200,-5.361092032259396,True
V200G,-6.884866296161832,200,True,impactful,sensitive,200,-6.661236228423248,True
V200H,-6.62570379634791,200,True,impactful,sensitive,200,-6.410491688362735,True
V200I,-0.8295044244507879,200,True,neutral,sensitive,200,-0.8025609628569443,True
V200K,-6.5233036564642095,200,True,impactful,sensitive,200,-6.3114176479606465,True
V200L,-2.29895759539662,200,True,neutral,sensitive,200,-2.2242842436318537,True
V200M,-4.25205432417498,200,True,mild,sensitive,200,-4.113941664373077,True
V200N,-6.62570379634791,200,True,impactful,sensitive,200,-6.410491688362735,True
V200P,-6.377282733271179,200,True,impactful,sensitive,200,-6.170139688180444,True
V200Q,-6.35646374483064,200,True,impactful,sensitive,200,-6.149996929545239,True
V200R,-6.835038857468951,200,True,impactful,sensitive,200,-6.61302725449218,True
V200S,-5.81578986465909,200,True,impactful,sensitive,200,-5.6268848917168945,True
V200T,-5.57434942688397,200,True,impactful,sensitive,200,-5.393286776382311,True
V200V,0.0,200,True,neutral,sensitive,200,0.0,True
V200W,-5.95175814054025,200,True,impactful,sensitive,200,-5.758436728202195,True
V200Y,-6.18859325765422,200,True,impactful,sensitive,200,-5.987579110119172,True
N201A,-5.57404384335494,201,True,impactful,sensitive,201,-3.480204221901482,True
N201C,-4.28177720120829,201,True,mild,sensitive,201,-2.673365964039067,True
N201D,-4.542419465603039,201,True,mild,sensitive,201,-2.8361002973963383,True
N201E,-4.6601261441778,201,True,mild,sensitive,201,-2.9095915169191695,True
N201F,-6.44292480172381,201,True,impactful,sensitive,201,-4.022697834191606,True
N201G,-6.63016901078625,201,True,impactful,sensitive,201,-4.139605433991447,True
N201H,-4.69597838748175,201,True,mild,sensitive,201,-2.931976186293414,True
N201I,-5.78409864357309,201,True,impactful,sensitive,201,-3.611353818692217,True
N201K,-5.93964219289378,201,True,impactful,sensitive,201,-3.708468827516689,True
N201L,-6.36283503079945,201,True,impactful,sensitive,201,-3.9726930680406607,True
N201M,-6.46151413596753,201,True,impactful,sensitive,201,-4.0343042516033485,True
N201N,0.0,201,True,neutral,sensitive,201,0.0,True
N201P,-7.595883780187499,201,True,impactful,sensitive,201,-4.7425581039151865,True
N201Q,-4.85184498348818,201,True,mild,sensitive,201,-3.0292928922109077,True
N201R,-5.34557917464564,201,True,impactful,sensitive,201,-3.3375602587497917,True
N201S,-4.5841773184603,201,True,mild,sensitive,201,-2.8621721870146137,True
N201T,-5.59849193531926,201,True,impactful,sensitive,201,-3.4954686071956695,True
N201V,-6.3439011378894605,201,True,impactful,sensitive,201,-3.960871522338086,True
N201W,-6.7662245447413705,201,True,impactful,sensitive,201,-4.224552925792781,True
N201Y,-6.329013113329848,201,True,impactful,sensitive,201,-3.9515760507945847,True
L202A,-5.25767243567848,202,True,impactful,sensitive,202,-5.25767243567848,True
L202C,-5.2817862182612805,202,True,impactful,sensitive,202,-5.2817862182612805,True
L202D,-6.20244282037094,202,True,impactful,sensitive,202,-6.20244282037094,True
L202E,-6.13606969626495,202,True,impactful,sensitive,202,-6.13606969626495,True
L202F,-2.5251518814515,202,True,neutral,sensitive,202,-2.5251518814515,True
L202G,-6.47345065148637,202,True,impactful,sensitive,202,-6.47345065148637,True
L202H,-6.25573762615694,202,True,impactful,sensitive,202,-6.25573762615694,True
L202I,-2.7019749912386604,202,True,neutral,sensitive,202,-2.7019749912386604,True
L202K,-5.9007253631558605,202,True,impactful,sensitive,202,-5.9007253631558605,True
L202L,0.0,202,True,neutral,sensitive,202,0.0,True
L202M,-3.22341769434312,202,True,neutral,sensitive,202,-3.22341769434312,True
L202N,-6.102651276027371,202,True,impactful,sensitive,202,-6.102651276027371,True
L202P,-7.45997004828773,202,True,impactful,sensitive,202,-7.45997004828773,True
L202Q,-6.49865808651276,202,True,impactful,sensitive,202,-6.49865808651276,True
L202R,-5.92579008165697,202,True,impactful,sensitive,202,-5.92579008165697,True
L202S,-5.8640947441448406,202,True,impactful,sensitive,202,-5.8640947441448406,True
L202T,-5.75161958329933,202,True,impactful,sensitive,202,-5.75161958329933,True
L202V,-2.73573349003919,202,True,neutral,sensitive,202,-2.73573349003919,True
L202W,-3.4359950464056404,202,True,neutral,sensitive,202,-3.4359950464056404,True
L202Y,-5.0304299920528885,202,True,impactful,sensitive,202,-5.0304299920528885,True
N203A,-5.394522919336362,203,True,impactful,sensitive,203,-4.27762397913384,True
N203C,-5.562370280655861,203,True,impactful,sensitive,203,-4.410719696466145,True
N203D,-4.71253872084788,203,True,mild,sensitive,203,-3.7368399275195805,True
N203E,-4.70149769089019,203,True,mild,sensitive,203,-3.728084867024414,True
N203F,-3.1717375266717003,203,True,neutral,sensitive,203,-2.51505104389817,True
N203G,-5.993158301249171,203,True,impactful,sensitive,203,-4.7523160145035215,True
N203H,-3.59679820788713,203,True,neutral,sensitive,203,-2.852105828861021,True
N203I,-6.35865713657667,203,True,impactful,sensitive,203,-5.042140824912287,True
N203K,-5.69675082169796,203,True,impactful,sensitive,203,-4.517277668929329,True
N203L,-6.27341524893161,203,True,impactful,sensitive,203,-4.974547684968413,True
N203M,-6.14987873345146,203,True,impactful,sensitive,203,-4.876588557012471,True
N203N,0.0,203,True,neutral,sensitive,203,0.0,True
N203P,-6.86167291235924,203,True,impactful,sensitive,203,-5.441010637228302,True
N203Q,-4.8834232108626505,203,True,impactful,sensitive,203,-3.872343956898913,True
N203R,-5.81214995171172,203,True,impactful,sensitive,203,-4.608784201221302,True
N203S,-2.97246944235672,203,True,neutral,sensitive,203,-2.357040048581705,True
N203T,-5.2474306819202,203,True,impactful,sensitive,203,-4.160986179772478,True
N203V,-6.262720465130402,203,True,impactful,sensitive,203,-4.966067182739806,True
N203W,-6.46576371151062,203,True,impactful,sensitive,203,-5.127071718730183,True
N203Y,-6.36638149362313,203,True,impactful,sensitive,203,-5.048265906855473,True
N204A,-5.766808842511518,204,True,impactful,sensitive,204,-2.527138861856981,True
N204C,-5.69562951045583,204,True,impactful,sensitive,204,-2.4959465575667954,True
N204D,-4.60173339446707,204,True,mild,sensitive,204,-2.016577904808459,True
N204E,-4.8948500851999,204,True,impactful,sensitive,204,-2.1450279021014587,True
N204F,-6.41762286819012,204,True,impactful,sensitive,204,-2.8123394747175414,True
N204G,-5.8272945665333085,204,True,impactful,sensitive,204,-2.553644998602178,True
N204H,-4.71760295171039,204,True,mild,sensitive,204,-2.0673544207312986,True
N204I,-3.29381206369591,204,True,neutral,sensitive,204,-1.4434188295712786,True
N204K,-6.0208361693141,204,True,impactful,sensitive,204,-2.6384590646013577,True
N204L,-6.58543499093086,204,True,impactful,sensitive,204,-2.885878332767177,True
N204M,-6.449371035467171,204,True,impactful,sensitive,204,-2.826252200023627,True
N204N,0.0,204,True,neutral,sensitive,204,0.0,True
N204P,-7.44581875944278,204,True,impactful,sensitive,204,-3.262916885092503,True
N204Q,-4.8606605105682,204,True,mild,sensitive,204,-2.13004529992377,True
N204R,-6.10867805696466,204,True,impactful,sensitive,204,-2.6769532568041856,True
N204S,-3.75259259441873,204,True,neutral,sensitive,204,-1.6444662615073224,True
N204T,-5.7635594833216,204,True,impactful,sensitive,204,-2.525714923226583,True
N204V,-6.759741757214639,204,True,impactful,sensitive,204,-2.962263282397052,True
N204W,-6.50627745937879,204,True,impactful,sensitive,204,-2.8511898109768854,True
N204Y,-6.44002064947822,204,True,impactful,sensitive,204,-2.822154661081145,True
I205A,-4.32202306678202,205,True,mild,sensitive,205,-3.8481112915735243,True
I205C,-4.718556079534331,205,True,mild,sensitive,205,-4.201164280943605,True
I205D,-5.086221764089268,205,True,impactful,sensitive,205,-4.528515257650302,True
I205E,-5.288884946331112,205,True,impactful,sensitive,205,-4.70895633071281,True
I205F,-5.19638634479393,205,True,impactful,sensitive,205,-4.626600242480497,True
I205G,-6.3533929623372005,205,True,impactful,sensitive,205,-5.656740563482653,True
I205H,-3.58271253128425,205,True,neutral,sensitive,205,-3.1898664891582387,True
I205I,0.0,205,True,neutral,sensitive,205,0.0,True
I205K,-4.69295928391866,205,True,mild,sensitive,205,-4.178374185491824,True
I205L,-1.77620138054297,205,True,neutral,sensitive,205,-1.5814400994543807,True
I205M,-1.89996667830159,205,True,neutral,sensitive,205,-1.6916344765900189,True
I205N,-5.07790604813678,205,True,impactful,sensitive,205,-4.521111363696049,True
I205P,-6.49358901947706,205,True,impactful,sensitive,205,-5.781564059835637,True
I205Q,-4.65970153494609,205,True,mild,sensitive,205,-4.148763163667974,True
I205R,-6.01623196136051,205,True,impactful,sensitive,205,-5.356549418065503,True
I205S,-3.87272912514735,205,True,mild,sensitive,205,-3.4480826329279717,True
I205T,-4.69101651496692,205,True,mild,sensitive,205,-4.176644442030349,True
I205V,-2.6866094075584104,205,True,neutral,sensitive,205,-2.3920214764079577,True
I205W,-5.25199788112245,205,True,impactful,sensitive,205,-4.676113948812209,True
I205Y,-5.05596822501219,205,True,impactful,sensitive,205,-4.501579032754296,True
R206A,-3.39529774080634,206,True,neutral,tolerant,206,-0.9084169270309573,True
R206C,-3.61068090922709,206,True,neutral,tolerant,206,-0.966043011965854,True
R206D,-2.4864462445923303,206,True,neutral,tolerant,206,-0.6652523664106728,True
R206E,-2.45649663750144,206,True,neutral,tolerant,206,-0.657239304783615,True
R206F,-2.60815172146284,206,True,neutral,tolerant,206,-0.6978148465645603,True
R206G,-1.74124860988837,206,True,neutral,tolerant,206,-0.4658736382324063,True
R206H,-3.02844473894052,206,True,neutral,tolerant,206,-0.810264864364463,True
R206I,-4.685338900813219,206,True,mild,tolerant,206,-1.253569345398423,True
R206K,-0.456163187959466,206,True,neutral,tolerant,206,-0.12204713490969767,True
R206L,-4.30273052555054,206,True,mild,tolerant,206,-1.1512019093013792,True
R206M,-1.3773301097882598,206,True,neutral,tolerant,206,-0.3685067058489899,True
R206N,-2.4628206615777097,206,True,neutral,tolerant,206,-0.6589313067688284,True
R206P,-2.4760755633029903,206,True,neutral,tolerant,206,-0.6624776753092548,True
R206Q,-1.5355083316411102,206,True,neutral,tolerant,206,-0.4108275228105865,True
R206R,0.0,206,True,neutral,tolerant,206,0.0,True
R206S,-3.50038823462186,206,True,neutral,tolerant,206,-0.936534043920208,True
R206T,-3.5082868401761096,206,True,neutral,tolerant,206,-0.9386473275062646,True
R206V,-3.6667187694539294,206,True,neutral,tolerant,206,-0.9810360242642588,True
R206W,-5.19149588933937,206,True,impactful,tolerant,206,-1.388992395514485,True
R206Y,-4.1009141023187,206,True,mild,tolerant,206,-1.0972056270863448,True
N207A,-3.6020092976480496,207,True,neutral,tolerant,207,-1.0384536787451282,True
N207C,-3.43534491412274,207,True,neutral,tolerant,207,-0.990404596167619,True
N207D,-0.557812270756499,207,True,neutral,tolerant,207,-0.1608164101615429,True
N207E,-2.63568470762077,207,True,neutral,tolerant,207,-0.7598638022473256,True
N207F,-5.32796206681037,207,True,impactful,tolerant,207,-1.5360431779302797,True
N207G,-3.00328062231104,207,True,neutral,tolerant,207,-0.8658411327753298,True
N207H,-2.6580316388929,207,True,neutral,tolerant,207,-0.7663063877796176,True
N207I,-4.56488631975212,207,True,mild,tolerant,207,-1.3160496267722523,True
N207K,-3.5375083821423297,207,True,neutral,tolerant,207,-1.0198581651152552,True
N207L,-3.57980921429775,207,True,neutral,tolerant,207,-1.0320534292403252,True
N207M,-3.63769319906692,207,True,neutral,tolerant,207,-1.0487412920293582,True
N207N,0.0,207,True,neutral,tolerant,207,0.0,True
N207P,-5.95565905302544,207,True,impactful,tolerant,207,-1.7170072428753336,True
N207Q,-4.05533301640001,207,True,mild,tolerant,207,-1.1691462018620944,True
N207R,-3.48718600926145,207,True,neutral,tolerant,207,-1.0053503032739615,True
N207S,-2.23691057892758,207,True,neutral,tolerant,207,-0.6448978411099626,True
N207T,-3.11731499648453,207,True,neutral,tolerant,207,-0.8987170655057592,True
N207V,-3.48451851790627,207,True,neutral,tolerant,207,-1.0045812696646876,True
N207W,-5.46324177994892,207,True,impactful,tolerant,207,-1.5750441088440452,True
N207Y,-3.98865116487074,207,True,mild,tolerant,207,-1.1499219277683763,True
I208A,-2.55587703411627,208,True,neutral,sensitive,208,-2.3574411530598613,True
I208C,-5.7248410265633405,208,True,impactful,sensitive,208,-5.280369771549789,True
I208D,-6.047668295282639,208,True,impactful,sensitive,208,-5.5781330357640755,True
I208E,-5.84981685908927,208,True,impactful,sensitive,208,-5.395642598372779,True
I208F,-5.1359208372592,208,True,impactful,sensitive,208,-4.737172790004304,True
I208G,-5.129119699499241,208,True,impactful,sensitive,208,-4.7308996861620844,True
I208H,-6.062029785052871,208,True,impactful,sensitive,208,-5.591379513020873,True
I208I,0.0,208,True,neutral,sensitive,208,0.0,True
I208K,-4.79400140855293,208,True,mild,sensitive,208,-4.421799663087976,True
I208L,-2.8425719926254303,208,True,neutral,sensitive,208,-2.621877385532201,True
I208M,-2.8107960040585698,208,True,neutral,sensitive,208,-2.5925684547320236,True
I208N,-6.06133885745153,208,True,impactful,sensitive,208,-5.590742228386501,True
I208P,-6.534025101636809,208,True,impactful,sensitive,208,-6.026729558627126,True
I208Q,-5.818231309487129,208,True,impactful,sensitive,208,-5.36650932103581,True
I208R,-6.193631747775751,208,True,impactful,sensitive,208,-5.7127640235451205,True
I208S,-4.13625461121485,208,True,mild,sensitive,208,-3.8151197064075664,True
I208T,-4.13180580035088,208,True,mild,sensitive,208,-3.8110162970209207,True
I208V,-1.7429617980302,208,True,neutral,sensitive,208,-1.6076398887900032,True
I208W,-5.79049624441586,208,True,impactful,sensitive,208,-5.340927580244274,True
I208Y,-5.6776592961988905,208,True,impactful,sensitive,208,-5.236851186207444,True
P209A,-1.69419781288618,209,True,neutral,sensitive,209,-0.9607400663674093,True
P209C,-4.25630422106178,209,True,mild,sensitive,209,-2.4136508551244953,True
P209D,-3.35311752498314,209,True,neutral,sensitive,209,-1.9014747445589169,True
P209E,-3.16149488625934,209,True,neutral,sensitive,209,-1.792810015301962,True
P209F,-5.801723487671452,209,True,impactful,sensitive,209,-3.2900220778205536,True
P209G,-2.8969487038680697,209,True,neutral,sensitive,209,-1.6427920452073985,True
P209H,-4.63585178382759,209,True,mild,sensitive,209,-2.628883425883168,True
P209I,-5.26047888111839,209,True,impactful,sensitive,209,-2.9830948847468335,True
P209K,-3.3527965961642496,209,True,neutral,sensitive,209,-1.9012927533106607,True
P209L,-5.26239478879424,209,True,impactful,sensitive,209,-2.984181351305608,True
P209M,-5.3907430976318205,209,True,impactful,sensitive,209,-3.0569646838142814,True
P209N,-3.87947068921456,209,True,mild,sensitive,209,-2.1999573480011416,True
P209P,0.0,209,True,neutral,sensitive,209,0.0,True
P209Q,-4.430623638667121,209,True,mild,sensitive,209,-2.5125033312435487,True
P209R,-1.8505470176333,209,True,neutral,sensitive,209,-1.0494020538890112,True
P209S,-2.4808569096726,209,True,neutral,sensitive,209,-1.4068360931162562,True
P209T,-2.65323439107678,209,True,neutral,sensitive,209,-1.5045873425068872,True
P209V,-5.36631709570886,209,True,impactful,sensitive,209,-3.04311326780485,True
P209W,-5.94412600727513,209,True,impactful,sensitive,209,-3.3707752254720993,True
P209Y,-6.09152148932156,209,True,impactful,sensitive,209,-3.454359765675409,True
I210A,-2.26961102408657,210,True,neutral,tolerant,210,-1.799199234354901,True
I210C,-4.10498431564446,210,True,mild,tolerant,210,-3.254163184512571,True
I210D,-2.5388195643757703,210,True,neutral,tolerant,210,-2.012610164434898,True
I210E,-2.62261393412784,210,True,neutral,tolerant,210,-2.079036862358544,True
I210F,-4.63741496744452,210,True,mild,tolerant,210,-3.6762393953255166,True
I210G,-3.73403607689652,210,True,neutral,tolerant,210,-2.960099673163,True
I210H,-3.32942676874533,210,True,neutral,tolerant,210,-2.6393518667271074,True
I210I,0.0,210,True,neutral,tolerant,210,0.0,True
I210K,-2.8680076551138,210,True,neutral,tolerant,210,-2.273568960690738,True
I210L,-1.88987080529598,210,True,neutral,tolerant,210,-1.4981660160408665,True
I210M,-3.1900217823331,210,True,neutral,tolerant,210,-2.528840707697518,True
I210N,-2.50252129260274,210,True,neutral,tolerant,210,-1.9838352677282145,True
I210P,-3.3603138531918995,210,True,neutral,tolerant,210,-2.6638371279009196,True
I210Q,-2.54055871733945,210,True,neutral,tolerant,210,-2.01398885119993,True
I210R,-2.83750548442863,210,True,neutral,tolerant,210,-2.2493888339815777,True
I210S,-2.62957104907316,210,True,neutral,tolerant,210,-2.0845520082360087,True
I210T,-2.63435713092538,210,True,neutral,tolerant,210,-2.0883461010178497,True
I210V,-0.443160966230195,210,True,neutral,tolerant,210,-0.3513090404811729,True
I210W,-4.810190054454231,210,True,mild,tolerant,210,-3.8132041883955456,True
I210Y,-4.61730657547371,210,True,mild,tolerant,210,-3.6602987768433035,True
P211A,-0.796681931624364,211,True,neutral,tolerant,211,-0.3355374353769421,True
P211C,-4.17621887030522,211,True,mild,tolerant,211,-1.7588923680720645,True
P211D,-2.22281312220147,211,True,neutral,tolerant,211,-0.9361791509755958,True
P211E,-2.00625760716615,211,True,neutral,tolerant,211,-0.844972762017418,True
P211F,-5.257243786450299,211,True,impactful,tolerant,211,-2.2141861478648743,True
P211G,-3.90792546335637,211,True,mild,tolerant,211,-1.6458956022076603,True
P211H,-1.5925251390256798,211,True,neutral,tolerant,211,-0.6707216264243483,True
P211I,-4.37818061215669,211,True,mild,tolerant,211,-1.8439523176142034,True
P211K,-1.02514927459249,211,True,neutral,tolerant,211,-0.4317607125518212,True
P211L,-1.23724328530603,211,True,neutral,tolerant,211,-0.5210880558599978,True
P211M,-4.5904083058721605,211,True,mild,tolerant,211,-1.9333359640087697,True
P211N,-2.3488825925405097,211,True,neutral,tolerant,211,-0.9892756567174077,True
P211P,0.0,211,True,neutral,tolerant,211,0.0,True
P211Q,-1.25197997738895,211,True,neutral,tolerant,211,-0.5272946882325444,True
P211R,-3.21271428909034,211,True,neutral,tolerant,211,-1.35309446639804,True
P211S,-0.937881875889083,211,True,neutral,tolerant,211,-0.39500642204939207,True
P211T,-0.939309857331768,211,True,neutral,tolerant,211,-0.3956078430331308,True
P211V,-3.32497216775656,211,True,neutral,tolerant,211,-1.400373963036956,True
P211W,-5.24223688174939,211,True,impactful,tolerant,211,-2.2078657104149846,True
P211Y,-3.93832025986032,211,True,mild,tolerant,211,-1.6586969369221873,True
T212A,-1.74942836071152,212,True,neutral,tolerant,212,-1.5135106299897334,True
T212C,-4.09744011732443,212,True,mild,tolerant,212,-3.5448831816094777,True
T212D,-2.93309991547406,212,True,neutral,tolerant,212,-2.5375591253627867,True
T212E,-2.85459730086336,212,True,neutral,tolerant,212,-2.469642916637922,True
T212F,-3.87387645039702,212,True,mild,tolerant,212,-3.351468010132264,True
T212G,-3.9055940031463794,212,True,mild,tolerant,212,-3.378908318247477,True
T212H,-4.03979074781592,212,True,mild,tolerant,212,-3.49500807067447,True
T212I,-1.02904996066479,212,True,neutral,tolerant,212,-0.8902782698819551,True
T212K,-2.1215853601050703,212,True,neutral,tolerant,212,-1.8354807016182357,True
T212L,-3.1550995197471403,212,True,neutral,tolerant,212,-2.7296211545756695,True
T212M,-2.04506929819545,212,True,neutral,tolerant,212,-1.7692831506547528,True
T212N,-2.8560879419037204,212,True,neutral,tolerant,212,-2.4709325384999836,True
T212P,-5.54737938721055,212,True,impactful,tolerant,212,-4.799292077164171,True
T212Q,-2.96836956394755,212,True,neutral,tolerant,212,-2.568072514238521,True
T212R,-2.86349748812686,212,True,neutral,tolerant,212,-2.477342876427489,True
T212S,-2.8170304929304097,212,True,neutral,tolerant,212,-2.4371421498627805,True
T212T,0.0,212,True,neutral,tolerant,212,0.0,True
T212V,-1.09075067262795,212,True,neutral,tolerant,212,-0.9436583827984943,True
T212W,-5.37848203791452,212,True,impactful,tolerant,212,-4.653171241765881,True
T212Y,-5.093489688399781,212,True,impactful,tolerant,212,-4.406611302448973,True
L213A,-2.38355594238825,213,True,neutral,sensitive,213,-2.3565294153515937,True
L213C,-4.6970535116445,213,True,mild,sensitive,213,-4.643794831423264,True
L213D,-5.8810252461333095,213,True,impactful,sensitive,213,-5.814341815301549,True
L213E,-5.84543325922336,213,True,impactful,sensitive,213,-5.7791533967658095,True
L213F,-3.6341136950686495,213,True,neutral,sensitive,213,-3.592907415707887,True
L213G,-5.1981735009494106,213,True,impactful,sensitive,213,-5.139232750213821,True
L213H,-6.29952203332353,213,True,impactful,sensitive,213,-6.228093375189734,True
L213I,-2.7871888795294,213,True,neutral,sensitive,213,-2.755585662558796,True
L213K,-6.443629933533878,213,True,impactful,sensitive,213,-6.370567273029099,True
L213L,0.0,213,True,neutral,sensitive,213,0.0,True
L213M,-2.9845381010545298,213,True,neutral,sensitive,213,-2.9506971920808303,True
L213N,-6.24791382442922,213,True,impactful,sensitive,213,-6.177070338486346,True
L213P,-7.07901419729897,213,True,impactful,sensitive,213,-6.998747078246385,True
L213Q,-4.79330670339007,213,True,mild,sensitive,213,-4.738956633013976,True
L213R,-6.350179402557711,213,True,impactful,sensitive,213,-6.278176353559045,True
L213S,-4.49847994614498,213,True,mild,sensitive,213,-4.447472840447882,True
L213T,-4.64041729818254,213,True,mild,sensitive,213,-4.58780080140125,True
L213V,-2.89688000695388,213,True,neutral,sensitive,213,-2.8640330305361834,True
L213W,-4.42302324331487,213,True,mild,sensitive,213,-4.372871721740162,True
L213Y,-3.8185433570882,213,True,neutral,sensitive,213,-3.7752458772826354,True
K214A,-3.01169599397636,214,True,neutral,tolerant,214,-1.8992655619458088,True
K214C,-3.0296637479559303,214,True,neutral,tolerant,214,-1.9105965649511476,True
K214D,-2.90861432451541,214,True,neutral,tolerant,214,-1.834259178410871,True
K214E,-2.33539458032847,214,True,neutral,tolerant,214,-1.4727696649476516,True
K214F,-4.0719811780419,214,True,mild,tolerant,214,-2.567913108034374,True
K214G,-4.03848977999392,214,True,mild,tolerant,214,-2.5467924308275203,True
K214H,-2.9104999293728704,214,True,neutral,tolerant,214,-1.8354482972251123,True
K214I,-1.97550475076046,214,True,neutral,tolerant,214,-1.2458123755133337,True
K214K,0.0,214,True,neutral,tolerant,214,0.0,True
K214L,-2.95267738670223,214,True,neutral,tolerant,214,-1.8620466631811416,True
K214M,-3.07236858620436,214,True,neutral,tolerant,214,-1.9375275130866603,True
K214N,-2.93104565355321,214,True,neutral,tolerant,214,-1.8484050453361442,True
K214P,-5.50101030359478,214,True,impactful,tolerant,214,-3.4691016113257263,True
K214Q,-2.8101589806726803,214,True,neutral,tolerant,214,-1.7721702941662356,True
K214R,-1.49805514661394,214,True,neutral,tolerant,214,-0.9447183764729837,True
K214S,-2.19938792393513,214,True,neutral,tolerant,214,-1.3869997999945107,True
K214T,-2.19946349919693,214,True,neutral,tolerant,214,-1.3870474600147649,True
K214V,-2.79555209284762,214,True,neutral,tolerant,214,-1.7629587538684004,True
K214W,-5.5932541179213,214,True,impactful,tolerant,214,-3.5272733192946872,True
K214Y,-4.383318700029,214,True,mild,tolerant,214,-2.764251860296992,True
A215A,0.0,215,True,neutral,tolerant,215,0.0,True
A215C,-3.054796908941149,215,True,neutral,tolerant,215,-2.4035068531177877,True
A215D,-1.75158310564472,215,True,neutral,tolerant,215,-1.3781413703478143,True
A215E,-1.28552962753511,215,True,neutral,tolerant,215,-1.0114516158580147,True
A215F,-4.67753474347586,215,True,mild,tolerant,215,-3.6802730743686793,True
A215G,-3.6239899613927,215,True,neutral,tolerant,215,-2.8513465763773382,True
A215H,-3.4238205395557,215,True,neutral,tolerant,215,-2.6938537572109684,True
A215I,-3.2352027172869504,215,True,neutral,tolerant,215,-2.5454497087728574,True
A215K,-2.85490584425874,215,True,neutral,tolerant,215,-2.246233044690467,True
A215L,-3.2967223816137405,215,True,neutral,tolerant,215,-2.593853232548256,True
A215M,-3.2614496539614,215,True,neutral,tolerant,215,-2.566100735355261,True
A215N,-2.8075207755088103,215,True,neutral,tolerant,215,-2.20895058668399,True
A215P,-4.9608304945868085,215,True,impactful,tolerant,215,-3.903169489269901,True
A215Q,-2.6793631995791,215,True,neutral,tolerant,215,-2.1081165144992076,True
A215R,-2.86210340469823,215,True,neutral,tolerant,215,-2.2518960679151565,True
A215S,-0.7602093635582758,215,True,neutral,tolerant,215,-0.5981308969406935,True
A215T,-2.47000654693634,215,True,neutral,tolerant,215,-1.9433952042543676,True
A215V,-2.8113306184368505,215,True,neutral,tolerant,215,-2.21194816192706,True
A215W,-4.71932953891864,215,True,mild,tolerant,215,-3.7131571187964303,True
A215Y,-4.66409619956448,215,True,mild,tolerant,215,-3.6696996603743197,True
Y216A,-4.8722334815898405,216,True,mild,sensitive,216,-4.8722334815898405,True
Y216C,-1.42164461272715,216,True,neutral,sensitive,216,-1.42164461272715,True
Y216D,-6.02402526247249,216,True,impactful,sensitive,216,-6.02402526247249,True
Y216E,-6.02402526247249,216,True,impactful,sensitive,216,-6.02402526247249,True
Y216F,-0.433731390051911,216,True,neutral,sensitive,216,-0.433731390051911,True
Y216G,-6.04481371619112,216,True,impactful,sensitive,216,-6.04481371619112,True
Y216H,-5.80452003486023,216,True,impactful,sensitive,216,-5.80452003486023,True
Y216I,-0.9902055125506508,216,True,neutral,sensitive,216,-0.9902055125506508,True
Y216K,-6.8362915481552005,216,True,impactful,sensitive,216,-6.8362915481552005,True
Y216L,-1.08108350542533,216,True,neutral,sensitive,216,-1.08108350542533,True
Y216M,-2.20585868673319,216,True,neutral,sensitive,216,-2.20585868673319,True
Y216N,-5.7584732041235815,216,True,impactful,sensitive,216,-5.7584732041235815,True
Y216P,-5.8303311435438605,216,True,impactful,sensitive,216,-5.8303311435438605,True
Y216Q,-5.47622251713727,216,True,impactful,sensitive,216,-5.47622251713727,True
Y216R,-6.8362915481552005,216,True,impactful,sensitive,216,-6.8362915481552005,True
Y216S,-4.9627388843782905,216,True,impactful,sensitive,216,-4.9627388843782905,True
Y216T,-4.94960751116576,216,True,impactful,sensitive,216,-4.94960751116576,True
Y216V,-1.06271555054245,216,True,neutral,sensitive,216,-1.06271555054245,True
Y216W,-4.48164235142355,216,True,mild,sensitive,216,-4.48164235142355,True
Y216Y,0.0,216,True,neutral,sensitive,216,0.0,True
A217A,0.0,217,True,neutral,sensitive,217,0.0,True
A217C,-1.5413521554951102,217,True,neutral,sensitive,217,-1.5413521554951102,True
A217D,-6.24058351936381,217,True,impactful,sensitive,217,-6.24058351936381,True
A217E,-6.170991802138129,217,True,impactful,sensitive,217,-6.170991802138129,True
A217F,-2.43545325914299,217,True,neutral,sensitive,217,-2.43545325914299,True
A217G,-3.608117181460581,217,True,neutral,sensitive,217,-3.608117181460581,True
A217H,-6.4920302575602005,217,True,impactful,sensitive,217,-6.4920302575602005,True
A217I,-3.40004496985843,217,True,neutral,sensitive,217,-3.40004496985843,True
A217K,-5.96005835748653,217,True,impactful,sensitive,217,-5.96005835748653,True
A217L,-3.7163338117225,217,True,neutral,sensitive,217,-3.7163338117225,True
A217M,-4.2913676034532315,217,True,mild,sensitive,217,-4.2913676034532315,True
A217N,-6.21216697865643,217,True,impactful,sensitive,217,-6.21216697865643,True
A217P,-5.702836336678281,217,True,impactful,sensitive,217,-5.702836336678281,True
A217Q,-6.26192444724213,217,True,impactful,sensitive,217,-6.26192444724213,True
A217R,-5.93323197949684,217,True,impactful,sensitive,217,-5.93323197949684,True
A217S,-1.60069242940296,217,True,neutral,sensitive,217,-1.60069242940296,True
A217T,-2.66111149818182,217,True,neutral,sensitive,217,-2.66111149818182,True
A217V,-3.0299237914902,217,True,neutral,sensitive,217,-3.0299237914902,True
A217W,-4.93147920838126,217,True,impactful,sensitive,217,-4.93147920838126,True
A217Y,-5.16987201218837,217,True,impactful,sensitive,217,-5.16987201218837,True
E218A,-3.4277472724543703,218,True,neutral,tolerant,218,-2.0656186315270078,True
E218C,-4.885851982535269,218,True,impactful,tolerant,218,-2.9442972552587356,True
E218D,-0.840732566325586,218,True,neutral,tolerant,218,-0.5066397009748519,True
E218E,0.0,218,True,neutral,tolerant,218,0.0,True
E218F,-5.900672813221751,218,True,impactful,tolerant,218,-3.5558454963945962,True
E218G,-3.2983876948935498,218,True,neutral,tolerant,218,-1.9876643565069696,True
E218H,-1.6284026655443302,218,True,neutral,tolerant,218,-0.9813030594779323,True
E218I,-5.251921348952389,218,True,impactful,tolerant,218,-3.1648968629891674,True
E218K,-1.96890484847978,218,True,neutral,tolerant,218,-1.186495448893347,True
E218L,-3.8554017258272304,218,True,mild,tolerant,218,-2.323330456970299,True
E218M,-3.90973048120323,218,True,mild,tolerant,218,-2.3560698862258236,True
E218N,-2.61843995127884,218,True,neutral,tolerant,218,-1.5779163161651215,True
E218P,-5.91911206144488,218,True,impactful,tolerant,218,-3.56695730005268,True
E218Q,-0.8231666813487031,218,True,neutral,tolerant,218,-0.49605420081878904,True
E218R,-2.8679826322777497,218,True,neutral,tolerant,218,-1.7282949672911316,True
E218S,-2.703883366043089,218,True,neutral,tolerant,218,-1.6294059667868686,True
E218T,-3.28878657971496,218,True,neutral,tolerant,218,-1.981878561691901,True
E218V,-5.23272159408477,218,True,impactful,tolerant,218,-3.1533267651310166,True
E218W,-5.8665771611752415,218,True,impactful,tolerant,218,-3.5352988783030868,True
E218Y,-5.248468861619691,218,True,impactful,tolerant,218,-3.1628163355778143,True
A219A,0.0,219,True,neutral,sensitive,219,0.0,True
A219C,-4.35037359725119,219,True,mild,sensitive,219,-3.7662925234936306,True
A219D,-6.37234820107042,219,True,impactful,sensitive,219,-5.516796856700822,True
A219E,-4.7124326867204696,219,True,mild,sensitive,219,-4.079741566718946,True
A219F,-5.21603638632946,219,True,impactful,sensitive,219,-4.515731443505511,True
A219G,-2.62015775143957,219,True,neutral,sensitive,219,-2.2683754231719475,True
A219H,-5.31409375581986,219,True,impactful,sensitive,219,-4.600623632493257,True
A219I,-5.26903689320845,219,True,impactful,sensitive,219,-4.561616103371469,True
A219K,-5.694285176675861,219,True,impactful,sensitive,219,-4.929770560649298,True
A219L,-3.8262848853952303,219,True,neutral,sensitive,219,-3.312567951802199,True
A219M,-5.352971906136929,219,True,impactful,sensitive,219,-4.6342820031120375,True
A219N,-6.078444218998738,219,True,impactful,sensitive,219,-5.262352417491968,True
A219P,-6.71224893559168,219,True,impactful,sensitive,219,-5.811062525278412,True
A219Q,-6.20239716279832,219,True,impactful,sensitive,219,-5.369663441490544,True
A219R,-5.9190015659299515,219,True,impactful,sensitive,219,-5.124316531893914,True
A219S,-1.42446838321056,219,True,neutral,sensitive,219,-1.233219286046807,True
A219T,-1.69581329804443,219,True,neutral,sensitive,219,-1.4681334379423028,True
A219V,-2.31232639337504,219,True,neutral,sensitive,219,-2.0018734971976144,True
A219W,-6.65425729395153,219,True,impactful,sensitive,219,-5.760856840306338,True
A219Y,-6.0936993858144115,219,True,impactful,sensitive,219,-5.275559425910468,True
L220A,-4.40147270158156,220,True,mild,sensitive,220,-4.348583720222761,True
L220C,-6.14450157834134,220,True,impactful,sensitive,220,-6.070668011381073,True
L220D,-7.356062959189558,220,True,impactful,sensitive,220,-7.267671026965843,True
L220E,-7.1309166457384805,220,True,impactful,sensitive,220,-7.045230116906416,True
L220F,-4.36744638599701,220,True,mild,sensitive,220,-4.3149662716908255,True
L220G,-7.917692413112558,220,True,impactful,sensitive,220,-7.822551828396142,True
L220H,-7.356062959189558,220,True,impactful,sensitive,220,-7.267671026965843,True
L220I,-1.94657897803522,220,True,neutral,sensitive,220,-1.9231884934717827,True
L220K,-7.534320668858942,220,True,impactful,sensitive,220,-7.4437867561384765,True
L220L,0.0,220,True,neutral,sensitive,220,0.0,True
L220M,-0.7340219678641958,220,True,neutral,sensitive,220,-0.7252018122464252,True
L220N,-7.356062959189558,220,True,impactful,sensitive,220,-7.267671026965843,True
L220P,-5.73396877449193,220,True,impactful,sensitive,220,-5.665068252283291,True
L220Q,-7.16438597291149,220,True,impactful,sensitive,220,-7.078297269911605,True
L220R,-7.35495738052967,220,True,impactful,sensitive,220,-7.266578733161524,True
L220S,-4.67655544688754,220,True,mild,sensitive,220,-4.620361015926977,True
L220T,-6.23934482984875,220,True,impactful,sensitive,220,-6.164371607300212,True
L220V,-2.7857452913057403,220,True,neutral,sensitive,220,-2.7522712155198583,True
L220W,-6.08005673889798,220,True,impactful,sensitive,220,-6.006997554091843,True
L220Y,-6.29698576494819,220,True,impactful,sensitive,220,-6.221319917328756,True
K221A,-2.44016211186541,221,True,neutral,tolerant,221,-2.0045259436431353,True
K221C,-3.05991032294487,221,True,neutral,tolerant,221,-2.5136320237656187,True
K221D,-4.47931049819187,221,True,mild,tolerant,221,-3.679630160471036,True
K221E,-1.8902646558976104,221,True,neutral,tolerant,221,-1.5528003343195156,True
K221F,-5.350619038170129,221,True,impactful,tolerant,221,-4.395386119803207,True
K221G,-3.78277341373923,221,True,neutral,tolerant,221,-3.107444136556623,True
K221H,-3.4786923170302497,221,True,neutral,tolerant,221,-2.857649893641082,True
K221I,-1.5441292701638702,221,True,neutral,tolerant,221,-1.2684596516483164,True
K221K,0.0,221,True,neutral,tolerant,221,0.0,True
K221L,-4.645477543645709,221,True,mild,tolerant,221,-3.816131810083208,True
K221M,-1.54040567695911,221,True,neutral,tolerant,221,-1.265400822422905,True
K221N,-3.82582714554703,221,True,neutral,tolerant,221,-3.1428115910219385,True
K221P,-3.12275967905722,221,True,neutral,tolerant,221,-2.5652610381888294,True
K221Q,-2.04764609384757,221,True,neutral,tolerant,221,-1.682084849427976,True
K221R,-2.06954143562229,221,True,neutral,tolerant,221,-1.7000712694362792,True
K221S,-3.19601718774109,221,True,neutral,tolerant,221,-2.625440063184518,True
K221T,-1.40674873126366,221,True,neutral,tolerant,221,-1.1556053240452102,True
K221V,-3.4396337488377497,221,True,neutral,tolerant,221,-2.825564356011138,True
K221W,-5.5311144494057,221,True,impactful,tolerant,221,-4.543658127130478,True
K221Y,-5.49318560737923,221,True,impactful,tolerant,221,-4.5125006284197555,True
E222A,-1.04896609854126,222,True,neutral,tolerant,222,-0.27992013224610307,True
E222C,-1.3464249013586298,222,True,neutral,tolerant,222,-0.35929801446574516,True
E222D,-0.0360257770431426,222,True,neutral,tolerant,222,-0.00961359979908678,True
E222E,0.0,222,True,neutral,tolerant,222,0.0,True
E222F,-2.79466557608778,222,True,neutral,tolerant,222,-0.7457659105761394,True
E222G,-0.615487890937945,222,True,neutral,tolerant,222,-0.16424501427340252,True
E222H,-1.90517720605119,222,True,neutral,tolerant,222,-0.5084029466841092,True
E222I,-1.2210740049079298,222,True,neutral,tolerant,222,-0.32584770605211505,True
E222K,-0.672869974682093,222,True,neutral,tolerant,222,-0.17955761636088274,True
E222L,-2.34008860142744,222,True,neutral,tolerant,222,-0.6244605156354366,True
E222M,-1.86466535547086,222,True,neutral,tolerant,222,-0.4975922230699234,True
E222N,-0.27511004016989304,222,True,neutral,tolerant,222,-0.07341403972318951,True
E222P,-3.56719122874008,222,True,neutral,tolerant,222,-0.9519169798572722,True
E222Q,-1.5153309793145902,222,True,neutral,tolerant,222,-0.4043711695890166,True
E222R,-1.24841882654464,222,True,neutral,tolerant,222,-0.33314476369719864,True
E222S,-0.456996923130974,222,True,neutral,tolerant,222,-0.12195116633109447,True
E222T,-0.289171583961851,222,True,neutral,tolerant,222,-0.07716640998882819,True
E222V,-1.92249622491976,222,True,neutral,tolerant,222,-0.5130245851324867,True
E222W,-3.33735731738752,222,True,neutral,tolerant,222,-0.890585027423428,True
E222Y,-2.28364199583644,222,True,neutral,tolerant,222,-0.6093975490401868,True
N223A,-6.102122399238678,223,True,impactful,sensitive,223,-5.9337844160071365,True
N223C,-5.38089544286813,223,True,impactful,sensitive,223,-5.232453797884866,True
N223D,-4.71143881842081,223,True,mild,sensitive,223,-4.5814653342916305,True
N223E,-4.74838166012315,223,True,mild,sensitive,223,-4.617389041492869,True
N223F,-7.96213441734032,223,True,impactful,sensitive,223,-7.7424846688854645,True
N223G,-7.08785254055317,223,True,impactful,sensitive,223,-6.892321424646982,True
N223H,-4.22230412982274,223,True,mild,sensitive,223,-4.105824302755809,True
N223I,-6.926801613842349,223,True,impactful,sensitive,223,-6.735713376401439,True
N223K,-6.72880424837199,223,True,impactful,sensitive,223,-6.543178123128731,True
N223L,-6.97769076392995,223,True,impactful,sensitive,223,-6.78519865807513,True
N223M,-7.0389882105265,223,True,impactful,sensitive,223,-6.844805104743754,True
N223N,0.0,223,True,neutral,sensitive,223,0.0,True
N223P,-7.832747120539629,223,True,impactful,sensitive,223,-7.6166667525681815,True
N223Q,-4.7231280580983,223,True,mild,sensitive,223,-4.592832105341966,True
N223R,-4.93297327808671,223,True,impactful,sensitive,223,-4.796888368830905,True
N223S,-2.8712874706867795,223,True,neutral,sensitive,223,-2.7920778595924967,True
N223T,-5.3412232479955986,223,True,impactful,sensitive,223,-5.193876031612462,True
N223V,-6.97037078034914,223,True,impactful,sensitive,223,-6.77808060936102,True
N223W,-8.146048429237139,223,True,impactful,sensitive,223,-7.921325083134587,True
N223Y,-7.9092108415066305,223,True,impactful,sensitive,223,-7.691021084746199,True
S224A,-0.78124304279152,224,True,neutral,tolerant,224,-0.5163503628591826,True
S224C,-0.948138508613527,224,True,neutral,tolerant,224,-0.6266573091185971,True
S224D,-2.99667968537436,224,True,neutral,tolerant,224,-1.9806085407005782,True
S224E,-3.1037609493850296,224,True,neutral,tolerant,224,-2.051382226351286,True
S224F,-3.981056619072701,224,True,mild,tolerant,224,-2.6312170697559685,True
S224G,-4.3352530465777415,224,True,mild,tolerant,224,-2.8653176554228272,True
S224H,-4.314449577890681,224,True,mild,tolerant,224,-2.8515679283636133,True
S224I,-2.40651304504226,224,True,neutral,tolerant,224,-1.5905471357452134,True
S224K,-2.35139781675372,224,True,neutral,tolerant,224,-1.554119588148545,True
S224L,-4.676760949394031,224,True,mild,tolerant,224,-3.091031959269148,True
S224M,-3.3905060905168702,224,True,neutral,tolerant,224,-2.240901939886891,True
S224N,-1.34858627391241,224,True,neutral,tolerant,224,-0.8913269926775012,True
S224P,-3.15603679032707,224,True,neutral,tolerant,224,-2.085933125317044,True
S224Q,-3.99412212425936,224,True,mild,tolerant,224,-2.6398525109369406,True
S224R,-3.0608859657357,224,True,neutral,tolerant,224,-2.023044676891891,True
S224S,0.0,224,True,neutral,tolerant,224,0.0,True
S224T,-0.17079726403254994,224,True,neutral,tolerant,224,-0.11288577872442854,True
S224V,-2.40638229159479,224,True,neutral,tolerant,224,-1.5904607163003694,True
S224W,-5.118022823647991,224,True,impactful,tolerant,224,-3.3826770894104965,True
S224Y,-5.11179202258614,224,True,impactful,tolerant,224,-3.378558938959269,True
Y225A,-0.0808321438738244,225,True,neutral,tolerant,225,-0.05648311201684437,True
Y225C,-0.721393584736591,225,True,neutral,tolerant,225,-0.5040885061580632,True
Y225D,-3.56626181412896,225,True,neutral,tolerant,225,-2.4919983050711862,True
Y225E,-3.26611897051081,225,True,neutral,tolerant,225,-2.2822673608616513,True
Y225F,-1.47807645763467,225,True,neutral,tolerant,225,-1.0328361234159311,True
Y225G,-4.03144372840556,225,True,mild,tolerant,225,-2.8170536718236674,True
Y225H,-0.342495326902118,225,True,neutral,tolerant,225,-0.23932560720961593,True
Y225I,-2.88306415900578,225,True,neutral,tolerant,225,-2.0145999851131755,True
Y225K,-2.6143919467425,225,True,neutral,tolerant,225,-1.8268597875406791,True
Y225L,-2.22348973912426,225,True,neutral,tolerant,225,-1.55370888342761,True
Y225M,-3.49329890468975,225,True,neutral,tolerant,225,-2.441013981392196,True
Y225N,-1.06994498197615,225,True,neutral,tolerant,225,-0.7476459162477996,True
Y225P,-4.827624034262191,225,True,mild,tolerant,225,-3.3734009273350756,True
Y225Q,-1.07702252280585,225,True,neutral,tolerant,225,-0.7525914925040939,True
Y225R,-1.92219605506378,225,True,neutral,tolerant,225,-1.3431737659461265,True
Y225S,-0.8718780082198628,225,True,neutral,tolerant,225,-0.6092425716207307,True
Y225T,-0.8939666991491642,225,True,neutral,tolerant,225,-0.6246774957025748,True
Y225V,-0.458897526142221,225,True,neutral,tolerant,225,-0.3206640221469792,True
Y225W,-3.862798507437141,225,True,mild,tolerant,225,-2.699209378074218,True
Y225Y,0.0,225,True,neutral,tolerant,225,0.0,True
V226A,-5.38017648478534,226,True,impactful,sensitive,226,-5.309705843544108,True
V226C,-4.460636129103952,226,True,mild,sensitive,226,-4.402209813675322,True
V226D,-6.692213484603631,226,True,impactful,sensitive,226,-6.604557517012809,True
V226E,-6.79926350409315,226,True,impactful,sensitive,226,-6.7102053736662866,True
V226F,-6.569650370940501,226,True,impactful,sensitive,226,-6.483599759835064,True
V226G,-7.59518433251078,226,True,impactful,sensitive,226,-7.495701069875994,True
V226H,-6.86479828329771,226,True,impactful,sensitive,226,-6.774881765060111,True
V226I,-1.8186495234311,226,True,neutral,sensitive,226,-1.7948284836433381,True
V226K,-7.22882370677242,226,True,impactful,sensitive,226,-7.134139109812326,True
V226L,-1.69150635172651,226,True,neutral,sensitive,226,-1.6693506589519558,True
V226M,-3.8582536822423,226,True,mild,sensitive,226,-3.8077174941027745,True
V226N,-6.637516814230139,226,True,impactful,sensitive,226,-6.5505772747055495,True
V226P,-6.85355265155321,226,True,impactful,sensitive,226,-6.763783430877771,True
V226Q,-6.64792065235953,226,True,impactful,sensitive,226,-6.560844841256039,True
V226R,-7.23122286743654,226,True,impactful,sensitive,226,-7.136506845784167,True
V226S,-6.064546020441929,226,True,impactful,sensitive,226,-5.9851113684177655,True
V226T,-6.02225696746984,226,True,impactful,sensitive,226,-5.943376226026278,True
V226V,0.0,226,True,neutral,sensitive,226,0.0,True
V226W,-6.98666098480069,226,True,impactful,sensitive,226,-6.895148284218035,True
V226Y,-6.76169017898803,226,True,impactful,sensitive,226,-6.673124191583094,True
K227A,-3.1808379021564104,227,True,neutral,tolerant,227,-2.1450106154154867,True
K227C,-3.48042457272461,227,True,neutral,tolerant,227,-2.34703807119062,True
K227D,-3.8392069811031098,227,True,mild,tolerant,227,-2.588984406800643,True
K227E,-0.847681124228863,227,True,neutral,tolerant,227,-0.5716371176052577,True
K227F,-5.4659707771398605,227,True,impactful,tolerant,227,-3.6859990044029947,True
K227G,-5.54344270165947,227,True,impactful,tolerant,227,-3.7382425030039674,True
K227H,-2.73425824418962,227,True,neutral,tolerant,227,-1.8438578574211315,True
K227I,-3.29832170886425,227,True,neutral,tolerant,227,-2.2242362849652912,True
K227K,0.0,227,True,neutral,tolerant,227,0.0,True
K227L,-2.01714565797106,227,True,neutral,tolerant,227,-1.3602701496526686,True
K227M,-4.34351379145869,227,True,mild,tolerant,227,-2.9290656982445387,True
K227N,-2.69311765141794,227,True,neutral,tolerant,227,-1.816114536027761,True
K227P,-5.570864637557019,227,True,impactful,tolerant,227,-3.7567345938947385,True
K227Q,-0.8612505714969448,227,True,neutral,tolerant,227,-0.580787728020087,True
K227R,-1.52143509586027,227,True,neutral,tolerant,227,-1.025985772199681,True
K227S,-3.7111067990852,227,True,neutral,tolerant,227,-2.502599542586471,True
K227T,-1.19186572848604,227,True,neutral,tolerant,227,-0.8037393662906483,True
K227V,-1.9447182106501104,227,True,neutral,tolerant,227,-1.3114284141949892,True
K227W,-5.49418612120986,227,True,impactful,tolerant,227,-3.70502613323176,True
K227Y,-5.64899966613436,227,True,impactful,tolerant,227,-3.8094252593387607,True
K228A,-2.22420627423446,228,True,neutral,tolerant,228,-1.3740730983713538,True
K228C,-1.1979804451912,228,True,neutral,tolerant,228,-0.7400899463242159,True
K228D,-2.5052685975591604,228,True,neutral,tolerant,228,-1.5477081527815597,True
K228E,-2.33779436793676,228,True,neutral,tolerant,228,-1.4442457013622048,True
K228F,-1.89963160314198,228,True,neutral,tolerant,228,-1.1735569281189295,True
K228G,-4.59569226485382,228,True,mild,tolerant,228,-2.8391328550237196,True
K228H,-1.36362310046169,228,True,neutral,tolerant,228,-0.8424208853142693,True
K228I,-1.56026161633006,228,True,neutral,tolerant,228,-0.9639004881228681,True
K228K,0.0,228,True,neutral,tolerant,228,0.0,True
K228L,-1.61810277791694,228,True,neutral,tolerant,228,-0.999633677546784,True
K228M,-1.55324560991231,228,True,neutral,tolerant,228,-0.9595661303844208,True
K228N,-1.39615879856458,228,True,neutral,tolerant,228,-0.8625208319863917,True
K228P,-5.80206019753476,228,True,impactful,tolerant,228,-3.5844044344797568,True
K228Q,-2.1296990073195,228,True,neutral,tolerant,228,-1.3156882738284306,True
K228R,-0.6848396621670381,228,True,neutral,tolerant,228,-0.42308115366023713,True
K228S,-1.14114130559758,228,True,neutral,tolerant,228,-0.7049757873746156,True
K228T,-1.26012695585857,228,True,neutral,tolerant,228,-0.7784829000061189,True
K228V,-1.5957719684341498,228,True,neutral,tolerant,228,-0.9858381204842005,True
K228W,-4.04546780449825,228,True,mild,tolerant,228,-2.499214459055384,True
K228Y,-1.83151930161536,228,True,neutral,tolerant,228,-1.131478420257468,True
F229A,-5.84149550941301,229,True,impactful,sensitive,229,-5.7560917538060155,True
F229C,-5.87779566484407,229,True,impactful,sensitive,229,-5.791861194183382,True
F229D,-6.39555922266507,229,True,impactful,sensitive,229,-6.302054952064777,True
F229E,-6.39555922266507,229,True,impactful,sensitive,229,-6.302054952064777,True
F229F,0.0,229,True,neutral,sensitive,229,0.0,True
F229G,-6.81248586745547,229,True,impactful,sensitive,229,-6.71288605142159,True
F229H,-5.93231377971063,229,True,impactful,sensitive,229,-5.845582244025974,True
F229I,-2.2835348285497497,229,True,neutral,sensitive,229,-2.250149122765458,True
F229K,-7.40350320194651,229,True,impactful,sensitive,229,-7.295262602073452,True
F229L,0.194891617750432,229,True,neutral,sensitive,229,0.1920422658908973,True
F229M,-1.27428686908797,229,True,neutral,sensitive,229,-1.2556565570102798,True
F229N,-6.217542742925402,229,True,impactful,sensitive,229,-6.126641106514454,True
F229P,-6.64554471033608,229,True,impactful,sensitive,229,-6.548385605205837,True
F229Q,-6.39555922266507,229,True,impactful,sensitive,229,-6.302054952064777,True
F229R,-7.40350320194651,229,True,impactful,sensitive,229,-7.295262602073452,True
F229S,-5.9208296827435705,229,True,impactful,sensitive,229,-5.834266046701936,True
F229T,-5.97180019043592,229,True,impactful,sensitive,229,-5.8844913560499394,True
F229V,-2.11878585767777,229,True,neutral,sensitive,229,-2.087808812624653,True
F229W,-2.1351700804071103,229,True,neutral,sensitive,229,-2.1039534949569267,True
F229Y,-3.90308125568156,229,True,mild,sensitive,229,-3.8460174785824717,True
S230A,-2.9671004531844902,230,True,neutral,tolerant,230,-2.630770113046071,True
S230C,-2.85229601542151,230,True,neutral,tolerant,230,-2.528979126027834,True
S230D,-2.72283581096644,230,True,neutral,tolerant,230,-2.4141936504152044,True
S230E,-2.51666682789673,230,True,neutral,tolerant,230,-2.2313945819459273,True
S230F,-3.27748987076338,230,True,neutral,tolerant,230,-2.9059758959496897,True
S230G,-5.2345398036597,230,True,impactful,tolerant,230,-4.641187950424182,True
S230H,-2.62032049973388,230,True,neutral,tolerant,230,-2.3232987780724828,True
S230I,-4.84567708207352,230,True,mild,tolerant,230,-4.296404063876385,True
S230K,-3.56418141249672,230,True,neutral,tolerant,230,-3.1601700331403237,True
S230L,-3.59546690377981,230,True,neutral,tolerant,230,-3.187909213777495,True
S230M,-3.316361449938,230,True,neutral,tolerant,230,-2.9404412571172696,True
S230N,-2.73131373287652,230,True,neutral,tolerant,230,-2.421710572721572,True
S230P,-7.1476594206940405,230,True,impactful,tolerant,230,-6.337449331050632,True
S230Q,-2.58115998540467,230,True,neutral,tolerant,230,-2.288577233475559,True
S230R,-5.01187501355446,230,True,impactful,tolerant,230,-4.443762927483741,True
S230S,0.0,230,True,neutral,tolerant,230,0.0,True
S230T,-2.8888719613044,230,True,neutral,tolerant,230,-2.5614090712903295,True
S230V,-4.85879770937126,230,True,mild,tolerant,230,-4.3080374260439065,True
S230W,-4.67771169699559,230,True,mild,tolerant,230,-4.1474780931985,True
S230Y,-4.72526218994403,230,True,mild,tolerant,230,-4.189638585464647,True
I231A,-4.41831986456267,231,True,mild,sensitive,231,-4.41831986456267,True
I231C,-5.7437652443166,231,True,impactful,sensitive,231,-5.7437652443166,True
I231D,-6.546007752598469,231,True,impactful,sensitive,231,-6.546007752598469,True
I231E,-6.815160970145872,231,True,impactful,sensitive,231,-6.815160970145872,True
I231F,-4.4785787931404695,231,True,mild,sensitive,231,-4.4785787931404695,True
I231G,-6.349167102903099,231,True,impactful,sensitive,231,-6.349167102903099,True
I231H,-6.525416394811809,231,True,impactful,sensitive,231,-6.525416394811809,True
I231I,0.0,231,True,neutral,sensitive,231,0.0,True
I231K,-7.13869714543216,231,True,impactful,sensitive,231,-7.13869714543216,True
I231L,-1.2033138144948798,231,True,neutral,sensitive,231,-1.2033138144948798,True
I231M,-1.66095734389742,231,True,neutral,sensitive,231,-1.66095734389742,True
I231N,-6.351534933486509,231,True,impactful,sensitive,231,-6.351534933486509,True
I231P,-7.68365282258235,231,True,impactful,sensitive,231,-7.68365282258235,True
I231Q,-6.55834829999239,231,True,impactful,sensitive,231,-6.55834829999239,True
I231R,-6.9054982234755,231,True,impactful,sensitive,231,-6.9054982234755,True
I231S,-5.617902425946231,231,True,impactful,sensitive,231,-5.617902425946231,True
I231T,-5.7400776737394,231,True,impactful,sensitive,231,-5.7400776737394,True
I231V,-2.97840721830659,231,True,neutral,sensitive,231,-2.97840721830659,True
I231W,-5.62865679320481,231,True,impactful,sensitive,231,-5.62865679320481,True
I231Y,-5.48006631840539,231,True,impactful,sensitive,231,-5.48006631840539,True
V232A,-1.02601242211836,232,True,neutral,sensitive,232,-0.8907147814965544,True
V232C,-2.35899044961842,232,True,neutral,sensitive,232,-2.0479163970998573,True
V232D,-4.20589598313743,232,True,mild,sensitive,232,-3.651275209595198,True
V232E,-4.11306899815076,232,True,mild,sensitive,232,-3.5706890823057496,True
V232F,-2.82708949924582,232,True,neutral,sensitive,232,-2.4542884192307124,True
V232G,-4.3967454138656095,232,True,mild,sensitive,232,-3.8169578127734485,True
V232H,-4.1713554969119,232,True,mild,sensitive,232,-3.6212894891712315,True
V232I,-4.46445507839909,232,True,mild,sensitive,232,-3.875738776580519,True
V232K,-4.344762612316299,232,True,mild,sensitive,232,-3.7718298506499734,True
V232L,-4.3793818402556495,232,True,mild,sensitive,232,-3.801883929318838,True
V232M,-3.97603615611718,232,True,mild,sensitive,232,-3.451726411563629,True
V232N,-4.08050918387025,232,True,mild,sensitive,232,-3.5424228476703488,True
V232P,-2.82555295974979,232,True,neutral,sensitive,232,-2.4529544992781234,True
V232Q,-4.17009698522515,232,True,mild,sensitive,232,-3.6201969342099964,True
V232R,-4.507541867615919,232,True,mild,sensitive,232,-3.9131438208229845,True
V232S,-2.3697070989110403,232,True,neutral,sensitive,232,-2.05721986918974,True
V232T,-2.28116420505709,232,True,neutral,sensitive,232,-1.9803529008645788,True
V232V,0.0,232,True,neutral,sensitive,232,0.0,True
V232W,-4.414210092175041,232,True,mild,sensitive,232,-3.8321194685087416,True
V232Y,-4.431006262600139,232,True,mild,sensitive,232,-3.8467007707889636,True
G233A,-1.49249636788905,233,True,neutral,sensitive,233,-0.980909072690768,True
G233C,-4.36422954096887,233,True,mild,sensitive,233,-2.8682899631415832,True
G233D,-4.18846164825205,233,True,mild,sensitive,233,-2.752770539199854,True
G233E,-4.30495981837224,233,True,mild,sensitive,233,-2.82933629472286,True
G233F,-4.80278292270348,233,True,mild,sensitive,233,-3.1565191342524885,True
G233G,0.0,233,True,neutral,sensitive,233,0.0,True
G233H,-4.24391908498073,233,True,mild,sensitive,233,-2.7892186699998485,True
G233I,-5.13209549333072,233,True,impactful,sensitive,233,-3.372952282921559,True
G233K,-4.86926794162076,233,True,mild,sensitive,233,-3.2002148910108223,True
G233L,-5.09110700283688,233,True,impactful,sensitive,233,-3.3460135358221788,True
G233M,-4.5586776103051205,233,True,mild,sensitive,233,-2.99608650555388,True
G233N,-2.01956804124058,233,True,neutral,sensitive,233,-1.3273148646727384,True
G233P,-7.181011241550901,233,True,impactful,sensitive,233,-4.719555256201005,True
G233Q,-4.25277743050468,233,True,mild,sensitive,233,-2.7950406148168816,True
G233R,-4.83877623098597,233,True,mild,sensitive,233,-3.180174912189413,True
G233S,-2.1807201900186204,233,True,neutral,sensitive,233,-1.4332284254833223,True
G233T,-4.5231098979727,233,True,mild,sensitive,233,-2.972710440812716,True
G233V,-5.12470648204268,233,True,impactful,sensitive,233,-3.3680960243961837,True
G233W,-4.80410117799573,233,True,mild,sensitive,233,-3.157385527366811,True
G233Y,-4.6688239482593215,233,True,mild,sensitive,233,-3.068477664787154,True
T234A,-4.04451861042153,234,True,mild,sensitive,234,-3.929132270527202,True
T234C,-3.113782796037,234,True,neutral,sensitive,234,-3.0249494799694565,True
T234D,-4.074033891902451,234,True,mild,sensitive,234,-3.957805508583657,True
T234E,-4.10280962990247,234,True,mild,sensitive,234,-3.985760301644265,True
T234F,-6.09644464247867,234,True,impactful,sensitive,234,-5.922518768617829,True
T234G,-5.942003470042829,234,True,impactful,sensitive,234,-5.772483658641546,True
T234H,-4.035490251030939,234,True,mild,sensitive,234,-3.9203614818009287,True
T234I,-2.04180658694837,234,True,neutral,sensitive,234,-1.9835557513030502,True
T234K,-5.68916242038288,234,True,impactful,sensitive,234,-5.526855928069838,True
T234L,-4.20923480361194,234,True,mild,sensitive,234,-4.089149264508936,True
T234M,-4.39578936615184,234,True,mild,sensitive,234,-4.270381599551452,True
T234N,-3.90120319306538,234,True,mild,sensitive,234,-3.7899055082254614,True
T234P,-5.90972459818755,234,True,impactful,sensitive,234,-5.741125672863957,True
T234Q,-1.57022442845509,234,True,neutral,sensitive,234,-1.525427391511004,True
T234R,-5.631355620989058,234,True,impactful,sensitive,234,-5.470698302692886,True
T234S,-1.60785165594988,234,True,neutral,sensitive,234,-1.561981149335063,True
T234T,0.0,234,True,neutral,sensitive,234,0.0,True
T234V,-3.1708445611959,234,True,neutral,sensitive,234,-3.080383326242626,True
T234W,-6.077131096723,234,True,impactful,sensitive,234,-5.903756220290972,True
T234Y,-5.986093898961589,234,True,impactful,sensitive,234,-5.81531622878715,True
R235A,-2.72952749586852,235,True,neutral,tolerant,235,-1.0676241018213402,True
R235C,-2.92594659248322,235,True,neutral,tolerant,235,-1.144451231030054,True
R235D,-2.64300325368362,235,True,neutral,tolerant,235,-1.0337811137993298,True
R235E,-3.18262861868928,235,True,neutral,tolerant,235,-1.2448495300384794,True
R235F,-5.06919305043391,235,True,impactful,tolerant,235,-1.9827580728240355,True
R235G,-3.00052507817785,235,True,neutral,tolerant,235,-1.1736217702261027,True
R235H,-1.98434954531384,235,True,neutral,tolerant,235,-0.7761560944969217,True
R235I,-2.35582048877003,235,True,neutral,tolerant,235,-0.9214527925373082,True
R235K,-1.41152774711855,235,True,neutral,tolerant,235,-0.5521032653066675,True
R235L,-4.611407336343,235,True,mild,tolerant,235,-1.8037003192118364,True
R235M,-3.5539027948866004,235,True,neutral,tolerant,235,-1.3900692647698916,True
R235N,-2.74371320365266,235,True,neutral,tolerant,235,-1.0731726825023065,True
R235P,-5.435379342652332,235,True,impactful,tolerant,235,-2.1259877387353443,True
R235Q,-2.54951502900354,235,True,neutral,tolerant,235,-0.9972142420400172,True
R235R,0.0,235,True,neutral,tolerant,235,0.0,True
R235S,-2.98685355394448,235,True,neutral,tolerant,235,-1.1682743066807553,True
R235T,-3.0463064766505097,235,True,neutral,tolerant,235,-1.1915286513615666,True
R235V,-4.78150994449022,235,True,mild,tolerant,235,-1.870234048773281,True
R235W,-5.09933099740711,235,True,impactful,tolerant,235,-1.9945461931550101,True
R235Y,-4.55349104218003,235,True,mild,tolerant,235,-1.7810470095711923,True
S236A,-2.73730511192751,236,True,neutral,sensitive,236,-2.73730511192751,True
S236C,-4.42953334284548,236,True,mild,sensitive,236,-4.42953334284548,True
S236D,-5.069942934381071,236,True,impactful,sensitive,236,-5.069942934381071,True
S236E,-3.0419639807848,236,True,neutral,sensitive,236,-3.0419639807848,True
S236F,-4.74755327834329,236,True,mild,sensitive,236,-4.74755327834329,True
S236G,-5.29562127598825,236,True,impactful,sensitive,236,-5.29562127598825,True
S236H,-5.64397405402395,236,True,impactful,sensitive,236,-5.64397405402395,True
S236I,-1.57416241431294,236,True,neutral,sensitive,236,-1.57416241431294,True
S236K,-6.073184615048901,236,True,impactful,sensitive,236,-6.073184615048901,True
S236L,-1.99210957258095,236,True,neutral,sensitive,236,-1.99210957258095,True
S236M,-2.13316108968776,236,True,neutral,sensitive,236,-2.13316108968776,True
S236N,-5.468498077038491,236,True,impactful,sensitive,236,-5.468498077038491,True
S236P,-6.391054317342089,236,True,impactful,sensitive,236,-6.391054317342089,True
S236Q,-5.55167932273091,236,True,impactful,sensitive,236,-5.55167932273091,True
S236R,-6.16965332475914,236,True,impactful,sensitive,236,-6.16965332475914,True
S236S,0.0,236,True,neutral,sensitive,236,0.0,True
S236T,-2.13709062916394,236,True,neutral,sensitive,236,-2.13709062916394,True
S236V,-2.30562188830412,236,True,neutral,sensitive,236,-2.30562188830412,True
S236W,-5.111346940464889,236,True,impactful,sensitive,236,-5.111346940464889,True
S236Y,-4.924557484163,236,True,impactful,sensitive,236,-4.924557484163,True
N237A,-3.05700229707203,237,True,neutral,sensitive,237,-2.353359783846764,True
N237C,-4.69539631541657,237,True,mild,sensitive,237,-3.614638061772863,True
N237D,-2.78887609921133,237,True,neutral,sensitive,237,-2.146949271285006,True
N237E,-3.87225115332992,237,True,mild,sensitive,237,-2.9809595321302327,True
N237F,-5.70572923167325,237,True,impactful,sensitive,237,-4.392418587385294,True
N237G,-1.6574821327216005,237,True,neutral,sensitive,237,-1.27597280424931,True
N237H,-2.83961979491408,237,True,neutral,sensitive,237,-2.1860130864692424,True
N237I,-5.15539382098723,237,True,impactful,sensitive,237,-3.968756091489971,True
N237K,-3.820576597576741,237,True,neutral,sensitive,237,-2.941179116697063,True
N237L,-3.0470138673660694,237,True,neutral,sensitive,237,-2.345670431177222,True
N237M,-5.64982275502991,237,True,impactful,sensitive,237,-4.349380329312992,True
N237N,0.0,237,True,neutral,sensitive,237,0.0,True
N237P,-4.35757375772866,237,True,mild,sensitive,237,-3.3545734808268683,True
N237Q,-3.298001487254,237,True,neutral,sensitive,237,-2.5388872211853313,True
N237R,-4.0894721028403405,237,True,mild,sensitive,237,-3.1481818620828315,True
N237S,-1.91334349649457,237,True,neutral,sensitive,237,-1.4729415289114445,True
N237T,-2.8103468728766603,237,True,neutral,sensitive,237,-2.163478030625638,True
N237V,-4.067318472451951,237,True,mild,sensitive,237,-3.131127421897367,True
N237W,-5.63657052351044,237,True,impactful,sensitive,237,-4.339178417219561,True
N237Y,-5.1045682693243215,237,True,impactful,sensitive,237,-3.9296292614611295,True
D238A,-5.05534621537321,238,True,impactful,sensitive,238,-4.180707857750847,True
D238C,-5.11636072665965,238,True,impactful,sensitive,238,-4.231166092638172,True
D238D,0.0,238,True,neutral,sensitive,238,0.0,True
D238E,-2.9715752392616097,238,True,neutral,sensitive,238,-2.4574554191560387,True
D238F,-6.30256796967785,238,True,impactful,sensitive,238,-5.212144591544215,True
D238G,-5.94640463925546,238,True,impactful,sensitive,238,-4.917601988386487,True
D238H,-4.56708196556067,238,True,mild,sensitive,238,-3.7769194525882916,True
D238I,-5.8244895047191205,238,True,impactful,sensitive,238,-4.816779702588361,True
D238K,-5.7594253908561805,238,True,impactful,sensitive,238,-4.762972497207017,True
D238L,-5.78883921989098,238,True,impactful,sensitive,238,-4.787297364571863,True
D238M,-5.826875467053959,238,True,impactful,sensitive,238,-4.8187528634870604,True
D238N,-1.44538868963359,238,True,neutral,sensitive,238,-1.1953183016188824,True
D238P,-4.77499333391834,238,True,mild,sensitive,238,-3.948859544201676,True
D238Q,-4.6124545010452005,238,True,mild,sensitive,238,-3.81444196984921,True
D238R,-5.76968681804698,238,True,impactful,sensitive,238,-4.771458568676831,True
D238S,-3.69440567920367,238,True,neutral,sensitive,238,-3.055227118925602,True
D238T,-4.79396422570771,238,True,mild,sensitive,238,-3.9645482335601168,True
D238V,-4.6279688144775495,238,True,mild,sensitive,238,-3.8272721122986013,True
D238W,-6.5249431517155,238,True,impactful,sensitive,238,-5.396046075499245,True
D238Y,-6.2492619624118495,238,True,impactful,sensitive,238,-5.168061192712976,True
P239A,-1.46154697048056,239,True,neutral,tolerant,239,-0.9867218436463135,True
P239C,-3.35491872980915,239,True,neutral,tolerant,239,-2.264977904386046,True
P239D,-3.20244661231516,239,True,neutral,tolerant,239,-2.1620406933918215,True
P239E,-2.70319837979524,239,True,neutral,tolerant,239,-1.8249874570752052,True
P239F,-3.46276171635461,239,True,neutral,tolerant,239,-2.33778502769969,True
P239G,-3.12578661669336,239,True,neutral,tolerant,239,-2.1102858789783037,True
P239H,-0.45496923997896,239,True,neutral,tolerant,239,-0.30715953461748335,True
P239I,-4.18021686740471,239,True,mild,tolerant,239,-2.822154455214518,True
P239K,-2.40664686874119,239,True,neutral,tolerant,239,-1.6247791438061896,True
P239L,-1.89633781231074,239,True,neutral,tolerant,239,-1.2802585070011328,True
P239M,-2.69912859499201,239,True,neutral,tolerant,239,-1.8222398576853842,True
P239N,-2.17316767840121,239,True,neutral,tolerant,239,-1.467152312921949,True
P239P,0.0,239,True,neutral,tolerant,239,0.0,True
P239Q,-2.20106250361382,239,True,neutral,tolerant,239,-1.4859847103186115,True
P239R,-2.60492722488125,239,True,neutral,tolerant,239,-1.758642483487321,True
P239S,-1.7195252248204398,239,True,neutral,tolerant,239,-1.1608885203828172,True
P239T,-1.73993336385568,239,True,neutral,tolerant,239,-1.1746664946668879,True
P239V,-2.67578717076113,239,True,neutral,tolerant,239,-1.8064815593784527,True
P239W,-3.5584622604232004,239,True,neutral,tolerant,239,-2.4023945265311,True
P239Y,-3.83763403351918,239,True,mild,tolerant,239,-2.590869404319463,True
V240A,-2.75167944822227,240,True,neutral,tolerant,240,-2.6943862457538157,True
V240C,-3.69053723103076,240,True,neutral,tolerant,240,-3.613695905297336,True
V240D,-2.96893523587983,240,True,neutral,tolerant,240,-2.907118512389423,True
V240E,-3.1316237479185403,240,True,neutral,tolerant,240,-3.0664196582632455,True
V240F,-5.15043948388236,240,True,impactful,tolerant,240,-5.043201276197147,True
V240G,-2.20098613552224,240,True,neutral,tolerant,240,-2.1551590155158724,True
V240H,-3.10342262406287,240,True,neutral,tolerant,240,-3.038805714974681,True
V240I,-1.51303618066139,240,True,neutral,tolerant,240,-1.4815329878397354,True
V240K,-4.4785023933774815,240,True,mild,tolerant,240,-4.385254706207741,True
V240L,-1.4019991316107898,240,True,neutral,tolerant,240,-1.3728078607453305,True
V240M,-2.71797994193456,240,True,neutral,tolerant,240,-2.6613884028223063,True
V240N,-4.1173203114501,240,True,mild,tolerant,240,-4.031592860026283,True
V240P,-4.18608563022825,240,True,mild,tolerant,240,-4.098926403989925,True
V240Q,-3.1395989158598296,240,True,neutral,tolerant,240,-3.0742287738280942,True
V240R,-5.25955801070828,240,True,impactful,tolerant,240,-5.150047826956037,True
V240S,-2.81405194763049,240,True,neutral,tolerant,240,-2.7554600763656514,True
V240T,-2.7766282278275494,240,True,neutral,tolerant,240,-2.71881556242449,True
V240V,0.0,240,True,neutral,tolerant,240,0.0,True
V240W,-5.249443981567049,240,True,impactful,tolerant,240,-5.140144383797027,True
V240Y,-5.3109533437805405,240,True,impactful,tolerant,240,-5.200373048745697,True
A241A,0.0,241,True,neutral,sensitive,241,0.0,True
A241C,-3.21875306665181,241,True,neutral,sensitive,241,-3.21875306665181,True
A241D,-4.05829571498469,241,True,mild,sensitive,241,-4.05829571498469,True
A241E,-6.7774899350266695,241,True,impactful,sensitive,241,-6.7774899350266695,True
A241F,-7.1924873074032485,241,True,impactful,sensitive,241,-7.1924873074032485,True
A241G,-4.07408119572199,241,True,mild,sensitive,241,-4.07408119572199,True
A241H,-6.88743075032153,241,True,impactful,sensitive,241,-6.88743075032153,True
A241I,-3.93420818179295,241,True,mild,sensitive,241,-3.93420818179295,True
A241K,-7.38356696211488,241,True,impactful,sensitive,241,-7.38356696211488,True
A241L,-4.02705269157565,241,True,mild,sensitive,241,-4.02705269157565,True
A241M,-4.46855800245644,241,True,mild,sensitive,241,-4.46855800245644,True
A241N,-7.22932689459821,241,True,impactful,sensitive,241,-7.22932689459821,True
A241P,-7.41133299453315,241,True,impactful,sensitive,241,-7.41133299453315,True
A241Q,-6.7417885430567095,241,True,impactful,sensitive,241,-6.7417885430567095,True
A241R,-7.58614523014897,241,True,impactful,sensitive,241,-7.58614523014897,True
A241S,-3.50137639677185,241,True,neutral,sensitive,241,-3.50137639677185,True
A241T,-3.09640079783012,241,True,neutral,sensitive,241,-3.09640079783012,True
A241V,-3.87218085352138,241,True,mild,sensitive,241,-3.87218085352138,True
A241W,-7.233095773058149,241,True,impactful,sensitive,241,-7.233095773058149,True
A241Y,-7.04134023097226,241,True,impactful,sensitive,241,-7.04134023097226,True
F242A,-0.984697744612734,242,True,neutral,tolerant,242,-0.5943869834456513,True
F242C,-1.00752382498974,242,True,neutral,tolerant,242,-0.6081653485667298,True
F242D,-1.81466547057008,242,True,neutral,tolerant,242,-1.0953752467863476,True
F242E,-1.7095861961692198,242,True,neutral,tolerant,242,-1.0319468970460435,True
F242F,0.0,242,True,neutral,tolerant,242,0.0,True
F242G,-1.64123128870819,242,True,neutral,tolerant,242,-0.9906862488199758,True
F242H,0.0530753680354875,242,True,neutral,tolerant,242,0.032037554746597106,True
F242I,-0.981720332659728,242,True,neutral,tolerant,242,-0.5925897467617,True
F242K,-1.28813179476367,242,True,neutral,tolerant,242,-0.7775469944547585,True
F242L,-0.304961461284357,242,True,neutral,tolerant,242,-0.1840819927045486,True
F242M,-0.907860616982564,242,True,neutral,tolerant,242,-0.548006265343482,True
F242N,-1.06345590543952,242,True,neutral,tolerant,242,-0.6419272828844113,True
F242P,-3.08088723292632,242,True,neutral,tolerant,242,-1.8596968244661642,True
F242Q,-0.927888671541682,242,True,neutral,tolerant,242,-0.5600956755191505,True
F242R,-1.58623996396153,242,True,neutral,tolerant,242,-0.9574921770241658,True
F242S,-1.2873451722999,242,True,neutral,tolerant,242,-0.7770721704228069,True
F242T,-0.96152306764865,242,True,neutral,tolerant,242,-0.5803981971319113,True
F242V,-0.411748837089267,242,True,neutral,tolerant,242,-0.24854139308605402,True
F242W,-3.07913313666619,242,True,neutral,tolerant,242,-1.8586380102356694,True
F242Y,-0.0617979448244278,242,True,neutral,tolerant,242,-0.037302709596210674,True
A243A,0.0,243,True,neutral,tolerant,243,0.0,True
A243C,-3.604661878711741,243,True,neutral,tolerant,243,-3.4053791392051878,True
A243D,-3.70161012903875,243,True,neutral,tolerant,243,-3.496967632205266,True
A243E,-3.5252170594074204,243,True,neutral,tolerant,243,-3.3303264048628627,True
A243F,-3.82465834165181,243,True,neutral,tolerant,243,-3.6132131582624156,True
A243G,-2.98075723076074,243,True,neutral,tolerant,243,-2.815966887938833,True
A243H,-3.74183803801088,243,True,neutral,tolerant,243,-3.5349715523056715,True
A243I,-3.4590584204238497,243,True,neutral,tolerant,243,-3.267825328020289,True
A243K,-3.69541854315551,243,True,neutral,tolerant,243,-3.491118346442875,True
A243L,-3.49688211232835,243,True,neutral,tolerant,243,-3.3035579475317043,True
A243M,-3.5280111552301605,243,True,neutral,tolerant,243,-3.3329660298673307,True
A243N,-3.61286938608011,243,True,neutral,tolerant,243,-3.4131328967884387,True
A243P,-4.12048751210744,243,True,mild,tolerant,243,-3.892687494478941,True
A243Q,-3.56995942637882,243,True,neutral,tolerant,243,-3.3725952023949968,True
A243R,-3.8215784047428714,243,True,neutral,tolerant,243,-3.6103034948175003,True
A243S,-0.8901568841681179,243,True,neutral,tolerant,243,-0.8409448059104373,True
A243T,-2.77057067949135,243,True,neutral,tolerant,243,-2.617400442286497,True
A243V,-2.3969155936925097,243,True,neutral,tolerant,243,-2.2644027750289935,True
A243W,-5.30360285412106,243,True,impactful,tolerant,243,-5.010394630552045,True
A243Y,-4.00135993324447,243,True,mild,tolerant,243,-3.7801458510144617,True
L244A,-3.06440431952411,244,True,neutral,sensitive,244,-3.06440431952411,True
L244C,-3.09270013869456,244,True,neutral,sensitive,244,-3.09270013869456,True
L244D,-6.791079188508201,244,True,impactful,sensitive,244,-6.791079188508201,True
L244E,-6.791079188508201,244,True,impactful,sensitive,244,-6.791079188508201,True
L244F,-1.79086803509198,244,True,neutral,sensitive,244,-1.79086803509198,True
L244G,-7.30706498323457,244,True,impactful,sensitive,244,-7.30706498323457,True
L244H,-6.791079188508201,244,True,impactful,sensitive,244,-6.791079188508201,True
L244I,-1.55964561947512,244,True,neutral,sensitive,244,-1.55964561947512,True
L244K,-7.30706498323457,244,True,impactful,sensitive,244,-7.30706498323457,True
L244L,0.0,244,True,neutral,sensitive,244,0.0,True
L244M,-0.770840755784452,244,True,neutral,sensitive,244,-0.770840755784452,True
L244N,-6.56720378605499,244,True,impactful,sensitive,244,-6.56720378605499,True
L244P,-6.40499425794539,244,True,impactful,sensitive,244,-6.40499425794539,True
L244Q,-6.791079188508201,244,True,impactful,sensitive,244,-6.791079188508201,True
L244R,-7.30706498323457,244,True,impactful,sensitive,244,-7.30706498323457,True
L244S,-3.24913224906956,244,True,neutral,sensitive,244,-3.24913224906956,True
L244T,-5.76001021832413,244,True,impactful,sensitive,244,-5.76001021832413,True
L244V,-1.49509617156866,244,True,neutral,sensitive,244,-1.49509617156866,True
L244W,-4.85687500097945,244,True,mild,sensitive,244,-4.85687500097945,True
L244Y,-2.59340532103375,244,True,neutral,sensitive,244,-2.59340532103375,True
A245A,0.0,245,True,neutral,sensitive,245,0.0,True
A245C,-2.9253939511196805,245,True,neutral,sensitive,245,-2.9253939511196805,True
A245D,-6.172435407173442,245,True,impactful,sensitive,245,-6.172435407173442,True
A245E,-5.9751633544472185,245,True,impactful,sensitive,245,-5.9751633544472185,True
A245F,-4.842716882846808,245,True,mild,sensitive,245,-4.842716882846808,True
A245G,-2.6194677053872297,245,True,neutral,sensitive,245,-2.6194677053872297,True
A245H,-6.12223416432425,245,True,impactful,sensitive,245,-6.12223416432425,True
A245I,-2.96022316361136,245,True,neutral,sensitive,245,-2.96022316361136,True
A245K,-6.7233573440550005,245,True,impactful,sensitive,245,-6.7233573440550005,True
A245L,-3.98721146161312,245,True,mild,sensitive,245,-3.98721146161312,True
A245M,-4.04132772190569,245,True,mild,sensitive,245,-4.04132772190569,True
A245N,-5.07553597546689,245,True,impactful,sensitive,245,-5.07553597546689,True
A245P,-5.10519935523442,245,True,impactful,sensitive,245,-5.10519935523442,True
A245Q,-5.66922073381845,245,True,impactful,sensitive,245,-5.66922073381845,True
A245R,-6.3956654804581285,245,True,impactful,sensitive,245,-6.3956654804581285,True
A245S,-1.63945595604009,245,True,neutral,sensitive,245,-1.63945595604009,True
A245T,-2.74073433241605,245,True,neutral,sensitive,245,-2.74073433241605,True
A245V,-3.91887287924108,245,True,mild,sensitive,245,-3.91887287924108,True
A245W,-6.6019076800528005,245,True,impactful,sensitive,245,-6.6019076800528005,True
A245Y,-6.251467677971821,245,True,impactful,sensitive,245,-6.251467677971821,True
E246A,-2.2523663734194104,246,True,neutral,tolerant,246,-1.4073914934094687,True
E246C,-3.3292842957331,246,True,neutral,tolerant,246,-2.080303831673302,True
E246D,-0.652783835867265,246,True,neutral,tolerant,246,-0.40789208562017426,True
E246E,0.0,246,True,neutral,tolerant,246,0.0,True
E246F,-5.42771620227138,246,True,impactful,tolerant,246,-3.3915093485082206,True
E246G,-3.4132040614512302,246,True,neutral,tolerant,246,-2.132741110880817,True
E246H,-2.63161092962262,246,True,neutral,tolerant,246,-1.6443625158066577,True
E246I,-3.5059579723906897,246,True,neutral,tolerant,246,-2.190698407161384,True
E246K,-2.9198503720435696,246,True,neutral,tolerant,246,-1.8244689781103347,True
E246L,-3.5150374870034904,246,True,neutral,tolerant,246,-2.196371743338457,True
E246M,-4.0570450081361695,246,True,mild,tolerant,246,-2.53504523074629,True
E246N,-2.45868827338187,246,True,neutral,tolerant,246,-1.5363117660338614,True
E246P,-4.33821724161287,246,True,mild,tolerant,246,-2.7107357463959674,True
E246Q,-2.34262020841034,246,True,neutral,tolerant,246,-1.4637866168284788,True
E246R,-3.65192524505759,246,True,neutral,tolerant,246,-2.2819060811401513,True
E246S,-3.18588823908127,246,True,neutral,tolerant,246,-1.9907027824381969,True
E246T,-3.18313867698254,246,True,neutral,tolerant,246,-1.9889847181152602,True
E246V,-4.10951094460271,246,True,mild,tolerant,246,-2.5678285796491025,True
E246W,-5.5374403762824915,246,True,impactful,tolerant,246,-3.4600705164190075,True
E246Y,-5.31504176053975,246,True,impactful,tolerant,246,-3.3211047053341995,True
M247A,-2.04340229494546,247,True,neutral,sensitive,247,-2.04340229494546,True
M247C,-2.51364796171898,247,True,neutral,sensitive,247,-2.51364796171898,True
M247D,-5.92691033640023,247,True,impactful,sensitive,247,-5.92691033640023,True
M247E,-5.886688858742571,247,True,impactful,sensitive,247,-5.886688858742571,True
M247F,-5.3449179419141695,247,True,impactful,sensitive,247,-5.3449179419141695,True
M247G,-3.370227655723009,247,True,neutral,sensitive,247,-3.370227655723009,True
M247H,-5.57676773283558,247,True,impactful,sensitive,247,-5.57676773283558,True
M247I,-1.41209044091025,247,True,neutral,sensitive,247,-1.41209044091025,True
M247K,-5.84495192608544,247,True,impactful,sensitive,247,-5.84495192608544,True
M247L,-2.7191195026043795,247,True,neutral,sensitive,247,-2.7191195026043795,True
M247M,0.0,247,True,neutral,sensitive,247,0.0,True
M247N,-5.6819605835786415,247,True,impactful,sensitive,247,-5.6819605835786415,True
M247P,-4.76008959744628,247,True,mild,sensitive,247,-4.76008959744628,True
M247Q,-5.9884547291748,247,True,impactful,sensitive,247,-5.9884547291748,True
M247R,-5.89102407580049,247,True,impactful,sensitive,247,-5.89102407580049,True
M247S,-2.46706808998842,247,True,neutral,sensitive,247,-2.46706808998842,True
M247T,-1.46312643178921,247,True,neutral,sensitive,247,-1.46312643178921,True
M247V,-1.78420077449116,247,True,neutral,sensitive,247,-1.78420077449116,True
M247W,-5.55667142838571,247,True,impactful,sensitive,247,-5.55667142838571,True
M247Y,-5.36332370751735,247,True,impactful,sensitive,247,-5.36332370751735,True
L248A,-7.359498219684862,248,True,impactful,sensitive,248,-7.315281614182439,True
L248C,-7.153396371568039,248,True,impactful,sensitive,248,-7.110418046698272,True
L248D,-7.924665476154798,248,True,impactful,sensitive,248,-7.8770532889325,True
L248E,-7.924665476154798,248,True,impactful,sensitive,248,-7.8770532889325,True
L248F,-6.006659750964018,248,True,impactful,sensitive,248,-5.970571135046528,True
L248G,-7.455520719133902,248,True,impactful,sensitive,248,-7.410727200797104,True
L248H,-7.614598724796458,248,True,impactful,sensitive,248,-7.568849449802002,True
L248I,-2.4725578844723097,248,True,neutral,sensitive,248,-2.457702508019172,True
L248K,-7.924665476154798,248,True,impactful,sensitive,248,-7.8770532889325,True
L248L,0.0,248,True,neutral,sensitive,248,0.0,True
L248M,-1.88912969771871,248,True,neutral,sensitive,248,-1.877779616491227,True
L248N,-7.924665476154798,248,True,impactful,sensitive,248,-7.8770532889325,True
L248P,-7.746832106109671,248,True,impactful,sensitive,248,-7.700288359660606,True
L248Q,-7.924665476154798,248,True,impactful,sensitive,248,-7.8770532889325,True
L248R,-7.78130463438988,248,True,impactful,sensitive,248,-7.7345537735237535,True
L248S,-6.43395954643944,248,True,impactful,sensitive,248,-6.395303670374068,True
L248T,-5.48801443250841,248,True,impactful,sensitive,248,-5.455041889828154,True
L248V,-2.96471740956569,248,True,neutral,sensitive,248,-2.9469050891857083,True
L248W,-6.7544337860940304,248,True,impactful,sensitive,248,-6.713852468564376,True
L248Y,-6.7544337860940304,248,True,impactful,sensitive,248,-6.713852468564376,True
K249A,-1.90111677697817,249,True,neutral,tolerant,249,-1.2724348381271953,True
K249C,-2.92595181581231,249,True,neutral,tolerant,249,-1.9583662982759849,True
K249D,-3.2675211377594,249,True,neutral,tolerant,249,-2.186981767953654,True
K249E,-2.14459246861181,249,True,neutral,tolerant,249,-1.4353953443009384,True
K249F,-5.435283277490551,249,True,impactful,tolerant,249,-3.6378847849432003,True
K249G,-4.89010520117697,249,True,impactful,tolerant,249,-3.272992114653262,True
K249H,-2.09452383488908,249,True,neutral,tolerant,249,-1.4018839500416662,True
K249I,-4.07157679304506,249,True,mild,tolerant,249,-2.7251435684112244,True
K249K,0.0,249,True,neutral,tolerant,249,0.0,True
K249L,-3.52888523734514,249,True,neutral,tolerant,249,-2.361915149098846,True
K249M,-2.2783912501460697,249,True,neutral,tolerant,249,-1.5249480919200378,True
K249N,-2.95973601894182,249,True,neutral,tolerant,249,-1.980978374273065,True
K249P,-5.11021835744073,249,True,impactful,tolerant,249,-3.4203158623324184,True
K249Q,-1.82815015448868,249,True,neutral,tolerant,249,-1.2235976106615158,True
K249R,-0.7793863703012129,249,True,neutral,tolerant,249,-0.5216504225001397,True
K249S,-2.0262837153344,249,True,neutral,tolerant,249,-1.3562102141981702,True
K249T,-1.9490064891962904,249,True,neutral,tolerant,249,-1.3044878603045498,True
K249V,-3.2391939352366,249,True,neutral,tolerant,249,-2.1680221123484955,True
K249W,-5.25294856975002,249,True,impactful,tolerant,249,-3.5158464982170314,True
K249Y,-5.26788897875968,249,True,impactful,tolerant,249,-3.525846250546806,True
V250A,-0.490752139524135,250,True,neutral,tolerant,250,-0.25957783032747345,True
V250C,-3.05632638462012,250,True,neutral,tolerant,250,-1.6166095016143787,True
V250D,-2.32784286610002,250,True,neutral,tolerant,250,-1.2312863294115368,True
V250E,-0.263010031799463,250,True,neutral,tolerant,250,-0.13911620125602495,True
V250F,-4.31774511894719,250,True,mild,tolerant,250,-2.2838227683941263,True
V250G,-1.67590437418818,250,True,neutral,tolerant,250,-0.8864507890070962,True
V250H,-1.97181143714127,250,True,neutral,tolerant,250,-1.0429675052753513,True
V250I,-1.6608892311317802,250,True,neutral,tolerant,250,-0.8785086977909147,True
V250K,-1.72871190449338,250,True,neutral,tolerant,250,-0.9143827388399954,True
V250L,-1.41307357998896,250,True,neutral,tolerant,250,-0.7474293934658853,True
V250M,-1.3188106829171398,250,True,neutral,tolerant,250,-0.6975700931559339,True
V250N,-2.5141607056588,250,True,neutral,tolerant,250,-1.329837057261378,True
V250P,-5.10620653290357,250,True,impactful,tolerant,250,-2.7008705745029036,True
V250Q,-2.1963912659378897,250,True,neutral,tolerant,250,-1.1617564824377729,True
V250R,-2.59440608104242,250,True,neutral,tolerant,250,-1.3722819469690253,True
V250S,-1.41335394357539,250,True,neutral,tolerant,250,-0.7475776886348863,True
V250T,-2.43584322427776,250,True,neutral,tolerant,250,-1.2884119054254322,True
V250V,0.0,250,True,neutral,tolerant,250,0.0,True
V250W,-4.36782651423517,250,True,mild,tolerant,250,-2.310312759739313,True
V250Y,-3.9693207554742496,250,True,mild,tolerant,250,-2.099527616077039,True
N251A,-6.07088837119148,251,True,impactful,sensitive,251,-6.003484467364299,True
N251C,-5.58842545730612,251,True,impactful,sensitive,251,-5.526378246249313,True
N251D,-4.47820363415683,251,True,mild,sensitive,251,-4.428483002081363,True
N251E,-4.73664326017799,251,True,mild,sensitive,251,-4.684053222731783,True
N251F,-7.930965702390639,251,True,impactful,sensitive,251,-7.842909718360792,True
N251G,-6.956765999947572,251,True,impactful,sensitive,251,-6.8795263675020415,True
N251H,-4.55769380549127,251,True,mild,sensitive,251,-4.507090609359897,True
N251I,-6.78835256818819,251,True,impactful,sensitive,251,-6.712982797625046,True
N251K,-6.79263756820935,251,True,impactful,sensitive,251,-6.717220222116619,True
N251L,-6.9008111319973,251,True,impactful,sensitive,251,-6.824192755669059,True
N251M,-6.87052026904055,251,True,impactful,sensitive,251,-6.794238206327177,True
N251N,0.0,251,True,neutral,sensitive,251,0.0,True
N251P,-7.743364754553809,251,True,impactful,sensitive,251,-7.657391667700246,True
N251Q,-4.74310998791745,251,True,mild,sensitive,251,-4.69044815163918,True
N251R,-6.68868326437213,251,True,impactful,sensitive,251,-6.614420102884655,True
N251S,-4.21521353241034,251,True,mild,sensitive,251,-4.1684128287607916,True
N251T,-3.21277230071907,251,True,neutral,sensitive,251,-3.177101508911412,True
N251V,-7.314169537385888,251,True,impactful,sensitive,251,-7.232961722329835,True
N251W,-7.930965702390639,251,True,impactful,sensitive,251,-7.842909718360792,True
N251Y,-7.62679231257388,251,True,impactful,sensitive,251,-7.542113507082068,True
K252A,-1.27176615036122,252,True,neutral,tolerant,252,-0.7055447856055395,True
K252C,-2.04967640590419,252,True,neutral,tolerant,252,-1.1371103877498683,True
K252D,-2.46606931244141,252,True,neutral,tolerant,252,-1.3681149980605192,True
K252E,-2.3422515189969704,252,True,neutral,tolerant,252,-1.2994239116488424,True
K252F,-4.4223592960536,252,True,mild,tolerant,252,-2.4534168805472434,True
K252G,-1.06519226674575,252,True,neutral,tolerant,252,-0.5909426424475509,True
K252H,-2.37536315069784,252,True,neutral,tolerant,252,-1.3177934358595664,True
K252I,-3.14109029438114,252,True,neutral,tolerant,252,-1.7426001452289952,True
K252K,0.0,252,True,neutral,tolerant,252,0.0,True
K252L,-4.01622972406776,252,True,mild,tolerant,252,-2.228106117469116,True
K252M,-3.96689682116608,252,True,mild,tolerant,252,-2.200737428350304,True
K252N,-0.580471829566553,252,True,neutral,tolerant,252,-0.3220315876666984,True
K252P,-3.1314822085959304,252,True,neutral,tolerant,252,-1.73726981400145,True
K252Q,-1.46115148158126,252,True,neutral,tolerant,252,-0.8106111398834269,True
K252R,-1.31374471456216,252,True,neutral,tolerant,252,-0.7288334673107162,True
K252S,-0.192693953042849,252,True,neutral,tolerant,252,-0.106901896821586,True
K252T,-0.458359591847223,252,True,neutral,tolerant,252,-0.2542867018973874,True
K252V,-2.6396938709256603,252,True,neutral,tolerant,252,-1.464437660726791,True
K252W,-4.416303784345,252,True,mild,tolerant,252,-2.450057430613022,True
K252Y,-4.48100640109444,252,True,mild,tolerant,252,-2.4859528614275908,True
V253A,-0.199470533543185,253,True,neutral,tolerant,253,-0.15409741522000803,True
V253C,-1.76803513115871,253,True,neutral,tolerant,253,-1.3658641148154358,True
V253D,-3.9751712558150096,253,True,mild,tolerant,253,-3.070947897401334,True
V253E,-3.9588817685895097,253,True,mild,tolerant,253,-3.0583637435811135,True
V253F,-3.02382986516744,253,True,neutral,tolerant,253,-2.3360060155776714,True
V253G,-1.89276987788073,253,True,neutral,tolerant,253,-1.4622257263104204,True
V253H,-1.8192493097504,253,True,neutral,tolerant,253,-1.4054287181852196,True
V253I,-2.6229565219593503,253,True,neutral,tolerant,253,-2.026318439564867,True
V253K,-1.8061084101888896,253,True,neutral,tolerant,253,-1.3952769498005622,True
V253L,-3.00039080276322,253,True,neutral,tolerant,253,-2.31789858453253,True
V253M,-0.659448658915697,253,True,neutral,tolerant,253,-0.5094453401419775,True
V253N,-1.72975459300043,253,True,neutral,tolerant,253,-1.336291165474802,True
V253P,-4.689667396758259,253,True,mild,tolerant,253,-3.622919191347808,True
V253Q,-2.7903302850930296,253,True,neutral,tolerant,253,-2.1556200653058037,True
V253R,-2.79935930107728,253,True,neutral,tolerant,253,-2.1625952711191068,True
V253S,-0.643456092901059,253,True,neutral,tolerant,253,-0.4970905675256124,True
V253T,0.14534355817543498,253,True,neutral,tolerant,253,0.11228258247408995,True
V253V,0.0,253,True,neutral,tolerant,253,0.0,True
V253W,-4.40458653338886,253,True,mild,tolerant,253,-3.402685037492688,True
V253Y,-3.65062434651668,253,True,neutral,tolerant,253,-2.820224951249052,True
L254A,-6.6728739319124815,254,True,impactful,sensitive,254,-6.552600038744501,True
L254C,-7.24784145799564,254,True,impactful,sensitive,254,-7.1172041766514695,True
L254D,-7.638903488269942,254,True,impactful,sensitive,254,-7.501217586896203,True
L254E,-7.493460791655611,254,True,impactful,sensitive,254,-7.358396393330356,True
L254F,-6.8728083431193205,254,True,impactful,sensitive,254,-6.74893077179715,True
L254G,-8.13236882905418,254,True,impactful,sensitive,254,-7.9857885594838915,True
L254H,-7.638903488269942,254,True,impactful,sensitive,254,-7.501217586896203,True
L254I,-2.78262231268994,254,True,neutral,sensitive,254,-2.7324674885199904,True
L254K,-7.7413067987798785,254,True,impactful,sensitive,254,-7.601775149239159,True
L254L,0.0,254,True,neutral,sensitive,254,0.0,True
L254M,-3.0243413623576005,254,True,neutral,sensitive,254,-2.9698297211020837,True
L254N,-7.638903488269942,254,True,impactful,sensitive,254,-7.501217586896203,True
L254P,-7.29372816563052,254,True,impactful,sensitive,254,-7.162263808422453,True
L254Q,-7.638903488269942,254,True,impactful,sensitive,254,-7.501217586896203,True
L254R,-7.57234011420341,254,True,impactful,sensitive,254,-7.435853971168142,True
L254S,-6.955129347003419,254,True,impactful,sensitive,254,-6.829767997068365,True
L254T,-7.24784145799564,254,True,impactful,sensitive,254,-7.1172041766514695,True
L254V,-2.94573105555263,254,True,neutral,sensitive,254,-2.892636310186206,True
L254W,-7.1684112794698285,254,True,impactful,sensitive,254,-7.039205671630029,True
L254Y,-7.1684112794698285,254,True,impactful,sensitive,254,-7.039205671630029,True
K255A,-2.43598610578313,255,True,neutral,tolerant,255,-1.583922668497093,True
K255C,-3.73993166737697,255,True,neutral,tolerant,255,-2.43177189415213,True
K255D,-3.36286568282352,255,True,neutral,tolerant,255,-2.186596702456453,True
K255E,-1.5586617104706002,255,True,neutral,tolerant,255,-1.0134703190103613,True
K255F,-5.457157635950218,255,True,impactful,tolerant,255,-3.5483435905578546,True
K255G,-5.34916207248852,255,True,impactful,tolerant,255,-3.4781229022468643,True
K255H,-1.7409926712483998,255,True,neutral,tolerant,255,-1.1320252406739917,True
K255I,-2.9342390149128503,255,True,neutral,tolerant,255,-1.9078958124906515,True
K255K,0.0,255,True,neutral,tolerant,255,0.0,True
K255L,-2.9550849277060003,255,True,neutral,tolerant,255,-1.9214502058183462,True
K255M,-4.34854242606492,255,True,mild,tolerant,255,-2.827501728032751,True
K255N,-1.5869604922406495,255,True,neutral,tolerant,255,-1.031870703901729,True
K255P,-5.64817453245928,255,True,impactful,tolerant,255,-3.6725462663154813,True
K255Q,-0.983418358787711,255,True,neutral,tolerant,255,-0.6394365827465591,True
K255R,-0.8772180103263358,255,True,neutral,tolerant,255,-0.5703831760251835,True
K255S,-2.9469681989041603,255,True,neutral,tolerant,255,-1.9161725604685818,True
K255T,-1.3528229446581497,255,True,neutral,tolerant,255,-0.8796301930540638,True
K255V,-3.27414523660862,255,True,neutral,tolerant,255,-2.1289090475123866,True
K255W,-5.3965412623155,255,True,impactful,tolerant,255,-3.5089297170328027,True
K255Y,-5.40587161410066,255,True,impactful,tolerant,255,-3.514996482217745,True
T256A,-2.7303685152759503,256,True,neutral,tolerant,256,-2.3076281894780903,True
T256C,-0.66586999698272,256,True,neutral,tolerant,256,-0.5627739870893281,True
T256D,-4.17497963342187,256,True,mild,tolerant,256,-3.528571560461135,True
T256E,-2.88438228099828,256,True,neutral,tolerant,256,-2.437796152286072,True
T256F,-4.692676947933308,256,True,mild,tolerant,256,-3.966114298703178,True
T256G,-4.70460552890947,256,True,mild,tolerant,256,-3.9761959889830996,True
T256H,-4.09705901808856,256,True,mild,tolerant,256,-3.4627153189030415,True
T256I,-2.58519064349258,256,True,neutral,tolerant,256,-2.1849280676661884,True
T256K,-3.20906256219971,256,True,neutral,tolerant,256,-2.712206498463232,True
T256L,-4.30419971794424,256,True,mild,tolerant,256,-3.6377846238341665,True
T256M,-3.1473308581057204,256,True,neutral,tolerant,256,-2.6600326546195148,True
T256N,-2.7591194790519102,256,True,neutral,tolerant,256,-2.331927669241672,True
T256P,-7.03768088459059,256,True,impactful,tolerant,256,-5.94804353587083,True
T256Q,-3.21856021439843,256,True,neutral,tolerant,256,-2.72023363832549,True
T256R,-3.4030057596321805,256,True,neutral,tolerant,256,-2.8761216575520967,True
T256S,-0.3825726336152751,256,True,neutral,tolerant,256,-0.3233392814611535,True
T256T,0.0,256,True,neutral,tolerant,256,0.0,True
T256V,-2.38752512482116,256,True,neutral,tolerant,256,-2.0178669107483738,True
T256W,-4.61350518208212,256,True,mild,tolerant,256,-3.8992006210560795,True
T256Y,-4.6429628493633,256,True,mild,tolerant,256,-3.9240973861022614,True
L257A,-6.5921302949964495,257,True,impactful,sensitive,257,-6.5921302949964495,True
L257C,-5.011503830125691,257,True,impactful,sensitive,257,-5.011503830125691,True
L257D,-8.00211661024234,257,True,impactful,sensitive,257,-8.00211661024234,True
L257E,-8.00211661024234,257,True,impactful,sensitive,257,-8.00211661024234,True
L257F,-3.58798189705734,257,True,neutral,sensitive,257,-3.58798189705734,True
L257G,-8.00211661024234,257,True,impactful,sensitive,257,-8.00211661024234,True
L257H,-8.00211661024234,257,True,impactful,sensitive,257,-8.00211661024234,True
L257I,-2.72616147012254,257,True,neutral,sensitive,257,-2.72616147012254,True
L257K,-8.00211661024234,257,True,impactful,sensitive,257,-8.00211661024234,True
L257L,0.0,257,True,neutral,sensitive,257,0.0,True
L257M,-4.33341415845949,257,True,mild,sensitive,257,-4.33341415845949,True
L257N,-8.00211661024234,257,True,impactful,sensitive,257,-8.00211661024234,True
L257P,-8.00211661024234,257,True,impactful,sensitive,257,-8.00211661024234,True
L257Q,-8.00211661024234,257,True,impactful,sensitive,257,-8.00211661024234,True
L257R,-8.00211661024234,257,True,impactful,sensitive,257,-8.00211661024234,True
L257S,-6.74393492230029,257,True,impactful,sensitive,257,-6.74393492230029,True
L257T,-6.624938776241589,257,True,impactful,sensitive,257,-6.624938776241589,True
L257V,-2.74391461788901,257,True,neutral,sensitive,257,-2.74391461788901,True
L257W,-6.60469571904994,257,True,impactful,sensitive,257,-6.60469571904994,True
L257Y,-3.59304220610567,257,True,neutral,sensitive,257,-3.59304220610567,True
N258A,-5.22918072225936,258,True,impactful,sensitive,258,-4.750790226478753,True
N258C,-5.10964376124059,258,True,impactful,sensitive,258,-4.642189079133901,True
N258D,-4.57371380152591,258,True,mild,sensitive,258,-4.155288558780578,True
N258E,-4.58178154022756,258,True,mild,sensitive,258,-4.162618222108224,True
N258F,-5.6996713902658405,258,True,impactful,sensitive,258,-5.178238154927645,True
N258G,-5.55353408372327,258,True,impactful,sensitive,258,-5.045470189060441,True
N258H,-4.71886914843545,258,True,mild,sensitive,258,-4.2871643993847295,True
N258I,-5.40272760395742,258,True,impactful,sensitive,258,-4.9084602082977735,True
N258K,-5.99320465577754,258,True,impactful,sensitive,258,-5.444917591536761,True
N258L,-5.949570290882798,258,True,impactful,sensitive,258,-5.405275107313921,True
N258M,-6.02086629785343,258,True,impactful,sensitive,258,-5.470048614119915,True
N258N,0.0,258,True,neutral,sensitive,258,0.0,True
N258P,-8.650999886965929,258,True,impactful,sensitive,258,-7.859564986407459,True
N258Q,-4.849266217036121,258,True,mild,sensitive,258,-4.405632119659251,True
N258R,-6.01573653377604,258,True,impactful,sensitive,258,-5.465388145427512,True
N258S,-3.8998300189367794,258,True,mild,sensitive,258,-3.543054891950314,True
N258T,-4.6675605693958095,258,True,mild,sensitive,258,-4.240549774879895,True
N258V,-5.89624729466086,258,True,impactful,sensitive,258,-5.356830354157963,True
N258W,-5.80310144262466,258,True,impactful,sensitive,258,-5.272205930755091,True
N258Y,-5.730146593586861,258,True,impactful,sensitive,258,-5.205925340698671,True
V259A,-5.77655299418791,259,True,impactful,sensitive,259,-5.77655299418791,True
V259C,-5.80879780457114,259,True,impactful,sensitive,259,-5.80879780457114,True
V259D,-6.9438662218737806,259,True,impactful,sensitive,259,-6.9438662218737806,True
V259E,-6.9438662218737806,259,True,impactful,sensitive,259,-6.9438662218737806,True
V259F,-4.1330500154972585,259,True,mild,sensitive,259,-4.1330500154972585,True
V259G,-7.161237177697378,259,True,impactful,sensitive,259,-7.161237177697378,True
V259H,-6.9438662218737806,259,True,impactful,sensitive,259,-6.9438662218737806,True
V259I,-0.8528169207455191,259,True,neutral,sensitive,259,-0.8528169207455191,True
V259K,-7.161237177697378,259,True,impactful,sensitive,259,-7.161237177697378,True
V259L,-1.42952562742652,259,True,neutral,sensitive,259,-1.42952562742652,True
V259M,-1.4488564167797,259,True,neutral,sensitive,259,-1.4488564167797,True
V259N,-6.9438662218737806,259,True,impactful,sensitive,259,-6.9438662218737806,True
V259P,-6.41560402851766,259,True,impactful,sensitive,259,-6.41560402851766,True
V259Q,-6.9438662218737806,259,True,impactful,sensitive,259,-6.9438662218737806,True
V259R,-7.161237177697378,259,True,impactful,sensitive,259,-7.161237177697378,True
V259S,-6.02467673351718,259,True,impactful,sensitive,259,-6.02467673351718,True
V259T,-4.45268715812405,259,True,mild,sensitive,259,-4.45268715812405,True
V259V,0.0,259,True,neutral,sensitive,259,0.0,True
V259W,-5.549876007199581,259,True,impactful,sensitive,259,-5.549876007199581,True
V259Y,-5.62048469662238,259,True,impactful,sensitive,259,-5.62048469662238,True
E260A,-4.5620089782205895,260,True,mild,sensitive,260,-3.6792256320669487,True
E260C,-4.4765077928907315,260,True,mild,sensitive,260,-3.6102695747379205,True
E260D,-2.89243160875862,260,True,neutral,sensitive,260,-2.3327241495469897,True
E260E,0.0,260,True,neutral,sensitive,260,0.0,True
E260F,-5.129999709444849,260,True,impactful,sensitive,260,-4.137305847838873,True
E260G,-4.92045566122485,260,True,impactful,sensitive,260,-3.9683101626180153,True
E260H,-4.40173599465794,260,True,mild,sensitive,260,-3.549966686706094,True
E260I,-5.28268516321462,260,True,impactful,sensitive,260,-4.260445507983214,True
E260K,-5.01480387623649,260,True,impactful,sensitive,260,-4.044401282268987,True
E260L,-5.29578962755793,260,True,impactful,sensitive,260,-4.271014159061411,True
E260M,-5.34115263260714,260,True,impactful,sensitive,260,-4.3075990784952465,True
E260N,-4.31019936922163,260,True,mild,sensitive,260,-3.476143092718003,True
E260P,-6.01312910367002,260,True,impactful,sensitive,260,-4.849543004577739,True
E260Q,-4.29190720636384,260,True,mild,sensitive,260,-3.461390602143428,True
E260R,-4.91069222535001,260,True,impactful,sensitive,260,-3.9604360256535234,True
E260S,-4.464715371784861,260,True,mild,sensitive,260,-3.6007590765771367,True
E260T,-4.56417924940687,260,True,mild,sensitive,260,-3.680975939314308,True
E260V,-5.34740446914593,260,True,impactful,sensitive,260,-4.312641137235337,True
E260W,-5.1346773962460714,260,True,impactful,sensitive,260,-4.141078366757622,True
E260Y,-2.53314977403498,260,True,neutral,sensitive,260,-2.0429660754699728,True
S261A,-4.440451470540982,261,True,mild,sensitive,261,-3.1658301529536357,True
S261C,-4.457794347779651,261,True,mild,sensitive,261,-3.1781947974194975,True
S261D,-4.62184875517707,261,True,mild,sensitive,261,-3.295157766862876,True
S261E,-4.74585768071253,261,True,mild,sensitive,261,-3.383570217331051,True
S261F,-5.112835094303072,261,True,impactful,sensitive,261,-3.6452076136871323,True
S261G,-4.49464463789716,261,True,mild,sensitive,261,-3.2044672970455066,True
S261H,-4.609005917491929,261,True,mild,sensitive,261,-3.2860014360116447,True
S261I,-5.520563504224841,261,True,impactful,sensitive,261,-3.9358985271921316,True
S261K,-5.0779951703559005,261,True,impactful,sensitive,261,-3.62036840927508,True
S261L,-5.50810649990409,261,True,impactful,sensitive,261,-3.92701727713102,True
S261M,-5.5042457630615305,261,True,impactful,sensitive,261,-3.924264755863784,True
S261N,-2.03043559615834,261,True,neutral,sensitive,261,-1.4476037575443508,True
S261P,-7.07513984442822,261,True,impactful,sensitive,261,-5.044237326869314,True
S261Q,-4.58752260982992,261,True,mild,sensitive,261,-3.2706848620928035,True
S261R,-4.967014494612902,261,True,impactful,sensitive,261,-3.541244479649169,True
S261S,0.0,261,True,neutral,sensitive,261,0.0,True
S261T,-1.89839384075281,261,True,neutral,sensitive,261,-1.3534642824290362,True
S261V,-5.4702474429153085,261,True,impactful,sensitive,261,-3.900025574829436,True
S261W,-5.11244411913995,261,True,impactful,sensitive,261,-3.6449288670397078,True
S261Y,-5.043611173003018,261,True,impactful,sensitive,261,-3.5958542587836275,True
N262A,-5.99376894286632,262,True,impactful,sensitive,262,-5.92790147802549,True
N262C,-6.000876152645791,262,True,impactful,sensitive,262,-5.9349305843787645,True
N262D,-4.77952663278391,262,True,mild,sensitive,262,-4.727002869281916,True
N262E,-4.8431770124423394,262,True,mild,sensitive,262,-4.789953774338602,True
N262F,-8.032038145384039,262,True,impactful,sensitive,262,-7.94377148125596,True
N262G,-6.91839623209221,262,True,impactful,sensitive,262,-6.842367739016141,True
N262H,-4.80825221971792,262,True,mild,sensitive,262,-4.755412781453445,True
N262I,-6.93152612474484,262,True,impactful,sensitive,262,-6.855353343033206,True
N262K,-7.03152066035476,262,True,impactful,sensitive,262,-6.954249006360703,True
N262L,-7.05101478917168,262,True,impactful,sensitive,262,-6.97352890789314,True
N262M,-7.0879197898076,262,True,impactful,sensitive,262,-7.01002834754481,True
N262N,0.0,262,True,neutral,sensitive,262,0.0,True
N262P,-8.78160273480015,262,True,impactful,sensitive,262,-8.685098863046967,True
N262Q,-4.87222421862821,262,True,mild,sensitive,262,-4.818681771384044,True
N262R,-7.167827137022692,262,True,impactful,sensitive,262,-7.089057567085414,True
N262S,-3.20706727641577,262,True,neutral,sensitive,262,-3.1718237771943145,True
N262T,-6.05166568196013,262,True,impactful,sensitive,262,-5.9851619711340085,True
N262V,-6.99302935096758,262,True,impactful,sensitive,262,-6.916180690417533,True
N262W,-8.032038145384039,262,True,impactful,sensitive,262,-7.94377148125596,True
N262Y,-7.69941185762295,262,True,impactful,sensitive,262,-7.614800531317046,True
F263A,-3.62639315536762,263,True,neutral,tolerant,263,-1.8628549720978376,True
F263C,-3.0130513552201403,263,True,neutral,tolerant,263,-1.5477852118571434,True
F263D,-3.46650382726337,263,True,neutral,tolerant,263,-1.7807208467883633,True
F263E,-4.0703349943631215,263,True,mild,tolerant,263,-2.09090505565564,True
F263F,0.0,263,True,neutral,tolerant,263,0.0,True
F263G,-4.77312274375995,263,True,mild,tolerant,263,-2.451922627993467,True
F263H,-2.830591159695,263,True,neutral,tolerant,263,-1.4540565763006672,True
F263I,-3.47283434699006,263,True,neutral,tolerant,263,-1.7839727942864916,True
F263K,-3.4677438601452595,263,True,neutral,tolerant,263,-1.7813578437494273,True
F263L,-3.34507206163093,263,True,neutral,tolerant,263,-1.7183421253736195,True
F263M,-3.53549164193786,263,True,neutral,tolerant,263,-1.8161594459899741,True
F263N,-2.7318061829875,263,True,neutral,tolerant,263,-1.403311365524016,True
F263P,-5.11498452069282,263,True,impactful,tolerant,263,-2.627534836500694,True
F263Q,-2.73033313845632,263,True,neutral,tolerant,263,-1.402554671968887,True
F263R,-3.37447602540506,263,True,neutral,tolerant,263,-1.7334467535176878,True
F263S,-3.02275669424623,263,True,neutral,tolerant,263,-1.5527707824464454,True
F263T,-4.28971794359613,263,True,mild,tolerant,263,-2.2036006736603477,True
F263V,-4.029708892647649,263,True,mild,tolerant,263,-2.0700356870198644,True
F263W,-4.05955872719308,263,True,mild,tolerant,263,-2.08536935612768,True
F263Y,-1.75392888240991,263,True,neutral,tolerant,263,-0.9009820500204659,True
I264A,-6.19463337515366,264,True,impactful,sensitive,264,-6.156659699763517,True
I264C,-6.078095501044031,264,True,impactful,sensitive,264,-6.040836213598112,True
I264D,-6.59344476795272,264,True,impactful,sensitive,264,-6.553026341847743,True
I264E,-6.86484958981027,264,True,impactful,sensitive,264,-6.82276742705126,True
I264F,-4.66638978194886,264,True,mild,sensitive,264,-4.63778438109748,True
I264G,-6.87079700740409,264,True,impactful,sensitive,264,-6.828678386425289,True
I264H,-6.53088574734557,264,True,impactful,sensitive,264,-6.490850813821573,True
I264I,0.0,264,True,neutral,sensitive,264,0.0,True
I264K,-6.54827919819605,264,True,impactful,sensitive,264,-6.508137641210015,True
I264L,-2.07620484395798,264,True,neutral,sensitive,264,-2.063477516283653,True
I264M,-3.66403425670175,264,True,neutral,sensitive,264,-3.6415733879051517,True
I264N,-6.64132028025063,264,True,impactful,sensitive,264,-6.6006083728283516,True
I264P,-7.41915518350418,264,True,impactful,sensitive,264,-7.373675076200736,True
I264Q,-6.86484958981027,264,True,impactful,sensitive,264,-6.82276742705126,True
I264R,-7.200763992381718,264,True,impactful,sensitive,264,-7.156622643273878,True
I264S,-6.2810020673260585,264,True,impactful,sensitive,264,-6.242498943866627,True
I264T,-6.10018740645271,264,True,impactful,sensitive,264,-6.062792693583859,True
I264V,-1.68829278954615,264,True,neutral,sensitive,264,-1.6779433986345118,True
I264W,-5.791968827039571,264,True,impactful,sensitive,264,-5.756463522562633,True
I264Y,-5.7187680841956,264,True,impactful,sensitive,264,-5.6837115070409645,True
S265A,-2.7258114776841302,265,True,neutral,sensitive,265,-2.0157197664716167,True
S265C,-4.15566129531428,265,True,mild,sensitive,265,-3.0730843582927823,True
S265D,-4.36745775719613,265,True,mild,sensitive,265,-3.2297064571353307,True
S265E,-4.20987895902317,265,True,mild,sensitive,265,-3.113177966132005,True
S265F,-5.585700952350121,265,True,impactful,sensitive,265,-4.130589335113291,True
S265G,-3.3126056992996604,265,True,neutral,sensitive,265,-2.4496502569128253,True
S265H,-4.55877782916914,265,True,mild,sensitive,265,-3.3711863995143307,True
S265I,-5.56290523417954,265,True,impactful,sensitive,265,-4.113732050563887,True
S265K,-4.63584880283153,265,True,mild,sensitive,265,-3.428179880649895,True
S265L,-5.345771482092389,265,True,impactful,sensitive,265,-3.9531630605095653,True
S265M,-4.1203523981432095,265,True,mild,sensitive,265,-3.0469736596833137,True
S265N,-3.18721533547162,265,True,neutral,sensitive,265,-2.3569249026605243,True
S265P,-5.98924911204716,265,True,impactful,sensitive,265,-4.429010560823175,True
S265Q,-4.46048756129729,265,True,mild,sensitive,265,-3.2985013890419976,True
S265R,-2.32235209629791,265,True,neutral,sensitive,265,-1.7173641917421538,True
S265S,0.0,265,True,neutral,sensitive,265,0.0,True
S265T,-0.7046577236202021,265,True,neutral,sensitive,265,-0.5210897795855313,True
S265V,-5.43474874200081,265,True,impactful,sensitive,265,-4.0189611624811175,True
S265W,-5.6166338441128,265,True,impactful,sensitive,265,-4.153464006333451,True
S265Y,-5.49742612039389,265,True,impactful,sensitive,265,-4.065310674019932,True
G266A,-1.55755849565192,266,True,neutral,sensitive,266,-1.390361126093071,True
G266C,-2.01346177413968,266,True,neutral,sensitive,266,-1.7973251004396378,True
G266D,-3.94521297386782,266,True,mild,sensitive,266,-3.5217109138029405,True
G266E,-3.95661482269492,266,True,mild,sensitive,266,-3.531888821996465,True
G266F,-5.23995003119862,266,True,impactful,sensitive,266,-4.677463380275426,True
G266G,0.0,266,True,neutral,sensitive,266,0.0,True
G266H,-4.0960070295757,266,True,mild,sensitive,266,-3.6563178603076345,True
G266I,-4.82679731992826,266,True,mild,sensitive,266,-4.308660879121314,True
G266K,-5.1306357332145,266,True,impactful,sensitive,266,-4.579883513536834,True
G266L,-4.81021690959493,266,True,mild,sensitive,266,-4.293860306271891,True
G266M,-4.25029534862094,266,True,mild,sensitive,266,-3.794043975641081,True
G266N,-2.96163140869218,266,True,neutral,sensitive,266,-2.6437127028981204,True
G266P,-3.1115815209157,266,True,neutral,sensitive,266,-2.7775662997106205,True
G266Q,-1.4893224238719898,266,True,neutral,sensitive,266,-1.3294499103249582,True
G266R,-5.0822751884265305,266,True,impactful,sensitive,266,-4.536714270328583,True
G266S,-1.55472832904216,266,True,neutral,sensitive,266,-1.3878347659945185,True
G266T,-3.77721277822524,266,True,neutral,sensitive,266,-3.3717448342948266,True
G266V,-4.7632061576095985,266,True,mild,sensitive,266,-4.251895961272155,True
G266W,-5.24253521992418,266,True,impactful,sensitive,266,-4.67977105983781,True
G266Y,-5.09425318768021,266,True,impactful,sensitive,266,-4.547406481617712,True
A267A,0.0,267,True,neutral,tolerant,267,0.0,True
A267C,-1.5000949765124598,267,True,neutral,tolerant,267,-0.8111629206191384,True
A267D,-1.28572561458216,267,True,neutral,tolerant,267,-0.6952446084873873,True
A267E,-1.25983396919276,267,True,neutral,tolerant,267,-0.6812439331817953,True
A267F,-4.50689139902453,267,True,mild,tolerant,267,-2.43706115105149,True
A267G,-3.0633944768072303,267,True,neutral,tolerant,267,-1.6565031212841015,True
A267H,-3.0613333818766004,267,True,neutral,tolerant,267,-1.6553886026637605,True
A267I,-2.70249931862581,267,True,neutral,tolerant,267,-1.4613522974153734,True
A267K,-2.49937710041579,267,True,neutral,tolerant,267,-1.3515157774978563,True
A267L,-2.7065536646160298,267,True,neutral,tolerant,267,-1.4635446486905392,True
A267M,-3.77958623748995,267,True,neutral,tolerant,267,-2.0437774001896893,True
A267N,-0.545841206655114,267,True,neutral,tolerant,267,-0.29515874282441434,True
A267P,-3.14755121653696,267,True,neutral,tolerant,267,-1.7020101244124364,True
A267Q,-1.35590064065496,267,True,neutral,tolerant,267,-0.7331911252046667,True
A267R,-2.50515802931713,267,True,neutral,tolerant,267,-1.3546417630153897,True
A267S,-0.354534709999296,267,True,neutral,tolerant,267,-0.19171146849147488,True
A267T,-0.682913931726591,267,True,neutral,tolerant,267,-0.36927959100210966,True
A267V,-1.69158648176724,267,True,neutral,tolerant,267,-0.9147102366946499,True
A267W,-4.845484100279362,267,True,mild,tolerant,267,-2.620152121123751,True
A267Y,-4.7620012798367695,267,True,mild,tolerant,267,-2.5750095338129313,True
G268A,-3.8952691065386302,268,True,mild,sensitive,268,-3.8952691065386302,True
G268C,-4.40312502628043,268,True,mild,sensitive,268,-4.40312502628043,True
G268D,-5.94685854009991,268,True,impactful,sensitive,268,-5.94685854009991,True
G268E,-3.4757457223399504,268,True,neutral,sensitive,268,-3.4757457223399504,True
G268F,-4.63377301940297,268,True,mild,sensitive,268,-4.63377301940297,True
G268G,0.0,268,True,neutral,sensitive,268,0.0,True
G268H,-6.1804892481024005,268,True,impactful,sensitive,268,-6.1804892481024005,True
G268I,-4.375178298155911,268,True,mild,sensitive,268,-4.375178298155911,True
G268K,-7.02444741828711,268,True,impactful,sensitive,268,-7.02444741828711,True
G268L,-4.385742056948541,268,True,mild,sensitive,268,-4.385742056948541,True
G268M,-4.2860474008613805,268,True,mild,sensitive,268,-4.2860474008613805,True
G268N,-6.22613560002953,268,True,impactful,sensitive,268,-6.22613560002953,True
G268P,-7.37744446284302,268,True,impactful,sensitive,268,-7.37744446284302,True
G268Q,-6.34738838480799,268,True,impactful,sensitive,268,-6.34738838480799,True
G268R,-7.03488192146769,268,True,impactful,sensitive,268,-7.03488192146769,True
G268S,-3.91500126511747,268,True,mild,sensitive,268,-3.91500126511747,True
G268T,-4.03627259167641,268,True,mild,sensitive,268,-4.03627259167641,True
G268V,-4.19051094352071,268,True,mild,sensitive,268,-4.19051094352071,True
G268W,-6.840489791882598,268,True,impactful,sensitive,268,-6.840489791882598,True
G268Y,-5.2898760608183615,268,True,impactful,sensitive,268,-5.2898760608183615,True
I269A,-1.5410390548171398,269,True,neutral,sensitive,269,-1.5410390548171398,True
I269C,-1.5611668908863,269,True,neutral,sensitive,269,-1.5611668908863,True
I269D,-5.770101533055849,269,True,impactful,sensitive,269,-5.770101533055849,True
I269E,-5.64931491456239,269,True,impactful,sensitive,269,-5.64931491456239,True
I269F,-3.6558946336266698,269,True,neutral,sensitive,269,-3.6558946336266698,True
I269G,-4.10997868974782,269,True,mild,sensitive,269,-4.10997868974782,True
I269H,-6.06246913942732,269,True,impactful,sensitive,269,-6.06246913942732,True
I269I,0.0,269,True,neutral,sensitive,269,0.0,True
I269K,-5.83902541320109,269,True,impactful,sensitive,269,-5.83902541320109,True
I269L,-1.76874240737762,269,True,neutral,sensitive,269,-1.76874240737762,True
I269M,-1.52504058096014,269,True,neutral,sensitive,269,-1.52504058096014,True
I269N,-5.787834441428631,269,True,impactful,sensitive,269,-5.787834441428631,True
I269P,-6.67070847897268,269,True,impactful,sensitive,269,-6.67070847897268,True
I269Q,-5.96413096381999,269,True,impactful,sensitive,269,-5.96413096381999,True
I269R,-5.793447702823499,269,True,impactful,sensitive,269,-5.793447702823499,True
I269S,-3.89347002799033,269,True,mild,sensitive,269,-3.89347002799033,True
I269T,-4.00065559193519,269,True,mild,sensitive,269,-4.00065559193519,True
I269V,-0.763369166629863,269,True,neutral,sensitive,269,-0.763369166629863,True
I269W,-5.33101081290053,269,True,impactful,sensitive,269,-5.33101081290053,True
I269Y,-5.218193194798942,269,True,impactful,sensitive,269,-5.218193194798942,True
L270A,-1.95435258356136,270,True,neutral,tolerant,270,-1.649061964536587,True
L270C,-2.61644832248958,270,True,neutral,tolerant,270,-2.207731320891238,True
L270D,-3.53185337533454,270,True,neutral,tolerant,270,-2.980140387447898,True
L270E,-3.47823030880218,270,True,neutral,tolerant,270,-2.934893813117288,True
L270F,-4.80941984713358,270,True,mild,tolerant,270,-4.0581374149708775,True
L270G,-4.38490645179106,270,True,mild,tolerant,270,-3.6999375181948544,True
L270H,-3.96869386382692,270,True,mild,tolerant,270,-3.348741754571554,True
L270I,-0.861361332854882,270,True,neutral,tolerant,270,-0.7268075493036683,True
L270K,-1.64432030942882,270,True,neutral,tolerant,270,-1.3874600226192828,True
L270L,0.0,270,True,neutral,tolerant,270,0.0,True
L270M,-0.794445477079518,270,True,neutral,tolerant,270,-0.6703446605129036,True
L270N,-1.9594883561474297,270,True,neutral,tolerant,270,-1.6533954749284345,True
L270P,-5.6169843152721,270,True,impactful,tolerant,270,-4.7395517408811445,True
L270Q,-1.54447963489414,270,True,neutral,tolerant,270,-1.3032155212566925,True
L270R,-2.00236648828627,270,True,neutral,tolerant,270,-1.6895755876753806,True
L270S,-2.6097915665234903,270,True,neutral,tolerant,270,-2.2021144208685834,True
L270T,-1.6981347125349502,270,True,neutral,tolerant,270,-1.432868044719801,True
L270V,-1.87376565744501,270,True,neutral,tolerant,270,-1.5810635717106485,True
L270W,-4.8982944671319,270,True,impactful,tolerant,270,-4.133128875920468,True
L270Y,-4.892466222348888,270,True,impactful,tolerant,270,-4.12821106483944,True
R271A,0.303533228822911,271,True,neutral,tolerant,271,0.2323322919144497,True
R271C,-2.01643382249119,271,True,neutral,tolerant,271,-1.543431318178734,True
R271D,-2.42651826904742,271,True,neutral,tolerant,271,-1.8573207058953716,True
R271E,-1.6120386910441795,271,True,neutral,tolerant,271,-1.2338966814192631,True
R271F,-4.3609467800572,271,True,mild,tolerant,271,-3.3379830085053026,True
R271G,-3.48159534758477,271,True,neutral,tolerant,271,-2.6649043656929567,True
R271H,-2.44583950311586,271,True,neutral,tolerant,271,-1.8721096850497927,True
R271I,-4.23103268668941,271,True,mild,tolerant,271,-3.2385433551231153,True
R271K,-2.5291308749358903,271,True,neutral,tolerant,271,-1.9358630849219902,True
R271L,-2.78750634155704,271,True,neutral,tolerant,271,-2.1336304416207836,True
R271M,-4.09807434963023,271,True,mild,tolerant,271,-3.136773557800149,True
R271N,-2.55160268581604,271,True,neutral,tolerant,271,-1.9530635981755136,True
R271P,-4.25002140152003,271,True,mild,tolerant,271,-3.2530778153343287,True
R271Q,-2.5914441839098,271,True,neutral,tolerant,271,-1.9835593254516495,True
R271R,0.0,271,True,neutral,tolerant,271,0.0,True
R271S,0.515645907851045,271,True,neutral,tolerant,271,0.39468889798960194,True
R271T,-0.86795234590974,271,True,neutral,tolerant,271,-0.6643534830757618,True
R271V,-1.8116564991602,271,True,neutral,tolerant,271,-1.386689385685562,True
R271W,-4.44656644935421,271,True,mild,tolerant,271,-3.4035185483138193,True
R271Y,-4.27483876201824,271,True,mild,tolerant,271,-3.2720736737653024,True
L272A,-6.05611966766441,272,True,impactful,sensitive,272,-6.019733891592838,True
L272C,-6.0397903333791305,272,True,impactful,sensitive,272,-6.003502665590306,True
L272D,-6.96547609299222,272,True,impactful,sensitive,272,-6.9236268120566535,True
L272E,-6.96547609299222,272,True,impactful,sensitive,272,-6.9236268120566535,True
L272F,-3.7282577669232704,272,True,neutral,sensitive,272,-3.7058580192814468,True
L272G,-7.31791091519696,272,True,impactful,sensitive,272,-7.27394417040264,True
L272H,-6.96547609299222,272,True,impactful,sensitive,272,-6.9236268120566535,True
L272I,-0.4256639437367021,272,True,neutral,sensitive,272,-0.42310651195059623,True
L272K,-6.69330252521003,272,True,impactful,sensitive,272,-6.653088490444185,True
L272L,0.0,272,True,neutral,sensitive,272,0.0,True
L272M,-0.6284553767683871,272,True,neutral,sensitive,272,-0.6246795536564095,True
L272N,-6.96547609299222,272,True,impactful,sensitive,272,-6.9236268120566535,True
L272P,-6.71341083239458,272,True,impactful,sensitive,272,-6.67307598489673,True
L272Q,-6.74388538406683,272,True,impactful,sensitive,272,-6.703367442397485,True
L272R,-6.96547609299222,272,True,impactful,sensitive,272,-6.9236268120566535,True
L272S,-6.1780948578048385,272,True,impactful,sensitive,272,-6.140976242522966,True
L272T,-6.13379096240291,272,True,impactful,sensitive,272,-6.096938529380579,True
L272V,-0.788030581701142,272,True,neutral,sensitive,272,-0.783296014708283,True
L272W,-5.24352688838183,272,True,impactful,sensitive,272,-5.2120232514565865,True
L272Y,-5.5440700639232885,272,True,impactful,sensitive,272,-5.510760733371567,True
V273A,-2.0346908553416,273,True,neutral,tolerant,273,-2.020569303112698,True
V273C,-1.8331316626238896,273,True,neutral,tolerant,273,-1.8204090102129655,True
V273D,-4.15004727527608,273,True,mild,tolerant,273,-4.121244320175373,True
V273E,-4.15377837677512,273,True,mild,tolerant,273,-4.124949526367246,True
V273F,-2.65899112443138,273,True,neutral,tolerant,273,-2.640536683580443,True
V273G,-3.63118416102027,273,True,neutral,tolerant,273,-3.6059823193508143,True
V273H,-2.1802909425400703,273,True,neutral,tolerant,273,-2.165158868624049,True
V273I,-0.324708160221607,273,True,neutral,tolerant,273,-0.3224545582890666,True
V273K,-4.31181482350357,273,True,mild,tolerant,273,-4.281889138197811,True
V273L,-1.24067963794952,273,True,neutral,tolerant,273,-1.2320688348584048,True
V273M,-1.2890116744949098,273,True,neutral,tolerant,273,-1.280065428121778,True
V273N,-4.20705930496181,273,True,mild,tolerant,273,-4.177860664023734,True
V273P,-4.78006136519781,273,True,mild,tolerant,273,-4.746885865318412,True
V273Q,-4.23008428784212,273,True,mild,tolerant,273,-4.200725844495997,True
V273R,-4.32567081948538,273,True,mild,tolerant,273,-4.295648968135316,True
V273S,-1.97443535896948,273,True,neutral,tolerant,273,-1.9607320035083395,True
V273T,-2.37681813816163,273,True,neutral,tolerant,273,-2.360322088460254,True
V273V,0.0,273,True,neutral,tolerant,273,0.0,True
V273W,-4.04077445758004,273,True,mild,tolerant,273,-4.012729898674138,True
V273Y,-3.91228570497037,273,True,mild,tolerant,273,-3.8851329083811064,True
E274A,-1.6195663922384298,274,True,neutral,tolerant,274,-1.1325737031856298,True
E274C,-4.741986009220518,274,True,mild,tolerant,274,-3.3161028042169143,True
E274D,-1.42500548725951,274,True,neutral,tolerant,274,-0.9965159498862624,True
E274E,0.0,274,True,neutral,tolerant,274,0.0,True
E274F,-5.72176530835562,274,True,impactful,tolerant,274,-4.001269077389801,True
E274G,-2.79926262008179,274,True,neutral,tolerant,274,-1.9575432331818878,True
E274H,-2.6666683142889,274,True,neutral,tolerant,274,-1.864819140700798,True
E274I,-4.90612909787114,274,True,impactful,tolerant,274,-3.430889173368734,True
E274K,-1.20214548983527,274,True,neutral,tolerant,274,-0.8406684503429693,True
E274L,-4.7690244686746,274,True,mild,tolerant,274,-3.3350109813062274,True
E274M,-4.81629677845736,274,True,mild,tolerant,274,-3.368068826421673,True
E274N,-1.91983790777611,274,True,neutral,tolerant,274,-1.342555599539778,True
E274P,-5.76975262568692,274,True,impactful,tolerant,274,-4.03482693210716,True
E274Q,-1.4700862346940902,274,True,neutral,tolerant,274,-1.0280412206680247,True
E274R,-2.1599644647758303,274,True,neutral,tolerant,274,-1.5104777206690676,True
E274S,-3.2320045941175097,274,True,neutral,tolerant,274,-2.2601626147684017,True
E274T,-3.25405235052074,274,True,neutral,tolerant,274,-2.275580759548517,True
E274V,-2.2731691038532205,274,True,neutral,tolerant,274,-1.5896424884193219,True
E274W,-5.70250870799693,274,True,impactful,tolerant,274,-3.9878028068599076,True
E274Y,-5.08593405277048,274,True,impactful,tolerant,274,-3.5566279912383827,True
A275A,0.0,275,True,neutral,sensitive,275,0.0,True
A275C,-2.6371257947925,275,True,neutral,sensitive,275,-2.6371257947925,True
A275D,-5.9536931088831615,275,True,impactful,sensitive,275,-5.9536931088831615,True
A275E,-5.41805326542992,275,True,impactful,sensitive,275,-5.41805326542992,True
A275F,-6.07563790082625,275,True,impactful,sensitive,275,-6.07563790082625,True
A275G,-3.4958562824686497,275,True,neutral,sensitive,275,-3.4958562824686497,True
A275H,-5.86196274295757,275,True,impactful,sensitive,275,-5.86196274295757,True
A275I,-4.773556103931,275,True,mild,sensitive,275,-4.773556103931,True
A275K,-6.37383735363934,275,True,impactful,sensitive,275,-6.37383735363934,True
A275L,-2.5941444565036003,275,True,neutral,sensitive,275,-2.5941444565036003,True
A275M,-3.72529056787384,275,True,neutral,sensitive,275,-3.72529056787384,True
A275N,-5.2773332235184,275,True,impactful,sensitive,275,-5.2773332235184,True
A275P,-7.580217819592461,275,True,impactful,sensitive,275,-7.580217819592461,True
A275Q,-5.73847879785452,275,True,impactful,sensitive,275,-5.73847879785452,True
A275R,-6.30526832408562,275,True,impactful,sensitive,275,-6.30526832408562,True
A275S,-0.7173495920914109,275,True,neutral,sensitive,275,-0.7173495920914109,True
A275T,-2.00186664607192,275,True,neutral,sensitive,275,-2.00186664607192,True
A275V,-3.48593128656336,275,True,neutral,sensitive,275,-3.48593128656336,True
A275W,-6.1506606605165315,275,True,impactful,sensitive,275,-6.1506606605165315,True
A275Y,-6.17176696755306,275,True,impactful,sensitive,275,-6.17176696755306,True
L276A,-4.10308607139026,276,True,mild,sensitive,276,-4.078434317595975,True
L276C,-5.36474556519091,276,True,impactful,sensitive,276,-5.332513634263549,True
L276D,-7.14158303390442,276,True,impactful,sensitive,276,-7.098675684755491,True
L276E,-6.8706227018915,276,True,impactful,sensitive,276,-6.829343309669765,True
L276F,-5.96144326757322,276,True,impactful,sensitive,276,-5.925626316835694,True
L276G,-7.225712516267,276,True,impactful,sensitive,276,-7.182299708726519,True
L276H,-6.860539703684349,276,True,impactful,sensitive,276,-6.819320891129964,True
L276I,-1.81201818883609,276,True,neutral,sensitive,276,-1.8011314013096422,True
L276K,-6.51220429061167,276,True,impactful,sensitive,276,-6.473078312253666,True
L276L,0.0,276,True,neutral,sensitive,276,0.0,True
L276M,-1.63632289900176,276,True,neutral,sensitive,276,-1.626491706447597,True
L276N,-6.95952306867577,276,True,impactful,sensitive,276,-6.917709554109035,True
L276P,-7.315857083265692,276,True,impactful,sensitive,276,-7.271902678100184,True
L276Q,-6.65138647234761,276,True,impactful,sensitive,276,-6.611424273443166,True
L276R,-6.36839798886056,276,True,impactful,sensitive,276,-6.330136013227128,True
L276S,-4.27528441909817,276,True,mild,sensitive,276,-4.249598080311609,True
L276T,-4.068583701654,276,True,mild,sensitive,276,-4.044139241567247,True
L276V,-1.6236431326434198,276,True,neutral,sensitive,276,-1.6138881214008345,True
L276W,-6.28419190564957,276,True,impactful,sensitive,276,-6.246435848633291,True
L276Y,-6.19094297033563,276,True,impactful,sensitive,276,-6.153747162301444,True
P277A,-0.731153162305927,277,True,neutral,tolerant,277,-0.49941732593627336,True
P277C,-1.7947002977001003,277,True,neutral,tolerant,277,-1.2258777910604026,True
P277D,-2.76905769811046,277,True,neutral,tolerant,277,-1.891416822423512,True
P277E,0.2725609839040969,277,True,neutral,tolerant,277,0.18617395746007603,True
P277F,-3.706927860608241,277,True,neutral,tolerant,277,-2.532033088313473,True
P277G,-1.58306377438436,277,True,neutral,tolerant,277,-1.0813185495856703,True
P277H,-1.69938274764723,277,True,neutral,tolerant,277,-1.1607707267456302,True
P277I,-2.47529244472872,277,True,neutral,tolerant,277,-1.6907591970988827,True
P277K,0.236746540851006,277,True,neutral,tolerant,277,0.16171074742202982,True
P277L,-1.58262342724643,277,True,neutral,tolerant,277,-1.0810177685709028,True
P277M,-1.6409882574031898,277,True,neutral,tolerant,277,-1.1208841179328954,True
P277N,-1.4654175574978998,277,True,neutral,tolerant,277,-1.0009597929352123,True
P277P,0.0,277,True,neutral,tolerant,277,0.0,True
P277Q,0.305349063320291,277,True,neutral,tolerant,277,0.20856999674270485,True
P277R,-0.407808067804111,277,True,neutral,tolerant,277,-0.2785550623560732,True
P277S,-0.8803718857133821,277,True,neutral,tolerant,277,-0.6013418195522829,True
P277T,-1.83144812557672,277,True,neutral,tolerant,277,-1.2509785536341804,True
P277V,-1.25761921837714,277,True,neutral,tolerant,277,-0.859022239754985,True
P277W,-3.70388288991628,277,True,neutral,tolerant,277,-2.529953207928716,True
P277Y,-1.45706834102069,277,True,neutral,tolerant,277,-0.9952568245536482,True
Y278A,-1.32868906035648,278,True,neutral,tolerant,278,-0.6120654875757177,True
Y278C,-0.240719178295441,278,True,neutral,tolerant,278,-0.11088817213012636,True
Y278D,-0.6115573505593239,278,True,neutral,tolerant,278,-0.2817161359409255,True
Y278E,-0.6884457515482671,278,True,neutral,tolerant,278,-0.31713505978424267,True
Y278F,-0.443492640143532,278,True,neutral,tolerant,278,-0.20429651084269904,True
Y278G,-0.48850121036908,278,True,neutral,tolerant,278,-0.225029873750643,True
Y278H,0.227038390699511,278,True,neutral,tolerant,278,0.10458606716052862,True
Y278I,-1.5106423540570602,278,True,neutral,tolerant,278,-0.6958829394895417,True
Y278K,-0.456593988216368,278,True,neutral,tolerant,278,-0.21033169487134462,True
Y278L,-0.4248173758944659,278,True,neutral,tolerant,278,-0.19569368188951772,True
Y278M,-2.28816991798348,278,True,neutral,tolerant,278,-1.0540538627832905,True
Y278N,-0.23552389789874,278,True,neutral,tolerant,278,-0.10849494716577976,True
Y278P,-2.27803421037954,278,True,neutral,tolerant,278,-1.0493848119107967,True
Y278Q,-0.72794652721514,278,True,neutral,tolerant,278,-0.33533123693322664,True
Y278R,-1.57057996157929,278,True,neutral,tolerant,278,-0.7234934181687092,True
Y278S,-0.234410530754988,278,True,neutral,tolerant,278,-0.10798207050861174,True
Y278T,-1.3915881586684,278,True,neutral,tolerant,278,-0.6410401878460951,True
Y278V,-0.96873226533268,278,True,neutral,tolerant,278,-0.4462500700894587,True
Y278W,-2.7063826976736496,278,True,neutral,tolerant,278,-1.2467051132141354,True
Y278Y,0.0,278,True,neutral,tolerant,278,0.0,True
N279A,-4.23408700199696,279,True,mild,sensitive,279,-4.1638118743283385,True
N279C,-3.5334990401643105,279,True,neutral,sensitive,279,-3.474851899459034,True
N279D,-4.60680463893886,279,True,mild,sensitive,279,-4.530343341853294,True
N279E,-3.1946151596081203,279,True,neutral,sensitive,279,-3.1415926335977455,True
N279F,-8.12537636163035,279,True,impactful,sensitive,279,-7.990515679528197,True
N279G,-5.06376067494667,279,True,impactful,sensitive,279,-4.9797150642288495,True
N279H,-2.03327763978844,279,True,neutral,sensitive,279,-1.9995303772370343,True
N279I,-6.82182681471239,279,True,impactful,sensitive,279,-6.708601755777363,True
N279K,-4.78024606907782,279,True,mild,sensitive,279,-4.700906083235907,True
N279L,-6.28128233594411,279,True,impactful,sensitive,279,-6.177028947227029,True
N279M,-5.1732435743888,279,True,impactful,sensitive,279,-5.087380824643794,True
N279N,0.0,279,True,neutral,sensitive,279,0.0,True
N279P,-6.108099579517192,279,True,impactful,sensitive,279,-6.006720586227547,True
N279Q,-2.86812089229198,279,True,neutral,sensitive,279,-2.8205173447550975,True
N279R,-6.22146750225644,279,True,impactful,sensitive,279,-6.118206888385954,True
N279S,-3.3676056429473102,279,True,neutral,sensitive,279,-3.3117119127561088,True
N279T,-4.07543215555384,279,True,mild,sensitive,279,-4.007790296777374,True
N279V,-6.833555267132831,279,True,impactful,sensitive,279,-6.720135545572588,True
N279W,-8.12537636163035,279,True,impactful,sensitive,279,-7.990515679528197,True
N279Y,-8.12537636163035,279,True,impactful,sensitive,279,-7.990515679528197,True
T280A,-0.996044906579554,280,True,neutral,tolerant,280,-0.37404298874714687,True
T280C,-2.4108239814025296,280,True,neutral,tolerant,280,-0.9053324818895355,True
T280D,-1.66498885053909,280,True,neutral,tolerant,280,-0.625250329350062,True
T280E,-1.6102671605768002,280,True,neutral,tolerant,280,-0.6047007895375668,True
T280F,-4.769495507644098,280,True,mild,tolerant,280,-1.7910802441845541,True
T280G,-3.5086720283622794,280,True,neutral,tolerant,280,-1.3176054245675923,True
T280H,-2.6751072801975098,280,True,neutral,tolerant,280,-1.0045783234216152,True
T280I,-4.07192541791888,280,True,mild,tolerant,280,-1.529122977501221,True
T280K,-1.98900424967528,280,True,neutral,tolerant,280,-0.7469272612759422,True
T280L,-2.279850730905609,280,True,neutral,tolerant,280,-0.8561483279039199,True
T280M,-3.1864570434619,280,True,neutral,tolerant,280,-1.196604599027375,True
T280N,-1.08532361109261,280,True,neutral,tolerant,280,-0.40756966334479433,True
T280P,-2.6560474801144,280,True,neutral,tolerant,280,-0.9974208302795727,True
T280Q,-2.40565390889507,280,True,neutral,tolerant,280,-0.9033909736704226,True
T280R,-1.42082841519786,280,True,neutral,tolerant,280,-0.5335611912744948,True
T280S,-1.31109845901756,280,True,neutral,tolerant,280,-0.492354494173138,True
T280T,0.0,280,True,neutral,tolerant,280,0.0,True
T280V,-4.02175922662509,280,True,mild,tolerant,280,-1.5102841560769664,True
T280W,-4.78656736044274,280,True,mild,tolerant,280,-1.7974912069856026,True
T280Y,-4.69994633790158,280,True,mild,tolerant,280,-1.7649625670160536,True
S281A,-0.479014083236471,281,True,neutral,tolerant,281,-0.4645066204588748,True
S281C,-2.38277536144766,281,True,neutral,tolerant,281,-2.3106104166718913,True
S281D,-3.88962153804497,281,True,mild,tolerant,281,-3.771820117049447,True
S281E,-4.68946571087864,281,True,mild,tolerant,281,-4.547440138712319,True
S281F,-5.3053829303304605,281,True,impactful,tolerant,281,-5.144703634927224,True
S281G,-3.65398681633128,281,True,neutral,tolerant,281,-3.5433218493023584,True
S281H,-4.83766827877966,281,True,mild,tolerant,281,-4.691154230569291,True
S281I,-3.2206604366649105,281,True,neutral,tolerant,281,-3.123119230593257,True
S281K,-3.53103105275409,281,True,neutral,tolerant,281,-3.4240899348265033,True
S281L,-4.5226481541864505,281,True,mild,tolerant,281,-4.38567483325669,True
S281M,-2.17280747128438,281,True,neutral,tolerant,281,-2.1070016325508667,True
S281N,-3.36281661277031,281,True,neutral,tolerant,281,-3.260970052209869,True
S281P,-5.75558585406859,281,True,impactful,tolerant,281,-5.581271673205689,True
S281Q,-3.6296450399229503,281,True,neutral,tolerant,281,-3.5197172900814615,True
S281R,-3.97046004916613,281,True,mild,tolerant,281,-3.8502103458922186,True
S281S,0.0,281,True,neutral,tolerant,281,0.0,True
S281T,-0.510709905097937,281,True,neutral,tolerant,281,-0.49524249986363117,True
S281V,-2.24909193714994,281,True,neutral,tolerant,281,-2.18097574035435,True
S281W,-5.639020614612241,281,True,impactful,tolerant,281,-5.468236738873457,True
S281Y,-4.02985958996813,281,True,mild,tolerant,281,-3.9078109069619966,True
L282A,-4.98972231195083,282,True,impactful,sensitive,282,-4.876567959186427,True
L282C,-6.495310340892138,282,True,impactful,sensitive,282,-6.348013038221153,True
L282D,-7.60607190760558,282,True,impactful,sensitive,282,-7.433585326193371,True
L282E,-7.60607190760558,282,True,impactful,sensitive,282,-7.433585326193371,True
L282F,-7.12778714410067,282,True,impactful,sensitive,282,-6.966146858227162,True
L282G,-7.67765560086804,282,True,impactful,sensitive,282,-7.503545681327335,True
L282H,-7.17510456694383,282,True,impactful,sensitive,282,-7.012391240924687,True
L282I,-1.88336892724619,282,True,neutral,sensitive,282,-1.840658856694025,True
L282K,-6.65137712715387,282,True,impactful,sensitive,282,-6.500540622282159,True
L282L,0.0,282,True,neutral,sensitive,282,0.0,True
L282M,-3.042292745715549,282,True,neutral,sensitive,282,-2.9733011976815478,True
L282N,-7.364018464115139,282,True,impactful,sensitive,282,-7.197021046031109,True
L282P,-6.95499112190056,282,True,impactful,sensitive,282,-6.7972694152244335,True
L282Q,-7.24775923643569,282,True,impactful,sensitive,282,-7.0833982852406985,True
L282R,-6.8103775609972095,282,True,impactful,sensitive,282,-6.655935326175816,True
L282S,-6.368492135632651,282,True,impactful,sensitive,282,-6.224070750906139,True
L282T,-6.35997767146494,282,True,impactful,sensitive,282,-6.215749373371672,True
L282V,-2.85230759584808,282,True,neutral,sensitive,282,-2.787624433195889,True
L282W,-7.481227248929651,282,True,impactful,sensitive,282,-7.3115718303889174,True
L282Y,-7.481227248929651,282,True,impactful,sensitive,282,-7.3115718303889174,True
V283A,-0.9478934240931092,283,True,neutral,tolerant,283,-0.724957660648852,True
V283C,-1.66740921080375,283,True,neutral,tolerant,283,-1.2752499912795023,True
V283D,-3.5602076973004,283,True,neutral,tolerant,283,-2.722879785908726,True
V283E,-1.7814287769263997,283,True,neutral,tolerant,283,-1.3624532103582263,True
V283F,-4.62360185538443,283,True,mild,tolerant,283,-3.536173476525709,True
V283G,-4.7786265042744285,283,True,mild,tolerant,283,-3.654737762283602,True
V283H,-0.788699201863495,283,True,neutral,tolerant,283,-0.6032044466239616,True
V283I,-0.34418968300995195,283,True,neutral,tolerant,283,-0.2632394540062288,True
V283K,-2.34458653776511,283,True,neutral,tolerant,283,-1.7931614761788088,True
V283L,-0.6297603674661529,283,True,neutral,tolerant,283,-0.481646555576039,True
V283M,-1.33328077319747,283,True,neutral,tolerant,283,-1.0197054708445648,True
V283N,-3.03866613312084,283,True,neutral,tolerant,283,-2.323999972325783,True
V283P,-5.16964193941865,283,True,impactful,tolerant,283,-3.9537899847536075,True
V283Q,-0.7253297195327242,283,True,neutral,tolerant,283,-0.5547388802434401,True
V283R,-1.80407904070112,283,True,neutral,tolerant,283,-1.3797763416531934,True
V283S,-0.930337911313177,283,True,neutral,tolerant,283,-0.7115310420512949,True
V283T,-0.360268755953701,283,True,neutral,tolerant,283,-0.27553687775706337,True
V283V,0.0,283,True,neutral,tolerant,283,0.0,True
V283W,-4.70122128008541,283,True,mild,tolerant,283,-3.5955375306713204,True
V283Y,-4.74093288399242,283,True,mild,tolerant,283,-3.6259093327508456,True
E284A,-3.0267952483102296,284,True,neutral,sensitive,284,-2.576306305674485,True
E284C,-4.64136876323061,284,True,mild,sensitive,284,-3.9505769735654153,True
E284D,-3.0335984951632406,284,True,neutral,sensitive,284,-2.582097000560853,True
E284E,0.0,284,True,neutral,sensitive,284,0.0,True
E284F,-5.51733917233504,284,True,impactful,sensitive,284,-4.696173521538023,True
E284G,-5.148567504485991,284,True,impactful,sensitive,284,-4.382287481917736,True
E284H,-2.89689412036273,284,True,neutral,sensitive,284,-2.4657388349371745,True
E284I,-4.98190854431699,284,True,impactful,sensitive,284,-4.240432980784814,True
E284K,-5.26337764983122,284,True,impactful,sensitive,284,-4.4800100158662906,True
E284L,-5.39558535262192,284,True,impactful,sensitive,284,-4.592540765525874,True
E284M,-5.36268716455199,284,True,impactful,sensitive,284,-4.564538934408576,True
E284N,-4.60318791074079,284,True,mild,sensitive,284,-3.9180787161823076,True
E284P,-7.79181911467296,284,True,impactful,sensitive,284,-6.632134343746481,True
E284Q,-3.244601772459569,284,True,neutral,sensitive,284,-2.7616958928612134,True
E284R,-4.62143497044901,284,True,mild,sensitive,284,-3.93360999964542,True
E284S,-3.30075546318425,284,True,neutral,sensitive,284,-2.809492025613059,True
E284T,-3.3666517794386204,284,True,neutral,sensitive,284,-2.8655807535115287,True
E284V,-5.15173075758314,284,True,impactful,sensitive,284,-4.384979936554428,True
E284W,-5.475885854548099,284,True,impactful,sensitive,284,-4.6608898517670845,True
E284Y,-5.53580323797546,284,True,impactful,sensitive,284,-4.711889513151384,True
L285A,-6.48209026732857,285,True,impactful,sensitive,285,-6.48209026732857,True
L285C,-6.2734622522053884,285,True,impactful,sensitive,285,-6.2734622522053884,True
L285D,-6.98888441491459,285,True,impactful,sensitive,285,-6.98888441491459,True
L285E,-6.70730016212031,285,True,impactful,sensitive,285,-6.70730016212031,True
L285F,-2.75635999403157,285,True,neutral,sensitive,285,-2.75635999403157,True
L285G,-7.93377729108317,285,True,impactful,sensitive,285,-7.93377729108317,True
L285H,-6.767755185163139,285,True,impactful,sensitive,285,-6.767755185163139,True
L285I,-0.8130477865753319,285,True,neutral,sensitive,285,-0.8130477865753319,True
L285K,-6.837819404149059,285,True,impactful,sensitive,285,-6.837819404149059,True
L285L,0.0,285,True,neutral,sensitive,285,0.0,True
L285M,-1.7200394771328,285,True,neutral,sensitive,285,-1.7200394771328,True
L285N,-6.98888441491459,285,True,impactful,sensitive,285,-6.98888441491459,True
L285P,-7.93377729108317,285,True,impactful,sensitive,285,-7.93377729108317,True
L285Q,-6.67434929537737,285,True,impactful,sensitive,285,-6.67434929537737,True
L285R,-6.6403599567860105,285,True,impactful,sensitive,285,-6.6403599567860105,True
L285S,-6.4337588580633485,285,True,impactful,sensitive,285,-6.4337588580633485,True
L285T,-6.24461376209064,285,True,impactful,sensitive,285,-6.24461376209064,True
L285V,-1.6905910080702,285,True,neutral,sensitive,285,-1.6905910080702,True
L285W,-5.2354880711669,285,True,impactful,sensitive,285,-5.2354880711669,True
L285Y,-5.56180539095058,285,True,impactful,sensitive,285,-5.56180539095058,True
K286A,-4.5968809584122505,286,True,mild,sensitive,286,-3.533525591364994,True
K286C,-4.69110006956725,286,True,mild,sensitive,286,-3.605949838038731,True
K286D,-4.01509955663487,286,True,mild,sensitive,286,-3.0863224790027757,True
K286E,-4.06048077540138,286,True,mild,sensitive,286,-3.1212060662284458,True
K286F,-4.88144549886418,286,True,mild,sensitive,286,-3.752264361234992,True
K286G,-5.13782887724852,286,True,impactful,sensitive,286,-3.94934086526406,True
K286H,-2.4918895746277405,286,True,neutral,sensitive,286,-1.915463041671635,True
K286I,-4.966734011133902,286,True,impactful,sensitive,286,-3.817823844606647,True
K286K,0.0,286,True,neutral,sensitive,286,0.0,True
K286L,-4.942524936044388,286,True,impactful,sensitive,286,-3.799214838381344,True
K286M,-5.09605593747801,286,True,impactful,sensitive,286,-3.9172308861192815,True
K286N,-3.14553289257322,286,True,neutral,sensitive,286,-2.417904895720174,True
K286P,-6.6041267398924814,286,True,impactful,sensitive,286,-5.0764531548992045,True
K286Q,-3.3326461470141697,286,True,neutral,sensitive,286,-2.5617349141679546,True
K286R,-0.465045819828053,286,True,neutral,sensitive,286,-0.3574709287419341,True
K286S,-3.37026237526406,286,True,neutral,sensitive,286,-2.5906497166990876,True
K286T,-4.67957489956286,286,True,mild,sensitive,286,-3.5970906825540063,True
K286V,-4.94069216379235,286,True,impactful,sensitive,286,-3.7978060249458183,True
K286W,-4.850758888170652,286,True,mild,sensitive,286,-3.7286762097951747,True
K286Y,-4.75295237917425,286,True,mild,sensitive,286,-3.6534944059443686,True
I287A,-3.735143550032421,287,True,neutral,sensitive,287,-3.7148285588504315,True
I287C,-3.828744781025741,287,True,neutral,sensitive,287,-3.8079207041401415,True
I287D,-7.0622235555238095,287,True,impactful,sensitive,287,-7.023812981115107,True
I287E,-7.07471467757267,287,True,impactful,sensitive,287,-7.036236165471379,True
I287F,-3.53085195429968,287,True,neutral,sensitive,287,-3.5116480802435177,True
I287G,-5.14210755374881,287,True,impactful,sensitive,287,-5.114140256585534,True
I287H,-7.27770280229482,287,True,impactful,sensitive,287,-7.238120262487889,True
I287I,0.0,287,True,neutral,sensitive,287,0.0,True
I287K,-7.339053658108702,287,True,impactful,sensitive,287,-7.299137438463721,True
I287L,-1.94974552938305,287,True,neutral,sensitive,287,-1.9391411007430326,True
I287M,-2.14679679784351,287,True,neutral,sensitive,287,-2.135120631336513,True
I287N,-6.90351749356853,287,True,impactful,sensitive,287,-6.865970102115439,True
I287P,-7.96445341209942,287,True,impactful,sensitive,287,-7.921135719306927,True
I287Q,-7.27770280229482,287,True,impactful,sensitive,287,-7.238120262487889,True
I287R,-7.252592849064749,287,True,impactful,sensitive,287,-7.213146879237423,True
I287S,-5.574802186010362,287,True,impactful,sensitive,287,-5.54448151540343,True
I287T,-4.08644629389148,287,True,mild,sensitive,287,-4.064220609841034,True
I287V,-1.62967343242945,287,True,neutral,sensitive,287,-1.6208098369703037,True
I287W,-5.41760736202592,287,True,impactful,sensitive,287,-5.388141654935202,True
I287Y,-5.19114580371551,287,True,impactful,sensitive,287,-5.162911793478878,True
D288A,-1.94232891949428,288,True,neutral,sensitive,288,-1.4273039089442,True
D288C,-3.0154824616124203,288,True,neutral,sensitive,288,-2.2159016743326414,True
D288D,0.0,288,True,neutral,sensitive,288,0.0,True
D288E,-2.7166257554966404,288,True,neutral,sensitive,288,-1.9962893622406697,True
D288F,-4.20743482293633,288,True,mild,sensitive,288,-3.0917977429737054,True
D288G,-4.81650324025826,288,True,mild,sensitive,288,-3.5393664962023776,True
D288H,-2.72508747669321,288,True,neutral,sensitive,288,-2.002507386190704,True
D288I,-5.07322251324765,288,True,impactful,sensitive,288,-3.728014473463856,True
D288K,-4.96998028013146,288,True,impactful,sensitive,288,-3.6521477953662895,True
D288L,-5.192961507365951,288,True,impactful,sensitive,288,-3.816003656265395,True
D288M,-4.06934891327757,288,True,mild,sensitive,288,-2.990326485120334,True
D288N,-4.1584849666201205,288,True,mild,sensitive,288,-3.055827356824807,True
D288P,-5.88605714220763,288,True,impactful,sensitive,288,-4.325319096587037,True
D288Q,-3.24891933932744,288,True,neutral,sensitive,288,-2.3874407811802745,True
D288R,-4.9295765202750585,288,True,impactful,sensitive,288,-3.6224574356129584,True
D288S,-2.9168694344770496,288,True,neutral,sensitive,288,-2.1434367289310243,True
D288T,-2.90944521848715,288,True,neutral,sensitive,288,-2.1379811068698604,True
D288V,-4.77316910241978,288,True,mild,sensitive,288,-3.5075227730786476,True
D288W,-5.229680830278999,288,True,impactful,sensitive,288,-3.8429865388253805,True
D288Y,-5.130507696459151,288,True,impactful,sensitive,288,-3.77011000378405,True
N289A,-4.30331242878508,289,True,mild,sensitive,289,-1.9219757174566934,True
N289C,-5.447442757306678,289,True,impactful,sensitive,289,-2.4329752661566895,True
N289D,-4.52529671135684,289,True,mild,sensitive,289,-2.021119901807821,True
N289E,-4.725246354191991,289,True,mild,sensitive,289,-2.1104228201069217,True
N289F,-5.809495395018098,289,True,impactful,sensitive,289,-2.5946777661815252,True
N289G,-4.38900147593128,289,True,mild,sensitive,289,-1.9602467634456766,True
N289H,-4.0649839802834,289,True,mild,sensitive,289,-1.8155317865593315,True
N289I,-5.586679046183258,289,True,impactful,sensitive,289,-2.495161958533363,True
N289K,-5.592478735460402,289,True,impactful,sensitive,289,-2.4977522566220864,True
N289L,-5.490394676669871,289,True,impactful,sensitive,289,-2.4521587550156476,True
N289M,-5.67651779014514,289,True,impactful,sensitive,289,-2.5352863713523255,True
N289N,0.0,289,True,neutral,sensitive,289,0.0,True
N289P,-5.6401881943569006,289,True,impactful,sensitive,289,-2.5190605913083406,True
N289Q,-3.3998010362756097,289,True,neutral,sensitive,289,-1.5184430933244164,True
N289R,-5.69409010081524,289,True,impactful,sensitive,289,-2.5431346405557473,True
N289S,-4.36827465814159,289,True,mild,sensitive,289,-1.9509896060463054,True
N289T,-5.516365865369541,289,True,impactful,sensitive,289,-2.4637581903019075,True
N289V,-5.81510287231426,289,True,impactful,sensitive,289,-2.5971822172010053,True
N289W,-5.846155203121519,289,True,impactful,sensitive,289,-2.611051027976344,True
N289Y,-5.60344146994893,289,True,impactful,sensitive,289,-2.5026485103411837,True
Q290A,-5.627903260707929,290,True,impactful,sensitive,290,-5.000297552371207,True
Q290C,-5.64162159458504,290,True,impactful,sensitive,290,-5.0124860616846565,True
Q290D,-4.79351953910738,290,True,mild,sensitive,290,-4.258961625368654,True
Q290E,-4.7567843447374285,290,True,mild,sensitive,290,-4.226323021969696,True
Q290F,-6.29209244656187,290,True,impactful,sensitive,290,-5.590418491997864,True
Q290G,-6.34150164996876,290,True,impactful,sensitive,290,-5.6343177396244135,True
Q290H,-4.74564114965801,290,True,mild,sensitive,290,-4.216422480240377,True
Q290I,-6.3835276324893,290,True,impactful,sensitive,290,-5.671657119460701,True
Q290K,-4.75163761692829,290,True,mild,sensitive,290,-4.221750240726915,True
Q290L,-6.184334682530251,290,True,impactful,sensitive,290,-5.494677527952131,True
Q290M,-6.22491994169292,290,True,impactful,sensitive,290,-5.530736849275277,True
Q290N,-4.57036869687534,290,True,mild,sensitive,290,-4.060695848838216,True
Q290P,-6.699860768452281,290,True,impactful,sensitive,290,-5.9527137994027495,True
Q290Q,0.0,290,True,neutral,sensitive,290,0.0,True
Q290R,-5.7095227823794295,290,True,impactful,sensitive,290,-5.072815126951617,True
Q290S,-5.55664338103738,290,True,impactful,sensitive,290,-4.9369843457660725,True
Q290T,-5.6865296216109416,290,True,impactful,sensitive,290,-5.052386089673266,True
Q290V,-6.25954948819433,290,True,impactful,sensitive,290,-5.561504619897714,True
Q290W,-6.16544303428671,290,True,impactful,sensitive,290,-5.477892615686146,True
Q290Y,-6.14956438561826,290,True,impactful,sensitive,290,-5.463784702953149,True
S291A,-2.7653659171042104,291,True,neutral,tolerant,291,-1.7873832268407934,True
S291C,-0.8297926469749201,291,True,neutral,tolerant,291,-0.5363331665387356,True
S291D,-4.53651637541762,291,True,mild,tolerant,291,-2.932159258764917,True
S291E,-4.3852196535250405,291,True,mild,tolerant,291,-2.834369226236429,True
S291F,-2.99108464992487,291,True,neutral,tolerant,291,-1.9332756291923345,True
S291G,-4.4131507887434696,291,True,mild,tolerant,291,-2.852422404040949,True
S291H,-2.11896414656716,291,True,neutral,tolerant,291,-1.3695840215667319,True
S291I,-4.614848830450518,291,True,mild,tolerant,291,-2.9827891285326316,True
S291K,-2.6158784676133098,291,True,neutral,tolerant,291,-1.690762610310219,True
S291L,-3.8006256299516297,291,True,neutral,tolerant,291,-2.456519211602322,True
S291M,-3.8761526203733,291,True,mild,tolerant,291,-2.505335780512241,True
S291N,-4.38259627464648,291,True,mild,tolerant,291,-2.832673615765429,True
S291P,-4.04536159317226,291,True,mild,tolerant,291,-2.614703324945032,True
S291Q,-3.2414706941777096,291,True,neutral,tolerant,291,-2.095111649866656,True
S291R,-1.6462756257721698,291,True,neutral,tolerant,291,-1.064063682155782,True
S291S,0.0,291,True,neutral,tolerant,291,0.0,True
S291T,-2.95091229706191,291,True,neutral,tolerant,291,-1.9073103892051524,True
S291V,-2.2712221559358503,291,True,neutral,tolerant,291,-1.4679953784199125,True
S291W,-5.08565503218208,291,True,impactful,tolerant,291,-3.2870928385272986,True
S291Y,-3.9826828740786295,291,True,mild,tolerant,291,-2.5741911849439956,True
Q292A,-2.7057803466427406,292,True,neutral,tolerant,292,-1.2342222435296895,True
Q292C,-3.9777227811133504,292,True,mild,tolerant,292,-1.814409636442337,True
Q292D,-3.5564885626209106,292,True,neutral,tolerant,292,-1.6222666774455772,True
Q292E,-0.8347514823351291,292,True,neutral,tolerant,292,-0.38076588463499145,True
Q292F,-4.9525521053494295,292,True,impactful,tolerant,292,-2.259071021136785,True
Q292G,-3.67397463118135,292,True,neutral,tolerant,292,-1.6758571025893128,True
Q292H,-1.56927411106433,292,True,neutral,tolerant,292,-0.715813098603531,True
Q292I,-4.69128476755546,292,True,mild,tolerant,292,-2.139895804193102,True
Q292K,-4.47406873208255,292,True,mild,tolerant,292,-2.0408142719598437,True
Q292L,-3.94633198470607,292,True,mild,tolerant,292,-1.800090950442548,True
Q292M,-3.34338292439624,292,True,neutral,tolerant,292,-1.5250600733526667,True
Q292N,-2.8465905262217004,292,True,neutral,tolerant,292,-1.2984517941535594,True
Q292P,-3.604321707961911,292,True,neutral,tolerant,292,-1.6440854226482697,True
Q292Q,0.0,292,True,neutral,tolerant,292,0.0,True
Q292R,-3.89972149599984,292,True,mild,tolerant,292,-1.7788299112697277,True
Q292S,-3.1159355763756698,292,True,neutral,tolerant,292,-1.4213116014905154,True
Q292T,-3.498007028368181,292,True,neutral,tolerant,292,-1.5955907462303844,True
Q292V,-4.4496978692097695,292,True,mild,tolerant,292,-2.0296976781502543,True
Q292W,-5.81563000269987,292,True,impactful,tolerant,292,-2.6527577962404836,True
Q292Y,-4.19392907829726,292,True,mild,tolerant,292,-1.9130305838177097,True
P293A,-2.2660456927732,293,True,neutral,tolerant,293,-0.7516769521799604,True
P293C,-2.5536300406216896,293,True,neutral,tolerant,293,-0.8470724363817215,True
P293D,-3.58741802641559,293,True,neutral,tolerant,293,-1.1899934131475656,True
P293E,-3.58991464708933,293,True,neutral,tolerant,293,-1.1908215748323767,True
P293F,-3.03146023116341,293,True,neutral,tolerant,293,-1.0055749513272214,True
P293G,-4.00203090606322,293,True,mild,tolerant,293,-1.3275259204143022,True
P293H,-3.5164954649118902,293,True,neutral,tolerant,293,-1.166467473206498,True
P293I,-2.2123136266511603,293,True,neutral,tolerant,293,-0.7338533240749515,True
P293K,-1.453974179995,293,True,neutral,tolerant,293,-0.4823022252607264,True
P293L,-1.36846809342028,293,True,neutral,tolerant,293,-0.45393873958420256,True
P293M,-2.2111617951171003,293,True,neutral,tolerant,293,-0.7334712465115077,True
P293N,-1.25300420436869,293,True,neutral,tolerant,293,-0.41563785955961297,True
P293P,0.0,293,True,neutral,tolerant,293,0.0,True
P293Q,-0.49209787072999,293,True,neutral,tolerant,293,-0.16323529080822857,True
P293R,-1.4921463850922798,293,True,neutral,tolerant,293,-0.49496444424290276,True
P293S,-1.76005173470848,293,True,neutral,tolerant,293,-0.5838321477117433,True
P293T,-1.40315740800348,293,True,neutral,tolerant,293,-0.4654456382942638,True
P293V,-2.0612062202899,293,True,neutral,tolerant,293,-0.6837290238334828,True
P293W,-2.10684572742985,293,True,neutral,tolerant,293,-0.6988682444305613,True
P293Y,-3.47086659790536,293,True,neutral,tolerant,293,-1.151331782080641,True
L294A,-3.30244387844828,294,True,neutral,sensitive,294,-3.0683882708542725,True
L294C,-3.1626079272587297,294,True,neutral,sensitive,294,-2.9384629766580925,True
L294D,-5.03177557368371,294,True,impactful,sensitive,294,-4.675156254015332,True
L294E,-4.96518202527257,294,True,impactful,sensitive,294,-4.613282420460492,True
L294F,-2.7987929791427897,294,True,neutral,sensitive,294,-2.600432850894098,True
L294G,-5.70875283573799,294,True,impactful,sensitive,294,-5.3041537985545055,True
L294H,-5.1003300501151605,294,True,impactful,sensitive,294,-4.738852037846685,True
L294I,-2.5141820271956803,294,True,neutral,sensitive,294,-2.335993260441007,True
L294K,-5.4218253486922405,294,True,impactful,sensitive,294,-5.037561853848833,True
L294L,0.0,294,True,neutral,sensitive,294,0.0,True
L294M,-2.35577555950218,294,True,neutral,sensitive,294,-2.188813606406561,True
L294N,-5.01760935522398,294,True,impactful,sensitive,294,-4.661994044402062,True
L294P,-3.21040843934548,294,True,neutral,sensitive,294,-2.982875701302706,True
L294Q,-4.68373742100854,294,True,mild,sensitive,294,-4.351784767690464,True
L294R,-5.42329395184989,294,True,impactful,sensitive,294,-5.038926372026682,True
L294S,-4.11355555274774,294,True,mild,sensitive,294,-3.8220136584090336,True
L294T,-4.42038214109704,294,True,mild,sensitive,294,-4.10709438635757,True
L294V,-2.94213644131842,294,True,neutral,sensitive,294,-2.73361706665434,True
L294W,-4.75040018275789,294,True,mild,sensitive,294,-4.413722909195103,True
L294Y,-3.55425590049299,294,True,neutral,sensitive,294,-3.3023535048872983,True
G295A,-3.6603933729033695,295,True,neutral,sensitive,295,-2.4823284767588283,True
G295C,-5.9889555162097095,295,True,impactful,sensitive,295,-4.061463703322493,True
G295D,-5.53626366221441,295,True,impactful,sensitive,295,-3.754466677077209,True
G295E,-5.6510025296737885,295,True,impactful,sensitive,295,-3.8322778654030025,True
G295F,-6.7523141156966515,295,True,impactful,sensitive,295,-4.579142159280948,True
G295G,0.0,295,True,neutral,sensitive,295,0.0,True
G295H,-5.689161093826599,295,True,impactful,sensitive,295,-3.858155436685353,True
G295I,-6.415616806367838,295,True,impactful,sensitive,295,-4.350807870080754,True
G295K,-6.207429861874268,295,True,impactful,sensitive,295,-4.209624033220103,True
G295L,-6.5459999134884415,295,True,impactful,sensitive,295,-4.439228339336782,True
G295M,-6.6131373525239,295,True,impactful,sensitive,295,-4.484758193589083,True
G295N,-5.61490010723879,295,True,impactful,sensitive,295,-3.8077946850011952,True
G295P,-6.5959289433733606,295,True,impactful,sensitive,295,-4.473088157141547,True
G295Q,-5.71580333870507,295,True,impactful,sensitive,295,-3.8762231131367924,True
G295R,-6.19833240597716,295,True,impactful,sensitive,295,-4.203454512204514,True
G295S,-4.90629353130904,295,True,impactful,sensitive,295,-3.3272468031068025,True
G295T,-5.34804545123764,295,True,impactful,sensitive,295,-3.626824815300575,True
G295V,-6.54894863879236,295,True,impactful,sensitive,295,-4.441228043752772,True
G295W,-6.882109924201031,295,True,impactful,sensitive,295,-4.667164346732018,True
G295Y,-6.75984727328171,295,True,impactful,sensitive,295,-4.584250837416945,True
N296A,-1.65507294470943,296,True,neutral,tolerant,296,-0.9124136889357222,True
N296C,-2.72403936173763,296,True,neutral,tolerant,296,-1.5017167737495067,True
N296D,-1.4287052975340802,296,True,neutral,tolerant,296,-0.787621038149432,True
N296E,-3.3809775591601605,296,True,neutral,tolerant,296,-1.8638756780014927,True
N296F,-4.39410463352264,296,True,mild,tolerant,296,-2.4223954787357225,True
N296G,-2.97332401288115,296,True,neutral,tolerant,296,-1.6391431807679875,True
N296H,-2.54567855952415,296,True,neutral,tolerant,296,-1.4033894836869487,True
N296I,-3.09932062447838,296,True,neutral,tolerant,296,-1.7086029792308361,True
N296K,-4.61988361669392,296,True,mild,tolerant,296,-2.5468636090244634,True
N296L,-3.5697393509082205,296,True,neutral,tolerant,296,-1.9679368574736766,True
N296M,-4.57590287381334,296,True,mild,tolerant,296,-2.522617770203838,True
N296N,0.0,296,True,neutral,tolerant,296,0.0,True
N296P,-4.82319594158302,296,True,mild,tolerant,296,-2.658946251031961,True
N296Q,-2.2959843016468,296,True,neutral,tolerant,296,-1.265737267412011,True
N296R,-4.5748309591071115,296,True,mild,tolerant,296,-2.5220268417771114,True
N296S,-2.34952168965632,296,True,neutral,tolerant,296,-1.295251522868785,True
N296T,-1.70041433948759,296,True,neutral,tolerant,296,-0.9374096321074564,True
N296V,-3.13482309763922,296,True,neutral,tolerant,296,-1.7281748915181887,True
N296W,-5.1293038637009,296,True,impactful,tolerant,296,-2.827698365145613,True
N296Y,-4.03029287151496,296,True,mild,tolerant,296,-2.2218322147945613,True
K297A,-1.45221063012554,297,True,neutral,tolerant,297,-0.5494388737394144,True
K297C,-3.849153112025221,297,True,mild,tolerant,297,-1.456313779041043,True
K297D,-3.14449817964043,297,True,neutral,tolerant,297,-1.189710020334943,True
K297E,-1.99168077891259,297,True,neutral,tolerant,297,-0.7535455403735566,True
K297F,-4.8125941481441386,297,True,mild,tolerant,297,-1.8208283658498114,True
K297G,-2.3484846894521603,297,True,neutral,tolerant,297,-0.8885410669768379,True
K297H,-1.60558972698005,297,True,neutral,tolerant,297,-0.6074693250270664,True
K297I,-2.08444856651091,297,True,neutral,tolerant,297,-0.7886439122487933,True
K297K,0.0,297,True,neutral,tolerant,297,0.0,True
K297L,-1.89547915702764,297,True,neutral,tolerant,297,-0.7171479891617171,True
K297M,-3.85610737504291,297,True,mild,tolerant,297,-1.4589449004230675,True
K297N,-0.511137618146601,297,True,neutral,tolerant,297,-0.19338715157045605,True
K297P,-2.29332698559794,297,True,neutral,tolerant,297,-0.8676723403231189,True
K297Q,-1.07876067698521,297,True,neutral,tolerant,297,-0.40814537443916343,True
K297R,-2.28791888628821,297,True,neutral,tolerant,297,-0.8656262046371734,True
K297S,-1.4281490144002398,297,True,neutral,tolerant,297,-0.5403352445755674,True
K297T,-1.4103539334978898,297,True,neutral,tolerant,297,-0.5336025372077362,True
K297V,-2.19932290508484,297,True,neutral,tolerant,297,-0.8321062212956317,True
K297W,-4.81645146566521,297,True,mild,tolerant,297,-1.8222877686048027,True
K297Y,-4.745239019447831,297,True,mild,tolerant,297,-1.79534478565575,True
V298A,-1.57433616940803,298,True,neutral,tolerant,298,-1.323026434159095,True
V298C,-1.91180359708486,298,True,neutral,tolerant,298,-1.6066242680651786,True
V298D,-4.40354322781374,298,True,mild,tolerant,298,-3.7006099507645143,True
V298E,-4.33779128768315,298,True,mild,tolerant,298,-3.645353928206939,True
V298F,-3.6057309996291,298,True,neutral,tolerant,298,-3.0301517043656285,True
V298G,-2.3446543032649703,298,True,neutral,tolerant,298,-1.9703794414828417,True
V298H,-4.56133088050169,298,True,mild,tolerant,298,-3.8332101155492486,True
V298I,-1.42484760288306,298,True,neutral,tolerant,298,-1.197400580570625,True
V298K,-5.167408087002982,298,True,impactful,tolerant,298,-4.3425398133126025,True
V298L,-2.61708521070359,298,True,neutral,tolerant,298,-2.1993224709495225,True
V298M,-2.55087766090806,298,True,neutral,tolerant,298,-2.143683567249986,True
V298N,-3.27504442908302,298,True,neutral,tolerant,298,-2.75225230603167,True
V298P,-6.44560331015908,298,True,impactful,tolerant,298,-5.416697989381994,True
V298Q,-4.168102406315589,298,True,mild,tolerant,298,-3.502752316178559,True
V298R,-5.062045532808809,298,True,impactful,tolerant,298,-4.253996180079667,True
V298S,-2.68411734973482,298,True,neutral,tolerant,298,-2.2556543355155836,True
V298T,-1.59219076520053,298,True,neutral,tolerant,298,-1.3380309183751855,True
V298V,0.0,298,True,neutral,tolerant,298,0.0,True
V298W,-5.02200745910009,298,True,impactful,tolerant,298,-4.220349344722156,True
V298Y,-3.59907029923487,298,True,neutral,tolerant,298,-3.0245542450282787,True
E299A,-4.6009206092492,299,True,mild,sensitive,299,-4.579010840779083,True
E299C,-4.72511533338085,299,True,mild,sensitive,299,-4.702614144653347,True
E299D,-4.66640742390264,299,True,mild,sensitive,299,-4.644185804594668,True
E299E,0.0,299,True,neutral,sensitive,299,0.0,True
E299F,-5.83582450681502,299,True,impactful,sensitive,299,-5.8080340764564715,True
E299G,-5.1165829749954,299,True,impactful,sensitive,299,-5.092217601657958,True
E299H,-4.78168347848117,299,True,mild,sensitive,299,-4.758912909977925,True
E299I,-5.13780977464263,299,True,impactful,sensitive,299,-5.113343318433925,True
E299K,-5.99438567559536,299,True,impactful,sensitive,299,-5.965840170591676,True
E299L,-5.06651603717674,299,True,impactful,sensitive,299,-5.0423890846052215,True
E299M,-5.21679782325327,299,True,impactful,sensitive,299,-5.191955222789112,True
E299N,-4.66175824839475,299,True,mild,sensitive,299,-4.63955876864701,True
E299P,-6.57998772528576,299,True,impactful,sensitive,299,-6.548653559834741,True
E299Q,-4.5863828116542,299,True,mild,sensitive,299,-4.564542272759297,True
E299R,-5.64629541583938,299,True,impactful,sensitive,299,-5.619407530613491,True
E299S,-4.6091698823138385,299,True,mild,sensitive,299,-4.587220830474535,True
E299T,-4.74590967784841,299,True,mild,sensitive,299,-4.723309465618555,True
E299V,-5.0479336354864905,299,True,impactful,sensitive,299,-5.023895173057105,True
E299W,-6.09844469213112,299,True,impactful,sensitive,299,-6.069403653917203,True
E299Y,-6.00305282720286,299,True,impactful,sensitive,299,-5.974466048875608,True
M300A,-3.70848521811328,300,True,neutral,tolerant,300,-2.3084386345668384,True
M300C,-3.87603816934709,300,True,mild,tolerant,300,-2.412736126188121,True
M300D,-3.31083294748725,300,True,neutral,tolerant,300,-2.0609101126375067,True
M300E,-3.4537737446177403,300,True,neutral,tolerant,300,-2.1498871582894994,True
M300F,-5.553895176195309,300,True,impactful,tolerant,300,-3.4571598491058144,True
M300G,-5.195908566777192,300,True,impactful,tolerant,300,-3.2343222021328533,True
M300H,-3.9690797220451897,300,True,mild,tolerant,300,-2.4706521491020945,True
M300I,-4.38409617259305,300,True,mild,tolerant,300,-2.728989435643279,True
M300K,-4.35474466791723,300,True,mild,tolerant,300,-2.7107188633229713,True
M300L,-1.6432692931129,300,True,neutral,tolerant,300,-1.0228937423536695,True
M300M,0.0,300,True,neutral,tolerant,300,0.0,True
M300N,-2.47794991632268,300,True,neutral,tolerant,300,-1.5424614053797232,True
M300P,-5.97876427553849,300,True,impactful,tolerant,300,-3.7216301613419236,True
M300Q,-3.1111325230396605,300,True,neutral,tolerant,300,-1.9366016287091963,True
M300R,-3.66263376878077,300,True,neutral,tolerant,300,-2.279897262317848,True
M300S,-2.36425585716435,300,True,neutral,tolerant,300,-1.4716897174139982,True
M300T,-2.13281020208144,300,True,neutral,tolerant,300,-1.3276206270515893,True
M300V,-1.71129332254801,300,True,neutral,tolerant,300,-1.0652369872073753,True
M300W,-5.813638940376589,300,True,impactful,tolerant,300,-3.6188437995757416,True
M300Y,-5.42945771547896,300,True,impactful,tolerant,300,-3.3797006642877183,True
E301A,-2.5610492361897,301,True,neutral,sensitive,301,-1.8118434032183648,True
E301C,-3.79685947035101,301,True,neutral,sensitive,301,-2.6861314054772407,True
E301D,-0.9379211193596172,301,True,neutral,sensitive,301,-0.6635429607668163,True
E301E,0.0,301,True,neutral,sensitive,301,0.0,True
E301F,-5.06951871954958,301,True,impactful,sensitive,301,-3.5864886624255288,True
E301G,-4.24295546632047,301,True,mild,sensitive,301,-3.0017270902762982,True
E301H,-4.31809821772583,301,True,mild,sensitive,301,-3.054887684188205,True
E301I,-5.0806942957782,301,True,impactful,sensitive,301,-3.59439495090326,True
E301K,-2.6197513437101496,301,True,neutral,sensitive,301,-1.8533728766712774,True
E301L,-3.7455023237132696,301,True,neutral,sensitive,301,-2.6497982081185874,True
E301M,-5.12390009034266,301,True,impactful,sensitive,301,-3.624961381550604,True
E301N,-2.6736540045169304,301,True,neutral,sensitive,301,-1.8915069269732485,True
E301P,-5.99906489943305,301,True,impactful,sensitive,301,-4.244106677030519,True
E301Q,-1.70471010199556,301,True,neutral,sensitive,301,-1.206016545506031,True
E301R,-3.61446911042262,301,True,neutral,sensitive,301,-2.55709727142891,True
E301S,-3.10625172248482,301,True,neutral,sensitive,301,-2.197553101514417,True
E301T,-4.10782153909295,301,True,mild,sensitive,301,-2.9061250568837487,True
E301V,-4.99263337436275,301,True,impactful,sensitive,301,-3.5320952507283057,True
E301W,-5.19095865636956,301,True,impactful,sensitive,301,-3.6724027265931873,True
E301Y,-4.9863136662740315,301,True,impactful,sensitive,301,-3.527624301381058,True
I302A,-5.00415594713843,302,True,impactful,sensitive,302,-5.00415594713843,True
I302C,-5.09373723543014,302,True,impactful,sensitive,302,-5.09373723543014,True
I302D,-6.186968071840299,302,True,impactful,sensitive,302,-6.186968071840299,True
I302E,-5.851492478498,302,True,impactful,sensitive,302,-5.851492478498,True
I302F,-3.48748238349166,302,True,neutral,sensitive,302,-3.48748238349166,True
I302G,-6.08865577937019,302,True,impactful,sensitive,302,-6.08865577937019,True
I302H,-6.186968071840299,302,True,impactful,sensitive,302,-6.186968071840299,True
I302I,0.0,302,True,neutral,sensitive,302,0.0,True
I302K,-5.8550967072469104,302,True,impactful,sensitive,302,-5.8550967072469104,True
I302L,-2.00964810154601,302,True,neutral,sensitive,302,-2.00964810154601,True
I302M,-1.45143078681068,302,True,neutral,sensitive,302,-1.45143078681068,True
I302N,-5.916690080377459,302,True,impactful,sensitive,302,-5.916690080377459,True
I302P,-6.910716618270191,302,True,impactful,sensitive,302,-6.910716618270191,True
I302Q,-6.186968071840299,302,True,impactful,sensitive,302,-6.186968071840299,True
I302R,-5.7834856054714505,302,True,impactful,sensitive,302,-5.7834856054714505,True
I302S,-5.18184122766514,302,True,impactful,sensitive,302,-5.18184122766514,True
I302T,-5.09219738795907,302,True,impactful,sensitive,302,-5.09219738795907,True
I302V,-2.44481614162212,302,True,neutral,sensitive,302,-2.44481614162212,True
I302W,-4.75789083662978,302,True,mild,sensitive,302,-4.75789083662978,True
I302Y,-4.79454111991314,302,True,mild,sensitive,302,-4.79454111991314,True
V303A,0.0223944129273554,303,True,neutral,sensitive,303,0.0223944129273554,True
V303C,-1.5252287319771,303,True,neutral,sensitive,303,-1.5252287319771,True
V303D,-4.7300503118353,303,True,mild,sensitive,303,-4.7300503118353,True
V303E,-4.739887723356589,303,True,mild,sensitive,303,-4.739887723356589,True
V303F,-4.97293168656855,303,True,impactful,sensitive,303,-4.97293168656855,True
V303G,-4.0418367110808,303,True,mild,sensitive,303,-4.0418367110808,True
V303H,-4.535793159957179,303,True,mild,sensitive,303,-4.535793159957179,True
V303I,-3.37750431281298,303,True,neutral,sensitive,303,-3.37750431281298,True
V303K,-4.870986562399531,303,True,mild,sensitive,303,-4.870986562399531,True
V303L,-2.8752322552462704,303,True,neutral,sensitive,303,-2.8752322552462704,True
V303M,-2.67444844429037,303,True,neutral,sensitive,303,-2.67444844429037,True
V303N,-4.74335059959787,303,True,mild,sensitive,303,-4.74335059959787,True
V303P,-5.0611968708856505,303,True,impactful,sensitive,303,-5.0611968708856505,True
V303Q,-4.11888077079167,303,True,mild,sensitive,303,-4.11888077079167,True
V303R,-5.02046282492664,303,True,impactful,sensitive,303,-5.02046282492664,True
V303S,-2.18630783975027,303,True,neutral,sensitive,303,-2.18630783975027,True
V303T,-2.13975345680387,303,True,neutral,sensitive,303,-2.13975345680387,True
V303V,0.0,303,True,neutral,sensitive,303,0.0,True
V303W,-5.07203513294768,303,True,impactful,sensitive,303,-5.07203513294768,True
V303Y,-5.02116537805242,303,True,impactful,sensitive,303,-5.02116537805242,True
S304A,-1.19972547085267,304,True,neutral,tolerant,304,-0.8740415327814551,True
S304C,-3.28956409786166,304,True,neutral,tolerant,304,-2.396561310175714,True
S304D,-1.38388663703523,304,True,neutral,tolerant,304,-1.0082093168951194,True
S304E,-1.22851297103799,304,True,neutral,tolerant,304,-0.8950142231162206,True
S304F,-4.08499511814492,304,True,mild,tolerant,304,-2.9760603414800806,True
S304G,-2.6898930066951503,304,True,neutral,tolerant,304,-1.9596801632618386,True
S304H,-1.97157130010456,304,True,neutral,tolerant,304,-1.4363579360422989,True
S304I,-3.75111672563218,304,True,neutral,tolerant,304,-2.732818375676822,True
S304K,-1.04551464984622,304,True,neutral,tolerant,304,-0.7616936118290323,True
S304L,-1.83942417688276,304,True,neutral,tolerant,304,-1.3400841826382368,True
S304M,-2.67776136395506,304,True,neutral,tolerant,304,-1.9508418416013262,True
S304N,0.122631421608659,304,True,neutral,tolerant,304,0.08934123540264807,True
S304P,-3.9038333583790896,304,True,mild,tolerant,304,-2.8440777287623775,True
S304Q,-1.01382076567229,304,True,neutral,tolerant,304,-0.7386035201570671,True
S304R,-1.06707828500639,304,True,neutral,tolerant,304,-0.7774034664463054,True
S304S,0.0,304,True,neutral,tolerant,304,0.0,True
S304T,-1.2210729306411,304,True,neutral,tolerant,304,-0.8895938961577272,True
S304V,-3.6277129707362,304,True,neutral,tolerant,304,-2.642914468740837,True
S304W,-4.62764256986792,304,True,mild,tolerant,304,-3.3713977932446326,True
S304Y,-4.33373318279106,304,True,mild,tolerant,304,-3.1572746313874953,True
M305A,-2.46128275843728,305,True,neutral,sensitive,305,-2.05450603140163,True
M305C,-1.90613126173719,305,True,neutral,sensitive,305,-1.591104541100636,True
M305D,-5.10418949279714,305,True,impactful,sensitive,305,-4.260619005443611,True
M305E,-3.87328354834808,305,True,mild,sensitive,305,-3.2331451492644994,True
M305F,-4.3502510840382405,305,True,mild,sensitive,305,-3.6312841584860105,True
M305G,-4.5212339171998615,305,True,mild,sensitive,305,-3.77400862230167,True
M305H,-5.21859915156021,305,True,impactful,sensitive,305,-4.356120155473431,True
M305I,-0.407565264832186,305,True,neutral,sensitive,305,-0.34020686648744775,True
M305K,-4.87903396318313,305,True,mild,sensitive,305,-4.072674978285547,True
M305L,-1.39367733482777,305,True,neutral,sensitive,305,-1.163343984113952,True
M305M,0.0,305,True,neutral,sensitive,305,0.0,True
M305N,-4.40576284803429,305,True,mild,sensitive,305,-3.6776214813932087,True
M305P,-5.788076364253402,305,True,impactful,sensitive,305,-4.83147974762643,True
M305Q,-5.0219448456024915,305,True,impactful,sensitive,305,-4.1919669486522215,True
M305R,-5.022233092928049,305,True,impactful,sensitive,305,-4.192207557280736,True
M305S,-2.42798442070589,305,True,neutral,sensitive,305,-2.0267109170571795,True
M305T,-2.2580476760666697,305,True,neutral,sensitive,305,-1.8848596544904557,True
M305V,-1.65562757011359,305,True,neutral,sensitive,305,-1.382001648080807,True
M305W,-5.28160374164033,305,True,impactful,sensitive,305,-4.40871196349787,True
M305Y,-3.79189088634474,305,True,neutral,sensitive,305,-3.1652042698899288,True
L306A,-5.89003624676775,306,True,impactful,sensitive,306,-5.858638572694835,True
L306C,-6.21266846883784,306,True,impactful,sensitive,306,-6.179550957920197,True
L306D,-6.30561261954249,306,True,impactful,sensitive,306,-6.271999656639741,True
L306E,-6.397583240931281,306,True,impactful,sensitive,306,-6.363480015579598,True
L306F,-5.70216335009294,306,True,impactful,sensitive,306,-5.671767159156936,True
L306G,-7.86819691502411,306,True,impactful,sensitive,306,-7.826254374786771,True
L306H,-6.35399365203994,306,True,impactful,sensitive,306,-6.320122787177675,True
L306I,-2.02365268882919,306,True,neutral,sensitive,306,-2.012865320993295,True
L306K,-6.51320409930357,306,True,impactful,sensitive,306,-6.478484540558489,True
L306L,0.0,306,True,neutral,sensitive,306,0.0,True
L306M,-3.64353422153841,306,True,neutral,sensitive,306,-3.6241118453137897,True
L306N,-6.33017666011554,306,True,impactful,sensitive,306,-6.296432755108614,True
L306P,-7.11094204484056,306,True,impactful,sensitive,306,-7.073036159151349,True
L306Q,-6.39004490209672,306,True,impactful,sensitive,306,-6.355981860929965,True
L306R,-6.25047838242893,306,True,impactful,sensitive,306,-6.217159320401255,True
L306S,-6.090419969420428,306,True,impactful,sensitive,306,-6.057954121477307,True
L306T,-5.97129260273084,306,True,impactful,sensitive,306,-5.939461780121313,True
L306V,-1.79172547522205,306,True,neutral,sensitive,306,-1.7821744283112553,True
L306W,-6.320912507206612,306,True,impactful,sensitive,306,-6.28721798608145,True
L306Y,-5.90187466115991,306,True,impactful,sensitive,306,-5.87041388073908,True
E307A,-3.50342389039266,307,True,neutral,tolerant,307,-2.011400605675122,True
E307C,-3.41134409516423,307,True,neutral,tolerant,307,-1.958535362505205,True
E307D,-1.98134798020768,307,True,neutral,tolerant,307,-1.1375399186982884,True
E307E,0.0,307,True,neutral,tolerant,307,0.0,True
E307F,-4.64972197082803,307,True,mild,tolerant,307,-2.6695181288200356,True
E307G,-3.78702646100004,307,True,neutral,tolerant,307,-2.1742237181894266,True
E307H,-3.92524137140673,307,True,mild,tolerant,307,-2.253576249656634,True
E307I,-3.8816598644100098,307,True,mild,tolerant,307,-2.228555049735658,True
E307K,-2.56085883509886,307,True,neutral,tolerant,307,-1.4702511523345885,True
E307L,-3.48286681616566,307,True,neutral,tolerant,307,-1.9995982908982879,True
E307M,-4.04084212337179,307,True,mild,tolerant,307,-2.319945444419692,True
E307N,-2.55557645549556,307,True,neutral,tolerant,307,-1.4672184101184322,True
E307P,-5.385582445151651,307,True,impactful,tolerant,307,-3.091993470101397,True
E307Q,-2.59306673714182,307,True,neutral,tolerant,307,-1.4887424898671053,True
E307R,-1.97397846649107,307,True,neutral,tolerant,307,-1.1333089021793428,True
E307S,-3.65709416594074,307,True,neutral,tolerant,307,-2.09962643702807,True
E307T,-3.8987326070314094,307,True,mild,tolerant,307,-2.238356925250462,True
E307V,-4.3348976441743385,307,True,mild,tolerant,307,-2.4887698491017267,True
E307W,-4.93843253395992,307,True,impactful,tolerant,307,-2.8352738637000656,True
E307Y,-4.57800404809902,307,True,mild,tolerant,307,-2.628343130381943,True
K308A,-1.4793626752536595,308,True,neutral,tolerant,308,-0.6675912734520433,True
K308C,-3.74052053748537,308,True,neutral,tolerant,308,-1.6879828799014458,True
K308D,-1.38053150598358,308,True,neutral,tolerant,308,-0.6229917798637291,True
K308E,-1.2571601484236798,308,True,neutral,tolerant,308,-0.5673180474662297,True
K308F,-4.46299786577883,308,True,mild,tolerant,308,-2.014014871720463,True
K308G,-2.21427139213162,308,True,neutral,tolerant,308,-0.9992331719387958,True
K308H,-1.47464960437563,308,True,neutral,tolerant,308,-0.6654644082539647,True
K308I,-3.49151061494736,308,True,neutral,tolerant,308,-1.5756122935198198,True
K308K,0.0,308,True,neutral,tolerant,308,0.0,True
K308L,-3.89256981489894,308,True,mild,tolerant,308,-1.7565980832143069,True
K308M,-3.64262442021155,308,True,neutral,tolerant,308,-1.6438053467717593,True
K308N,-1.24391154344164,308,True,neutral,tolerant,308,-0.5613393559530707,True
K308P,-4.853495996192518,308,True,mild,tolerant,308,-2.190234772711825,True
K308Q,-1.28137741643298,308,True,neutral,tolerant,308,-0.578246562197809,True
K308R,-1.6424175591135202,308,True,neutral,tolerant,308,-0.7411729714220253,True
K308S,-1.40334751300129,308,True,neutral,tolerant,308,-0.6332879482305781,True
K308T,-1.42229221013757,308,True,neutral,tolerant,308,-0.6418371124740275,True
K308V,-1.7383575872983,308,True,neutral,tolerant,308,-0.7844677811818564,True
K308W,-4.95030906360988,308,True,impactful,tolerant,308,-2.233923558460643,True
K308Y,-4.20774113176964,308,True,mild,tolerant,308,-1.8988252897707998,True
N309A,-5.33190587465719,309,True,impactful,sensitive,309,-5.0882678888097725,True
N309C,-2.83129056990856,309,True,neutral,sensitive,309,-2.7019165809414987,True
N309D,-4.54567316261811,309,True,mild,sensitive,309,-4.337961571360482,True
N309E,-4.57470143624466,309,True,mild,sensitive,309,-4.365663416823209,True
N309F,-7.10306220048401,309,True,impactful,sensitive,309,-6.778492373379529,True
N309G,-6.3941847744745495,309,True,impactful,sensitive,309,-6.102006642262235,True
N309H,-3.1306681097041404,309,True,neutral,sensitive,309,-2.987614257941594,True
N309I,-6.53397039255412,309,True,impactful,sensitive,309,-6.235404847052831,True
N309K,-6.15116558505103,309,True,impactful,sensitive,309,-5.870092057313232,True
N309L,-6.54067430444232,309,True,impactful,sensitive,309,-6.241802428028946,True
N309M,-6.56929339863899,309,True,impactful,sensitive,309,-6.269113791250845,True
N309N,0.0,309,True,neutral,sensitive,309,0.0,True
N309P,-6.80565786199963,309,True,impactful,sensitive,309,-6.49467773353462,True
N309Q,-4.54511148173084,309,True,mild,sensitive,309,-4.337425556117595,True
N309R,-6.2844970908382,309,True,impactful,sensitive,309,-5.9973310662927615,True
N309S,-3.03588049465819,309,True,neutral,sensitive,309,-2.8971579015779927,True
N309T,-4.79504841163884,309,True,mild,sensitive,309,-4.575941779879768,True
N309V,-6.3805086126466914,309,True,impactful,sensitive,309,-6.088955403792027,True
N309W,-7.45363290905327,309,True,impactful,sensitive,309,-7.113043980460354,True
N309Y,-7.0596774539892815,309,True,impactful,sensitive,309,-6.737090064778672,True
A310A,0.0,310,True,neutral,tolerant,310,0.0,True
A310C,-2.82682195742304,310,True,neutral,tolerant,310,-1.5819899353731743,True
A310D,-2.4411447541231697,310,True,neutral,tolerant,310,-1.3661512787074832,True
A310E,-2.62216640283604,310,True,neutral,tolerant,310,-1.4674574206087867,True
A310F,-3.75308901860655,310,True,neutral,tolerant,310,-2.10036187047581,True
A310G,-3.34772424890464,310,True,neutral,tolerant,310,-1.8735053526327523,True
A310H,-1.68923536652035,310,True,neutral,tolerant,310,-0.9453560884137725,True
A310I,-1.9664834779616,310,True,neutral,tolerant,310,-1.1005139754358166,True
A310K,-1.72692451885739,310,True,neutral,tolerant,310,-0.966448276237408,True
A310L,-3.96532319824391,310,True,mild,tolerant,310,-2.2191356529019806,True
A310M,-3.5572493818403,310,True,neutral,tolerant,310,-1.9907630563383332,True
A310N,-1.6494862843293705,310,True,neutral,tolerant,310,-0.9231110907048348,True
A310P,-1.76345342053204,310,True,neutral,tolerant,310,-0.9868911465949785,True
A310Q,-2.00192195381252,310,True,neutral,tolerant,310,-1.1203466047862087,True
A310R,-2.11859008303929,310,True,neutral,tolerant,310,-1.1856382322730068,True
A310S,-0.3266418101261581,310,True,neutral,tolerant,310,-0.18280035455884416,True
A310T,-0.0749840005238996,310,True,neutral,tolerant,310,-0.04196370904482601,True
A310V,-3.908037382513221,310,True,mild,tolerant,310,-2.1870764764520394,True
A310W,-4.4349168124698215,310,True,mild,tolerant,310,-2.4819369126240938,True
A310Y,-3.08559951121982,310,True,neutral,tolerant,310,-1.7268110425292098,True
T311A,-1.6472317690380902,311,True,neutral,sensitive,311,-1.3052498779008783,True
T311C,-1.6249837640605398,311,True,neutral,sensitive,311,-1.287620782635527,True
T311D,-5.1246510753531,311,True,impactful,sensitive,311,-4.060721943394333,True
T311E,-4.0625146230999,311,True,mild,sensitive,311,-3.219095706773648,True
T311F,-5.415424535082001,311,True,impactful,sensitive,311,-4.291127906866974,True
T311G,-4.5758571486892805,311,True,mild,sensitive,311,-3.62586315834978,True
T311H,-4.14818353188244,311,True,mild,sensitive,311,-3.2869788880175412,True
T311I,-4.94749280184525,311,True,impactful,sensitive,311,-3.9203435101880073,True
T311K,-2.4167169807490896,311,True,neutral,sensitive,311,-1.9149822164283348,True
T311L,-5.0069165001175895,311,True,impactful,sensitive,311,-3.967430250725851,True
T311M,-3.74615108216156,311,True,neutral,sensitive,311,-2.9684124204603974,True
T311N,-2.4671918247891496,311,True,neutral,sensitive,311,-1.9549779749237082,True
T311P,-4.8734621973715,311,True,mild,sensitive,311,-3.8616824041636155,True
T311Q,-2.5390119075765,311,True,neutral,sensitive,311,-2.0118874858079976,True
T311R,-2.53530127608206,311,True,neutral,sensitive,311,-2.0089472187514184,True
T311S,-0.390597280719159,311,True,neutral,sensitive,311,-0.3095053547108393,True
T311T,0.0,311,True,neutral,sensitive,311,0.0,True
T311V,-2.7243549173105,311,True,neutral,sensitive,311,-2.1587514216379593,True
T311W,-5.95418072431162,311,True,impactful,sensitive,311,-4.718032889777149,True
T311Y,-5.6278281020332885,311,True,impactful,sensitive,311,-4.459434355928951,True
L312A,-5.997580546043731,312,True,impactful,sensitive,312,-5.961546478902564,True
L312C,-6.0518491199043885,312,True,impactful,sensitive,312,-6.01548900171328,True
L312D,-6.1331515670274115,312,True,impactful,sensitive,312,-6.096302975556806,True
L312E,-6.11769347269541,312,True,impactful,sensitive,312,-6.080937755010284,True
L312F,-6.31151280043917,312,True,impactful,sensitive,312,-6.273592596739133,True
L312G,-7.02985808918653,312,True,impactful,sensitive,312,-6.98762199474246,True
L312H,-6.33283378362028,312,True,impactful,sensitive,312,-6.2947854813088835,True
L312I,-1.5771657819577198,312,True,neutral,sensitive,312,-1.5676900113126213,True
L312K,-6.55679892506473,312,True,impactful,sensitive,312,-6.517405017657723,True
L312L,0.0,312,True,neutral,sensitive,312,0.0,True
L312M,-1.71353239209952,312,True,neutral,sensitive,312,-1.7032373171453024,True
L312N,-6.16934267295967,312,True,impactful,sensitive,312,-6.132276641684618,True
L312P,-7.119414196318459,312,True,impactful,sensitive,312,-7.076640039775428,True
L312Q,-6.1619323051598895,312,True,impactful,sensitive,312,-6.124910796119894,True
L312R,-6.59074240664477,312,True,impactful,sensitive,312,-6.551144563386486,True
L312S,-6.02938249529693,312,True,impactful,sensitive,312,-5.993157358846095,True
L312T,-5.847826141886362,312,True,impactful,sensitive,312,-5.812691814267268,True
L312V,-1.55588612693619,312,True,neutral,sensitive,312,-1.5465382065987114,True
L312W,-6.739783779577482,312,True,impactful,sensitive,312,-6.699290480760437,True
L312Y,-6.420433452756178,312,True,impactful,sensitive,312,-6.381858842822074,True
L313A,-4.16164027837955,313,True,mild,tolerant,313,-3.2590635182821237,True
L313C,-3.6531011255002,313,True,neutral,tolerant,313,-2.8608163633376016,True
L313D,-4.9224831502494,313,True,impactful,tolerant,313,-3.8548947485155893,True
L313E,-4.627659483932151,313,True,mild,tolerant,313,-3.6240124542883567,True
L313F,-5.56470885819822,313,True,impactful,tolerant,313,-4.357834511510649,True
L313G,-6.38022471463341,313,True,impactful,tolerant,313,-4.996481246572389,True
L313H,-4.747020928974259,313,True,mild,tolerant,313,-3.717486782919577,True
L313I,-1.51349247481887,313,True,neutral,tolerant,313,-1.1852461481359309,True
L313K,-3.28285542346668,313,True,neutral,tolerant,313,-2.5708695684243126,True
L313L,0.0,313,True,neutral,tolerant,313,0.0,True
L313M,-1.65617858109465,313,True,neutral,tolerant,313,-1.296986484258925,True
L313N,-3.55206280361916,313,True,neutral,tolerant,313,-2.781691237962959,True
L313P,-6.98791590285745,313,True,impactful,tolerant,313,-5.472376338277348,True
L313Q,-3.5671605329752403,313,True,neutral,tolerant,313,-2.7935145709907854,True
L313R,-3.69286297369788,313,True,neutral,tolerant,313,-2.891954659829433,True
L313S,-3.0967966249988104,313,True,neutral,tolerant,313,-2.4251632118484507,True
L313T,-1.85200883099247,313,True,neutral,tolerant,313,-1.4503450593702187,True
L313V,-1.5017645139271,313,True,neutral,tolerant,313,-1.1760617480125524,True
L313W,-5.64406401523072,313,True,impactful,tolerant,313,-4.419979117957238,True
L313Y,-5.548845627096322,313,True,impactful,tolerant,313,-4.345411698795465,True
K314A,-4.60388302438454,314,True,mild,sensitive,314,-2.2561464720843603,True
K314C,-4.7295727929273,314,True,mild,sensitive,314,-2.317741114340232,True
K314D,-4.751800355077322,314,True,mild,sensitive,314,-2.328633796813308,True
K314E,-4.64499924624138,314,True,mild,sensitive,314,-2.276295598027921,True
K314F,-5.353485469195942,314,True,impactful,sensitive,314,-2.623491363857135,True
K314G,-6.1063276514155,314,True,impactful,sensitive,314,-2.992423898514227,True
K314H,-4.74268488678837,314,True,mild,sensitive,314,-2.324166734658908,True
K314I,-5.51074067918816,314,True,impactful,sensitive,314,-2.7005547439129867,True
K314K,0.0,314,True,neutral,sensitive,314,0.0,True
K314L,-5.44031495991102,314,True,impactful,sensitive,314,-2.6660424122030895,True
K314M,-5.492331221710991,314,True,impactful,sensitive,314,-2.6915331349103004,True
K314N,-3.1854783733385896,314,True,neutral,sensitive,314,-1.561053084069105,True
K314P,-6.33288172282261,314,True,impactful,sensitive,314,-3.103447390256794,True
K314Q,-3.38877099478537,314,True,neutral,sensitive,314,-1.660677233563922,True
K314R,-0.8642987546942379,314,True,neutral,sensitive,314,-0.42355215714695316,True
K314S,-3.31415605794008,314,True,neutral,sensitive,314,-1.62411196341334,True
K314T,-3.97772166634418,314,True,mild,sensitive,314,-1.9492942494245185,True
K314V,-5.33360751260084,314,True,impactful,sensitive,314,-2.6137501125249987,True
K314W,-5.4067196781956515,314,True,impactful,sensitive,314,-2.649578945186366,True
K314Y,-5.26996904745966,314,True,impactful,sensitive,314,-2.582563894748249,True
F315A,-3.81042768329767,315,True,neutral,sensitive,315,-3.341771605577857,True
F315C,-4.81543530204946,315,True,mild,sensitive,315,-4.223170283856298,True
F315D,-5.539625058026379,315,True,impactful,sensitive,315,-4.85828974149146,True
F315E,-5.42392230838373,315,True,impactful,sensitive,315,-4.756817624558784,True
F315F,0.0,315,True,neutral,sensitive,315,0.0,True
F315G,-6.53274512725801,315,True,impactful,sensitive,315,-5.729262956082321,True
F315H,-5.54504984652934,315,True,impactful,sensitive,315,-4.863047318774694,True
F315I,-1.15167023479885,315,True,neutral,sensitive,315,-1.0100228135832927,True
F315K,-5.639725395926582,315,True,impactful,sensitive,315,-4.94607843470559,True
F315L,-1.39640224704618,315,True,neutral,sensitive,315,-1.2246544920924818,True
F315M,-2.29834230685244,315,True,neutral,sensitive,315,-2.015662203642927,True
F315N,-5.38641719977485,315,True,impactful,sensitive,315,-4.72392538320681,True
F315P,-5.885455496072072,315,True,impactful,sensitive,315,-5.161585443249925,True
F315Q,-5.382804751043509,315,True,impactful,sensitive,315,-4.720757240520383,True
F315R,-5.53704939450266,315,True,impactful,sensitive,315,-4.856030866649979,True
F315S,-4.988696086748151,315,True,impactful,sensitive,315,-4.375121198238995,True
F315T,-4.99773813387762,315,True,impactful,sensitive,315,-4.383051136520203,True
F315V,-2.1137090571365,315,True,neutral,sensitive,315,-1.8537375582676023,True
F315W,-4.09219487385026,315,True,mild,sensitive,315,-3.5888833932911974,True
F315Y,-4.05741613962771,315,True,mild,sensitive,315,-3.55838220125643,True
G316A,-5.08337062608256,316,True,impactful,sensitive,316,-3.9674292070920965,True
G316C,-5.5866075011557985,316,True,impactful,sensitive,316,-4.360191573465123,True
G316D,-5.007807318868942,316,True,impactful,sensitive,316,-3.9084541501710914,True
G316E,-4.95181355312189,316,True,impactful,sensitive,316,-3.864752575373441,True
G316F,-6.6932047127648,316,True,impactful,sensitive,316,-5.2238598795487965,True
G316G,0.0,316,True,neutral,sensitive,316,0.0,True
G316H,-4.9872189905977695,316,True,impactful,sensitive,316,-3.8923855333188913,True
G316I,-5.8069098405115,316,True,impactful,sensitive,316,-4.532131414142073,True
G316K,-6.01261669926656,316,True,impactful,sensitive,316,-4.6926798886791214,True
G316L,-5.852072300143878,316,True,impactful,sensitive,316,-4.56737945615779,True
G316M,-5.92586545390383,316,True,impactful,sensitive,316,-4.6249729576051335,True
G316N,-4.89749044965213,316,True,impactful,sensitive,316,-3.8223549059570163,True
G316P,-6.67182637798486,316,True,impactful,sensitive,316,-5.207174684617359,True
G316Q,-5.02023466463396,316,True,impactful,sensitive,316,-3.9181533474520815,True
G316R,-5.54471016431876,316,True,impactful,sensitive,316,-4.327491868860908,True
G316S,-2.63665694527445,316,True,neutral,sensitive,316,-2.0578373176432216,True
G316T,-5.1373268433405705,316,True,impactful,sensitive,316,-4.009540532037648,True
G316V,-5.8417233476720405,316,True,impactful,sensitive,316,-4.559302386961043,True
G316W,-6.31395460328866,316,True,impactful,sensitive,316,-4.9278657308223135,True
G316Y,-6.20906212128855,316,True,impactful,sensitive,316,-4.846000069767354,True
Y317A,-5.5091918471129295,317,True,impactful,sensitive,317,-4.6350364256126895,True
Y317C,-5.562650186951059,317,True,impactful,sensitive,317,-4.680012414701245,True
Y317D,-5.99933584459369,317,True,impactful,sensitive,317,-5.047408211741228,True
Y317E,-5.69355181611533,317,True,impactful,sensitive,317,-4.79014359840043,True
Y317F,-3.06170755848906,317,True,neutral,sensitive,317,-2.5758997784053013,True
Y317G,-7.5401331139528,317,True,impactful,sensitive,317,-6.343723835911513,True
Y317H,-4.33385900616284,317,True,mild,sensitive,317,-3.6461961961918607,True
Y317I,-2.80033673278727,317,True,neutral,sensitive,317,-2.3560012286107206,True
Y317K,-6.4457061970882,317,True,impactful,sensitive,317,-5.422952012091883,True
Y317L,-2.6576214986173,317,True,neutral,sensitive,317,-2.235930930239407,True
Y317M,-2.86578173838371,317,True,neutral,sensitive,317,-2.4110619331989787,True
Y317N,-5.53008901692217,317,True,impactful,sensitive,317,-4.652617796155957,True
Y317P,-6.70161419250252,317,True,impactful,sensitive,317,-5.638254530731253,True
Y317Q,-5.58452901310428,317,True,impactful,sensitive,317,-4.698419680046882,True
Y317R,-6.29717443241353,317,True,impactful,sensitive,317,-5.29798810472888,True
Y317S,-5.79187818782119,317,True,impactful,sensitive,317,-4.872868311407806,True
Y317T,-5.72031661660885,317,True,impactful,sensitive,317,-4.81266156993862,True
Y317V,-3.0463488798149103,317,True,neutral,sensitive,317,-2.5629780945940412,True
Y317W,-4.33036946429026,317,True,mild,sensitive,317,-3.6432603474980843,True
Y317Y,0.0,317,True,neutral,sensitive,317,0.0,True
H318A,-2.85117282824158,318,True,neutral,tolerant,318,-1.404262113922476,True
H318C,-2.82404259849998,318,True,neutral,tolerant,318,-1.3908999096426191,True
H318D,-2.62757713837058,318,True,neutral,tolerant,318,-1.2941365708434718,True
H318E,-2.69486309386694,318,True,neutral,tolerant,318,-1.327276307995388,True
H318F,-3.3640460362054103,318,True,neutral,tolerant,318,-1.6568628710760396,True
H318G,-4.28742578507252,318,True,mild,tolerant,318,-2.1116466657494173,True
H318H,0.0,318,True,neutral,tolerant,318,0.0,True
H318I,-5.303355467557339,318,True,impactful,tolerant,318,-2.6120132339881366,True
H318K,-3.80450435236986,318,True,neutral,tolerant,318,-1.8737977829218735,True
H318L,-5.25393167691879,318,True,impactful,tolerant,318,-2.5876709857621827,True
H318M,-5.30473041966551,318,True,impactful,tolerant,318,-2.6126904265928204,True
H318N,-1.84082511883192,318,True,neutral,tolerant,318,-0.9066447839034604,True
H318P,-4.86801498577752,318,True,mild,tolerant,318,-2.397598962371642,True
H318Q,-1.43628521407159,318,True,neutral,tolerant,318,-0.7074004391910799,True
H318R,-2.44258076970006,318,True,neutral,tolerant,318,-1.203021998915728,True
H318S,-3.01122858218885,318,True,neutral,tolerant,318,-1.48309291265805,True
H318T,-2.49140587455065,318,True,neutral,tolerant,318,-1.2270693818982115,True
H318V,-4.633868962363231,318,True,mild,tolerant,318,-2.2822771598665748,True
H318W,-4.81818738764341,318,True,mild,tolerant,318,-2.3730578305277903,True
H318Y,-3.64460413377338,318,True,neutral,tolerant,318,-1.795043588592152,True
F319A,-5.279733186767,319,True,impactful,sensitive,319,-5.045652381135888,True
F319C,-5.12681831516344,319,True,impactful,sensitive,319,-4.899517101430581,True
F319D,-5.366357307560191,319,True,impactful,sensitive,319,-5.128435958616554,True
F319E,-5.3578172551496905,319,True,impactful,sensitive,319,-5.1202745356325154,True
F319F,0.0,319,True,neutral,sensitive,319,0.0,True
F319G,-5.771283446540692,319,True,impactful,sensitive,319,-5.515409403117867,True
F319H,-5.392801746012441,319,True,impactful,sensitive,319,-5.153707963682797,True
F319I,-4.23338718896646,319,True,mild,sensitive,319,-4.045696893133821,True
F319K,-5.93429987094275,319,True,impactful,sensitive,319,-5.671198375941354,True
F319L,-3.19193227231009,319,True,neutral,sensitive,319,-3.0504156366408894,True
F319M,-3.99927332607574,319,True,mild,sensitive,319,-3.8219626383968284,True
F319N,-5.3576795327376905,319,True,impactful,sensitive,319,-5.1201429192436825,True
F319P,-6.0102256613066505,319,True,impactful,sensitive,319,-5.743757941242763,True
F319Q,-5.2148092120964815,319,True,impactful,sensitive,319,-4.983606858038214,True
F319R,-5.966085409750309,319,True,impactful,sensitive,319,-5.701574679799286,True
F319S,-5.36097670963642,319,True,impactful,sensitive,319,-5.123293913409789,True
F319T,-5.531739395449059,319,True,impactful,sensitive,319,-5.2864857115179245,True
F319V,-3.74136629238336,319,True,neutral,sensitive,319,-3.5754901003672135,True
F319W,-3.82841573698868,319,True,neutral,sensitive,319,-3.6586801446198742,True
F319Y,-4.4813003992787,319,True,mild,sensitive,319,-4.282618691201606,True
T320A,-1.62092770789069,320,True,neutral,tolerant,320,-0.7276858846090941,True
T320C,-1.7044629764205,320,True,neutral,tolerant,320,-0.7651875174581466,True
T320D,-2.23106381204204,320,True,neutral,tolerant,320,-1.0015953430753703,True
T320E,-1.33285331421025,320,True,neutral,tolerant,320,-0.5983601478855437,True
T320F,-5.22014318105737,320,True,impactful,tolerant,320,-2.3434879236144375,True
T320G,-3.8920438260905295,320,True,mild,tolerant,320,-1.7472619788895873,True
T320H,-2.56386910270146,320,True,neutral,tolerant,320,-1.1510021988883494,True
T320I,-4.67185641635776,320,True,mild,tolerant,320,-2.0973445962793233,True
T320K,-3.72443571748152,320,True,neutral,tolerant,320,-1.6720173802643232,True
T320L,-2.35142170336652,320,True,neutral,tolerant,320,-1.055627819781016,True
T320M,-2.15815775445341,320,True,neutral,tolerant,320,-0.9688655003121905,True
T320N,-1.35393226579153,320,True,neutral,tolerant,320,-0.6078231581440433,True
T320P,-5.32660876915991,320,True,impactful,tolerant,320,-2.3912837045623987,True
T320Q,-2.25534512610474,320,True,neutral,tolerant,320,-1.012495995471633,True
T320R,-2.38810945842341,320,True,neutral,tolerant,320,-1.072098117230392,True
T320S,-1.62095817822568,320,True,neutral,tolerant,320,-0.7276995637093794,True
T320T,0.0,320,True,neutral,tolerant,320,0.0,True
T320V,-4.68770274300413,320,True,mild,tolerant,320,-2.1044585151588238,True
T320W,-5.64300942525007,320,True,impactful,tolerant,320,-2.5333259993526314,True
T320Y,-5.1351374770922,320,True,impactful,tolerant,320,-2.305326165637452,True
Q321A,-4.58683314390569,321,True,mild,tolerant,321,-3.408108130936549,True
Q321C,-3.25151006045888,321,True,neutral,tolerant,321,-2.415936557359921,True
Q321D,-3.76825300984594,321,True,neutral,tolerant,321,-2.799886832453334,True
Q321E,-3.87455313220732,321,True,mild,tolerant,321,-2.8788699347318016,True
Q321F,-2.84491704162185,321,True,neutral,tolerant,321,-2.113829868495154,True
Q321G,-5.295835126869822,321,True,impactful,tolerant,321,-3.9349106866825956,True
Q321H,-1.5883157659681395,321,True,neutral,tolerant,321,-1.1801501617042534,True
Q321I,-2.80148320511379,321,True,neutral,tolerant,321,-2.081557665274166,True
Q321K,-2.23789417638634,321,True,neutral,tolerant,321,-1.662799822760384,True
Q321L,-1.9568642043691,321,True,neutral,tolerant,321,-1.4539889716524939,True
Q321M,-2.99837521280469,321,True,neutral,tolerant,321,-2.2278523377148547,True
Q321N,-1.8253261668952097,321,True,neutral,tolerant,321,-1.3562535971626168,True
Q321P,-5.561338864581421,321,True,impactful,tolerant,321,-4.132185237314811,True
Q321Q,0.0,321,True,neutral,tolerant,321,0.0,True
Q321R,-2.19644586585675,321,True,neutral,tolerant,321,-1.6320029047784939,True
Q321S,-3.05894870804136,321,True,neutral,tolerant,321,-2.2728596478040894,True
Q321T,-3.05530357705558,321,True,neutral,tolerant,321,-2.2701512430810022,True
Q321V,-2.7137270229325003,321,True,neutral,tolerant,321,-2.016353078874641,True
Q321W,-4.96684233182049,321,True,impactful,tolerant,321,-3.6904625054103137,True
Q321Y,-2.96724621494426,321,True,neutral,tolerant,321,-2.2047228740113414,True
Q322A,-2.5422502060652,322,True,neutral,tolerant,322,-0.7894374046264585,True
Q322C,-4.43362428135551,322,True,mild,tolerant,322,-1.3767601778187744,True
Q322D,-3.8877507232015898,322,True,mild,tolerant,322,-1.207251683345989,True
Q322E,-3.9809243096325,322,True,mild,tolerant,322,-1.236184600364256,True
Q322F,-5.23770285792784,322,True,impactful,tolerant,322,-1.6264483096519786,True
Q322G,-3.79699667850523,322,True,neutral,tolerant,322,-1.1790700994351997,True
Q322H,-4.04200801894605,322,True,mild,tolerant,322,-1.2551527431656218,True
Q322I,-4.13367584717781,322,True,mild,tolerant,322,-1.2836180815632257,True
Q322K,-3.710422813801431,322,True,neutral,tolerant,322,-1.1521865744000968,True
Q322L,-2.83180142153616,322,True,neutral,tolerant,322,-0.8793508834423862,True
Q322M,-2.7388506108672,322,True,neutral,tolerant,322,-0.8504871443197126,True
Q322N,-2.58614805163853,322,True,neutral,tolerant,322,-0.8030688722119169,True
Q322P,-2.10323384236399,322,True,neutral,tolerant,322,-0.6531109573232067,True
Q322Q,0.0,322,True,neutral,tolerant,322,0.0,True
Q322R,-3.4060540390378904,322,True,neutral,tolerant,322,-1.0576718429132377,True
Q322S,-2.76971188939498,322,True,neutral,tolerant,322,-0.8600704054661963,True
Q322T,-3.3056013708494403,322,True,neutral,tolerant,322,-1.0264785742596254,True
Q322V,-3.0757442484447903,322,True,neutral,tolerant,322,-0.9551017248397224,True
Q322W,-5.67390683396201,322,True,impactful,tolerant,322,-1.7619014345673023,True
Q322Y,-5.16453549674229,322,True,impactful,tolerant,322,-1.6037278663298051,True
G323A,-3.7396404577725697,323,True,neutral,sensitive,323,-2.3402496219447615,True
G323C,-5.86558375787822,323,True,impactful,sensitive,323,-3.6706550607905144,True
G323D,-3.1652497894866496,323,True,neutral,sensitive,323,-1.9807986106822042,True
G323E,-3.27023901686472,323,True,neutral,sensitive,323,-2.046500381334816,True
G323F,-6.866311055266332,323,True,impactful,sensitive,323,-4.296905553539023,True
G323G,0.0,323,True,neutral,sensitive,323,0.0,True
G323H,-4.54595714151062,323,True,mild,sensitive,323,-2.8448388560150506,True
G323I,-6.00559217694906,323,True,impactful,sensitive,323,-3.7582716788850723,True
G323K,-6.117327753979911,323,True,impactful,sensitive,323,-3.8281952838029576,True
G323L,-5.89850858918876,323,True,impactful,sensitive,323,-3.6912592672368687,True
G323M,-6.13181262644809,323,True,impactful,sensitive,323,-3.837259849688461,True
G323N,-4.36456198795599,323,True,mild,sensitive,323,-2.7313226117872076,True
G323P,-6.725720433927388,323,True,impactful,sensitive,323,-4.208924595970334,True
G323Q,-4.78304255002779,323,True,mild,sensitive,323,-2.993205803029365,True
G323R,-5.95336070294572,323,True,impactful,sensitive,323,-3.725585465151376,True
G323S,-4.96344008462384,323,True,impactful,sensitive,323,-3.106097741948442,True
G323T,-4.04736936828746,323,True,mild,sensitive,323,-2.53282494425874,True
G323V,-5.798334528430848,323,True,impactful,sensitive,323,-3.6285708054811074,True
G323W,-6.866311055266332,323,True,impactful,sensitive,323,-4.296905553539023,True
G323Y,-4.8648894779933896,323,True,mild,sensitive,323,-3.0444252302421404,True
P324A,-3.07368928470696,324,True,neutral,sensitive,324,-3.026999046876121,True
P324C,-3.28429475670933,324,True,neutral,sensitive,324,-3.234405360256573,True
P324D,-5.3112533228611385,324,True,impactful,sensitive,324,-5.230573833864624,True
P324E,-5.47953502365309,324,True,impactful,sensitive,324,-5.396299286478972,True
P324F,-4.9712386699003215,324,True,impactful,sensitive,324,-4.895724102775286,True
P324G,-5.0163264442122,324,True,impactful,sensitive,324,-4.940126980628579,True
P324H,-4.69528230024941,324,True,mild,sensitive,324,-4.623959590965712,True
P324I,-4.59573409415158,324,True,mild,sensitive,324,-4.5259235511891385,True
P324K,-6.203669048960941,324,True,impactful,sensitive,324,-6.109433504476679,True
P324L,-4.91074969015128,324,True,impactful,sensitive,324,-4.836153968292966,True
P324M,-5.62218302999897,324,True,impactful,sensitive,324,-5.536780427951579,True
P324N,-5.41946638064618,324,True,impactful,sensitive,324,-5.337143103700922,True
P324P,0.0,324,True,neutral,sensitive,324,0.0,True
P324Q,-5.267193927392361,324,True,impactful,sensitive,324,-5.187183713479492,True
P324R,-5.98797334329939,324,True,impactful,sensitive,324,-5.897014279572809,True
P324S,-3.38575545610637,324,True,neutral,sensitive,324,-3.334324842000645,True
P324T,-3.9512905170563,324,True,mild,sensitive,324,-3.8912692602239964,True
P324V,-4.37274729946468,324,True,mild,sensitive,324,-4.306323991031398,True
P324W,-5.33699900265163,324,True,impactful,sensitive,324,-5.255928429260699,True
P324Y,-5.18443747747232,324,True,impactful,sensitive,324,-5.105684358200743,True
R325A,-4.7035495879761,325,True,mild,sensitive,325,-3.0197535467788414,True
R325C,-5.16208994180356,325,True,impactful,sensitive,325,-3.3141437374024116,True
R325D,-5.584181626099,325,True,impactful,sensitive,325,-3.585133303234855,True
R325E,-5.42642531906924,325,True,impactful,sensitive,325,-3.4838512483166597,True
R325F,-6.53422378401025,325,True,impactful,sensitive,325,-4.195075459107051,True
R325G,-6.331452813916121,325,True,impactful,sensitive,325,-4.064893275487507,True
R325H,-5.372828990364631,325,True,impactful,sensitive,325,-3.4494415539628878,True
R325I,-4.740631623254269,325,True,mild,sensitive,325,-3.0435608024393934,True
R325K,-3.31299990164092,325,True,neutral,sensitive,325,-2.126998560625988,True
R325L,-4.81534478441277,325,True,mild,sensitive,325,-3.0915278386488536,True
R325M,-4.8007361616934014,325,True,mild,sensitive,325,-3.082148870819294,True
R325N,-5.410521312806949,325,True,impactful,sensitive,325,-3.4736406236766393,True
R325P,-7.0711952461060585,325,True,impactful,sensitive,325,-4.539819667040567,True
R325Q,-4.17765233156032,325,True,mild,sensitive,325,-2.682119154794861,True
R325R,0.0,325,True,neutral,sensitive,325,0.0,True
R325S,-5.573493590325871,325,True,impactful,sensitive,325,-3.578271414499481,True
R325T,-4.65702728157329,325,True,mild,sensitive,325,-2.9898854871067706,True
R325V,-4.73724832989295,325,True,mild,sensitive,325,-3.0413886743611114,True
R325W,-6.57156614900193,325,True,impactful,sensitive,325,-4.2190498505787595,True
R325Y,-5.4186212335932895,325,True,impactful,sensitive,325,-3.478840901480812,True
L326A,-1.8114851415481497,326,True,neutral,tolerant,326,-0.7894559269190283,True
L326C,-4.51316570618085,326,True,mild,tolerant,326,-1.9668642784821153,True
L326D,-3.42093863798442,326,True,neutral,tolerant,326,-1.4908652692977797,True
L326E,-3.50614257426423,326,True,neutral,tolerant,326,-1.5279976481123476,True
L326F,-4.92195295762879,326,True,impactful,tolerant,326,-2.1450161777732735,True
L326G,-3.17202715838642,326,True,neutral,tolerant,326,-1.382388175922955,True
L326H,-2.9144639576021003,326,True,neutral,tolerant,326,-1.2701406113408682,True
L326I,-2.4259864873998502,326,True,neutral,tolerant,326,-1.0572592439077313,True
L326K,-5.13747892955208,326,True,impactful,tolerant,326,-2.2389436696622833,True
L326L,0.0,326,True,neutral,tolerant,326,0.0,True
L326M,-2.60407670750442,326,True,neutral,tolerant,326,-1.134872013984173,True
L326N,-3.04042601389303,326,True,neutral,tolerant,326,-1.325035619654763,True
L326P,-5.92637135040395,326,True,impactful,tolerant,326,-2.5827476474364257,True
L326Q,-3.0121229336966,326,True,neutral,tolerant,326,-1.3127009700909027,True
L326R,-4.30234485637464,326,True,mild,tolerant,326,-1.874987306609534,True
L326S,-1.91405615107552,326,True,neutral,tolerant,326,-0.8341569788593423,True
L326T,-1.7910919347565202,326,True,neutral,tolerant,326,-0.7805684469164167,True
L326V,-2.42898339229097,326,True,neutral,tolerant,326,-1.0585653127649592,True
L326W,-5.16962035051235,326,True,impactful,tolerant,326,-2.252951090807896,True
L326Y,-3.65664101022148,326,True,neutral,tolerant,326,-1.5935857556454598,True
R327A,-2.74743050917656,327,True,neutral,tolerant,327,-1.8493313709851036,True
R327C,-4.64992009235782,327,True,mild,tolerant,327,-3.129921965505351,True
R327D,-4.7009987447164905,327,True,mild,tolerant,327,-3.1643036737520296,True
R327E,-3.7385397898753694,327,True,neutral,tolerant,327,-2.516459976694636,True
R327F,-5.30185494773885,327,True,impactful,tolerant,327,-3.5687478342098964,True
R327G,-5.13615673372355,327,True,impactful,tolerant,327,-3.457214201504282,True
R327H,-4.6301671519628,327,True,mild,tolerant,327,-3.1166260032527306,True
R327I,-3.1841983474784,327,True,neutral,tolerant,327,-2.1433255093304,True
R327K,-1.95535870304878,327,True,neutral,tolerant,327,-1.3161774898396421,True
R327L,-3.13377924969292,327,True,neutral,tolerant,327,-2.1093877558840357,True
R327M,-3.1281619642491902,327,True,neutral,tolerant,327,-2.1056066876618655,True
R327N,-4.65064110929874,327,True,mild,tolerant,327,-3.1304072914283916,True
R327P,-6.000901805553322,327,True,impactful,tolerant,327,-4.039285407272054,True
R327Q,-2.42711459670733,327,True,neutral,tolerant,327,-1.6337225453654864,True
R327R,0.0,327,True,neutral,tolerant,327,0.0,True
R327S,-2.72993949015378,327,True,neutral,tolerant,327,-1.8375579375602056,True
R327T,-2.77419541230277,327,True,neutral,tolerant,327,-1.867347176963582,True
R327V,-3.0494688156093903,327,True,neutral,tolerant,327,-2.0526373011841734,True
R327W,-5.4631773346145,327,True,impactful,tolerant,327,-3.6773360404975057,True
R327Y,-5.398772358951841,327,True,impactful,tolerant,327,-3.633984209926117,True
A328A,0.0,328,True,neutral,sensitive,328,0.0,True
A328C,-0.8062811813347791,328,True,neutral,sensitive,328,-0.7685413400695902,True
A328D,-4.73687780946224,328,True,mild,sensitive,328,-4.515157371530459,True
A328E,-4.74328862368313,328,True,mild,sensitive,328,-4.521268112877669,True
A328F,-5.07210321700469,328,True,impactful,sensitive,328,-4.83469178446509,True
A328G,-1.31532423772185,328,True,neutral,sensitive,328,-1.2537574678492105,True
A328H,-4.89956230762097,328,True,impactful,sensitive,328,-4.670227048360167,True
A328I,-2.15524372498899,328,True,neutral,sensitive,328,-2.0543625957355145,True
A328K,-5.201580986128031,328,True,impactful,sensitive,328,-4.958109049427839,True
A328L,-3.30695395582795,328,True,neutral,sensitive,328,-3.1521643858200954,True
A328M,-2.2225204414508,328,True,neutral,sensitive,328,-2.1184902710701228,True
A328N,-4.79587427232115,328,True,mild,sensitive,328,-4.571392369536851,True
A328P,-5.9092768848455,328,True,impactful,sensitive,328,-5.632679617305505,True
A328Q,-4.75986164327854,328,True,mild,sensitive,328,-4.537065394252599,True
A328R,-5.59570834172312,328,True,impactful,sensitive,328,-5.3337883695450286,True
A328S,-0.7972576866092421,328,True,neutral,sensitive,328,-0.759940210725365,True
A328T,-2.52304365074715,328,True,neutral,sensitive,328,-2.404946801795886,True
A328V,-1.32696384728346,328,True,neutral,sensitive,328,-1.2648522587701116,True
A328W,-5.49696220877789,328,True,impactful,sensitive,328,-5.239664275993965,True
A328Y,-5.12925461461419,328,True,impactful,sensitive,328,-4.889168079735856,True
S329A,-0.6674008034833361,329,True,neutral,sensitive,329,-0.38739154479997495,True
S329C,-4.31915618166288,329,True,mild,sensitive,329,-2.5070461058989744,True
S329D,-3.44155928008673,329,True,neutral,sensitive,329,-1.9976466301434062,True
S329E,-3.73682366564897,329,True,neutral,sensitive,329,-2.169032289031405,True
S329F,-6.09204901668628,329,True,impactful,sensitive,329,-3.5361184272685584,True
S329G,-3.02920873811149,329,True,neutral,sensitive,329,-1.7582985313380626,True
S329H,-3.0832450032092,329,True,neutral,sensitive,329,-1.7896637800793993,True
S329I,-5.343846650045781,329,True,impactful,sensitive,329,-3.101825766661809,True
S329K,-5.59080426118963,329,True,impactful,sensitive,329,-3.245171848928724,True
S329L,-5.04328804845089,329,True,impactful,sensitive,329,-2.927367090005942,True
S329M,-4.4169667098421606,329,True,mild,sensitive,329,-2.563820043555792,True
S329N,-3.49428112856297,329,True,neutral,sensitive,329,-2.0282489282217466,True
S329P,-5.7642171426656,329,True,impactful,sensitive,329,-3.3458290307789222,True
S329Q,-3.28060185014741,329,True,neutral,sensitive,329,-1.9042191917798506,True
S329R,-4.17352623457464,329,True,mild,sensitive,329,-2.42251547621258,True
S329S,0.0,329,True,neutral,sensitive,329,0.0,True
S329T,-2.61892020200928,329,True,neutral,sensitive,329,-1.5201473199748239,True
S329V,-5.140752514197669,329,True,impactful,sensitive,329,-2.983940156372788,True
S329W,-6.45727896989999,329,True,impactful,sensitive,329,-3.748115468692879,True
S329Y,-6.45727896989999,329,True,impactful,sensitive,329,-3.748115468692879,True
N330A,-1.48360229974181,330,True,neutral,tolerant,330,-0.906610563494377,True
N330C,-2.65422798769663,330,True,neutral,tolerant,330,-1.621965085917542,True
N330D,-1.41092701032074,330,True,neutral,tolerant,330,-0.8621996151522103,True
N330E,-2.1466251711875,330,True,neutral,tolerant,330,-1.31177543766291,True
N330F,-5.05836483639692,330,True,impactful,tolerant,330,-3.0911026462307625,True
N330G,-2.96316327190423,330,True,neutral,tolerant,330,-1.8107515229212396,True
N330H,-2.32591023121794,330,True,neutral,tolerant,330,-1.4213342657454815,True
N330I,-1.93892034204619,330,True,neutral,tolerant,330,-1.1848496488439813,True
N330K,-2.87154546228934,330,True,neutral,tolerant,330,-1.7547650405495614,True
N330L,-3.18113863660766,330,True,neutral,tolerant,330,-1.943953505862396,True
N330M,-2.0141709572027,330,True,neutral,tolerant,330,-1.2308343461056495,True
N330N,0.0,330,True,neutral,tolerant,330,0.0,True
N330P,-5.4462247475477685,330,True,impactful,tolerant,330,-3.3281189225377923,True
N330Q,-1.58879015030173,330,True,neutral,tolerant,330,-0.9708895259127338,True
N330R,-2.6106012016326003,330,True,neutral,tolerant,330,-1.59530530984154,True
N330S,-1.50164715334982,330,True,neutral,tolerant,330,-0.917637544849541,True
N330T,-1.58012113393875,330,True,neutral,tolerant,330,-0.9655919998768472,True
N330V,-3.0552802267922803,330,True,neutral,tolerant,330,-1.8670430266436153,True
N330W,-5.374108001514308,330,True,impactful,tolerant,330,-3.2840492929813037,True
N330Y,-3.62989520559,330,True,neutral,tolerant,330,-2.218182958019275,True
A331A,0.0,331,True,neutral,tolerant,331,0.0,True
A331C,-3.2746935284958703,331,True,neutral,tolerant,331,-2.94037345171946,True
A331D,-4.54208414191869,331,True,mild,tolerant,331,-4.078373597454807,True
A331E,-4.36277967197822,331,True,mild,tolerant,331,-3.9173746830221186,True
A331F,-3.28963659244062,331,True,neutral,tolerant,331,-2.953790948083057,True
A331G,-5.44654657057771,331,True,impactful,tolerant,331,-4.890497629876317,True
A331H,-2.85481827340782,331,True,neutral,tolerant,331,-2.5633641095164017,True
A331I,-2.60558045435849,331,True,neutral,tolerant,331,-2.339571482841587,True
A331K,-3.29156308264435,331,True,neutral,tolerant,331,-2.9555207590106303,True
A331L,-2.4971069340327903,331,True,neutral,tolerant,331,-2.2421722433082496,True
A331M,-4.00225291648797,331,True,mild,tolerant,331,-3.593654832216721,True
A331N,-4.8079482987906506,331,True,mild,tolerant,331,-4.317095145540915,True
A331P,-5.65809814314386,331,True,impactful,tolerant,331,-5.080451475092705,True
A331Q,-3.0179932815862296,331,True,neutral,tolerant,331,-2.709880251517721,True
A331R,-3.40823703479736,331,True,neutral,tolerant,331,-3.0602832317222286,True
A331S,-1.6570173042997,331,True,neutral,tolerant,331,-1.4878490607456942,True
A331T,-3.718317884804181,331,True,neutral,tolerant,331,-3.3387073014291264,True
A331V,-3.52886398320344,331,True,neutral,tolerant,331,-3.1685951313148863,True
A331W,-5.13551628074166,331,True,impactful,tolerant,331,-4.6112210505701015,True
A331Y,-3.5064185305569304,331,True,neutral,tolerant,331,-3.1484411802659356,True
M332A,-5.12354276921865,332,True,impactful,sensitive,332,-4.5987241912288335,True
M332C,-5.441412360576152,332,True,impactful,sensitive,332,-4.8840335260535515,True
M332D,-6.28071718102202,332,True,impactful,sensitive,332,-5.637366045260374,True
M332E,-5.84625454932047,332,True,impactful,sensitive,332,-5.247406615899437,True
M332F,-6.1346191598887,332,True,impactful,sensitive,332,-5.506233246269624,True
M332G,-6.34527321157083,332,True,impactful,sensitive,332,-5.695309424040794,True
M332H,-5.88961026082106,332,True,impactful,sensitive,332,-5.286321282622539,True
M332I,-1.53207337033291,332,True,neutral,sensitive,332,-1.3751388810914345,True
M332K,-5.790035018419268,332,True,impactful,sensitive,332,-5.196945806178448,True
M332L,-2.05426696402559,332,True,neutral,sensitive,332,-1.8438427487055757,True
M332M,0.0,332,True,neutral,sensitive,332,0.0,True
M332N,-5.95440598603424,332,True,impactful,sensitive,332,-5.344479803483585,True
M332P,-7.250469444425581,332,True,impactful,sensitive,332,-6.507783917051258,True
M332Q,-5.5581294463229405,332,True,impactful,sensitive,332,-4.9887949596807255,True
M332R,-5.82105884461912,332,True,impactful,sensitive,332,-5.224791776530617,True
M332S,-5.4583184642163705,332,True,impactful,sensitive,332,-4.899207890998211,True
M332T,-2.12954654777124,332,True,neutral,sensitive,332,-1.911411237634097,True
M332V,-1.65567595603605,332,True,neutral,sensitive,332,-1.4860805139760858,True
M332W,-6.498403416094941,332,True,impactful,sensitive,332,-5.832754080535824,True
M332Y,-6.122484399436622,332,True,impactful,sensitive,332,-5.495341482706919,True
M333A,-2.06429032057099,333,True,neutral,tolerant,333,-0.8507834896238403,True
M333C,-3.4085911140044,333,True,neutral,tolerant,333,-1.4048280969855704,True
M333D,-4.52069312732385,333,True,mild,tolerant,333,-1.863173525572335,True
M333E,-2.6088995660969903,333,True,neutral,tolerant,333,-1.0752405583668914,True
M333F,-4.58460737211628,333,True,mild,tolerant,333,-1.8895153553427402,True
M333G,-6.38025832168951,333,True,impactful,tolerant,333,-2.629580919667871,True
M333H,-4.18563310993986,333,True,mild,tolerant,333,-1.7250807738006144,True
M333I,-2.9956216162202,333,True,neutral,tolerant,333,-1.2346254724168215,True
M333K,-3.17085117440586,333,True,neutral,tolerant,333,-1.3068451662810077,True
M333L,-2.15064633982146,333,True,neutral,tolerant,333,-0.8863745470811152,True
M333M,0.0,333,True,neutral,tolerant,333,0.0,True
M333N,-4.037647197432,333,True,mild,tolerant,333,-1.6640893668245937,True
M333P,-6.38025832168951,333,True,impactful,tolerant,333,-2.629580919667871,True
M333Q,-2.54664455886879,333,True,neutral,tolerant,333,-1.049582572293733,True
M333R,-4.55339291556718,333,True,mild,tolerant,333,-1.8766505252338583,True
M333S,-2.2951613664290096,333,True,neutral,tolerant,333,-0.9459354515793955,True
M333T,-1.15522698033406,333,True,neutral,tolerant,333,-0.47611909615715486,True
M333V,-2.5141820271956803,333,True,neutral,tolerant,333,-1.0362033563454487,True
M333W,-5.4649037544918215,333,True,impactful,tolerant,333,-2.2523236389632078,True
M333Y,-5.189308167052928,333,True,impactful,tolerant,333,-2.1387387554467567,True
N334A,-3.2024556586009,334,True,neutral,sensitive,334,-1.835733775641856,True
N334C,-5.03375765109167,334,True,impactful,sensitive,334,-2.885485366108605,True
N334D,-2.81125331702878,334,True,neutral,sensitive,334,-1.6114860644813933,True
N334E,-2.61357997994483,334,True,neutral,sensitive,334,-1.4981743874081255,True
N334F,-5.87528920583403,334,True,impactful,sensitive,334,-3.367873902593092,True
N334G,-5.8051933584386095,334,True,impactful,sensitive,334,-3.327693076279254,True
N334H,-2.82603307112966,334,True,neutral,sensitive,334,-1.6199582173200437,True
N334I,-5.01420302261126,334,True,impactful,sensitive,334,-2.8742761267627897,True
N334K,-0.957673641369522,334,True,neutral,sensitive,334,-0.5489643064322749,True
N334L,-5.14683155330441,334,True,impactful,sensitive,334,-2.950302370171742,True
N334M,-5.05021406272252,334,True,impactful,sensitive,334,-2.8949186241696436,True
N334N,0.0,334,True,neutral,sensitive,334,0.0,True
N334P,-5.98930913468372,334,True,impactful,sensitive,334,-3.4332331945862564,True
N334Q,-2.64351966381047,334,True,neutral,sensitive,334,-1.5153366200081568,True
N334R,-0.978725562453535,334,True,neutral,sensitive,334,-0.561031834197188,True
N334S,-0.505105706469814,334,True,neutral,sensitive,334,-0.28954018555909505,True
N334T,-1.2463891416957,334,True,neutral,sensitive,334,-0.7144638018200276,True
N334V,-5.204412939321362,334,True,impactful,sensitive,334,-2.9833095704043817,True
N334W,-5.87528920583403,334,True,impactful,sensitive,334,-3.367873902593092,True
N334Y,-5.425142957527361,334,True,impactful,sensitive,334,-3.109837957653253,True
N335A,-6.248451751277809,335,True,impactful,sensitive,335,-6.111119238142893,True
N335C,-6.83756805365995,335,True,impactful,sensitive,335,-6.687287561480732,True
N335D,-4.76204244972896,335,True,mild,sensitive,335,-4.657379201406256,True
N335E,-4.56318986326559,335,True,mild,sensitive,335,-4.462897125675694,True
N335F,-7.83954662806777,335,True,impactful,sensitive,335,-7.6672440028533355,True
N335G,-6.8563290096992,335,True,impactful,sensitive,335,-6.705636177096427,True
N335H,-4.12123640333621,335,True,mild,sensitive,335,-4.030657204676715,True
N335I,-6.54533844878571,335,True,impactful,sensitive,335,-6.401480767831943,True
N335K,-6.24749748877128,335,True,impactful,sensitive,335,-6.110185949034805,True
N335L,-7.02657353445337,335,True,impactful,sensitive,335,-6.872138957597363,True
N335M,-7.02657353445337,335,True,impactful,sensitive,335,-6.872138957597363,True
N335N,0.0,335,True,neutral,sensitive,335,0.0,True
N335P,-7.83954662806777,335,True,impactful,sensitive,335,-7.6672440028533355,True
N335Q,-4.68173887001331,335,True,mild,sensitive,335,-4.5788405856937,True
N335R,-6.1323874906057405,335,True,impactful,sensitive,335,-5.997605912844533,True
N335S,-6.388476403822559,335,True,impactful,sensitive,335,-6.248066338327432,True
N335T,-4.97896676028893,335,True,impactful,sensitive,335,-4.869535809195189,True
N335V,-6.385795466461719,335,True,impactful,sensitive,335,-6.24544432434153,True
N335W,-7.83954662806777,335,True,impactful,sensitive,335,-7.6672440028533355,True
N335Y,-7.83954662806777,335,True,impactful,sensitive,335,-7.6672440028533355,True
N336A,-3.7609993860448494,336,True,neutral,tolerant,336,-2.4316814670393483,True
N336C,-4.28857793824401,336,True,mild,tolerant,336,-2.7727884059424355,True
N336D,-3.9295775094770495,336,True,mild,tolerant,336,-2.5406759805772623,True
N336E,-4.0108228775275,336,True,mild,tolerant,336,-2.5932053312876415,True
N336F,-3.58478340177298,336,True,neutral,tolerant,336,-2.3177486797222455,True
N336G,-4.4653155735158085,336,True,mild,tolerant,336,-2.8870584677279942,True
N336H,-3.45120001688451,336,True,neutral,tolerant,336,-2.2313800824438292,True
N336I,-2.51266771896332,336,True,neutral,tolerant,336,-1.6245702000649775,True
N336K,-4.4867342145896,336,True,mild,tolerant,336,-2.9009067317669515,True
N336L,-1.5806232820818302,336,True,neutral,tolerant,336,-1.0219550568582465,True
N336M,-2.55465183168231,336,True,neutral,tolerant,336,-1.6517151097896825,True
N336N,0.0,336,True,neutral,tolerant,336,0.0,True
N336P,-6.0595284973030115,336,True,impactful,tolerant,336,-3.9177999338585408,True
N336Q,-2.55669214094044,336,True,neutral,tolerant,336,-1.6530342757083034,True
N336R,-3.5754320871666603,336,True,neutral,tolerant,336,-2.311702569078086,True
N336S,-3.00999243760298,336,True,neutral,tolerant,336,-1.9461164640457285,True
N336T,-4.04872008222223,336,True,mild,tolerant,336,-2.6177078426814773,True
N336V,-2.8357969590848,336,True,neutral,tolerant,336,-1.8334900386529382,True
N336W,-5.0835723245438,336,True,impactful,tolerant,336,-3.2867935724251898,True
N336Y,-2.8644158288529,336,True,neutral,tolerant,336,-1.851993624556441,True
D337A,-5.59372210393909,337,True,impactful,sensitive,337,-4.3544668589264885,True
D337C,-5.618734656378631,337,True,impactful,sensitive,337,-4.373938031900642,True
D337D,0.0,337,True,neutral,sensitive,337,0.0,True
D337E,-1.6494371247415802,337,True,neutral,sensitive,337,-1.2840143221473874,True
D337F,-7.29844883125202,337,True,impactful,sensitive,337,-5.681521707143381,True
D337G,-6.034050435762099,337,True,impactful,sensitive,337,-4.697243116370428,True
D337H,-4.89734045499417,337,True,impactful,sensitive,337,-3.812364345582137,True
D337I,-6.48708050414047,337,True,impactful,sensitive,337,-5.049907117583796,True
D337K,-5.91536819159628,337,True,impactful,sensitive,337,-4.604854204415157,True
D337L,-6.90602452173978,337,True,impactful,sensitive,337,-5.376036626072795,True
D337M,-6.90602452173978,337,True,impactful,sensitive,337,-5.376036626072795,True
D337N,-4.28984498933891,337,True,mild,sensitive,337,-3.3394558200976276,True
D337P,-7.54604100414804,337,True,impactful,sensitive,337,-5.874261334063013,True
D337Q,-4.34296128213243,337,True,mild,sensitive,337,-3.3808045200045362,True
D337R,-6.09302502483361,337,True,impactful,sensitive,337,-4.74315224250486,True
D337S,-5.5345285158548,337,True,impactful,sensitive,337,-4.308387251683849,True
D337T,-5.52810721354393,337,True,impactful,sensitive,337,-4.303388549999305,True
D337V,-6.49499128432627,337,True,impactful,sensitive,337,-5.056065312343428,True
D337W,-7.29844883125202,337,True,impactful,sensitive,337,-5.681521707143381,True
D337Y,-7.29844883125202,337,True,impactful,sensitive,337,-5.681521707143381,True
L338A,-3.03895312265423,338,True,neutral,tolerant,338,-2.25590343932664,True
L338C,-4.79496367978868,338,True,mild,tolerant,338,-3.5594412352218274,True
L338D,-3.77108583668426,338,True,neutral,tolerant,338,-2.799386882790013,True
L338E,-4.20638259959705,338,True,mild,tolerant,338,-3.1225203517673314,True
L338F,-2.4052939800108,338,True,neutral,tolerant,338,-1.7855197968170187,True
L338G,-6.20995963025221,338,True,impactful,tolerant,338,-4.60983395351949,True
L338H,-3.1710381585882206,338,True,neutral,tolerant,338,-2.3539540096450207,True
L338I,-1.49153882386485,338,True,neutral,tolerant,338,-1.1072127232114488,True
L338K,-2.32751337502554,338,True,neutral,tolerant,338,-1.7277809876885968,True
L338L,0.0,338,True,neutral,tolerant,338,0.0,True
L338M,-1.41819664022046,338,True,neutral,tolerant,338,-1.052768683552621,True
L338N,-2.93717622475337,338,True,neutral,tolerant,338,-2.180351482862759,True
L338P,-6.20995963025221,338,True,impactful,tolerant,338,-4.60983395351949,True
L338Q,-3.04534573900577,338,True,neutral,tolerant,338,-2.260648864685863,True
L338R,-2.35989888880443,338,True,neutral,tolerant,338,-1.7518216980811112,True
L338S,-2.9773034419951405,338,True,neutral,tolerant,338,-2.210139085281336,True
L338T,-3.0319387759729097,338,True,neutral,tolerant,338,-2.250696485430227,True
L338V,-1.5299244195691202,338,True,neutral,tolerant,338,-1.1357074692226126,True
L338W,-5.14736500245382,338,True,impactful,tolerant,338,-3.8210390038406494,True
L338Y,-2.3349051903930698,338,True,neutral,tolerant,338,-1.7332681475878957,True
V339A,-0.723560292311932,339,True,neutral,tolerant,339,-0.45351600892454663,True
V339C,-1.74215790989689,339,True,neutral,tolerant,339,-1.0919566905588998,True
V339D,-0.6282309417363701,339,True,neutral,tolerant,339,-0.3937650979558729,True
V339E,-1.12397325372712,339,True,neutral,tolerant,339,-0.704488443581572,True
V339F,-2.4285900447204902,339,True,neutral,tolerant,339,-1.5222013646938763,True
V339G,-0.7955805639329971,339,True,neutral,tolerant,339,-0.498657162321569,True
V339H,-2.48843742927344,339,True,neutral,tolerant,339,-1.5597127473324988,True
V339I,-1.31624930183018,339,True,neutral,tolerant,339,-0.8250039926989235,True
V339K,-2.07586492426095,339,True,neutral,tolerant,339,-1.3011189053909853,True
V339L,-1.2911343351953102,339,True,neutral,tolerant,339,-0.8092623336367248,True
V339M,-1.7309659322065902,339,True,neutral,tolerant,339,-1.0849417380967363,True
V339N,-2.28607807767609,339,True,neutral,tolerant,339,-1.4328771449920854,True
V339P,-5.19576060713196,339,True,impactful,tolerant,339,-3.256619578093185,True
V339Q,-2.18698828291877,339,True,neutral,tolerant,339,-1.3707692478051035,True
V339R,-1.6718432483358503,339,True,neutral,tolerant,339,-1.047884586245172,True
V339S,-1.7060245243714198,339,True,neutral,tolerant,339,-1.0693088629119694,True
V339T,-2.12643598859678,339,True,neutral,tolerant,339,-1.3328160390069974,True
V339V,0.0,339,True,neutral,tolerant,339,0.0,True
V339W,-4.91006446891586,339,True,impactful,tolerant,339,-3.077549811902832,True
V339Y,-4.40097397819442,339,True,mild,tolerant,339,-2.7584600415179583,True
R340A,-4.9598571723944005,340,True,impactful,sensitive,340,-2.889850596064644,True
R340C,-3.45287681484879,340,True,neutral,sensitive,340,-2.01181158543553,True
R340D,-5.4797907986863805,340,True,impactful,sensitive,340,-3.1927888557017807,True
R340E,-1.25506977821795,340,True,neutral,sensitive,340,-0.7312638289007272,True
R340F,-4.27072571898453,340,True,mild,sensitive,340,-2.488329569917432,True
R340G,-2.37840269387817,340,True,neutral,sensitive,340,-1.3857714453635148,True
R340H,-5.11221035238525,340,True,impactful,sensitive,340,-2.9786188635178683,True
R340I,-5.59594615398464,340,True,impactful,sensitive,340,-3.260466534932759,True
R340K,-1.29326957840559,340,True,neutral,sensitive,340,-0.7535208640339606,True
R340L,-3.1545525630853395,340,True,neutral,sensitive,340,-1.8379935727763155,True
R340M,-5.90217109491113,340,True,impactful,sensitive,340,-3.438887867908173,True
R340N,-5.1861523238499805,340,True,impactful,sensitive,340,-3.021701001346525,True
R340P,-3.49878650778723,340,True,neutral,sensitive,340,-2.0385607737471862,True
R340Q,-3.62462218217387,340,True,neutral,sensitive,340,-2.1118786710157633,True
R340R,0.0,340,True,neutral,sensitive,340,0.0,True
R340S,-2.56497096197852,340,True,neutral,sensitive,340,-1.4944750636405437,True
R340T,-4.63869941143534,340,True,mild,sensitive,340,-2.702728686162895,True
R340V,-5.90217109491113,340,True,impactful,sensitive,340,-3.438887867908173,True
R340W,-3.1167195495456803,340,True,neutral,sensitive,340,-1.815950245130305,True
R340Y,-5.6722798358015005,340,True,impactful,sensitive,340,-3.304942197886531,True
K341A,-2.02826054233606,341,True,neutral,tolerant,341,-1.1114200383638582,True
K341C,-2.705495014815241,341,True,neutral,tolerant,341,-1.4825222452416893,True
K341D,-3.75897000580496,341,True,neutral,tolerant,341,-2.059791876268787,True
K341E,-0.758272428066836,341,True,neutral,tolerant,341,-0.41550834002896214,True
K341F,-5.124088889438241,341,True,impactful,tolerant,341,-2.807832105987727,True
K341G,-4.95313983386118,341,True,impactful,tolerant,341,-2.7141576485194117,True
K341H,-3.38829102058012,341,True,neutral,tolerant,341,-1.856671989360783,True
K341I,-0.603217215567573,341,True,neutral,tolerant,341,-0.33054318558881146,True
K341K,0.0,341,True,neutral,tolerant,341,0.0,True
K341L,-2.27777625682128,341,True,neutral,tolerant,341,-1.2481464397196462,True
K341M,-0.807307886798196,341,True,neutral,tolerant,341,-0.4423781579280117,True
K341N,-2.46236907999186,341,True,neutral,tolerant,341,-1.3492972328882817,True
K341P,-3.30953335938914,341,True,neutral,tolerant,341,-1.8135153825071533,True
K341Q,-1.1545551661432198,341,True,neutral,tolerant,341,-0.6326582410217182,True
K341R,-1.3509767971346298,341,True,neutral,tolerant,341,-0.7402908316555272,True
K341S,-1.3979978992248,341,True,neutral,tolerant,341,-0.7660568483965405,True
K341T,-2.9196634868655003,341,True,neutral,tolerant,341,-1.5998795208253647,True
K341V,-0.892743184753189,341,True,neutral,tolerant,341,-0.48919389000422797,True
K341W,-5.124088889438241,341,True,impactful,tolerant,341,-2.807832105987727,True
K341Y,-1.94155583277645,341,True,neutral,tolerant,341,-1.0639087104976266,True
R342A,-1.6949720634437502,342,True,neutral,tolerant,342,-0.7837805441271206,True
R342C,-3.5886399918706298,342,True,neutral,tolerant,342,-1.6594410410458376,True
R342D,-2.02731360856466,342,True,neutral,tolerant,342,-0.9374602670493263,True
R342E,-1.77035931412056,342,True,neutral,tolerant,342,-0.8186407413127119,True
R342F,-3.23112691593382,342,True,neutral,tolerant,342,-1.494121624145836,True
R342G,-2.8276362905612005,342,True,neutral,tolerant,342,-1.3075414977087023,True
R342H,-0.647276781813069,342,True,neutral,tolerant,342,-0.29931050734815545,True
R342I,-0.938799361042251,342,True,neutral,tolerant,342,-0.4341149272566212,True
R342K,-0.520107018136976,342,True,neutral,tolerant,342,-0.24050529827110725,True
R342L,-1.2762371559470702,342,True,neutral,tolerant,342,-0.5901512326351328,True
R342M,-2.23094411257052,342,True,neutral,tolerant,342,-1.031622071053531,True
R342N,-2.1308381566303503,342,True,neutral,tolerant,342,-0.9853315732280159,True
R342P,-2.8550262236849395,342,True,neutral,tolerant,342,-1.3202070142386402,True
R342Q,-1.31031618344305,342,True,neutral,tolerant,342,-0.6059098868868454,True
R342R,0.0,342,True,neutral,tolerant,342,0.0,True
R342S,-0.8888469647353829,342,True,neutral,tolerant,342,-0.4110161888158799,True
R342T,-1.03215510632134,342,True,neutral,tolerant,342,-0.4772840262703086,True
R342V,-0.919875031000183,342,True,neutral,tolerant,342,-0.4253640327625388,True
R342W,-4.25465119092715,342,True,mild,tolerant,342,-1.9674146243571111,True
R342Y,-3.91419351049646,342,True,mild,tolerant,342,-1.809981878546502,True
R343A,-3.6765846480286,343,True,neutral,sensitive,343,-1.6429080325771952,True
R343C,-5.49599209706797,343,True,impactful,sensitive,343,-2.455923207995594,True
R343D,-5.21894310478748,343,True,impactful,sensitive,343,-2.3321218928051235,True
R343E,-4.574260845911559,343,True,mild,sensitive,343,-2.0440410343553705,True
R343F,-6.54030499055688,343,True,impactful,sensitive,343,-2.9225818614708605,True
R343G,-5.8259994013319885,343,True,impactful,sensitive,343,-2.603389322035758,True
R343H,-5.519217535540951,343,True,impactful,sensitive,343,-2.466301660575993,True
R343I,-5.71322442345546,343,True,impactful,sensitive,343,-2.5529950200505147,True
R343K,-1.44718251650059,343,True,neutral,sensitive,343,-0.6466838135330221,True
R343L,-5.2658769573732,343,True,impactful,sensitive,343,-2.353094619070033,True
R343M,-5.71322442345546,343,True,impactful,sensitive,343,-2.5529950200505147,True
R343N,-3.99618020720855,343,True,mild,sensitive,343,-1.7857215841798444,True
R343P,-5.728421443113179,343,True,impactful,sensitive,343,-2.559785916509348,True
R343Q,-2.15842025808566,343,True,neutral,sensitive,343,-0.9645054634027532,True
R343R,0.0,343,True,neutral,sensitive,343,0.0,True
R343S,-2.7151430858699195,343,True,neutral,sensitive,343,-1.213281023670701,True
R343T,-5.124347489189678,343,True,impactful,sensitive,343,-2.289851168317508,True
R343V,-4.06563878575699,343,True,mild,sensitive,343,-1.8167596446498553,True
R343W,-6.54030499055688,343,True,impactful,sensitive,343,-2.9225818614708605,True
R343Y,-6.54030499055688,343,True,impactful,sensitive,343,-2.9225818614708605,True
L344A,-1.28130931009167,344,True,neutral,tolerant,344,-0.725414378753752,True
L344C,-1.48241474416894,344,True,neutral,tolerant,344,-0.8392703949210968,True
L344D,-2.8463815007951303,344,True,neutral,tolerant,344,-1.6114813588201802,True
L344E,-2.8969277342884703,344,True,neutral,tolerant,344,-1.6400981528129515,True
L344F,-2.9525810225688898,344,True,neutral,tolerant,344,-1.6716063103090175,True
L344G,-3.99898795452702,344,True,mild,tolerant,344,-2.2640305036645776,True
L344H,-2.4769293387047497,344,True,neutral,tolerant,344,-1.4023156963753722,True
L344I,-0.8867700817773772,344,True,neutral,tolerant,344,-0.5020456519776068,True
L344K,-2.00141909252725,344,True,neutral,tolerant,344,-1.1331051575108602,True
L344L,0.0,344,True,neutral,tolerant,344,0.0,True
L344M,-0.9328507571617008,344,True,neutral,tolerant,344,-0.528134266368523,True
L344N,-2.14916914286926,344,True,neutral,tolerant,344,-1.2167539768361617,True
L344P,-3.99898795452702,344,True,mild,tolerant,344,-2.2640305036645776,True
L344Q,-2.195487319005,344,True,neutral,tolerant,344,-1.2429770524837669,True
L344R,-1.97696346869656,344,True,neutral,tolerant,344,-1.1192595848388671,True
L344S,-2.02855201476049,344,True,neutral,tolerant,344,-1.1484664849987496,True
L344T,-1.47436581891588,344,True,neutral,tolerant,344,-0.834713488898408,True
L344V,-0.874805479425803,344,True,neutral,tolerant,344,-0.4952718819647424,True
L344W,-3.29589229836707,344,True,neutral,tolerant,344,-1.8659722872755606,True
L344Y,-3.61867927499565,344,True,neutral,tolerant,344,-2.0487184144414288,True
A345A,0.0,345,True,neutral,tolerant,345,0.0,True
A345C,-2.1755098030518,345,True,neutral,tolerant,345,-0.8887677241345316,True
A345D,-0.8783558175048121,345,True,neutral,tolerant,345,-0.358837408964546,True
A345E,-0.12200102304735197,345,True,neutral,tolerant,345,-0.04984145391750173,True
A345F,-3.01478787921287,345,True,neutral,tolerant,345,-1.2316405830015902,True
A345G,-1.07345908004599,345,True,neutral,tolerant,345,-0.43854354606247936,True
A345H,-2.19685141184307,345,True,neutral,tolerant,345,-0.8974864773427124,True
A345I,-2.7001702935165603,345,True,neutral,tolerant,345,-1.1031088911564157,True
A345K,-1.6801627262837198,345,True,neutral,tolerant,345,-0.686402056345639,True
A345L,-1.3747433960901898,345,True,neutral,tolerant,345,-0.5616281561673857,True
A345M,-1.7545140433259898,345,True,neutral,tolerant,345,-0.7167770290262332,True
A345N,-1.23011966962302,345,True,neutral,tolerant,345,-0.5025445795051384,True
A345P,-2.62068580582062,345,True,neutral,tolerant,345,-1.070636848449726,True
A345Q,-1.18511946038086,345,True,neutral,tolerant,345,-0.48416050534577226,True
A345R,-1.23809007028442,345,True,neutral,tolerant,345,-0.5058007518498163,True
A345S,-0.700727121465655,345,True,neutral,tolerant,345,-0.28627021037125744,True
A345T,-1.3959501024642802,345,True,neutral,tolerant,345,-0.5702917972753457,True
A345V,-2.13331981396606,345,True,neutral,tolerant,345,-0.8715317178759557,True
A345W,-3.01478787921287,345,True,neutral,tolerant,345,-1.2316405830015902,True
A345Y,-2.24217817309381,345,True,neutral,tolerant,345,-0.9160039588004827,True
D346A,-2.37501542540754,346,True,neutral,tolerant,346,-0.9009706437302278,True
D346C,-2.68077598177213,346,True,neutral,tolerant,346,-1.0169620105011807,True
D346D,0.0,346,True,neutral,tolerant,346,0.0,True
D346E,-0.216388017283608,346,True,neutral,tolerant,346,-0.08208757262874028,True
D346F,-3.07182474286009,346,True,neutral,tolerant,346,-1.1653077644858612,True
D346G,-1.04737773983558,346,True,neutral,tolerant,346,-0.3973265126589428,True
D346H,-0.7399430256664692,346,True,neutral,tolerant,346,-0.28070004810348326,True
D346I,-3.02490955048465,346,True,neutral,tolerant,346,-1.147510317520659,True
D346K,-1.8424713290541896,346,True,neutral,tolerant,346,-0.6989481254032665,True
D346L,-3.02490955048465,346,True,neutral,tolerant,346,-1.147510317520659,True
D346M,-2.7573674344656403,346,True,neutral,tolerant,346,-1.0460172535531977,True
D346N,-1.13703239738667,346,True,neutral,tolerant,346,-0.4313373294574729,True
D346P,-2.69345028933976,346,True,neutral,tolerant,346,-1.0217700546620239,True
D346Q,-1.31825346049648,346,True,neutral,tolerant,346,-0.5000841915371179,True
D346R,-1.86574068228419,346,True,neutral,tolerant,346,-0.7077754382428123,True
D346S,-1.27160715114186,346,True,neutral,tolerant,346,-0.4823887463129423,True
D346T,-2.55536071905521,346,True,neutral,tolerant,346,-0.9693852795145728,True
D346V,-3.02490955048465,346,True,neutral,tolerant,346,-1.147510317520659,True
D346W,-3.07182474286009,346,True,neutral,tolerant,346,-1.1653077644858612,True
D346Y,-1.82457362840382,346,True,neutral,tolerant,346,-0.6921585682897637,True
L347A,-1.65972294472643,347,True,neutral,tolerant,347,-0.8555295136861928,True
L347C,-2.41590751028698,347,True,neutral,tolerant,347,-1.2453163848544144,True
L347D,-2.39778305676018,347,True,neutral,tolerant,347,-1.2359738587654188,True
L347E,-2.1375867470181,347,True,neutral,tolerant,347,-1.1018517011825004,True
L347F,-1.71050160816969,347,True,neutral,tolerant,347,-0.8817041504707723,True
L347G,-1.76489564045636,347,True,neutral,tolerant,347,-0.9097423842841371,True
L347H,-2.39778305676018,347,True,neutral,tolerant,347,-1.2359738587654188,True
L347I,-1.4590883094798202,347,True,neutral,tolerant,347,-0.7521093299341199,True
L347K,-1.5004040802635,347,True,neutral,tolerant,347,-0.7734061743251927,True
L347L,0.0,347,True,neutral,tolerant,347,0.0,True
L347M,-1.25558795756857,347,True,neutral,tolerant,347,-0.6472119688059964,True
L347N,-1.22089440399754,347,True,neutral,tolerant,347,-0.6293286473100937,True
L347P,-0.8999795973961909,347,True,neutral,tolerant,347,-0.46390821415966516,True
L347Q,-1.8558885514369496,347,True,neutral,tolerant,347,-0.9566460684968936,True
L347R,-1.85801351175783,347,True,neutral,tolerant,347,-0.9577414117140863,True
L347S,-1.56504345815205,347,True,neutral,tolerant,347,-0.8067255278387904,True
L347T,-2.12273897452054,347,True,neutral,tolerant,347,-1.0941981903212314,True
L347V,-0.628074845358428,347,True,neutral,tolerant,347,-0.3237507613637257,True
L347W,-2.67349900388499,347,True,neutral,tolerant,347,-1.3780958502150804,True
L347Y,-2.67349900388499,347,True,neutral,tolerant,347,-1.3780958502150804,True
T348A,-1.49971525154126,348,True,neutral,tolerant,348,-0.08930878890806884,True
T348C,-2.1525264597818703,348,True,neutral,tolerant,348,-0.12818402094539408,True
T348D,-1.79882336672827,348,True,neutral,tolerant,348,-0.10712082588807158,True
T348E,-1.3791656784833402,348,True,neutral,tolerant,348,-0.08213000189358513,True
T348F,-2.3212698465526,348,True,neutral,tolerant,348,-0.1382327735290942,True
T348G,-0.622894095650877,348,True,neutral,tolerant,348,-0.037093653107412,True
T348H,-2.2472814582155003,348,True,neutral,tolerant,348,-0.13382672821558858,True
T348I,-2.19606336052261,348,True,neutral,tolerant,348,-0.13077666503164334,True
T348K,-1.86065261868501,348,True,neutral,tolerant,348,-0.11080278858443907,True
T348L,-2.2051765840743704,348,True,neutral,tolerant,348,-0.13131936202536915,True
T348M,-2.33514113692136,348,True,neutral,tolerant,348,-0.13905881576754778,True
T348N,-0.284494395317628,348,True,neutral,tolerant,348,-0.016941782695641082,True
T348P,-1.7288246189397298,348,True,neutral,tolerant,348,-0.10295236565293614,True
T348Q,-2.2472814582155003,348,True,neutral,tolerant,348,-0.13382672821558858,True
T348R,-1.4869302708610002,348,True,neutral,tolerant,348,-0.08854743695169338,True
T348S,-0.4082370532429061,348,True,neutral,tolerant,348,-0.024310719501621142,True
T348T,0.0,348,True,neutral,tolerant,348,0.0,True
T348V,-1.34674099362779,348,True,neutral,tolerant,348,-0.08019909578844353,True
T348W,-2.52416486720053,348,True,neutral,tolerant,348,-0.15031527289083768,True
T348Y,-2.2586929369334,348,True,neutral,tolerant,348,-0.13450628744718168,True
G349A,-1.72923795531585,349,True,neutral,tolerant,349,-1.1127569632975014,True
G349C,-2.41035621421723,349,True,neutral,tolerant,349,-1.5510535453796042,True
G349D,-1.9967114262569696,349,True,neutral,tolerant,349,-1.2848749568750362,True
G349E,-1.97015264253683,349,True,neutral,tolerant,349,-1.2677844972130519,True
G349F,-2.86414458020693,349,True,neutral,tolerant,349,-1.8430643485002205,True
G349G,0.0,349,True,neutral,tolerant,349,0.0,True
G349H,-2.47401423619022,349,True,neutral,tolerant,349,-1.5920172004985735,True
G349I,-2.58283834353813,349,True,neutral,tolerant,349,-1.6620450314594681,True
G349K,-1.72384007330434,349,True,neutral,tolerant,349,-1.1092834501370359,True
G349L,-2.40344198245495,349,True,neutral,tolerant,349,-1.5466042678723195,True
G349M,-1.66604624851217,349,True,neutral,tolerant,349,-1.0720933799240926,True
G349N,-1.92113252748378,349,True,neutral,tolerant,349,-1.2362402703475464,True
G349P,-2.86414458020693,349,True,neutral,tolerant,349,-1.8430643485002205,True
G349Q,-2.25690855844718,349,True,neutral,tolerant,349,-1.4523106587023262,True
G349R,-0.8422023287177551,349,True,neutral,tolerant,349,-0.541953467367004,True
G349S,-2.19195825725614,349,True,neutral,tolerant,349,-1.4105154276316556,True
G349T,-2.24022447051493,349,True,neutral,tolerant,349,-1.4415745220325247,True
G349V,-2.58283834353813,349,True,neutral,tolerant,349,-1.6620450314594681,True
G349W,-2.86414458020693,349,True,neutral,tolerant,349,-1.8430643485002205,True
G349Y,-2.86414458020693,349,True,neutral,tolerant,349,-1.8430643485002205,True
P350A,-2.5794251656362097,350,True,neutral,tolerant,350,-0.6900639479984064,True
P350C,-2.5794251656362097,350,True,neutral,tolerant,350,-0.6900639479984064,True
P350D,-2.1809274712882902,350,True,neutral,tolerant,350,-0.5834553532256396,True
P350E,-2.20737637448804,350,True,neutral,tolerant,350,-0.5905311291796768,True
P350F,-2.86073140230502,350,True,neutral,tolerant,350,-0.7653207512809215,True
P350G,-2.86073140230502,350,True,neutral,tolerant,350,-0.7653207512809215,True
P350H,-2.23553401796987,350,True,neutral,tolerant,350,-0.5980640380177631,True
P350I,-2.55522350890333,350,True,neutral,tolerant,350,-0.6835893694699481,True
P350K,-1.73102517537042,350,True,neutral,tolerant,350,-0.4630946780369651,True
P350L,-1.6962252386695502,350,True,neutral,tolerant,350,-0.45378478138641665,True
P350M,-2.55522350890333,350,True,neutral,tolerant,350,-0.6835893694699481,True
P350N,-2.44639940155542,350,True,neutral,tolerant,350,-0.6544760638566104,True
P350P,0.0,350,True,neutral,tolerant,350,0.0,True
P350Q,-1.89351769284898,350,True,neutral,tolerant,350,-0.506565692286684,True
P350R,-2.3843719186060697,350,True,neutral,tolerant,350,-0.6378820837952136,True
P350S,-1.52153990274977,350,True,neutral,tolerant,350,-0.40705186811250144,True
P350T,-2.46654490454586,350,True,neutral,tolerant,350,-0.6598655147750548,True
P350V,-2.55522350890333,350,True,neutral,tolerant,350,-0.6835893694699481,True
P350W,-2.86073140230502,350,True,neutral,tolerant,350,-0.7653207512809215,True
P350Y,-2.86073140230502,350,True,neutral,tolerant,350,-0.7653207512809215,True
I351A,-2.22143029132945,351,True,neutral,tolerant,351,-0.7321155733812749,True
I351C,-2.44492443383576,351,True,neutral,tolerant,351,-0.8057724164192981,True
I351D,-2.6811899193810897,351,True,neutral,tolerant,351,-0.8836383040392537,True
I351E,-2.6811899193810897,351,True,neutral,tolerant,351,-0.8836383040392537,True
I351F,-1.3358481847715902,351,True,neutral,tolerant,351,-0.4402547599902814,True
I351G,-2.6811899193810897,351,True,neutral,tolerant,351,-0.8836383040392537,True
I351H,-2.6811899193810897,351,True,neutral,tolerant,351,-0.8836383040392537,True
I351I,0.0,351,True,neutral,tolerant,351,0.0,True
I351K,-2.57943591327489,351,True,neutral,tolerant,351,-0.8501032915677622,True
I351L,-0.7441868970625201,351,True,neutral,tolerant,351,-0.24526127107040394,True
I351M,-1.8907724001438,351,True,neutral,tolerant,351,-0.6231408319530625,True
I351N,-2.6811899193810897,351,True,neutral,tolerant,351,-0.8836383040392537,True
I351P,-2.6811899193810897,351,True,neutral,tolerant,351,-0.8836383040392537,True
I351Q,-2.6811899193810897,351,True,neutral,tolerant,351,-0.8836383040392537,True
I351R,-2.57943591327489,351,True,neutral,tolerant,351,-0.8501032915677622,True
I351S,-2.21118856035009,351,True,neutral,tolerant,351,-0.728740211670562,True
I351T,-2.44492443383576,351,True,neutral,tolerant,351,-0.8057724164192981,True
I351V,-0.38513068356909497,351,True,neutral,tolerant,351,-0.12692730999862561,True
I351W,-2.47768190716869,351,True,neutral,tolerant,351,-0.8165682790962706,True
I351Y,-2.47768190716869,351,True,neutral,tolerant,351,-0.8165682790962706,True
I352A,-2.58678314904492,352,True,neutral,tolerant,352,-0.7681651312553476,True
I352C,-2.58678314904492,352,True,neutral,tolerant,352,-0.7681651312553476,True
I352D,-2.42638575489937,352,True,neutral,tolerant,352,-0.7205338926753669,True
I352E,-2.26750465818982,352,True,neutral,tolerant,352,-0.6733529302692424,True
I352F,-0.233095742949003,352,True,neutral,tolerant,352,-0.06921957182363504,True
I352G,-2.58678314904492,352,True,neutral,tolerant,352,-0.7681651312553476,True
I352H,-2.42638575489937,352,True,neutral,tolerant,352,-0.7205338926753669,True
I352I,0.0,352,True,neutral,tolerant,352,0.0,True
I352K,-2.58678314904492,352,True,neutral,tolerant,352,-0.7681651312553476,True
I352L,-0.397038489887901,352,True,neutral,tolerant,352,-0.11790363015576774,True
I352M,-1.18035146624278,352,True,neutral,tolerant,352,-0.3505144369479121,True
I352N,-2.42638575489937,352,True,neutral,tolerant,352,-0.7205338926753669,True
I352P,-2.58678314904492,352,True,neutral,tolerant,352,-0.7681651312553476,True
I352Q,-2.42638575489937,352,True,neutral,tolerant,352,-0.7205338926753669,True
I352R,-2.58678314904492,352,True,neutral,tolerant,352,-0.7681651312553476,True
I352S,-2.58678314904492,352,True,neutral,tolerant,352,-0.7681651312553476,True
I352T,-2.58678314904492,352,True,neutral,tolerant,352,-0.7681651312553476,True
I352V,-1.23526055052451,352,True,neutral,tolerant,352,-0.3668201114107905,True
I352W,-2.04108338477554,352,True,neutral,tolerant,352,-0.606115393456193,True
I352Y,-0.905472189475978,352,True,neutral,tolerant,352,-0.2688869237197908,True
P353A,-2.8589965780237203,353,True,neutral,tolerant,353,-1.298323069373348,True
P353C,-2.8589965780237203,353,True,neutral,tolerant,353,-1.298323069373348,True
P353D,-2.60631482577157,353,True,neutral,tolerant,353,-1.1835756259240031,True
P353E,-2.60631482577157,353,True,neutral,tolerant,353,-1.1835756259240031,True
P353F,-2.8589965780237203,353,True,neutral,tolerant,353,-1.298323069373348,True
P353G,-2.8589965780237203,353,True,neutral,tolerant,353,-1.298323069373348,True
P353H,-2.60631482577157,353,True,neutral,tolerant,353,-1.1835756259240031,True
P353I,-2.6865144487028303,353,True,neutral,tolerant,353,-1.2199957536733954,True
P353K,-2.8589965780237203,353,True,neutral,tolerant,353,-1.298323069373348,True
P353L,-2.6865144487028303,353,True,neutral,tolerant,353,-1.2199957536733954,True
P353M,-2.6865144487028303,353,True,neutral,tolerant,353,-1.2199957536733954,True
P353N,-2.60631482577157,353,True,neutral,tolerant,353,-1.1835756259240031,True
P353P,0.0,353,True,neutral,tolerant,353,0.0,True
P353Q,-2.40392140383821,353,True,neutral,tolerant,353,-1.0916650406489636,True
P353R,-2.8589965780237203,353,True,neutral,tolerant,353,-1.298323069373348,True
P353S,-2.8589965780237203,353,True,neutral,tolerant,353,-1.298323069373348,True
P353T,-2.8589965780237203,353,True,neutral,tolerant,353,-1.298323069373348,True
P353V,-2.6865144487028303,353,True,neutral,tolerant,353,-1.2199957536733954,True
P353W,-2.8589965780237203,353,True,neutral,tolerant,353,-1.298323069373348,True
P353Y,-2.8589965780237203,353,True,neutral,tolerant,353,-1.298323069373348,True
K354A,-2.65996946488593,354,True,neutral,tolerant,354,-0.4330399364069588,True
K354C,-2.65996946488593,354,True,neutral,tolerant,354,-0.4330399364069588,True
K354D,-2.5797698419546697,354,True,neutral,tolerant,354,-0.4199835310337098,True
K354E,-2.5797698419546697,354,True,neutral,tolerant,354,-0.4199835310337098,True
K354F,-2.65996946488593,354,True,neutral,tolerant,354,-0.4330399364069588,True
K354G,-2.8324515942068302,354,True,neutral,tolerant,354,-0.46111982653293915,True
K354H,-2.5797698419546697,354,True,neutral,tolerant,354,-0.4199835310337098,True
K354I,-2.7236274868589105,354,True,neutral,tolerant,354,-0.44340338837544013,True
K354K,0.0,354,True,neutral,tolerant,354,0.0,True
K354L,-2.7236274868589105,354,True,neutral,tolerant,354,-0.44340338837544013,True
K354M,-2.7236274868589105,354,True,neutral,tolerant,354,-0.44340338837544013,True
K354N,-2.36137188499358,354,True,neutral,tolerant,354,-0.3844285975495783,True
K354P,-2.55277589656165,354,True,neutral,tolerant,354,-0.41558894810684616,True
K354Q,-2.5797698419546697,354,True,neutral,tolerant,354,-0.4199835310337098,True
K354R,-0.40754295699986703,354,True,neutral,tolerant,354,-0.06634751959075388,True
K354S,-2.65996946488593,354,True,neutral,tolerant,354,-0.4330399364069588,True
K354T,-2.65996946488593,354,True,neutral,tolerant,354,-0.4330399364069588,True
K354V,-2.7236274868589105,354,True,neutral,tolerant,354,-0.44340338837544013,True
K354W,-2.65996946488593,354,True,neutral,tolerant,354,-0.4330399364069588,True
K354Y,-2.65996946488593,354,True,neutral,tolerant,354,-0.4330399364069588,True
C355A,-1.64487157768554,355,True,neutral,tolerant,355,-0.6532043742986232,True
C355C,0.0,355,True,neutral,tolerant,355,0.0,True
C355D,-2.40707822890711,355,True,neutral,tolerant,355,-0.955888623605177,True
C355E,-2.40707822890711,355,True,neutral,tolerant,355,-0.955888623605177,True
C355F,-2.40707822890711,355,True,neutral,tolerant,355,-0.955888623605177,True
C355G,-2.40707822890711,355,True,neutral,tolerant,355,-0.955888623605177,True
C355H,-2.40707822890711,355,True,neutral,tolerant,355,-0.955888623605177,True
C355I,-2.12943119426202,355,True,neutral,tolerant,355,-0.8456306192712448,True
C355K,-2.40707822890711,355,True,neutral,tolerant,355,-0.955888623605177,True
C355L,-1.72351099564873,355,True,neutral,tolerant,355,-0.684433324024979,True
C355M,-1.7091571745326102,355,True,neutral,tolerant,355,-0.6787331959006047,True
C355N,-2.40707822890711,355,True,neutral,tolerant,355,-0.955888623605177,True
C355P,-2.40707822890711,355,True,neutral,tolerant,355,-0.955888623605177,True
C355Q,-2.40707822890711,355,True,neutral,tolerant,355,-0.955888623605177,True
C355R,-2.40707822890711,355,True,neutral,tolerant,355,-0.955888623605177,True
C355S,-1.7279248154606202,355,True,neutral,tolerant,355,-0.6861861212935351,True
C355T,-1.68591937892321,355,True,neutral,tolerant,355,-0.6695051017763962,True
C355V,-0.390668881579188,355,True,neutral,tolerant,355,-0.15514075737690322,True
C355W,-2.40707822890711,355,True,neutral,tolerant,355,-0.955888623605177,True
C355Y,-2.40707822890711,355,True,neutral,tolerant,355,-0.955888623605177,True
R356A,-2.8324515942068302,356,True,neutral,tolerant,356,-0.3481680151337631,True
R356C,-2.8324515942068302,356,True,neutral,tolerant,356,-0.3481680151337631,True
R356D,-2.8324515942068302,356,True,neutral,tolerant,356,-0.3481680151337631,True
R356E,-2.8324515942068302,356,True,neutral,tolerant,356,-0.3481680151337631,True
R356F,-2.8324515942068302,356,True,neutral,tolerant,356,-0.3481680151337631,True
R356G,-2.8324515942068302,356,True,neutral,tolerant,356,-0.3481680151337631,True
R356H,-2.8324515942068302,356,True,neutral,tolerant,356,-0.3481680151337631,True
R356I,-2.8324515942068302,356,True,neutral,tolerant,356,-0.3481680151337631,True
R356K,-1.6583456546776398,356,True,neutral,tolerant,356,-0.2038456424730178,True
R356L,-2.8324515942068302,356,True,neutral,tolerant,356,-0.3481680151337631,True
R356M,-2.8324515942068302,356,True,neutral,tolerant,356,-0.3481680151337631,True
R356N,-2.8324515942068302,356,True,neutral,tolerant,356,-0.3481680151337631,True
R356P,-2.8324515942068302,356,True,neutral,tolerant,356,-0.3481680151337631,True
R356Q,-2.8324515942068302,356,True,neutral,tolerant,356,-0.3481680151337631,True
R356R,0.0,356,True,neutral,tolerant,356,0.0,True
R356S,-2.8324515942068302,356,True,neutral,tolerant,356,-0.3481680151337631,True
R356T,-2.8324515942068302,356,True,neutral,tolerant,356,-0.3481680151337631,True
R356V,-2.8324515942068302,356,True,neutral,tolerant,356,-0.3481680151337631,True
R356W,-2.8324515942068302,356,True,neutral,tolerant,356,-0.3481680151337631,True
R356Y,-2.8324515942068302,356,True,neutral,tolerant,356,-0.3481680151337631,True
S357A,-1.33433086272537,357,True,neutral,tolerant,357,-0.4282342041073073,True
S357C,-1.48400932488401,357,True,neutral,tolerant,357,-0.4762713430996498,True
S357D,-1.81693120885208,357,True,neutral,tolerant,357,-0.5831178097396971,True
S357E,-1.81693120885208,357,True,neutral,tolerant,357,-0.5831178097396971,True
S357F,-1.93584500297751,357,True,neutral,tolerant,357,-0.6212814731962056,True
S357G,-1.93584500297751,357,True,neutral,tolerant,357,-0.6212814731962056,True
S357H,-1.81693120885208,357,True,neutral,tolerant,357,-0.5831178097396971,True
S357I,-1.81693120885208,357,True,neutral,tolerant,357,-0.5831178097396971,True
S357K,-1.93584500297751,357,True,neutral,tolerant,357,-0.6212814731962056,True
S357L,-1.81693120885208,357,True,neutral,tolerant,357,-0.5831178097396971,True
S357M,-1.81693120885208,357,True,neutral,tolerant,357,-0.5831178097396971,True
S357N,-1.73369017355358,357,True,neutral,tolerant,357,-0.5564028026182151,True
S357P,-1.93584500297751,357,True,neutral,tolerant,357,-0.6212814731962056,True
S357Q,-1.81693120885208,357,True,neutral,tolerant,357,-0.5831178097396971,True
S357R,-1.93584500297751,357,True,neutral,tolerant,357,-0.6212814731962056,True
S357S,0.0,357,True,neutral,tolerant,357,0.0,True
S357T,-0.130811416042827,357,True,neutral,tolerant,357,-0.041982033243863744,True
S357V,-1.81693120885208,357,True,neutral,tolerant,357,-0.5831178097396971,True
S357W,-1.93584500297751,357,True,neutral,tolerant,357,-0.6212814731962056,True
S357Y,-1.93584500297751,357,True,neutral,tolerant,357,-0.6212814731962056,True
G358A,-2.6514809111465003,358,True,neutral,tolerant,358,-0.7229173281806233,True
G358C,-2.6514809111465003,358,True,neutral,tolerant,358,-0.7229173281806233,True
G358D,-0.7500823991674329,358,True,neutral,tolerant,358,-0.2045074364450033,True
G358E,-2.35760796937295,358,True,neutral,tolerant,358,-0.642793861706315,True
G358F,-2.76030501849441,358,True,neutral,tolerant,358,-0.7525878540346355,True
G358G,0.0,358,True,neutral,tolerant,358,0.0,True
G358H,-2.35760796937295,358,True,neutral,tolerant,358,-0.642793861706315,True
G358I,-2.76030501849441,358,True,neutral,tolerant,358,-0.7525878540346355,True
G358K,-2.76030501849441,358,True,neutral,tolerant,358,-0.7525878540346355,True
G358L,-2.76030501849441,358,True,neutral,tolerant,358,-0.7525878540346355,True
G358M,-2.76030501849441,358,True,neutral,tolerant,358,-0.7525878540346355,True
G358N,-0.565161305171202,358,True,neutral,tolerant,358,-0.1540893238219753,True
G358P,-2.76030501849441,358,True,neutral,tolerant,358,-0.7525878540346355,True
G358Q,-2.35760796937295,358,True,neutral,tolerant,358,-0.642793861706315,True
G358R,-2.76030501849441,358,True,neutral,tolerant,358,-0.7525878540346355,True
G358S,-1.11633943414968,358,True,neutral,tolerant,358,-0.30436618181392056,True
G358T,-2.6514809111465003,358,True,neutral,tolerant,358,-0.7229173281806233,True
G358V,-2.76030501849441,358,True,neutral,tolerant,358,-0.7525878540346355,True
G358W,-2.76030501849441,358,True,neutral,tolerant,358,-0.7525878540346355,True
G358Y,-2.76030501849441,358,True,neutral,tolerant,358,-0.7525878540346355,True
I359A,-0.923253013320853,359,True,neutral,tolerant,359,-0.0,True
I359C,-0.923253013320853,359,True,neutral,tolerant,359,-0.0,True
I359D,-0.923253013320853,359,True,neutral,tolerant,359,-0.0,True
I359E,-0.923253013320853,359,True,neutral,tolerant,359,-0.0,True
I359F,-0.923253013320853,359,True,neutral,tolerant,359,-0.0,True
I359G,-0.923253013320853,359,True,neutral,tolerant,359,-0.0,True
I359H,-0.923253013320853,359,True,neutral,tolerant,359,-0.0,True
I359I,0.0,359,True,neutral,tolerant,359,0.0,True
I359K,-0.923253013320853,359,True,neutral,tolerant,359,-0.0,True
I359L,-0.721713330209667,359,True,neutral,tolerant,359,-0.0,True
I359M,-0.721713330209667,359,True,neutral,tolerant,359,-0.0,True
I359N,-0.923253013320853,359,True,neutral,tolerant,359,-0.0,True
I359P,-0.923253013320853,359,True,neutral,tolerant,359,-0.0,True
I359Q,-0.923253013320853,359,True,neutral,tolerant,359,-0.0,True
I359R,-0.923253013320853,359,True,neutral,tolerant,359,-0.0,True
I359S,-0.923253013320853,359,True,neutral,tolerant,359,-0.0,True
I359T,-0.923253013320853,359,True,neutral,tolerant,359,-0.0,True
I359V,-0.00334585492447056,359,True,neutral,tolerant,359,-0.0,True
I359W,-0.923253013320853,359,True,neutral,tolerant,359,-0.0,True
I359Y,-0.923253013320853,359,True,neutral,tolerant,359,-0.0,True
