interaction_id,query_protein,template_chain,e_value,score,identity_percent,positive_percent,gap_percent,interface_residue_percent,interface_residue_count,interface_identity_percent,interface_positive_percent,interface_gap_percent
100,P60709,6m5g_D,0,745,94,97,0,100,11,100,100,0
1000,P60709,8c4e_A,0,745,94,97,0,100,40,92,100,0
1007,P60709,9qfe_C,0,781,100,100,0,100,15,100,100,0
1008,P60709,9qfe_C,0,781,100,100,0,100,11,100,100,0
1009,P60709,9qfe_C,0,781,100,100,0,100,24,100,100,0
1010,P60709,9qfe_C,0,781,100,100,0,100,33,100,100,0
1011,P60709,9qfe_C,0,781,100,100,0,100,14,100,100,0
1012,P60709,9qfe_C,0,781,100,100,0,100,12,100,100,0
1014,P60709,8uee_L,0,745,94,97,0,100,18,89,94,0
1015,P60709,8uee_L,0,745,94,97,0,100,45,93,96,0
1016,P60709,8uee_L,0,745,94,97,0,100,30,97,100,0
1020,P60709,8c4c_H,0,745,94,97,0,100,11,100,100,0
1027,P60709,9qfe_B,0,781,100,100,0,100,17,94,94,0
1028,P60709,9qfe_B,0,781,100,100,0,100,33,100,100,0
1029,P60709,9qfe_B,0,781,100,100,0,100,27,100,100,0
1030,P60709,9qfe_B,0,781,100,100,0,100,23,100,100,0
1033,P60709,8uee_K,0,745,94,97,0,100,31,97,100,0
1034,P60709,8uee_K,0,745,94,97,0,100,15,100,100,0
1035,P60709,8uee_K,0,745,94,97,0,100,10,80,100,0
1036,P60709,8uee_K,0,745,94,97,0,100,9,100,100,0
1037,P60709,8uee_K,0,745,94,97,0,100,34,97,100,0
1041,P60709,8c4c_G,0,745,94,97,0,100,17,100,100,0
1042,P60709,8c4c_G,0,745,94,97,0,100,10,100,100,0
1043,P60709,8c4c_G,0,745,94,97,0,100,31,100,100,0
1048,P60709,9qfe_A,0,781,100,100,0,100,19,100,100,0
1049,P60709,9qfe_A,0,781,100,100,0,100,11,100,100,0
1050,P60709,9qfe_A,0,781,100,100,0,100,25,100,100,0
1051,P60709,9qfe_A,0,781,100,100,0,100,34,100,100,0
1052,P60709,9qfe_A,0,781,100,100,0,100,10,100,100,0
1056,P60709,8uee_J,0,745,94,97,0,100,31,97,100,0
1057,P60709,8uee_J,0,745,94,97,0,100,45,93,96,0
1058,P60709,8uee_J,0,745,94,97,0,100,29,100,100,0
1063,P60709,8c4c_F,0,745,94,97,0,100,17,100,100,0
1064,P60709,8c4c_F,0,745,94,97,0,100,31,97,100,0
1065,P60709,8c4c_F,0,745,94,97,0,100,30,100,100,0
1066,P60709,8c4c_F,0,745,94,97,0,100,32,97,100,0
1069,P60709,8vaa_I,0,740,95,97,0,100,14,100,100,0
107,P60709,8vfm_W,0,745,94,97,0,100,38,95,97,0
1074,P60709,9qfd_G,0,781,100,100,0,100,22,100,100,0
1076,P60709,8uee_I,0,745,94,97,0,100,18,89,94,0
1077,P60709,8uee_I,0,745,94,97,0,100,15,100,100,0
1078,P60709,8uee_I,0,745,94,97,0,100,32,97,100,0
1079,P60709,8uee_I,0,745,94,97,0,100,29,100,100,0
1080,P60709,8uee_I,0,745,94,97,0,100,9,100,100,0
1081,P60709,8uee_I,0,745,94,97,0,100,10,80,100,0
1086,P60709,8c4c_E,0,745,94,97,0,100,14,100,100,0
1087,P60709,8c4c_E,0,745,94,97,0,100,32,94,100,0
1088,P60709,8c4c_E,0,745,94,97,0,100,32,97,100,0
1089,P60709,8c4c_E,0,745,94,97,0,100,20,100,100,0
1093,P60709,6vao_D,0,745,94,97,0,100,33,100,100,0
1095,P60709,6vao_D,0,745,94,97,0,100,25,100,100,0
1098,P60709,8vaa_H,0,740,95,97,0,100,14,100,100,0
1099,P60709,8vaa_H,0,740,95,97,0,100,32,97,100,0
1104,P60709,9qfd_F,0,781,100,100,0,100,15,93,93,0
1105,P60709,9qfd_F,0,781,100,100,0,100,22,100,100,0
1107,P60709,8uee_H,0,745,94,97,0,100,31,97,100,0
1108,P60709,8uee_H,0,745,94,97,0,100,17,100,100,0
1109,P60709,8uee_H,0,745,94,97,0,100,39,95,100,0
1110,P60709,8uee_H,0,745,94,97,0,100,45,93,96,0
1115,P60709,8c4c_D,0,745,94,97,0,100,18,100,100,0
1116,P60709,8c4c_D,0,745,94,97,0,100,31,97,100,0
1117,P60709,8c4c_D,0,745,94,97,0,100,24,100,100,0
1118,P60709,8c4c_D,0,745,94,97,0,100,10,100,100,0
112,P60709,6m5g_C,0,745,94,97,0,100,16,88,94,0
1121,P60709,6vao_E,0,745,94,97,0,100,17,88,94,0
1122,P60709,6vao_E,0,745,94,97,0,100,26,96,96,0
1123,P60709,6vao_E,0,745,94,97,0,100,33,100,100,0
1126,P60709,8vaa_G,0,740,95,97,0,100,14,100,100,0
1127,P60709,8vaa_G,0,740,95,97,0,100,32,97,100,0
113,P60709,6m5g_C,0,745,94,97,0,100,30,100,100,0
1132,P60709,9qfd_E,0,781,100,100,0,100,18,94,94,0
1133,P60709,9qfd_E,0,781,100,100,0,100,11,100,100,0
1134,P60709,9qfd_E,0,781,100,100,0,100,22,100,100,0
1135,P60709,9qfd_E,0,781,100,100,0,100,34,100,100,0
1136,P60709,8uee_F,0,745,94,97,0,100,15,100,100,0
1137,P60709,8uee_F,0,745,94,97,0,100,31,97,100,0
1138,P60709,8uee_F,0,745,94,97,0,100,11,82,100,0
1139,P60709,8uee_F,0,745,94,97,0,100,39,95,100,0
114,P60709,6m5g_C,0,745,94,97,0,100,11,100,100,0
1144,P60709,8c4c_C,0,745,94,97,0,100,17,100,100,0
1145,P60709,8c4c_C,0,745,94,97,0,100,31,97,100,0
1146,P60709,8c4c_C,0,745,94,97,0,100,10,100,100,0
1147,P60709,8c4c_C,0,745,94,97,0,100,30,100,100,0
1149,P60709,6vao_A,0,745,94,97,0,100,25,100,100,0
115,P60709,6m5g_C,0,745,94,97,0,100,38,100,100,0
1150,P60709,6vao_A,0,745,94,97,0,100,13,85,100,0
1151,P60709,6vao_A,0,745,94,97,0,100,20,95,100,0
1152,P60709,6vao_A,0,745,94,97,0,100,33,100,100,0
1155,P60709,8vaa_F,0,740,95,97,0,100,15,100,100,0
1156,P60709,8vaa_F,0,740,95,97,0,100,34,97,100,0
1161,P60709,9qfd_D,0,781,100,100,0,100,16,94,94,0
1162,P60709,9qfd_D,0,781,100,100,0,100,11,100,100,0
1163,P60709,9qfd_D,0,781,100,100,0,100,23,100,100,0
1164,P60709,9qfd_D,0,781,100,100,0,100,35,100,100,0
1169,P60709,8c4c_B,0,745,94,97,0,100,16,100,100,0
1170,P60709,8c4c_B,0,745,94,97,0,100,33,97,100,0
1171,P60709,8c4c_B,0,745,94,97,0,100,32,97,100,0
1172,P60709,8c4c_B,0,745,94,97,0,100,33,94,97,0
1173,P60709,6vao_B,0,745,94,97,0,100,25,100,100,0
1174,P60709,6vao_B,0,745,94,97,0,100,17,88,94,0
1175,P60709,6vao_B,0,745,94,97,0,100,15,100,100,0
1178,P60709,8vaa_E,0,740,95,97,0,100,15,100,100,0
1179,P60709,8vaa_E,0,740,95,97,0,100,33,97,100,0
118,P60709,8uz1_Q,0,742,94,97,0,100,19,95,100,0
1184,P60709,9qfd_C,0,781,100,100,0,100,15,93,93,0
1185,P60709,9qfd_C,0,781,100,100,0,100,11,100,100,0
1186,P60709,9qfd_C,0,781,100,100,0,100,22,100,100,0
1187,P60709,9qfd_C,0,781,100,100,0,100,35,100,100,0
1190,P60709,8c4c_A,0,745,94,97,0,100,15,100,100,0
1191,P60709,8c4c_A,0,745,94,97,0,100,32,97,100,0
1192,P60709,8c4c_A,0,745,94,97,0,100,32,94,97,0
1193,P60709,8c4c_A,0,745,94,97,0,100,24,96,100,0
1194,P60709,6vao_C,0,745,94,97,0,100,20,95,100,0
1195,P60709,6vao_C,0,745,94,97,0,100,13,85,100,0
1196,P60709,6vao_C,0,745,94,97,0,100,33,100,100,0
1199,P60709,8vaa_D,0,740,95,97,0,100,15,100,100,0
1200,P60709,8vaa_D,0,740,95,97,0,100,34,97,100,0
1204,P60709,9qfd_B,0,781,100,100,0,100,15,93,93,0
1205,P60709,9qfd_B,0,781,100,100,0,100,11,100,100,0
1206,P60709,9qfd_B,0,781,100,100,0,100,22,100,100,0
1207,P60709,9qfd_B,0,781,100,100,0,100,33,100,100,0
1218,P60709,8vaa_C,0,740,95,97,0,100,15,100,100,0
1219,P60709,8vaa_C,0,740,95,97,0,100,34,97,100,0
1222,P60709,9qfd_A,0,781,100,100,0,100,15,93,93,0
1223,P60709,9qfd_A,0,781,100,100,0,100,11,100,100,0
1224,P60709,9qfd_A,0,781,100,100,0,100,23,100,100,0
1225,P60709,9qfd_A,0,781,100,100,0,100,34,100,100,0
1229,P60709,38kq_H,0,745,94,97,0,100,33,97,100,0
1232,P60709,8f8t_F,0,745,94,97,0,100,17,100,100,0
1235,P60709,6vau_C,0,745,94,97,0,100,17,88,94,0
1237,P60709,8vaa_B,0,740,95,97,0,100,14,100,100,0
1238,P60709,8vaa_B,0,740,95,97,0,100,34,97,100,0
1242,P60709,9qfb_G,0,781,100,100,0,100,13,100,100,0
1243,P60709,9qfb_G,0,781,100,100,0,100,29,100,100,0
1247,P60709,38kq_G,0,745,94,97,0,100,21,95,95,0
1248,P60709,38kq_G,0,745,94,97,0,100,30,100,100,0
1249,P60709,38kq_G,0,745,94,97,0,100,35,97,100,0
1252,P60709,8f8t_E,0,745,94,97,0,100,17,100,100,0
1253,P60709,8f8t_E,0,745,94,97,0,100,31,97,100,0
1255,P60709,6vau_A,0,745,94,97,0,100,34,94,100,0
1256,P60709,6vau_A,0,745,94,97,0,100,17,100,100,0
1257,P60709,8vaa_A,0,740,95,97,0,100,14,100,100,0
1258,P60709,8vaa_A,0,740,95,97,0,100,34,97,100,0
126,P60709,8vfm_U,0,745,94,97,0,100,39,95,97,0
1262,P60709,9qfb_F,0,781,100,100,0,100,17,100,100,0
1263,P60709,9qfb_F,0,781,100,100,0,100,13,100,100,0
1264,P60709,9qfb_F,0,781,100,100,0,100,30,100,100,0
1265,P60709,9qfb_F,0,781,100,100,0,100,12,100,100,0
1269,P60709,38kq_F,0,745,94,97,0,100,21,95,95,0
127,P60709,8vfm_U,0,745,94,97,0,100,25,96,100,0
1270,P60709,38kq_F,0,745,94,97,0,100,17,88,100,0
1271,P60709,38kq_F,0,745,94,97,0,100,26,96,96,0
1272,P60709,38kq_F,0,745,94,97,0,100,30,97,100,0
1273,P60709,38kq_F,0,745,94,97,0,100,37,100,100,0
1276,P60709,8f8t_D,0,745,94,97,0,100,16,100,100,0
1277,P60709,8f8t_D,0,745,94,97,0,100,31,97,100,0
1278,P60709,6vau_D,0,745,94,97,0,100,17,88,94,0
1279,P60709,6vau_D,0,745,94,97,0,100,31,100,100,0
1284,P60709,9qfb_E,0,781,100,100,0,100,17,100,100,0
1285,P60709,9qfb_E,0,781,100,100,0,100,33,100,100,0
1286,P60709,9qfb_E,0,781,100,100,0,100,14,100,100,0
1287,P60709,9qfb_E,0,781,100,100,0,100,29,100,100,0
1288,P60709,9qfb_E,0,781,100,100,0,100,11,100,100,0
1289,P60709,9qfb_E,0,781,100,100,0,100,22,100,100,0
1294,P60709,38kq_E,0,745,94,97,0,100,18,94,100,0
1295,P60709,38kq_E,0,745,94,97,0,100,17,94,100,0
1296,P60709,38kq_E,0,745,94,97,0,100,16,100,100,0
1297,P60709,38kq_E,0,745,94,97,0,100,14,86,100,0
1298,P60709,38kq_E,0,745,94,97,0,100,32,97,100,0
1299,P60709,38kq_E,0,745,94,97,0,100,35,100,100,0
13,P60709,7bti_D,0,745,94,97,0,100,19,89,95,0
1302,P60709,8f8t_C,0,745,94,97,0,100,16,100,100,0
1303,P60709,8f8t_C,0,745,94,97,0,100,31,97,100,0
1304,P60709,8f8t_C,0,745,94,97,0,100,10,100,100,0
1305,P60709,6vau_E,0,745,94,97,0,100,17,100,100,0
1306,P60709,6vau_E,0,745,94,97,0,100,34,94,100,0
1310,P60709,9qfb_D,0,781,100,100,0,100,17,100,100,0
1311,P60709,9qfb_D,0,781,100,100,0,100,33,100,100,0
1312,P60709,9qfb_D,0,781,100,100,0,100,12,100,100,0
1313,P60709,9qfb_D,0,781,100,100,0,100,29,100,100,0
1314,P60709,9qfb_D,0,781,100,100,0,100,12,100,100,0
1315,P60709,9qfb_D,0,781,100,100,0,100,21,100,100,0
1319,P60709,38kq_D,0,745,94,97,0,100,21,90,95,0
1320,P60709,38kq_D,0,745,94,97,0,100,16,88,100,0
1321,P60709,38kq_D,0,745,94,97,0,100,19,95,95,0
1322,P60709,38kq_D,0,745,94,97,0,100,34,97,100,0
1323,P60709,38kq_D,0,745,94,97,0,100,36,100,100,0
1325,P60709,8f8t_B,0,745,94,97,0,100,16,100,100,0
1326,P60709,8f8t_B,0,745,94,97,0,100,32,97,100,0
1327,P60709,8f8t_B,0,745,94,97,0,100,61,97,100,0
133,P60709,6m5g_B,0,745,94,97,0,100,17,88,94,0
1332,P60709,9qfb_C,0,781,100,100,0,100,17,100,100,0
1333,P60709,9qfb_C,0,781,100,100,0,100,34,100,100,0
1334,P60709,9qfb_C,0,781,100,100,0,100,13,100,100,0
1335,P60709,9qfb_C,0,781,100,100,0,100,29,100,100,0
1336,P60709,9qfb_C,0,781,100,100,0,100,10,100,100,0
1337,P60709,9qfb_C,0,781,100,100,0,100,21,100,100,0
134,P60709,6m5g_B,0,745,94,97,0,100,30,100,100,0
1341,P60709,38kq_C,0,745,94,97,0,100,18,100,100,0
1342,P60709,38kq_C,0,745,94,97,0,100,16,88,100,0
1343,P60709,38kq_C,0,745,94,97,0,100,14,86,100,0
1344,P60709,38kq_C,0,745,94,97,0,100,34,97,100,0
1345,P60709,38kq_C,0,745,94,97,0,100,35,100,100,0
1346,P60709,8f8t_A,0,745,94,97,0,100,14,100,100,0
1347,P60709,8f8t_A,0,745,94,97,0,100,34,97,100,0
1348,P60709,8f8t_A,0,745,94,97,0,100,70,96,99,0
135,P60709,6m5g_B,0,745,94,97,0,100,39,100,100,0
1352,P60709,9qfb_B,0,781,100,100,0,100,17,100,100,0
1353,P60709,9qfb_B,0,781,100,100,0,100,35,100,100,0
1354,P60709,9qfb_B,0,781,100,100,0,100,12,100,100,0
1355,P60709,9qfb_B,0,781,100,100,0,100,29,100,100,0
1356,P60709,9qfb_B,0,781,100,100,0,100,12,100,100,0
1357,P60709,9qfb_B,0,781,100,100,0,100,22,100,100,0
1363,P60709,38kq_B,0,745,94,97,0,100,15,100,100,0
1364,P60709,38kq_B,0,745,94,97,0,100,16,88,100,0
1365,P60709,38kq_B,0,745,94,97,0,100,37,100,100,0
1370,P60709,9qfb_A,0,781,100,100,0,100,15,100,100,0
1371,P60709,9qfb_A,0,781,100,100,0,100,34,100,100,0
1372,P60709,9qfb_A,0,781,100,100,0,100,31,100,100,0
1373,P60709,9qfb_A,0,781,100,100,0,100,11,100,100,0
1374,P60709,9qfb_A,0,781,100,100,0,100,22,100,100,0
1377,P60709,38kq_A,0,745,94,97,0,100,21,95,95,0
1378,P60709,38kq_A,0,745,94,97,0,100,17,88,100,0
1379,P60709,38kq_A,0,745,94,97,0,100,35,100,100,0
138,P60709,8uz1_P,0,742,94,97,0,100,19,95,100,0
1382,P60709,8f8s_F,0,745,94,97,0,100,17,100,100,0
1388,P60709,9qf2_E,0,781,100,100,0,100,13,100,100,0
1389,P60709,9qf2_E,0,781,100,100,0,100,30,100,100,0
139,P60709,8uz1_P,0,742,94,97,0,100,34,97,100,0
1395,P60709,38kp_G,0,745,94,97,0,100,32,97,100,0
1398,P60709,8f8s_E,0,745,94,97,0,100,17,100,100,0
1399,P60709,8f8s_E,0,745,94,97,0,100,31,97,100,0
1402,P60709,8ord_D,0,736,92,96,0,100,19,95,100,0
1404,P60709,9qf2_D,0,781,100,100,0,100,14,100,100,0
1406,P60709,9qf2_D,0,781,100,100,0,100,16,100,100,0
1407,P60709,9qf2_D,0,781,100,100,0,100,29,100,100,0
1408,P60709,9qf2_D,0,781,100,100,0,100,12,100,100,0
1414,P60709,38kp_F,0,745,94,97,0,100,19,95,100,0
1415,P60709,38kp_F,0,745,94,97,0,100,32,97,100,0
1418,P60709,8f8s_D,0,745,94,97,0,100,15,100,100,0
1419,P60709,8f8s_D,0,745,94,97,0,100,31,97,100,0
1423,P60709,8ord_C,0,736,92,96,0,100,31,94,100,0
1425,P60709,9qf2_B,0,781,100,100,0,100,12,100,100,0
1427,P60709,9qf2_B,0,781,100,100,0,100,34,100,100,0
1428,P60709,9qf2_B,0,781,100,100,0,100,13,100,100,0
1429,P60709,9qf2_B,0,781,100,100,0,100,27,100,100,0
1430,P60709,9qf2_B,0,781,100,100,0,100,22,100,100,0
1435,P60709,38kp_E,0,745,94,97,0,100,20,95,95,0
1436,P60709,38kp_E,0,745,94,97,0,100,17,88,100,0
1437,P60709,38kp_E,0,745,94,97,0,100,33,97,100,0
1438,P60709,38kp_E,0,745,94,97,0,100,37,100,100,0
1441,P60709,8f8s_C,0,745,94,97,0,100,16,100,100,0
1442,P60709,8f8s_C,0,745,94,97,0,100,31,97,100,0
1445,P60709,8ord_B,0,736,92,96,0,100,21,95,100,0
1447,P60709,9qf2_A,0,781,100,100,0,100,23,100,100,0
1448,P60709,9qf2_A,0,781,100,100,0,100,15,100,100,0
1449,P60709,9qf2_A,0,781,100,100,0,100,28,100,100,0
1450,P60709,9qf2_A,0,781,100,100,0,100,12,100,100,0
1454,P60709,38kp_D,0,745,94,97,0,100,17,88,94,0
1455,P60709,38kp_D,0,745,94,97,0,100,17,88,100,0
1456,P60709,38kp_D,0,745,94,97,0,100,34,97,100,0
1457,P60709,38kp_D,0,745,94,97,0,100,35,100,100,0
1459,P60709,8f8s_B,0,745,94,97,0,100,15,100,100,0
146,P60709,8vfm_S,0,745,94,97,0,100,23,100,100,0
1460,P60709,8f8s_B,0,745,94,97,0,100,34,97,100,0
1462,P60709,8ord_A,0,736,92,96,0,100,29,100,100,0
1463,P60709,8ord_A,0,736,92,96,0,100,16,88,94,0
1464,P60709,8ord_A,0,736,92,96,0,100,19,100,100,0
1465,P60709,8ord_A,0,736,92,96,0,100,31,94,100,0
1466,P60709,9qf2_C,0,781,100,100,0,100,28,100,100,0
1467,P60709,9qf2_C,0,781,100,100,0,100,27,100,100,0
1468,P60709,9qf2_C,0,781,100,100,0,100,18,100,100,0
1469,P60709,9qf2_C,0,781,100,100,0,100,16,100,100,0
147,P60709,8vfm_S,0,745,94,97,0,100,36,94,97,0
1470,P60709,9qf2_C,0,781,100,100,0,100,35,100,100,0
1471,P60709,9qf2_C,0,781,100,100,0,100,14,100,100,0
1472,P60709,9qf2_C,0,781,100,100,0,100,12,100,100,0
1473,P60709,9qf2_C,0,781,100,100,0,100,23,100,100,0
1474,P60709,8e9b_I,0,745,94,97,0,100,28,100,100,0
1478,P60709,38kp_C,0,745,94,97,0,100,20,95,100,0
1479,P60709,38kp_C,0,745,94,97,0,100,17,88,100,0
1480,P60709,38kp_C,0,745,94,97,0,100,31,97,100,0
1481,P60709,38kp_C,0,745,94,97,0,100,36,100,100,0
1482,P60709,8f8s_A,0,745,94,97,0,100,14,100,100,0
1483,P60709,8f8s_A,0,745,94,97,0,100,32,97,100,0
1488,P60709,8e9b_H,0,745,94,97,0,100,36,100,100,0
1489,P60709,8e9b_H,0,745,94,97,0,100,19,89,95,0
1490,P60709,8e9b_H,0,745,94,97,0,100,18,94,100,0
1492,P60709,38kp_B,0,745,94,97,0,100,24,92,96,0
1493,P60709,38kp_B,0,745,94,97,0,100,17,88,100,0
1494,P60709,38kp_B,0,745,94,97,0,100,37,100,100,0
1501,P60709,9qey_D,0,781,100,100,0,100,15,100,100,0
1502,P60709,8e9b_R,0,745,94,97,0,100,20,100,100,0
1505,P60709,38kp_A,0,745,94,97,0,100,28,93,96,0
1506,P60709,38kp_A,0,745,94,97,0,100,17,88,100,0
1507,P60709,38kp_A,0,745,94,97,0,100,38,100,100,0
151,P60709,8vfm_S,0,745,94,97,0,100,22,91,95,0
1510,P60709,8f8r_F,0,745,94,97,0,100,20,95,100,0
1514,P60709,9qey_C,0,781,100,100,0,100,15,100,100,0
1515,P60709,9qey_C,0,781,100,100,0,100,31,100,100,0
1516,P60709,9qey_C,0,781,100,100,0,100,27,100,100,0
1517,P60709,8e9b_Q,0,745,94,97,0,100,5,100,100,0
1518,P60709,8e9b_Q,0,745,94,97,0,100,11,100,100,0
1519,P60709,8e9b_Q,0,745,94,97,0,100,23,100,100,0
152,P60709,6m5g_A,0,745,94,97,0,100,16,88,94,0
1522,P60709,8e9b_Q,0,745,94,97,0,100,15,100,100,0
1525,P60709,38ko_E,0,745,94,97,0,100,27,96,96,0
1526,P60709,38ko_E,0,745,94,97,0,100,34,97,100,0
1527,P60709,38ko_E,0,745,94,97,0,100,36,100,100,0
153,P60709,6m5g_A,0,745,94,97,0,100,31,100,100,0
1530,P60709,8f8r_E,0,745,94,97,0,100,16,100,100,0
1531,P60709,8f8r_E,0,745,94,97,0,100,32,97,100,0
1534,P60709,9qey_B,0,781,100,100,0,100,15,100,100,0
1535,P60709,9qey_B,0,781,100,100,0,100,32,100,100,0
1536,P60709,8e9b_P,0,745,94,97,0,100,6,100,100,0
1539,P60709,8e9b_P,0,745,94,97,0,100,15,100,100,0
154,P60709,6m5g_A,0,745,94,97,0,100,38,100,100,0
1540,P60709,8e9b_P,0,745,94,97,0,100,34,94,100,0
1543,P60709,38ko_D,0,745,94,97,0,100,19,95,100,0
1544,P60709,38ko_D,0,745,94,97,0,100,17,100,100,0
1545,P60709,38ko_D,0,745,94,97,0,100,17,88,100,0
1546,P60709,38ko_D,0,745,94,97,0,100,33,97,100,0
1547,P60709,38ko_D,0,745,94,97,0,100,36,100,100,0
1550,P60709,8f8r_D,0,745,94,97,0,100,16,100,100,0
1551,P60709,8f8r_D,0,745,94,97,0,100,33,94,100,0
1554,P60709,9qey_A,0,781,100,100,0,100,16,100,100,0
1555,P60709,9qey_A,0,781,100,100,0,100,31,100,100,0
1556,P60709,9qey_A,0,781,100,100,0,100,15,100,100,0
1557,P60709,8e9b_O,0,745,94,97,0,100,11,100,100,0
1558,P60709,8e9b_O,0,745,94,97,0,100,19,95,100,0
1559,P60709,8e9b_O,0,745,94,97,0,100,9,67,78,0
1562,P60709,8e9b_O,0,745,94,97,0,100,19,95,100,0
1563,P60709,8e9b_O,0,745,94,97,0,100,33,94,100,0
1566,P60709,38ko_C,0,745,94,97,0,100,20,95,100,0
1567,P60709,38ko_C,0,745,94,97,0,100,16,88,100,0
1568,P60709,38ko_C,0,745,94,97,0,100,16,94,94,0
1569,P60709,38ko_C,0,745,94,97,0,100,34,97,100,0
157,P60709,8uz1_O,0,742,94,97,0,100,20,95,100,0
1570,P60709,38ko_C,0,745,94,97,0,100,37,100,100,0
1573,P60709,8f8r_C,0,745,94,97,0,100,18,100,100,0
1574,P60709,8f8r_C,0,745,94,97,0,100,33,94,100,0
158,P60709,8uz1_O,0,742,94,97,0,100,34,97,100,0
1580,P60709,8e9b_N,0,745,94,97,0,100,17,100,100,0
1581,P60709,8e9b_N,0,745,94,97,0,100,36,94,100,0
1583,P60709,38ko_B,0,745,94,97,0,100,16,94,100,0
1584,P60709,38ko_B,0,745,94,97,0,100,15,93,100,0
1585,P60709,38ko_B,0,745,94,97,0,100,15,87,100,0
1586,P60709,38ko_B,0,745,94,97,0,100,36,100,100,0
1588,P60709,8f8r_B,0,745,94,97,0,100,17,100,100,0
1589,P60709,8f8r_B,0,745,94,97,0,100,32,97,100,0
1594,P60709,9qew_D,0,781,100,100,0,100,15,100,100,0
1595,P60709,8e9b_M,0,745,94,97,0,100,7,71,86,0
1596,P60709,8e9b_M,0,745,94,97,0,100,16,100,100,0
1597,P60709,8e9b_M,0,745,94,97,0,100,35,97,100,0
1598,P60709,38ko_A,0,745,94,97,0,100,17,94,100,0
1599,P60709,38ko_A,0,745,94,97,0,100,17,88,100,0
16,P60709,9p3d_U,0,742,94,97,0,100,18,100,100,0
1600,P60709,38ko_A,0,745,94,97,0,100,37,100,100,0
1601,P60709,8f8r_A,0,745,94,97,0,100,16,100,100,0
1602,P60709,8f8r_A,0,745,94,97,0,100,32,97,100,0
1608,P60709,9qew_B,0,781,100,100,0,100,32,100,100,0
1613,P60709,38kn_E,0,745,94,97,0,100,33,97,100,0
1614,P60709,38kn_E,0,745,94,97,0,100,37,100,100,0
1617,P60709,8f8q_F,0,745,94,97,0,100,12,83,92,0
1618,P60709,8f8q_F,0,745,94,97,0,100,34,91,97,0
1625,P60709,9qew_A,0,781,100,100,0,100,15,100,100,0
1628,P60709,8a2z_D,0,745,94,97,0,100,17,100,100,0
1631,P60709,38kn_D,0,745,94,97,0,100,20,95,100,0
1632,P60709,38kn_D,0,745,94,97,0,100,33,97,100,0
1633,P60709,38kn_D,0,745,94,97,0,100,37,100,100,0
1636,P60709,8f8q_E,0,745,94,97,0,100,16,100,100,0
1637,P60709,8f8q_E,0,745,94,97,0,100,31,97,100,0
1638,P60709,8f8q_E,0,745,94,97,0,100,5,80,100,0
1644,P60709,9qew_C,0,781,100,100,0,100,30,100,100,0
1645,P60709,9qew_C,0,781,100,100,0,100,17,100,100,0
1646,P60709,9qew_C,0,781,100,100,0,100,15,100,100,0
1647,P60709,9qew_C,0,781,100,100,0,100,32,100,100,0
165,P60709,8vfm_R,0,745,94,97,0,100,37,95,97,0
1650,P60709,8a2z_B,0,745,94,97,0,100,28,96,100,0
1653,P60709,38kn_C,0,745,94,97,0,100,20,95,100,0
1654,P60709,38kn_C,0,745,94,97,0,100,17,88,100,0
1655,P60709,38kn_C,0,745,94,97,0,100,33,97,100,0
1656,P60709,38kn_C,0,745,94,97,0,100,37,100,100,0
1659,P60709,8f8q_D,0,745,94,97,0,100,16,100,100,0
1660,P60709,8f8q_D,0,745,94,97,0,100,32,94,100,0
1668,P60709,8a2z_A,0,745,94,97,0,100,18,100,100,0
1670,P60709,38kn_B,0,745,94,97,0,100,20,95,100,0
1671,P60709,38kn_B,0,745,94,97,0,100,17,88,100,0
1672,P60709,38kn_B,0,745,94,97,0,100,37,100,100,0
1675,P60709,8f8q_C,0,745,94,97,0,100,18,100,100,0
1676,P60709,8f8q_C,0,745,94,97,0,100,32,94,100,0
1681,P60709,8a2z_C,0,745,94,97,0,100,27,100,100,0
1682,P60709,8a2z_C,0,745,94,97,0,100,17,88,94,0
1683,P60709,8a2z_C,0,745,94,97,0,100,17,100,100,0
1684,P60709,8a2z_C,0,745,94,97,0,100,27,96,100,0
1685,P60709,38kn_A,0,745,94,97,0,100,20,95,100,0
1686,P60709,38kn_A,0,745,94,97,0,100,17,88,100,0
1687,P60709,38kn_A,0,745,94,97,0,100,37,100,100,0
1689,P60709,8f8q_B,0,745,94,97,0,100,16,100,100,0
1690,P60709,8f8q_B,0,745,94,97,0,100,31,97,100,0
1699,P60709,38km_H,0,745,94,97,0,100,32,97,100,0
17,P60709,9p3d_U,0,742,94,97,0,100,33,97,100,0
1700,P60709,8f8q_A,0,745,94,97,0,100,16,100,100,0
1701,P60709,8f8q_A,0,745,94,97,0,100,32,94,100,0
1705,P60709,9go5_C,0,722,89,96,0,100,19,79,95,0
1710,P60709,8a2y_D,0,745,94,97,0,100,15,100,100,0
1713,P60709,38km_G,0,745,94,97,0,100,22,91,95,0
1714,P60709,38km_G,0,745,94,97,0,100,35,97,100,0
172,P60709,8uz1_N,0,742,94,97,0,100,19,95,100,0
1720,P60709,9go5_B,0,722,89,96,0,100,31,97,100,0
1721,P60709,9go5_B,0,722,89,96,0,100,18,83,100,0
1724,P60709,8a2y_B,0,745,94,97,0,100,33,94,100,0
1727,P60709,38km_F,0,745,94,97,0,100,21,90,95,0
1728,P60709,38km_F,0,745,94,97,0,100,16,88,100,0
1729,P60709,38km_F,0,745,94,97,0,100,15,100,100,0
173,P60709,8uz1_N,0,742,94,97,0,100,34,97,100,0
1730,P60709,38km_F,0,745,94,97,0,100,30,97,100,0
1731,P60709,38km_F,0,745,94,97,0,100,36,100,100,0
1734,P60709,8f8p_D,0,745,94,97,0,100,15,100,100,0
1737,P60709,9go5_A,0,722,89,96,0,100,18,83,100,0
1738,P60709,9go5_A,0,722,89,96,0,100,19,79,95,0
1739,P60709,9go5_A,0,722,89,96,0,100,31,97,100,0
1740,P60709,9go5_A,0,722,89,96,0,100,32,84,97,0
1745,P60709,8a2y_A,0,745,94,97,0,100,17,100,100,0
1748,P60709,38km_E,0,745,94,97,0,100,15,100,100,0
1749,P60709,38km_E,0,745,94,97,0,100,16,88,100,0
1750,P60709,38km_E,0,745,94,97,0,100,15,100,100,0
1751,P60709,38km_E,0,745,94,97,0,100,17,94,94,0
1752,P60709,38km_E,0,745,94,97,0,100,33,97,100,0
1753,P60709,38km_E,0,745,94,97,0,100,37,100,100,0
1756,P60709,8f8p_C,0,745,94,97,0,100,16,100,100,0
1757,P60709,8f8p_C,0,745,94,97,0,100,32,97,100,0
1766,P60709,8a2y_C,0,745,94,97,0,100,28,100,100,0
1767,P60709,8a2y_C,0,745,94,97,0,100,21,90,95,0
1768,P60709,8a2y_C,0,745,94,97,0,100,17,100,100,0
1769,P60709,8a2y_C,0,745,94,97,0,100,32,94,100,0
1772,P60709,38km_D,0,745,94,97,0,100,20,95,100,0
1773,P60709,38km_D,0,745,94,97,0,100,15,93,100,0
1774,P60709,38km_D,0,745,94,97,0,100,17,94,94,0
1775,P60709,38km_D,0,745,94,97,0,100,12,83,100,0
1776,P60709,38km_D,0,745,94,97,0,100,34,97,100,0
1777,P60709,38km_D,0,745,94,97,0,100,34,100,100,0
1779,P60709,8f8p_B,0,745,94,97,0,100,16,100,100,0
178,P60709,9az6_E,0,745,94,97,0,100,47,89,96,0
1780,P60709,8f8p_B,0,745,94,97,0,100,32,97,100,0
179,P60709,8vfm_N,0,745,94,97,0,100,23,100,100,0
1793,P60709,38km_C,0,745,94,97,0,100,18,94,100,0
1794,P60709,38km_C,0,745,94,97,0,100,15,87,100,0
1795,P60709,38km_C,0,745,94,97,0,100,14,86,100,0
1796,P60709,38km_C,0,745,94,97,0,100,31,97,100,0
1797,P60709,38km_C,0,745,94,97,0,100,36,100,100,0
1798,P60709,8f8p_A,0,745,94,97,0,100,16,100,100,0
1799,P60709,8f8p_A,0,745,94,97,0,100,32,97,100,0
18,P60709,9p3d_U,0,742,94,97,0,100,18,94,94,0
181,P60709,8vfm_N,0,745,94,97,0,100,21,90,95,0
1811,P60709,8a2u_D,0,745,94,97,0,100,16,100,100,0
1813,P60709,38km_B,0,745,94,97,0,100,15,100,100,0
1814,P60709,38km_B,0,745,94,97,0,100,15,93,100,0
1815,P60709,38km_B,0,745,94,97,0,100,35,100,100,0
182,P60709,8vfm_N,0,745,94,97,0,100,34,94,100,0
1829,P60709,8a2u_B,0,745,94,97,0,100,28,96,100,0
1830,P60709,38km_A,0,745,94,97,0,100,17,94,94,0
1831,P60709,38km_A,0,745,94,97,0,100,16,88,100,0
1832,P60709,38km_A,0,745,94,97,0,100,37,100,100,0
1835,P60709,7uxf_E,0,745,94,97,0,100,19,89,95,0
1843,P60709,8a2u_A,0,745,94,97,0,100,18,100,100,0
1846,P60709,38kl_E,0,745,94,97,0,100,15,100,100,0
1847,P60709,38kl_E,0,745,94,97,0,100,28,96,96,0
1848,P60709,38kl_E,0,745,94,97,0,100,32,97,100,0
1849,P60709,38kl_E,0,745,94,97,0,100,41,100,100,0
1852,P60709,7uxf_D,0,745,94,97,0,100,19,89,95,0
1853,P60709,7uxf_D,0,745,94,97,0,100,30,100,100,0
1858,P60709,8a2u_C,0,745,94,97,0,100,27,100,100,0
1859,P60709,8a2u_C,0,745,94,97,0,100,17,88,94,0
1860,P60709,8a2u_C,0,745,94,97,0,100,18,100,100,0
1861,P60709,8a2u_C,0,745,94,97,0,100,29,97,100,0
1864,P60709,38kl_D,0,745,94,97,0,100,20,95,100,0
1865,P60709,38kl_D,0,745,94,97,0,100,18,94,94,0
1866,P60709,38kl_D,0,745,94,97,0,100,16,88,100,0
1867,P60709,38kl_D,0,745,94,97,0,100,32,97,100,0
1868,P60709,38kl_D,0,745,94,97,0,100,36,100,100,0
1871,P60709,7uxf_C,0,745,94,97,0,100,19,89,95,0
1872,P60709,7uxf_C,0,745,94,97,0,100,30,100,100,0
188,P60709,8uz1_M,0,742,94,97,0,100,20,95,100,0
1881,P60709,38kl_C,0,745,94,97,0,100,20,90,95,0
1882,P60709,38kl_C,0,745,94,97,0,100,18,89,100,0
1883,P60709,38kl_C,0,745,94,97,0,100,13,85,100,0
1884,P60709,38kl_C,0,745,94,97,0,100,33,97,100,0
1885,P60709,38kl_C,0,745,94,97,0,100,37,100,100,0
1887,P60709,7uxf_B,0,745,94,97,0,100,19,89,95,0
1888,P60709,7uxf_B,0,745,94,97,0,100,31,100,100,0
189,P60709,8uz1_M,0,742,94,97,0,100,34,97,100,0
1899,P60709,8a2t_D,0,745,94,97,0,100,15,100,100,0
19,P60709,9p3d_U,0,742,94,97,0,100,42,90,98,0
1901,P60709,38kl_B,0,745,94,97,0,100,15,100,100,0
1902,P60709,38kl_B,0,745,94,97,0,100,16,88,100,0
1903,P60709,38kl_B,0,745,94,97,0,100,35,100,100,0
1904,P60709,7uxf_A,0,745,94,97,0,100,19,89,95,0
1905,P60709,7uxf_A,0,745,94,97,0,100,30,100,100,0
1917,P60709,8a2t_B,0,745,94,97,0,100,28,96,100,0
1918,P60709,38kl_A,0,745,94,97,0,100,19,95,100,0
1919,P60709,38kl_A,0,745,94,97,0,100,16,88,100,0
192,P60709,9az6_D,0,745,94,97,0,100,17,100,100,0
1920,P60709,38kl_A,0,745,94,97,0,100,35,100,100,0
1923,P60709,7utj_F,0,745,94,97,0,100,25,100,100,0
193,P60709,9az6_D,0,745,94,97,0,100,48,90,96,0
1931,P60709,8a2t_A,0,745,94,97,0,100,19,100,100,0
1934,P60709,38jl_H,0,745,94,97,0,100,31,97,100,0
1937,P60709,7utj_E,0,745,94,97,0,100,17,88,94,0
1938,P60709,7utj_E,0,745,94,97,0,100,34,100,100,0
1939,P60709,7utj_E,0,745,94,97,0,100,25,100,100,0
194,P60709,8vfm_M,0,745,94,97,0,100,9,100,100,0
1949,P60709,8a2t_C,0,745,94,97,0,100,27,100,100,0
195,P60709,8vfm_M,0,745,94,97,0,100,26,100,100,0
1950,P60709,8a2t_C,0,745,94,97,0,100,18,89,94,0
1951,P60709,8a2t_C,0,745,94,97,0,100,17,100,100,0
1952,P60709,8a2t_C,0,745,94,97,0,100,28,96,100,0
1955,P60709,38jl_G,0,745,94,97,0,100,19,89,95,0
1956,P60709,38jl_G,0,745,94,97,0,100,34,97,100,0
1959,P60709,7utj_D,0,745,94,97,0,100,17,88,94,0
1960,P60709,7utj_D,0,745,94,97,0,100,31,100,100,0
1961,P60709,7utj_D,0,745,94,97,0,100,25,100,100,0
1962,P60709,7utj_D,0,745,94,97,0,100,34,100,100,0
197,P60709,8vfm_M,0,745,94,97,0,100,21,90,95,0
1977,P60709,38jl_F,0,745,94,97,0,100,18,89,94,0
1978,P60709,38jl_F,0,745,94,97,0,100,17,88,100,0
1979,P60709,38jl_F,0,745,94,97,0,100,34,97,100,0
198,P60709,8vfm_M,0,745,94,97,0,100,32,100,100,0
1980,P60709,38jl_F,0,745,94,97,0,100,36,100,100,0
1983,P60709,7utj_C,0,745,94,97,0,100,17,88,94,0
1984,P60709,7utj_C,0,745,94,97,0,100,31,100,100,0
1985,P60709,7utj_C,0,745,94,97,0,100,24,100,100,0
1986,P60709,7utj_C,0,745,94,97,0,100,34,100,100,0
199,P60709,8vfm_M,0,745,94,97,0,100,34,94,100,0
1999,P60709,8a2s_D,0,745,94,97,0,100,17,100,100,0
20,P60709,9p3d_U,0,742,94,97,0,100,27,85,96,0
2002,P60709,38jl_E,0,745,94,97,0,100,17,94,94,0
2003,P60709,38jl_E,0,745,94,97,0,100,17,88,100,0
2004,P60709,38jl_E,0,745,94,97,0,100,14,100,100,0
2005,P60709,38jl_E,0,745,94,97,0,100,33,97,100,0
2006,P60709,38jl_E,0,745,94,97,0,100,35,100,100,0
2008,P60709,7utj_B,0,745,94,97,0,100,17,88,94,0
2009,P60709,7utj_B,0,745,94,97,0,100,31,100,100,0
2010,P60709,7utj_B,0,745,94,97,0,100,25,100,100,0
2011,P60709,7utj_B,0,745,94,97,0,100,34,100,100,0
2019,P60709,8a2s_B,0,745,94,97,0,100,32,94,100,0
2022,P60709,38jl_D,0,745,94,97,0,100,19,95,100,0
2023,P60709,38jl_D,0,745,94,97,0,100,16,94,100,0
2024,P60709,38jl_D,0,745,94,97,0,100,17,94,94,0
2025,P60709,38jl_D,0,745,94,97,0,100,32,97,100,0
2026,P60709,38jl_D,0,745,94,97,0,100,35,100,100,0
2027,P60709,7utj_A,0,745,94,97,0,100,17,88,94,0
2028,P60709,7utj_A,0,745,94,97,0,100,31,100,100,0
2029,P60709,7utj_A,0,745,94,97,0,100,35,100,100,0
2033,P60709,6iug_D,0,720,91,96,0,100,20,90,95,0
2041,P60709,8a2s_A,0,745,94,97,0,100,17,100,100,0
2044,P60709,38jl_C,0,745,94,97,0,100,18,89,94,0
2045,P60709,38jl_C,0,745,94,97,0,100,16,88,100,0
2046,P60709,38jl_C,0,745,94,97,0,100,13,85,100,0
2047,P60709,38jl_C,0,745,94,97,0,100,32,97,100,0
2048,P60709,38jl_C,0,745,94,97,0,100,36,100,100,0
2051,P60709,7uuw_F,0,745,94,97,0,100,23,100,100,0
2055,P60709,6iug_C,0,720,91,96,0,100,20,90,95,0
2056,P60709,6iug_C,0,720,91,96,0,100,28,96,96,0
2059,P60709,8a2s_C,0,745,94,97,0,100,28,100,100,0
206,P60709,8uz1_L,0,742,94,97,0,100,19,100,100,0
2060,P60709,8a2s_C,0,745,94,97,0,100,18,89,94,0
2061,P60709,8a2s_C,0,745,94,97,0,100,17,100,100,0
2062,P60709,8a2s_C,0,745,94,97,0,100,32,94,100,0
2064,P60709,38jl_B,0,745,94,97,0,100,16,100,100,0
2065,P60709,38jl_B,0,745,94,97,0,100,15,87,100,0
2066,P60709,38jl_B,0,745,94,97,0,100,35,100,100,0
2069,P60709,7uuw_E,0,745,94,97,0,100,18,89,94,0
207,P60709,8uz1_L,0,742,94,97,0,100,33,97,100,0
2070,P60709,7uuw_E,0,745,94,97,0,100,36,100,100,0
2071,P60709,7uuw_E,0,745,94,97,0,100,23,100,100,0
2074,P60709,6iug_B,0,720,91,96,0,100,20,90,95,0
2075,P60709,6iug_B,0,720,91,96,0,100,28,96,96,0
2081,P60709,38jl_A,0,745,94,97,0,100,20,90,95,0
2082,P60709,38jl_A,0,745,94,97,0,100,17,88,100,0
2083,P60709,38jl_A,0,745,94,97,0,100,35,100,100,0
2086,P60709,7uuw_D,0,745,94,97,0,100,18,89,94,0
2087,P60709,7uuw_D,0,745,94,97,0,100,32,100,100,0
2088,P60709,7uuw_D,0,745,94,97,0,100,23,100,100,0
2089,P60709,7uuw_D,0,745,94,97,0,100,36,100,100,0
2094,P60709,6iug_A,0,720,91,96,0,100,20,90,95,0
2095,P60709,6iug_A,0,720,91,96,0,100,28,96,96,0
210,P60709,9qfw_E,0,781,100,100,0,100,26,100,100,0
2101,P60709,8a2r_D,0,745,94,97,0,100,17,100,100,0
2106,P60709,7uuw_C,0,745,94,97,0,100,18,89,94,0
2107,P60709,7uuw_C,0,745,94,97,0,100,32,100,100,0
2108,P60709,7uuw_C,0,745,94,97,0,100,23,100,100,0
2109,P60709,7uuw_C,0,745,94,97,0,100,37,100,100,0
211,P60709,9qfw_E,0,781,100,100,0,100,36,100,100,0
2119,P60709,8a2r_B,0,745,94,97,0,100,29,97,100,0
212,P60709,9qfw_E,0,781,100,100,0,100,30,100,100,0
2123,P60709,7uuw_B,0,745,94,97,0,100,18,89,94,0
2124,P60709,7uuw_B,0,745,94,97,0,100,32,100,100,0
2125,P60709,7uuw_B,0,745,94,97,0,100,23,100,100,0
2126,P60709,7uuw_B,0,745,94,97,0,100,37,100,100,0
213,P60709,9qfw_E,0,781,100,100,0,100,21,100,100,0
2135,P60709,8a2r_A,0,745,94,97,0,100,18,100,100,0
2138,P60709,7uuw_A,0,745,94,97,0,100,18,89,94,0
2139,P60709,7uuw_A,0,745,94,97,0,100,32,100,100,0
2140,P60709,7uuw_A,0,745,94,97,0,100,37,100,100,0
2144,P60709,8thy_D,0,718,90,96,0,100,16,81,100,0
2147,P60709,8a2r_C,0,745,94,97,0,100,27,100,100,0
2148,P60709,8a2r_C,0,745,94,97,0,100,18,89,94,0
2149,P60709,8a2r_C,0,745,94,97,0,100,18,100,100,0
2150,P60709,8a2r_C,0,745,94,97,0,100,29,93,100,0
2156,P60709,8thy_C,0,718,90,96,0,100,16,81,100,0
2157,P60709,8thy_C,0,718,90,96,0,100,35,89,100,0
216,P60709,9az6_C,0,745,94,97,0,100,15,100,100,0
2160,P60709,8oi8_D,0,779,99,99,0,100,15,100,100,0
2169,P60709,8thy_B,0,718,90,96,0,100,16,81,100,0
217,P60709,9az6_C,0,745,94,97,0,100,33,97,100,0
2170,P60709,8thy_B,0,718,90,96,0,100,35,89,100,0
2173,P60709,8oi8_B,0,779,99,99,0,100,30,100,100,0
2179,P60709,8thy_A,0,718,90,96,0,100,17,82,100,0
218,P60709,9az6_C,0,745,94,97,0,100,47,89,96,0
2180,P60709,8thy_A,0,718,90,96,0,100,35,89,100,0
2182,P60709,8oi8_A,0,779,99,99,0,100,16,100,100,0
219,P60709,9az6_C,0,745,94,97,0,100,18,100,100,0
2190,P60709,8oi8_C,0,779,99,99,0,100,27,100,100,0
2191,P60709,8oi8_C,0,779,99,99,0,100,19,95,95,0
2192,P60709,8oi8_C,0,779,99,99,0,100,15,100,100,0
2193,P60709,8oi8_C,0,779,99,99,0,100,30,100,100,0
2198,P60709,12by_G,0,745,94,97,0,100,13,100,100,0
220,P60709,9az6_C,0,745,94,97,0,100,11,100,100,0
2203,P60709,8thx_D,0,718,90,96,0,100,18,78,100,0
221,P60709,8vfm_L,0,745,94,97,0,100,25,96,100,0
2211,P60709,12by_F,0,745,94,97,0,100,14,100,100,0
2212,P60709,12by_F,0,745,94,97,0,100,32,97,100,0
2218,P60709,8thx_C,0,718,90,96,0,100,18,78,100,0
2219,P60709,8thx_C,0,718,90,96,0,100,35,89,100,0
222,P60709,8vfm_L,0,745,94,97,0,100,9,100,100,0
2228,P60709,12by_E,0,745,94,97,0,100,12,100,100,0
2229,P60709,12by_E,0,745,94,97,0,100,32,97,100,0
223,P60709,8vfm_L,0,745,94,97,0,100,22,91,95,0
2230,P60709,12by_E,0,745,94,97,0,100,46,100,100,0
2233,P60709,8thx_B,0,718,90,96,0,100,16,81,100,0
2234,P60709,8thx_B,0,718,90,96,0,100,36,89,100,0
224,P60709,8vfm_L,0,745,94,97,0,100,33,100,100,0
2242,P60709,12by_D,0,745,94,97,0,100,14,100,100,0
2243,P60709,12by_D,0,745,94,97,0,100,31,97,100,0
2245,P60709,8thx_A,0,718,90,96,0,100,17,82,100,0
2246,P60709,8thx_A,0,718,90,96,0,100,35,89,100,0
225,P60709,8vfm_L,0,745,94,97,0,100,34,94,100,0
2253,P60709,12by_C,0,745,94,97,0,100,14,100,100,0
2254,P60709,12by_C,0,745,94,97,0,100,31,97,100,0
2255,P60709,12by_C,0,745,94,97,0,100,33,97,100,0
226,P60709,8vfm_L,0,745,94,97,0,100,19,100,100,0
2266,P60709,5jlh_E,0,778,99,100,0,100,12,100,100,0
2272,P60709,12by_B,0,745,94,97,0,100,14,100,100,0
2273,P60709,12by_B,0,745,94,97,0,100,31,97,100,0
2283,P60709,5jlh_D,0,778,99,100,0,100,39,95,100,0
2284,P60709,5jlh_D,0,778,99,100,0,100,33,100,100,0
2288,P60709,12by_A,0,745,94,97,0,100,16,100,100,0
2289,P60709,12by_A,0,745,94,97,0,100,31,97,100,0
2296,P60709,5jlh_A,0,778,99,100,0,100,41,95,100,0
2297,P60709,5jlh_A,0,778,99,100,0,100,21,100,100,0
2298,P60709,5jlh_A,0,778,99,100,0,100,17,100,100,0
2307,P60709,5jlh_C,0,778,99,100,0,100,32,100,100,0
2308,P60709,5jlh_C,0,778,99,100,0,100,12,100,100,0
2309,P60709,5jlh_C,0,778,99,100,0,100,22,100,100,0
2314,P60709,12bw_G,0,745,94,97,0,100,13,100,100,0
232,P60709,8uz1_K,0,742,94,97,0,100,20,95,100,0
2320,P60709,5jlh_B,0,778,99,100,0,100,33,100,100,0
2321,P60709,5jlh_B,0,778,99,100,0,100,17,100,100,0
2327,P60709,12bw_F,0,745,94,97,0,100,13,100,100,0
2328,P60709,12bw_F,0,745,94,97,0,100,31,97,100,0
233,P60709,8uz1_K,0,742,94,97,0,100,33,97,100,0
2340,P60709,12bw_E,0,745,94,97,0,100,12,100,100,0
2341,P60709,12bw_E,0,745,94,97,0,100,31,97,100,0
2342,P60709,12bw_E,0,745,94,97,0,100,28,100,100,0
2358,P60709,12bw_D,0,745,94,97,0,100,13,100,100,0
2359,P60709,12bw_D,0,745,94,97,0,100,31,97,100,0
236,P60709,9qfw_D,0,781,100,100,0,100,17,94,94,0
237,P60709,9qfw_D,0,781,100,100,0,100,25,100,100,0
2373,P60709,12bw_C,0,745,94,97,0,100,13,100,100,0
2374,P60709,12bw_C,0,745,94,97,0,100,31,97,100,0
2375,P60709,12bw_C,0,745,94,97,0,100,18,94,100,0
2378,P60709,8d18_F,0,745,94,97,0,100,17,100,100,0
238,P60709,9qfw_D,0,781,100,100,0,100,32,100,100,0
2389,P60709,12bw_B,0,745,94,97,0,100,14,100,100,0
239,P60709,9qfw_D,0,781,100,100,0,100,17,100,100,0
2390,P60709,12bw_B,0,745,94,97,0,100,31,97,100,0
2393,P60709,8d18_E,0,745,94,97,0,100,18,100,100,0
2394,P60709,8d18_E,0,745,94,97,0,100,33,94,100,0
2402,P60709,12bw_A,0,745,94,97,0,100,15,100,100,0
2403,P60709,12bw_A,0,745,94,97,0,100,31,97,100,0
2406,P60709,8d18_D,0,745,94,97,0,100,18,100,100,0
2407,P60709,8d18_D,0,745,94,97,0,100,32,97,100,0
241,P60709,9az6_B,0,745,94,97,0,100,16,100,100,0
2419,P60709,8d18_C,0,745,94,97,0,100,16,100,100,0
242,P60709,9az6_B,0,745,94,97,0,100,32,94,100,0
2420,P60709,8d18_C,0,745,94,97,0,100,31,97,100,0
243,P60709,9az6_B,0,745,94,97,0,100,47,89,96,0
2430,P60709,8d18_B,0,745,94,97,0,100,15,100,100,0
2431,P60709,8d18_B,0,745,94,97,0,100,33,94,100,0
244,P60709,9az6_B,0,745,94,97,0,100,18,100,100,0
2444,P60709,9sgk_H,0,745,94,97,0,100,32,100,100,0
2445,P60709,9sgk_H,0,745,94,97,0,100,13,100,100,0
2446,P60709,8d18_A,0,745,94,97,0,100,16,100,100,0
2447,P60709,8d18_A,0,745,94,97,0,100,31,97,100,0
245,P60709,9az6_B,0,745,94,97,0,100,10,100,100,0
2453,P60709,12rv_C,0,786,100,100,0,100,15,100,100,0
2457,P60709,9sgk_G,0,745,94,97,0,100,31,100,100,0
2458,P60709,9sgk_G,0,745,94,97,0,100,16,88,94,0
246,P60709,8vfm_J,0,745,94,97,0,100,25,96,100,0
2466,P60709,12rv_B,0,786,100,100,0,100,15,100,100,0
2467,P60709,12rv_B,0,786,100,100,0,100,31,100,100,0
247,P60709,8vfm_J,0,745,94,97,0,100,9,100,100,0
2471,P60709,9sgk_F,0,745,94,97,0,100,16,100,100,0
2472,P60709,9sgk_F,0,745,94,97,0,100,16,88,94,0
2473,P60709,9sgk_F,0,745,94,97,0,100,32,97,100,0
2476,P60709,8d17_F,0,745,94,97,0,100,18,100,100,0
248,P60709,8vfm_J,0,745,94,97,0,100,22,91,95,0
2481,P60709,12rv_E,0,786,100,100,0,100,31,100,100,0
2482,P60709,12rv_E,0,786,100,100,0,100,18,100,100,0
2485,P60709,9qgk_J,0,745,94,97,0,100,11,100,100,0
2486,P60709,9qgk_J,0,745,94,97,0,100,23,100,100,0
249,P60709,8vfm_J,0,745,94,97,0,100,33,100,100,0
2492,P60709,8d17_E,0,745,94,97,0,100,15,100,100,0
2493,P60709,8d17_E,0,745,94,97,0,100,31,97,100,0
2496,P60709,12rv_A,0,786,100,100,0,100,15,100,100,0
2497,P60709,12rv_A,0,786,100,100,0,100,32,100,100,0
250,P60709,8vfm_J,0,745,94,97,0,100,18,100,100,0
2501,P60709,9qgk_I,0,745,94,97,0,100,20,100,100,0
2506,P60709,8d17_D,0,745,94,97,0,100,17,100,100,0
2507,P60709,8d17_D,0,745,94,97,0,100,31,97,100,0
2516,P60709,9qgk_H,0,745,94,97,0,100,9,100,100,0
2517,P60709,9qgk_H,0,745,94,97,0,100,21,100,100,0
2520,P60709,9qgk_H,0,745,94,97,0,100,31,100,100,0
2521,P60709,9qgk_H,0,745,94,97,0,100,16,100,100,0
2524,P60709,8d17_C,0,745,94,97,0,100,15,100,100,0
2525,P60709,8d17_C,0,745,94,97,0,100,31,97,100,0
2536,P60709,9qgk_G,0,745,94,97,0,100,8,100,100,0
2537,P60709,9qgk_G,0,745,94,97,0,100,23,100,100,0
2538,P60709,9qgk_G,0,745,94,97,0,100,31,100,100,0
2539,P60709,9qgk_G,0,745,94,97,0,100,17,88,94,0
2541,P60709,8d17_B,0,745,94,97,0,100,18,100,100,0
2542,P60709,8d17_B,0,745,94,97,0,100,32,97,100,0
2548,P60709,5ogw_D,0,678,83,93,0,100,33,97,97,0
255,P60709,6wvt_I,0,745,94,97,0,100,27,100,100,0
2553,P60709,9qgk_F,0,745,94,97,0,100,21,100,100,0
2554,P60709,9qgk_F,0,745,94,97,0,100,15,100,100,0
2555,P60709,9qgk_F,0,745,94,97,0,100,17,88,94,0
2556,P60709,9qgk_F,0,745,94,97,0,100,34,97,100,0
2557,P60709,8d17_A,0,745,94,97,0,100,18,94,100,0
2558,P60709,8d17_A,0,745,94,97,0,100,33,97,100,0
256,P60709,6wvt_I,0,745,94,97,0,100,34,100,100,0
2562,P60709,5ogw_C,0,678,83,93,0,100,20,65,90,0
2565,P60709,9p1i_b,0,786,100,100,0,100,21,100,100,0
2566,P60709,9p1i_b,0,786,100,100,0,100,40,100,100,0
257,P60709,8uz1_J,0,742,94,97,0,100,19,100,100,0
2572,P60709,9y9p_E,0,745,94,97,0,100,23,100,100,0
2573,P60709,9y9p_E,0,745,94,97,0,100,34,100,100,0
258,P60709,8uz1_J,0,742,94,97,0,100,35,97,100,0
2580,P60709,5ogw_B,0,678,83,93,0,100,19,79,89,0
2583,P60709,9p1i_a,0,786,100,100,0,100,17,100,100,0
2584,P60709,9p1i_a,0,786,100,100,0,100,21,100,100,0
2585,P60709,9p1i_a,0,786,100,100,0,100,42,100,100,0
2586,P60709,9p1i_a,0,786,100,100,0,100,20,100,100,0
2594,P60709,9y9p_D,0,745,94,97,0,100,16,94,100,0
2595,P60709,9y9p_D,0,745,94,97,0,100,23,100,100,0
2596,P60709,9y9p_D,0,745,94,97,0,100,34,100,100,0
2599,P60709,8d15_F,0,745,94,97,0,100,17,100,100,0
2602,P60709,5ogw_A,0,678,83,93,0,100,31,68,90,0
2603,P60709,5ogw_A,0,678,83,93,0,100,33,97,97,0
2604,P60709,5ogw_A,0,678,83,93,0,100,21,67,90,0
2605,P60709,5ogw_A,0,678,83,93,0,100,18,78,89,0
2608,P60709,9p1i_Z,0,786,100,100,0,100,18,100,100,0
2609,P60709,9p1i_Z,0,786,100,100,0,100,32,100,100,0
261,P60709,9qfw_C,0,781,100,100,0,100,15,93,93,0
2610,P60709,9p1i_Z,0,786,100,100,0,100,22,100,100,0
2611,P60709,9p1i_Z,0,786,100,100,0,100,41,100,100,0
2612,P60709,9p1i_Z,0,786,100,100,0,100,20,100,100,0
2619,P60709,9y9p_C,0,745,94,97,0,100,16,94,100,0
262,P60709,9qfw_C,0,781,100,100,0,100,13,100,100,0
2620,P60709,9y9p_C,0,745,94,97,0,100,12,92,100,0
2621,P60709,9y9p_C,0,745,94,97,0,100,23,100,100,0
2622,P60709,9y9p_C,0,745,94,97,0,100,34,100,100,0
2625,P60709,8d15_E,0,745,94,97,0,100,18,100,100,0
2626,P60709,8d15_E,0,745,94,97,0,100,32,97,100,0
263,P60709,9qfw_C,0,781,100,100,0,100,23,100,100,0
2633,P60709,9p1i_Y,0,786,100,100,0,100,18,100,100,0
2634,P60709,9p1i_Y,0,786,100,100,0,100,31,100,100,0
2635,P60709,9p1i_Y,0,786,100,100,0,100,22,100,100,0
2636,P60709,9p1i_Y,0,786,100,100,0,100,43,100,100,0
2637,P60709,9p1i_Y,0,786,100,100,0,100,20,100,100,0
264,P60709,9qfw_C,0,781,100,100,0,100,36,100,100,0
2641,P60709,9y9p_B,0,745,94,97,0,100,16,94,100,0
2642,P60709,9y9p_B,0,745,94,97,0,100,12,92,100,0
2643,P60709,9y9p_B,0,745,94,97,0,100,34,100,100,0
2646,P60709,8d15_D,0,745,94,97,0,100,14,100,100,0
2647,P60709,8d15_D,0,745,94,97,0,100,32,97,100,0
265,P60709,9az6_A,0,745,94,97,0,100,16,100,100,0
2652,P60709,6tu4_D,0,678,83,93,0,100,18,67,89,0
2655,P60709,9p1i_X,0,786,100,100,0,100,18,100,100,0
2656,P60709,9p1i_X,0,786,100,100,0,100,31,100,100,0
2657,P60709,9p1i_X,0,786,100,100,0,100,22,100,100,0
2658,P60709,9p1i_X,0,786,100,100,0,100,41,100,100,0
2659,P60709,9p1i_X,0,786,100,100,0,100,18,100,100,0
266,P60709,9az6_A,0,745,94,97,0,100,31,97,100,0
2662,P60709,6c1h_D,0,745,94,97,0,100,20,100,100,0
2663,P60709,6c1h_D,0,745,94,97,0,94,15,100,100,0
2664,P60709,9y9p_A,0,745,94,97,0,100,16,94,100,0
2665,P60709,9y9p_A,0,745,94,97,0,100,12,92,100,0
2666,P60709,9y9p_A,0,745,94,97,0,100,34,100,100,0
2669,P60709,8d15_C,0,745,94,97,0,100,15,100,100,0
267,P60709,9az6_A,0,745,94,97,0,100,19,100,100,0
2670,P60709,8d15_C,0,745,94,97,0,100,32,97,100,0
2677,P60709,9p1i_W,0,786,100,100,0,100,18,100,100,0
2678,P60709,9p1i_W,0,786,100,100,0,100,31,100,100,0
2679,P60709,9p1i_W,0,786,100,100,0,100,22,100,100,0
268,P60709,9az6_A,0,745,94,97,0,100,11,100,100,0
2680,P60709,9p1i_W,0,786,100,100,0,100,42,100,100,0
2681,P60709,9p1i_W,0,786,100,100,0,100,19,100,100,0
2684,P60709,6c1h_C,0,745,94,97,0,100,19,100,100,0
2685,P60709,6c1h_C,0,745,94,97,0,100,33,97,100,0
2688,P60709,9y9m_E,0,745,94,97,0,100,10,90,100,0
2689,P60709,9y9m_E,0,745,94,97,0,100,33,88,97,0
2690,P60709,9y9m_E,0,745,94,97,0,100,23,100,100,0
2692,P60709,8d15_B,0,745,94,97,0,100,17,100,100,0
2693,P60709,8d15_B,0,745,94,97,0,100,32,97,100,0
2696,P60709,8v2o_D,0,744,94,97,0,100,18,100,100,0
2698,P60709,6tu4_B,0,678,83,93,0,100,13,85,92,0
2699,P60709,6tu4_B,0,678,83,93,0,100,30,67,90,0
2703,P60709,9p1i_V,0,786,100,100,0,100,20,100,100,0
2704,P60709,9p1i_V,0,786,100,100,0,100,22,100,100,0
2705,P60709,9p1i_V,0,786,100,100,0,100,43,100,100,0
2709,P60709,6c1h_B,0,745,94,97,0,100,19,100,100,0
2710,P60709,6c1h_B,0,745,94,97,0,100,33,97,100,0
2711,P60709,6c1h_B,0,745,94,97,0,100,37,95,97,0
2714,P60709,9y9m_D,0,745,94,97,0,100,16,94,100,0
2715,P60709,9y9m_D,0,745,94,97,0,100,23,100,100,0
2716,P60709,9y9m_D,0,745,94,97,0,100,6,83,100,0
2717,P60709,9y9m_D,0,745,94,97,0,100,23,96,96,0
2718,P60709,8d15_A,0,745,94,97,0,100,13,100,100,0
2719,P60709,8d15_A,0,745,94,97,0,100,35,94,100,0
2722,P60709,8v2o_C,0,744,94,97,0,100,18,100,100,0
2723,P60709,8v2o_C,0,744,94,97,0,100,32,97,100,0
2724,P60709,6tu4_A,0,678,83,93,0,100,12,83,92,0
2725,P60709,6tu4_A,0,678,83,93,0,100,33,97,97,0
2726,P60709,6tu4_A,0,678,83,93,0,100,17,71,94,0
2727,P60709,6tu4_A,0,678,83,93,0,100,30,67,90,0
2729,P60709,9p1i_U,0,786,100,100,0,100,17,100,100,0
273,P60709,6wvt_H,0,745,94,97,0,100,35,94,100,0
2730,P60709,9p1i_U,0,786,100,100,0,100,41,100,100,0
2731,P60709,9p1i_U,0,786,100,100,0,100,19,100,100,0
2734,P60709,6c1h_A,0,745,94,97,0,100,17,100,100,0
2735,P60709,6c1h_A,0,745,94,97,0,100,33,97,100,0
2738,P60709,9y9m_C,0,745,94,97,0,100,13,100,100,0
2739,P60709,9y9m_C,0,745,94,97,0,100,13,92,100,0
274,P60709,6wvt_H,0,745,94,97,0,100,34,100,100,0
2740,P60709,9y9m_C,0,745,94,97,0,100,22,100,100,0
2741,P60709,9y9m_C,0,745,94,97,0,100,34,100,100,0
2745,P60709,8v2o_B,0,744,94,97,0,100,18,100,100,0
2746,P60709,8v2o_B,0,744,94,97,0,100,32,97,100,0
275,P60709,6wvt_H,0,745,94,97,0,100,27,100,100,0
2753,P60709,9p1i_T,0,786,100,100,0,100,33,100,100,0
2754,P60709,9p1i_T,0,786,100,100,0,100,18,100,100,0
2755,P60709,9p1i_T,0,786,100,100,0,100,21,100,100,0
2756,P60709,9p1i_T,0,786,100,100,0,100,43,100,100,0
2763,P60709,9y9m_B,0,745,94,97,0,100,15,93,100,0
2764,P60709,9y9m_B,0,745,94,97,0,100,13,85,100,0
2765,P60709,9y9m_B,0,745,94,97,0,100,37,100,100,0
2768,P60709,8v2o_A,0,744,94,97,0,100,19,100,100,0
2769,P60709,8v2o_A,0,744,94,97,0,100,32,97,100,0
2774,P60709,9p1i_S,0,786,100,100,0,100,17,100,100,0
2775,P60709,9p1i_S,0,786,100,100,0,100,31,100,100,0
2776,P60709,9p1i_S,0,786,100,100,0,100,15,100,100,0
2777,P60709,9p1i_S,0,786,100,100,0,100,41,100,100,0
2778,P60709,9p1i_S,0,786,100,100,0,100,19,100,100,0
2779,P60709,9p1i_S,0,786,100,100,0,100,22,100,100,0
2787,P60709,9y9m_A,0,745,94,97,0,100,15,93,100,0
2788,P60709,9y9m_A,0,745,94,97,0,100,14,93,100,0
2789,P60709,9y9m_A,0,745,94,97,0,100,36,100,100,0
279,P60709,9qfw_B,0,781,100,100,0,100,14,100,100,0
2798,P60709,9p1i_R,0,786,100,100,0,100,33,100,100,0
2799,P60709,9p1i_R,0,786,100,100,0,100,17,100,100,0
280,P60709,9qfw_B,0,781,100,100,0,100,15,100,100,0
2800,P60709,9p1i_R,0,786,100,100,0,100,31,100,100,0
2801,P60709,9p1i_R,0,786,100,100,0,100,22,100,100,0
2802,P60709,9p1i_R,0,786,100,100,0,100,42,100,100,0
2803,P60709,9p1i_R,0,786,100,100,0,100,18,100,100,0
2808,P60709,6upw_E,0,745,94,97,0,100,15,100,100,0
2809,P60709,6upw_E,0,745,94,97,0,100,26,100,100,0
281,P60709,9qfw_B,0,781,100,100,0,100,34,100,100,0
2812,P60709,9y9l_E,0,745,94,97,0,100,11,82,91,0
2813,P60709,9y9l_E,0,745,94,97,0,100,34,88,97,0
2814,P60709,9y9l_E,0,745,94,97,0,100,26,96,96,0
2823,P60709,9p1i_Q,0,786,100,100,0,100,19,100,100,0
2824,P60709,9p1i_Q,0,786,100,100,0,100,32,100,100,0
2825,P60709,9p1i_Q,0,786,100,100,0,100,16,100,100,0
2826,P60709,9p1i_Q,0,786,100,100,0,100,31,100,100,0
2827,P60709,9p1i_Q,0,786,100,100,0,100,41,100,100,0
2828,P60709,9p1i_Q,0,786,100,100,0,100,19,100,100,0
2829,P60709,9p1i_Q,0,786,100,100,0,100,21,100,100,0
2833,P60709,6upw_A,0,745,94,97,0,100,39,95,97,0
2836,P60709,9y9l_D,0,745,94,97,0,100,14,100,100,0
2837,P60709,9y9l_D,0,745,94,97,0,100,16,100,100,0
2838,P60709,9y9l_D,0,745,94,97,0,100,24,96,96,0
2839,P60709,9y9l_D,0,745,94,97,0,100,35,100,100,0
2844,P60709,9zbp_E,0,743,94,97,0,100,17,88,94,0
2856,P60709,6upw_B,0,745,94,97,0,100,15,100,100,0
2857,P60709,6upw_B,0,745,94,97,0,100,32,100,100,0
2860,P60709,9y9l_C,0,745,94,97,0,100,11,100,100,0
2861,P60709,9y9l_C,0,745,94,97,0,100,12,92,100,0
2862,P60709,9y9l_C,0,745,94,97,0,100,23,100,100,0
2863,P60709,9y9l_C,0,745,94,97,0,100,35,100,100,0
2868,P60709,9zbp_D,0,743,94,97,0,100,19,89,95,0
2869,P60709,9zbp_D,0,743,94,97,0,100,31,100,100,0
2872,P60709,7aln_D,0,678,83,93,0,100,36,97,97,0
2876,P60709,6upw_C,0,745,94,97,0,100,15,100,100,0
2877,P60709,6upw_C,0,745,94,97,0,100,33,97,100,0
2878,P60709,6upw_C,0,745,94,97,0,100,32,100,100,0
2879,P60709,6upw_C,0,745,94,97,0,100,16,88,94,0
2880,P60709,6upw_C,0,745,94,97,0,100,38,95,97,0
2881,P60709,6upw_C,0,745,94,97,0,100,25,100,100,0
2883,P60709,9y9l_B,0,745,94,97,0,100,15,93,100,0
2884,P60709,9y9l_B,0,745,94,97,0,100,14,93,100,0
2885,P60709,9y9l_B,0,745,94,97,0,100,35,100,100,0
289,P60709,6wvt_F,0,745,94,97,0,100,20,100,100,0
2890,P60709,9zbp_C,0,743,94,97,0,100,19,89,95,0
2891,P60709,9zbp_C,0,743,94,97,0,100,30,100,100,0
2893,P60709,7aln_C,0,678,83,93,0,100,22,68,91,0
2894,P60709,7aln_C,0,678,83,93,0,100,14,79,86,0
290,P60709,6wvt_F,0,745,94,97,0,100,27,100,100,0
2900,P60709,6upv_E,0,745,94,97,0,100,25,100,100,0
2903,P60709,9y9l_A,0,745,94,97,0,100,16,94,100,0
2904,P60709,9y9l_A,0,745,94,97,0,100,14,93,100,0
2905,P60709,9y9l_A,0,745,94,97,0,100,36,100,100,0
2910,P60709,9zbp_B,0,743,94,97,0,100,18,89,94,0
2911,P60709,9zbp_B,0,743,94,97,0,100,31,100,100,0
2913,P60709,7aln_B,0,678,83,93,0,100,21,81,90,0
2921,P60709,6upv_D,0,745,94,97,0,100,19,89,95,0
2924,P60709,9y9j_E,0,745,94,97,0,100,24,100,100,0
2925,P60709,9y9j_E,0,745,94,97,0,100,38,100,100,0
2929,P60709,9zbp_A,0,743,94,97,0,100,19,89,95,0
293,P60709,8uz0_Q,0,742,94,97,0,100,19,95,100,0
2930,P60709,9zbp_A,0,743,94,97,0,100,30,100,100,0
2931,P60709,7aln_A,0,678,83,93,0,100,32,69,91,0
2932,P60709,7aln_A,0,678,83,93,0,100,36,97,97,0
2933,P60709,7aln_A,0,678,83,93,0,100,22,68,91,0
2934,P60709,7aln_A,0,678,83,93,0,100,22,82,91,0
2935,P60709,7aln_A,0,678,83,93,0,100,35,91,97,0
294,P60709,9qfw_A,0,781,100,100,0,100,17,94,94,0
2943,P60709,6upv_A,0,745,94,97,0,100,36,100,100,0
2948,P60709,9y9j_D,0,745,94,97,0,100,16,94,100,0
2949,P60709,9y9j_D,0,745,94,97,0,100,23,100,100,0
295,P60709,9qfw_A,0,781,100,100,0,100,12,100,100,0
2950,P60709,9y9j_D,0,745,94,97,0,100,37,100,100,0
2953,P60709,7r94_E,0,745,94,97,0,100,15,100,100,0
296,P60709,9qfw_A,0,781,100,100,0,100,33,100,100,0
2963,P60709,6upv_C,0,745,94,97,0,100,26,100,100,0
2964,P60709,6upv_C,0,745,94,97,0,100,33,100,100,0
2966,P60709,6upv_C,0,745,94,97,0,100,32,97,100,0
2967,P60709,6upv_C,0,745,94,97,0,100,19,89,95,0
2968,P60709,6upv_C,0,745,94,97,0,100,30,100,100,0
2971,P60709,9y9j_C,0,745,94,97,0,100,16,94,100,0
2972,P60709,9y9j_C,0,745,94,97,0,100,12,92,100,0
2973,P60709,9y9j_C,0,745,94,97,0,100,23,100,100,0
2974,P60709,9y9j_C,0,745,94,97,0,100,37,100,100,0
2977,P60709,7r94_D,0,745,94,97,0,100,17,88,94,0
2978,P60709,7r94_D,0,745,94,97,0,100,18,100,100,0
2988,P60709,6upv_B,0,745,94,97,0,100,19,89,95,0
2989,P60709,6upv_B,0,745,94,97,0,100,17,100,100,0
299,P60709,9dva_D,0,745,94,97,0,100,31,100,100,0
2990,P60709,6upv_B,0,745,94,97,0,100,31,100,100,0
2992,P60709,9y9j_B,0,745,94,97,0,100,12,100,100,0
2993,P60709,9y9j_B,0,745,94,97,0,100,12,92,100,0
2994,P60709,9y9j_B,0,745,94,97,0,100,32,100,100,0
2995,P60709,9y9j_B,0,745,94,97,0,100,37,100,100,0
2998,P60709,7r94_A,0,745,94,97,0,100,24,100,100,0
3001,P60709,9yim_E,0,743,95,97,0,100,13,85,92,0
3002,P60709,9yim_E,0,743,95,97,0,100,35,91,97,0
3009,P60709,9y9j_A,0,745,94,97,0,100,10,100,100,0
3010,P60709,9y9j_A,0,745,94,97,0,100,12,92,100,0
3011,P60709,9y9j_A,0,745,94,97,0,100,33,100,100,0
3012,P60709,9y9j_A,0,745,94,97,0,100,7,86,100,0
3013,P60709,9y9j_A,0,745,94,97,0,100,38,100,100,0
3015,P60709,7r94_B,0,745,94,97,0,100,16,100,100,0
3016,P60709,7r94_B,0,745,94,97,0,100,31,100,100,0
3017,P60709,7r94_B,0,745,94,97,0,100,26,96,96,0
3020,P60709,9yim_D,0,743,95,97,0,100,16,100,100,0
3021,P60709,9yim_D,0,743,95,97,0,100,31,97,100,0
3022,P60709,9yim_D,0,743,95,97,0,100,6,83,100,0
3033,P60709,9y52_E,0,745,94,97,0,100,25,96,100,0
3034,P60709,9y52_E,0,745,94,97,0,100,37,100,100,0
3035,P60709,7r94_C,0,745,94,97,0,100,14,100,100,0
3036,P60709,7r94_C,0,745,94,97,0,100,31,97,100,0
3037,P60709,7r94_C,0,745,94,97,0,100,17,88,94,0
3038,P60709,7r94_C,0,745,94,97,0,100,32,100,100,0
3039,P60709,7r94_C,0,745,94,97,0,100,17,100,100,0
304,P60709,6wvt_E,0,745,94,97,0,100,30,100,100,0
3040,P60709,7r94_C,0,745,94,97,0,100,27,96,96,0
3043,P60709,9yim_C,0,743,95,97,0,100,17,100,100,0
3044,P60709,9yim_C,0,743,95,97,0,100,32,97,100,0
305,P60709,6wvt_E,0,745,94,97,0,100,18,89,94,0
3056,P60709,9y52_D,0,745,94,97,0,100,16,94,100,0
3057,P60709,9y52_D,0,745,94,97,0,100,24,96,100,0
3058,P60709,9y52_D,0,745,94,97,0,100,37,100,100,0
306,P60709,6wvt_E,0,745,94,97,0,100,19,100,100,0
3062,P60709,9yim_B,0,743,95,97,0,100,16,100,100,0
3063,P60709,9yim_B,0,743,95,97,0,100,34,97,100,0
307,P60709,6wvt_E,0,745,94,97,0,100,27,100,100,0
3073,P60709,9y52_C,0,745,94,97,0,100,16,94,100,0
3074,P60709,9y52_C,0,745,94,97,0,100,13,92,100,0
3075,P60709,9y52_C,0,745,94,97,0,100,24,96,100,0
3076,P60709,9y52_C,0,745,94,97,0,100,38,100,100,0
308,P60709,6wvt_E,0,745,94,97,0,100,35,100,100,0
3080,P60709,7z7i_C,0,745,94,97,0,100,33,97,100,0
3081,P60709,9yim_A,0,743,95,97,0,100,17,100,100,0
3082,P60709,9yim_A,0,743,95,97,0,100,34,94,100,0
3090,P60709,6t1y_E,0,745,94,97,0,100,15,100,100,0
3092,P60709,9y52_B,0,745,94,97,0,100,18,94,100,0
3093,P60709,9y52_B,0,745,94,97,0,100,12,92,100,0
3094,P60709,9y52_B,0,745,94,97,0,100,36,100,100,0
3096,P60709,7z7i_E,0,745,94,97,0,100,33,97,100,0
3104,P60709,9c21_E,0,786,100,100,0,100,33,100,100,0
3109,P60709,9y52_A,0,745,94,97,0,100,22,91,95,0
311,P60709,8uz0_P,0,742,94,97,0,100,19,100,100,0
3110,P60709,9y52_A,0,745,94,97,0,100,12,92,100,0
3111,P60709,9y52_A,0,745,94,97,0,100,32,100,100,0
3112,P60709,9y52_A,0,745,94,97,0,100,38,100,100,0
3114,P60709,7z7i_B,0,745,94,97,0,100,17,88,94,0
3115,P60709,7z7i_B,0,745,94,97,0,100,14,100,100,0
312,P60709,8uz0_P,0,742,94,97,0,100,33,97,100,0
3121,P60709,8cco_E,0,625,76,89,0,100,13,77,85,0
3124,P60709,9c21_D,0,786,100,100,0,100,33,100,100,0
3129,P60709,6t1y_B,0,745,94,97,0,100,15,100,100,0
313,P60709,9qfq_E,0,781,100,100,0,100,24,100,100,0
3130,P60709,6t1y_B,0,745,94,97,0,100,32,100,100,0
3133,P60709,7z7i_D,0,745,94,97,0,100,33,97,100,0
3134,P60709,7z7i_D,0,745,94,97,0,100,17,88,94,0
3135,P60709,7z7i_D,0,745,94,97,0,100,16,100,100,0
3137,P60709,8w36_A,0,743,95,97,0,100,20,100,100,0
314,P60709,9qfq_E,0,781,100,100,0,100,33,100,100,0
3140,P60709,8cco_D,0,625,76,89,0,100,13,77,85,0
3141,P60709,8cco_D,0,625,76,89,0,100,33,88,97,0
3143,P60709,9c21_C,0,786,100,100,0,100,19,100,100,0
3144,P60709,9c21_C,0,786,100,100,0,100,18,100,100,0
3147,P60709,6t1y_C,0,745,94,97,0,100,15,100,100,0
3148,P60709,6t1y_C,0,745,94,97,0,100,29,97,100,0
3149,P60709,6t1y_C,0,745,94,97,0,100,32,100,100,0
315,P60709,9qfq_E,0,781,100,100,0,100,30,100,100,0
3150,P60709,6t1y_C,0,745,94,97,0,100,20,90,95,0
3153,P60709,9xye_D,0,745,94,97,0,100,16,100,100,0
3157,P60709,8w36_C,0,743,95,97,0,100,31,100,100,0
3158,P60709,8w36_C,0,743,95,97,0,100,19,89,95,0
3159,P60709,8w36_C,0,743,95,97,0,100,34,97,100,0
3162,P60709,8cco_C,0,625,76,89,0,100,13,77,85,0
3163,P60709,8cco_C,0,625,76,89,0,100,33,88,97,0
3165,P60709,9c21_B,0,786,100,100,0,100,33,100,100,0
3166,P60709,9c21_B,0,786,100,100,0,100,19,100,100,0
3167,P60709,9c21_B,0,786,100,100,0,100,18,100,100,0
3170,P60709,9zbl_E,0,747,94,97,0,100,17,88,94,0
3176,P60709,9xye_C,0,745,94,97,0,100,17,100,100,0
3177,P60709,9xye_C,0,745,94,97,0,100,33,97,100,0
3181,P60709,7z7h_C,0,745,94,97,0,100,35,97,100,0
3182,P60709,8w36_D,0,743,95,97,0,100,18,89,94,0
3183,P60709,8w36_D,0,743,95,97,0,100,31,100,100,0
3184,P60709,8w36_D,0,743,95,97,0,100,19,100,100,0
3186,P60709,8cco_B,0,625,76,89,0,100,13,77,85,0
3187,P60709,8cco_B,0,625,76,89,0,100,33,88,97,0
3188,P60709,9c21_A,0,786,100,100,0,100,33,100,100,0
3189,P60709,9c21_A,0,786,100,100,0,100,17,100,100,0
319,P60709,9dva_C,0,745,94,97,0,100,16,100,100,0
3192,P60709,9zbl_D,0,747,94,97,0,100,18,89,94,0
3193,P60709,9zbl_D,0,747,94,97,0,100,31,100,100,0
3195,P60709,6t20_E,0,745,94,97,0,100,18,94,100,0
3197,P60709,9xye_B,0,745,94,97,0,100,16,100,100,0
3198,P60709,9xye_B,0,745,94,97,0,100,33,94,100,0
3199,P60709,9xye_B,0,745,94,97,0,100,33,100,100,0
320,P60709,9dva_C,0,745,94,97,0,100,27,100,100,0
3201,P60709,7z7h_E,0,745,94,97,0,100,36,97,100,0
3204,P60709,8cco_A,0,625,76,89,0,100,13,77,85,0
3205,P60709,8cco_A,0,625,76,89,0,100,33,88,97,0
3212,P60709,9zbl_C,0,747,94,97,0,100,18,89,94,0
3213,P60709,9zbl_C,0,747,94,97,0,100,30,100,100,0
3216,P60709,9xye_A,0,745,94,97,0,100,14,93,100,0
3217,P60709,9xye_A,0,745,94,97,0,100,37,97,100,0
3218,P60709,9xye_A,0,745,94,97,0,100,36,100,100,0
3219,P60709,9xye_A,0,745,94,97,0,100,8,100,100,0
3221,P60709,7z7h_B,0,745,94,97,0,100,16,100,100,0
3222,P60709,7z7h_B,0,745,94,97,0,100,15,87,93,0
3223,P60709,7z7h_B,0,745,94,97,0,100,16,94,100,0
3226,P60709,8zix_B,0,743,95,97,0,100,20,90,95,0
3234,P60709,9zbl_B,0,747,94,97,0,100,16,88,94,0
3235,P60709,9zbl_B,0,747,94,97,0,100,31,100,100,0
3237,P60709,6t20_B,0,745,94,97,0,100,18,94,100,0
3238,P60709,6t20_B,0,745,94,97,0,100,31,100,100,0
3241,P60709,7z7h_D,0,745,94,97,0,100,28,100,100,0
3242,P60709,7z7h_D,0,745,94,97,0,100,35,97,100,0
3243,P60709,7z7h_D,0,745,94,97,0,100,14,86,93,0
3244,P60709,7z7h_D,0,745,94,97,0,100,17,94,100,0
3247,P60709,8zix_E,0,743,95,97,0,100,20,90,95,0
3248,P60709,8zix_E,0,743,95,97,0,100,31,100,100,0
3251,P60709,8ccn_E,0,625,76,89,0,100,17,76,82,0
3256,P60709,9zbl_A,0,747,94,97,0,100,18,89,94,0
3257,P60709,9zbl_A,0,747,94,97,0,100,30,100,100,0
3258,P60709,6t20_C,0,745,94,97,0,100,18,94,100,0
3259,P60709,6t20_C,0,745,94,97,0,100,33,97,100,0
326,P60709,6wvt_D,0,745,94,97,0,100,30,100,100,0
3260,P60709,6t20_C,0,745,94,97,0,100,31,100,100,0
3261,P60709,6t20_C,0,745,94,97,0,100,20,90,95,0
3264,P60709,9q7o_D,0,745,94,97,0,100,16,100,100,0
3269,P60709,8zix_A,0,743,95,97,0,100,19,89,95,0
327,P60709,6wvt_D,0,745,94,97,0,100,18,89,94,0
3270,P60709,8zix_A,0,743,95,97,0,100,30,100,100,0
3273,P60709,8ccn_D,0,625,76,89,0,100,17,76,82,0
3274,P60709,8ccn_D,0,625,76,89,0,100,34,88,97,0
3278,P60709,9e2e_F,0,747,94,97,0,100,7,100,100,0
328,P60709,6wvt_D,0,745,94,97,0,100,35,100,100,0
3285,P60709,9q7o_C,0,745,94,97,0,100,16,100,100,0
3286,P60709,9q7o_C,0,745,94,97,0,100,33,97,100,0
3289,P60709,7tpt_T,0,745,94,97,0,100,9,100,100,0
329,P60709,6wvt_D,0,745,94,97,0,100,28,100,100,0
3291,P60709,8zix_R,0,743,95,97,0,100,20,90,95,0
3292,P60709,8zix_R,0,743,95,97,0,100,30,100,100,0
3295,P60709,8ccn_C,0,625,76,89,0,100,17,76,82,0
3296,P60709,8ccn_C,0,625,76,89,0,100,34,88,97,0
33,P60709,7bti_C,0,745,94,97,0,100,17,88,94,0
3303,P60709,9e2e_E,0,747,94,97,0,100,16,88,94,0
3304,P60709,9e2e_E,0,747,94,97,0,100,8,100,100,0
3307,P60709,6t23_B,0,745,94,97,0,100,21,90,95,0
3309,P60709,9q7o_B,0,745,94,97,0,100,15,100,100,0
3310,P60709,9q7o_B,0,745,94,97,0,100,31,97,100,0
3311,P60709,7tpt_S,0,745,94,97,0,100,16,100,100,0
3314,P60709,7tpt_S,0,745,94,97,0,100,11,100,100,0
3315,P60709,7tpt_S,0,745,94,97,0,100,28,96,100,0
3316,P60709,8zix_P,0,743,95,97,0,100,18,89,94,0
3317,P60709,8zix_P,0,743,95,97,0,100,29,100,100,0
3319,P60709,8ccn_B,0,625,76,89,0,100,17,76,82,0
332,P60709,8uz0_O,0,742,94,97,0,100,20,95,100,0
3320,P60709,8ccn_B,0,625,76,89,0,100,34,88,97,0
3326,P60709,9e2e_D,0,747,94,97,0,100,20,90,95,0
3327,P60709,9e2e_D,0,747,94,97,0,100,31,100,100,0
3328,P60709,9e2e_D,0,747,94,97,0,100,6,100,100,0
3329,P60709,9e2e_D,0,747,94,97,0,100,3,100,100,0
333,P60709,8uz0_O,0,742,94,97,0,100,33,97,100,0
3330,P60709,9e2e_D,0,747,94,97,0,100,20,100,100,0
3331,P60709,6t23_A,0,745,94,97,0,100,21,90,95,0
3332,P60709,6t23_A,0,745,94,97,0,100,31,100,100,0
3333,P60709,9q7o_A,0,745,94,97,0,100,17,94,94,0
3334,P60709,9q7o_A,0,745,94,97,0,100,31,97,100,0
3335,P60709,9q7o_A,0,745,94,97,0,100,35,100,100,0
3336,P60709,7tpt_R,0,745,94,97,0,100,9,100,100,0
3337,P60709,7tpt_R,0,745,94,97,0,100,16,88,100,0
3338,P60709,7tpt_R,0,745,94,97,0,100,25,100,100,0
334,P60709,9qfq_D,0,781,100,100,0,100,22,100,100,0
3341,P60709,7tpt_R,0,745,94,97,0,100,18,94,100,0
3342,P60709,7tpt_R,0,745,94,97,0,100,26,96,100,0
3346,P60709,8zbm_R,0,743,95,97,0,100,6,100,100,0
3347,P60709,8zbm_R,0,743,95,97,0,95,37,100,100,0
3348,P60709,8ccn_A,0,625,76,89,0,100,17,76,82,0
3349,P60709,8ccn_A,0,625,76,89,0,100,34,88,97,0
335,P60709,9qfq_D,0,781,100,100,0,100,34,100,100,0
3353,P60709,9e2e_C,0,747,94,97,0,100,16,88,94,0
3354,P60709,9e2e_C,0,747,94,97,0,100,31,100,100,0
3355,P60709,9e2e_C,0,747,94,97,0,100,5,100,100,0
3356,P60709,9e2e_C,0,747,94,97,0,100,4,100,100,0
3357,P60709,9e2e_C,0,747,94,97,0,100,26,100,100,0
3359,P60709,6t23_E,0,745,94,97,0,100,27,96,100,0
336,P60709,9qfq_D,0,781,100,100,0,100,16,100,100,0
3362,P60709,9q7n_E,0,745,94,97,0,100,24,100,100,0
3363,P60709,9q7n_E,0,745,94,97,0,100,34,100,100,0
3364,P60709,7tpt_Q,0,745,94,97,0,100,7,100,100,0
3365,P60709,7tpt_Q,0,745,94,97,0,100,7,86,100,0
3368,P60709,7tpt_Q,0,745,94,97,0,100,16,94,100,0
3369,P60709,7tpt_Q,0,745,94,97,0,100,34,97,100,0
3371,P60709,8zbm_P,0,743,95,97,0,100,17,88,94,0
3372,P60709,8zbm_P,0,743,95,97,0,100,6,100,100,0
3373,P60709,8zbm_P,0,743,95,97,0,95,37,100,100,0
3379,P60709,9e2e_B,0,747,94,97,0,100,17,88,94,0
3380,P60709,9e2e_B,0,747,94,97,0,100,30,100,100,0
3381,P60709,9e2e_B,0,747,94,97,0,100,6,100,100,0
3382,P60709,9e2e_B,0,747,94,97,0,100,10,100,100,0
3383,P60709,6t23_D,0,745,94,97,0,100,21,90,95,0
3384,P60709,6t23_D,0,745,94,97,0,100,27,96,100,0
3385,P60709,6t23_D,0,745,94,97,0,100,17,100,100,0
3388,P60709,9q7n_D,0,745,94,97,0,100,16,94,100,0
3389,P60709,9q7n_D,0,745,94,97,0,100,26,100,100,0
339,P60709,9qfq_D,0,781,100,100,0,100,19,95,95,0
3390,P60709,9q7n_D,0,745,94,97,0,100,36,100,100,0
3391,P60709,7tpt_P,0,745,94,97,0,100,23,96,100,0
3392,P60709,7tpt_P,0,745,94,97,0,100,17,100,100,0
3395,P60709,7tpt_P,0,745,94,97,0,100,16,100,100,0
3396,P60709,7tpt_P,0,745,94,97,0,100,31,97,100,0
34,P60709,7bti_C,0,745,94,97,0,100,31,100,100,0
3400,P60709,8zbm_Q,0,743,95,97,0,100,33,97,100,0
3401,P60709,8zbm_Q,0,743,95,97,0,100,6,100,100,0
3402,P60709,8zbm_Q,0,743,95,97,0,100,11,100,100,0
3403,P60709,8zbm_Q,0,743,95,97,0,95,35,100,100,0
3406,P60709,9e2e_A,0,747,94,97,0,100,20,90,95,0
3407,P60709,9e2e_A,0,747,94,97,0,100,31,100,100,0
3408,P60709,9e2e_A,0,747,94,97,0,100,10,100,100,0
341,P60709,9dva_B,0,745,94,97,0,100,29,100,100,0
3413,P60709,9q7n_C,0,745,94,97,0,100,17,94,100,0
3414,P60709,9q7n_C,0,745,94,97,0,100,13,92,100,0
3415,P60709,9q7n_C,0,745,94,97,0,100,27,96,100,0
3416,P60709,9q7n_C,0,745,94,97,0,100,35,100,100,0
3419,P60709,7tpt_O,0,745,94,97,0,100,18,94,100,0
342,P60709,9dva_B,0,745,94,97,0,100,16,100,100,0
3420,P60709,7tpt_O,0,745,94,97,0,100,33,97,100,0
3422,P60709,8zbm_O,0,743,95,97,0,100,18,89,94,0
3423,P60709,8zbm_O,0,743,95,97,0,100,33,97,100,0
3424,P60709,8zbm_O,0,743,95,97,0,100,16,100,100,0
3425,P60709,8zbm_O,0,743,95,97,0,100,7,100,100,0
3426,P60709,8zbm_O,0,743,95,97,0,100,11,100,100,0
3427,P60709,8zbm_O,0,743,95,97,0,95,37,100,100,0
343,P60709,9dva_B,0,745,94,97,0,100,16,88,94,0
3437,P60709,6t24_B,0,745,94,97,0,100,17,100,100,0
3439,P60709,9q7n_B,0,745,94,97,0,100,17,94,100,0
344,P60709,9dva_B,0,745,94,97,0,100,43,100,100,0
3440,P60709,9q7n_B,0,745,94,97,0,100,13,92,100,0
3441,P60709,9q7n_B,0,745,94,97,0,100,38,100,100,0
3442,P60709,7tpt_N,0,745,94,97,0,100,5,100,100,0
3445,P60709,7tpt_N,0,745,94,97,0,100,19,100,100,0
3446,P60709,7tpt_N,0,745,94,97,0,100,35,97,100,0
3448,P60709,8zbm_H,0,743,95,97,0,100,33,97,100,0
3449,P60709,8zbm_H,0,743,95,97,0,95,36,100,100,0
345,P60709,9dva_B,0,745,94,97,0,100,10,90,90,0
3450,P60709,8zbm_H,0,743,95,97,0,100,7,100,100,0
346,P60709,9dva_B,0,745,94,97,0,100,29,100,100,0
3460,P60709,6t24_C,0,745,94,97,0,100,17,100,100,0
3461,P60709,6t24_C,0,745,94,97,0,100,29,97,100,0
3462,P60709,9q7n_A,0,745,94,97,0,100,18,94,100,0
3463,P60709,9q7n_A,0,745,94,97,0,100,12,92,100,0
3464,P60709,9q7n_A,0,745,94,97,0,100,37,100,100,0
3466,P60709,7tpt_M,0,745,94,97,0,100,14,100,100,0
3467,P60709,7tpt_M,0,745,94,97,0,100,24,96,100,0
3468,P60709,8zbm_E,0,743,95,97,0,100,17,88,94,0
3469,P60709,8zbm_E,0,743,95,97,0,100,33,97,100,0
3470,P60709,8zbm_E,0,743,95,97,0,100,14,100,100,0
3471,P60709,8zbm_E,0,743,95,97,0,95,38,100,100,0
3479,P60709,8p94_W,0,786,100,100,0,100,13,100,100,0
3480,P60709,8p94_W,0,786,100,100,0,100,32,100,100,0
3484,P60709,6t24_D,0,745,94,97,0,100,17,100,100,0
3485,P60709,6t24_D,0,745,94,97,0,100,29,97,100,0
3488,P60709,9q7m_E,0,745,94,97,0,100,24,100,100,0
3489,P60709,7tpt_L,0,745,94,97,0,100,8,100,100,0
349,P60709,6wvt_B,0,745,94,97,0,100,17,88,94,0
3490,P60709,7tpt_L,0,745,94,97,0,100,29,97,100,0
3497,P60709,8p94_S,0,786,100,100,0,100,19,100,100,0
350,P60709,6wvt_B,0,745,94,97,0,100,30,100,100,0
3503,P60709,6t24_E,0,745,94,97,0,100,17,100,100,0
3504,P60709,6t24_E,0,745,94,97,0,100,29,97,100,0
3507,P60709,9q7m_D,0,745,94,97,0,100,16,94,100,0
3508,P60709,9q7m_D,0,745,94,97,0,100,24,100,100,0
3509,P60709,9q7m_D,0,745,94,97,0,100,38,100,100,0
351,P60709,6wvt_B,0,745,94,97,0,100,35,100,100,0
3514,P60709,9duv_E,0,743,93,97,0,100,17,88,94,0
3518,P60709,8p94_R,0,786,100,100,0,100,11,100,100,0
3519,P60709,8p94_R,0,786,100,100,0,100,5,100,100,0
3520,P60709,8p94_R,0,786,100,100,0,100,17,100,100,0
3521,P60709,8p94_R,0,786,100,100,0,100,22,100,100,0
3524,P60709,8p94_R,0,786,100,100,0,100,15,100,100,0
3527,P60709,8efh_D,0,747,94,97,0,100,31,100,100,0
3532,P60709,9q7m_C,0,745,94,97,0,100,15,93,100,0
3533,P60709,9q7m_C,0,745,94,97,0,100,13,85,100,0
3534,P60709,9q7m_C,0,745,94,97,0,100,23,96,100,0
3535,P60709,9q7m_C,0,745,94,97,0,100,38,100,100,0
3538,P60709,7tpt_J,0,745,94,97,0,100,8,100,100,0
354,P60709,8uz0_N,0,742,94,97,0,100,20,95,100,0
3541,P60709,9duv_D,0,743,93,97,0,100,19,89,95,0
3542,P60709,9duv_D,0,743,93,97,0,100,32,100,100,0
3549,P60709,8p94_Q,0,786,100,100,0,100,7,100,100,0
355,P60709,8uz0_N,0,742,94,97,0,100,33,97,100,0
3552,P60709,8p94_Q,0,786,100,100,0,100,15,100,100,0
3553,P60709,8p94_Q,0,786,100,100,0,100,31,100,100,0
3555,P60709,8efh_C,0,747,94,97,0,100,15,100,100,0
3556,P60709,8efh_C,0,747,94,97,0,100,11,100,100,0
356,P60709,9qfq_C,0,781,100,100,0,100,22,100,100,0
3560,P60709,6t25_C,0,745,94,97,0,100,20,95,100,0
3562,P60709,9q7m_B,0,745,94,97,0,100,15,93,100,0
3563,P60709,9q7m_B,0,745,94,97,0,100,15,87,100,0
3564,P60709,9q7m_B,0,745,94,97,0,100,36,100,100,0
3565,P60709,7tpt_I,0,745,94,97,0,100,29,100,100,0
3567,P60709,7tpt_I,0,745,94,97,0,100,12,92,100,0
3568,P60709,7tpt_I,0,745,94,97,0,100,26,96,100,0
357,P60709,9qfq_C,0,781,100,100,0,100,32,100,100,0
3571,P60709,9duv_C,0,743,93,97,0,100,19,89,95,0
3572,P60709,9duv_C,0,743,93,97,0,100,31,100,100,0
3575,P60709,8p94_P,0,786,100,100,0,100,27,100,100,0
3576,P60709,8p94_P,0,786,100,100,0,100,16,100,100,0
3577,P60709,8p94_P,0,786,100,100,0,100,21,100,100,0
3578,P60709,8p94_P,0,786,100,100,0,100,8,100,100,0
3581,P60709,8p94_P,0,786,100,100,0,100,17,100,100,0
3582,P60709,8p94_P,0,786,100,100,0,100,32,100,100,0
3583,P60709,8efh_B,0,747,94,97,0,100,5,100,100,0
3585,P60709,8efh_B,0,747,94,97,0,100,16,88,94,0
3586,P60709,8efh_B,0,747,94,97,0,100,12,100,100,0
3588,P60709,6t25_B,0,745,94,97,0,100,21,90,95,0
3589,P60709,6t25_B,0,745,94,97,0,100,16,100,100,0
3590,P60709,9q7m_A,0,745,94,97,0,100,15,93,100,0
3591,P60709,9q7m_A,0,745,94,97,0,100,13,92,100,0
3592,P60709,9q7m_A,0,745,94,97,0,100,35,100,100,0
3593,P60709,7tpt_H,0,745,94,97,0,100,36,100,100,0
3594,P60709,7tpt_H,0,745,94,97,0,100,19,89,95,0
3595,P60709,7tpt_H,0,745,94,97,0,100,21,95,100,0
3596,P60709,7tpt_H,0,745,94,97,0,100,28,96,100,0
3598,P60709,9duv_B,0,743,93,97,0,100,18,89,94,0
3599,P60709,9duv_B,0,743,93,97,0,100,30,100,100,0
360,P60709,9qfq_C,0,781,100,100,0,100,13,100,100,0
3604,P60709,8p94_O,0,786,100,100,0,100,19,100,100,0
3605,P60709,8p94_O,0,786,100,100,0,100,32,100,100,0
3606,P60709,8efh_F,0,747,94,97,0,100,33,100,100,0
3607,P60709,8efh_F,0,747,94,97,0,100,33,97,100,0
3608,P60709,8efh_F,0,747,94,97,0,100,30,100,100,0
3609,P60709,8efh_F,0,747,94,97,0,100,15,100,100,0
361,P60709,9qfq_C,0,781,100,100,0,100,12,100,100,0
3610,P60709,8efh_F,0,747,94,97,0,100,18,89,94,0
3611,P60709,8efh_F,0,747,94,97,0,100,13,100,100,0
3613,P60709,6t25_E,0,745,94,97,0,100,20,95,100,0
3616,P60709,9q7l_E,0,745,94,97,0,100,19,100,100,0
3618,P60709,9duv_A,0,743,93,97,0,100,21,90,95,0
3619,P60709,9duv_A,0,743,93,97,0,100,31,100,100,0
362,P60709,9dva_A,0,745,94,97,0,100,31,100,100,0
3623,P60709,8p94_N,0,786,100,100,0,100,8,100,100,0
3624,P60709,8p94_N,0,786,100,100,0,100,15,100,100,0
3625,P60709,8p94_N,0,786,100,100,0,100,31,100,100,0
3628,P60709,8dd0_F,0,747,94,97,0,100,6,100,100,0
3629,P60709,6t25_D,0,745,94,97,0,100,21,90,95,0
363,P60709,9dva_A,0,745,94,97,0,100,19,89,95,0
3630,P60709,6t25_D,0,745,94,97,0,100,20,95,100,0
3631,P60709,6t25_D,0,745,94,97,0,100,16,100,100,0
3634,P60709,9q7l_D,0,745,94,97,0,100,13,92,100,0
3635,P60709,9q7l_D,0,745,94,97,0,100,23,100,100,0
364,P60709,9dva_A,0,745,94,97,0,100,43,100,100,0
3641,P60709,8p94_K,0,786,100,100,0,100,32,100,100,0
3644,P60709,8p94_K,0,786,100,100,0,100,32,100,100,0
3647,P60709,8dd0_E,0,747,94,97,0,100,18,89,94,0
3648,P60709,8dd0_E,0,747,94,97,0,100,6,100,100,0
3653,P60709,6d8c_H,0,745,94,97,0,100,43,100,100,0
3654,P60709,6d8c_H,0,745,94,97,0,100,18,100,100,0
3657,P60709,9q7l_C,0,745,94,97,0,100,16,100,100,0
3658,P60709,9q7l_C,0,745,94,97,0,100,12,92,100,0
3659,P60709,9q7l_C,0,745,94,97,0,100,22,100,100,0
3660,P60709,9q7l_C,0,745,94,97,0,100,36,100,100,0
3664,P60709,9b3d_E,0,743,95,97,0,100,15,100,100,0
3665,P60709,9b3d_E,0,743,95,97,0,100,9,100,100,0
3670,P60709,8p94_J,0,786,100,100,0,100,38,100,100,0
3671,P60709,8p94_J,0,786,100,100,0,100,21,100,100,0
3672,P60709,8p94_J,0,786,100,100,0,100,8,100,100,0
3674,P60709,8p94_J,0,786,100,100,0,100,60,100,100,0
3675,P60709,8p94_J,0,786,100,100,0,100,14,100,100,0
3678,P60709,8dd0_D,0,747,94,97,0,100,18,89,94,0
3679,P60709,8dd0_D,0,747,94,97,0,100,30,100,100,0
3680,P60709,8dd0_D,0,747,94,97,0,100,6,100,100,0
3681,P60709,8dd0_D,0,747,94,97,0,100,3,100,100,0
3682,P60709,8dd0_D,0,747,94,97,0,100,24,100,100,0
3685,P60709,6d8c_K,0,745,94,97,0,100,18,100,100,0
3686,P60709,6d8c_K,0,745,94,97,0,100,43,100,100,0
3687,P60709,6d8c_K,0,745,94,97,0,100,18,100,100,0
3689,P60709,9q7l_B,0,745,94,97,0,100,14,93,100,0
3690,P60709,9q7l_B,0,745,94,97,0,100,13,92,100,0
3691,P60709,9q7l_B,0,745,94,97,0,100,37,100,100,0
3695,P60709,9b3d_D,0,743,95,97,0,100,16,100,100,0
3696,P60709,9b3d_D,0,743,95,97,0,100,34,97,100,0
3697,P60709,9b3d_D,0,743,95,97,0,100,9,100,100,0
37,P60709,9p3d_T,0,742,94,97,0,100,17,100,100,0
3700,P60709,8p94_H,0,786,100,100,0,100,20,100,100,0
3701,P60709,8p94_H,0,786,100,100,0,100,31,100,100,0
3702,P60709,8p94_H,0,786,100,100,0,100,15,100,100,0
3703,P60709,8p94_H,0,786,100,100,0,100,29,100,100,0
3704,P60709,8p94_H,0,786,100,100,0,100,6,100,100,0
3705,P60709,8p94_H,0,786,100,100,0,100,15,100,100,0
3708,P60709,8dd0_C,0,747,94,97,0,100,17,88,94,0
3709,P60709,8dd0_C,0,747,94,97,0,100,30,100,100,0
3710,P60709,8dd0_C,0,747,94,97,0,100,6,100,100,0
3711,P60709,8dd0_C,0,747,94,97,0,100,3,100,100,0
3712,P60709,8dd0_C,0,747,94,97,0,100,22,100,100,0
3714,P60709,6d8c_J,0,745,94,97,0,100,32,100,100,0
3715,P60709,6d8c_J,0,745,94,97,0,100,43,100,100,0
3716,P60709,9q7l_A,0,745,94,97,0,100,15,93,100,0
3717,P60709,9q7l_A,0,745,94,97,0,100,12,92,100,0
3718,P60709,9q7l_A,0,745,94,97,0,100,33,100,100,0
3722,P60709,9b3d_C,0,743,95,97,0,100,16,100,100,0
3723,P60709,9b3d_C,0,743,95,97,0,100,34,94,100,0
3724,P60709,9b3d_C,0,743,95,97,0,96,24,100,100,0
373,P60709,8uz0_M,0,742,94,97,0,100,19,100,100,0
3731,P60709,8dd0_B,0,747,94,97,0,100,17,88,94,0
3732,P60709,8dd0_B,0,747,94,97,0,100,30,100,100,0
3733,P60709,8dd0_B,0,747,94,97,0,100,5,100,100,0
3734,P60709,8dd0_B,0,747,94,97,0,100,10,100,100,0
3735,P60709,6d8c_M,0,745,94,97,0,100,18,100,100,0
3736,P60709,6d8c_M,0,745,94,97,0,100,33,97,100,0
3737,P60709,6d8c_M,0,745,94,97,0,100,18,100,100,0
3738,P60709,6d8c_M,0,745,94,97,0,100,43,100,100,0
374,P60709,8uz0_M,0,742,94,97,0,100,32,97,100,0
3741,P60709,9q7k_E,0,745,94,97,0,100,24,100,100,0
3742,P60709,9q7k_E,0,745,94,97,0,100,37,100,100,0
3745,P60709,9b3d_B,0,743,95,97,0,100,16,100,100,0
3746,P60709,9b3d_B,0,743,95,97,0,100,35,94,100,0
3747,P60709,9b3d_B,0,743,95,97,0,100,22,100,100,0
375,P60709,9qfq_B,0,781,100,100,0,100,34,100,100,0
3754,P60709,8dd0_A,0,747,94,97,0,100,17,88,94,0
3755,P60709,8dd0_A,0,747,94,97,0,100,30,100,100,0
3756,P60709,8dd0_A,0,747,94,97,0,100,6,100,100,0
3757,P60709,8dd0_A,0,747,94,97,0,100,9,100,100,0
3758,P60709,6d8c_L,0,745,94,97,0,100,18,100,100,0
3759,P60709,6d8c_L,0,745,94,97,0,100,31,100,100,0
3760,P60709,6d8c_L,0,745,94,97,0,100,20,90,95,0
3761,P60709,6d8c_L,0,745,94,97,0,100,43,100,100,0
3764,P60709,9q7k_D,0,745,94,97,0,100,15,93,100,0
3765,P60709,9q7k_D,0,745,94,97,0,100,25,96,100,0
3766,P60709,9q7k_D,0,745,94,97,0,100,35,100,100,0
377,P60709,9qfq_B,0,781,100,100,0,100,14,100,100,0
3770,P60709,9b3d_A,0,743,95,97,0,100,18,100,100,0
3771,P60709,9b3d_A,0,743,95,97,0,100,33,97,100,0
3777,P60709,8enc_F,0,747,94,97,0,100,34,97,97,0
378,P60709,9qfq_B,0,781,100,100,0,100,14,100,100,0
3782,P60709,8enc_F,0,747,94,97,0,100,10,100,100,0
3789,P60709,9q7k_C,0,745,94,97,0,100,16,94,100,0
3790,P60709,9q7k_C,0,745,94,97,0,100,12,92,100,0
3791,P60709,9q7k_C,0,745,94,97,0,100,23,100,100,0
3792,P60709,9q7k_C,0,745,94,97,0,100,37,100,100,0
3798,P60709,9b27_F,0,743,95,97,0,100,10,90,100,0
3799,P60709,9b27_F,0,743,95,97,0,100,37,100,100,0
38,P60709,9p3d_T,0,742,94,97,0,100,34,94,100,0
3808,P60709,8enc_E,0,747,94,97,0,100,13,100,100,0
3811,P60709,5oof_B,0,745,94,97,0,100,21,90,95,0
3813,P60709,9q7k_B,0,745,94,97,0,100,16,94,100,0
3814,P60709,9q7k_B,0,745,94,97,0,100,13,92,100,0
3815,P60709,9q7k_B,0,745,94,97,0,100,37,100,100,0
3821,P60709,9b27_E,0,743,95,97,0,100,17,100,100,0
3822,P60709,9b27_E,0,743,95,97,0,95,36,100,100,0
3823,P60709,8iai_K,0,786,100,100,0,100,24,100,100,0
3824,P60709,8iai_K,0,786,100,100,0,100,19,100,100,0
3825,P60709,8iai_K,0,786,100,100,0,100,43,100,100,0
3829,P60709,8enc_D,0,747,94,97,0,100,31,100,100,0
3830,P60709,8enc_D,0,747,94,97,0,100,19,89,95,0
3831,P60709,5oof_A,0,745,94,97,0,100,21,90,95,0
3832,P60709,5oof_A,0,745,94,97,0,100,31,100,100,0
3833,P60709,9q7k_A,0,745,94,97,0,100,18,94,100,0
3834,P60709,9q7k_A,0,745,94,97,0,100,13,85,100,0
3835,P60709,9q7k_A,0,745,94,97,0,100,36,100,100,0
3839,P60709,9b27_D,0,743,95,97,0,100,18,100,100,0
3840,P60709,9b27_D,0,743,95,97,0,100,33,97,100,0
3841,P60709,8iai_J,0,786,100,100,0,100,36,100,100,0
3844,P60709,8iai_J,0,786,100,100,0,100,12,100,100,0
3845,P60709,8iai_J,0,786,100,100,0,100,45,100,100,0
3846,P60709,8enc_C,0,747,94,97,0,100,17,100,100,0
3847,P60709,8enc_C,0,747,94,97,0,100,34,97,100,0
3848,P60709,8enc_C,0,747,94,97,0,100,9,100,100,0
3850,P60709,5oof_E,0,745,94,97,0,100,30,97,100,0
3855,P60709,9b27_C,0,743,95,97,0,100,17,100,100,0
3856,P60709,9b27_C,0,743,95,97,0,100,33,97,100,0
3857,P60709,8iai_I,0,786,100,100,0,100,36,100,100,0
3858,P60709,8iai_I,0,786,100,100,0,100,13,100,100,0
3861,P60709,8iai_I,0,786,100,100,0,100,13,100,100,0
3862,P60709,8iai_I,0,786,100,100,0,100,34,100,100,0
3863,P60709,8iai_I,0,786,100,100,0,100,44,100,100,0
3864,P60709,8enc_B,0,747,94,97,0,100,6,100,100,0
3865,P60709,8enc_B,0,747,94,97,0,100,16,88,94,0
3866,P60709,8enc_B,0,747,94,97,0,100,30,100,100,0
3867,P60709,8enc_B,0,747,94,97,0,100,11,100,100,0
3868,P60709,5oof_D,0,745,94,97,0,100,21,90,95,0
3869,P60709,5oof_D,0,745,94,97,0,100,30,97,100,0
3870,P60709,5oof_D,0,745,94,97,0,100,17,100,100,0
3874,P60709,9b27_B,0,743,95,97,0,100,17,100,100,0
3875,P60709,9b27_B,0,743,95,97,0,100,34,94,100,0
3876,P60709,8iai_H,0,786,100,100,0,100,53,100,100,0
3879,P60709,8iai_H,0,786,100,100,0,100,13,100,100,0
3880,P60709,8iai_H,0,786,100,100,0,100,32,100,100,0
3881,P60709,8iai_H,0,786,100,100,0,100,32,100,100,0
3882,P60709,8iai_H,0,786,100,100,0,100,10,100,100,0
3883,P60709,8efi_F,0,747,94,97,0,100,39,97,97,0
3888,P60709,8efi_F,0,747,94,97,0,100,12,100,100,0
3894,P60709,9b27_A,0,743,95,97,0,100,16,100,100,0
3895,P60709,9b27_A,0,743,95,97,0,100,32,97,100,0
3896,P60709,8iai_G,0,786,100,100,0,100,13,100,100,0
3897,P60709,8iai_G,0,786,100,100,0,100,47,100,100,0
39,P60709,9p3d_T,0,742,94,97,0,100,19,95,95,0
3900,P60709,8iai_G,0,786,100,100,0,100,14,100,100,0
3901,P60709,8iai_G,0,786,100,100,0,100,32,100,100,0
3902,P60709,8iai_G,0,786,100,100,0,100,44,100,100,0
3903,P60709,8iai_G,0,786,100,100,0,100,13,100,100,0
3906,P60709,8efi_E,0,747,94,97,0,100,14,100,100,0
3908,P60709,5ooe_E,0,745,94,97,0,100,16,100,100,0
391,P60709,8uz0_L,0,742,94,97,0,100,20,95,100,0
3915,P60709,8iai_F,0,786,100,100,0,100,55,100,100,0
3918,P60709,8iai_F,0,786,100,100,0,100,14,100,100,0
3919,P60709,8iai_F,0,786,100,100,0,100,31,100,100,0
392,P60709,8uz0_L,0,742,94,97,0,100,33,97,100,0
3920,P60709,8iai_F,0,786,100,100,0,100,35,100,100,0
3921,P60709,8iai_F,0,786,100,100,0,100,11,100,100,0
3923,P60709,8efi_D,0,747,94,97,0,100,31,100,100,0
3924,P60709,8efi_D,0,747,94,97,0,100,19,89,95,0
393,P60709,9qfq_A,0,781,100,100,0,100,33,100,100,0
3933,P60709,9b0k_E,0,743,95,97,0,100,15,100,100,0
3934,P60709,9b0k_E,0,743,95,97,0,100,12,100,100,0
3935,P60709,8iai_E,0,786,100,100,0,100,13,100,100,0
3936,P60709,8iai_E,0,786,100,100,0,100,47,100,100,0
3939,P60709,8iai_E,0,786,100,100,0,100,13,100,100,0
394,P60709,9qfq_A,0,781,100,100,0,100,16,100,100,0
3940,P60709,8iai_E,0,786,100,100,0,100,32,100,100,0
3941,P60709,8iai_E,0,786,100,100,0,100,45,100,100,0
3942,P60709,8iai_E,0,786,100,100,0,100,12,100,100,0
3943,P60709,8efi_C,0,747,94,97,0,100,17,100,100,0
3944,P60709,8efi_C,0,747,94,97,0,100,33,97,100,0
3945,P60709,8efi_C,0,747,94,97,0,100,12,100,100,0
3947,P60709,5ooe_B,0,745,94,97,0,100,16,100,100,0
3948,P60709,5ooe_B,0,745,94,97,0,100,28,100,100,0
395,P60709,9qfq_A,0,781,100,100,0,100,11,100,100,0
3955,P60709,9b0k_D,0,743,95,97,0,100,15,100,100,0
3956,P60709,9b0k_D,0,743,95,97,0,100,34,94,100,0
3957,P60709,9b0k_D,0,743,95,97,0,100,10,90,100,0
3958,P60709,9b0k_D,0,743,95,97,0,90,19,100,100,0
3959,P60709,8iai_D,0,786,100,100,0,100,54,100,100,0
3962,P60709,8iai_D,0,786,100,100,0,100,15,100,100,0
3963,P60709,8iai_D,0,786,100,100,0,100,32,100,100,0
3964,P60709,8iai_D,0,786,100,100,0,100,34,100,100,0
3965,P60709,8iai_D,0,786,100,100,0,100,11,100,100,0
3966,P60709,8efi_B,0,747,94,97,0,100,5,100,100,0
3967,P60709,8efi_B,0,747,94,97,0,100,16,88,94,0
3968,P60709,8efi_B,0,747,94,97,0,100,30,100,100,0
3969,P60709,8efi_B,0,747,94,97,0,100,9,100,100,0
3970,P60709,5ooe_C,0,745,94,97,0,100,16,100,100,0
3971,P60709,5ooe_C,0,745,94,97,0,100,25,96,100,0
3972,P60709,5ooe_C,0,745,94,97,0,100,28,100,100,0
3973,P60709,5ooe_C,0,745,94,97,0,100,17,88,94,0
398,P60709,9duu_E,0,745,94,97,0,100,20,90,95,0
3981,P60709,9b0k_C,0,743,95,97,0,100,16,100,100,0
3982,P60709,9b0k_C,0,743,95,97,0,100,32,97,100,0
3983,P60709,9b0k_C,0,743,95,97,0,100,9,100,100,0
3984,P60709,9b0k_C,0,743,95,97,0,100,18,100,100,0
3985,P60709,8iai_C,0,786,100,100,0,100,46,100,100,0
3988,P60709,8iai_C,0,786,100,100,0,100,14,100,100,0
3989,P60709,8iai_C,0,786,100,100,0,100,32,100,100,0
3990,P60709,8iai_C,0,786,100,100,0,100,44,100,100,0
3991,P60709,8iai_C,0,786,100,100,0,100,14,100,100,0
3992,P60709,8iai_C,0,786,100,100,0,100,11,100,100,0
40,P60709,9p3d_T,0,742,94,97,0,100,43,93,98,0
4005,P60709,9b0k_B,0,743,95,97,0,100,17,100,100,0
4006,P60709,9b0k_B,0,743,95,97,0,100,32,97,100,0
4007,P60709,9b0k_B,0,743,95,97,0,100,13,100,100,0
4009,P60709,8iai_B,0,786,100,100,0,100,13,100,100,0
4010,P60709,8iai_B,0,786,100,100,0,100,33,100,100,0
4011,P60709,8iai_B,0,786,100,100,0,100,13,100,100,0
4012,P60709,8iai_B,0,786,100,100,0,100,65,100,100,0
4016,P60709,7jh7_E,0,747,94,97,0,100,34,97,100,0
4019,P60709,5ood_D,0,745,94,97,0,100,22,91,95,0
4025,P60709,9b0k_A,0,743,95,97,0,100,17,100,100,0
4026,P60709,9b0k_A,0,743,95,97,0,100,33,97,100,0
4027,P60709,9b0k_A,0,743,95,97,0,100,14,100,100,0
4028,P60709,8iai_A,0,786,100,100,0,100,14,100,100,0
4029,P60709,8iai_A,0,786,100,100,0,100,31,100,100,0
403,P60709,8pvx_D,0,745,94,97,0,100,34,97,100,0
4030,P60709,8iai_A,0,786,100,100,0,100,14,100,100,0
4031,P60709,8iai_A,0,786,100,100,0,100,12,100,100,0
4032,P60709,8iai_A,0,786,100,100,0,100,90,100,100,0
4035,P60709,7jh7_C,0,747,94,97,0,100,40,98,98,0
4036,P60709,7jh7_C,0,747,94,97,0,100,19,100,100,0
4044,P60709,8iah_L,0,786,100,100,0,100,45,100,100,0
4045,P60709,8iah_L,0,786,100,100,0,100,4,100,100,0
4046,P60709,8iah_L,0,786,100,100,0,100,11,100,100,0
4047,P60709,8iah_L,0,786,100,100,0,100,14,100,100,0
4048,P60709,8iah_L,0,786,100,100,0,100,31,100,100,0
4052,P60709,7jh7_B,0,747,94,97,0,100,7,100,100,0
4053,P60709,7jh7_B,0,747,94,97,0,100,40,98,98,0
4054,P60709,7jh7_B,0,747,94,97,0,100,20,90,95,0
4056,P60709,5ood_C,0,745,94,97,0,100,31,94,100,0
4057,P60709,5ood_C,0,745,94,97,0,100,22,91,95,0
4058,P60709,5ood_C,0,745,94,97,0,100,30,100,100,0
406,P60709,6vec_K,0,745,94,97,0,100,24,100,100,0
4066,P60709,9b03_E,0,743,95,97,0,100,15,100,100,0
4067,P60709,9b03_E,0,743,95,97,0,100,12,100,100,0
4068,P60709,8iah_K,0,786,100,100,0,100,22,100,100,0
4069,P60709,8iah_K,0,786,100,100,0,100,38,100,100,0
4070,P60709,8iah_K,0,786,100,100,0,100,42,100,100,0
4073,P60709,8iah_K,0,786,100,100,0,100,15,100,100,0
4074,P60709,7jh7_A,0,747,94,97,0,100,41,98,98,0
4075,P60709,7jh7_A,0,747,94,97,0,100,34,97,100,0
4076,P60709,7jh7_A,0,747,94,97,0,100,31,100,100,0
4077,P60709,7jh7_A,0,747,94,97,0,100,6,100,100,0
4078,P60709,7jh7_A,0,747,94,97,0,100,20,90,95,0
4079,P60709,7jh7_A,0,747,94,97,0,100,19,100,100,0
408,P60709,8uz0_K,0,742,94,97,0,100,18,100,100,0
4080,P60709,5ood_B,0,745,94,97,0,100,22,91,95,0
4081,P60709,5ood_B,0,745,94,97,0,100,16,100,100,0
4082,P60709,5ood_B,0,745,94,97,0,100,30,100,100,0
409,P60709,8uz0_K,0,742,94,97,0,100,33,97,100,0
4091,P60709,9b03_D,0,743,95,97,0,100,15,100,100,0
4092,P60709,9b03_D,0,743,95,97,0,100,34,94,100,0
4093,P60709,9b03_D,0,743,95,97,0,100,10,90,100,0
4094,P60709,9b03_D,0,743,95,97,0,90,19,100,100,0
4095,P60709,8iah_J,0,786,100,100,0,100,53,100,100,0
4098,P60709,8iah_J,0,786,100,100,0,100,15,100,100,0
4099,P60709,8iah_J,0,786,100,100,0,100,34,100,100,0
41,P60709,9p3d_T,0,742,94,97,0,100,29,86,97,0
410,P60709,9qfo_F,0,781,100,100,0,100,24,100,100,0
4100,P60709,8iah_J,0,786,100,100,0,100,45,100,100,0
4114,P60709,9b03_C,0,743,95,97,0,100,16,100,100,0
4115,P60709,9b03_C,0,743,95,97,0,100,32,97,100,0
4116,P60709,9b03_C,0,743,95,97,0,100,9,100,100,0
4117,P60709,9b03_C,0,743,95,97,0,100,18,100,100,0
4118,P60709,8iah_I,0,786,100,100,0,100,33,100,100,0
4119,P60709,8iah_I,0,786,100,100,0,100,13,100,100,0
4122,P60709,8iah_I,0,786,100,100,0,100,15,100,100,0
4123,P60709,8iah_I,0,786,100,100,0,100,34,100,100,0
4124,P60709,8iah_I,0,786,100,100,0,100,50,100,100,0
4129,P60709,5ooc_E,0,745,94,97,0,100,17,100,100,0
4134,P60709,9b03_B,0,743,95,97,0,100,17,100,100,0
4135,P60709,9b03_B,0,743,95,97,0,100,32,97,100,0
4136,P60709,9b03_B,0,743,95,97,0,100,13,100,100,0
4137,P60709,8iah_H,0,786,100,100,0,100,54,100,100,0
4140,P60709,8iah_H,0,786,100,100,0,100,14,100,100,0
4141,P60709,8iah_H,0,786,100,100,0,100,31,100,100,0
4142,P60709,8iah_H,0,786,100,100,0,100,32,100,100,0
4143,P60709,8iah_H,0,786,100,100,0,100,10,100,100,0
4148,P60709,5ooc_B,0,745,94,97,0,100,29,100,100,0
415,P60709,9duu_D,0,745,94,97,0,100,18,89,94,0
4153,P60709,9b03_A,0,743,95,97,0,100,17,100,100,0
4154,P60709,9b03_A,0,743,95,97,0,100,33,97,100,0
4155,P60709,9b03_A,0,743,95,97,0,100,14,100,100,0
4156,P60709,8iah_G,0,786,100,100,0,100,12,100,100,0
4157,P60709,8iah_G,0,786,100,100,0,100,47,100,100,0
416,P60709,9duu_D,0,745,94,97,0,100,32,100,100,0
4160,P60709,8iah_G,0,786,100,100,0,100,15,100,100,0
4161,P60709,8iah_G,0,786,100,100,0,100,32,100,100,0
4162,P60709,8iah_G,0,786,100,100,0,100,46,100,100,0
4163,P60709,8iah_G,0,786,100,100,0,100,11,100,100,0
4168,P60709,5ooc_C,0,745,94,97,0,100,17,100,100,0
4169,P60709,5ooc_C,0,745,94,97,0,100,29,100,100,0
4170,P60709,5ooc_C,0,745,94,97,0,100,18,89,94,0
4178,P60709,9azq_I,0,743,95,97,0,100,8,100,100,0
4179,P60709,8iah_F,0,786,100,100,0,100,60,100,100,0
4182,P60709,8iah_F,0,786,100,100,0,100,17,100,100,0
4183,P60709,8iah_F,0,786,100,100,0,100,32,100,100,0
4184,P60709,8iah_F,0,786,100,100,0,100,33,100,100,0
4185,P60709,8iah_F,0,786,100,100,0,100,11,100,100,0
4189,P60709,5ooc_A,0,745,94,97,0,100,29,100,100,0
4190,P60709,5ooc_A,0,745,94,97,0,100,18,89,94,0
420,P60709,8pvx_A,0,745,94,97,0,100,21,90,95,0
4200,P60709,9azq_F,0,743,95,97,0,100,32,100,100,0
4201,P60709,9azq_F,0,743,95,97,0,100,14,100,100,0
4202,P60709,8iah_E,0,786,100,100,0,100,14,100,100,0
4203,P60709,8iah_E,0,786,100,100,0,100,46,100,100,0
4206,P60709,8iah_E,0,786,100,100,0,100,15,100,100,0
4207,P60709,8iah_E,0,786,100,100,0,100,32,100,100,0
4208,P60709,8iah_E,0,786,100,100,0,100,43,100,100,0
4209,P60709,8iah_E,0,786,100,100,0,100,11,100,100,0
4212,P60709,9hm9_B,0,745,94,97,0,100,33,97,100,0
4223,P60709,9azq_E,0,743,95,97,0,100,17,100,100,0
4224,P60709,9azq_E,0,743,95,97,0,100,12,92,100,0
4225,P60709,9azq_E,0,743,95,97,0,100,30,97,100,0
4226,P60709,8iah_D,0,786,100,100,0,100,59,100,100,0
4229,P60709,8iah_D,0,786,100,100,0,100,15,100,100,0
423,P60709,6vec_J,0,745,94,97,0,100,16,100,100,0
4230,P60709,8iah_D,0,786,100,100,0,100,32,100,100,0
4231,P60709,8iah_D,0,786,100,100,0,100,34,100,100,0
4232,P60709,8iah_D,0,786,100,100,0,100,12,100,100,0
4234,P60709,9hm9_E,0,745,94,97,0,100,7,100,100,0
4235,P60709,9hm9_E,0,745,94,97,0,100,20,90,95,0
4237,P60709,6fhl_E,0,745,94,97,0,100,17,100,100,0
424,P60709,6vec_J,0,745,94,97,0,100,25,100,100,0
4246,P60709,9azq_D,0,743,95,97,0,100,17,100,100,0
4247,P60709,9azq_D,0,743,95,97,0,100,33,94,100,0
4248,P60709,8iah_C,0,786,100,100,0,100,46,100,100,0
425,P60709,8uz0_J,0,742,94,97,0,100,19,100,100,0
4251,P60709,8iah_C,0,786,100,100,0,100,16,100,100,0
4252,P60709,8iah_C,0,786,100,100,0,100,32,100,100,0
4253,P60709,8iah_C,0,786,100,100,0,100,47,100,100,0
4254,P60709,8iah_C,0,786,100,100,0,100,11,100,100,0
4255,P60709,8iah_C,0,786,100,100,0,100,11,100,100,0
4257,P60709,9hm9_A,0,745,94,97,0,100,19,100,100,0
426,P60709,8uz0_J,0,742,94,97,0,100,32,97,100,0
4267,P60709,9azq_C,0,743,95,97,0,100,17,100,100,0
4268,P60709,9azq_C,0,743,95,97,0,100,33,97,100,0
427,P60709,9qfo_E,0,781,100,100,0,100,22,100,100,0
4270,P60709,8iah_B,0,786,100,100,0,100,12,100,100,0
4271,P60709,8iah_B,0,786,100,100,0,100,33,100,100,0
4272,P60709,8iah_B,0,786,100,100,0,100,14,100,100,0
4273,P60709,8iah_B,0,786,100,100,0,100,80,100,100,0
4275,P60709,9hm9_C,0,745,94,97,0,100,23,100,100,0
4276,P60709,9hm9_C,0,745,94,97,0,100,31,100,100,0
4277,P60709,9hm9_C,0,745,94,97,0,100,33,97,100,0
4278,P60709,9hm9_C,0,745,94,97,0,100,20,90,95,0
4279,P60709,9hm9_C,0,745,94,97,0,100,19,100,100,0
4281,P60709,6fhl_B,0,745,94,97,0,100,17,100,100,0
4282,P60709,6fhl_B,0,745,94,97,0,100,32,100,100,0
4287,P60709,9azq_B,0,743,95,97,0,100,18,100,100,0
4288,P60709,9azq_B,0,743,95,97,0,100,32,97,100,0
4289,P60709,8iah_A,0,786,100,100,0,100,17,100,100,0
4290,P60709,8iah_A,0,786,100,100,0,100,31,100,100,0
4291,P60709,8iah_A,0,786,100,100,0,100,14,100,100,0
4292,P60709,8iah_A,0,786,100,100,0,100,16,100,100,0
4293,P60709,8iah_A,0,786,100,100,0,100,89,100,100,0
4298,P60709,6fhl_C,0,745,94,97,0,100,17,100,100,0
4299,P60709,6fhl_C,0,745,94,97,0,100,38,97,100,0
430,P60709,9qfo_E,0,781,100,100,0,100,16,94,94,0
4300,P60709,6fhl_C,0,745,94,97,0,100,32,100,100,0
4301,P60709,6fhl_C,0,745,94,97,0,100,18,89,94,0
4306,P60709,9azq_A,0,743,95,97,0,100,18,100,100,0
4307,P60709,9azq_A,0,743,95,97,0,100,32,97,100,0
4312,P60709,9gob_B,0,745,94,97,0,100,34,97,100,0
4313,P60709,5yu8_A,0,745,94,97,0,100,25,100,100,0
4321,P60709,9azp_I,0,743,95,97,0,100,29,100,100,0
4322,P60709,9azp_I,0,743,95,97,0,100,12,92,100,0
4323,P60709,9azp_I,0,743,95,97,0,100,30,93,100,0
4324,P60709,8ib2_E,0,786,100,100,0,100,13,100,100,0
4327,P60709,8ib2_E,0,786,100,100,0,100,14,100,100,0
4329,P60709,9gob_E,0,745,94,97,0,100,6,100,100,0
433,P60709,9duu_C,0,745,94,97,0,100,20,90,95,0
4330,P60709,9gob_E,0,745,94,97,0,100,20,90,95,0
4331,P60709,5yu8_C,0,745,94,97,0,100,25,100,100,0
4332,P60709,5yu8_C,0,745,94,97,0,100,32,100,100,0
4336,P60709,5yu8_C,0,745,94,97,0,100,14,86,100,0
434,P60709,9duu_C,0,745,94,97,0,100,31,100,100,0
4344,P60709,9azp_F,0,743,95,97,0,100,47,100,100,0
4345,P60709,8ib2_D,0,786,100,100,0,100,8,100,100,0
4348,P60709,8ib2_D,0,786,100,100,0,100,15,100,100,0
4349,P60709,8ib2_D,0,786,100,100,0,100,32,100,100,0
4351,P60709,9gob_A,0,745,94,97,0,100,19,100,100,0
4352,P60709,5yu8_B,0,745,94,97,0,100,25,100,100,0
4354,P60709,5yu8_B,0,745,94,97,0,100,16,88,94,0
4355,P60709,5yu8_B,0,745,94,97,0,100,15,93,100,0
4364,P60709,9azp_E,0,743,95,97,0,100,17,100,100,0
4365,P60709,9azp_E,0,743,95,97,0,100,12,100,100,0
4366,P60709,9azp_E,0,743,95,97,0,100,13,92,100,0
4367,P60709,9azp_E,0,743,95,97,0,100,30,97,100,0
4369,P60709,8ib2_C,0,786,100,100,0,100,16,100,100,0
4370,P60709,8ib2_C,0,786,100,100,0,100,32,100,100,0
4371,P60709,9gob_C,0,745,94,97,0,100,20,100,100,0
4372,P60709,9gob_C,0,745,94,97,0,100,31,100,100,0
4373,P60709,9gob_C,0,745,94,97,0,100,33,97,100,0
4374,P60709,9gob_C,0,745,94,97,0,100,20,90,95,0
4375,P60709,9gob_C,0,745,94,97,0,100,19,100,100,0
4376,P60709,5yu8_E,0,745,94,97,0,100,33,100,100,0
4378,P60709,5yu8_E,0,745,94,97,0,100,14,86,100,0
438,P60709,8pvx_E,0,745,94,97,0,100,17,100,100,0
4387,P60709,9azp_D,0,743,95,97,0,100,17,100,100,0
4388,P60709,9azp_D,0,743,95,97,0,100,32,97,100,0
4389,P60709,9azp_D,0,743,95,97,0,92,11,91,100,0
4390,P60709,8ib2_B,0,786,100,100,0,100,14,100,100,0
4391,P60709,8ib2_B,0,786,100,100,0,100,33,100,100,0
4394,P60709,5yu8_D,0,745,94,97,0,100,33,100,100,0
4395,P60709,5yu8_D,0,745,94,97,0,100,16,88,94,0
4396,P60709,5yu8_D,0,745,94,97,0,100,14,86,100,0
4397,P60709,5yu8_D,0,745,94,97,0,100,15,93,100,0
4405,P60709,9azp_C,0,743,95,97,0,100,16,100,100,0
4406,P60709,9azp_C,0,743,95,97,0,100,31,97,100,0
441,P60709,6vec_I,0,745,94,97,0,100,16,100,100,0
4419,P60709,7p1g_E,0,745,94,97,0,100,50,98,100,0
442,P60709,6vec_I,0,745,94,97,0,100,24,100,100,0
4421,P60709,9azp_B,0,743,95,97,0,100,19,100,100,0
4422,P60709,9azp_B,0,743,95,97,0,100,33,97,100,0
4425,P60709,7ztc_G,0,786,100,100,0,100,19,100,100,0
4434,P60709,7p1g_D,0,745,94,97,0,100,50,98,100,0
4435,P60709,7p1g_D,0,745,94,97,0,100,21,90,95,0
4436,P60709,9azp_A,0,743,95,97,0,100,18,100,100,0
4437,P60709,9azp_A,0,743,95,97,0,100,32,97,100,0
444,P60709,9qfo_D,0,781,100,100,0,100,23,100,100,0
4440,P60709,7ztc_F,0,786,100,100,0,100,19,100,100,0
4441,P60709,7ztc_F,0,786,100,100,0,100,24,100,100,0
4444,P60709,12bz_G,0,745,94,97,0,100,11,100,100,0
4447,P60709,6c1g_D,0,745,94,97,0,100,20,100,100,0
4448,P60709,6c1g_D,0,745,94,97,0,95,19,100,100,0
445,P60709,9qfo_D,0,781,100,100,0,100,36,100,100,0
4451,P60709,8r3h_H,0,745,94,97,0,100,30,100,100,0
4452,P60709,8r3h_H,0,745,94,97,0,100,15,100,100,0
4455,P60709,7p1g_B,0,745,94,97,0,100,50,98,100,0
4456,P60709,7p1g_B,0,745,94,97,0,100,29,100,100,0
4459,P60709,9az4_F,0,743,95,97,0,100,13,92,100,0
4460,P60709,9az4_F,0,743,95,97,0,100,44,100,100,0
4463,P60709,7ztc_E,0,786,100,100,0,100,19,100,100,0
4464,P60709,7ztc_E,0,786,100,100,0,100,25,100,100,0
4467,P60709,12bz_F,0,745,94,97,0,100,12,100,100,0
4468,P60709,12bz_F,0,745,94,97,0,100,32,97,100,0
4469,P60709,12bz_F,0,745,94,97,0,100,36,100,100,0
4472,P60709,8r3h_G,0,745,94,97,0,100,30,100,100,0
4473,P60709,8r3h_G,0,745,94,97,0,100,17,88,94,0
4474,P60709,7p1g_A,0,745,94,97,0,100,4,100,100,0
4476,P60709,7p1g_A,0,745,94,97,0,100,50,98,100,0
4477,P60709,7p1g_A,0,745,94,97,0,100,21,90,95,0
448,P60709,9qfo_D,0,781,100,100,0,100,14,93,93,0
4480,P60709,9az4_E,0,743,95,97,0,100,15,100,100,0
4481,P60709,9az4_E,0,743,95,97,0,100,31,100,100,0
4482,P60709,9az4_E,0,743,95,97,0,100,10,90,100,0
4485,P60709,7ztc_D,0,786,100,100,0,100,19,100,100,0
4486,P60709,7ztc_D,0,786,100,100,0,100,25,100,100,0
4489,P60709,12bz_E,0,745,94,97,0,100,14,100,100,0
449,P60709,9qfo_D,0,781,100,100,0,100,12,100,100,0
4490,P60709,12bz_E,0,745,94,97,0,100,32,97,100,0
4491,P60709,12bz_E,0,745,94,97,0,100,45,100,100,0
4493,P60709,6c1g_C,0,745,94,97,0,100,32,100,100,0
4494,P60709,6c1g_C,0,745,94,97,0,100,20,100,100,0
4495,P60709,6c1g_C,0,745,94,97,0,100,34,97,100,0
4496,P60709,8r3h_F,0,745,94,97,0,100,16,100,100,0
4497,P60709,8r3h_F,0,745,94,97,0,100,17,88,94,0
4498,P60709,8r3h_F,0,745,94,97,0,100,32,94,100,0
4499,P60709,7p1g_C,0,745,94,97,0,100,50,98,100,0
4500,P60709,7p1g_C,0,745,94,97,0,100,34,97,100,0
4501,P60709,7p1g_C,0,745,94,97,0,100,20,100,100,0
4502,P60709,7p1g_C,0,745,94,97,0,100,21,90,95,0
4503,P60709,7p1g_C,0,745,94,97,0,100,4,100,100,0
4504,P60709,7p1g_C,0,745,94,97,0,100,31,100,100,0
4507,P60709,9az4_D,0,743,95,97,0,100,15,100,100,0
4508,P60709,9az4_D,0,743,95,97,0,100,32,97,100,0
4509,P60709,9az4_D,0,743,95,97,0,91,10,100,100,0
451,P60709,9duu_B,0,745,94,97,0,100,19,89,95,0
4512,P60709,7ztc_C,0,786,100,100,0,100,18,100,100,0
4513,P60709,7ztc_C,0,786,100,100,0,100,24,100,100,0
4516,P60709,12bz_D,0,745,94,97,0,100,14,100,100,0
4517,P60709,12bz_D,0,745,94,97,0,100,32,97,100,0
4518,P60709,12bz_D,0,745,94,97,0,100,25,100,100,0
4519,P60709,6c1g_B,0,745,94,97,0,100,20,100,100,0
452,P60709,9duu_B,0,745,94,97,0,100,30,100,100,0
4520,P60709,6c1g_B,0,745,94,97,0,100,16,88,94,0
4521,P60709,6c1g_B,0,745,94,97,0,100,34,97,100,0
4522,P60709,6c1g_B,0,745,94,97,0,100,43,98,100,0
4528,P60709,9az4_C,0,743,95,97,0,100,16,100,100,0
4529,P60709,9az4_C,0,743,95,97,0,100,30,97,100,0
4530,P60709,9az4_C,0,743,95,97,0,100,16,100,100,0
4532,P60709,7ztc_B,0,786,100,100,0,100,19,100,100,0
4533,P60709,7ztc_B,0,786,100,100,0,100,25,100,100,0
4536,P60709,12bz_C,0,745,94,97,0,100,14,100,100,0
4537,P60709,12bz_C,0,745,94,97,0,100,31,97,100,0
4538,P60709,12bz_C,0,745,94,97,0,100,33,97,100,0
4539,P60709,6c1d_B,0,745,94,97,0,100,42,93,98,0
454,P60709,8pvx_C,0,745,94,97,0,100,32,100,100,0
4545,P60709,8zb7_A,0,745,95,97,0,98,41,100,100,0
455,P60709,8pvx_C,0,745,94,97,0,100,35,97,100,0
4550,P60709,9az4_B,0,743,95,97,0,100,19,100,100,0
4551,P60709,9az4_B,0,743,95,97,0,100,32,97,100,0
4552,P60709,9az4_B,0,743,95,97,0,100,18,100,100,0
4553,P60709,7ztc_A,0,786,100,100,0,100,20,100,100,0
4554,P60709,7ztc_A,0,786,100,100,0,100,24,100,100,0
4556,P60709,12bz_B,0,745,94,97,0,100,15,100,100,0
4557,P60709,12bz_B,0,745,94,97,0,100,31,97,100,0
456,P60709,8pvx_C,0,745,94,97,0,100,21,90,95,0
4561,P60709,6c1d_C,0,745,94,97,0,100,16,88,94,0
4562,P60709,8zb7_F,0,745,95,97,0,98,42,100,100,0
4567,P60709,8zb7_F,0,745,95,97,0,100,12,100,100,0
4568,P60709,8zb7_F,0,745,95,97,0,100,7,100,100,0
457,P60709,8pvx_C,0,745,94,97,0,100,18,100,100,0
4572,P60709,9az4_A,0,743,95,97,0,100,18,100,100,0
4573,P60709,9az4_A,0,743,95,97,0,100,33,97,100,0
4578,P60709,12bz_A,0,745,94,97,0,100,16,100,100,0
4579,P60709,12bz_A,0,745,94,97,0,100,32,97,100,0
4580,P60709,6c1d_A,0,745,94,97,0,100,33,97,100,0
4581,P60709,6c1d_A,0,745,94,97,0,100,18,100,100,0
4584,P60709,8zb7_E,0,745,95,97,0,100,15,100,100,0
4585,P60709,8zb7_E,0,745,95,97,0,98,41,100,100,0
4586,P60709,8zb7_E,0,745,95,97,0,100,6,100,100,0
4587,P60709,8zb7_E,0,745,95,97,0,100,31,100,100,0
4588,P60709,8zb7_E,0,745,95,97,0,100,11,100,100,0
4596,P60709,6c1d_D,0,745,94,97,0,95,18,100,100,0
4598,P60709,6c1d_D,0,745,94,97,0,100,17,88,94,0
4599,P60709,6c1d_D,0,745,94,97,0,100,31,100,100,0
460,P60709,6vec_H,0,745,94,97,0,100,18,89,94,0
4601,P60709,8zb7_D,0,745,95,97,0,100,31,100,100,0
4602,P60709,8zb7_D,0,745,95,97,0,100,17,88,94,0
4603,P60709,8zb7_D,0,745,95,97,0,98,40,100,100,0
4604,P60709,8zb7_D,0,745,95,97,0,100,7,100,100,0
4605,P60709,8zb7_D,0,745,95,97,0,100,15,100,100,0
461,P60709,6vec_H,0,745,94,97,0,100,17,100,100,0
4614,P60709,12bx_G,0,745,94,97,0,100,13,100,100,0
4615,P60709,6c1d_E,0,745,94,97,0,100,17,88,94,0
4616,P60709,6c1d_E,0,745,94,97,0,100,31,100,100,0
4617,P60709,8zb7_C,0,745,95,97,0,100,18,100,100,0
4618,P60709,8zb7_C,0,745,95,97,0,100,33,97,100,0
4619,P60709,8zb7_C,0,745,95,97,0,100,9,100,100,0
462,P60709,6vec_H,0,745,94,97,0,100,24,100,100,0
4620,P60709,8zb7_C,0,745,95,97,0,98,41,100,100,0
4621,P60709,8zb7_C,0,745,95,97,0,100,17,88,94,0
4628,P60709,7pdz_N,0,786,100,100,0,100,19,100,100,0
4631,P60709,12bx_F,0,745,94,97,0,100,13,100,100,0
4632,P60709,12bx_F,0,745,94,97,0,100,31,97,100,0
4636,P60709,8zb7_B,0,745,95,97,0,100,7,100,100,0
4637,P60709,8zb7_B,0,745,95,97,0,100,16,88,94,0
4638,P60709,8zb7_B,0,745,95,97,0,100,30,100,100,0
4639,P60709,8zb7_B,0,745,95,97,0,100,9,100,100,0
464,P60709,9qfo_C,0,781,100,100,0,100,24,100,100,0
4640,P60709,8zb7_B,0,745,95,97,0,98,41,100,100,0
4646,P60709,7pdz_L,0,786,100,100,0,100,18,100,100,0
4647,P60709,7pdz_L,0,786,100,100,0,100,30,100,100,0
465,P60709,9qfo_C,0,781,100,100,0,100,35,100,100,0
4650,P60709,12bx_E,0,745,94,97,0,100,12,100,100,0
4651,P60709,12bx_E,0,745,94,97,0,100,31,97,100,0
4652,P60709,12bx_E,0,745,94,97,0,100,40,100,100,0
4655,P60709,5jlf_D,0,745,94,97,0,100,33,94,100,0
4665,P60709,7pdz_K,0,786,100,100,0,100,20,100,100,0
4666,P60709,7pdz_K,0,786,100,100,0,100,28,100,100,0
4669,P60709,12bx_D,0,745,94,97,0,100,13,100,100,0
4670,P60709,12bx_D,0,745,94,97,0,100,31,97,100,0
4672,P60709,5jlf_C,0,745,94,97,0,100,17,88,94,0
468,P60709,9qfo_C,0,781,100,100,0,100,14,93,93,0
4681,P60709,8d16_F,0,743,95,97,0,100,16,100,100,0
4682,P60709,7pdz_J,0,786,100,100,0,100,6,100,100,0
4683,P60709,7pdz_J,0,786,100,100,0,100,28,100,100,0
4685,P60709,7pdz_J,0,786,100,100,0,100,18,100,100,0
4686,P60709,7pdz_J,0,786,100,100,0,100,30,100,100,0
4689,P60709,12bx_C,0,745,94,97,0,100,13,100,100,0
469,P60709,9qfo_C,0,781,100,100,0,100,11,100,100,0
4690,P60709,12bx_C,0,745,94,97,0,100,31,97,100,0
4691,P60709,12bx_C,0,745,94,97,0,100,19,95,100,0
4693,P60709,5jlf_B,0,745,94,97,0,100,17,100,100,0
470,P60709,9duu_A,0,745,94,97,0,100,19,89,95,0
4701,P60709,8d16_E,0,743,95,97,0,100,16,100,100,0
4702,P60709,8d16_E,0,743,95,97,0,100,32,97,100,0
4703,P60709,7pdz_I,0,786,100,100,0,100,35,100,100,0
4704,P60709,7pdz_I,0,786,100,100,0,100,11,100,100,0
4705,P60709,7pdz_I,0,786,100,100,0,100,19,100,100,0
4706,P60709,7pdz_I,0,786,100,100,0,100,32,100,100,0
4708,P60709,12bx_B,0,745,94,97,0,100,14,100,100,0
4709,P60709,12bx_B,0,745,94,97,0,100,32,97,100,0
471,P60709,9duu_A,0,745,94,97,0,100,33,100,100,0
4710,P60709,5jlf_A,0,745,94,97,0,100,34,100,100,0
4711,P60709,5jlf_A,0,745,94,97,0,100,33,94,100,0
4712,P60709,5jlf_A,0,745,94,97,0,100,17,88,94,0
4713,P60709,5jlf_A,0,745,94,97,0,100,17,100,100,0
4720,P60709,8d16_D,0,743,95,97,0,100,17,100,100,0
4721,P60709,8d16_D,0,743,95,97,0,100,32,97,100,0
4727,P60709,12bx_A,0,745,94,97,0,100,15,100,100,0
4728,P60709,12bx_A,0,745,94,97,0,100,31,97,100,0
4736,P60709,8d16_C,0,743,95,97,0,100,16,100,100,0
4737,P60709,8d16_C,0,743,95,97,0,100,31,97,100,0
4744,P60709,9zzm_O,0,745,94,97,0,100,20,90,95,0
4745,P60709,9zzm_O,0,745,94,97,0,100,16,94,100,0
4753,P60709,8d16_B,0,743,95,97,0,100,15,100,100,0
4754,P60709,8d16_B,0,743,95,97,0,100,33,97,100,0
4764,P60709,8d16_A,0,743,95,97,0,100,14,100,100,0
4765,P60709,8d16_A,0,743,95,97,0,100,33,97,100,0
4769,P60709,9zzm_D,0,745,94,97,0,100,18,100,100,0
4782,P60709,9zzm_C,0,745,94,97,0,100,18,100,100,0
4783,P60709,9zzm_C,0,745,94,97,0,100,35,94,100,0
4784,P60709,9zzm_C,0,745,94,97,0,100,8,100,100,0
4795,P60709,7r8v_D,0,743,95,97,0,100,31,100,100,0
4799,P60709,9zzm_B,0,745,94,97,0,100,15,100,100,0
480,P60709,6vec_G,0,745,94,97,0,100,16,100,100,0
4800,P60709,9zzm_B,0,745,94,97,0,100,34,94,100,0
4801,P60709,9zzm_B,0,745,94,97,0,100,11,100,100,0
4802,P60709,9zzm_B,0,745,94,97,0,100,44,95,100,0
4803,P60709,9zzm_B,0,745,94,97,0,100,20,100,100,0
4808,P60709,7ahn_D,0,745,94,97,0,100,31,97,100,0
481,P60709,6vec_G,0,745,94,97,0,100,33,97,100,0
4810,P60709,7r8v_C,0,743,95,97,0,100,16,100,100,0
4812,P60709,9zzm_A,0,745,94,97,0,100,12,100,100,0
4813,P60709,9zzm_A,0,745,94,97,0,100,33,97,100,0
4814,P60709,9zzm_A,0,745,94,97,0,100,37,97,100,0
4815,P60709,9zzm_A,0,745,94,97,0,100,21,90,95,0
482,P60709,6vec_G,0,745,94,97,0,100,25,100,100,0
4821,P60709,7ahn_E,0,745,94,97,0,100,16,100,100,0
4823,P60709,7r8v_A,0,743,95,97,0,100,17,88,94,0
483,P60709,6vec_G,0,745,94,97,0,100,16,100,100,0
4832,P60709,7ahn_A,0,745,94,97,0,100,16,88,94,0
4833,P60709,7r8v_B,0,743,95,97,0,100,32,97,100,0
4834,P60709,7r8v_B,0,743,95,97,0,100,31,100,100,0
4835,P60709,7r8v_B,0,743,95,97,0,100,17,100,100,0
4836,P60709,7r8v_B,0,743,95,97,0,100,17,88,94,0
4842,P60709,9zzj_D,0,745,94,97,0,100,18,100,100,0
4846,P60709,7ahn_C,0,745,94,97,0,100,28,96,100,0
4847,P60709,7ahn_C,0,745,94,97,0,100,27,100,100,0
4848,P60709,7ahn_C,0,745,94,97,0,100,16,88,94,0
4849,P60709,7ahn_C,0,745,94,97,0,100,16,100,100,0
485,P60709,9qfo_B,0,781,100,100,0,100,33,100,100,0
4856,P60709,9zzj_C,0,745,94,97,0,100,17,100,100,0
4857,P60709,9zzj_C,0,745,94,97,0,100,32,97,100,0
4858,P60709,9zzj_C,0,745,94,97,0,100,9,100,100,0
487,P60709,9qfo_B,0,781,100,100,0,100,16,94,94,0
4870,P60709,9zzj_B,0,745,94,97,0,100,14,100,100,0
4871,P60709,9zzj_B,0,745,94,97,0,100,33,97,100,0
4872,P60709,9zzj_B,0,745,94,97,0,100,42,95,100,0
488,P60709,9qfo_B,0,781,100,100,0,100,11,100,100,0
4880,P60709,7ahq_D,0,745,94,97,0,100,20,90,95,0
4886,P60709,9zzj_A,0,745,94,97,0,100,13,100,100,0
4887,P60709,9zzj_A,0,745,94,97,0,100,32,94,100,0
4888,P60709,9zzj_A,0,745,94,97,0,100,21,90,95,0
4895,P60709,7ahq_C,0,745,94,97,0,100,21,90,95,0
4896,P60709,7ahq_C,0,745,94,97,0,100,30,100,100,0
491,P60709,8vkh_F,0,745,94,97,0,100,69,100,100,0
4910,P60709,7ahq_B,0,745,94,97,0,100,21,90,95,0
4911,P60709,7ahq_B,0,745,94,97,0,100,30,100,100,0
4918,P60709,9zzi_D,0,745,94,97,0,100,15,100,100,0
4922,P60709,7ahq_A,0,745,94,97,0,100,21,90,95,0
4923,P60709,7ahq_A,0,745,94,97,0,100,30,100,100,0
4928,P60709,9zzi_C,0,745,94,97,0,100,15,100,100,0
4929,P60709,9zzi_C,0,745,94,97,0,100,32,97,100,0
4936,P60709,9p3d_a,0,742,94,97,0,100,20,95,95,0
4937,P60709,9p3d_a,0,742,94,97,0,100,45,96,100,0
4943,P60709,9zzi_B,0,745,94,97,0,100,15,100,100,0
4944,P60709,9zzi_B,0,745,94,97,0,100,32,97,100,0
4951,P60709,7bt7_D,0,745,94,97,0,100,17,88,94,0
4954,P60709,9p3d_Z,0,742,94,97,0,100,18,100,100,0
4955,P60709,9p3d_Z,0,742,94,97,0,100,20,95,95,0
4956,P60709,9p3d_Z,0,742,94,97,0,100,44,93,98,0
4957,P60709,9p3d_Z,0,742,94,97,0,100,27,85,96,0
496,P60709,6vec_F,0,745,94,97,0,100,18,89,94,0
4962,P60709,9zzi_A,0,745,94,97,0,100,15,100,100,0
4963,P60709,9zzi_A,0,745,94,97,0,100,32,97,100,0
497,P60709,6vec_F,0,745,94,97,0,100,31,100,100,0
4970,P60709,7bt7_C,0,745,94,97,0,100,18,89,94,0
4971,P60709,7bt7_C,0,745,94,97,0,100,32,100,100,0
4974,P60709,9p3d_Y,0,742,94,97,0,100,18,100,100,0
4975,P60709,9p3d_Y,0,742,94,97,0,100,33,94,100,0
4976,P60709,9p3d_Y,0,742,94,97,0,100,18,94,94,0
4977,P60709,9p3d_Y,0,742,94,97,0,100,45,93,98,0
4978,P60709,9p3d_Y,0,742,94,97,0,100,28,86,96,0
498,P60709,6vec_F,0,745,94,97,0,100,17,100,100,0
4989,P60709,7bt7_B,0,745,94,97,0,100,17,88,94,0
499,P60709,6vec_F,0,745,94,97,0,100,25,100,100,0
4990,P60709,7bt7_B,0,745,94,97,0,100,33,100,100,0
4993,P60709,9p3d_X,0,742,94,97,0,100,18,100,100,0
4994,P60709,9p3d_X,0,742,94,97,0,100,34,94,100,0
4995,P60709,9p3d_X,0,742,94,97,0,100,20,95,95,0
4996,P60709,9p3d_X,0,742,94,97,0,100,42,93,98,0
4997,P60709,9p3d_X,0,742,94,97,0,100,28,86,96,0
5009,P60709,7bt7_A,0,745,94,97,0,100,18,89,94,0
5010,P60709,7bt7_A,0,745,94,97,0,100,33,100,100,0
5013,P60709,9p3d_W,0,742,94,97,0,100,19,95,100,0
5014,P60709,9p3d_W,0,742,94,97,0,100,31,97,100,0
5015,P60709,9p3d_W,0,742,94,97,0,100,18,94,94,0
5016,P60709,9p3d_W,0,742,94,97,0,100,40,95,100,0
5017,P60709,9p3d_W,0,742,94,97,0,100,27,85,96,0
503,P60709,8zbn_M,0,742,95,97,0,100,10,100,100,0
5031,P60709,9p3d_V,0,742,94,97,0,100,18,100,100,0
5032,P60709,9p3d_V,0,742,94,97,0,100,34,94,100,0
5033,P60709,9p3d_V,0,742,94,97,0,100,19,95,95,0
5034,P60709,9p3d_V,0,742,94,97,0,100,44,93,98,0
5035,P60709,9p3d_V,0,742,94,97,0,100,27,85,96,0
504,P60709,8zbn_M,0,742,95,97,0,100,34,100,100,0
505,P60709,8zbn_M,0,742,95,97,0,100,7,100,100,0
506,P60709,9qfo_A,0,781,100,100,0,100,36,100,100,0
507,P60709,9qfo_A,0,781,100,100,0,100,15,93,93,0
508,P60709,9qfo_A,0,781,100,100,0,100,10,100,100,0
51,P60709,7bti_B,0,745,94,97,0,100,19,89,95,0
511,P60709,8vkh_E,0,745,94,97,0,100,17,94,100,0
512,P60709,8vkh_E,0,745,94,97,0,100,72,100,100,0
515,P60709,8uxx_R,0,745,94,97,0,100,19,100,100,0
52,P60709,7bti_B,0,745,94,97,0,100,31,100,100,0
520,P60709,6vec_E,0,745,94,97,0,100,15,100,100,0
521,P60709,6vec_E,0,745,94,97,0,100,35,94,100,0
522,P60709,6vec_E,0,745,94,97,0,100,24,100,100,0
523,P60709,6vec_E,0,745,94,97,0,100,16,100,100,0
525,P60709,8zbn_K,0,742,95,97,0,100,17,88,94,0
526,P60709,8zbn_K,0,742,95,97,0,100,8,100,100,0
527,P60709,8zbn_K,0,742,95,97,0,100,6,100,100,0
528,P60709,8zbn_K,0,742,95,97,0,100,34,100,100,0
531,P60709,9qfk_G,0,781,100,100,0,100,13,100,100,0
532,P60709,9qfk_G,0,781,100,100,0,100,30,100,100,0
535,P60709,8vkh_D,0,745,94,97,0,100,19,95,100,0
536,P60709,8vkh_D,0,745,94,97,0,100,32,97,100,0
537,P60709,8vkh_D,0,745,94,97,0,97,37,97,100,0
540,P60709,8uxx_Q,0,745,94,97,0,100,5,100,100,0
541,P60709,8uxx_Q,0,745,94,97,0,100,18,94,100,0
542,P60709,8uxx_Q,0,745,94,97,0,100,24,100,100,0
545,P60709,8uxx_Q,0,745,94,97,0,100,17,100,100,0
548,P60709,6vec_D,0,745,94,97,0,100,18,89,94,0
549,P60709,6vec_D,0,745,94,97,0,100,31,100,100,0
55,P60709,9p3d_S,0,742,94,97,0,100,18,100,100,0
550,P60709,6vec_D,0,745,94,97,0,100,15,100,100,0
551,P60709,6vec_D,0,745,94,97,0,100,25,100,100,0
554,P60709,8zbn_D,0,742,95,97,0,100,14,100,100,0
555,P60709,8zbn_D,0,742,95,97,0,100,34,100,100,0
558,P60709,9qfk_F,0,781,100,100,0,100,17,100,100,0
559,P60709,9qfk_F,0,781,100,100,0,100,13,100,100,0
56,P60709,9p3d_S,0,742,94,97,0,100,32,97,100,0
560,P60709,9qfk_F,0,781,100,100,0,100,27,100,100,0
561,P60709,9qfk_F,0,781,100,100,0,100,11,100,100,0
564,P60709,8vkh_C,0,745,94,97,0,100,21,95,100,0
565,P60709,8vkh_C,0,745,94,97,0,100,31,97,100,0
566,P60709,8vkh_C,0,745,94,97,0,100,37,100,100,0
569,P60709,3j8a_A,0,745,94,97,0,100,34,97,100,0
57,P60709,9p3d_S,0,742,94,97,0,100,18,94,94,0
570,P60709,3j8a_A,0,745,94,97,0,100,32,100,100,0
571,P60709,8uxx_P,0,745,94,97,0,100,8,100,100,0
574,P60709,8uxx_P,0,745,94,97,0,100,19,95,100,0
575,P60709,8uxx_P,0,745,94,97,0,100,33,97,100,0
578,P60709,6vec_C,0,745,94,97,0,100,16,100,100,0
579,P60709,6vec_C,0,745,94,97,0,100,33,97,100,0
58,P60709,9p3d_S,0,742,94,97,0,100,44,93,98,0
580,P60709,6vec_C,0,745,94,97,0,100,25,100,100,0
581,P60709,6vec_C,0,745,94,97,0,100,17,100,100,0
584,P60709,8zbn_J,0,742,95,97,0,100,18,89,94,0
585,P60709,8zbn_J,0,742,95,97,0,100,16,94,94,0
586,P60709,8zbn_J,0,742,95,97,0,100,35,100,100,0
589,P60709,9qfk_E,0,781,100,100,0,100,17,100,100,0
59,P60709,9p3d_S,0,742,94,97,0,100,27,85,96,0
590,P60709,9qfk_E,0,781,100,100,0,100,32,100,100,0
591,P60709,9qfk_E,0,781,100,100,0,100,14,100,100,0
592,P60709,9qfk_E,0,781,100,100,0,100,27,100,100,0
593,P60709,9qfk_E,0,781,100,100,0,100,10,100,100,0
594,P60709,9qfk_E,0,781,100,100,0,100,21,100,100,0
596,P60709,8vkh_B,0,745,94,97,0,100,17,100,100,0
597,P60709,8vkh_B,0,745,94,97,0,100,31,97,100,0
599,P60709,3j8a_D,0,745,94,97,0,100,18,100,100,0
600,P60709,3j8a_D,0,745,94,97,0,100,18,89,94,0
601,P60709,8uxx_O,0,745,94,97,0,100,14,93,100,0
602,P60709,8uxx_O,0,745,94,97,0,100,20,100,100,0
603,P60709,8uxx_O,0,745,94,97,0,100,14,93,93,0
604,P60709,8uxx_O,0,745,94,97,0,100,10,100,100,0
607,P60709,8uxx_O,0,745,94,97,0,100,19,95,100,0
608,P60709,8uxx_O,0,745,94,97,0,100,32,94,100,0
610,P60709,6vec_B,0,745,94,97,0,100,33,97,100,0
611,P60709,6vec_B,0,745,94,97,0,100,18,89,94,0
612,P60709,6vec_B,0,745,94,97,0,100,31,100,100,0
613,P60709,6vec_B,0,745,94,97,0,100,24,100,100,0
614,P60709,6vec_B,0,745,94,97,0,100,16,100,100,0
616,P60709,8zbn_I,0,742,95,97,0,100,16,88,94,0
617,P60709,8zbn_I,0,742,95,97,0,100,31,100,100,0
618,P60709,8zbn_I,0,742,95,97,0,100,31,97,100,0
619,P60709,8zbn_I,0,742,95,97,0,100,10,100,100,0
620,P60709,8zbn_I,0,742,95,97,0,100,34,100,100,0
621,P60709,8zbn_I,0,742,95,97,0,100,7,100,100,0
624,P60709,9qfk_D,0,781,100,100,0,100,14,100,100,0
625,P60709,9qfk_D,0,781,100,100,0,100,33,100,100,0
626,P60709,9qfk_D,0,781,100,100,0,100,30,100,100,0
627,P60709,9qfk_D,0,781,100,100,0,100,12,100,100,0
628,P60709,9qfk_D,0,781,100,100,0,100,21,100,100,0
629,P60709,8vkh_A,0,745,94,97,0,100,20,95,100,0
630,P60709,8vkh_A,0,745,94,97,0,100,33,94,100,0
631,P60709,3j8a_E,0,745,94,97,0,100,32,100,100,0
632,P60709,3j8a_E,0,745,94,97,0,100,19,89,95,0
633,P60709,3j8a_E,0,745,94,97,0,100,18,100,100,0
635,P60709,8uxx_N,0,745,94,97,0,100,20,95,100,0
636,P60709,8uxx_N,0,745,94,97,0,100,34,97,100,0
637,P60709,6vec_A,0,745,94,97,0,100,18,89,94,0
638,P60709,6vec_A,0,745,94,97,0,100,15,100,100,0
639,P60709,6vec_A,0,745,94,97,0,100,31,100,100,0
640,P60709,6vec_A,0,745,94,97,0,100,32,97,100,0
641,P60709,6vec_A,0,745,94,97,0,100,24,100,100,0
642,P60709,6vec_A,0,745,94,97,0,100,17,100,100,0
643,P60709,8zbn_B,0,742,95,97,0,100,19,89,95,0
644,P60709,8zbn_B,0,742,95,97,0,100,31,100,100,0
645,P60709,8zbn_B,0,742,95,97,0,100,31,97,100,0
646,P60709,8zbn_B,0,742,95,97,0,100,16,100,100,0
647,P60709,8zbn_B,0,742,95,97,0,100,12,100,100,0
648,P60709,8zbn_B,0,742,95,97,0,100,35,100,100,0
649,P60709,8zbn_B,0,742,95,97,0,100,7,100,100,0
652,P60709,9qfk_C,0,781,100,100,0,100,13,100,100,0
653,P60709,9qfk_C,0,781,100,100,0,100,34,100,100,0
654,P60709,9qfk_C,0,781,100,100,0,100,12,100,100,0
655,P60709,9qfk_C,0,781,100,100,0,100,26,100,100,0
656,P60709,9qfk_C,0,781,100,100,0,100,10,100,100,0
657,P60709,9qfk_C,0,781,100,100,0,100,20,100,100,0
660,P60709,8viz_F,0,745,94,97,0,100,80,100,100,0
661,P60709,8uxx_M,0,745,94,97,0,100,5,100,100,0
662,P60709,8uxx_M,0,745,94,97,0,100,16,100,100,0
663,P60709,8uxx_M,0,745,94,97,0,100,33,97,100,0
669,P60709,9qfk_B,0,781,100,100,0,100,16,100,100,0
670,P60709,9qfk_B,0,781,100,100,0,100,34,100,100,0
671,P60709,9qfk_B,0,781,100,100,0,100,13,100,100,0
672,P60709,9qfk_B,0,781,100,100,0,100,30,100,100,0
673,P60709,9qfk_B,0,781,100,100,0,100,23,100,100,0
676,P60709,8viz_E,0,745,94,97,0,100,18,94,100,0
677,P60709,8viz_E,0,745,94,97,0,100,51,98,98,0
679,P60709,8uxx_I,0,745,94,97,0,100,30,100,100,0
68,P60709,7bti_A,0,745,94,97,0,100,18,89,94,0
684,P60709,7ad9_H,0,745,94,97,0,100,32,100,100,0
687,P60709,8v30_D,0,740,93,97,0,100,14,100,100,0
688,P60709,9qfk_A,0,781,100,100,0,100,13,100,100,0
689,P60709,9qfk_A,0,781,100,100,0,100,33,100,100,0
69,P60709,7bti_A,0,745,94,97,0,100,32,100,100,0
690,P60709,9qfk_A,0,781,100,100,0,100,27,100,100,0
691,P60709,9qfk_A,0,781,100,100,0,100,10,100,100,0
692,P60709,9qfk_A,0,781,100,100,0,100,31,100,100,0
695,P60709,8viz_D,0,745,94,97,0,100,15,100,100,0
696,P60709,8viz_D,0,745,94,97,0,100,33,97,100,0
697,P60709,8viz_D,0,745,94,97,0,97,37,97,100,0
698,P60709,8uxx_H,0,745,94,97,0,100,35,100,100,0
699,P60709,8uxx_H,0,745,94,97,0,100,18,89,94,0
700,P60709,8uxx_H,0,745,94,97,0,100,21,95,100,0
703,P60709,7ad9_D,0,745,94,97,0,100,18,89,94,0
706,P60709,8v30_C,0,740,93,97,0,100,15,100,100,0
707,P60709,8v30_C,0,740,93,97,0,100,31,97,100,0
708,P60709,9qfj_E,0,781,100,100,0,100,22,100,100,0
71,P60709,9p3d_R,0,742,94,97,0,100,18,100,100,0
713,P60709,8viz_C,0,745,94,97,0,100,17,100,100,0
714,P60709,8viz_C,0,745,94,97,0,100,33,94,100,0
716,P60709,8uxw_R,0,745,94,97,0,100,20,100,100,0
719,P60709,7ad9_F,0,745,94,97,0,100,32,97,100,0
72,P60709,9p3d_R,0,742,94,97,0,100,32,97,100,0
720,P60709,7ad9_F,0,745,94,97,0,100,19,95,100,0
721,P60709,7ad9_F,0,745,94,97,0,100,18,89,94,0
723,P60709,8v30_B,0,740,93,97,0,100,15,100,100,0
724,P60709,8v30_B,0,740,93,97,0,100,31,97,100,0
725,P60709,9qfj_D,0,781,100,100,0,100,22,100,100,0
726,P60709,9qfj_D,0,781,100,100,0,100,35,100,100,0
729,P60709,9qfj_D,0,781,100,100,0,100,14,93,93,0
73,P60709,9p3d_R,0,742,94,97,0,100,17,94,94,0
731,P60709,8viz_B,0,745,94,97,0,100,17,94,100,0
732,P60709,8viz_B,0,745,94,97,0,100,32,97,100,0
733,P60709,8uxw_Q,0,745,94,97,0,100,5,100,100,0
734,P60709,8uxw_Q,0,745,94,97,0,100,17,94,100,0
735,P60709,8uxw_Q,0,745,94,97,0,100,24,100,100,0
738,P60709,8uxw_Q,0,745,94,97,0,100,18,100,100,0
739,P60709,7ad9_B,0,745,94,97,0,100,19,89,95,0
74,P60709,9p3d_R,0,742,94,97,0,100,42,93,98,0
740,P60709,7ad9_B,0,745,94,97,0,100,32,100,100,0
741,P60709,8v30_A,0,740,93,97,0,100,14,100,100,0
742,P60709,8v30_A,0,740,93,97,0,100,31,97,100,0
743,P60709,9qfj_C,0,781,100,100,0,100,22,100,100,0
744,P60709,9qfj_C,0,781,100,100,0,100,35,100,100,0
747,P60709,9qfj_C,0,781,100,100,0,100,14,93,93,0
748,P60709,9qfj_C,0,781,100,100,0,100,11,100,100,0
749,P60709,8viz_A,0,745,94,97,0,100,18,100,100,0
75,P60709,9p3d_R,0,742,94,97,0,100,28,86,96,0
750,P60709,8viz_A,0,745,94,97,0,100,33,94,100,0
751,P60709,8uxw_P,0,745,94,97,0,100,8,100,100,0
754,P60709,8uxw_P,0,745,94,97,0,100,19,95,100,0
755,P60709,8uxw_P,0,745,94,97,0,100,33,97,100,0
758,P60709,9qfj_B,0,781,100,100,0,100,22,100,100,0
759,P60709,9qfj_B,0,781,100,100,0,100,36,100,100,0
761,P60709,9qfj_B,0,781,100,100,0,100,14,93,93,0
762,P60709,9qfj_B,0,781,100,100,0,100,11,100,100,0
766,P60709,8uxw_O,0,745,94,97,0,100,13,92,100,0
767,P60709,8uxw_O,0,745,94,97,0,100,19,100,100,0
768,P60709,8uxw_O,0,745,94,97,0,100,14,93,93,0
769,P60709,8uxw_O,0,745,94,97,0,100,9,100,100,0
772,P60709,8uxw_O,0,745,94,97,0,100,19,95,100,0
773,P60709,8uxw_O,0,745,94,97,0,100,33,94,100,0
779,P60709,8v2z_D,0,740,93,97,0,100,15,100,100,0
780,P60709,9qfj_A,0,781,100,100,0,100,35,100,100,0
781,P60709,9qfj_A,0,781,100,100,0,100,14,93,93,0
782,P60709,9qfj_A,0,781,100,100,0,100,11,100,100,0
788,P60709,8uxw_N,0,745,94,97,0,100,20,95,100,0
789,P60709,8uxw_N,0,745,94,97,0,100,34,97,100,0
792,P60709,6u96_C,0,745,94,97,0,100,28,100,100,0
795,P60709,8v2z_C,0,740,93,97,0,100,15,100,100,0
796,P60709,8v2z_C,0,740,93,97,0,100,33,97,100,0
797,P60709,9qfg_G,0,781,100,100,0,100,15,100,100,0
798,P60709,9qfg_G,0,781,100,100,0,100,29,100,100,0
804,P60709,8uxw_M,0,745,94,97,0,100,6,100,100,0
805,P60709,8uxw_M,0,745,94,97,0,100,17,100,100,0
806,P60709,8uxw_M,0,745,94,97,0,100,34,97,100,0
809,P60709,6u96_A,0,745,94,97,0,100,8,100,100,0
810,P60709,6u96_A,0,745,94,97,0,100,14,86,93,0
812,P60709,8v2z_B,0,740,93,97,0,100,16,100,100,0
813,P60709,8v2z_B,0,740,93,97,0,100,33,94,100,0
814,P60709,9qfg_F,0,781,100,100,0,100,28,100,100,0
815,P60709,9qfg_F,0,781,100,100,0,100,15,100,100,0
816,P60709,9qfg_F,0,781,100,100,0,100,12,100,100,0
819,P60709,9qfg_F,0,781,100,100,0,100,17,100,100,0
823,P60709,8uxw_I,0,745,94,97,0,100,29,100,100,0
825,P60709,6u96_D,0,745,94,97,0,100,32,97,100,0
826,P60709,6u96_D,0,745,94,97,0,100,10,100,100,0
827,P60709,8v2z_A,0,740,93,97,0,100,15,100,100,0
828,P60709,8v2z_A,0,740,93,97,0,100,31,97,100,0
829,P60709,9qfg_E,0,781,100,100,0,100,15,100,100,0
830,P60709,9qfg_E,0,781,100,100,0,100,13,100,100,0
831,P60709,9qfg_E,0,781,100,100,0,100,30,100,100,0
832,P60709,9qfg_E,0,781,100,100,0,100,22,100,100,0
835,P60709,9qfg_E,0,781,100,100,0,100,16,100,100,0
836,P60709,9qfg_E,0,781,100,100,0,100,33,100,100,0
842,P60709,8uxw_H,0,745,94,97,0,100,35,100,100,0
843,P60709,8uxw_H,0,745,94,97,0,100,19,89,95,0
844,P60709,8uxw_H,0,745,94,97,0,100,20,100,100,0
845,P60709,6u96_E,0,745,94,97,0,100,28,100,100,0
846,P60709,6u96_E,0,745,94,97,0,100,14,86,93,0
848,P60709,9qfg_D,0,781,100,100,0,100,27,100,100,0
849,P60709,9qfg_D,0,781,100,100,0,100,22,100,100,0
850,P60709,9qfg_D,0,781,100,100,0,100,12,100,100,0
853,P60709,9qfg_D,0,781,100,100,0,100,16,100,100,0
854,P60709,9qfg_D,0,781,100,100,0,100,33,100,100,0
86,P60709,6m5g_E,0,745,94,97,0,100,12,100,100,0
862,P60709,8c4e_H,0,745,94,97,0,100,8,100,100,0
865,P60709,9qfg_C,0,781,100,100,0,100,26,100,100,0
866,P60709,9qfg_C,0,781,100,100,0,100,14,100,100,0
867,P60709,9qfg_C,0,781,100,100,0,100,11,100,100,0
868,P60709,9qfg_C,0,781,100,100,0,100,24,100,100,0
87,P60709,9p3d_Q,0,742,94,97,0,100,17,100,100,0
871,P60709,9qfg_C,0,781,100,100,0,100,16,100,100,0
872,P60709,9qfg_C,0,781,100,100,0,100,35,100,100,0
879,P60709,8c4e_G,0,745,94,97,0,100,17,100,100,0
88,P60709,9p3d_Q,0,742,94,97,0,100,34,94,100,0
880,P60709,8c4e_G,0,745,94,97,0,100,8,100,100,0
881,P60709,8c4e_G,0,745,94,97,0,100,28,100,100,0
886,P60709,9qfg_B,0,781,100,100,0,100,25,100,100,0
887,P60709,9qfg_B,0,781,100,100,0,100,22,100,100,0
889,P60709,9qfg_B,0,781,100,100,0,100,17,100,100,0
89,P60709,9p3d_Q,0,742,94,97,0,100,41,95,100,0
890,P60709,9qfg_B,0,781,100,100,0,100,32,100,100,0
896,P60709,8c4e_F,0,745,94,97,0,100,17,100,100,0
897,P60709,8c4e_F,0,745,94,97,0,100,31,97,100,0
898,P60709,8c4e_F,0,745,94,97,0,100,31,100,100,0
899,P60709,8c4e_F,0,745,94,97,0,100,46,93,96,0
90,P60709,9p3d_Q,0,742,94,97,0,100,25,84,96,0
905,P60709,9qfg_A,0,781,100,100,0,100,23,100,100,0
906,P60709,9qfg_A,0,781,100,100,0,100,35,100,100,0
907,P60709,9qfg_A,0,781,100,100,0,100,10,100,100,0
908,P60709,9qfg_A,0,781,100,100,0,100,18,100,100,0
909,P60709,9qfg_A,0,781,100,100,0,100,18,100,100,0
914,P60709,8c4e_E,0,745,94,97,0,100,15,100,100,0
915,P60709,8c4e_E,0,745,94,97,0,100,32,97,100,0
916,P60709,8c4e_E,0,745,94,97,0,100,45,96,98,0
917,P60709,8c4e_E,0,745,94,97,0,100,39,97,100,0
925,P60709,9qfe_G,0,781,100,100,0,100,23,100,100,0
926,P60709,9qfe_G,0,781,100,100,0,100,16,100,100,0
932,P60709,8c4e_D,0,745,94,97,0,100,18,100,100,0
933,P60709,8c4e_D,0,745,94,97,0,100,32,97,100,0
934,P60709,8c4e_D,0,745,94,97,0,100,39,97,100,0
935,P60709,8c4e_D,0,745,94,97,0,100,10,80,100,0
936,P60709,8c4e_D,0,745,94,97,0,100,10,100,100,0
943,P60709,9qfe_F,0,781,100,100,0,100,17,94,94,0
944,P60709,9qfe_F,0,781,100,100,0,100,28,100,100,0
950,P60709,8c4e_C,0,745,94,97,0,100,16,100,100,0
951,P60709,8c4e_C,0,745,94,97,0,100,32,94,100,0
952,P60709,8c4e_C,0,745,94,97,0,100,12,83,100,0
953,P60709,8c4e_C,0,745,94,97,0,100,10,100,100,0
954,P60709,8c4e_C,0,745,94,97,0,100,32,97,100,0
962,P60709,9qfe_E,0,781,100,100,0,100,16,100,100,0
963,P60709,9qfe_E,0,781,100,100,0,100,11,100,100,0
964,P60709,9qfe_E,0,781,100,100,0,100,24,100,100,0
965,P60709,9qfe_E,0,781,100,100,0,100,33,100,100,0
966,P60709,9qfe_E,0,781,100,100,0,100,16,100,100,0
967,P60709,9qfe_E,0,781,100,100,0,100,9,100,100,0
977,P60709,8c4e_B,0,745,94,97,0,100,16,100,100,0
978,P60709,8c4e_B,0,745,94,97,0,100,32,97,100,0
979,P60709,8c4e_B,0,745,94,97,0,100,31,100,100,0
980,P60709,8c4e_B,0,745,94,97,0,100,47,94,96,0
987,P60709,9qfe_D,0,781,100,100,0,100,16,94,94,0
988,P60709,9qfe_D,0,781,100,100,0,100,34,100,100,0
989,P60709,9qfe_D,0,781,100,100,0,100,27,100,100,0
99,P60709,6m5g_D,0,745,94,97,0,100,16,88,94,0
990,P60709,9qfe_D,0,781,100,100,0,100,21,100,100,0
994,P60709,8uee_M,0,745,94,97,0,100,38,97,100,0
995,P60709,8uee_M,0,745,94,97,0,100,46,93,96,0
997,P60709,8c4e_A,0,745,94,97,0,100,15,100,100,0
998,P60709,8c4e_A,0,745,94,97,0,100,31,97,100,0
999,P60709,8c4e_A,0,745,94,97,0,100,46,93,96,0
