interaction_id,pdb_id,pymol_script_file,biological_assembly_cif_file,biological_assembly_pdb_file,biological_assembly_info
10,8uee,data/filtered/details/structures_files/pymol/10_8uee_L_M.py,,data/filtered/details/structures_files/assembly/8uee.pdb,"Heteromer, 11 proteins."
1000,9y52,data/filtered/details/structures_files/pymol/1000_9y52_A_B.py,,data/filtered/details/structures_files/assembly/9y52.pdb,"Heteromer, 11 proteins."
1001,9y52,data/filtered/details/structures_files/pymol/1001_9y52_A_C.py,,data/filtered/details/structures_files/assembly/9y52.pdb,"Heteromer, 11 proteins."
1002,9y52,data/filtered/details/structures_files/pymol/1002_9y52_A_W.py,,data/filtered/details/structures_files/assembly/9y52.pdb,"Heteromer, 11 proteins."
1003,9y52,data/filtered/details/structures_files/pymol/1003_9y52_A_a.py,,data/filtered/details/structures_files/assembly/9y52.pdb,"Heteromer, 11 proteins."
1005,7z7i,data/filtered/details/structures_files/pymol/1005_7z7i_B_C.py,,data/filtered/details/structures_files/assembly/7z7i.pdb,"Homomer, 5 proteins."
1006,7z7i,data/filtered/details/structures_files/pymol/1006_7z7i_B_A.py,,data/filtered/details/structures_files/assembly/7z7i.pdb,"Homomer, 5 proteins."
1012,8cco,data/filtered/details/structures_files/pymol/1012_8cco_E_F.py,,data/filtered/details/structures_files/assembly/8cco.pdb,"Homomer, 6 proteins."
1015,8a2r,data/filtered/details/structures_files/pymol/1015_8a2r_C_A.py,,data/filtered/details/structures_files/assembly/8a2r.pdb,"Homomer, 5 proteins."
1016,8a2r,data/filtered/details/structures_files/pymol/1016_8a2r_C_B.py,,data/filtered/details/structures_files/assembly/8a2r.pdb,"Homomer, 5 proteins."
1017,8a2r,data/filtered/details/structures_files/pymol/1017_8a2r_C_D.py,,data/filtered/details/structures_files/assembly/8a2r.pdb,"Homomer, 5 proteins."
1018,8a2r,data/filtered/details/structures_files/pymol/1018_8a2r_C_E.py,,data/filtered/details/structures_files/assembly/8a2r.pdb,"Homomer, 5 proteins."
1021,7z7i,data/filtered/details/structures_files/pymol/1021_7z7i_D_B.py,,data/filtered/details/structures_files/assembly/7z7i.pdb,"Homomer, 5 proteins."
1022,7z7i,data/filtered/details/structures_files/pymol/1022_7z7i_D_E.py,,data/filtered/details/structures_files/assembly/7z7i.pdb,"Homomer, 5 proteins."
1023,7z7i,data/filtered/details/structures_files/pymol/1023_7z7i_D_C.py,,data/filtered/details/structures_files/assembly/7z7i.pdb,"Homomer, 5 proteins."
1025,8w36,data/filtered/details/structures_files/pymol/1025_8w36_A_B.py,,data/filtered/details/structures_files/assembly/8w36.pdb,"Homomer, 5 proteins."
1028,8cco,data/filtered/details/structures_files/pymol/1028_8cco_D_E.py,,data/filtered/details/structures_files/assembly/8cco.pdb,"Homomer, 6 proteins."
1029,8cco,data/filtered/details/structures_files/pymol/1029_8cco_D_F.py,,data/filtered/details/structures_files/assembly/8cco.pdb,"Homomer, 6 proteins."
1032,8oi8,data/filtered/details/structures_files/pymol/1032_8oi8_D_E.py,,data/filtered/details/structures_files/assembly/8oi8.pdb,"Homomer, 5 proteins."
1039,9xye,data/filtered/details/structures_files/pymol/1039_9xye_D_E.py,,data/filtered/details/structures_files/assembly/9xye.pdb,"Heteromer, 7 proteins."
104,8thy,data/filtered/details/structures_files/pymol/104_8thy_C_D.py,,data/filtered/details/structures_files/assembly/8thy.pdb,"Homomer, 5 proteins."
1043,8w36,data/filtered/details/structures_files/pymol/1043_8w36_C_A.py,,data/filtered/details/structures_files/assembly/8w36.pdb,"Homomer, 5 proteins."
1044,8w36,data/filtered/details/structures_files/pymol/1044_8w36_C_B.py,,data/filtered/details/structures_files/assembly/8w36.pdb,"Homomer, 5 proteins."
1045,8w36,data/filtered/details/structures_files/pymol/1045_8w36_C_E.py,,data/filtered/details/structures_files/assembly/8w36.pdb,"Homomer, 5 proteins."
1048,8cco,data/filtered/details/structures_files/pymol/1048_8cco_C_D.py,,data/filtered/details/structures_files/assembly/8cco.pdb,"Homomer, 6 proteins."
1049,8cco,data/filtered/details/structures_files/pymol/1049_8cco_C_E.py,,data/filtered/details/structures_files/assembly/8cco.pdb,"Homomer, 6 proteins."
105,8thy,data/filtered/details/structures_files/pymol/105_8thy_C_E.py,,data/filtered/details/structures_files/assembly/8thy.pdb,"Homomer, 5 proteins."
1052,8oi8,data/filtered/details/structures_files/pymol/1052_8oi8_B_D.py,,data/filtered/details/structures_files/assembly/8oi8.pdb,"Homomer, 5 proteins."
1057,9xye,data/filtered/details/structures_files/pymol/1057_9xye_C_D.py,,data/filtered/details/structures_files/assembly/9xye.pdb,"Heteromer, 7 proteins."
1058,9xye,data/filtered/details/structures_files/pymol/1058_9xye_C_E.py,,data/filtered/details/structures_files/assembly/9xye.pdb,"Heteromer, 7 proteins."
1062,7z7h,data/filtered/details/structures_files/pymol/1062_7z7h_C_A.py,,data/filtered/details/structures_files/assembly/7z7h.pdb,"Heteromer, 6 proteins."
1063,8w36,data/filtered/details/structures_files/pymol/1063_8w36_D_C.py,,data/filtered/details/structures_files/assembly/8w36.pdb,"Homomer, 5 proteins."
1064,8w36,data/filtered/details/structures_files/pymol/1064_8w36_D_B.py,,data/filtered/details/structures_files/assembly/8w36.pdb,"Homomer, 5 proteins."
1065,8w36,data/filtered/details/structures_files/pymol/1065_8w36_D_E.py,,data/filtered/details/structures_files/assembly/8w36.pdb,"Homomer, 5 proteins."
1067,8cco,data/filtered/details/structures_files/pymol/1067_8cco_B_C.py,,data/filtered/details/structures_files/assembly/8cco.pdb,"Homomer, 6 proteins."
1068,8cco,data/filtered/details/structures_files/pymol/1068_8cco_B_D.py,,data/filtered/details/structures_files/assembly/8cco.pdb,"Homomer, 6 proteins."
1070,8oi8,data/filtered/details/structures_files/pymol/1070_8oi8_A_B.py,,data/filtered/details/structures_files/assembly/8oi8.pdb,"Homomer, 5 proteins."
1074,9xye,data/filtered/details/structures_files/pymol/1074_9xye_B_C.py,,data/filtered/details/structures_files/assembly/9xye.pdb,"Heteromer, 7 proteins."
1075,9xye,data/filtered/details/structures_files/pymol/1075_9xye_B_D.py,,data/filtered/details/structures_files/assembly/9xye.pdb,"Heteromer, 7 proteins."
1076,9xye,data/filtered/details/structures_files/pymol/1076_9xye_B_X.py,,data/filtered/details/structures_files/assembly/9xye.pdb,"Heteromer, 7 proteins."
1078,7z7h,data/filtered/details/structures_files/pymol/1078_7z7h_E_C.py,,data/filtered/details/structures_files/assembly/7z7h.pdb,"Heteromer, 6 proteins."
108,9qfd,data/filtered/details/structures_files/pymol/108_9qfd_E_F.py,,data/filtered/details/structures_files/assembly/9qfd.pdb,"Heteromer, 14 proteins."
1081,8cco,data/filtered/details/structures_files/pymol/1081_8cco_A_B.py,,data/filtered/details/structures_files/assembly/8cco.pdb,"Homomer, 6 proteins."
1082,8cco,data/filtered/details/structures_files/pymol/1082_8cco_A_C.py,,data/filtered/details/structures_files/assembly/8cco.pdb,"Homomer, 6 proteins."
1083,8oi8,data/filtered/details/structures_files/pymol/1083_8oi8_C_A.py,,data/filtered/details/structures_files/assembly/8oi8.pdb,"Homomer, 5 proteins."
1084,8oi8,data/filtered/details/structures_files/pymol/1084_8oi8_C_B.py,,data/filtered/details/structures_files/assembly/8oi8.pdb,"Homomer, 5 proteins."
1085,8oi8,data/filtered/details/structures_files/pymol/1085_8oi8_C_D.py,,data/filtered/details/structures_files/assembly/8oi8.pdb,"Homomer, 5 proteins."
1086,8oi8,data/filtered/details/structures_files/pymol/1086_8oi8_C_E.py,,data/filtered/details/structures_files/assembly/8oi8.pdb,"Homomer, 5 proteins."
1089,9xye,data/filtered/details/structures_files/pymol/1089_9xye_A_B.py,,data/filtered/details/structures_files/assembly/9xye.pdb,"Heteromer, 7 proteins."
109,9qfd,data/filtered/details/structures_files/pymol/109_9qfd_E_G.py,,data/filtered/details/structures_files/assembly/9qfd.pdb,"Heteromer, 14 proteins."
1090,9xye,data/filtered/details/structures_files/pymol/1090_9xye_A_C.py,,data/filtered/details/structures_files/assembly/9xye.pdb,"Heteromer, 7 proteins."
1091,9xye,data/filtered/details/structures_files/pymol/1091_9xye_A_W.py,,data/filtered/details/structures_files/assembly/9xye.pdb,"Heteromer, 7 proteins."
1092,9xye,data/filtered/details/structures_files/pymol/1092_9xye_A_X.py,,data/filtered/details/structures_files/assembly/9xye.pdb,"Heteromer, 7 proteins."
1094,7z7h,data/filtered/details/structures_files/pymol/1094_7z7h_B_F.py,,data/filtered/details/structures_files/assembly/7z7h.pdb,"Heteromer, 6 proteins."
1095,7z7h,data/filtered/details/structures_files/pymol/1095_7z7h_B_C.py,,data/filtered/details/structures_files/assembly/7z7h.pdb,"Heteromer, 6 proteins."
1096,7z7h,data/filtered/details/structures_files/pymol/1096_7z7h_B_A.py,,data/filtered/details/structures_files/assembly/7z7h.pdb,"Heteromer, 6 proteins."
1099,8zix,data/filtered/details/structures_files/pymol/1099_8zix_B_F.py,,data/filtered/details/structures_files/assembly/8zix.pdb,"Homomer, 6 proteins."
11,8uee,data/filtered/details/structures_files/pymol/11_8uee_L_B.py,,data/filtered/details/structures_files/assembly/8uee.pdb,"Heteromer, 11 proteins."
110,9qfd,data/filtered/details/structures_files/pymol/110_9qfd_E_L.py,,data/filtered/details/structures_files/assembly/9qfd.pdb,"Heteromer, 14 proteins."
1109,7z7h,data/filtered/details/structures_files/pymol/1109_7z7h_D_F.py,,data/filtered/details/structures_files/assembly/7z7h.pdb,"Heteromer, 6 proteins."
111,9qfd,data/filtered/details/structures_files/pymol/111_9qfd_E_N.py,,data/filtered/details/structures_files/assembly/9qfd.pdb,"Heteromer, 14 proteins."
1110,7z7h,data/filtered/details/structures_files/pymol/1110_7z7h_D_B.py,,data/filtered/details/structures_files/assembly/7z7h.pdb,"Heteromer, 6 proteins."
1111,7z7h,data/filtered/details/structures_files/pymol/1111_7z7h_D_E.py,,data/filtered/details/structures_files/assembly/7z7h.pdb,"Heteromer, 6 proteins."
1112,7z7h,data/filtered/details/structures_files/pymol/1112_7z7h_D_C.py,,data/filtered/details/structures_files/assembly/7z7h.pdb,"Heteromer, 6 proteins."
1115,8zix,data/filtered/details/structures_files/pymol/1115_8zix_E_B.py,,data/filtered/details/structures_files/assembly/8zix.pdb,"Homomer, 6 proteins."
1116,8zix,data/filtered/details/structures_files/pymol/1116_8zix_E_F.py,,data/filtered/details/structures_files/assembly/8zix.pdb,"Homomer, 6 proteins."
1119,8ccn,data/filtered/details/structures_files/pymol/1119_8ccn_E_F.py,,data/filtered/details/structures_files/assembly/8ccn.pdb,"Homomer, 6 proteins."
112,8uee,data/filtered/details/structures_files/pymol/112_8uee_F_H.py,,data/filtered/details/structures_files/assembly/8uee.pdb,"Heteromer, 11 proteins."
1128,9q7o,data/filtered/details/structures_files/pymol/1128_9q7o_D_E.py,,data/filtered/details/structures_files/assembly/9q7o.pdb,"Heteromer, 6 proteins."
113,8uee,data/filtered/details/structures_files/pymol/113_8uee_F_J.py,,data/filtered/details/structures_files/assembly/8uee.pdb,"Heteromer, 11 proteins."
1133,8zix,data/filtered/details/structures_files/pymol/1133_8zix_A_E.py,,data/filtered/details/structures_files/assembly/8zix.pdb,"Homomer, 6 proteins."
1134,8zix,data/filtered/details/structures_files/pymol/1134_8zix_A_B.py,,data/filtered/details/structures_files/assembly/8zix.pdb,"Homomer, 6 proteins."
1137,8ccn,data/filtered/details/structures_files/pymol/1137_8ccn_D_E.py,,data/filtered/details/structures_files/assembly/8ccn.pdb,"Homomer, 6 proteins."
1138,8ccn,data/filtered/details/structures_files/pymol/1138_8ccn_D_F.py,,data/filtered/details/structures_files/assembly/8ccn.pdb,"Homomer, 6 proteins."
114,8uee,data/filtered/details/structures_files/pymol/114_8uee_F_C.py,,data/filtered/details/structures_files/assembly/8uee.pdb,"Heteromer, 11 proteins."
1146,9q7o,data/filtered/details/structures_files/pymol/1146_9q7o_C_D.py,,data/filtered/details/structures_files/assembly/9q7o.pdb,"Heteromer, 6 proteins."
1147,9q7o,data/filtered/details/structures_files/pymol/1147_9q7o_C_E.py,,data/filtered/details/structures_files/assembly/9q7o.pdb,"Heteromer, 6 proteins."
115,8uee,data/filtered/details/structures_files/pymol/115_8uee_F_D.py,,data/filtered/details/structures_files/assembly/8uee.pdb,"Heteromer, 11 proteins."
1150,7tpt,data/filtered/details/structures_files/pymol/1150_7tpt_T_U.py,,data/filtered/details/structures_files/assembly/7tpt.pdb,"Heteromer, 21 proteins, 15 peptides."
1152,8zix,data/filtered/details/structures_files/pymol/1152_8zix_R_A.py,,data/filtered/details/structures_files/assembly/8zix.pdb,"Homomer, 6 proteins."
1153,8zix,data/filtered/details/structures_files/pymol/1153_8zix_R_E.py,,data/filtered/details/structures_files/assembly/8zix.pdb,"Homomer, 6 proteins."
1156,8ccn,data/filtered/details/structures_files/pymol/1156_8ccn_C_D.py,,data/filtered/details/structures_files/assembly/8ccn.pdb,"Homomer, 6 proteins."
1157,8ccn,data/filtered/details/structures_files/pymol/1157_8ccn_C_E.py,,data/filtered/details/structures_files/assembly/8ccn.pdb,"Homomer, 6 proteins."
1163,9q7o,data/filtered/details/structures_files/pymol/1163_9q7o_B_C.py,,data/filtered/details/structures_files/assembly/9q7o.pdb,"Heteromer, 6 proteins."
1164,9q7o,data/filtered/details/structures_files/pymol/1164_9q7o_B_D.py,,data/filtered/details/structures_files/assembly/9q7o.pdb,"Heteromer, 6 proteins."
1165,7tpt,data/filtered/details/structures_files/pymol/1165_7tpt_S_D.py,,data/filtered/details/structures_files/assembly/7tpt.pdb,"Heteromer, 21 proteins, 15 peptides."
1168,7tpt,data/filtered/details/structures_files/pymol/1168_7tpt_S_T.py,,data/filtered/details/structures_files/assembly/7tpt.pdb,"Heteromer, 21 proteins, 15 peptides."
1169,7tpt,data/filtered/details/structures_files/pymol/1169_7tpt_S_U.py,,data/filtered/details/structures_files/assembly/7tpt.pdb,"Heteromer, 21 proteins, 15 peptides."
1170,8zix,data/filtered/details/structures_files/pymol/1170_8zix_P_R.py,,data/filtered/details/structures_files/assembly/8zix.pdb,"Homomer, 6 proteins."
1171,8zix,data/filtered/details/structures_files/pymol/1171_8zix_P_A.py,,data/filtered/details/structures_files/assembly/8zix.pdb,"Homomer, 6 proteins."
1173,8ccn,data/filtered/details/structures_files/pymol/1173_8ccn_B_C.py,,data/filtered/details/structures_files/assembly/8ccn.pdb,"Homomer, 6 proteins."
1174,8ccn,data/filtered/details/structures_files/pymol/1174_8ccn_B_D.py,,data/filtered/details/structures_files/assembly/8ccn.pdb,"Homomer, 6 proteins."
1177,5jlh,data/filtered/details/structures_files/pymol/1177_5jlh_E_G.py,,data/filtered/details/structures_files/assembly/5jlh.pdb,"Heteromer, 7 proteins."
1182,9q7o,data/filtered/details/structures_files/pymol/1182_9q7o_A_B.py,,data/filtered/details/structures_files/assembly/9q7o.pdb,"Heteromer, 6 proteins."
1183,9q7o,data/filtered/details/structures_files/pymol/1183_9q7o_A_C.py,,data/filtered/details/structures_files/assembly/9q7o.pdb,"Heteromer, 6 proteins."
1184,9q7o,data/filtered/details/structures_files/pymol/1184_9q7o_A_W.py,,data/filtered/details/structures_files/assembly/9q7o.pdb,"Heteromer, 6 proteins."
1185,7tpt,data/filtered/details/structures_files/pymol/1185_7tpt_R_A.py,,data/filtered/details/structures_files/assembly/7tpt.pdb,"Heteromer, 21 proteins, 15 peptides."
1186,7tpt,data/filtered/details/structures_files/pymol/1186_7tpt_R_D.py,,data/filtered/details/structures_files/assembly/7tpt.pdb,"Heteromer, 21 proteins, 15 peptides."
1187,7tpt,data/filtered/details/structures_files/pymol/1187_7tpt_R_F.py,,data/filtered/details/structures_files/assembly/7tpt.pdb,"Heteromer, 21 proteins, 15 peptides."
1190,7tpt,data/filtered/details/structures_files/pymol/1190_7tpt_R_S.py,,data/filtered/details/structures_files/assembly/7tpt.pdb,"Heteromer, 21 proteins, 15 peptides."
1191,7tpt,data/filtered/details/structures_files/pymol/1191_7tpt_R_T.py,,data/filtered/details/structures_files/assembly/7tpt.pdb,"Heteromer, 21 proteins, 15 peptides."
1195,8zbm,data/filtered/details/structures_files/pymol/1195_8zbm_R_L.py,,data/filtered/details/structures_files/assembly/8zbm.pdb,"Heteromer, 16 proteins."
1196,8zbm,data/filtered/details/structures_files/pymol/1196_8zbm_R_N.py,,data/filtered/details/structures_files/assembly/8zbm.pdb,"Heteromer, 16 proteins."
1197,8ccn,data/filtered/details/structures_files/pymol/1197_8ccn_A_B.py,,data/filtered/details/structures_files/assembly/8ccn.pdb,"Homomer, 6 proteins."
1198,8ccn,data/filtered/details/structures_files/pymol/1198_8ccn_A_C.py,,data/filtered/details/structures_files/assembly/8ccn.pdb,"Homomer, 6 proteins."
12,8uee,data/filtered/details/structures_files/pymol/12_8uee_L_A.py,,data/filtered/details/structures_files/assembly/8uee.pdb,"Heteromer, 11 proteins."
120,8thy,data/filtered/details/structures_files/pymol/120_8thy_B_C.py,,data/filtered/details/structures_files/assembly/8thy.pdb,"Homomer, 5 proteins."
1201,5jlh,data/filtered/details/structures_files/pymol/1201_5jlh_D_G.py,,data/filtered/details/structures_files/assembly/5jlh.pdb,"Heteromer, 7 proteins."
1202,5jlh,data/filtered/details/structures_files/pymol/1202_5jlh_D_E.py,,data/filtered/details/structures_files/assembly/5jlh.pdb,"Heteromer, 7 proteins."
1208,9q7n,data/filtered/details/structures_files/pymol/1208_9q7n_E_c.py,,data/filtered/details/structures_files/assembly/9q7n.pdb,"Heteromer, 10 proteins."
1209,9q7n,data/filtered/details/structures_files/pymol/1209_9q7n_E_e.py,,data/filtered/details/structures_files/assembly/9q7n.pdb,"Heteromer, 10 proteins."
121,8thy,data/filtered/details/structures_files/pymol/121_8thy_B_D.py,,data/filtered/details/structures_files/assembly/8thy.pdb,"Homomer, 5 proteins."
1210,7tpt,data/filtered/details/structures_files/pymol/1210_7tpt_Q_A.py,,data/filtered/details/structures_files/assembly/7tpt.pdb,"Heteromer, 21 proteins, 15 peptides."
1211,7tpt,data/filtered/details/structures_files/pymol/1211_7tpt_Q_D.py,,data/filtered/details/structures_files/assembly/7tpt.pdb,"Heteromer, 21 proteins, 15 peptides."
1214,7tpt,data/filtered/details/structures_files/pymol/1214_7tpt_Q_R.py,,data/filtered/details/structures_files/assembly/7tpt.pdb,"Heteromer, 21 proteins, 15 peptides."
1215,7tpt,data/filtered/details/structures_files/pymol/1215_7tpt_Q_S.py,,data/filtered/details/structures_files/assembly/7tpt.pdb,"Heteromer, 21 proteins, 15 peptides."
1217,8zbm,data/filtered/details/structures_files/pymol/1217_8zbm_P_R.py,,data/filtered/details/structures_files/assembly/8zbm.pdb,"Heteromer, 16 proteins."
1218,8zbm,data/filtered/details/structures_files/pymol/1218_8zbm_P_J.py,,data/filtered/details/structures_files/assembly/8zbm.pdb,"Heteromer, 16 proteins."
1219,8zbm,data/filtered/details/structures_files/pymol/1219_8zbm_P_K.py,,data/filtered/details/structures_files/assembly/8zbm.pdb,"Heteromer, 16 proteins."
1223,5jlh,data/filtered/details/structures_files/pymol/1223_5jlh_A_F.py,,data/filtered/details/structures_files/assembly/5jlh.pdb,"Heteromer, 7 proteins."
1224,5jlh,data/filtered/details/structures_files/pymol/1224_5jlh_A_D.py,,data/filtered/details/structures_files/assembly/5jlh.pdb,"Heteromer, 7 proteins."
1225,5jlh,data/filtered/details/structures_files/pymol/1225_5jlh_A_E.py,,data/filtered/details/structures_files/assembly/5jlh.pdb,"Heteromer, 7 proteins."
1230,9q7n,data/filtered/details/structures_files/pymol/1230_9q7n_D_E.py,,data/filtered/details/structures_files/assembly/9q7n.pdb,"Heteromer, 10 proteins."
1231,9q7n,data/filtered/details/structures_files/pymol/1231_9q7n_D_b.py,,data/filtered/details/structures_files/assembly/9q7n.pdb,"Heteromer, 10 proteins."
1232,9q7n,data/filtered/details/structures_files/pymol/1232_9q7n_D_d.py,,data/filtered/details/structures_files/assembly/9q7n.pdb,"Heteromer, 10 proteins."
1233,7tpt,data/filtered/details/structures_files/pymol/1233_7tpt_P_A.py,,data/filtered/details/structures_files/assembly/7tpt.pdb,"Heteromer, 21 proteins, 15 peptides."
1234,7tpt,data/filtered/details/structures_files/pymol/1234_7tpt_P_C.py,,data/filtered/details/structures_files/assembly/7tpt.pdb,"Heteromer, 21 proteins, 15 peptides."
1237,7tpt,data/filtered/details/structures_files/pymol/1237_7tpt_P_Q.py,,data/filtered/details/structures_files/assembly/7tpt.pdb,"Heteromer, 21 proteins, 15 peptides."
1238,7tpt,data/filtered/details/structures_files/pymol/1238_7tpt_P_R.py,,data/filtered/details/structures_files/assembly/7tpt.pdb,"Heteromer, 21 proteins, 15 peptides."
124,9qfd,data/filtered/details/structures_files/pymol/124_9qfd_D_E.py,,data/filtered/details/structures_files/assembly/9qfd.pdb,"Heteromer, 14 proteins."
1242,8zbm,data/filtered/details/structures_files/pymol/1242_8zbm_Q_R.py,,data/filtered/details/structures_files/assembly/8zbm.pdb,"Heteromer, 16 proteins."
1243,8zbm,data/filtered/details/structures_files/pymol/1243_8zbm_Q_D.py,,data/filtered/details/structures_files/assembly/8zbm.pdb,"Heteromer, 16 proteins."
1244,8zbm,data/filtered/details/structures_files/pymol/1244_8zbm_Q_F.py,,data/filtered/details/structures_files/assembly/8zbm.pdb,"Heteromer, 16 proteins."
1245,8zbm,data/filtered/details/structures_files/pymol/1245_8zbm_Q_L.py,,data/filtered/details/structures_files/assembly/8zbm.pdb,"Heteromer, 16 proteins."
1247,5jlh,data/filtered/details/structures_files/pymol/1247_5jlh_C_A.py,,data/filtered/details/structures_files/assembly/5jlh.pdb,"Heteromer, 7 proteins."
1248,5jlh,data/filtered/details/structures_files/pymol/1248_5jlh_C_F.py,,data/filtered/details/structures_files/assembly/5jlh.pdb,"Heteromer, 7 proteins."
1249,5jlh,data/filtered/details/structures_files/pymol/1249_5jlh_C_E.py,,data/filtered/details/structures_files/assembly/5jlh.pdb,"Heteromer, 7 proteins."
125,9qfd,data/filtered/details/structures_files/pymol/125_9qfd_D_F.py,,data/filtered/details/structures_files/assembly/9qfd.pdb,"Heteromer, 14 proteins."
1254,9q7n,data/filtered/details/structures_files/pymol/1254_9q7n_C_D.py,,data/filtered/details/structures_files/assembly/9q7n.pdb,"Heteromer, 10 proteins."
1255,9q7n,data/filtered/details/structures_files/pymol/1255_9q7n_C_E.py,,data/filtered/details/structures_files/assembly/9q7n.pdb,"Heteromer, 10 proteins."
1256,9q7n,data/filtered/details/structures_files/pymol/1256_9q7n_C_a.py,,data/filtered/details/structures_files/assembly/9q7n.pdb,"Heteromer, 10 proteins."
1257,9q7n,data/filtered/details/structures_files/pymol/1257_9q7n_C_c.py,,data/filtered/details/structures_files/assembly/9q7n.pdb,"Heteromer, 10 proteins."
126,9qfd,data/filtered/details/structures_files/pymol/126_9qfd_D_K.py,,data/filtered/details/structures_files/assembly/9qfd.pdb,"Heteromer, 14 proteins."
1260,7tpt,data/filtered/details/structures_files/pymol/1260_7tpt_O_P.py,,data/filtered/details/structures_files/assembly/7tpt.pdb,"Heteromer, 21 proteins, 15 peptides."
1261,7tpt,data/filtered/details/structures_files/pymol/1261_7tpt_O_Q.py,,data/filtered/details/structures_files/assembly/7tpt.pdb,"Heteromer, 21 proteins, 15 peptides."
1263,8zbm,data/filtered/details/structures_files/pymol/1263_8zbm_O_Q.py,,data/filtered/details/structures_files/assembly/8zbm.pdb,"Heteromer, 16 proteins."
1264,8zbm,data/filtered/details/structures_files/pymol/1264_8zbm_O_P.py,,data/filtered/details/structures_files/assembly/8zbm.pdb,"Heteromer, 16 proteins."
1265,8zbm,data/filtered/details/structures_files/pymol/1265_8zbm_O_R.py,,data/filtered/details/structures_files/assembly/8zbm.pdb,"Heteromer, 16 proteins."
1266,8zbm,data/filtered/details/structures_files/pymol/1266_8zbm_O_A.py,,data/filtered/details/structures_files/assembly/8zbm.pdb,"Heteromer, 16 proteins."
1267,8zbm,data/filtered/details/structures_files/pymol/1267_8zbm_O_B.py,,data/filtered/details/structures_files/assembly/8zbm.pdb,"Heteromer, 16 proteins."
1268,8zbm,data/filtered/details/structures_files/pymol/1268_8zbm_O_J.py,,data/filtered/details/structures_files/assembly/8zbm.pdb,"Heteromer, 16 proteins."
127,9qfd,data/filtered/details/structures_files/pymol/127_9qfd_D_M.py,,data/filtered/details/structures_files/assembly/9qfd.pdb,"Heteromer, 14 proteins."
1270,5jlh,data/filtered/details/structures_files/pymol/1270_5jlh_B_A.py,,data/filtered/details/structures_files/assembly/5jlh.pdb,"Heteromer, 7 proteins."
1271,5jlh,data/filtered/details/structures_files/pymol/1271_5jlh_B_D.py,,data/filtered/details/structures_files/assembly/5jlh.pdb,"Heteromer, 7 proteins."
1276,9q7n,data/filtered/details/structures_files/pymol/1276_9q7n_B_C.py,,data/filtered/details/structures_files/assembly/9q7n.pdb,"Heteromer, 10 proteins."
1277,9q7n,data/filtered/details/structures_files/pymol/1277_9q7n_B_D.py,,data/filtered/details/structures_files/assembly/9q7n.pdb,"Heteromer, 10 proteins."
1278,9q7n,data/filtered/details/structures_files/pymol/1278_9q7n_B_b.py,,data/filtered/details/structures_files/assembly/9q7n.pdb,"Heteromer, 10 proteins."
1279,7tpt,data/filtered/details/structures_files/pymol/1279_7tpt_N_E.py,,data/filtered/details/structures_files/assembly/7tpt.pdb,"Heteromer, 21 proteins, 15 peptides."
1282,7tpt,data/filtered/details/structures_files/pymol/1282_7tpt_N_O.py,,data/filtered/details/structures_files/assembly/7tpt.pdb,"Heteromer, 21 proteins, 15 peptides."
1283,7tpt,data/filtered/details/structures_files/pymol/1283_7tpt_N_P.py,,data/filtered/details/structures_files/assembly/7tpt.pdb,"Heteromer, 21 proteins, 15 peptides."
1285,8zbm,data/filtered/details/structures_files/pymol/1285_8zbm_H_Q.py,,data/filtered/details/structures_files/assembly/8zbm.pdb,"Heteromer, 16 proteins."
1286,8zbm,data/filtered/details/structures_files/pymol/1286_8zbm_H_D.py,,data/filtered/details/structures_files/assembly/8zbm.pdb,"Heteromer, 16 proteins."
1287,8zbm,data/filtered/details/structures_files/pymol/1287_8zbm_H_G.py,,data/filtered/details/structures_files/assembly/8zbm.pdb,"Heteromer, 16 proteins."
1297,9q7n,data/filtered/details/structures_files/pymol/1297_9q7n_A_B.py,,data/filtered/details/structures_files/assembly/9q7n.pdb,"Heteromer, 10 proteins."
1298,9q7n,data/filtered/details/structures_files/pymol/1298_9q7n_A_C.py,,data/filtered/details/structures_files/assembly/9q7n.pdb,"Heteromer, 10 proteins."
1299,9q7n,data/filtered/details/structures_files/pymol/1299_9q7n_A_a.py,,data/filtered/details/structures_files/assembly/9q7n.pdb,"Heteromer, 10 proteins."
1301,7tpt,data/filtered/details/structures_files/pymol/1301_7tpt_M_N.py,,data/filtered/details/structures_files/assembly/7tpt.pdb,"Heteromer, 21 proteins, 15 peptides."
1302,7tpt,data/filtered/details/structures_files/pymol/1302_7tpt_M_O.py,,data/filtered/details/structures_files/assembly/7tpt.pdb,"Heteromer, 21 proteins, 15 peptides."
1303,8zbm,data/filtered/details/structures_files/pymol/1303_8zbm_E_H.py,,data/filtered/details/structures_files/assembly/8zbm.pdb,"Heteromer, 16 proteins."
1304,8zbm,data/filtered/details/structures_files/pymol/1304_8zbm_E_O.py,,data/filtered/details/structures_files/assembly/8zbm.pdb,"Heteromer, 16 proteins."
1305,8zbm,data/filtered/details/structures_files/pymol/1305_8zbm_E_Q.py,,data/filtered/details/structures_files/assembly/8zbm.pdb,"Heteromer, 16 proteins."
1306,8zbm,data/filtered/details/structures_files/pymol/1306_8zbm_E_A.py,,data/filtered/details/structures_files/assembly/8zbm.pdb,"Heteromer, 16 proteins."
132,8thy,data/filtered/details/structures_files/pymol/132_8thy_A_B.py,,data/filtered/details/structures_files/assembly/8thy.pdb,"Homomer, 5 proteins."
1320,9q7m,data/filtered/details/structures_files/pymol/1320_9q7m_E_c.py,,data/filtered/details/structures_files/assembly/9q7m.pdb,"Heteromer, 9 proteins."
1321,7tpt,data/filtered/details/structures_files/pymol/1321_7tpt_L_M.py,,data/filtered/details/structures_files/assembly/7tpt.pdb,"Heteromer, 21 proteins, 15 peptides."
1322,7tpt,data/filtered/details/structures_files/pymol/1322_7tpt_L_N.py,,data/filtered/details/structures_files/assembly/7tpt.pdb,"Heteromer, 21 proteins, 15 peptides."
133,8thy,data/filtered/details/structures_files/pymol/133_8thy_A_C.py,,data/filtered/details/structures_files/assembly/8thy.pdb,"Homomer, 5 proteins."
1337,9q7m,data/filtered/details/structures_files/pymol/1337_9q7m_D_E.py,,data/filtered/details/structures_files/assembly/9q7m.pdb,"Heteromer, 9 proteins."
1338,9q7m,data/filtered/details/structures_files/pymol/1338_9q7m_D_b.py,,data/filtered/details/structures_files/assembly/9q7m.pdb,"Heteromer, 9 proteins."
1339,9q7m,data/filtered/details/structures_files/pymol/1339_9q7m_D_d.py,,data/filtered/details/structures_files/assembly/9q7m.pdb,"Heteromer, 9 proteins."
1344,9duv,data/filtered/details/structures_files/pymol/1344_9duv_E_F.py,,data/filtered/details/structures_files/assembly/9duv.pdb,"Heteromer, 6 proteins, 7 peptides."
1356,9q7m,data/filtered/details/structures_files/pymol/1356_9q7m_C_D.py,,data/filtered/details/structures_files/assembly/9q7m.pdb,"Heteromer, 9 proteins."
1357,9q7m,data/filtered/details/structures_files/pymol/1357_9q7m_C_E.py,,data/filtered/details/structures_files/assembly/9q7m.pdb,"Heteromer, 9 proteins."
1358,9q7m,data/filtered/details/structures_files/pymol/1358_9q7m_C_a.py,,data/filtered/details/structures_files/assembly/9q7m.pdb,"Heteromer, 9 proteins."
1359,9q7m,data/filtered/details/structures_files/pymol/1359_9q7m_C_c.py,,data/filtered/details/structures_files/assembly/9q7m.pdb,"Heteromer, 9 proteins."
136,9qfd,data/filtered/details/structures_files/pymol/136_9qfd_C_D.py,,data/filtered/details/structures_files/assembly/9qfd.pdb,"Heteromer, 14 proteins."
1362,7tpt,data/filtered/details/structures_files/pymol/1362_7tpt_J_K.py,,data/filtered/details/structures_files/assembly/7tpt.pdb,"Heteromer, 21 proteins, 15 peptides."
1365,9duv,data/filtered/details/structures_files/pymol/1365_9duv_D_E.py,,data/filtered/details/structures_files/assembly/9duv.pdb,"Heteromer, 6 proteins, 7 peptides."
1366,9duv,data/filtered/details/structures_files/pymol/1366_9duv_D_F.py,,data/filtered/details/structures_files/assembly/9duv.pdb,"Heteromer, 6 proteins, 7 peptides."
137,9qfd,data/filtered/details/structures_files/pymol/137_9qfd_C_E.py,,data/filtered/details/structures_files/assembly/9qfd.pdb,"Heteromer, 14 proteins."
1378,9q7m,data/filtered/details/structures_files/pymol/1378_9q7m_B_C.py,,data/filtered/details/structures_files/assembly/9q7m.pdb,"Heteromer, 9 proteins."
1379,9q7m,data/filtered/details/structures_files/pymol/1379_9q7m_B_D.py,,data/filtered/details/structures_files/assembly/9q7m.pdb,"Heteromer, 9 proteins."
138,9qfd,data/filtered/details/structures_files/pymol/138_9qfd_C_J.py,,data/filtered/details/structures_files/assembly/9qfd.pdb,"Heteromer, 14 proteins."
1380,9q7m,data/filtered/details/structures_files/pymol/1380_9q7m_B_b.py,,data/filtered/details/structures_files/assembly/9q7m.pdb,"Heteromer, 9 proteins."
1381,7tpt,data/filtered/details/structures_files/pymol/1381_7tpt_I_B.py,,data/filtered/details/structures_files/assembly/7tpt.pdb,"Heteromer, 21 proteins, 15 peptides."
1383,7tpt,data/filtered/details/structures_files/pymol/1383_7tpt_I_J.py,,data/filtered/details/structures_files/assembly/7tpt.pdb,"Heteromer, 21 proteins, 15 peptides."
1384,7tpt,data/filtered/details/structures_files/pymol/1384_7tpt_I_K.py,,data/filtered/details/structures_files/assembly/7tpt.pdb,"Heteromer, 21 proteins, 15 peptides."
1387,9duv,data/filtered/details/structures_files/pymol/1387_9duv_C_D.py,,data/filtered/details/structures_files/assembly/9duv.pdb,"Heteromer, 6 proteins, 7 peptides."
1388,9duv,data/filtered/details/structures_files/pymol/1388_9duv_C_E.py,,data/filtered/details/structures_files/assembly/9duv.pdb,"Heteromer, 6 proteins, 7 peptides."
139,9qfd,data/filtered/details/structures_files/pymol/139_9qfd_C_L.py,,data/filtered/details/structures_files/assembly/9qfd.pdb,"Heteromer, 14 proteins."
1394,9q7m,data/filtered/details/structures_files/pymol/1394_9q7m_A_B.py,,data/filtered/details/structures_files/assembly/9q7m.pdb,"Heteromer, 9 proteins."
1395,9q7m,data/filtered/details/structures_files/pymol/1395_9q7m_A_C.py,,data/filtered/details/structures_files/assembly/9q7m.pdb,"Heteromer, 9 proteins."
1396,9q7m,data/filtered/details/structures_files/pymol/1396_9q7m_A_a.py,,data/filtered/details/structures_files/assembly/9q7m.pdb,"Heteromer, 9 proteins."
1397,7tpt,data/filtered/details/structures_files/pymol/1397_7tpt_H_A.py,,data/filtered/details/structures_files/assembly/7tpt.pdb,"Heteromer, 21 proteins, 15 peptides."
1398,7tpt,data/filtered/details/structures_files/pymol/1398_7tpt_H_B.py,,data/filtered/details/structures_files/assembly/7tpt.pdb,"Heteromer, 21 proteins, 15 peptides."
1399,7tpt,data/filtered/details/structures_files/pymol/1399_7tpt_H_I.py,,data/filtered/details/structures_files/assembly/7tpt.pdb,"Heteromer, 21 proteins, 15 peptides."
1400,7tpt,data/filtered/details/structures_files/pymol/1400_7tpt_H_J.py,,data/filtered/details/structures_files/assembly/7tpt.pdb,"Heteromer, 21 proteins, 15 peptides."
1402,9duv,data/filtered/details/structures_files/pymol/1402_9duv_B_C.py,,data/filtered/details/structures_files/assembly/9duv.pdb,"Heteromer, 6 proteins, 7 peptides."
1403,9duv,data/filtered/details/structures_files/pymol/1403_9duv_B_D.py,,data/filtered/details/structures_files/assembly/9duv.pdb,"Heteromer, 6 proteins, 7 peptides."
1412,9q7l,data/filtered/details/structures_files/pymol/1412_9q7l_E_c.py,,data/filtered/details/structures_files/assembly/9q7l.pdb,"Heteromer, 8 proteins."
1414,9duv,data/filtered/details/structures_files/pymol/1414_9duv_A_B.py,,data/filtered/details/structures_files/assembly/9duv.pdb,"Heteromer, 6 proteins, 7 peptides."
1415,9duv,data/filtered/details/structures_files/pymol/1415_9duv_A_C.py,,data/filtered/details/structures_files/assembly/9duv.pdb,"Heteromer, 6 proteins, 7 peptides."
1425,9q7l,data/filtered/details/structures_files/pymol/1425_9q7l_D_E.py,,data/filtered/details/structures_files/assembly/9q7l.pdb,"Heteromer, 8 proteins."
1426,9q7l,data/filtered/details/structures_files/pymol/1426_9q7l_D_b.py,,data/filtered/details/structures_files/assembly/9q7l.pdb,"Heteromer, 8 proteins."
1437,9q7l,data/filtered/details/structures_files/pymol/1437_9q7l_C_D.py,,data/filtered/details/structures_files/assembly/9q7l.pdb,"Heteromer, 8 proteins."
1438,9q7l,data/filtered/details/structures_files/pymol/1438_9q7l_C_E.py,,data/filtered/details/structures_files/assembly/9q7l.pdb,"Heteromer, 8 proteins."
1439,9q7l,data/filtered/details/structures_files/pymol/1439_9q7l_C_a.py,,data/filtered/details/structures_files/assembly/9q7l.pdb,"Heteromer, 8 proteins."
1440,9q7l,data/filtered/details/structures_files/pymol/1440_9q7l_C_c.py,,data/filtered/details/structures_files/assembly/9q7l.pdb,"Heteromer, 8 proteins."
1444,9b3d,data/filtered/details/structures_files/pymol/1444_9b3d_E_F.py,,data/filtered/details/structures_files/assembly/9b3d.pdb,"Heteromer, 8 proteins."
1445,9b3d,data/filtered/details/structures_files/pymol/1445_9b3d_E_G.py,,data/filtered/details/structures_files/assembly/9b3d.pdb,"Heteromer, 8 proteins."
1454,9q7l,data/filtered/details/structures_files/pymol/1454_9q7l_B_C.py,,data/filtered/details/structures_files/assembly/9q7l.pdb,"Heteromer, 8 proteins."
1455,9q7l,data/filtered/details/structures_files/pymol/1455_9q7l_B_D.py,,data/filtered/details/structures_files/assembly/9q7l.pdb,"Heteromer, 8 proteins."
1456,9q7l,data/filtered/details/structures_files/pymol/1456_9q7l_B_b.py,,data/filtered/details/structures_files/assembly/9q7l.pdb,"Heteromer, 8 proteins."
1460,9b3d,data/filtered/details/structures_files/pymol/1460_9b3d_D_E.py,,data/filtered/details/structures_files/assembly/9b3d.pdb,"Heteromer, 8 proteins."
1461,9b3d,data/filtered/details/structures_files/pymol/1461_9b3d_D_F.py,,data/filtered/details/structures_files/assembly/9b3d.pdb,"Heteromer, 8 proteins."
1462,9b3d,data/filtered/details/structures_files/pymol/1462_9b3d_D_H.py,,data/filtered/details/structures_files/assembly/9b3d.pdb,"Heteromer, 8 proteins."
1467,9q7l,data/filtered/details/structures_files/pymol/1467_9q7l_A_B.py,,data/filtered/details/structures_files/assembly/9q7l.pdb,"Heteromer, 8 proteins."
1468,9q7l,data/filtered/details/structures_files/pymol/1468_9q7l_A_C.py,,data/filtered/details/structures_files/assembly/9q7l.pdb,"Heteromer, 8 proteins."
1469,9q7l,data/filtered/details/structures_files/pymol/1469_9q7l_A_a.py,,data/filtered/details/structures_files/assembly/9q7l.pdb,"Heteromer, 8 proteins."
147,9qfd,data/filtered/details/structures_files/pymol/147_9qfd_B_C.py,,data/filtered/details/structures_files/assembly/9qfd.pdb,"Heteromer, 14 proteins."
1473,9b3d,data/filtered/details/structures_files/pymol/1473_9b3d_C_D.py,,data/filtered/details/structures_files/assembly/9b3d.pdb,"Heteromer, 8 proteins."
1474,9b3d,data/filtered/details/structures_files/pymol/1474_9b3d_C_E.py,,data/filtered/details/structures_files/assembly/9b3d.pdb,"Heteromer, 8 proteins."
1475,9b3d,data/filtered/details/structures_files/pymol/1475_9b3d_C_G.py,,data/filtered/details/structures_files/assembly/9b3d.pdb,"Heteromer, 8 proteins."
148,9qfd,data/filtered/details/structures_files/pymol/148_9qfd_B_D.py,,data/filtered/details/structures_files/assembly/9qfd.pdb,"Heteromer, 14 proteins."
1484,9q7k,data/filtered/details/structures_files/pymol/1484_9q7k_E_c.py,,data/filtered/details/structures_files/assembly/9q7k.pdb,"Heteromer, 10 proteins."
1485,9q7k,data/filtered/details/structures_files/pymol/1485_9q7k_E_e.py,,data/filtered/details/structures_files/assembly/9q7k.pdb,"Heteromer, 10 proteins."
1488,9b3d,data/filtered/details/structures_files/pymol/1488_9b3d_B_C.py,,data/filtered/details/structures_files/assembly/9b3d.pdb,"Heteromer, 8 proteins."
1489,9b3d,data/filtered/details/structures_files/pymol/1489_9b3d_B_D.py,,data/filtered/details/structures_files/assembly/9b3d.pdb,"Heteromer, 8 proteins."
149,9qfd,data/filtered/details/structures_files/pymol/149_9qfd_B_I.py,,data/filtered/details/structures_files/assembly/9qfd.pdb,"Heteromer, 14 proteins."
1490,9b3d,data/filtered/details/structures_files/pymol/1490_9b3d_B_H.py,,data/filtered/details/structures_files/assembly/9b3d.pdb,"Heteromer, 8 proteins."
150,9qfd,data/filtered/details/structures_files/pymol/150_9qfd_B_K.py,,data/filtered/details/structures_files/assembly/9qfd.pdb,"Heteromer, 14 proteins."
1502,9q7k,data/filtered/details/structures_files/pymol/1502_9q7k_D_E.py,,data/filtered/details/structures_files/assembly/9q7k.pdb,"Heteromer, 10 proteins."
1503,9q7k,data/filtered/details/structures_files/pymol/1503_9q7k_D_b.py,,data/filtered/details/structures_files/assembly/9q7k.pdb,"Heteromer, 10 proteins."
1504,9q7k,data/filtered/details/structures_files/pymol/1504_9q7k_D_d.py,,data/filtered/details/structures_files/assembly/9q7k.pdb,"Heteromer, 10 proteins."
1508,9b3d,data/filtered/details/structures_files/pymol/1508_9b3d_A_B.py,,data/filtered/details/structures_files/assembly/9b3d.pdb,"Heteromer, 8 proteins."
1509,9b3d,data/filtered/details/structures_files/pymol/1509_9b3d_A_C.py,,data/filtered/details/structures_files/assembly/9b3d.pdb,"Heteromer, 8 proteins."
1519,9q7k,data/filtered/details/structures_files/pymol/1519_9q7k_C_D.py,,data/filtered/details/structures_files/assembly/9q7k.pdb,"Heteromer, 10 proteins."
1520,9q7k,data/filtered/details/structures_files/pymol/1520_9q7k_C_E.py,,data/filtered/details/structures_files/assembly/9q7k.pdb,"Heteromer, 10 proteins."
1521,9q7k,data/filtered/details/structures_files/pymol/1521_9q7k_C_a.py,,data/filtered/details/structures_files/assembly/9q7k.pdb,"Heteromer, 10 proteins."
1522,9q7k,data/filtered/details/structures_files/pymol/1522_9q7k_C_c.py,,data/filtered/details/structures_files/assembly/9q7k.pdb,"Heteromer, 10 proteins."
1528,9b27,data/filtered/details/structures_files/pymol/1528_9b27_F_G.py,,data/filtered/details/structures_files/assembly/9b27.pdb,"Heteromer, 8 proteins."
1529,9b27,data/filtered/details/structures_files/pymol/1529_9b27_F_H.py,,data/filtered/details/structures_files/assembly/9b27.pdb,"Heteromer, 8 proteins."
1539,9q7k,data/filtered/details/structures_files/pymol/1539_9q7k_B_C.py,,data/filtered/details/structures_files/assembly/9q7k.pdb,"Heteromer, 10 proteins."
154,12by,data/filtered/details/structures_files/pymol/154_12by_G_H.py,,data/filtered/details/structures_files/assembly/12by.pdb,"Heteromer, 9 proteins."
1540,9q7k,data/filtered/details/structures_files/pymol/1540_9q7k_B_D.py,,data/filtered/details/structures_files/assembly/9q7k.pdb,"Heteromer, 10 proteins."
1541,9q7k,data/filtered/details/structures_files/pymol/1541_9q7k_B_b.py,,data/filtered/details/structures_files/assembly/9q7k.pdb,"Heteromer, 10 proteins."
1547,9b27,data/filtered/details/structures_files/pymol/1547_9b27_E_F.py,,data/filtered/details/structures_files/assembly/9b27.pdb,"Heteromer, 8 proteins."
1548,9b27,data/filtered/details/structures_files/pymol/1548_9b27_E_G.py,,data/filtered/details/structures_files/assembly/9b27.pdb,"Heteromer, 8 proteins."
1551,9p1i,data/filtered/details/structures_files/pymol/1551_9p1i_b_m.py,,data/filtered/details/structures_files/assembly/9p1i.pdb,"Heteromer, 24 proteins."
1552,9p1i,data/filtered/details/structures_files/pymol/1552_9p1i_b_n.py,,data/filtered/details/structures_files/assembly/9p1i.pdb,"Heteromer, 24 proteins."
1556,9q7k,data/filtered/details/structures_files/pymol/1556_9q7k_A_B.py,,data/filtered/details/structures_files/assembly/9q7k.pdb,"Heteromer, 10 proteins."
1557,9q7k,data/filtered/details/structures_files/pymol/1557_9q7k_A_C.py,,data/filtered/details/structures_files/assembly/9q7k.pdb,"Heteromer, 10 proteins."
1558,9q7k,data/filtered/details/structures_files/pymol/1558_9q7k_A_a.py,,data/filtered/details/structures_files/assembly/9q7k.pdb,"Heteromer, 10 proteins."
1562,9b27,data/filtered/details/structures_files/pymol/1562_9b27_D_E.py,,data/filtered/details/structures_files/assembly/9b27.pdb,"Heteromer, 8 proteins."
1563,9b27,data/filtered/details/structures_files/pymol/1563_9b27_D_F.py,,data/filtered/details/structures_files/assembly/9b27.pdb,"Heteromer, 8 proteins."
1566,9p1i,data/filtered/details/structures_files/pymol/1566_9p1i_a_b.py,,data/filtered/details/structures_files/assembly/9p1i.pdb,"Heteromer, 24 proteins."
1567,9p1i,data/filtered/details/structures_files/pymol/1567_9p1i_a_l.py,,data/filtered/details/structures_files/assembly/9p1i.pdb,"Heteromer, 24 proteins."
1568,9p1i,data/filtered/details/structures_files/pymol/1568_9p1i_a_m.py,,data/filtered/details/structures_files/assembly/9p1i.pdb,"Heteromer, 24 proteins."
1569,9p1i,data/filtered/details/structures_files/pymol/1569_9p1i_a_n.py,,data/filtered/details/structures_files/assembly/9p1i.pdb,"Heteromer, 24 proteins."
1579,9b27,data/filtered/details/structures_files/pymol/1579_9b27_C_D.py,,data/filtered/details/structures_files/assembly/9b27.pdb,"Heteromer, 8 proteins."
1580,9b27,data/filtered/details/structures_files/pymol/1580_9b27_C_E.py,,data/filtered/details/structures_files/assembly/9b27.pdb,"Heteromer, 8 proteins."
1583,9p1i,data/filtered/details/structures_files/pymol/1583_9p1i_Z_a.py,,data/filtered/details/structures_files/assembly/9p1i.pdb,"Heteromer, 24 proteins."
1584,9p1i,data/filtered/details/structures_files/pymol/1584_9p1i_Z_b.py,,data/filtered/details/structures_files/assembly/9p1i.pdb,"Heteromer, 24 proteins."
1585,9p1i,data/filtered/details/structures_files/pymol/1585_9p1i_Z_k.py,,data/filtered/details/structures_files/assembly/9p1i.pdb,"Heteromer, 24 proteins."
1586,9p1i,data/filtered/details/structures_files/pymol/1586_9p1i_Z_l.py,,data/filtered/details/structures_files/assembly/9p1i.pdb,"Heteromer, 24 proteins."
1587,9p1i,data/filtered/details/structures_files/pymol/1587_9p1i_Z_m.py,,data/filtered/details/structures_files/assembly/9p1i.pdb,"Heteromer, 24 proteins."
159,8thx,data/filtered/details/structures_files/pymol/159_8thx_D_E.py,,data/filtered/details/structures_files/assembly/8thx.pdb,"Homomer, 5 proteins."
1595,9b27,data/filtered/details/structures_files/pymol/1595_9b27_B_C.py,,data/filtered/details/structures_files/assembly/9b27.pdb,"Heteromer, 8 proteins."
1596,9b27,data/filtered/details/structures_files/pymol/1596_9b27_B_D.py,,data/filtered/details/structures_files/assembly/9b27.pdb,"Heteromer, 8 proteins."
1599,9p1i,data/filtered/details/structures_files/pymol/1599_9p1i_Y_Z.py,,data/filtered/details/structures_files/assembly/9p1i.pdb,"Heteromer, 24 proteins."
16,7uuw,data/filtered/details/structures_files/pymol/16_7uuw_D_E.py,,data/filtered/details/structures_files/assembly/7uuw.pdb,"Heteromer, 12 proteins."
160,9qfd,data/filtered/details/structures_files/pymol/160_9qfd_A_B.py,,data/filtered/details/structures_files/assembly/9qfd.pdb,"Heteromer, 14 proteins."
1600,9p1i,data/filtered/details/structures_files/pymol/1600_9p1i_Y_a.py,,data/filtered/details/structures_files/assembly/9p1i.pdb,"Heteromer, 24 proteins."
1601,9p1i,data/filtered/details/structures_files/pymol/1601_9p1i_Y_j.py,,data/filtered/details/structures_files/assembly/9p1i.pdb,"Heteromer, 24 proteins."
1602,9p1i,data/filtered/details/structures_files/pymol/1602_9p1i_Y_k.py,,data/filtered/details/structures_files/assembly/9p1i.pdb,"Heteromer, 24 proteins."
1603,9p1i,data/filtered/details/structures_files/pymol/1603_9p1i_Y_l.py,,data/filtered/details/structures_files/assembly/9p1i.pdb,"Heteromer, 24 proteins."
1608,9b27,data/filtered/details/structures_files/pymol/1608_9b27_A_B.py,,data/filtered/details/structures_files/assembly/9b27.pdb,"Heteromer, 8 proteins."
1609,9b27,data/filtered/details/structures_files/pymol/1609_9b27_A_C.py,,data/filtered/details/structures_files/assembly/9b27.pdb,"Heteromer, 8 proteins."
161,9qfd,data/filtered/details/structures_files/pymol/161_9qfd_A_C.py,,data/filtered/details/structures_files/assembly/9qfd.pdb,"Heteromer, 14 proteins."
1612,9p1i,data/filtered/details/structures_files/pymol/1612_9p1i_X_Y.py,,data/filtered/details/structures_files/assembly/9p1i.pdb,"Heteromer, 24 proteins."
1613,9p1i,data/filtered/details/structures_files/pymol/1613_9p1i_X_Z.py,,data/filtered/details/structures_files/assembly/9p1i.pdb,"Heteromer, 24 proteins."
1614,9p1i,data/filtered/details/structures_files/pymol/1614_9p1i_X_i.py,,data/filtered/details/structures_files/assembly/9p1i.pdb,"Heteromer, 24 proteins."
1615,9p1i,data/filtered/details/structures_files/pymol/1615_9p1i_X_j.py,,data/filtered/details/structures_files/assembly/9p1i.pdb,"Heteromer, 24 proteins."
1616,9p1i,data/filtered/details/structures_files/pymol/1616_9p1i_X_k.py,,data/filtered/details/structures_files/assembly/9p1i.pdb,"Heteromer, 24 proteins."
1619,6c1h,data/filtered/details/structures_files/pymol/1619_6c1h_D_E.py,,data/filtered/details/structures_files/assembly/6c1h.pdb,"Heteromer, 7 proteins."
162,9qfd,data/filtered/details/structures_files/pymol/162_9qfd_A_H.py,,data/filtered/details/structures_files/assembly/9qfd.pdb,"Heteromer, 14 proteins."
1620,6c1h,data/filtered/details/structures_files/pymol/1620_6c1h_D_P.py,,data/filtered/details/structures_files/assembly/6c1h.pdb,"Heteromer, 7 proteins."
1629,9p1i,data/filtered/details/structures_files/pymol/1629_9p1i_W_X.py,,data/filtered/details/structures_files/assembly/9p1i.pdb,"Heteromer, 24 proteins."
163,9qfd,data/filtered/details/structures_files/pymol/163_9qfd_A_J.py,,data/filtered/details/structures_files/assembly/9qfd.pdb,"Heteromer, 14 proteins."
1630,9p1i,data/filtered/details/structures_files/pymol/1630_9p1i_W_Y.py,,data/filtered/details/structures_files/assembly/9p1i.pdb,"Heteromer, 24 proteins."
1631,9p1i,data/filtered/details/structures_files/pymol/1631_9p1i_W_f.py,,data/filtered/details/structures_files/assembly/9p1i.pdb,"Heteromer, 24 proteins."
1632,9p1i,data/filtered/details/structures_files/pymol/1632_9p1i_W_i.py,,data/filtered/details/structures_files/assembly/9p1i.pdb,"Heteromer, 24 proteins."
1633,9p1i,data/filtered/details/structures_files/pymol/1633_9p1i_W_j.py,,data/filtered/details/structures_files/assembly/9p1i.pdb,"Heteromer, 24 proteins."
1636,6c1h,data/filtered/details/structures_files/pymol/1636_6c1h_C_D.py,,data/filtered/details/structures_files/assembly/6c1h.pdb,"Heteromer, 7 proteins."
1637,6c1h,data/filtered/details/structures_files/pymol/1637_6c1h_C_E.py,,data/filtered/details/structures_files/assembly/6c1h.pdb,"Heteromer, 7 proteins."
1644,9b0k,data/filtered/details/structures_files/pymol/1644_9b0k_E_F.py,,data/filtered/details/structures_files/assembly/9b0k.pdb,"Heteromer, 8 proteins."
1645,9b0k,data/filtered/details/structures_files/pymol/1645_9b0k_E_G.py,,data/filtered/details/structures_files/assembly/9b0k.pdb,"Heteromer, 8 proteins."
1649,9p1i,data/filtered/details/structures_files/pymol/1649_9p1i_V_d.py,,data/filtered/details/structures_files/assembly/9p1i.pdb,"Heteromer, 24 proteins."
1650,9p1i,data/filtered/details/structures_files/pymol/1650_9p1i_V_e.py,,data/filtered/details/structures_files/assembly/9p1i.pdb,"Heteromer, 24 proteins."
1651,9p1i,data/filtered/details/structures_files/pymol/1651_9p1i_V_h.py,,data/filtered/details/structures_files/assembly/9p1i.pdb,"Heteromer, 24 proteins."
1655,6c1h,data/filtered/details/structures_files/pymol/1655_6c1h_B_C.py,,data/filtered/details/structures_files/assembly/6c1h.pdb,"Heteromer, 7 proteins."
1656,6c1h,data/filtered/details/structures_files/pymol/1656_6c1h_B_D.py,,data/filtered/details/structures_files/assembly/6c1h.pdb,"Heteromer, 7 proteins."
1657,6c1h,data/filtered/details/structures_files/pymol/1657_6c1h_B_P.py,,data/filtered/details/structures_files/assembly/6c1h.pdb,"Heteromer, 7 proteins."
1664,9b0k,data/filtered/details/structures_files/pymol/1664_9b0k_D_E.py,,data/filtered/details/structures_files/assembly/9b0k.pdb,"Heteromer, 8 proteins."
1665,9b0k,data/filtered/details/structures_files/pymol/1665_9b0k_D_F.py,,data/filtered/details/structures_files/assembly/9b0k.pdb,"Heteromer, 8 proteins."
1666,9b0k,data/filtered/details/structures_files/pymol/1666_9b0k_D_G.py,,data/filtered/details/structures_files/assembly/9b0k.pdb,"Heteromer, 8 proteins."
1667,9b0k,data/filtered/details/structures_files/pymol/1667_9b0k_D_H.py,,data/filtered/details/structures_files/assembly/9b0k.pdb,"Heteromer, 8 proteins."
1669,9p1i,data/filtered/details/structures_files/pymol/1669_9p1i_U_V.py,,data/filtered/details/structures_files/assembly/9p1i.pdb,"Heteromer, 24 proteins."
167,12by,data/filtered/details/structures_files/pymol/167_12by_F_G.py,,data/filtered/details/structures_files/assembly/12by.pdb,"Heteromer, 9 proteins."
1670,9p1i,data/filtered/details/structures_files/pymol/1670_9p1i_U_e.py,,data/filtered/details/structures_files/assembly/9p1i.pdb,"Heteromer, 24 proteins."
1671,9p1i,data/filtered/details/structures_files/pymol/1671_9p1i_U_h.py,,data/filtered/details/structures_files/assembly/9p1i.pdb,"Heteromer, 24 proteins."
1674,6c1h,data/filtered/details/structures_files/pymol/1674_6c1h_A_B.py,,data/filtered/details/structures_files/assembly/6c1h.pdb,"Heteromer, 7 proteins."
1675,6c1h,data/filtered/details/structures_files/pymol/1675_6c1h_A_C.py,,data/filtered/details/structures_files/assembly/6c1h.pdb,"Heteromer, 7 proteins."
168,12by,data/filtered/details/structures_files/pymol/168_12by_F_H.py,,data/filtered/details/structures_files/assembly/12by.pdb,"Heteromer, 9 proteins."
1683,9b0k,data/filtered/details/structures_files/pymol/1683_9b0k_C_D.py,,data/filtered/details/structures_files/assembly/9b0k.pdb,"Heteromer, 8 proteins."
1684,9b0k,data/filtered/details/structures_files/pymol/1684_9b0k_C_E.py,,data/filtered/details/structures_files/assembly/9b0k.pdb,"Heteromer, 8 proteins."
1685,9b0k,data/filtered/details/structures_files/pymol/1685_9b0k_C_G.py,,data/filtered/details/structures_files/assembly/9b0k.pdb,"Heteromer, 8 proteins."
1686,9b0k,data/filtered/details/structures_files/pymol/1686_9b0k_C_H.py,,data/filtered/details/structures_files/assembly/9b0k.pdb,"Heteromer, 8 proteins."
1690,9p1i,data/filtered/details/structures_files/pymol/1690_9p1i_T_V.py,,data/filtered/details/structures_files/assembly/9p1i.pdb,"Heteromer, 24 proteins."
1691,9p1i,data/filtered/details/structures_files/pymol/1691_9p1i_T_c.py,,data/filtered/details/structures_files/assembly/9p1i.pdb,"Heteromer, 24 proteins."
1692,9p1i,data/filtered/details/structures_files/pymol/1692_9p1i_T_d.py,,data/filtered/details/structures_files/assembly/9p1i.pdb,"Heteromer, 24 proteins."
1693,9p1i,data/filtered/details/structures_files/pymol/1693_9p1i_T_g.py,,data/filtered/details/structures_files/assembly/9p1i.pdb,"Heteromer, 24 proteins."
17,7uuw,data/filtered/details/structures_files/pymol/17_7uuw_D_F.py,,data/filtered/details/structures_files/assembly/7uuw.pdb,"Heteromer, 12 proteins."
1706,9b0k,data/filtered/details/structures_files/pymol/1706_9b0k_B_C.py,,data/filtered/details/structures_files/assembly/9b0k.pdb,"Heteromer, 8 proteins."
1707,9b0k,data/filtered/details/structures_files/pymol/1707_9b0k_B_D.py,,data/filtered/details/structures_files/assembly/9b0k.pdb,"Heteromer, 8 proteins."
1708,9b0k,data/filtered/details/structures_files/pymol/1708_9b0k_B_G.py,,data/filtered/details/structures_files/assembly/9b0k.pdb,"Heteromer, 8 proteins."
1710,9p1i,data/filtered/details/structures_files/pymol/1710_9p1i_S_T.py,,data/filtered/details/structures_files/assembly/9p1i.pdb,"Heteromer, 24 proteins."
1711,9p1i,data/filtered/details/structures_files/pymol/1711_9p1i_S_U.py,,data/filtered/details/structures_files/assembly/9p1i.pdb,"Heteromer, 24 proteins."
1712,9p1i,data/filtered/details/structures_files/pymol/1712_9p1i_S_V.py,,data/filtered/details/structures_files/assembly/9p1i.pdb,"Heteromer, 24 proteins."
1713,9p1i,data/filtered/details/structures_files/pymol/1713_9p1i_S_d.py,,data/filtered/details/structures_files/assembly/9p1i.pdb,"Heteromer, 24 proteins."
1714,9p1i,data/filtered/details/structures_files/pymol/1714_9p1i_S_g.py,,data/filtered/details/structures_files/assembly/9p1i.pdb,"Heteromer, 24 proteins."
1715,9p1i,data/filtered/details/structures_files/pymol/1715_9p1i_S_h.py,,data/filtered/details/structures_files/assembly/9p1i.pdb,"Heteromer, 24 proteins."
1728,9b0k,data/filtered/details/structures_files/pymol/1728_9b0k_A_B.py,,data/filtered/details/structures_files/assembly/9b0k.pdb,"Heteromer, 8 proteins."
1729,9b0k,data/filtered/details/structures_files/pymol/1729_9b0k_A_C.py,,data/filtered/details/structures_files/assembly/9b0k.pdb,"Heteromer, 8 proteins."
1730,9b0k,data/filtered/details/structures_files/pymol/1730_9b0k_A_H.py,,data/filtered/details/structures_files/assembly/9b0k.pdb,"Heteromer, 8 proteins."
1732,9p1i,data/filtered/details/structures_files/pymol/1732_9p1i_R_T.py,,data/filtered/details/structures_files/assembly/9p1i.pdb,"Heteromer, 24 proteins."
1733,9p1i,data/filtered/details/structures_files/pymol/1733_9p1i_R_W.py,,data/filtered/details/structures_files/assembly/9p1i.pdb,"Heteromer, 24 proteins."
1734,9p1i,data/filtered/details/structures_files/pymol/1734_9p1i_R_X.py,,data/filtered/details/structures_files/assembly/9p1i.pdb,"Heteromer, 24 proteins."
1735,9p1i,data/filtered/details/structures_files/pymol/1735_9p1i_R_c.py,,data/filtered/details/structures_files/assembly/9p1i.pdb,"Heteromer, 24 proteins."
1736,9p1i,data/filtered/details/structures_files/pymol/1736_9p1i_R_f.py,,data/filtered/details/structures_files/assembly/9p1i.pdb,"Heteromer, 24 proteins."
1737,9p1i,data/filtered/details/structures_files/pymol/1737_9p1i_R_i.py,,data/filtered/details/structures_files/assembly/9p1i.pdb,"Heteromer, 24 proteins."
174,8thx,data/filtered/details/structures_files/pymol/174_8thx_C_D.py,,data/filtered/details/structures_files/assembly/8thx.pdb,"Homomer, 5 proteins."
1742,6upw,data/filtered/details/structures_files/pymol/1742_6upw_E_D.py,,data/filtered/details/structures_files/assembly/6upw.pdb,"Heteromer, 7 proteins."
1743,6upw,data/filtered/details/structures_files/pymol/1743_6upw_E_M.py,,data/filtered/details/structures_files/assembly/6upw.pdb,"Heteromer, 7 proteins."
1749,9p1i,data/filtered/details/structures_files/pymol/1749_9p1i_Q_R.py,,data/filtered/details/structures_files/assembly/9p1i.pdb,"Heteromer, 24 proteins."
175,8thx,data/filtered/details/structures_files/pymol/175_8thx_C_E.py,,data/filtered/details/structures_files/assembly/8thx.pdb,"Homomer, 5 proteins."
1750,9p1i,data/filtered/details/structures_files/pymol/1750_9p1i_Q_S.py,,data/filtered/details/structures_files/assembly/9p1i.pdb,"Heteromer, 24 proteins."
1751,9p1i,data/filtered/details/structures_files/pymol/1751_9p1i_Q_T.py,,data/filtered/details/structures_files/assembly/9p1i.pdb,"Heteromer, 24 proteins."
1752,9p1i,data/filtered/details/structures_files/pymol/1752_9p1i_Q_W.py,,data/filtered/details/structures_files/assembly/9p1i.pdb,"Heteromer, 24 proteins."
1753,9p1i,data/filtered/details/structures_files/pymol/1753_9p1i_Q_c.py,,data/filtered/details/structures_files/assembly/9p1i.pdb,"Heteromer, 24 proteins."
1754,9p1i,data/filtered/details/structures_files/pymol/1754_9p1i_Q_f.py,,data/filtered/details/structures_files/assembly/9p1i.pdb,"Heteromer, 24 proteins."
1755,9p1i,data/filtered/details/structures_files/pymol/1755_9p1i_Q_g.py,,data/filtered/details/structures_files/assembly/9p1i.pdb,"Heteromer, 24 proteins."
1759,6upw,data/filtered/details/structures_files/pymol/1759_6upw_A_L.py,,data/filtered/details/structures_files/assembly/6upw.pdb,"Heteromer, 7 proteins."
1767,9b03,data/filtered/details/structures_files/pymol/1767_9b03_E_F.py,,data/filtered/details/structures_files/assembly/9b03.pdb,"Heteromer, 8 proteins."
1768,9b03,data/filtered/details/structures_files/pymol/1768_9b03_E_G.py,,data/filtered/details/structures_files/assembly/9b03.pdb,"Heteromer, 8 proteins."
1777,6upw,data/filtered/details/structures_files/pymol/1777_6upw_B_A.py,,data/filtered/details/structures_files/assembly/6upw.pdb,"Heteromer, 7 proteins."
1778,6upw,data/filtered/details/structures_files/pymol/1778_6upw_B_D.py,,data/filtered/details/structures_files/assembly/6upw.pdb,"Heteromer, 7 proteins."
178,9qfb,data/filtered/details/structures_files/pymol/178_9qfb_G_M.py,,data/filtered/details/structures_files/assembly/9qfb.pdb,"Heteromer, 14 proteins."
1787,9b03,data/filtered/details/structures_files/pymol/1787_9b03_D_E.py,,data/filtered/details/structures_files/assembly/9b03.pdb,"Heteromer, 8 proteins."
1788,9b03,data/filtered/details/structures_files/pymol/1788_9b03_D_F.py,,data/filtered/details/structures_files/assembly/9b03.pdb,"Heteromer, 8 proteins."
1789,9b03,data/filtered/details/structures_files/pymol/1789_9b03_D_G.py,,data/filtered/details/structures_files/assembly/9b03.pdb,"Heteromer, 8 proteins."
179,9qfb,data/filtered/details/structures_files/pymol/179_9qfb_G_N.py,,data/filtered/details/structures_files/assembly/9qfb.pdb,"Heteromer, 14 proteins."
1790,9b03,data/filtered/details/structures_files/pymol/1790_9b03_D_H.py,,data/filtered/details/structures_files/assembly/9b03.pdb,"Heteromer, 8 proteins."
1794,6upw,data/filtered/details/structures_files/pymol/1794_6upw_C_B.py,,data/filtered/details/structures_files/assembly/6upw.pdb,"Heteromer, 7 proteins."
1795,6upw,data/filtered/details/structures_files/pymol/1795_6upw_C_A.py,,data/filtered/details/structures_files/assembly/6upw.pdb,"Heteromer, 7 proteins."
1796,6upw,data/filtered/details/structures_files/pymol/1796_6upw_C_E.py,,data/filtered/details/structures_files/assembly/6upw.pdb,"Heteromer, 7 proteins."
1797,6upw,data/filtered/details/structures_files/pymol/1797_6upw_C_D.py,,data/filtered/details/structures_files/assembly/6upw.pdb,"Heteromer, 7 proteins."
1798,6upw,data/filtered/details/structures_files/pymol/1798_6upw_C_M.py,,data/filtered/details/structures_files/assembly/6upw.pdb,"Heteromer, 7 proteins."
1799,6upw,data/filtered/details/structures_files/pymol/1799_6upw_C_L.py,,data/filtered/details/structures_files/assembly/6upw.pdb,"Heteromer, 7 proteins."
18,7uuw,data/filtered/details/structures_files/pymol/18_7uuw_D_I.py,,data/filtered/details/structures_files/assembly/7uuw.pdb,"Heteromer, 12 proteins."
1808,9b03,data/filtered/details/structures_files/pymol/1808_9b03_C_D.py,,data/filtered/details/structures_files/assembly/9b03.pdb,"Heteromer, 8 proteins."
1809,9b03,data/filtered/details/structures_files/pymol/1809_9b03_C_E.py,,data/filtered/details/structures_files/assembly/9b03.pdb,"Heteromer, 8 proteins."
1810,9b03,data/filtered/details/structures_files/pymol/1810_9b03_C_G.py,,data/filtered/details/structures_files/assembly/9b03.pdb,"Heteromer, 8 proteins."
1811,9b03,data/filtered/details/structures_files/pymol/1811_9b03_C_H.py,,data/filtered/details/structures_files/assembly/9b03.pdb,"Heteromer, 8 proteins."
1817,6upv,data/filtered/details/structures_files/pymol/1817_6upv_E_M.py,,data/filtered/details/structures_files/assembly/6upv.pdb,"Heteromer, 7 proteins."
1824,9b03,data/filtered/details/structures_files/pymol/1824_9b03_B_C.py,,data/filtered/details/structures_files/assembly/9b03.pdb,"Heteromer, 8 proteins."
1825,9b03,data/filtered/details/structures_files/pymol/1825_9b03_B_D.py,,data/filtered/details/structures_files/assembly/9b03.pdb,"Heteromer, 8 proteins."
1826,9b03,data/filtered/details/structures_files/pymol/1826_9b03_B_G.py,,data/filtered/details/structures_files/assembly/9b03.pdb,"Heteromer, 8 proteins."
183,12by,data/filtered/details/structures_files/pymol/183_12by_E_F.py,,data/filtered/details/structures_files/assembly/12by.pdb,"Heteromer, 9 proteins."
1834,6upv,data/filtered/details/structures_files/pymol/1834_6upv_D_E.py,,data/filtered/details/structures_files/assembly/6upv.pdb,"Heteromer, 7 proteins."
1839,9b03,data/filtered/details/structures_files/pymol/1839_9b03_A_B.py,,data/filtered/details/structures_files/assembly/9b03.pdb,"Heteromer, 8 proteins."
184,12by,data/filtered/details/structures_files/pymol/184_12by_E_G.py,,data/filtered/details/structures_files/assembly/12by.pdb,"Heteromer, 9 proteins."
1840,9b03,data/filtered/details/structures_files/pymol/1840_9b03_A_C.py,,data/filtered/details/structures_files/assembly/9b03.pdb,"Heteromer, 8 proteins."
1841,9b03,data/filtered/details/structures_files/pymol/1841_9b03_A_H.py,,data/filtered/details/structures_files/assembly/9b03.pdb,"Heteromer, 8 proteins."
1849,6upv,data/filtered/details/structures_files/pymol/1849_6upv_A_L.py,,data/filtered/details/structures_files/assembly/6upv.pdb,"Heteromer, 7 proteins."
185,12by,data/filtered/details/structures_files/pymol/185_12by_E_I.py,,data/filtered/details/structures_files/assembly/12by.pdb,"Heteromer, 9 proteins."
1859,9azq,data/filtered/details/structures_files/pymol/1859_9azq_I_H.py,data/filtered/details/structures_files/assembly/9azq.cif,,"Heteromer, 9 proteins."
1867,6upv,data/filtered/details/structures_files/pymol/1867_6upv_C_L.py,,data/filtered/details/structures_files/assembly/6upv.pdb,"Heteromer, 7 proteins."
1868,6upv,data/filtered/details/structures_files/pymol/1868_6upv_C_M.py,,data/filtered/details/structures_files/assembly/6upv.pdb,"Heteromer, 7 proteins."
1870,6upv,data/filtered/details/structures_files/pymol/1870_6upv_C_A.py,,data/filtered/details/structures_files/assembly/6upv.pdb,"Heteromer, 7 proteins."
1871,6upv,data/filtered/details/structures_files/pymol/1871_6upv_C_D.py,,data/filtered/details/structures_files/assembly/6upv.pdb,"Heteromer, 7 proteins."
1872,6upv,data/filtered/details/structures_files/pymol/1872_6upv_C_E.py,,data/filtered/details/structures_files/assembly/6upv.pdb,"Heteromer, 7 proteins."
188,8thx,data/filtered/details/structures_files/pymol/188_8thx_B_C.py,,data/filtered/details/structures_files/assembly/8thx.pdb,"Homomer, 5 proteins."
1882,9azq,data/filtered/details/structures_files/pymol/1882_9azq_F_H.py,data/filtered/details/structures_files/assembly/9azq.cif,,"Heteromer, 9 proteins."
1883,9azq,data/filtered/details/structures_files/pymol/1883_9azq_F_I.py,data/filtered/details/structures_files/assembly/9azq.cif,,"Heteromer, 9 proteins."
189,8thx,data/filtered/details/structures_files/pymol/189_8thx_B_D.py,,data/filtered/details/structures_files/assembly/8thx.pdb,"Homomer, 5 proteins."
1891,6upv,data/filtered/details/structures_files/pymol/1891_6upv_B_C.py,,data/filtered/details/structures_files/assembly/6upv.pdb,"Heteromer, 7 proteins."
1892,6upv,data/filtered/details/structures_files/pymol/1892_6upv_B_A.py,,data/filtered/details/structures_files/assembly/6upv.pdb,"Heteromer, 7 proteins."
1893,6upv,data/filtered/details/structures_files/pymol/1893_6upv_B_D.py,,data/filtered/details/structures_files/assembly/6upv.pdb,"Heteromer, 7 proteins."
19,7uuw,data/filtered/details/structures_files/pymol/19_7uuw_D_K.py,,data/filtered/details/structures_files/assembly/7uuw.pdb,"Heteromer, 12 proteins."
1901,9azq,data/filtered/details/structures_files/pymol/1901_9azq_E_F.py,data/filtered/details/structures_files/assembly/9azq.cif,,"Heteromer, 9 proteins."
1902,9azq,data/filtered/details/structures_files/pymol/1902_9azq_E_H.py,data/filtered/details/structures_files/assembly/9azq.cif,,"Heteromer, 9 proteins."
1903,9azq,data/filtered/details/structures_files/pymol/1903_9azq_E_I.py,data/filtered/details/structures_files/assembly/9azq.cif,,"Heteromer, 9 proteins."
1917,9azq,data/filtered/details/structures_files/pymol/1917_9azq_D_E.py,data/filtered/details/structures_files/assembly/9azq.cif,,"Heteromer, 9 proteins."
1918,9azq,data/filtered/details/structures_files/pymol/1918_9azq_D_F.py,data/filtered/details/structures_files/assembly/9azq.cif,,"Heteromer, 9 proteins."
192,9qfb,data/filtered/details/structures_files/pymol/192_9qfb_F_G.py,,data/filtered/details/structures_files/assembly/9qfb.pdb,"Heteromer, 14 proteins."
193,9qfb,data/filtered/details/structures_files/pymol/193_9qfb_F_L.py,,data/filtered/details/structures_files/assembly/9qfb.pdb,"Heteromer, 14 proteins."
1933,9azq,data/filtered/details/structures_files/pymol/1933_9azq_C_D.py,data/filtered/details/structures_files/assembly/9azq.cif,,"Heteromer, 9 proteins."
1934,9azq,data/filtered/details/structures_files/pymol/1934_9azq_C_E.py,data/filtered/details/structures_files/assembly/9azq.cif,,"Heteromer, 9 proteins."
194,9qfb,data/filtered/details/structures_files/pymol/194_9qfb_F_M.py,,data/filtered/details/structures_files/assembly/9qfb.pdb,"Heteromer, 14 proteins."
1947,9azq,data/filtered/details/structures_files/pymol/1947_9azq_B_C.py,data/filtered/details/structures_files/assembly/9azq.cif,,"Heteromer, 9 proteins."
1948,9azq,data/filtered/details/structures_files/pymol/1948_9azq_B_D.py,data/filtered/details/structures_files/assembly/9azq.cif,,"Heteromer, 9 proteins."
195,9qfb,data/filtered/details/structures_files/pymol/195_9qfb_F_N.py,,data/filtered/details/structures_files/assembly/9qfb.pdb,"Heteromer, 14 proteins."
1959,9azq,data/filtered/details/structures_files/pymol/1959_9azq_A_B.py,data/filtered/details/structures_files/assembly/9azq.cif,,"Heteromer, 9 proteins."
1960,9azq,data/filtered/details/structures_files/pymol/1960_9azq_A_C.py,data/filtered/details/structures_files/assembly/9azq.cif,,"Heteromer, 9 proteins."
1967,6t1y,data/filtered/details/structures_files/pymol/1967_6t1y_E_D.py,,data/filtered/details/structures_files/assembly/6t1y.pdb,"Heteromer, 5 proteins, 5 peptides."
1973,9azp,data/filtered/details/structures_files/pymol/1973_9azp_I_G.py,,data/filtered/details/structures_files/assembly/9azp.pdb,"Heteromer, 10 proteins."
1974,9azp,data/filtered/details/structures_files/pymol/1974_9azp_I_H.py,,data/filtered/details/structures_files/assembly/9azp.pdb,"Heteromer, 10 proteins."
1975,9azp,data/filtered/details/structures_files/pymol/1975_9azp_I_J.py,,data/filtered/details/structures_files/assembly/9azp.pdb,"Heteromer, 10 proteins."
1979,9c21,data/filtered/details/structures_files/pymol/1979_9c21_E_F.py,,data/filtered/details/structures_files/assembly/9c21.pdb,"Homomer, 6 proteins."
199,12by,data/filtered/details/structures_files/pymol/199_12by_D_E.py,,data/filtered/details/structures_files/assembly/12by.pdb,"Heteromer, 9 proteins."
1991,9azp,data/filtered/details/structures_files/pymol/1991_9azp_F_H.py,,data/filtered/details/structures_files/assembly/9azp.pdb,"Heteromer, 10 proteins."
1994,9c21,data/filtered/details/structures_files/pymol/1994_9c21_D_E.py,,data/filtered/details/structures_files/assembly/9c21.pdb,"Homomer, 6 proteins."
1999,6t1y,data/filtered/details/structures_files/pymol/1999_6t1y_B_A.py,,data/filtered/details/structures_files/assembly/6t1y.pdb,"Heteromer, 5 proteins, 5 peptides."
200,12by,data/filtered/details/structures_files/pymol/200_12by_D_F.py,,data/filtered/details/structures_files/assembly/12by.pdb,"Heteromer, 9 proteins."
2000,6t1y,data/filtered/details/structures_files/pymol/2000_6t1y_B_D.py,,data/filtered/details/structures_files/assembly/6t1y.pdb,"Heteromer, 5 proteins, 5 peptides."
2009,9azp,data/filtered/details/structures_files/pymol/2009_9azp_E_F.py,,data/filtered/details/structures_files/assembly/9azp.pdb,"Heteromer, 10 proteins."
2010,9azp,data/filtered/details/structures_files/pymol/2010_9azp_E_G.py,,data/filtered/details/structures_files/assembly/9azp.pdb,"Heteromer, 10 proteins."
2011,9azp,data/filtered/details/structures_files/pymol/2011_9azp_E_H.py,,data/filtered/details/structures_files/assembly/9azp.pdb,"Heteromer, 10 proteins."
2012,9azp,data/filtered/details/structures_files/pymol/2012_9azp_E_I.py,,data/filtered/details/structures_files/assembly/9azp.pdb,"Heteromer, 10 proteins."
2014,9c21,data/filtered/details/structures_files/pymol/2014_9c21_C_E.py,,data/filtered/details/structures_files/assembly/9c21.pdb,"Homomer, 6 proteins."
2015,9c21,data/filtered/details/structures_files/pymol/2015_9c21_C_F.py,,data/filtered/details/structures_files/assembly/9c21.pdb,"Homomer, 6 proteins."
2018,6t1y,data/filtered/details/structures_files/pymol/2018_6t1y_C_B.py,,data/filtered/details/structures_files/assembly/6t1y.pdb,"Heteromer, 5 proteins, 5 peptides."
2019,6t1y,data/filtered/details/structures_files/pymol/2019_6t1y_C_A.py,,data/filtered/details/structures_files/assembly/6t1y.pdb,"Heteromer, 5 proteins, 5 peptides."
202,8thx,data/filtered/details/structures_files/pymol/202_8thx_A_B.py,,data/filtered/details/structures_files/assembly/8thx.pdb,"Homomer, 5 proteins."
2020,6t1y,data/filtered/details/structures_files/pymol/2020_6t1y_C_E.py,,data/filtered/details/structures_files/assembly/6t1y.pdb,"Heteromer, 5 proteins, 5 peptides."
2021,6t1y,data/filtered/details/structures_files/pymol/2021_6t1y_C_D.py,,data/filtered/details/structures_files/assembly/6t1y.pdb,"Heteromer, 5 proteins, 5 peptides."
203,8thx,data/filtered/details/structures_files/pymol/203_8thx_A_C.py,,data/filtered/details/structures_files/assembly/8thx.pdb,"Homomer, 5 proteins."
2030,9azp,data/filtered/details/structures_files/pymol/2030_9azp_D_E.py,,data/filtered/details/structures_files/assembly/9azp.pdb,"Heteromer, 10 proteins."
2031,9azp,data/filtered/details/structures_files/pymol/2031_9azp_D_F.py,,data/filtered/details/structures_files/assembly/9azp.pdb,"Heteromer, 10 proteins."
2032,9azp,data/filtered/details/structures_files/pymol/2032_9azp_D_G.py,,data/filtered/details/structures_files/assembly/9azp.pdb,"Heteromer, 10 proteins."
2034,9c21,data/filtered/details/structures_files/pymol/2034_9c21_B_C.py,,data/filtered/details/structures_files/assembly/9c21.pdb,"Homomer, 6 proteins."
2035,9c21,data/filtered/details/structures_files/pymol/2035_9c21_B_D.py,,data/filtered/details/structures_files/assembly/9c21.pdb,"Homomer, 6 proteins."
2036,9c21,data/filtered/details/structures_files/pymol/2036_9c21_B_E.py,,data/filtered/details/structures_files/assembly/9c21.pdb,"Homomer, 6 proteins."
2039,9zbl,data/filtered/details/structures_files/pymol/2039_9zbl_E_F.py,,data/filtered/details/structures_files/assembly/9zbl.pdb,"Heteromer, 10 proteins."
2050,9azp,data/filtered/details/structures_files/pymol/2050_9azp_C_D.py,,data/filtered/details/structures_files/assembly/9azp.pdb,"Heteromer, 10 proteins."
2051,9azp,data/filtered/details/structures_files/pymol/2051_9azp_C_E.py,,data/filtered/details/structures_files/assembly/9azp.pdb,"Heteromer, 10 proteins."
2052,9c21,data/filtered/details/structures_files/pymol/2052_9c21_A_B.py,,data/filtered/details/structures_files/assembly/9c21.pdb,"Homomer, 6 proteins."
2053,9c21,data/filtered/details/structures_files/pymol/2053_9c21_A_D.py,,data/filtered/details/structures_files/assembly/9c21.pdb,"Homomer, 6 proteins."
2056,9zbl,data/filtered/details/structures_files/pymol/2056_9zbl_D_E.py,,data/filtered/details/structures_files/assembly/9zbl.pdb,"Heteromer, 10 proteins."
2057,9zbl,data/filtered/details/structures_files/pymol/2057_9zbl_D_F.py,,data/filtered/details/structures_files/assembly/9zbl.pdb,"Heteromer, 10 proteins."
2059,6t20,data/filtered/details/structures_files/pymol/2059_6t20_E_D.py,,data/filtered/details/structures_files/assembly/6t20.pdb,"Heteromer, 5 proteins, 5 peptides."
206,9qfb,data/filtered/details/structures_files/pymol/206_9qfb_E_F.py,,data/filtered/details/structures_files/assembly/9qfb.pdb,"Heteromer, 14 proteins."
2065,7p1g,data/filtered/details/structures_files/pymol/2065_7p1g_E_O.py,,data/filtered/details/structures_files/assembly/7p1g.pdb,"Heteromer, 10 proteins, 5 peptides."
2067,9azp,data/filtered/details/structures_files/pymol/2067_9azp_B_C.py,,data/filtered/details/structures_files/assembly/9azp.pdb,"Heteromer, 10 proteins."
2068,9azp,data/filtered/details/structures_files/pymol/2068_9azp_B_D.py,,data/filtered/details/structures_files/assembly/9azp.pdb,"Heteromer, 10 proteins."
207,9qfb,data/filtered/details/structures_files/pymol/207_9qfb_E_G.py,,data/filtered/details/structures_files/assembly/9qfb.pdb,"Heteromer, 14 proteins."
2075,9zbl,data/filtered/details/structures_files/pymol/2075_9zbl_C_D.py,,data/filtered/details/structures_files/assembly/9zbl.pdb,"Heteromer, 10 proteins."
2076,9zbl,data/filtered/details/structures_files/pymol/2076_9zbl_C_E.py,,data/filtered/details/structures_files/assembly/9zbl.pdb,"Heteromer, 10 proteins."
208,9qfb,data/filtered/details/structures_files/pymol/208_9qfb_E_K.py,,data/filtered/details/structures_files/assembly/9qfb.pdb,"Heteromer, 14 proteins."
2083,7p1g,data/filtered/details/structures_files/pymol/2083_7p1g_D_N.py,,data/filtered/details/structures_files/assembly/7p1g.pdb,"Heteromer, 10 proteins, 5 peptides."
2084,7p1g,data/filtered/details/structures_files/pymol/2084_7p1g_D_E.py,,data/filtered/details/structures_files/assembly/7p1g.pdb,"Heteromer, 10 proteins, 5 peptides."
2085,9azp,data/filtered/details/structures_files/pymol/2085_9azp_A_B.py,,data/filtered/details/structures_files/assembly/9azp.pdb,"Heteromer, 10 proteins."
2086,9azp,data/filtered/details/structures_files/pymol/2086_9azp_A_C.py,,data/filtered/details/structures_files/assembly/9azp.pdb,"Heteromer, 10 proteins."
209,9qfb,data/filtered/details/structures_files/pymol/209_9qfb_E_L.py,,data/filtered/details/structures_files/assembly/9qfb.pdb,"Heteromer, 14 proteins."
2092,9zbl,data/filtered/details/structures_files/pymol/2092_9zbl_B_C.py,,data/filtered/details/structures_files/assembly/9zbl.pdb,"Heteromer, 10 proteins."
2093,9zbl,data/filtered/details/structures_files/pymol/2093_9zbl_B_D.py,,data/filtered/details/structures_files/assembly/9zbl.pdb,"Heteromer, 10 proteins."
2095,6t20,data/filtered/details/structures_files/pymol/2095_6t20_B_A.py,,data/filtered/details/structures_files/assembly/6t20.pdb,"Heteromer, 5 proteins, 5 peptides."
2096,6t20,data/filtered/details/structures_files/pymol/2096_6t20_B_D.py,,data/filtered/details/structures_files/assembly/6t20.pdb,"Heteromer, 5 proteins, 5 peptides."
2099,8r3h,data/filtered/details/structures_files/pymol/2099_8r3h_H_I.py,,data/filtered/details/structures_files/assembly/8r3h.pdb,"Heteromer, 5 proteins, 3 peptides."
210,9qfb,data/filtered/details/structures_files/pymol/210_9qfb_E_M.py,,data/filtered/details/structures_files/assembly/9qfb.pdb,"Heteromer, 14 proteins."
2100,8r3h,data/filtered/details/structures_files/pymol/2100_8r3h_H_J.py,,data/filtered/details/structures_files/assembly/8r3h.pdb,"Heteromer, 5 proteins, 3 peptides."
2103,7p1g,data/filtered/details/structures_files/pymol/2103_7p1g_B_L.py,,data/filtered/details/structures_files/assembly/7p1g.pdb,"Heteromer, 10 proteins, 5 peptides."
2104,7p1g,data/filtered/details/structures_files/pymol/2104_7p1g_B_D.py,,data/filtered/details/structures_files/assembly/7p1g.pdb,"Heteromer, 10 proteins, 5 peptides."
2107,9az4,data/filtered/details/structures_files/pymol/2107_9az4_F_G.py,,data/filtered/details/structures_files/assembly/9az4.pdb,"Heteromer, 8 proteins."
2108,9az4,data/filtered/details/structures_files/pymol/2108_9az4_F_H.py,,data/filtered/details/structures_files/assembly/9az4.pdb,"Heteromer, 8 proteins."
211,9qfb,data/filtered/details/structures_files/pymol/211_9qfb_E_N.py,,data/filtered/details/structures_files/assembly/9qfb.pdb,"Heteromer, 14 proteins."
2113,9zbl,data/filtered/details/structures_files/pymol/2113_9zbl_A_B.py,,data/filtered/details/structures_files/assembly/9zbl.pdb,"Heteromer, 10 proteins."
2114,9zbl,data/filtered/details/structures_files/pymol/2114_9zbl_A_C.py,,data/filtered/details/structures_files/assembly/9zbl.pdb,"Heteromer, 10 proteins."
2115,6t20,data/filtered/details/structures_files/pymol/2115_6t20_C_B.py,,data/filtered/details/structures_files/assembly/6t20.pdb,"Heteromer, 5 proteins, 5 peptides."
2116,6t20,data/filtered/details/structures_files/pymol/2116_6t20_C_A.py,,data/filtered/details/structures_files/assembly/6t20.pdb,"Heteromer, 5 proteins, 5 peptides."
2117,6t20,data/filtered/details/structures_files/pymol/2117_6t20_C_E.py,,data/filtered/details/structures_files/assembly/6t20.pdb,"Heteromer, 5 proteins, 5 peptides."
2118,6t20,data/filtered/details/structures_files/pymol/2118_6t20_C_D.py,,data/filtered/details/structures_files/assembly/6t20.pdb,"Heteromer, 5 proteins, 5 peptides."
2119,8r3h,data/filtered/details/structures_files/pymol/2119_8r3h_G_H.py,,data/filtered/details/structures_files/assembly/8r3h.pdb,"Heteromer, 5 proteins, 3 peptides."
2120,8r3h,data/filtered/details/structures_files/pymol/2120_8r3h_G_J.py,,data/filtered/details/structures_files/assembly/8r3h.pdb,"Heteromer, 5 proteins, 3 peptides."
2121,7p1g,data/filtered/details/structures_files/pymol/2121_7p1g_A_M.py,,data/filtered/details/structures_files/assembly/7p1g.pdb,"Heteromer, 10 proteins, 5 peptides."
2123,7p1g,data/filtered/details/structures_files/pymol/2123_7p1g_A_K.py,,data/filtered/details/structures_files/assembly/7p1g.pdb,"Heteromer, 10 proteins, 5 peptides."
2124,7p1g,data/filtered/details/structures_files/pymol/2124_7p1g_A_B.py,,data/filtered/details/structures_files/assembly/7p1g.pdb,"Heteromer, 10 proteins, 5 peptides."
2127,9az4,data/filtered/details/structures_files/pymol/2127_9az4_E_F.py,,data/filtered/details/structures_files/assembly/9az4.pdb,"Heteromer, 8 proteins."
2128,9az4,data/filtered/details/structures_files/pymol/2128_9az4_E_G.py,,data/filtered/details/structures_files/assembly/9az4.pdb,"Heteromer, 8 proteins."
2129,9az4,data/filtered/details/structures_files/pymol/2129_9az4_E_H.py,,data/filtered/details/structures_files/assembly/9az4.pdb,"Heteromer, 8 proteins."
2133,9e2e,data/filtered/details/structures_files/pymol/2133_9e2e_F_L.py,,data/filtered/details/structures_files/assembly/9e2e.pdb,"Heteromer, 16 proteins."
2138,8r3h,data/filtered/details/structures_files/pymol/2138_8r3h_F_H.py,,data/filtered/details/structures_files/assembly/8r3h.pdb,"Heteromer, 5 proteins, 3 peptides."
2139,8r3h,data/filtered/details/structures_files/pymol/2139_8r3h_F_I.py,,data/filtered/details/structures_files/assembly/8r3h.pdb,"Heteromer, 5 proteins, 3 peptides."
2140,8r3h,data/filtered/details/structures_files/pymol/2140_8r3h_F_J.py,,data/filtered/details/structures_files/assembly/8r3h.pdb,"Heteromer, 5 proteins, 3 peptides."
2141,7p1g,data/filtered/details/structures_files/pymol/2141_7p1g_C_M.py,,data/filtered/details/structures_files/assembly/7p1g.pdb,"Heteromer, 10 proteins, 5 peptides."
2142,7p1g,data/filtered/details/structures_files/pymol/2142_7p1g_C_A.py,,data/filtered/details/structures_files/assembly/7p1g.pdb,"Heteromer, 10 proteins, 5 peptides."
2143,7p1g,data/filtered/details/structures_files/pymol/2143_7p1g_C_B.py,,data/filtered/details/structures_files/assembly/7p1g.pdb,"Heteromer, 10 proteins, 5 peptides."
2144,7p1g,data/filtered/details/structures_files/pymol/2144_7p1g_C_D.py,,data/filtered/details/structures_files/assembly/7p1g.pdb,"Heteromer, 10 proteins, 5 peptides."
2145,7p1g,data/filtered/details/structures_files/pymol/2145_7p1g_C_O.py,,data/filtered/details/structures_files/assembly/7p1g.pdb,"Heteromer, 10 proteins, 5 peptides."
2146,7p1g,data/filtered/details/structures_files/pymol/2146_7p1g_C_E.py,,data/filtered/details/structures_files/assembly/7p1g.pdb,"Heteromer, 10 proteins, 5 peptides."
2149,9az4,data/filtered/details/structures_files/pymol/2149_9az4_D_E.py,,data/filtered/details/structures_files/assembly/9az4.pdb,"Heteromer, 8 proteins."
2150,9az4,data/filtered/details/structures_files/pymol/2150_9az4_D_F.py,,data/filtered/details/structures_files/assembly/9az4.pdb,"Heteromer, 8 proteins."
2151,9az4,data/filtered/details/structures_files/pymol/2151_9az4_D_G.py,,data/filtered/details/structures_files/assembly/9az4.pdb,"Heteromer, 8 proteins."
2158,9e2e,data/filtered/details/structures_files/pymol/2158_9e2e_E_F.py,,data/filtered/details/structures_files/assembly/9e2e.pdb,"Heteromer, 16 proteins."
2159,9e2e,data/filtered/details/structures_files/pymol/2159_9e2e_E_G.py,,data/filtered/details/structures_files/assembly/9e2e.pdb,"Heteromer, 16 proteins."
216,12by,data/filtered/details/structures_files/pymol/216_12by_C_D.py,,data/filtered/details/structures_files/assembly/12by.pdb,"Heteromer, 9 proteins."
2162,6t23,data/filtered/details/structures_files/pymol/2162_6t23_B_C.py,,data/filtered/details/structures_files/assembly/6t23.pdb,"Homomer, 5 proteins."
2168,9az4,data/filtered/details/structures_files/pymol/2168_9az4_C_D.py,,data/filtered/details/structures_files/assembly/9az4.pdb,"Heteromer, 8 proteins."
2169,9az4,data/filtered/details/structures_files/pymol/2169_9az4_C_E.py,,data/filtered/details/structures_files/assembly/9az4.pdb,"Heteromer, 8 proteins."
217,12by,data/filtered/details/structures_files/pymol/217_12by_C_E.py,,data/filtered/details/structures_files/assembly/12by.pdb,"Heteromer, 9 proteins."
2170,9az4,data/filtered/details/structures_files/pymol/2170_9az4_C_H.py,,data/filtered/details/structures_files/assembly/9az4.pdb,"Heteromer, 8 proteins."
2176,9e2e,data/filtered/details/structures_files/pymol/2176_9e2e_D_E.py,,data/filtered/details/structures_files/assembly/9e2e.pdb,"Heteromer, 16 proteins."
2177,9e2e,data/filtered/details/structures_files/pymol/2177_9e2e_D_F.py,,data/filtered/details/structures_files/assembly/9e2e.pdb,"Heteromer, 16 proteins."
2178,9e2e,data/filtered/details/structures_files/pymol/2178_9e2e_D_L.py,,data/filtered/details/structures_files/assembly/9e2e.pdb,"Heteromer, 16 proteins."
2179,9e2e,data/filtered/details/structures_files/pymol/2179_9e2e_D_O.py,,data/filtered/details/structures_files/assembly/9e2e.pdb,"Heteromer, 16 proteins."
218,12by,data/filtered/details/structures_files/pymol/218_12by_C_I.py,,data/filtered/details/structures_files/assembly/12by.pdb,"Heteromer, 9 proteins."
2180,9e2e,data/filtered/details/structures_files/pymol/2180_9e2e_D_P.py,,data/filtered/details/structures_files/assembly/9e2e.pdb,"Heteromer, 16 proteins."
2181,6t23,data/filtered/details/structures_files/pymol/2181_6t23_A_B.py,,data/filtered/details/structures_files/assembly/6t23.pdb,"Homomer, 5 proteins."
2182,6t23,data/filtered/details/structures_files/pymol/2182_6t23_A_C.py,,data/filtered/details/structures_files/assembly/6t23.pdb,"Homomer, 5 proteins."
2185,8zb7,data/filtered/details/structures_files/pymol/2185_8zb7_A_K.py,,data/filtered/details/structures_files/assembly/8zb7.pdb,"Heteromer, 16 proteins."
2190,9az4,data/filtered/details/structures_files/pymol/2190_9az4_B_C.py,,data/filtered/details/structures_files/assembly/9az4.pdb,"Heteromer, 8 proteins."
2191,9az4,data/filtered/details/structures_files/pymol/2191_9az4_B_D.py,,data/filtered/details/structures_files/assembly/9az4.pdb,"Heteromer, 8 proteins."
2192,9az4,data/filtered/details/structures_files/pymol/2192_9az4_B_G.py,,data/filtered/details/structures_files/assembly/9az4.pdb,"Heteromer, 8 proteins."
2196,9e2e,data/filtered/details/structures_files/pymol/2196_9e2e_C_D.py,,data/filtered/details/structures_files/assembly/9e2e.pdb,"Heteromer, 16 proteins."
2197,9e2e,data/filtered/details/structures_files/pymol/2197_9e2e_C_E.py,,data/filtered/details/structures_files/assembly/9e2e.pdb,"Heteromer, 16 proteins."
2198,9e2e,data/filtered/details/structures_files/pymol/2198_9e2e_C_G.py,,data/filtered/details/structures_files/assembly/9e2e.pdb,"Heteromer, 16 proteins."
2199,9e2e,data/filtered/details/structures_files/pymol/2199_9e2e_C_J.py,,data/filtered/details/structures_files/assembly/9e2e.pdb,"Heteromer, 16 proteins."
2200,9e2e,data/filtered/details/structures_files/pymol/2200_9e2e_C_K.py,,data/filtered/details/structures_files/assembly/9e2e.pdb,"Heteromer, 16 proteins."
2202,6t23,data/filtered/details/structures_files/pymol/2202_6t23_E_C.py,,data/filtered/details/structures_files/assembly/6t23.pdb,"Homomer, 5 proteins."
2203,8zb7,data/filtered/details/structures_files/pymol/2203_8zb7_F_M.py,,data/filtered/details/structures_files/assembly/8zb7.pdb,"Heteromer, 16 proteins."
2208,8zb7,data/filtered/details/structures_files/pymol/2208_8zb7_F_O.py,,data/filtered/details/structures_files/assembly/8zb7.pdb,"Heteromer, 16 proteins."
2209,8zb7,data/filtered/details/structures_files/pymol/2209_8zb7_F_G.py,,data/filtered/details/structures_files/assembly/8zb7.pdb,"Heteromer, 16 proteins."
2213,9az4,data/filtered/details/structures_files/pymol/2213_9az4_A_B.py,,data/filtered/details/structures_files/assembly/9az4.pdb,"Heteromer, 8 proteins."
2214,9az4,data/filtered/details/structures_files/pymol/2214_9az4_A_C.py,,data/filtered/details/structures_files/assembly/9az4.pdb,"Heteromer, 8 proteins."
2219,9e2e,data/filtered/details/structures_files/pymol/2219_9e2e_B_C.py,,data/filtered/details/structures_files/assembly/9e2e.pdb,"Heteromer, 16 proteins."
2220,9e2e,data/filtered/details/structures_files/pymol/2220_9e2e_B_D.py,,data/filtered/details/structures_files/assembly/9e2e.pdb,"Heteromer, 16 proteins."
2221,9e2e,data/filtered/details/structures_files/pymol/2221_9e2e_B_N.py,,data/filtered/details/structures_files/assembly/9e2e.pdb,"Heteromer, 16 proteins."
2222,9e2e,data/filtered/details/structures_files/pymol/2222_9e2e_B_P.py,,data/filtered/details/structures_files/assembly/9e2e.pdb,"Heteromer, 16 proteins."
2223,6t23,data/filtered/details/structures_files/pymol/2223_6t23_D_E.py,,data/filtered/details/structures_files/assembly/6t23.pdb,"Homomer, 5 proteins."
2224,6t23,data/filtered/details/structures_files/pymol/2224_6t23_D_B.py,,data/filtered/details/structures_files/assembly/6t23.pdb,"Homomer, 5 proteins."
2225,6t23,data/filtered/details/structures_files/pymol/2225_6t23_D_C.py,,data/filtered/details/structures_files/assembly/6t23.pdb,"Homomer, 5 proteins."
2228,8zb7,data/filtered/details/structures_files/pymol/2228_8zb7_E_F.py,,data/filtered/details/structures_files/assembly/8zb7.pdb,"Heteromer, 16 proteins."
2229,8zb7,data/filtered/details/structures_files/pymol/2229_8zb7_E_J.py,,data/filtered/details/structures_files/assembly/8zb7.pdb,"Heteromer, 16 proteins."
2230,8zb7,data/filtered/details/structures_files/pymol/2230_8zb7_E_K.py,,data/filtered/details/structures_files/assembly/8zb7.pdb,"Heteromer, 16 proteins."
2231,8zb7,data/filtered/details/structures_files/pymol/2231_8zb7_E_A.py,,data/filtered/details/structures_files/assembly/8zb7.pdb,"Heteromer, 16 proteins."
2232,8zb7,data/filtered/details/structures_files/pymol/2232_8zb7_E_N.py,,data/filtered/details/structures_files/assembly/8zb7.pdb,"Heteromer, 16 proteins."
2237,9e2e,data/filtered/details/structures_files/pymol/2237_9e2e_A_B.py,,data/filtered/details/structures_files/assembly/9e2e.pdb,"Heteromer, 16 proteins."
2238,9e2e,data/filtered/details/structures_files/pymol/2238_9e2e_A_C.py,,data/filtered/details/structures_files/assembly/9e2e.pdb,"Heteromer, 16 proteins."
2239,9e2e,data/filtered/details/structures_files/pymol/2239_9e2e_A_K.py,,data/filtered/details/structures_files/assembly/9e2e.pdb,"Heteromer, 16 proteins."
2243,8zb7,data/filtered/details/structures_files/pymol/2243_8zb7_D_E.py,,data/filtered/details/structures_files/assembly/8zb7.pdb,"Heteromer, 16 proteins."
2244,8zb7,data/filtered/details/structures_files/pymol/2244_8zb7_D_F.py,,data/filtered/details/structures_files/assembly/8zb7.pdb,"Heteromer, 16 proteins."
2245,8zb7,data/filtered/details/structures_files/pymol/2245_8zb7_D_I.py,,data/filtered/details/structures_files/assembly/8zb7.pdb,"Heteromer, 16 proteins."
2246,8zb7,data/filtered/details/structures_files/pymol/2246_8zb7_D_J.py,,data/filtered/details/structures_files/assembly/8zb7.pdb,"Heteromer, 16 proteins."
2247,8zb7,data/filtered/details/structures_files/pymol/2247_8zb7_D_L.py,,data/filtered/details/structures_files/assembly/8zb7.pdb,"Heteromer, 16 proteins."
2260,6t24,data/filtered/details/structures_files/pymol/2260_6t24_B_A.py,,data/filtered/details/structures_files/assembly/6t24.pdb,"Homomer, 5 proteins."
2261,8zb7,data/filtered/details/structures_files/pymol/2261_8zb7_C_E.py,,data/filtered/details/structures_files/assembly/8zb7.pdb,"Heteromer, 16 proteins."
2262,8zb7,data/filtered/details/structures_files/pymol/2262_8zb7_C_F.py,,data/filtered/details/structures_files/assembly/8zb7.pdb,"Heteromer, 16 proteins."
2263,8zb7,data/filtered/details/structures_files/pymol/2263_8zb7_C_P.py,,data/filtered/details/structures_files/assembly/8zb7.pdb,"Heteromer, 16 proteins."
2264,8zb7,data/filtered/details/structures_files/pymol/2264_8zb7_C_G.py,,data/filtered/details/structures_files/assembly/8zb7.pdb,"Heteromer, 16 proteins."
2265,8zb7,data/filtered/details/structures_files/pymol/2265_8zb7_C_A.py,,data/filtered/details/structures_files/assembly/8zb7.pdb,"Heteromer, 16 proteins."
2275,6t24,data/filtered/details/structures_files/pymol/2275_6t24_C_B.py,,data/filtered/details/structures_files/assembly/6t24.pdb,"Homomer, 5 proteins."
2276,6t24,data/filtered/details/structures_files/pymol/2276_6t24_C_A.py,,data/filtered/details/structures_files/assembly/6t24.pdb,"Homomer, 5 proteins."
2277,8zb7,data/filtered/details/structures_files/pymol/2277_8zb7_B_M.py,,data/filtered/details/structures_files/assembly/8zb7.pdb,"Heteromer, 16 proteins."
2278,8zb7,data/filtered/details/structures_files/pymol/2278_8zb7_B_D.py,,data/filtered/details/structures_files/assembly/8zb7.pdb,"Heteromer, 16 proteins."
2279,8zb7,data/filtered/details/structures_files/pymol/2279_8zb7_B_F.py,,data/filtered/details/structures_files/assembly/8zb7.pdb,"Heteromer, 16 proteins."
2280,8zb7,data/filtered/details/structures_files/pymol/2280_8zb7_B_P.py,,data/filtered/details/structures_files/assembly/8zb7.pdb,"Heteromer, 16 proteins."
2281,8zb7,data/filtered/details/structures_files/pymol/2281_8zb7_B_H.py,,data/filtered/details/structures_files/assembly/8zb7.pdb,"Heteromer, 16 proteins."
2287,8p94,data/filtered/details/structures_files/pymol/2287_8p94_W_U.py,data/filtered/details/structures_files/assembly/8p94.cif,,"Heteromer, 20 proteins, 10 peptides."
2288,8p94,data/filtered/details/structures_files/pymol/2288_8p94_W_V.py,data/filtered/details/structures_files/assembly/8p94.cif,,"Heteromer, 20 proteins, 10 peptides."
229,9qfb,data/filtered/details/structures_files/pymol/229_9qfb_D_E.py,,data/filtered/details/structures_files/assembly/9qfb.pdb,"Heteromer, 14 proteins."
2292,6t24,data/filtered/details/structures_files/pymol/2292_6t24_D_C.py,,data/filtered/details/structures_files/assembly/6t24.pdb,"Homomer, 5 proteins."
2293,6t24,data/filtered/details/structures_files/pymol/2293_6t24_D_B.py,,data/filtered/details/structures_files/assembly/6t24.pdb,"Homomer, 5 proteins."
230,9qfb,data/filtered/details/structures_files/pymol/230_9qfb_D_F.py,,data/filtered/details/structures_files/assembly/9qfb.pdb,"Heteromer, 14 proteins."
2301,8p94,data/filtered/details/structures_files/pymol/2301_8p94_S_D.py,data/filtered/details/structures_files/assembly/8p94.cif,,"Heteromer, 20 proteins, 10 peptides."
2307,6t24,data/filtered/details/structures_files/pymol/2307_6t24_E_D.py,,data/filtered/details/structures_files/assembly/6t24.pdb,"Homomer, 5 proteins."
2308,6t24,data/filtered/details/structures_files/pymol/2308_6t24_E_C.py,,data/filtered/details/structures_files/assembly/6t24.pdb,"Homomer, 5 proteins."
231,9qfb,data/filtered/details/structures_files/pymol/231_9qfb_D_J.py,,data/filtered/details/structures_files/assembly/9qfb.pdb,"Heteromer, 14 proteins."
2317,8d16,data/filtered/details/structures_files/pymol/2317_8d16_F_G.py,,data/filtered/details/structures_files/assembly/8d16.pdb,"Homomer, 7 proteins."
2318,8p94,data/filtered/details/structures_files/pymol/2318_8p94_R_A.py,data/filtered/details/structures_files/assembly/8p94.cif,,"Heteromer, 20 proteins, 10 peptides."
2319,8p94,data/filtered/details/structures_files/pymol/2319_8p94_R_C.py,data/filtered/details/structures_files/assembly/8p94.cif,,"Heteromer, 20 proteins, 10 peptides."
232,9qfb,data/filtered/details/structures_files/pymol/232_9qfb_D_K.py,,data/filtered/details/structures_files/assembly/9qfb.pdb,"Heteromer, 14 proteins."
2320,8p94,data/filtered/details/structures_files/pymol/2320_8p94_R_D.py,data/filtered/details/structures_files/assembly/8p94.cif,,"Heteromer, 20 proteins, 10 peptides."
2321,8p94,data/filtered/details/structures_files/pymol/2321_8p94_R_F.py,data/filtered/details/structures_files/assembly/8p94.cif,,"Heteromer, 20 proteins, 10 peptides."
2324,8p94,data/filtered/details/structures_files/pymol/2324_8p94_R_S.py,data/filtered/details/structures_files/assembly/8p94.cif,,"Heteromer, 20 proteins, 10 peptides."
2327,8efh,data/filtered/details/structures_files/pymol/2327_8efh_D_E.py,,data/filtered/details/structures_files/assembly/8efh.pdb,"Heteromer, 8 proteins."
233,9qfb,data/filtered/details/structures_files/pymol/233_9qfb_D_L.py,,data/filtered/details/structures_files/assembly/9qfb.pdb,"Heteromer, 14 proteins."
2337,8d16,data/filtered/details/structures_files/pymol/2337_8d16_E_F.py,,data/filtered/details/structures_files/assembly/8d16.pdb,"Homomer, 7 proteins."
2338,8d16,data/filtered/details/structures_files/pymol/2338_8d16_E_G.py,,data/filtered/details/structures_files/assembly/8d16.pdb,"Homomer, 7 proteins."
2339,8p94,data/filtered/details/structures_files/pymol/2339_8p94_Q_A.py,data/filtered/details/structures_files/assembly/8p94.cif,,"Heteromer, 20 proteins, 10 peptides."
234,9qfb,data/filtered/details/structures_files/pymol/234_9qfb_D_M.py,,data/filtered/details/structures_files/assembly/9qfb.pdb,"Heteromer, 14 proteins."
2342,8p94,data/filtered/details/structures_files/pymol/2342_8p94_Q_R.py,data/filtered/details/structures_files/assembly/8p94.cif,,"Heteromer, 20 proteins, 10 peptides."
2343,8p94,data/filtered/details/structures_files/pymol/2343_8p94_Q_S.py,data/filtered/details/structures_files/assembly/8p94.cif,,"Heteromer, 20 proteins, 10 peptides."
2345,8efh,data/filtered/details/structures_files/pymol/2345_8efh_C_E.py,,data/filtered/details/structures_files/assembly/8efh.pdb,"Heteromer, 8 proteins."
2346,8efh,data/filtered/details/structures_files/pymol/2346_8efh_C_P.py,,data/filtered/details/structures_files/assembly/8efh.pdb,"Heteromer, 8 proteins."
2350,6t25,data/filtered/details/structures_files/pymol/2350_6t25_C_A.py,,data/filtered/details/structures_files/assembly/6t25.pdb,"Heteromer, 5 proteins, 5 peptides."
2357,8d16,data/filtered/details/structures_files/pymol/2357_8d16_D_E.py,,data/filtered/details/structures_files/assembly/8d16.pdb,"Homomer, 7 proteins."
2358,8d16,data/filtered/details/structures_files/pymol/2358_8d16_D_F.py,,data/filtered/details/structures_files/assembly/8d16.pdb,"Homomer, 7 proteins."
2359,8p94,data/filtered/details/structures_files/pymol/2359_8p94_P_A.py,data/filtered/details/structures_files/assembly/8p94.cif,,"Heteromer, 20 proteins, 10 peptides."
2360,8p94,data/filtered/details/structures_files/pymol/2360_8p94_P_C.py,data/filtered/details/structures_files/assembly/8p94.cif,,"Heteromer, 20 proteins, 10 peptides."
2361,8p94,data/filtered/details/structures_files/pymol/2361_8p94_P_D.py,data/filtered/details/structures_files/assembly/8p94.cif,,"Heteromer, 20 proteins, 10 peptides."
2362,8p94,data/filtered/details/structures_files/pymol/2362_8p94_P_E.py,data/filtered/details/structures_files/assembly/8p94.cif,,"Heteromer, 20 proteins, 10 peptides."
2365,8p94,data/filtered/details/structures_files/pymol/2365_8p94_P_Q.py,data/filtered/details/structures_files/assembly/8p94.cif,,"Heteromer, 20 proteins, 10 peptides."
2366,8p94,data/filtered/details/structures_files/pymol/2366_8p94_P_R.py,data/filtered/details/structures_files/assembly/8p94.cif,,"Heteromer, 20 proteins, 10 peptides."
2367,8efh,data/filtered/details/structures_files/pymol/2367_8efh_B_A.py,,data/filtered/details/structures_files/assembly/8efh.pdb,"Heteromer, 8 proteins."
2369,8efh,data/filtered/details/structures_files/pymol/2369_8efh_B_D.py,,data/filtered/details/structures_files/assembly/8efh.pdb,"Heteromer, 8 proteins."
237,12by,data/filtered/details/structures_files/pymol/237_12by_B_C.py,,data/filtered/details/structures_files/assembly/12by.pdb,"Heteromer, 9 proteins."
2370,8efh,data/filtered/details/structures_files/pymol/2370_8efh_B_P.py,,data/filtered/details/structures_files/assembly/8efh.pdb,"Heteromer, 8 proteins."
2372,6t25,data/filtered/details/structures_files/pymol/2372_6t25_B_C.py,,data/filtered/details/structures_files/assembly/6t25.pdb,"Heteromer, 5 proteins, 5 peptides."
2373,6t25,data/filtered/details/structures_files/pymol/2373_6t25_B_A.py,,data/filtered/details/structures_files/assembly/6t25.pdb,"Heteromer, 5 proteins, 5 peptides."
238,12by,data/filtered/details/structures_files/pymol/238_12by_B_D.py,,data/filtered/details/structures_files/assembly/12by.pdb,"Heteromer, 9 proteins."
2381,8d16,data/filtered/details/structures_files/pymol/2381_8d16_C_D.py,,data/filtered/details/structures_files/assembly/8d16.pdb,"Homomer, 7 proteins."
2382,8d16,data/filtered/details/structures_files/pymol/2382_8d16_C_E.py,,data/filtered/details/structures_files/assembly/8d16.pdb,"Homomer, 7 proteins."
2384,8p94,data/filtered/details/structures_files/pymol/2384_8p94_O_P.py,data/filtered/details/structures_files/assembly/8p94.cif,,"Heteromer, 20 proteins, 10 peptides."
2385,8p94,data/filtered/details/structures_files/pymol/2385_8p94_O_Q.py,data/filtered/details/structures_files/assembly/8p94.cif,,"Heteromer, 20 proteins, 10 peptides."
2386,8efh,data/filtered/details/structures_files/pymol/2386_8efh_F_A.py,,data/filtered/details/structures_files/assembly/8efh.pdb,"Heteromer, 8 proteins."
2387,8efh,data/filtered/details/structures_files/pymol/2387_8efh_F_B.py,,data/filtered/details/structures_files/assembly/8efh.pdb,"Heteromer, 8 proteins."
2388,8efh,data/filtered/details/structures_files/pymol/2388_8efh_F_C.py,,data/filtered/details/structures_files/assembly/8efh.pdb,"Heteromer, 8 proteins."
2389,8efh,data/filtered/details/structures_files/pymol/2389_8efh_F_D.py,,data/filtered/details/structures_files/assembly/8efh.pdb,"Heteromer, 8 proteins."
2390,8efh,data/filtered/details/structures_files/pymol/2390_8efh_F_E.py,,data/filtered/details/structures_files/assembly/8efh.pdb,"Heteromer, 8 proteins."
2391,8efh,data/filtered/details/structures_files/pymol/2391_8efh_F_O.py,,data/filtered/details/structures_files/assembly/8efh.pdb,"Heteromer, 8 proteins."
2393,6t25,data/filtered/details/structures_files/pymol/2393_6t25_E_C.py,,data/filtered/details/structures_files/assembly/6t25.pdb,"Heteromer, 5 proteins, 5 peptides."
24,6iug,data/filtered/details/structures_files/pymol/24_6iug_A_B.py,,data/filtered/details/structures_files/assembly/6iug.pdb,"Homomer, 5 proteins."
2400,8d16,data/filtered/details/structures_files/pymol/2400_8d16_B_C.py,,data/filtered/details/structures_files/assembly/8d16.pdb,"Homomer, 7 proteins."
2401,8d16,data/filtered/details/structures_files/pymol/2401_8d16_B_D.py,,data/filtered/details/structures_files/assembly/8d16.pdb,"Homomer, 7 proteins."
2402,8p94,data/filtered/details/structures_files/pymol/2402_8p94_N_E.py,data/filtered/details/structures_files/assembly/8p94.cif,,"Heteromer, 20 proteins, 10 peptides."
2403,8p94,data/filtered/details/structures_files/pymol/2403_8p94_N_O.py,data/filtered/details/structures_files/assembly/8p94.cif,,"Heteromer, 20 proteins, 10 peptides."
2404,8p94,data/filtered/details/structures_files/pymol/2404_8p94_N_P.py,data/filtered/details/structures_files/assembly/8p94.cif,,"Heteromer, 20 proteins, 10 peptides."
2407,8dd0,data/filtered/details/structures_files/pymol/2407_8dd0_F_L.py,,data/filtered/details/structures_files/assembly/8dd0.pdb,"Heteromer, 16 proteins."
2408,6t25,data/filtered/details/structures_files/pymol/2408_6t25_D_E.py,,data/filtered/details/structures_files/assembly/6t25.pdb,"Heteromer, 5 proteins, 5 peptides."
2409,6t25,data/filtered/details/structures_files/pymol/2409_6t25_D_B.py,,data/filtered/details/structures_files/assembly/6t25.pdb,"Heteromer, 5 proteins, 5 peptides."
2410,6t25,data/filtered/details/structures_files/pymol/2410_6t25_D_C.py,,data/filtered/details/structures_files/assembly/6t25.pdb,"Heteromer, 5 proteins, 5 peptides."
2415,8d16,data/filtered/details/structures_files/pymol/2415_8d16_A_B.py,,data/filtered/details/structures_files/assembly/8d16.pdb,"Homomer, 7 proteins."
2416,8d16,data/filtered/details/structures_files/pymol/2416_8d16_A_C.py,,data/filtered/details/structures_files/assembly/8d16.pdb,"Homomer, 7 proteins."
2417,8p94,data/filtered/details/structures_files/pymol/2417_8p94_K_B.py,data/filtered/details/structures_files/assembly/8p94.cif,,"Heteromer, 20 proteins, 10 peptides."
2420,8p94,data/filtered/details/structures_files/pymol/2420_8p94_K_W.py,data/filtered/details/structures_files/assembly/8p94.cif,,"Heteromer, 20 proteins, 10 peptides."
2423,8dd0,data/filtered/details/structures_files/pymol/2423_8dd0_E_F.py,,data/filtered/details/structures_files/assembly/8dd0.pdb,"Heteromer, 16 proteins."
2424,8dd0,data/filtered/details/structures_files/pymol/2424_8dd0_E_G.py,,data/filtered/details/structures_files/assembly/8dd0.pdb,"Heteromer, 16 proteins."
2429,6d8c,data/filtered/details/structures_files/pymol/2429_6d8c_H_D.py,,data/filtered/details/structures_files/assembly/6d8c.pdb,"Heteromer, 10 proteins, 3 peptides."
2430,6d8c,data/filtered/details/structures_files/pymol/2430_6d8c_H_A.py,,data/filtered/details/structures_files/assembly/6d8c.pdb,"Heteromer, 10 proteins, 3 peptides."
2439,8p94,data/filtered/details/structures_files/pymol/2439_8p94_J_A.py,data/filtered/details/structures_files/assembly/8p94.cif,,"Heteromer, 20 proteins, 10 peptides."
2440,8p94,data/filtered/details/structures_files/pymol/2440_8p94_J_B.py,data/filtered/details/structures_files/assembly/8p94.cif,,"Heteromer, 20 proteins, 10 peptides."
2441,8p94,data/filtered/details/structures_files/pymol/2441_8p94_J_G.py,data/filtered/details/structures_files/assembly/8p94.cif,,"Heteromer, 20 proteins, 10 peptides."
2443,8p94,data/filtered/details/structures_files/pymol/2443_8p94_J_I.py,data/filtered/details/structures_files/assembly/8p94.cif,,"Heteromer, 20 proteins, 10 peptides."
2444,8p94,data/filtered/details/structures_files/pymol/2444_8p94_J_K.py,data/filtered/details/structures_files/assembly/8p94.cif,,"Heteromer, 20 proteins, 10 peptides."
2447,8dd0,data/filtered/details/structures_files/pymol/2447_8dd0_D_E.py,,data/filtered/details/structures_files/assembly/8dd0.pdb,"Heteromer, 16 proteins."
2448,8dd0,data/filtered/details/structures_files/pymol/2448_8dd0_D_F.py,,data/filtered/details/structures_files/assembly/8dd0.pdb,"Heteromer, 16 proteins."
2449,8dd0,data/filtered/details/structures_files/pymol/2449_8dd0_D_L.py,,data/filtered/details/structures_files/assembly/8dd0.pdb,"Heteromer, 16 proteins."
2450,8dd0,data/filtered/details/structures_files/pymol/2450_8dd0_D_O.py,,data/filtered/details/structures_files/assembly/8dd0.pdb,"Heteromer, 16 proteins."
2451,8dd0,data/filtered/details/structures_files/pymol/2451_8dd0_D_P.py,,data/filtered/details/structures_files/assembly/8dd0.pdb,"Heteromer, 16 proteins."
2454,6d8c,data/filtered/details/structures_files/pymol/2454_6d8c_K_H.py,,data/filtered/details/structures_files/assembly/6d8c.pdb,"Heteromer, 10 proteins, 3 peptides."
2455,6d8c,data/filtered/details/structures_files/pymol/2455_6d8c_K_B.py,,data/filtered/details/structures_files/assembly/6d8c.pdb,"Heteromer, 10 proteins, 3 peptides."
2456,6d8c,data/filtered/details/structures_files/pymol/2456_6d8c_K_C.py,,data/filtered/details/structures_files/assembly/6d8c.pdb,"Heteromer, 10 proteins, 3 peptides."
2465,7r8v,data/filtered/details/structures_files/pymol/2465_7r8v_D_E.py,,data/filtered/details/structures_files/assembly/7r8v.pdb,"Homomer, 5 proteins."
2466,8p94,data/filtered/details/structures_files/pymol/2466_8p94_H_I.py,data/filtered/details/structures_files/assembly/8p94.cif,,"Heteromer, 20 proteins, 10 peptides."
2467,8p94,data/filtered/details/structures_files/pymol/2467_8p94_H_J.py,data/filtered/details/structures_files/assembly/8p94.cif,,"Heteromer, 20 proteins, 10 peptides."
2468,8p94,data/filtered/details/structures_files/pymol/2468_8p94_H_K.py,data/filtered/details/structures_files/assembly/8p94.cif,,"Heteromer, 20 proteins, 10 peptides."
2469,8p94,data/filtered/details/structures_files/pymol/2469_8p94_H_U.py,data/filtered/details/structures_files/assembly/8p94.cif,,"Heteromer, 20 proteins, 10 peptides."
2470,8p94,data/filtered/details/structures_files/pymol/2470_8p94_H_V.py,data/filtered/details/structures_files/assembly/8p94.cif,,"Heteromer, 20 proteins, 10 peptides."
2471,8p94,data/filtered/details/structures_files/pymol/2471_8p94_H_W.py,data/filtered/details/structures_files/assembly/8p94.cif,,"Heteromer, 20 proteins, 10 peptides."
2474,8dd0,data/filtered/details/structures_files/pymol/2474_8dd0_C_D.py,,data/filtered/details/structures_files/assembly/8dd0.pdb,"Heteromer, 16 proteins."
2475,8dd0,data/filtered/details/structures_files/pymol/2475_8dd0_C_E.py,,data/filtered/details/structures_files/assembly/8dd0.pdb,"Heteromer, 16 proteins."
2476,8dd0,data/filtered/details/structures_files/pymol/2476_8dd0_C_G.py,,data/filtered/details/structures_files/assembly/8dd0.pdb,"Heteromer, 16 proteins."
2477,8dd0,data/filtered/details/structures_files/pymol/2477_8dd0_C_J.py,,data/filtered/details/structures_files/assembly/8dd0.pdb,"Heteromer, 16 proteins."
2478,8dd0,data/filtered/details/structures_files/pymol/2478_8dd0_C_K.py,,data/filtered/details/structures_files/assembly/8dd0.pdb,"Heteromer, 16 proteins."
248,9qfb,data/filtered/details/structures_files/pymol/248_9qfb_C_D.py,,data/filtered/details/structures_files/assembly/9qfb.pdb,"Heteromer, 14 proteins."
2480,6d8c,data/filtered/details/structures_files/pymol/2480_6d8c_J_H.py,,data/filtered/details/structures_files/assembly/6d8c.pdb,"Heteromer, 10 proteins, 3 peptides."
2481,6d8c,data/filtered/details/structures_files/pymol/2481_6d8c_J_A.py,,data/filtered/details/structures_files/assembly/6d8c.pdb,"Heteromer, 10 proteins, 3 peptides."
2486,7ahn,data/filtered/details/structures_files/pymol/2486_7ahn_D_B.py,,data/filtered/details/structures_files/assembly/7ahn.pdb,"Homomer, 5 proteins."
2488,7r8v,data/filtered/details/structures_files/pymol/2488_7r8v_C_E.py,,data/filtered/details/structures_files/assembly/7r8v.pdb,"Homomer, 5 proteins."
249,9qfb,data/filtered/details/structures_files/pymol/249_9qfb_C_E.py,,data/filtered/details/structures_files/assembly/9qfb.pdb,"Heteromer, 14 proteins."
2492,8dd0,data/filtered/details/structures_files/pymol/2492_8dd0_B_C.py,,data/filtered/details/structures_files/assembly/8dd0.pdb,"Heteromer, 16 proteins."
2493,8dd0,data/filtered/details/structures_files/pymol/2493_8dd0_B_D.py,,data/filtered/details/structures_files/assembly/8dd0.pdb,"Heteromer, 16 proteins."
2494,8dd0,data/filtered/details/structures_files/pymol/2494_8dd0_B_N.py,,data/filtered/details/structures_files/assembly/8dd0.pdb,"Heteromer, 16 proteins."
2495,8dd0,data/filtered/details/structures_files/pymol/2495_8dd0_B_P.py,,data/filtered/details/structures_files/assembly/8dd0.pdb,"Heteromer, 16 proteins."
2496,6d8c,data/filtered/details/structures_files/pymol/2496_6d8c_M_K.py,,data/filtered/details/structures_files/assembly/6d8c.pdb,"Heteromer, 10 proteins, 3 peptides."
2497,6d8c,data/filtered/details/structures_files/pymol/2497_6d8c_M_H.py,,data/filtered/details/structures_files/assembly/6d8c.pdb,"Heteromer, 10 proteins, 3 peptides."
2498,6d8c,data/filtered/details/structures_files/pymol/2498_6d8c_M_D.py,,data/filtered/details/structures_files/assembly/6d8c.pdb,"Heteromer, 10 proteins, 3 peptides."
2499,6d8c,data/filtered/details/structures_files/pymol/2499_6d8c_M_E.py,,data/filtered/details/structures_files/assembly/6d8c.pdb,"Heteromer, 10 proteins, 3 peptides."
25,6iug,data/filtered/details/structures_files/pymol/25_6iug_A_C.py,,data/filtered/details/structures_files/assembly/6iug.pdb,"Homomer, 5 proteins."
250,9qfb,data/filtered/details/structures_files/pymol/250_9qfb_C_I.py,,data/filtered/details/structures_files/assembly/9qfb.pdb,"Heteromer, 14 proteins."
2504,7ahn,data/filtered/details/structures_files/pymol/2504_7ahn_E_D.py,,data/filtered/details/structures_files/assembly/7ahn.pdb,"Homomer, 5 proteins."
2506,7r8v,data/filtered/details/structures_files/pymol/2506_7r8v_A_D.py,,data/filtered/details/structures_files/assembly/7r8v.pdb,"Homomer, 5 proteins."
251,9qfb,data/filtered/details/structures_files/pymol/251_9qfb_C_J.py,,data/filtered/details/structures_files/assembly/9qfb.pdb,"Heteromer, 14 proteins."
2510,8dd0,data/filtered/details/structures_files/pymol/2510_8dd0_A_B.py,,data/filtered/details/structures_files/assembly/8dd0.pdb,"Heteromer, 16 proteins."
2511,8dd0,data/filtered/details/structures_files/pymol/2511_8dd0_A_C.py,,data/filtered/details/structures_files/assembly/8dd0.pdb,"Heteromer, 16 proteins."
2512,8dd0,data/filtered/details/structures_files/pymol/2512_8dd0_A_I.py,,data/filtered/details/structures_files/assembly/8dd0.pdb,"Heteromer, 16 proteins."
2513,8dd0,data/filtered/details/structures_files/pymol/2513_8dd0_A_K.py,,data/filtered/details/structures_files/assembly/8dd0.pdb,"Heteromer, 16 proteins."
2514,6d8c,data/filtered/details/structures_files/pymol/2514_6d8c_L_J.py,,data/filtered/details/structures_files/assembly/6d8c.pdb,"Heteromer, 10 proteins, 3 peptides."
2515,6d8c,data/filtered/details/structures_files/pymol/2515_6d8c_L_K.py,,data/filtered/details/structures_files/assembly/6d8c.pdb,"Heteromer, 10 proteins, 3 peptides."
2516,6d8c,data/filtered/details/structures_files/pymol/2516_6d8c_L_H.py,,data/filtered/details/structures_files/assembly/6d8c.pdb,"Heteromer, 10 proteins, 3 peptides."
2517,6d8c,data/filtered/details/structures_files/pymol/2517_6d8c_L_C.py,,data/filtered/details/structures_files/assembly/6d8c.pdb,"Heteromer, 10 proteins, 3 peptides."
252,9qfb,data/filtered/details/structures_files/pymol/252_9qfb_C_K.py,,data/filtered/details/structures_files/assembly/9qfb.pdb,"Heteromer, 14 proteins."
2522,7ahn,data/filtered/details/structures_files/pymol/2522_7ahn_A_B.py,,data/filtered/details/structures_files/assembly/7ahn.pdb,"Homomer, 5 proteins."
2523,7r8v,data/filtered/details/structures_files/pymol/2523_7r8v_B_A.py,,data/filtered/details/structures_files/assembly/7r8v.pdb,"Homomer, 5 proteins."
2524,7r8v,data/filtered/details/structures_files/pymol/2524_7r8v_B_C.py,,data/filtered/details/structures_files/assembly/7r8v.pdb,"Homomer, 5 proteins."
2525,7r8v,data/filtered/details/structures_files/pymol/2525_7r8v_B_D.py,,data/filtered/details/structures_files/assembly/7r8v.pdb,"Homomer, 5 proteins."
2526,7r8v,data/filtered/details/structures_files/pymol/2526_7r8v_B_E.py,,data/filtered/details/structures_files/assembly/7r8v.pdb,"Homomer, 5 proteins."
253,9qfb,data/filtered/details/structures_files/pymol/253_9qfb_C_L.py,,data/filtered/details/structures_files/assembly/9qfb.pdb,"Heteromer, 14 proteins."
2530,8enc,data/filtered/details/structures_files/pymol/2530_8enc_F_M.py,,data/filtered/details/structures_files/assembly/8enc.pdb,"Heteromer, 8 proteins."
2535,8enc,data/filtered/details/structures_files/pymol/2535_8enc_F_O.py,,data/filtered/details/structures_files/assembly/8enc.pdb,"Heteromer, 8 proteins."
2542,7ahn,data/filtered/details/structures_files/pymol/2542_7ahn_C_A.py,,data/filtered/details/structures_files/assembly/7ahn.pdb,"Homomer, 5 proteins."
2543,7ahn,data/filtered/details/structures_files/pymol/2543_7ahn_C_E.py,,data/filtered/details/structures_files/assembly/7ahn.pdb,"Homomer, 5 proteins."
2544,7ahn,data/filtered/details/structures_files/pymol/2544_7ahn_C_D.py,,data/filtered/details/structures_files/assembly/7ahn.pdb,"Homomer, 5 proteins."
2545,7ahn,data/filtered/details/structures_files/pymol/2545_7ahn_C_B.py,,data/filtered/details/structures_files/assembly/7ahn.pdb,"Homomer, 5 proteins."
255,12by,data/filtered/details/structures_files/pymol/255_12by_A_B.py,,data/filtered/details/structures_files/assembly/12by.pdb,"Heteromer, 9 proteins."
2551,8enc,data/filtered/details/structures_files/pymol/2551_8enc_E_F.py,,data/filtered/details/structures_files/assembly/8enc.pdb,"Heteromer, 8 proteins."
2554,5oof,data/filtered/details/structures_files/pymol/2554_5oof_B_C.py,,data/filtered/details/structures_files/assembly/5oof.pdb,"Homomer, 5 proteins."
256,12by,data/filtered/details/structures_files/pymol/256_12by_A_C.py,,data/filtered/details/structures_files/assembly/12by.pdb,"Heteromer, 9 proteins."
2561,8iai,data/filtered/details/structures_files/pymol/2561_8iai_K_1.py,data/filtered/details/structures_files/assembly/8iai.cif,,"Heteromer, 31 proteins."
2562,8iai,data/filtered/details/structures_files/pymol/2562_8iai_K_3.py,data/filtered/details/structures_files/assembly/8iai.cif,,"Heteromer, 31 proteins."
2563,8iai,data/filtered/details/structures_files/pymol/2563_8iai_K_9.py,data/filtered/details/structures_files/assembly/8iai.cif,,"Heteromer, 31 proteins."
2567,8enc,data/filtered/details/structures_files/pymol/2567_8enc_D_E.py,,data/filtered/details/structures_files/assembly/8enc.pdb,"Heteromer, 8 proteins."
2568,8enc,data/filtered/details/structures_files/pymol/2568_8enc_D_F.py,,data/filtered/details/structures_files/assembly/8enc.pdb,"Heteromer, 8 proteins."
2569,5oof,data/filtered/details/structures_files/pymol/2569_5oof_A_B.py,,data/filtered/details/structures_files/assembly/5oof.pdb,"Homomer, 5 proteins."
2570,5oof,data/filtered/details/structures_files/pymol/2570_5oof_A_C.py,,data/filtered/details/structures_files/assembly/5oof.pdb,"Homomer, 5 proteins."
2576,7ahq,data/filtered/details/structures_files/pymol/2576_7ahq_D_E.py,,data/filtered/details/structures_files/assembly/7ahq.pdb,"Homomer, 5 proteins."
2578,8iai,data/filtered/details/structures_files/pymol/2578_8iai_J_3.py,data/filtered/details/structures_files/assembly/8iai.cif,,"Heteromer, 31 proteins."
2581,8iai,data/filtered/details/structures_files/pymol/2581_8iai_J_K.py,data/filtered/details/structures_files/assembly/8iai.cif,,"Heteromer, 31 proteins."
2582,8iai,data/filtered/details/structures_files/pymol/2582_8iai_J_T.py,data/filtered/details/structures_files/assembly/8iai.cif,,"Heteromer, 31 proteins."
2583,8enc,data/filtered/details/structures_files/pymol/2583_8enc_C_E.py,,data/filtered/details/structures_files/assembly/8enc.pdb,"Heteromer, 8 proteins."
2584,8enc,data/filtered/details/structures_files/pymol/2584_8enc_C_F.py,,data/filtered/details/structures_files/assembly/8enc.pdb,"Heteromer, 8 proteins."
2585,8enc,data/filtered/details/structures_files/pymol/2585_8enc_C_P.py,,data/filtered/details/structures_files/assembly/8enc.pdb,"Heteromer, 8 proteins."
2587,5oof,data/filtered/details/structures_files/pymol/2587_5oof_E_C.py,,data/filtered/details/structures_files/assembly/5oof.pdb,"Homomer, 5 proteins."
2592,7ahq,data/filtered/details/structures_files/pymol/2592_7ahq_C_D.py,,data/filtered/details/structures_files/assembly/7ahq.pdb,"Homomer, 5 proteins."
2593,7ahq,data/filtered/details/structures_files/pymol/2593_7ahq_C_E.py,,data/filtered/details/structures_files/assembly/7ahq.pdb,"Homomer, 5 proteins."
2595,8iai,data/filtered/details/structures_files/pymol/2595_8iai_I_1.py,data/filtered/details/structures_files/assembly/8iai.cif,,"Heteromer, 31 proteins."
2596,8iai,data/filtered/details/structures_files/pymol/2596_8iai_I_7.py,data/filtered/details/structures_files/assembly/8iai.cif,,"Heteromer, 31 proteins."
2599,8iai,data/filtered/details/structures_files/pymol/2599_8iai_I_J.py,data/filtered/details/structures_files/assembly/8iai.cif,,"Heteromer, 31 proteins."
2600,8iai,data/filtered/details/structures_files/pymol/2600_8iai_I_K.py,data/filtered/details/structures_files/assembly/8iai.cif,,"Heteromer, 31 proteins."
2601,8iai,data/filtered/details/structures_files/pymol/2601_8iai_I_S.py,data/filtered/details/structures_files/assembly/8iai.cif,,"Heteromer, 31 proteins."
2602,8enc,data/filtered/details/structures_files/pymol/2602_8enc_B_M.py,,data/filtered/details/structures_files/assembly/8enc.pdb,"Heteromer, 8 proteins."
2603,8enc,data/filtered/details/structures_files/pymol/2603_8enc_B_D.py,,data/filtered/details/structures_files/assembly/8enc.pdb,"Heteromer, 8 proteins."
2604,8enc,data/filtered/details/structures_files/pymol/2604_8enc_B_F.py,,data/filtered/details/structures_files/assembly/8enc.pdb,"Heteromer, 8 proteins."
2605,8enc,data/filtered/details/structures_files/pymol/2605_8enc_B_P.py,,data/filtered/details/structures_files/assembly/8enc.pdb,"Heteromer, 8 proteins."
2606,5oof,data/filtered/details/structures_files/pymol/2606_5oof_D_E.py,,data/filtered/details/structures_files/assembly/5oof.pdb,"Homomer, 5 proteins."
2607,5oof,data/filtered/details/structures_files/pymol/2607_5oof_D_B.py,,data/filtered/details/structures_files/assembly/5oof.pdb,"Homomer, 5 proteins."
2608,5oof,data/filtered/details/structures_files/pymol/2608_5oof_D_C.py,,data/filtered/details/structures_files/assembly/5oof.pdb,"Homomer, 5 proteins."
2613,7ahq,data/filtered/details/structures_files/pymol/2613_7ahq_B_C.py,,data/filtered/details/structures_files/assembly/7ahq.pdb,"Homomer, 5 proteins."
2614,7ahq,data/filtered/details/structures_files/pymol/2614_7ahq_B_D.py,,data/filtered/details/structures_files/assembly/7ahq.pdb,"Homomer, 5 proteins."
2616,8iai,data/filtered/details/structures_files/pymol/2616_8iai_H_7.py,data/filtered/details/structures_files/assembly/8iai.cif,,"Heteromer, 31 proteins."
2619,8iai,data/filtered/details/structures_files/pymol/2619_8iai_H_I.py,data/filtered/details/structures_files/assembly/8iai.cif,,"Heteromer, 31 proteins."
262,9qfb,data/filtered/details/structures_files/pymol/262_9qfb_B_C.py,,data/filtered/details/structures_files/assembly/9qfb.pdb,"Heteromer, 14 proteins."
2620,8iai,data/filtered/details/structures_files/pymol/2620_8iai_H_J.py,data/filtered/details/structures_files/assembly/8iai.cif,,"Heteromer, 31 proteins."
2621,8iai,data/filtered/details/structures_files/pymol/2621_8iai_H_R.py,data/filtered/details/structures_files/assembly/8iai.cif,,"Heteromer, 31 proteins."
2622,8iai,data/filtered/details/structures_files/pymol/2622_8iai_H_T.py,data/filtered/details/structures_files/assembly/8iai.cif,,"Heteromer, 31 proteins."
2623,8efi,data/filtered/details/structures_files/pymol/2623_8efi_F_M.py,,data/filtered/details/structures_files/assembly/8efi.pdb,"Heteromer, 8 proteins."
2628,8efi,data/filtered/details/structures_files/pymol/2628_8efi_F_O.py,,data/filtered/details/structures_files/assembly/8efi.pdb,"Heteromer, 8 proteins."
263,9qfb,data/filtered/details/structures_files/pymol/263_9qfb_B_D.py,,data/filtered/details/structures_files/assembly/9qfb.pdb,"Heteromer, 14 proteins."
2635,7ahq,data/filtered/details/structures_files/pymol/2635_7ahq_A_B.py,,data/filtered/details/structures_files/assembly/7ahq.pdb,"Homomer, 5 proteins."
2636,7ahq,data/filtered/details/structures_files/pymol/2636_7ahq_A_C.py,,data/filtered/details/structures_files/assembly/7ahq.pdb,"Homomer, 5 proteins."
2637,8iai,data/filtered/details/structures_files/pymol/2637_8iai_G_6.py,data/filtered/details/structures_files/assembly/8iai.cif,,"Heteromer, 31 proteins."
2638,8iai,data/filtered/details/structures_files/pymol/2638_8iai_G_7.py,data/filtered/details/structures_files/assembly/8iai.cif,,"Heteromer, 31 proteins."
264,9qfb,data/filtered/details/structures_files/pymol/264_9qfb_B_H.py,,data/filtered/details/structures_files/assembly/9qfb.pdb,"Heteromer, 14 proteins."
2641,8iai,data/filtered/details/structures_files/pymol/2641_8iai_G_H.py,data/filtered/details/structures_files/assembly/8iai.cif,,"Heteromer, 31 proteins."
2642,8iai,data/filtered/details/structures_files/pymol/2642_8iai_G_I.py,data/filtered/details/structures_files/assembly/8iai.cif,,"Heteromer, 31 proteins."
2643,8iai,data/filtered/details/structures_files/pymol/2643_8iai_G_Q.py,data/filtered/details/structures_files/assembly/8iai.cif,,"Heteromer, 31 proteins."
2644,8iai,data/filtered/details/structures_files/pymol/2644_8iai_G_S.py,data/filtered/details/structures_files/assembly/8iai.cif,,"Heteromer, 31 proteins."
2647,8efi,data/filtered/details/structures_files/pymol/2647_8efi_E_F.py,,data/filtered/details/structures_files/assembly/8efi.pdb,"Heteromer, 8 proteins."
2649,5ooe,data/filtered/details/structures_files/pymol/2649_5ooe_E_D.py,,data/filtered/details/structures_files/assembly/5ooe.pdb,"Homomer, 5 proteins."
265,9qfb,data/filtered/details/structures_files/pymol/265_9qfb_B_I.py,,data/filtered/details/structures_files/assembly/9qfb.pdb,"Heteromer, 14 proteins."
2656,9p3d,data/filtered/details/structures_files/pymol/2656_9p3d_a_l.py,,data/filtered/details/structures_files/assembly/9p3d.pdb,"Heteromer, 22 proteins."
2657,9p3d,data/filtered/details/structures_files/pymol/2657_9p3d_a_m.py,,data/filtered/details/structures_files/assembly/9p3d.pdb,"Heteromer, 22 proteins."
2658,8iai,data/filtered/details/structures_files/pymol/2658_8iai_F_6.py,data/filtered/details/structures_files/assembly/8iai.cif,,"Heteromer, 31 proteins."
266,9qfb,data/filtered/details/structures_files/pymol/266_9qfb_B_J.py,,data/filtered/details/structures_files/assembly/9qfb.pdb,"Heteromer, 14 proteins."
2661,8iai,data/filtered/details/structures_files/pymol/2661_8iai_F_G.py,data/filtered/details/structures_files/assembly/8iai.cif,,"Heteromer, 31 proteins."
2662,8iai,data/filtered/details/structures_files/pymol/2662_8iai_F_H.py,data/filtered/details/structures_files/assembly/8iai.cif,,"Heteromer, 31 proteins."
2663,8iai,data/filtered/details/structures_files/pymol/2663_8iai_F_P.py,data/filtered/details/structures_files/assembly/8iai.cif,,"Heteromer, 31 proteins."
2664,8iai,data/filtered/details/structures_files/pymol/2664_8iai_F_R.py,data/filtered/details/structures_files/assembly/8iai.cif,,"Heteromer, 31 proteins."
2666,8efi,data/filtered/details/structures_files/pymol/2666_8efi_D_E.py,,data/filtered/details/structures_files/assembly/8efi.pdb,"Heteromer, 8 proteins."
2667,8efi,data/filtered/details/structures_files/pymol/2667_8efi_D_F.py,,data/filtered/details/structures_files/assembly/8efi.pdb,"Heteromer, 8 proteins."
267,9qfb,data/filtered/details/structures_files/pymol/267_9qfb_B_K.py,,data/filtered/details/structures_files/assembly/9qfb.pdb,"Heteromer, 14 proteins."
2675,7bt7,data/filtered/details/structures_files/pymol/2675_7bt7_D_E.py,,data/filtered/details/structures_files/assembly/7bt7.pdb,"Homomer, 5 proteins."
2678,9p3d,data/filtered/details/structures_files/pymol/2678_9p3d_Z_a.py,,data/filtered/details/structures_files/assembly/9p3d.pdb,"Heteromer, 22 proteins."
2679,9p3d,data/filtered/details/structures_files/pymol/2679_9p3d_Z_k.py,,data/filtered/details/structures_files/assembly/9p3d.pdb,"Heteromer, 22 proteins."
2680,9p3d,data/filtered/details/structures_files/pymol/2680_9p3d_Z_l.py,,data/filtered/details/structures_files/assembly/9p3d.pdb,"Heteromer, 22 proteins."
2681,9p3d,data/filtered/details/structures_files/pymol/2681_9p3d_Z_m.py,,data/filtered/details/structures_files/assembly/9p3d.pdb,"Heteromer, 22 proteins."
2682,8iai,data/filtered/details/structures_files/pymol/2682_8iai_E_5.py,data/filtered/details/structures_files/assembly/8iai.cif,,"Heteromer, 31 proteins."
2683,8iai,data/filtered/details/structures_files/pymol/2683_8iai_E_6.py,data/filtered/details/structures_files/assembly/8iai.cif,,"Heteromer, 31 proteins."
2686,8iai,data/filtered/details/structures_files/pymol/2686_8iai_E_F.py,data/filtered/details/structures_files/assembly/8iai.cif,,"Heteromer, 31 proteins."
2687,8iai,data/filtered/details/structures_files/pymol/2687_8iai_E_G.py,data/filtered/details/structures_files/assembly/8iai.cif,,"Heteromer, 31 proteins."
2688,8iai,data/filtered/details/structures_files/pymol/2688_8iai_E_O.py,data/filtered/details/structures_files/assembly/8iai.cif,,"Heteromer, 31 proteins."
2689,8iai,data/filtered/details/structures_files/pymol/2689_8iai_E_Q.py,data/filtered/details/structures_files/assembly/8iai.cif,,"Heteromer, 31 proteins."
2690,8efi,data/filtered/details/structures_files/pymol/2690_8efi_C_E.py,,data/filtered/details/structures_files/assembly/8efi.pdb,"Heteromer, 8 proteins."
2691,8efi,data/filtered/details/structures_files/pymol/2691_8efi_C_F.py,,data/filtered/details/structures_files/assembly/8efi.pdb,"Heteromer, 8 proteins."
2692,8efi,data/filtered/details/structures_files/pymol/2692_8efi_C_P.py,,data/filtered/details/structures_files/assembly/8efi.pdb,"Heteromer, 8 proteins."
2694,5ooe,data/filtered/details/structures_files/pymol/2694_5ooe_B_A.py,,data/filtered/details/structures_files/assembly/5ooe.pdb,"Homomer, 5 proteins."
2695,5ooe,data/filtered/details/structures_files/pymol/2695_5ooe_B_D.py,,data/filtered/details/structures_files/assembly/5ooe.pdb,"Homomer, 5 proteins."
27,9qfe,data/filtered/details/structures_files/pymol/27_9qfe_B_C.py,,data/filtered/details/structures_files/assembly/9qfe.pdb,"Heteromer, 14 proteins."
2701,7bt7,data/filtered/details/structures_files/pymol/2701_7bt7_C_D.py,,data/filtered/details/structures_files/assembly/7bt7.pdb,"Homomer, 5 proteins."
2702,7bt7,data/filtered/details/structures_files/pymol/2702_7bt7_C_E.py,,data/filtered/details/structures_files/assembly/7bt7.pdb,"Homomer, 5 proteins."
2705,9p3d,data/filtered/details/structures_files/pymol/2705_9p3d_Y_Z.py,,data/filtered/details/structures_files/assembly/9p3d.pdb,"Heteromer, 22 proteins."
2706,9p3d,data/filtered/details/structures_files/pymol/2706_9p3d_Y_a.py,,data/filtered/details/structures_files/assembly/9p3d.pdb,"Heteromer, 22 proteins."
2707,9p3d,data/filtered/details/structures_files/pymol/2707_9p3d_Y_j.py,,data/filtered/details/structures_files/assembly/9p3d.pdb,"Heteromer, 22 proteins."
2708,9p3d,data/filtered/details/structures_files/pymol/2708_9p3d_Y_k.py,,data/filtered/details/structures_files/assembly/9p3d.pdb,"Heteromer, 22 proteins."
2709,9p3d,data/filtered/details/structures_files/pymol/2709_9p3d_Y_l.py,,data/filtered/details/structures_files/assembly/9p3d.pdb,"Heteromer, 22 proteins."
2710,8iai,data/filtered/details/structures_files/pymol/2710_8iai_D_5.py,data/filtered/details/structures_files/assembly/8iai.cif,,"Heteromer, 31 proteins."
2713,8iai,data/filtered/details/structures_files/pymol/2713_8iai_D_E.py,data/filtered/details/structures_files/assembly/8iai.cif,,"Heteromer, 31 proteins."
2714,8iai,data/filtered/details/structures_files/pymol/2714_8iai_D_F.py,data/filtered/details/structures_files/assembly/8iai.cif,,"Heteromer, 31 proteins."
2715,8iai,data/filtered/details/structures_files/pymol/2715_8iai_D_N.py,data/filtered/details/structures_files/assembly/8iai.cif,,"Heteromer, 31 proteins."
2716,8iai,data/filtered/details/structures_files/pymol/2716_8iai_D_P.py,data/filtered/details/structures_files/assembly/8iai.cif,,"Heteromer, 31 proteins."
2717,8efi,data/filtered/details/structures_files/pymol/2717_8efi_B_M.py,,data/filtered/details/structures_files/assembly/8efi.pdb,"Heteromer, 8 proteins."
2718,8efi,data/filtered/details/structures_files/pymol/2718_8efi_B_D.py,,data/filtered/details/structures_files/assembly/8efi.pdb,"Heteromer, 8 proteins."
2719,8efi,data/filtered/details/structures_files/pymol/2719_8efi_B_F.py,,data/filtered/details/structures_files/assembly/8efi.pdb,"Heteromer, 8 proteins."
2720,8efi,data/filtered/details/structures_files/pymol/2720_8efi_B_P.py,,data/filtered/details/structures_files/assembly/8efi.pdb,"Heteromer, 8 proteins."
2721,5ooe,data/filtered/details/structures_files/pymol/2721_5ooe_C_B.py,,data/filtered/details/structures_files/assembly/5ooe.pdb,"Homomer, 5 proteins."
2722,5ooe,data/filtered/details/structures_files/pymol/2722_5ooe_C_A.py,,data/filtered/details/structures_files/assembly/5ooe.pdb,"Homomer, 5 proteins."
2723,5ooe,data/filtered/details/structures_files/pymol/2723_5ooe_C_E.py,,data/filtered/details/structures_files/assembly/5ooe.pdb,"Homomer, 5 proteins."
2724,5ooe,data/filtered/details/structures_files/pymol/2724_5ooe_C_D.py,,data/filtered/details/structures_files/assembly/5ooe.pdb,"Homomer, 5 proteins."
2728,7bt7,data/filtered/details/structures_files/pymol/2728_7bt7_B_C.py,,data/filtered/details/structures_files/assembly/7bt7.pdb,"Homomer, 5 proteins."
2729,7bt7,data/filtered/details/structures_files/pymol/2729_7bt7_B_D.py,,data/filtered/details/structures_files/assembly/7bt7.pdb,"Homomer, 5 proteins."
2732,9p3d,data/filtered/details/structures_files/pymol/2732_9p3d_X_Y.py,,data/filtered/details/structures_files/assembly/9p3d.pdb,"Heteromer, 22 proteins."
2733,9p3d,data/filtered/details/structures_files/pymol/2733_9p3d_X_Z.py,,data/filtered/details/structures_files/assembly/9p3d.pdb,"Heteromer, 22 proteins."
2734,9p3d,data/filtered/details/structures_files/pymol/2734_9p3d_X_i.py,,data/filtered/details/structures_files/assembly/9p3d.pdb,"Heteromer, 22 proteins."
2735,9p3d,data/filtered/details/structures_files/pymol/2735_9p3d_X_j.py,,data/filtered/details/structures_files/assembly/9p3d.pdb,"Heteromer, 22 proteins."
2736,9p3d,data/filtered/details/structures_files/pymol/2736_9p3d_X_k.py,,data/filtered/details/structures_files/assembly/9p3d.pdb,"Heteromer, 22 proteins."
2737,8iai,data/filtered/details/structures_files/pymol/2737_8iai_C_5.py,data/filtered/details/structures_files/assembly/8iai.cif,,"Heteromer, 31 proteins."
2740,8iai,data/filtered/details/structures_files/pymol/2740_8iai_C_D.py,data/filtered/details/structures_files/assembly/8iai.cif,,"Heteromer, 31 proteins."
2741,8iai,data/filtered/details/structures_files/pymol/2741_8iai_C_E.py,data/filtered/details/structures_files/assembly/8iai.cif,,"Heteromer, 31 proteins."
2742,8iai,data/filtered/details/structures_files/pymol/2742_8iai_C_M.py,data/filtered/details/structures_files/assembly/8iai.cif,,"Heteromer, 31 proteins."
2743,8iai,data/filtered/details/structures_files/pymol/2743_8iai_C_O.py,data/filtered/details/structures_files/assembly/8iai.cif,,"Heteromer, 31 proteins."
2744,8iai,data/filtered/details/structures_files/pymol/2744_8iai_C_Y.py,data/filtered/details/structures_files/assembly/8iai.cif,,"Heteromer, 31 proteins."
2753,7bt7,data/filtered/details/structures_files/pymol/2753_7bt7_A_B.py,,data/filtered/details/structures_files/assembly/7bt7.pdb,"Homomer, 5 proteins."
2754,7bt7,data/filtered/details/structures_files/pymol/2754_7bt7_A_C.py,,data/filtered/details/structures_files/assembly/7bt7.pdb,"Homomer, 5 proteins."
2757,9p3d,data/filtered/details/structures_files/pymol/2757_9p3d_W_X.py,,data/filtered/details/structures_files/assembly/9p3d.pdb,"Heteromer, 22 proteins."
2758,9p3d,data/filtered/details/structures_files/pymol/2758_9p3d_W_Y.py,,data/filtered/details/structures_files/assembly/9p3d.pdb,"Heteromer, 22 proteins."
2759,9p3d,data/filtered/details/structures_files/pymol/2759_9p3d_W_h.py,,data/filtered/details/structures_files/assembly/9p3d.pdb,"Heteromer, 22 proteins."
2760,9p3d,data/filtered/details/structures_files/pymol/2760_9p3d_W_i.py,,data/filtered/details/structures_files/assembly/9p3d.pdb,"Heteromer, 22 proteins."
2761,9p3d,data/filtered/details/structures_files/pymol/2761_9p3d_W_j.py,,data/filtered/details/structures_files/assembly/9p3d.pdb,"Heteromer, 22 proteins."
2763,8iai,data/filtered/details/structures_files/pymol/2763_8iai_B_C.py,data/filtered/details/structures_files/assembly/8iai.cif,,"Heteromer, 31 proteins."
2764,8iai,data/filtered/details/structures_files/pymol/2764_8iai_B_D.py,data/filtered/details/structures_files/assembly/8iai.cif,,"Heteromer, 31 proteins."
2765,8iai,data/filtered/details/structures_files/pymol/2765_8iai_B_N.py,data/filtered/details/structures_files/assembly/8iai.cif,,"Heteromer, 31 proteins."
2766,8iai,data/filtered/details/structures_files/pymol/2766_8iai_B_Y.py,data/filtered/details/structures_files/assembly/8iai.cif,,"Heteromer, 31 proteins."
2770,7jh7,data/filtered/details/structures_files/pymol/2770_7jh7_E_D.py,,data/filtered/details/structures_files/assembly/7jh7.pdb,"Heteromer, 8 proteins."
2773,5ood,data/filtered/details/structures_files/pymol/2773_5ood_D_E.py,,data/filtered/details/structures_files/assembly/5ood.pdb,"Homomer, 5 proteins."
278,9qfb,data/filtered/details/structures_files/pymol/278_9qfb_A_B.py,,data/filtered/details/structures_files/assembly/9qfb.pdb,"Heteromer, 14 proteins."
2781,9p3d,data/filtered/details/structures_files/pymol/2781_9p3d_V_W.py,,data/filtered/details/structures_files/assembly/9p3d.pdb,"Heteromer, 22 proteins."
2782,9p3d,data/filtered/details/structures_files/pymol/2782_9p3d_V_X.py,,data/filtered/details/structures_files/assembly/9p3d.pdb,"Heteromer, 22 proteins."
2783,9p3d,data/filtered/details/structures_files/pymol/2783_9p3d_V_g.py,,data/filtered/details/structures_files/assembly/9p3d.pdb,"Heteromer, 22 proteins."
2784,9p3d,data/filtered/details/structures_files/pymol/2784_9p3d_V_h.py,,data/filtered/details/structures_files/assembly/9p3d.pdb,"Heteromer, 22 proteins."
2785,9p3d,data/filtered/details/structures_files/pymol/2785_9p3d_V_i.py,,data/filtered/details/structures_files/assembly/9p3d.pdb,"Heteromer, 22 proteins."
2786,8iai,data/filtered/details/structures_files/pymol/2786_8iai_A_B.py,data/filtered/details/structures_files/assembly/8iai.cif,,"Heteromer, 31 proteins."
2787,8iai,data/filtered/details/structures_files/pymol/2787_8iai_A_C.py,data/filtered/details/structures_files/assembly/8iai.cif,,"Heteromer, 31 proteins."
2788,8iai,data/filtered/details/structures_files/pymol/2788_8iai_A_M.py,data/filtered/details/structures_files/assembly/8iai.cif,,"Heteromer, 31 proteins."
2789,8iai,data/filtered/details/structures_files/pymol/2789_8iai_A_U.py,data/filtered/details/structures_files/assembly/8iai.cif,,"Heteromer, 31 proteins."
279,9qfb,data/filtered/details/structures_files/pymol/279_9qfb_A_C.py,,data/filtered/details/structures_files/assembly/9qfb.pdb,"Heteromer, 14 proteins."
2790,8iai,data/filtered/details/structures_files/pymol/2790_8iai_A_Y.py,data/filtered/details/structures_files/assembly/8iai.cif,,"Heteromer, 31 proteins."
2793,7jh7,data/filtered/details/structures_files/pymol/2793_7jh7_C_H.py,,data/filtered/details/structures_files/assembly/7jh7.pdb,"Heteromer, 8 proteins."
2794,7jh7,data/filtered/details/structures_files/pymol/2794_7jh7_C_E.py,,data/filtered/details/structures_files/assembly/7jh7.pdb,"Heteromer, 8 proteins."
28,9qfe,data/filtered/details/structures_files/pymol/28_9qfe_B_D.py,,data/filtered/details/structures_files/assembly/9qfe.pdb,"Heteromer, 14 proteins."
280,9qfb,data/filtered/details/structures_files/pymol/280_9qfb_A_H.py,,data/filtered/details/structures_files/assembly/9qfb.pdb,"Heteromer, 14 proteins."
2801,7bti,data/filtered/details/structures_files/pymol/2801_7bti_D_E.py,,data/filtered/details/structures_files/assembly/7bti.pdb,"Heteromer, 5 proteins, 3 peptides."
2804,9p3d,data/filtered/details/structures_files/pymol/2804_9p3d_U_V.py,,data/filtered/details/structures_files/assembly/9p3d.pdb,"Heteromer, 22 proteins."
2805,9p3d,data/filtered/details/structures_files/pymol/2805_9p3d_U_W.py,,data/filtered/details/structures_files/assembly/9p3d.pdb,"Heteromer, 22 proteins."
2806,9p3d,data/filtered/details/structures_files/pymol/2806_9p3d_U_f.py,,data/filtered/details/structures_files/assembly/9p3d.pdb,"Heteromer, 22 proteins."
2807,9p3d,data/filtered/details/structures_files/pymol/2807_9p3d_U_g.py,,data/filtered/details/structures_files/assembly/9p3d.pdb,"Heteromer, 22 proteins."
2808,9p3d,data/filtered/details/structures_files/pymol/2808_9p3d_U_h.py,,data/filtered/details/structures_files/assembly/9p3d.pdb,"Heteromer, 22 proteins."
2809,8iah,data/filtered/details/structures_files/pymol/2809_8iah_L_0.py,data/filtered/details/structures_files/assembly/8iah.cif,,"Heteromer, 36 proteins."
281,9qfb,data/filtered/details/structures_files/pymol/281_9qfb_A_I.py,,data/filtered/details/structures_files/assembly/9qfb.pdb,"Heteromer, 14 proteins."
2810,8iah,data/filtered/details/structures_files/pymol/2810_8iah_L_1.py,data/filtered/details/structures_files/assembly/8iah.cif,,"Heteromer, 36 proteins."
2811,8iah,data/filtered/details/structures_files/pymol/2811_8iah_L_2.py,data/filtered/details/structures_files/assembly/8iah.cif,,"Heteromer, 36 proteins."
2812,8iah,data/filtered/details/structures_files/pymol/2812_8iah_L_3.py,data/filtered/details/structures_files/assembly/8iah.cif,,"Heteromer, 36 proteins."
2813,8iah,data/filtered/details/structures_files/pymol/2813_8iah_L_4.py,data/filtered/details/structures_files/assembly/8iah.cif,,"Heteromer, 36 proteins."
2817,7jh7,data/filtered/details/structures_files/pymol/2817_7jh7_B_F.py,,data/filtered/details/structures_files/assembly/7jh7.pdb,"Heteromer, 8 proteins."
2818,7jh7,data/filtered/details/structures_files/pymol/2818_7jh7_B_G.py,,data/filtered/details/structures_files/assembly/7jh7.pdb,"Heteromer, 8 proteins."
2819,7jh7,data/filtered/details/structures_files/pymol/2819_7jh7_B_D.py,,data/filtered/details/structures_files/assembly/7jh7.pdb,"Heteromer, 8 proteins."
282,9qfb,data/filtered/details/structures_files/pymol/282_9qfb_A_J.py,,data/filtered/details/structures_files/assembly/9qfb.pdb,"Heteromer, 14 proteins."
2821,5ood,data/filtered/details/structures_files/pymol/2821_5ood_C_A.py,,data/filtered/details/structures_files/assembly/5ood.pdb,"Homomer, 5 proteins."
2822,5ood,data/filtered/details/structures_files/pymol/2822_5ood_C_D.py,,data/filtered/details/structures_files/assembly/5ood.pdb,"Homomer, 5 proteins."
2823,5ood,data/filtered/details/structures_files/pymol/2823_5ood_C_E.py,,data/filtered/details/structures_files/assembly/5ood.pdb,"Homomer, 5 proteins."
2829,7bti,data/filtered/details/structures_files/pymol/2829_7bti_C_D.py,,data/filtered/details/structures_files/assembly/7bti.pdb,"Heteromer, 5 proteins, 3 peptides."
2830,7bti,data/filtered/details/structures_files/pymol/2830_7bti_C_E.py,,data/filtered/details/structures_files/assembly/7bti.pdb,"Heteromer, 5 proteins, 3 peptides."
2833,9p3d,data/filtered/details/structures_files/pymol/2833_9p3d_T_U.py,,data/filtered/details/structures_files/assembly/9p3d.pdb,"Heteromer, 22 proteins."
2834,9p3d,data/filtered/details/structures_files/pymol/2834_9p3d_T_V.py,,data/filtered/details/structures_files/assembly/9p3d.pdb,"Heteromer, 22 proteins."
2835,9p3d,data/filtered/details/structures_files/pymol/2835_9p3d_T_e.py,,data/filtered/details/structures_files/assembly/9p3d.pdb,"Heteromer, 22 proteins."
2836,9p3d,data/filtered/details/structures_files/pymol/2836_9p3d_T_f.py,,data/filtered/details/structures_files/assembly/9p3d.pdb,"Heteromer, 22 proteins."
2837,9p3d,data/filtered/details/structures_files/pymol/2837_9p3d_T_g.py,,data/filtered/details/structures_files/assembly/9p3d.pdb,"Heteromer, 22 proteins."
2838,8iah,data/filtered/details/structures_files/pymol/2838_8iah_K_1.py,data/filtered/details/structures_files/assembly/8iah.cif,,"Heteromer, 36 proteins."
2839,8iah,data/filtered/details/structures_files/pymol/2839_8iah_K_3.py,data/filtered/details/structures_files/assembly/8iah.cif,,"Heteromer, 36 proteins."
2840,8iah,data/filtered/details/structures_files/pymol/2840_8iah_K_9.py,data/filtered/details/structures_files/assembly/8iah.cif,,"Heteromer, 36 proteins."
2843,8iah,data/filtered/details/structures_files/pymol/2843_8iah_K_L.py,data/filtered/details/structures_files/assembly/8iah.cif,,"Heteromer, 36 proteins."
2844,7jh7,data/filtered/details/structures_files/pymol/2844_7jh7_A_F.py,,data/filtered/details/structures_files/assembly/7jh7.pdb,"Heteromer, 8 proteins."
2845,7jh7,data/filtered/details/structures_files/pymol/2845_7jh7_A_B.py,,data/filtered/details/structures_files/assembly/7jh7.pdb,"Heteromer, 8 proteins."
2846,7jh7,data/filtered/details/structures_files/pymol/2846_7jh7_A_C.py,,data/filtered/details/structures_files/assembly/7jh7.pdb,"Heteromer, 8 proteins."
2847,7jh7,data/filtered/details/structures_files/pymol/2847_7jh7_A_H.py,,data/filtered/details/structures_files/assembly/7jh7.pdb,"Heteromer, 8 proteins."
2848,7jh7,data/filtered/details/structures_files/pymol/2848_7jh7_A_E.py,,data/filtered/details/structures_files/assembly/7jh7.pdb,"Heteromer, 8 proteins."
2849,7jh7,data/filtered/details/structures_files/pymol/2849_7jh7_A_D.py,,data/filtered/details/structures_files/assembly/7jh7.pdb,"Heteromer, 8 proteins."
2850,5ood,data/filtered/details/structures_files/pymol/2850_5ood_B_C.py,,data/filtered/details/structures_files/assembly/5ood.pdb,"Homomer, 5 proteins."
2851,5ood,data/filtered/details/structures_files/pymol/2851_5ood_B_A.py,,data/filtered/details/structures_files/assembly/5ood.pdb,"Homomer, 5 proteins."
2852,5ood,data/filtered/details/structures_files/pymol/2852_5ood_B_D.py,,data/filtered/details/structures_files/assembly/5ood.pdb,"Homomer, 5 proteins."
2857,7bti,data/filtered/details/structures_files/pymol/2857_7bti_B_C.py,,data/filtered/details/structures_files/assembly/7bti.pdb,"Heteromer, 5 proteins, 3 peptides."
2858,7bti,data/filtered/details/structures_files/pymol/2858_7bti_B_D.py,,data/filtered/details/structures_files/assembly/7bti.pdb,"Heteromer, 5 proteins, 3 peptides."
2861,9p3d,data/filtered/details/structures_files/pymol/2861_9p3d_S_T.py,,data/filtered/details/structures_files/assembly/9p3d.pdb,"Heteromer, 22 proteins."
2862,9p3d,data/filtered/details/structures_files/pymol/2862_9p3d_S_U.py,,data/filtered/details/structures_files/assembly/9p3d.pdb,"Heteromer, 22 proteins."
2863,9p3d,data/filtered/details/structures_files/pymol/2863_9p3d_S_d.py,,data/filtered/details/structures_files/assembly/9p3d.pdb,"Heteromer, 22 proteins."
2864,9p3d,data/filtered/details/structures_files/pymol/2864_9p3d_S_e.py,,data/filtered/details/structures_files/assembly/9p3d.pdb,"Heteromer, 22 proteins."
2865,9p3d,data/filtered/details/structures_files/pymol/2865_9p3d_S_f.py,,data/filtered/details/structures_files/assembly/9p3d.pdb,"Heteromer, 22 proteins."
2866,8iah,data/filtered/details/structures_files/pymol/2866_8iah_J_3.py,data/filtered/details/structures_files/assembly/8iah.cif,,"Heteromer, 36 proteins."
2869,8iah,data/filtered/details/structures_files/pymol/2869_8iah_J_K.py,data/filtered/details/structures_files/assembly/8iah.cif,,"Heteromer, 36 proteins."
287,12bw,data/filtered/details/structures_files/pymol/287_12bw_G_H.py,,data/filtered/details/structures_files/assembly/12bw.pdb,"Heteromer, 9 proteins."
2870,8iah,data/filtered/details/structures_files/pymol/2870_8iah_J_L.py,data/filtered/details/structures_files/assembly/8iah.cif,,"Heteromer, 36 proteins."
2871,8iah,data/filtered/details/structures_files/pymol/2871_8iah_J_T.py,data/filtered/details/structures_files/assembly/8iah.cif,,"Heteromer, 36 proteins."
2879,7bti,data/filtered/details/structures_files/pymol/2879_7bti_A_B.py,,data/filtered/details/structures_files/assembly/7bti.pdb,"Heteromer, 5 proteins, 3 peptides."
2880,7bti,data/filtered/details/structures_files/pymol/2880_7bti_A_C.py,,data/filtered/details/structures_files/assembly/7bti.pdb,"Heteromer, 5 proteins, 3 peptides."
2882,9p3d,data/filtered/details/structures_files/pymol/2882_9p3d_R_S.py,,data/filtered/details/structures_files/assembly/9p3d.pdb,"Heteromer, 22 proteins."
2883,9p3d,data/filtered/details/structures_files/pymol/2883_9p3d_R_T.py,,data/filtered/details/structures_files/assembly/9p3d.pdb,"Heteromer, 22 proteins."
2884,9p3d,data/filtered/details/structures_files/pymol/2884_9p3d_R_c.py,,data/filtered/details/structures_files/assembly/9p3d.pdb,"Heteromer, 22 proteins."
2885,9p3d,data/filtered/details/structures_files/pymol/2885_9p3d_R_d.py,,data/filtered/details/structures_files/assembly/9p3d.pdb,"Heteromer, 22 proteins."
2886,9p3d,data/filtered/details/structures_files/pymol/2886_9p3d_R_e.py,,data/filtered/details/structures_files/assembly/9p3d.pdb,"Heteromer, 22 proteins."
2887,8iah,data/filtered/details/structures_files/pymol/2887_8iah_I_1.py,data/filtered/details/structures_files/assembly/8iah.cif,,"Heteromer, 36 proteins."
2888,8iah,data/filtered/details/structures_files/pymol/2888_8iah_I_7.py,data/filtered/details/structures_files/assembly/8iah.cif,,"Heteromer, 36 proteins."
2891,8iah,data/filtered/details/structures_files/pymol/2891_8iah_I_J.py,data/filtered/details/structures_files/assembly/8iah.cif,,"Heteromer, 36 proteins."
2892,8iah,data/filtered/details/structures_files/pymol/2892_8iah_I_K.py,data/filtered/details/structures_files/assembly/8iah.cif,,"Heteromer, 36 proteins."
2893,8iah,data/filtered/details/structures_files/pymol/2893_8iah_I_S.py,data/filtered/details/structures_files/assembly/8iah.cif,,"Heteromer, 36 proteins."
2898,5ooc,data/filtered/details/structures_files/pymol/2898_5ooc_E_D.py,,data/filtered/details/structures_files/assembly/5ooc.pdb,"Homomer, 5 proteins."
29,9qfe,data/filtered/details/structures_files/pymol/29_9qfe_B_L.py,,data/filtered/details/structures_files/assembly/9qfe.pdb,"Heteromer, 14 proteins."
2904,6m5g,data/filtered/details/structures_files/pymol/2904_6m5g_E_H.py,,data/filtered/details/structures_files/assembly/6m5g.pdb,"Heteromer, 8 proteins."
2905,9p3d,data/filtered/details/structures_files/pymol/2905_9p3d_Q_R.py,,data/filtered/details/structures_files/assembly/9p3d.pdb,"Heteromer, 22 proteins."
2906,9p3d,data/filtered/details/structures_files/pymol/2906_9p3d_Q_S.py,,data/filtered/details/structures_files/assembly/9p3d.pdb,"Heteromer, 22 proteins."
2907,9p3d,data/filtered/details/structures_files/pymol/2907_9p3d_Q_c.py,,data/filtered/details/structures_files/assembly/9p3d.pdb,"Heteromer, 22 proteins."
2908,9p3d,data/filtered/details/structures_files/pymol/2908_9p3d_Q_d.py,,data/filtered/details/structures_files/assembly/9p3d.pdb,"Heteromer, 22 proteins."
2909,8iah,data/filtered/details/structures_files/pymol/2909_8iah_H_7.py,data/filtered/details/structures_files/assembly/8iah.cif,,"Heteromer, 36 proteins."
2912,8iah,data/filtered/details/structures_files/pymol/2912_8iah_H_I.py,data/filtered/details/structures_files/assembly/8iah.cif,,"Heteromer, 36 proteins."
2913,8iah,data/filtered/details/structures_files/pymol/2913_8iah_H_J.py,data/filtered/details/structures_files/assembly/8iah.cif,,"Heteromer, 36 proteins."
2914,8iah,data/filtered/details/structures_files/pymol/2914_8iah_H_R.py,data/filtered/details/structures_files/assembly/8iah.cif,,"Heteromer, 36 proteins."
2915,8iah,data/filtered/details/structures_files/pymol/2915_8iah_H_T.py,data/filtered/details/structures_files/assembly/8iah.cif,,"Heteromer, 36 proteins."
2920,5ooc,data/filtered/details/structures_files/pymol/2920_5ooc_B_D.py,,data/filtered/details/structures_files/assembly/5ooc.pdb,"Homomer, 5 proteins."
2926,6m5g,data/filtered/details/structures_files/pymol/2926_6m5g_D_E.py,,data/filtered/details/structures_files/assembly/6m5g.pdb,"Heteromer, 8 proteins."
2927,6m5g,data/filtered/details/structures_files/pymol/2927_6m5g_D_F.py,,data/filtered/details/structures_files/assembly/6m5g.pdb,"Heteromer, 8 proteins."
2930,8iah,data/filtered/details/structures_files/pymol/2930_8iah_G_6.py,data/filtered/details/structures_files/assembly/8iah.cif,,"Heteromer, 36 proteins."
2931,8iah,data/filtered/details/structures_files/pymol/2931_8iah_G_7.py,data/filtered/details/structures_files/assembly/8iah.cif,,"Heteromer, 36 proteins."
2934,8iah,data/filtered/details/structures_files/pymol/2934_8iah_G_H.py,data/filtered/details/structures_files/assembly/8iah.cif,,"Heteromer, 36 proteins."
2935,8iah,data/filtered/details/structures_files/pymol/2935_8iah_G_I.py,data/filtered/details/structures_files/assembly/8iah.cif,,"Heteromer, 36 proteins."
2936,8iah,data/filtered/details/structures_files/pymol/2936_8iah_G_Q.py,data/filtered/details/structures_files/assembly/8iah.cif,,"Heteromer, 36 proteins."
2937,8iah,data/filtered/details/structures_files/pymol/2937_8iah_G_S.py,data/filtered/details/structures_files/assembly/8iah.cif,,"Heteromer, 36 proteins."
2942,5ooc,data/filtered/details/structures_files/pymol/2942_5ooc_C_B.py,,data/filtered/details/structures_files/assembly/5ooc.pdb,"Homomer, 5 proteins."
2943,5ooc,data/filtered/details/structures_files/pymol/2943_5ooc_C_E.py,,data/filtered/details/structures_files/assembly/5ooc.pdb,"Homomer, 5 proteins."
2944,5ooc,data/filtered/details/structures_files/pymol/2944_5ooc_C_D.py,,data/filtered/details/structures_files/assembly/5ooc.pdb,"Homomer, 5 proteins."
2945,8vfm,data/filtered/details/structures_files/pymol/2945_8vfm_W_B.py,,data/filtered/details/structures_files/assembly/8vfm.pdb,"Heteromer, 12 proteins."
295,9qf2,data/filtered/details/structures_files/pymol/295_9qf2_E_I.py,,data/filtered/details/structures_files/assembly/9qf2.pdb,"Heteromer, 10 proteins."
2950,6m5g,data/filtered/details/structures_files/pymol/2950_6m5g_C_D.py,,data/filtered/details/structures_files/assembly/6m5g.pdb,"Heteromer, 8 proteins."
2951,6m5g,data/filtered/details/structures_files/pymol/2951_6m5g_C_E.py,,data/filtered/details/structures_files/assembly/6m5g.pdb,"Heteromer, 8 proteins."
2952,6m5g,data/filtered/details/structures_files/pymol/2952_6m5g_C_G.py,,data/filtered/details/structures_files/assembly/6m5g.pdb,"Heteromer, 8 proteins."
2953,6m5g,data/filtered/details/structures_files/pymol/2953_6m5g_C_H.py,,data/filtered/details/structures_files/assembly/6m5g.pdb,"Heteromer, 8 proteins."
2956,8uz1,data/filtered/details/structures_files/pymol/2956_8uz1_Q_R.py,,data/filtered/details/structures_files/assembly/8uz1.pdb,"Homomer, 9 proteins."
2957,8iah,data/filtered/details/structures_files/pymol/2957_8iah_F_6.py,data/filtered/details/structures_files/assembly/8iah.cif,,"Heteromer, 36 proteins."
296,9qf2,data/filtered/details/structures_files/pymol/296_9qf2_E_J.py,,data/filtered/details/structures_files/assembly/9qf2.pdb,"Heteromer, 10 proteins."
2960,8iah,data/filtered/details/structures_files/pymol/2960_8iah_F_G.py,data/filtered/details/structures_files/assembly/8iah.cif,,"Heteromer, 36 proteins."
2961,8iah,data/filtered/details/structures_files/pymol/2961_8iah_F_H.py,data/filtered/details/structures_files/assembly/8iah.cif,,"Heteromer, 36 proteins."
2962,8iah,data/filtered/details/structures_files/pymol/2962_8iah_F_P.py,data/filtered/details/structures_files/assembly/8iah.cif,,"Heteromer, 36 proteins."
2963,8iah,data/filtered/details/structures_files/pymol/2963_8iah_F_R.py,data/filtered/details/structures_files/assembly/8iah.cif,,"Heteromer, 36 proteins."
2967,5ooc,data/filtered/details/structures_files/pymol/2967_5ooc_A_C.py,,data/filtered/details/structures_files/assembly/5ooc.pdb,"Homomer, 5 proteins."
2968,5ooc,data/filtered/details/structures_files/pymol/2968_5ooc_A_B.py,,data/filtered/details/structures_files/assembly/5ooc.pdb,"Homomer, 5 proteins."
2969,8vfm,data/filtered/details/structures_files/pymol/2969_8vfm_U_A.py,,data/filtered/details/structures_files/assembly/8vfm.pdb,"Heteromer, 12 proteins."
2970,8vfm,data/filtered/details/structures_files/pymol/2970_8vfm_U_C.py,,data/filtered/details/structures_files/assembly/8vfm.pdb,"Heteromer, 12 proteins."
2976,6m5g,data/filtered/details/structures_files/pymol/2976_6m5g_B_C.py,,data/filtered/details/structures_files/assembly/6m5g.pdb,"Heteromer, 8 proteins."
2977,6m5g,data/filtered/details/structures_files/pymol/2977_6m5g_B_D.py,,data/filtered/details/structures_files/assembly/6m5g.pdb,"Heteromer, 8 proteins."
2978,6m5g,data/filtered/details/structures_files/pymol/2978_6m5g_B_F.py,,data/filtered/details/structures_files/assembly/6m5g.pdb,"Heteromer, 8 proteins."
2981,8uz1,data/filtered/details/structures_files/pymol/2981_8uz1_P_Q.py,,data/filtered/details/structures_files/assembly/8uz1.pdb,"Homomer, 9 proteins."
2982,8uz1,data/filtered/details/structures_files/pymol/2982_8uz1_P_R.py,,data/filtered/details/structures_files/assembly/8uz1.pdb,"Homomer, 9 proteins."
2983,8iah,data/filtered/details/structures_files/pymol/2983_8iah_E_5.py,data/filtered/details/structures_files/assembly/8iah.cif,,"Heteromer, 36 proteins."
2984,8iah,data/filtered/details/structures_files/pymol/2984_8iah_E_6.py,data/filtered/details/structures_files/assembly/8iah.cif,,"Heteromer, 36 proteins."
2987,8iah,data/filtered/details/structures_files/pymol/2987_8iah_E_F.py,data/filtered/details/structures_files/assembly/8iah.cif,,"Heteromer, 36 proteins."
2988,8iah,data/filtered/details/structures_files/pymol/2988_8iah_E_G.py,data/filtered/details/structures_files/assembly/8iah.cif,,"Heteromer, 36 proteins."
2989,8iah,data/filtered/details/structures_files/pymol/2989_8iah_E_O.py,data/filtered/details/structures_files/assembly/8iah.cif,,"Heteromer, 36 proteins."
2990,8iah,data/filtered/details/structures_files/pymol/2990_8iah_E_Q.py,data/filtered/details/structures_files/assembly/8iah.cif,,"Heteromer, 36 proteins."
2993,9hm9,data/filtered/details/structures_files/pymol/2993_9hm9_B_D.py,,data/filtered/details/structures_files/assembly/9hm9.pdb,"Heteromer, 6 proteins."
2997,8vfm,data/filtered/details/structures_files/pymol/2997_8vfm_S_A.py,,data/filtered/details/structures_files/assembly/8vfm.pdb,"Heteromer, 12 proteins."
2998,8vfm,data/filtered/details/structures_files/pymol/2998_8vfm_S_C.py,,data/filtered/details/structures_files/assembly/8vfm.pdb,"Heteromer, 12 proteins."
3,9qfe,data/filtered/details/structures_files/pymol/3_9qfe_C_D.py,,data/filtered/details/structures_files/assembly/9qfe.pdb,"Heteromer, 14 proteins."
30,9qfe,data/filtered/details/structures_files/pymol/30_9qfe_B_M.py,,data/filtered/details/structures_files/assembly/9qfe.pdb,"Heteromer, 14 proteins."
3002,8vfm,data/filtered/details/structures_files/pymol/3002_8vfm_S_U.py,,data/filtered/details/structures_files/assembly/8vfm.pdb,"Heteromer, 12 proteins."
3003,6m5g,data/filtered/details/structures_files/pymol/3003_6m5g_A_B.py,,data/filtered/details/structures_files/assembly/6m5g.pdb,"Heteromer, 8 proteins."
3004,6m5g,data/filtered/details/structures_files/pymol/3004_6m5g_A_C.py,,data/filtered/details/structures_files/assembly/6m5g.pdb,"Heteromer, 8 proteins."
3005,6m5g,data/filtered/details/structures_files/pymol/3005_6m5g_A_G.py,,data/filtered/details/structures_files/assembly/6m5g.pdb,"Heteromer, 8 proteins."
3008,8uz1,data/filtered/details/structures_files/pymol/3008_8uz1_O_P.py,,data/filtered/details/structures_files/assembly/8uz1.pdb,"Homomer, 9 proteins."
3009,8uz1,data/filtered/details/structures_files/pymol/3009_8uz1_O_Q.py,,data/filtered/details/structures_files/assembly/8uz1.pdb,"Homomer, 9 proteins."
3010,8iah,data/filtered/details/structures_files/pymol/3010_8iah_D_5.py,data/filtered/details/structures_files/assembly/8iah.cif,,"Heteromer, 36 proteins."
3013,8iah,data/filtered/details/structures_files/pymol/3013_8iah_D_E.py,data/filtered/details/structures_files/assembly/8iah.cif,,"Heteromer, 36 proteins."
3014,8iah,data/filtered/details/structures_files/pymol/3014_8iah_D_F.py,data/filtered/details/structures_files/assembly/8iah.cif,,"Heteromer, 36 proteins."
3015,8iah,data/filtered/details/structures_files/pymol/3015_8iah_D_N.py,data/filtered/details/structures_files/assembly/8iah.cif,,"Heteromer, 36 proteins."
3016,8iah,data/filtered/details/structures_files/pymol/3016_8iah_D_P.py,data/filtered/details/structures_files/assembly/8iah.cif,,"Heteromer, 36 proteins."
3018,9hm9,data/filtered/details/structures_files/pymol/3018_9hm9_E_F.py,,data/filtered/details/structures_files/assembly/9hm9.pdb,"Heteromer, 6 proteins."
3019,9hm9,data/filtered/details/structures_files/pymol/3019_9hm9_E_D.py,,data/filtered/details/structures_files/assembly/9hm9.pdb,"Heteromer, 6 proteins."
302,12bw,data/filtered/details/structures_files/pymol/302_12bw_F_G.py,,data/filtered/details/structures_files/assembly/12bw.pdb,"Heteromer, 9 proteins."
3021,6fhl,data/filtered/details/structures_files/pymol/3021_6fhl_E_D.py,,data/filtered/details/structures_files/assembly/6fhl.pdb,"Homomer, 5 proteins."
3022,8vfm,data/filtered/details/structures_files/pymol/3022_8vfm_R_I.py,,data/filtered/details/structures_files/assembly/8vfm.pdb,"Heteromer, 12 proteins."
3029,8uz1,data/filtered/details/structures_files/pymol/3029_8uz1_N_O.py,,data/filtered/details/structures_files/assembly/8uz1.pdb,"Homomer, 9 proteins."
303,12bw,data/filtered/details/structures_files/pymol/303_12bw_F_H.py,,data/filtered/details/structures_files/assembly/12bw.pdb,"Heteromer, 9 proteins."
3030,8uz1,data/filtered/details/structures_files/pymol/3030_8uz1_N_P.py,,data/filtered/details/structures_files/assembly/8uz1.pdb,"Homomer, 9 proteins."
3031,8iah,data/filtered/details/structures_files/pymol/3031_8iah_C_5.py,data/filtered/details/structures_files/assembly/8iah.cif,,"Heteromer, 36 proteins."
3034,8iah,data/filtered/details/structures_files/pymol/3034_8iah_C_D.py,data/filtered/details/structures_files/assembly/8iah.cif,,"Heteromer, 36 proteins."
3035,8iah,data/filtered/details/structures_files/pymol/3035_8iah_C_E.py,data/filtered/details/structures_files/assembly/8iah.cif,,"Heteromer, 36 proteins."
3036,8iah,data/filtered/details/structures_files/pymol/3036_8iah_C_M.py,data/filtered/details/structures_files/assembly/8iah.cif,,"Heteromer, 36 proteins."
3037,8iah,data/filtered/details/structures_files/pymol/3037_8iah_C_O.py,data/filtered/details/structures_files/assembly/8iah.cif,,"Heteromer, 36 proteins."
3038,8iah,data/filtered/details/structures_files/pymol/3038_8iah_C_Y.py,data/filtered/details/structures_files/assembly/8iah.cif,,"Heteromer, 36 proteins."
3040,9hm9,data/filtered/details/structures_files/pymol/3040_9hm9_A_B.py,,data/filtered/details/structures_files/assembly/9hm9.pdb,"Heteromer, 6 proteins."
3043,8vfm,data/filtered/details/structures_files/pymol/3043_8vfm_N_I.py,,data/filtered/details/structures_files/assembly/8vfm.pdb,"Heteromer, 12 proteins."
3045,8vfm,data/filtered/details/structures_files/pymol/3045_8vfm_N_R.py,,data/filtered/details/structures_files/assembly/8vfm.pdb,"Heteromer, 12 proteins."
3046,8vfm,data/filtered/details/structures_files/pymol/3046_8vfm_N_U.py,,data/filtered/details/structures_files/assembly/8vfm.pdb,"Heteromer, 12 proteins."
3052,8uz1,data/filtered/details/structures_files/pymol/3052_8uz1_M_N.py,,data/filtered/details/structures_files/assembly/8uz1.pdb,"Homomer, 9 proteins."
3053,8uz1,data/filtered/details/structures_files/pymol/3053_8uz1_M_O.py,,data/filtered/details/structures_files/assembly/8uz1.pdb,"Homomer, 9 proteins."
3055,8iah,data/filtered/details/structures_files/pymol/3055_8iah_B_C.py,data/filtered/details/structures_files/assembly/8iah.cif,,"Heteromer, 36 proteins."
3056,8iah,data/filtered/details/structures_files/pymol/3056_8iah_B_D.py,data/filtered/details/structures_files/assembly/8iah.cif,,"Heteromer, 36 proteins."
3057,8iah,data/filtered/details/structures_files/pymol/3057_8iah_B_N.py,data/filtered/details/structures_files/assembly/8iah.cif,,"Heteromer, 36 proteins."
3058,8iah,data/filtered/details/structures_files/pymol/3058_8iah_B_Y.py,data/filtered/details/structures_files/assembly/8iah.cif,,"Heteromer, 36 proteins."
3060,9hm9,data/filtered/details/structures_files/pymol/3060_9hm9_C_F.py,,data/filtered/details/structures_files/assembly/9hm9.pdb,"Heteromer, 6 proteins."
3061,9hm9,data/filtered/details/structures_files/pymol/3061_9hm9_C_A.py,,data/filtered/details/structures_files/assembly/9hm9.pdb,"Heteromer, 6 proteins."
3062,9hm9,data/filtered/details/structures_files/pymol/3062_9hm9_C_E.py,,data/filtered/details/structures_files/assembly/9hm9.pdb,"Heteromer, 6 proteins."
3063,9hm9,data/filtered/details/structures_files/pymol/3063_9hm9_C_B.py,,data/filtered/details/structures_files/assembly/9hm9.pdb,"Heteromer, 6 proteins."
3064,9hm9,data/filtered/details/structures_files/pymol/3064_9hm9_C_D.py,,data/filtered/details/structures_files/assembly/9hm9.pdb,"Heteromer, 6 proteins."
3066,6fhl,data/filtered/details/structures_files/pymol/3066_6fhl_B_A.py,,data/filtered/details/structures_files/assembly/6fhl.pdb,"Homomer, 5 proteins."
3067,6fhl,data/filtered/details/structures_files/pymol/3067_6fhl_B_D.py,,data/filtered/details/structures_files/assembly/6fhl.pdb,"Homomer, 5 proteins."
3068,8vfm,data/filtered/details/structures_files/pymol/3068_8vfm_M_A.py,,data/filtered/details/structures_files/assembly/8vfm.pdb,"Heteromer, 12 proteins."
3069,8vfm,data/filtered/details/structures_files/pymol/3069_8vfm_M_C.py,,data/filtered/details/structures_files/assembly/8vfm.pdb,"Heteromer, 12 proteins."
3071,8vfm,data/filtered/details/structures_files/pymol/3071_8vfm_M_S.py,,data/filtered/details/structures_files/assembly/8vfm.pdb,"Heteromer, 12 proteins."
3072,8vfm,data/filtered/details/structures_files/pymol/3072_8vfm_M_U.py,,data/filtered/details/structures_files/assembly/8vfm.pdb,"Heteromer, 12 proteins."
3073,8vfm,data/filtered/details/structures_files/pymol/3073_8vfm_M_W.py,,data/filtered/details/structures_files/assembly/8vfm.pdb,"Heteromer, 12 proteins."
3080,8uz1,data/filtered/details/structures_files/pymol/3080_8uz1_L_M.py,,data/filtered/details/structures_files/assembly/8uz1.pdb,"Homomer, 9 proteins."
3081,8uz1,data/filtered/details/structures_files/pymol/3081_8uz1_L_N.py,,data/filtered/details/structures_files/assembly/8uz1.pdb,"Homomer, 9 proteins."
3082,8iah,data/filtered/details/structures_files/pymol/3082_8iah_A_B.py,data/filtered/details/structures_files/assembly/8iah.cif,,"Heteromer, 36 proteins."
3083,8iah,data/filtered/details/structures_files/pymol/3083_8iah_A_C.py,data/filtered/details/structures_files/assembly/8iah.cif,,"Heteromer, 36 proteins."
3084,8iah,data/filtered/details/structures_files/pymol/3084_8iah_A_M.py,data/filtered/details/structures_files/assembly/8iah.cif,,"Heteromer, 36 proteins."
3085,8iah,data/filtered/details/structures_files/pymol/3085_8iah_A_U.py,data/filtered/details/structures_files/assembly/8iah.cif,,"Heteromer, 36 proteins."
3086,8iah,data/filtered/details/structures_files/pymol/3086_8iah_A_Y.py,data/filtered/details/structures_files/assembly/8iah.cif,,"Heteromer, 36 proteins."
309,9qf2,data/filtered/details/structures_files/pymol/309_9qf2_D_H.py,,data/filtered/details/structures_files/assembly/9qf2.pdb,"Heteromer, 10 proteins."
3091,6fhl,data/filtered/details/structures_files/pymol/3091_6fhl_C_B.py,,data/filtered/details/structures_files/assembly/6fhl.pdb,"Homomer, 5 proteins."
3092,6fhl,data/filtered/details/structures_files/pymol/3092_6fhl_C_A.py,,data/filtered/details/structures_files/assembly/6fhl.pdb,"Homomer, 5 proteins."
3093,6fhl,data/filtered/details/structures_files/pymol/3093_6fhl_C_E.py,,data/filtered/details/structures_files/assembly/6fhl.pdb,"Homomer, 5 proteins."
3094,6fhl,data/filtered/details/structures_files/pymol/3094_6fhl_C_D.py,,data/filtered/details/structures_files/assembly/6fhl.pdb,"Homomer, 5 proteins."
3095,8vfm,data/filtered/details/structures_files/pymol/3095_8vfm_L_A.py,,data/filtered/details/structures_files/assembly/8vfm.pdb,"Heteromer, 12 proteins."
3096,8vfm,data/filtered/details/structures_files/pymol/3096_8vfm_L_I.py,,data/filtered/details/structures_files/assembly/8vfm.pdb,"Heteromer, 12 proteins."
3097,8vfm,data/filtered/details/structures_files/pymol/3097_8vfm_L_N.py,,data/filtered/details/structures_files/assembly/8vfm.pdb,"Heteromer, 12 proteins."
3098,8vfm,data/filtered/details/structures_files/pymol/3098_8vfm_L_R.py,,data/filtered/details/structures_files/assembly/8vfm.pdb,"Heteromer, 12 proteins."
3099,8vfm,data/filtered/details/structures_files/pymol/3099_8vfm_L_S.py,,data/filtered/details/structures_files/assembly/8vfm.pdb,"Heteromer, 12 proteins."
3100,8vfm,data/filtered/details/structures_files/pymol/3100_8vfm_L_U.py,,data/filtered/details/structures_files/assembly/8vfm.pdb,"Heteromer, 12 proteins."
3106,8uz1,data/filtered/details/structures_files/pymol/3106_8uz1_K_L.py,,data/filtered/details/structures_files/assembly/8uz1.pdb,"Homomer, 9 proteins."
3107,8uz1,data/filtered/details/structures_files/pymol/3107_8uz1_K_M.py,,data/filtered/details/structures_files/assembly/8uz1.pdb,"Homomer, 9 proteins."
311,9qf2,data/filtered/details/structures_files/pymol/311_9qf2_D_E.py,,data/filtered/details/structures_files/assembly/9qf2.pdb,"Heteromer, 10 proteins."
3112,9gob,data/filtered/details/structures_files/pymol/3112_9gob_B_D.py,,data/filtered/details/structures_files/assembly/9gob.pdb,"Heteromer, 6 proteins."
3113,5yu8,data/filtered/details/structures_files/pymol/3113_5yu8_A_H.py,,data/filtered/details/structures_files/assembly/5yu8.pdb,"Heteromer, 8 proteins."
3116,8vfm,data/filtered/details/structures_files/pymol/3116_8vfm_J_B.py,,data/filtered/details/structures_files/assembly/8vfm.pdb,"Heteromer, 12 proteins."
3117,8vfm,data/filtered/details/structures_files/pymol/3117_8vfm_J_C.py,,data/filtered/details/structures_files/assembly/8vfm.pdb,"Heteromer, 12 proteins."
3118,8vfm,data/filtered/details/structures_files/pymol/3118_8vfm_J_M.py,,data/filtered/details/structures_files/assembly/8vfm.pdb,"Heteromer, 12 proteins."
3119,8vfm,data/filtered/details/structures_files/pymol/3119_8vfm_J_S.py,,data/filtered/details/structures_files/assembly/8vfm.pdb,"Heteromer, 12 proteins."
312,9qf2,data/filtered/details/structures_files/pymol/312_9qf2_D_I.py,,data/filtered/details/structures_files/assembly/9qf2.pdb,"Heteromer, 10 proteins."
3120,8vfm,data/filtered/details/structures_files/pymol/3120_8vfm_J_W.py,,data/filtered/details/structures_files/assembly/8vfm.pdb,"Heteromer, 12 proteins."
3125,6wvt,data/filtered/details/structures_files/pymol/3125_6wvt_I_N.py,,data/filtered/details/structures_files/assembly/6wvt.pdb,"Heteromer, 12 proteins."
3126,6wvt,data/filtered/details/structures_files/pymol/3126_6wvt_I_X.py,,data/filtered/details/structures_files/assembly/6wvt.pdb,"Heteromer, 12 proteins."
3127,8uz1,data/filtered/details/structures_files/pymol/3127_8uz1_J_K.py,,data/filtered/details/structures_files/assembly/8uz1.pdb,"Homomer, 9 proteins."
3128,8uz1,data/filtered/details/structures_files/pymol/3128_8uz1_J_L.py,,data/filtered/details/structures_files/assembly/8uz1.pdb,"Homomer, 9 proteins."
3129,8ib2,data/filtered/details/structures_files/pymol/3129_8ib2_E_5.py,data/filtered/details/structures_files/assembly/8ib2.cif,,"Heteromer, 6 proteins."
313,9qf2,data/filtered/details/structures_files/pymol/313_9qf2_D_J.py,,data/filtered/details/structures_files/assembly/9qf2.pdb,"Heteromer, 10 proteins."
3132,8ib2,data/filtered/details/structures_files/pymol/3132_8ib2_E_F.py,data/filtered/details/structures_files/assembly/8ib2.cif,,"Heteromer, 6 proteins."
3134,9gob,data/filtered/details/structures_files/pymol/3134_9gob_E_F.py,,data/filtered/details/structures_files/assembly/9gob.pdb,"Heteromer, 6 proteins."
3135,9gob,data/filtered/details/structures_files/pymol/3135_9gob_E_D.py,,data/filtered/details/structures_files/assembly/9gob.pdb,"Heteromer, 6 proteins."
3136,5yu8,data/filtered/details/structures_files/pymol/3136_5yu8_C_J.py,,data/filtered/details/structures_files/assembly/5yu8.pdb,"Heteromer, 8 proteins."
3137,5yu8,data/filtered/details/structures_files/pymol/3137_5yu8_C_H.py,,data/filtered/details/structures_files/assembly/5yu8.pdb,"Heteromer, 8 proteins."
3141,5yu8,data/filtered/details/structures_files/pymol/3141_5yu8_C_A.py,,data/filtered/details/structures_files/assembly/5yu8.pdb,"Heteromer, 8 proteins."
3146,6wvt,data/filtered/details/structures_files/pymol/3146_6wvt_H_I.py,,data/filtered/details/structures_files/assembly/6wvt.pdb,"Heteromer, 12 proteins."
3147,6wvt,data/filtered/details/structures_files/pymol/3147_6wvt_H_Q.py,,data/filtered/details/structures_files/assembly/6wvt.pdb,"Heteromer, 12 proteins."
3148,6wvt,data/filtered/details/structures_files/pymol/3148_6wvt_H_X.py,,data/filtered/details/structures_files/assembly/6wvt.pdb,"Heteromer, 12 proteins."
3151,8ib2,data/filtered/details/structures_files/pymol/3151_8ib2_D_5.py,data/filtered/details/structures_files/assembly/8ib2.cif,,"Heteromer, 6 proteins."
3154,8ib2,data/filtered/details/structures_files/pymol/3154_8ib2_D_E.py,data/filtered/details/structures_files/assembly/8ib2.cif,,"Heteromer, 6 proteins."
3155,8ib2,data/filtered/details/structures_files/pymol/3155_8ib2_D_F.py,data/filtered/details/structures_files/assembly/8ib2.cif,,"Heteromer, 6 proteins."
3157,9gob,data/filtered/details/structures_files/pymol/3157_9gob_A_B.py,,data/filtered/details/structures_files/assembly/9gob.pdb,"Heteromer, 6 proteins."
3158,5yu8,data/filtered/details/structures_files/pymol/3158_5yu8_B_I.py,,data/filtered/details/structures_files/assembly/5yu8.pdb,"Heteromer, 8 proteins."
3160,5yu8,data/filtered/details/structures_files/pymol/3160_5yu8_B_C.py,,data/filtered/details/structures_files/assembly/5yu8.pdb,"Heteromer, 8 proteins."
3161,5yu8,data/filtered/details/structures_files/pymol/3161_5yu8_B_A.py,,data/filtered/details/structures_files/assembly/5yu8.pdb,"Heteromer, 8 proteins."
3165,6wvt,data/filtered/details/structures_files/pymol/3165_6wvt_F_H.py,,data/filtered/details/structures_files/assembly/6wvt.pdb,"Heteromer, 12 proteins."
3166,6wvt,data/filtered/details/structures_files/pymol/3166_6wvt_F_O.py,,data/filtered/details/structures_files/assembly/6wvt.pdb,"Heteromer, 12 proteins."
3169,8uz0,data/filtered/details/structures_files/pymol/3169_8uz0_Q_R.py,,data/filtered/details/structures_files/assembly/8uz0.pdb,"Homomer, 9 proteins."
3171,8ib2,data/filtered/details/structures_files/pymol/3171_8ib2_C_D.py,data/filtered/details/structures_files/assembly/8ib2.cif,,"Heteromer, 6 proteins."
3172,8ib2,data/filtered/details/structures_files/pymol/3172_8ib2_C_E.py,data/filtered/details/structures_files/assembly/8ib2.cif,,"Heteromer, 6 proteins."
3173,9gob,data/filtered/details/structures_files/pymol/3173_9gob_C_F.py,,data/filtered/details/structures_files/assembly/9gob.pdb,"Heteromer, 6 proteins."
3174,9gob,data/filtered/details/structures_files/pymol/3174_9gob_C_A.py,,data/filtered/details/structures_files/assembly/9gob.pdb,"Heteromer, 6 proteins."
3175,9gob,data/filtered/details/structures_files/pymol/3175_9gob_C_E.py,,data/filtered/details/structures_files/assembly/9gob.pdb,"Heteromer, 6 proteins."
3176,9gob,data/filtered/details/structures_files/pymol/3176_9gob_C_B.py,,data/filtered/details/structures_files/assembly/9gob.pdb,"Heteromer, 6 proteins."
3177,9gob,data/filtered/details/structures_files/pymol/3177_9gob_C_D.py,,data/filtered/details/structures_files/assembly/9gob.pdb,"Heteromer, 6 proteins."
3178,5yu8,data/filtered/details/structures_files/pymol/3178_5yu8_E_J.py,,data/filtered/details/structures_files/assembly/5yu8.pdb,"Heteromer, 8 proteins."
3180,5yu8,data/filtered/details/structures_files/pymol/3180_5yu8_E_C.py,,data/filtered/details/structures_files/assembly/5yu8.pdb,"Heteromer, 8 proteins."
3184,6wvt,data/filtered/details/structures_files/pymol/3184_6wvt_E_F.py,,data/filtered/details/structures_files/assembly/6wvt.pdb,"Heteromer, 12 proteins."
3185,6wvt,data/filtered/details/structures_files/pymol/3185_6wvt_E_H.py,,data/filtered/details/structures_files/assembly/6wvt.pdb,"Heteromer, 12 proteins."
3186,6wvt,data/filtered/details/structures_files/pymol/3186_6wvt_E_I.py,,data/filtered/details/structures_files/assembly/6wvt.pdb,"Heteromer, 12 proteins."
3187,6wvt,data/filtered/details/structures_files/pymol/3187_6wvt_E_K.py,,data/filtered/details/structures_files/assembly/6wvt.pdb,"Heteromer, 12 proteins."
3188,6wvt,data/filtered/details/structures_files/pymol/3188_6wvt_E_O.py,,data/filtered/details/structures_files/assembly/6wvt.pdb,"Heteromer, 12 proteins."
319,12bw,data/filtered/details/structures_files/pymol/319_12bw_E_F.py,,data/filtered/details/structures_files/assembly/12bw.pdb,"Heteromer, 9 proteins."
3191,8uz0,data/filtered/details/structures_files/pymol/3191_8uz0_P_Q.py,,data/filtered/details/structures_files/assembly/8uz0.pdb,"Homomer, 9 proteins."
3192,8uz0,data/filtered/details/structures_files/pymol/3192_8uz0_P_R.py,,data/filtered/details/structures_files/assembly/8uz0.pdb,"Homomer, 9 proteins."
3193,8ib2,data/filtered/details/structures_files/pymol/3193_8ib2_B_C.py,data/filtered/details/structures_files/assembly/8ib2.cif,,"Heteromer, 6 proteins."
3194,8ib2,data/filtered/details/structures_files/pymol/3194_8ib2_B_D.py,data/filtered/details/structures_files/assembly/8ib2.cif,,"Heteromer, 6 proteins."
3197,5yu8,data/filtered/details/structures_files/pymol/3197_5yu8_D_I.py,,data/filtered/details/structures_files/assembly/5yu8.pdb,"Heteromer, 8 proteins."
3198,5yu8,data/filtered/details/structures_files/pymol/3198_5yu8_D_E.py,,data/filtered/details/structures_files/assembly/5yu8.pdb,"Heteromer, 8 proteins."
3199,5yu8,data/filtered/details/structures_files/pymol/3199_5yu8_D_B.py,,data/filtered/details/structures_files/assembly/5yu8.pdb,"Heteromer, 8 proteins."
320,12bw,data/filtered/details/structures_files/pymol/320_12bw_E_G.py,,data/filtered/details/structures_files/assembly/12bw.pdb,"Heteromer, 9 proteins."
3200,5yu8,data/filtered/details/structures_files/pymol/3200_5yu8_D_C.py,,data/filtered/details/structures_files/assembly/5yu8.pdb,"Heteromer, 8 proteins."
3204,6wvt,data/filtered/details/structures_files/pymol/3204_6wvt_D_E.py,,data/filtered/details/structures_files/assembly/6wvt.pdb,"Heteromer, 12 proteins."
3205,6wvt,data/filtered/details/structures_files/pymol/3205_6wvt_D_I.py,,data/filtered/details/structures_files/assembly/6wvt.pdb,"Heteromer, 12 proteins."
3206,6wvt,data/filtered/details/structures_files/pymol/3206_6wvt_D_K.py,,data/filtered/details/structures_files/assembly/6wvt.pdb,"Heteromer, 12 proteins."
3207,6wvt,data/filtered/details/structures_files/pymol/3207_6wvt_D_L.py,,data/filtered/details/structures_files/assembly/6wvt.pdb,"Heteromer, 12 proteins."
321,12bw,data/filtered/details/structures_files/pymol/321_12bw_E_I.py,,data/filtered/details/structures_files/assembly/12bw.pdb,"Heteromer, 9 proteins."
3210,8uz0,data/filtered/details/structures_files/pymol/3210_8uz0_O_P.py,,data/filtered/details/structures_files/assembly/8uz0.pdb,"Homomer, 9 proteins."
3211,8uz0,data/filtered/details/structures_files/pymol/3211_8uz0_O_Q.py,,data/filtered/details/structures_files/assembly/8uz0.pdb,"Homomer, 9 proteins."
3221,6wvt,data/filtered/details/structures_files/pymol/3221_6wvt_B_D.py,,data/filtered/details/structures_files/assembly/6wvt.pdb,"Heteromer, 12 proteins."
3222,6wvt,data/filtered/details/structures_files/pymol/3222_6wvt_B_I.py,,data/filtered/details/structures_files/assembly/6wvt.pdb,"Heteromer, 12 proteins."
3223,6wvt,data/filtered/details/structures_files/pymol/3223_6wvt_B_N.py,,data/filtered/details/structures_files/assembly/6wvt.pdb,"Heteromer, 12 proteins."
3226,8uz0,data/filtered/details/structures_files/pymol/3226_8uz0_N_O.py,,data/filtered/details/structures_files/assembly/8uz0.pdb,"Homomer, 9 proteins."
3227,8uz0,data/filtered/details/structures_files/pymol/3227_8uz0_N_P.py,,data/filtered/details/structures_files/assembly/8uz0.pdb,"Homomer, 9 proteins."
3230,7ztc,data/filtered/details/structures_files/pymol/3230_7ztc_G_H.py,,data/filtered/details/structures_files/assembly/7ztc.pdb,"Homomer, 8 proteins."
3242,8uz0,data/filtered/details/structures_files/pymol/3242_8uz0_M_N.py,,data/filtered/details/structures_files/assembly/8uz0.pdb,"Homomer, 9 proteins."
3243,8uz0,data/filtered/details/structures_files/pymol/3243_8uz0_M_O.py,,data/filtered/details/structures_files/assembly/8uz0.pdb,"Homomer, 9 proteins."
3246,7ztc,data/filtered/details/structures_files/pymol/3246_7ztc_F_G.py,,data/filtered/details/structures_files/assembly/7ztc.pdb,"Homomer, 8 proteins."
3247,7ztc,data/filtered/details/structures_files/pymol/3247_7ztc_F_H.py,,data/filtered/details/structures_files/assembly/7ztc.pdb,"Homomer, 8 proteins."
3250,12bz,data/filtered/details/structures_files/pymol/3250_12bz_G_H.py,,data/filtered/details/structures_files/assembly/12bz.pdb,"Heteromer, 10 proteins."
3253,6c1g,data/filtered/details/structures_files/pymol/3253_6c1g_D_E.py,,data/filtered/details/structures_files/assembly/6c1g.pdb,"Heteromer, 7 proteins."
3254,6c1g,data/filtered/details/structures_files/pymol/3254_6c1g_D_P.py,,data/filtered/details/structures_files/assembly/6c1g.pdb,"Heteromer, 7 proteins."
3264,8uz0,data/filtered/details/structures_files/pymol/3264_8uz0_L_M.py,,data/filtered/details/structures_files/assembly/8uz0.pdb,"Homomer, 9 proteins."
3265,8uz0,data/filtered/details/structures_files/pymol/3265_8uz0_L_N.py,,data/filtered/details/structures_files/assembly/8uz0.pdb,"Homomer, 9 proteins."
3268,7ztc,data/filtered/details/structures_files/pymol/3268_7ztc_E_F.py,,data/filtered/details/structures_files/assembly/7ztc.pdb,"Homomer, 8 proteins."
3269,7ztc,data/filtered/details/structures_files/pymol/3269_7ztc_E_G.py,,data/filtered/details/structures_files/assembly/7ztc.pdb,"Homomer, 8 proteins."
3272,12bz,data/filtered/details/structures_files/pymol/3272_12bz_F_G.py,,data/filtered/details/structures_files/assembly/12bz.pdb,"Heteromer, 10 proteins."
3273,12bz,data/filtered/details/structures_files/pymol/3273_12bz_F_H.py,,data/filtered/details/structures_files/assembly/12bz.pdb,"Heteromer, 10 proteins."
3274,12bz,data/filtered/details/structures_files/pymol/3274_12bz_F_J.py,,data/filtered/details/structures_files/assembly/12bz.pdb,"Heteromer, 10 proteins."
3279,8pvx,data/filtered/details/structures_files/pymol/3279_8pvx_D_B.py,,data/filtered/details/structures_files/assembly/8pvx.pdb,"Heteromer, 5 proteins, 5 peptides."
3282,6vec,data/filtered/details/structures_files/pymol/3282_6vec_K_k.py,,data/filtered/details/structures_files/assembly/6vec.pdb,"Heteromer, 22 proteins."
3284,8uz0,data/filtered/details/structures_files/pymol/3284_8uz0_K_L.py,,data/filtered/details/structures_files/assembly/8uz0.pdb,"Homomer, 9 proteins."
3285,8uz0,data/filtered/details/structures_files/pymol/3285_8uz0_K_M.py,,data/filtered/details/structures_files/assembly/8uz0.pdb,"Homomer, 9 proteins."
3288,7ztc,data/filtered/details/structures_files/pymol/3288_7ztc_D_E.py,,data/filtered/details/structures_files/assembly/7ztc.pdb,"Homomer, 8 proteins."
3289,7ztc,data/filtered/details/structures_files/pymol/3289_7ztc_D_F.py,,data/filtered/details/structures_files/assembly/7ztc.pdb,"Homomer, 8 proteins."
3292,12bz,data/filtered/details/structures_files/pymol/3292_12bz_E_F.py,,data/filtered/details/structures_files/assembly/12bz.pdb,"Heteromer, 10 proteins."
3293,12bz,data/filtered/details/structures_files/pymol/3293_12bz_E_G.py,,data/filtered/details/structures_files/assembly/12bz.pdb,"Heteromer, 10 proteins."
3294,12bz,data/filtered/details/structures_files/pymol/3294_12bz_E_I.py,,data/filtered/details/structures_files/assembly/12bz.pdb,"Heteromer, 10 proteins."
3296,6c1g,data/filtered/details/structures_files/pymol/3296_6c1g_C_A.py,,data/filtered/details/structures_files/assembly/6c1g.pdb,"Heteromer, 7 proteins."
3297,6c1g,data/filtered/details/structures_files/pymol/3297_6c1g_C_D.py,,data/filtered/details/structures_files/assembly/6c1g.pdb,"Heteromer, 7 proteins."
3298,6c1g,data/filtered/details/structures_files/pymol/3298_6c1g_C_E.py,,data/filtered/details/structures_files/assembly/6c1g.pdb,"Heteromer, 7 proteins."
33,8uee,data/filtered/details/structures_files/pymol/33_8uee_K_L.py,,data/filtered/details/structures_files/assembly/8uee.pdb,"Heteromer, 11 proteins."
330,9qf2,data/filtered/details/structures_files/pymol/330_9qf2_B_H.py,,data/filtered/details/structures_files/assembly/9qf2.pdb,"Heteromer, 10 proteins."
3300,8pvx,data/filtered/details/structures_files/pymol/3300_8pvx_A_B.py,,data/filtered/details/structures_files/assembly/8pvx.pdb,"Heteromer, 5 proteins, 5 peptides."
3303,6vec,data/filtered/details/structures_files/pymol/3303_6vec_J_f.py,,data/filtered/details/structures_files/assembly/6vec.pdb,"Heteromer, 22 proteins."
3304,6vec,data/filtered/details/structures_files/pymol/3304_6vec_J_j.py,,data/filtered/details/structures_files/assembly/6vec.pdb,"Heteromer, 22 proteins."
3305,8uz0,data/filtered/details/structures_files/pymol/3305_8uz0_J_K.py,,data/filtered/details/structures_files/assembly/8uz0.pdb,"Homomer, 9 proteins."
3306,8uz0,data/filtered/details/structures_files/pymol/3306_8uz0_J_L.py,,data/filtered/details/structures_files/assembly/8uz0.pdb,"Homomer, 9 proteins."
3309,7ztc,data/filtered/details/structures_files/pymol/3309_7ztc_C_D.py,,data/filtered/details/structures_files/assembly/7ztc.pdb,"Homomer, 8 proteins."
3310,7ztc,data/filtered/details/structures_files/pymol/3310_7ztc_C_E.py,,data/filtered/details/structures_files/assembly/7ztc.pdb,"Homomer, 8 proteins."
3313,12bz,data/filtered/details/structures_files/pymol/3313_12bz_D_E.py,,data/filtered/details/structures_files/assembly/12bz.pdb,"Heteromer, 10 proteins."
3314,12bz,data/filtered/details/structures_files/pymol/3314_12bz_D_F.py,,data/filtered/details/structures_files/assembly/12bz.pdb,"Heteromer, 10 proteins."
3315,12bz,data/filtered/details/structures_files/pymol/3315_12bz_D_J.py,,data/filtered/details/structures_files/assembly/12bz.pdb,"Heteromer, 10 proteins."
3316,6c1g,data/filtered/details/structures_files/pymol/3316_6c1g_B_C.py,,data/filtered/details/structures_files/assembly/6c1g.pdb,"Heteromer, 7 proteins."
3317,6c1g,data/filtered/details/structures_files/pymol/3317_6c1g_B_A.py,,data/filtered/details/structures_files/assembly/6c1g.pdb,"Heteromer, 7 proteins."
3318,6c1g,data/filtered/details/structures_files/pymol/3318_6c1g_B_D.py,,data/filtered/details/structures_files/assembly/6c1g.pdb,"Heteromer, 7 proteins."
3319,6c1g,data/filtered/details/structures_files/pymol/3319_6c1g_B_P.py,,data/filtered/details/structures_files/assembly/6c1g.pdb,"Heteromer, 7 proteins."
332,9qf2,data/filtered/details/structures_files/pymol/332_9qf2_B_D.py,,data/filtered/details/structures_files/assembly/9qf2.pdb,"Heteromer, 10 proteins."
3321,8pvx,data/filtered/details/structures_files/pymol/3321_8pvx_E_D.py,,data/filtered/details/structures_files/assembly/8pvx.pdb,"Heteromer, 5 proteins, 5 peptides."
3324,6vec,data/filtered/details/structures_files/pymol/3324_6vec_I_K.py,,data/filtered/details/structures_files/assembly/6vec.pdb,"Heteromer, 22 proteins."
3325,6vec,data/filtered/details/structures_files/pymol/3325_6vec_I_i.py,,data/filtered/details/structures_files/assembly/6vec.pdb,"Heteromer, 22 proteins."
3328,7ztc,data/filtered/details/structures_files/pymol/3328_7ztc_B_C.py,,data/filtered/details/structures_files/assembly/7ztc.pdb,"Homomer, 8 proteins."
3329,7ztc,data/filtered/details/structures_files/pymol/3329_7ztc_B_D.py,,data/filtered/details/structures_files/assembly/7ztc.pdb,"Homomer, 8 proteins."
333,9qf2,data/filtered/details/structures_files/pymol/333_9qf2_B_F.py,,data/filtered/details/structures_files/assembly/9qf2.pdb,"Heteromer, 10 proteins."
3332,12bz,data/filtered/details/structures_files/pymol/3332_12bz_C_D.py,,data/filtered/details/structures_files/assembly/12bz.pdb,"Heteromer, 10 proteins."
3333,12bz,data/filtered/details/structures_files/pymol/3333_12bz_C_E.py,,data/filtered/details/structures_files/assembly/12bz.pdb,"Heteromer, 10 proteins."
3334,12bz,data/filtered/details/structures_files/pymol/3334_12bz_C_I.py,,data/filtered/details/structures_files/assembly/12bz.pdb,"Heteromer, 10 proteins."
3335,6c1d,data/filtered/details/structures_files/pymol/3335_6c1d_B_P.py,,data/filtered/details/structures_files/assembly/6c1d.pdb,"Heteromer, 7 proteins, 1 peptide."
3339,8pvx,data/filtered/details/structures_files/pymol/3339_8pvx_C_E.py,,data/filtered/details/structures_files/assembly/8pvx.pdb,"Heteromer, 5 proteins, 5 peptides."
334,9qf2,data/filtered/details/structures_files/pymol/334_9qf2_B_G.py,,data/filtered/details/structures_files/assembly/9qf2.pdb,"Heteromer, 10 proteins."
3340,8pvx,data/filtered/details/structures_files/pymol/3340_8pvx_C_A.py,,data/filtered/details/structures_files/assembly/8pvx.pdb,"Heteromer, 5 proteins, 5 peptides."
3341,8pvx,data/filtered/details/structures_files/pymol/3341_8pvx_C_D.py,,data/filtered/details/structures_files/assembly/8pvx.pdb,"Heteromer, 5 proteins, 5 peptides."
3342,8pvx,data/filtered/details/structures_files/pymol/3342_8pvx_C_B.py,,data/filtered/details/structures_files/assembly/8pvx.pdb,"Heteromer, 5 proteins, 5 peptides."
3345,6vec,data/filtered/details/structures_files/pymol/3345_6vec_H_J.py,,data/filtered/details/structures_files/assembly/6vec.pdb,"Heteromer, 22 proteins."
3346,6vec,data/filtered/details/structures_files/pymol/3346_6vec_H_d.py,,data/filtered/details/structures_files/assembly/6vec.pdb,"Heteromer, 22 proteins."
3347,6vec,data/filtered/details/structures_files/pymol/3347_6vec_H_h.py,,data/filtered/details/structures_files/assembly/6vec.pdb,"Heteromer, 22 proteins."
3349,7ztc,data/filtered/details/structures_files/pymol/3349_7ztc_A_B.py,,data/filtered/details/structures_files/assembly/7ztc.pdb,"Homomer, 8 proteins."
335,9qf2,data/filtered/details/structures_files/pymol/335_9qf2_B_I.py,,data/filtered/details/structures_files/assembly/9qf2.pdb,"Heteromer, 10 proteins."
3350,7ztc,data/filtered/details/structures_files/pymol/3350_7ztc_A_C.py,,data/filtered/details/structures_files/assembly/7ztc.pdb,"Homomer, 8 proteins."
3352,12bz,data/filtered/details/structures_files/pymol/3352_12bz_B_C.py,,data/filtered/details/structures_files/assembly/12bz.pdb,"Heteromer, 10 proteins."
3353,12bz,data/filtered/details/structures_files/pymol/3353_12bz_B_D.py,,data/filtered/details/structures_files/assembly/12bz.pdb,"Heteromer, 10 proteins."
3357,6c1d,data/filtered/details/structures_files/pymol/3357_6c1d_C_B.py,,data/filtered/details/structures_files/assembly/6c1d.pdb,"Heteromer, 7 proteins, 1 peptide."
3361,6vec,data/filtered/details/structures_files/pymol/3361_6vec_G_I.py,,data/filtered/details/structures_files/assembly/6vec.pdb,"Heteromer, 22 proteins."
3362,6vec,data/filtered/details/structures_files/pymol/3362_6vec_G_K.py,,data/filtered/details/structures_files/assembly/6vec.pdb,"Heteromer, 22 proteins."
3363,6vec,data/filtered/details/structures_files/pymol/3363_6vec_G_g.py,,data/filtered/details/structures_files/assembly/6vec.pdb,"Heteromer, 22 proteins."
3364,6vec,data/filtered/details/structures_files/pymol/3364_6vec_G_k.py,,data/filtered/details/structures_files/assembly/6vec.pdb,"Heteromer, 22 proteins."
3370,12bz,data/filtered/details/structures_files/pymol/3370_12bz_A_B.py,,data/filtered/details/structures_files/assembly/12bz.pdb,"Heteromer, 10 proteins."
3371,12bz,data/filtered/details/structures_files/pymol/3371_12bz_A_C.py,,data/filtered/details/structures_files/assembly/12bz.pdb,"Heteromer, 10 proteins."
3372,6c1d,data/filtered/details/structures_files/pymol/3372_6c1d_A_C.py,,data/filtered/details/structures_files/assembly/6c1d.pdb,"Heteromer, 7 proteins, 1 peptide."
3373,6c1d,data/filtered/details/structures_files/pymol/3373_6c1d_A_B.py,,data/filtered/details/structures_files/assembly/6c1d.pdb,"Heteromer, 7 proteins, 1 peptide."
3377,6vec,data/filtered/details/structures_files/pymol/3377_6vec_F_H.py,,data/filtered/details/structures_files/assembly/6vec.pdb,"Heteromer, 22 proteins."
3378,6vec,data/filtered/details/structures_files/pymol/3378_6vec_F_J.py,,data/filtered/details/structures_files/assembly/6vec.pdb,"Heteromer, 22 proteins."
3379,6vec,data/filtered/details/structures_files/pymol/3379_6vec_F_b.py,,data/filtered/details/structures_files/assembly/6vec.pdb,"Heteromer, 22 proteins."
3380,6vec,data/filtered/details/structures_files/pymol/3380_6vec_F_f.py,,data/filtered/details/structures_files/assembly/6vec.pdb,"Heteromer, 22 proteins."
3384,8zbn,data/filtered/details/structures_files/pymol/3384_8zbn_M_T.py,,data/filtered/details/structures_files/assembly/8zbn.pdb,"Heteromer, 16 proteins."
3385,8zbn,data/filtered/details/structures_files/pymol/3385_8zbn_M_G.py,,data/filtered/details/structures_files/assembly/8zbn.pdb,"Heteromer, 16 proteins."
3386,8zbn,data/filtered/details/structures_files/pymol/3386_8zbn_M_H.py,,data/filtered/details/structures_files/assembly/8zbn.pdb,"Heteromer, 16 proteins."
3391,6c1d,data/filtered/details/structures_files/pymol/3391_6c1d_D_P.py,,data/filtered/details/structures_files/assembly/6c1d.pdb,"Heteromer, 7 proteins, 1 peptide."
3393,6c1d,data/filtered/details/structures_files/pymol/3393_6c1d_D_C.py,,data/filtered/details/structures_files/assembly/6c1d.pdb,"Heteromer, 7 proteins, 1 peptide."
3394,6c1d,data/filtered/details/structures_files/pymol/3394_6c1d_D_B.py,,data/filtered/details/structures_files/assembly/6c1d.pdb,"Heteromer, 7 proteins, 1 peptide."
3395,8uxx,data/filtered/details/structures_files/pymol/3395_8uxx_R_D.py,,data/filtered/details/structures_files/assembly/8uxx.pdb,"Heteromer, 15 proteins."
34,8uee,data/filtered/details/structures_files/pymol/34_8uee_K_M.py,,data/filtered/details/structures_files/assembly/8uee.pdb,"Heteromer, 11 proteins."
340,12bw,data/filtered/details/structures_files/pymol/340_12bw_D_E.py,,data/filtered/details/structures_files/assembly/12bw.pdb,"Heteromer, 9 proteins."
3400,6vec,data/filtered/details/structures_files/pymol/3400_6vec_E_G.py,,data/filtered/details/structures_files/assembly/6vec.pdb,"Heteromer, 22 proteins."
3401,6vec,data/filtered/details/structures_files/pymol/3401_6vec_E_I.py,,data/filtered/details/structures_files/assembly/6vec.pdb,"Heteromer, 22 proteins."
3402,6vec,data/filtered/details/structures_files/pymol/3402_6vec_E_e.py,,data/filtered/details/structures_files/assembly/6vec.pdb,"Heteromer, 22 proteins."
3403,6vec,data/filtered/details/structures_files/pymol/3403_6vec_E_i.py,,data/filtered/details/structures_files/assembly/6vec.pdb,"Heteromer, 22 proteins."
3405,8zbn,data/filtered/details/structures_files/pymol/3405_8zbn_K_M.py,,data/filtered/details/structures_files/assembly/8zbn.pdb,"Heteromer, 16 proteins."
3406,8zbn,data/filtered/details/structures_files/pymol/3406_8zbn_K_U.py,,data/filtered/details/structures_files/assembly/8zbn.pdb,"Heteromer, 16 proteins."
3407,8zbn,data/filtered/details/structures_files/pymol/3407_8zbn_K_A.py,,data/filtered/details/structures_files/assembly/8zbn.pdb,"Heteromer, 16 proteins."
3408,8zbn,data/filtered/details/structures_files/pymol/3408_8zbn_K_F.py,,data/filtered/details/structures_files/assembly/8zbn.pdb,"Heteromer, 16 proteins."
341,12bw,data/filtered/details/structures_files/pymol/341_12bw_D_F.py,,data/filtered/details/structures_files/assembly/12bw.pdb,"Heteromer, 9 proteins."
3413,12bx,data/filtered/details/structures_files/pymol/3413_12bx_G_H.py,,data/filtered/details/structures_files/assembly/12bx.pdb,"Heteromer, 9 proteins."
3414,6c1d,data/filtered/details/structures_files/pymol/3414_6c1d_E_D.py,,data/filtered/details/structures_files/assembly/6c1d.pdb,"Heteromer, 7 proteins, 1 peptide."
3415,6c1d,data/filtered/details/structures_files/pymol/3415_6c1d_E_C.py,,data/filtered/details/structures_files/assembly/6c1d.pdb,"Heteromer, 7 proteins, 1 peptide."
3416,8uxx,data/filtered/details/structures_files/pymol/3416_8uxx_Q_C.py,,data/filtered/details/structures_files/assembly/8uxx.pdb,"Heteromer, 15 proteins."
3417,8uxx,data/filtered/details/structures_files/pymol/3417_8uxx_Q_D.py,,data/filtered/details/structures_files/assembly/8uxx.pdb,"Heteromer, 15 proteins."
3418,8uxx,data/filtered/details/structures_files/pymol/3418_8uxx_Q_F.py,,data/filtered/details/structures_files/assembly/8uxx.pdb,"Heteromer, 15 proteins."
3421,8uxx,data/filtered/details/structures_files/pymol/3421_8uxx_Q_R.py,,data/filtered/details/structures_files/assembly/8uxx.pdb,"Heteromer, 15 proteins."
3424,6vec,data/filtered/details/structures_files/pymol/3424_6vec_D_F.py,,data/filtered/details/structures_files/assembly/6vec.pdb,"Heteromer, 22 proteins."
3425,6vec,data/filtered/details/structures_files/pymol/3425_6vec_D_H.py,,data/filtered/details/structures_files/assembly/6vec.pdb,"Heteromer, 22 proteins."
3426,6vec,data/filtered/details/structures_files/pymol/3426_6vec_D_a.py,,data/filtered/details/structures_files/assembly/6vec.pdb,"Heteromer, 22 proteins."
3427,6vec,data/filtered/details/structures_files/pymol/3427_6vec_D_d.py,,data/filtered/details/structures_files/assembly/6vec.pdb,"Heteromer, 22 proteins."
3430,8zbn,data/filtered/details/structures_files/pymol/3430_8zbn_D_T.py,,data/filtered/details/structures_files/assembly/8zbn.pdb,"Heteromer, 16 proteins."
3431,8zbn,data/filtered/details/structures_files/pymol/3431_8zbn_D_L.py,,data/filtered/details/structures_files/assembly/8zbn.pdb,"Heteromer, 16 proteins."
3434,7pdz,data/filtered/details/structures_files/pymol/3434_7pdz_N_O.py,,data/filtered/details/structures_files/assembly/7pdz.pdb,"Heteromer, 8 proteins, 5 peptides."
3437,12bx,data/filtered/details/structures_files/pymol/3437_12bx_F_G.py,,data/filtered/details/structures_files/assembly/12bx.pdb,"Heteromer, 9 proteins."
3438,12bx,data/filtered/details/structures_files/pymol/3438_12bx_F_H.py,,data/filtered/details/structures_files/assembly/12bx.pdb,"Heteromer, 9 proteins."
3442,8uxx,data/filtered/details/structures_files/pymol/3442_8uxx_P_A.py,,data/filtered/details/structures_files/assembly/8uxx.pdb,"Heteromer, 15 proteins."
3445,8uxx,data/filtered/details/structures_files/pymol/3445_8uxx_P_Q.py,,data/filtered/details/structures_files/assembly/8uxx.pdb,"Heteromer, 15 proteins."
3446,8uxx,data/filtered/details/structures_files/pymol/3446_8uxx_P_R.py,,data/filtered/details/structures_files/assembly/8uxx.pdb,"Heteromer, 15 proteins."
3449,6vec,data/filtered/details/structures_files/pymol/3449_6vec_C_E.py,,data/filtered/details/structures_files/assembly/6vec.pdb,"Heteromer, 22 proteins."
3450,6vec,data/filtered/details/structures_files/pymol/3450_6vec_C_G.py,,data/filtered/details/structures_files/assembly/6vec.pdb,"Heteromer, 22 proteins."
3451,6vec,data/filtered/details/structures_files/pymol/3451_6vec_C_c.py,,data/filtered/details/structures_files/assembly/6vec.pdb,"Heteromer, 22 proteins."
3452,6vec,data/filtered/details/structures_files/pymol/3452_6vec_C_g.py,,data/filtered/details/structures_files/assembly/6vec.pdb,"Heteromer, 22 proteins."
3455,8zbn,data/filtered/details/structures_files/pymol/3455_8zbn_J_D.py,,data/filtered/details/structures_files/assembly/8zbn.pdb,"Heteromer, 16 proteins."
3456,8zbn,data/filtered/details/structures_files/pymol/3456_8zbn_J_U.py,,data/filtered/details/structures_files/assembly/8zbn.pdb,"Heteromer, 16 proteins."
3457,8zbn,data/filtered/details/structures_files/pymol/3457_8zbn_J_C.py,,data/filtered/details/structures_files/assembly/8zbn.pdb,"Heteromer, 16 proteins."
3460,7pdz,data/filtered/details/structures_files/pymol/3460_7pdz_L_N.py,,data/filtered/details/structures_files/assembly/7pdz.pdb,"Heteromer, 8 proteins, 5 peptides."
3461,7pdz,data/filtered/details/structures_files/pymol/3461_7pdz_L_O.py,,data/filtered/details/structures_files/assembly/7pdz.pdb,"Heteromer, 8 proteins, 5 peptides."
3464,12bx,data/filtered/details/structures_files/pymol/3464_12bx_E_F.py,,data/filtered/details/structures_files/assembly/12bx.pdb,"Heteromer, 9 proteins."
3465,12bx,data/filtered/details/structures_files/pymol/3465_12bx_E_G.py,,data/filtered/details/structures_files/assembly/12bx.pdb,"Heteromer, 9 proteins."
3466,12bx,data/filtered/details/structures_files/pymol/3466_12bx_E_I.py,,data/filtered/details/structures_files/assembly/12bx.pdb,"Heteromer, 9 proteins."
3469,5jlf,data/filtered/details/structures_files/pymol/3469_5jlf_D_E.py,,data/filtered/details/structures_files/assembly/5jlf.pdb,"Homomer, 5 proteins."
3470,8uxx,data/filtered/details/structures_files/pymol/3470_8uxx_O_A.py,,data/filtered/details/structures_files/assembly/8uxx.pdb,"Heteromer, 15 proteins."
3471,8uxx,data/filtered/details/structures_files/pymol/3471_8uxx_O_C.py,,data/filtered/details/structures_files/assembly/8uxx.pdb,"Heteromer, 15 proteins."
3472,8uxx,data/filtered/details/structures_files/pymol/3472_8uxx_O_D.py,,data/filtered/details/structures_files/assembly/8uxx.pdb,"Heteromer, 15 proteins."
3473,8uxx,data/filtered/details/structures_files/pymol/3473_8uxx_O_E.py,,data/filtered/details/structures_files/assembly/8uxx.pdb,"Heteromer, 15 proteins."
3476,8uxx,data/filtered/details/structures_files/pymol/3476_8uxx_O_P.py,,data/filtered/details/structures_files/assembly/8uxx.pdb,"Heteromer, 15 proteins."
3477,8uxx,data/filtered/details/structures_files/pymol/3477_8uxx_O_Q.py,,data/filtered/details/structures_files/assembly/8uxx.pdb,"Heteromer, 15 proteins."
3479,6vec,data/filtered/details/structures_files/pymol/3479_6vec_B_C.py,,data/filtered/details/structures_files/assembly/6vec.pdb,"Heteromer, 22 proteins."
348,9qf2,data/filtered/details/structures_files/pymol/348_9qf2_A_H.py,,data/filtered/details/structures_files/assembly/9qf2.pdb,"Heteromer, 10 proteins."
3480,6vec,data/filtered/details/structures_files/pymol/3480_6vec_B_D.py,,data/filtered/details/structures_files/assembly/6vec.pdb,"Heteromer, 22 proteins."
3481,6vec,data/filtered/details/structures_files/pymol/3481_6vec_B_F.py,,data/filtered/details/structures_files/assembly/6vec.pdb,"Heteromer, 22 proteins."
3482,6vec,data/filtered/details/structures_files/pymol/3482_6vec_B_b.py,,data/filtered/details/structures_files/assembly/6vec.pdb,"Heteromer, 22 proteins."
3483,6vec,data/filtered/details/structures_files/pymol/3483_6vec_B_c.py,,data/filtered/details/structures_files/assembly/6vec.pdb,"Heteromer, 22 proteins."
3485,8zbn,data/filtered/details/structures_files/pymol/3485_8zbn_I_J.py,,data/filtered/details/structures_files/assembly/8zbn.pdb,"Heteromer, 16 proteins."
3486,8zbn,data/filtered/details/structures_files/pymol/3486_8zbn_I_D.py,,data/filtered/details/structures_files/assembly/8zbn.pdb,"Heteromer, 16 proteins."
3487,8zbn,data/filtered/details/structures_files/pymol/3487_8zbn_I_M.py,,data/filtered/details/structures_files/assembly/8zbn.pdb,"Heteromer, 16 proteins."
3488,8zbn,data/filtered/details/structures_files/pymol/3488_8zbn_I_R.py,,data/filtered/details/structures_files/assembly/8zbn.pdb,"Heteromer, 16 proteins."
3489,8zbn,data/filtered/details/structures_files/pymol/3489_8zbn_I_H.py,,data/filtered/details/structures_files/assembly/8zbn.pdb,"Heteromer, 16 proteins."
349,9qf2,data/filtered/details/structures_files/pymol/349_9qf2_A_B.py,,data/filtered/details/structures_files/assembly/9qf2.pdb,"Heteromer, 10 proteins."
3490,8zbn,data/filtered/details/structures_files/pymol/3490_8zbn_I_L.py,,data/filtered/details/structures_files/assembly/8zbn.pdb,"Heteromer, 16 proteins."
3493,7pdz,data/filtered/details/structures_files/pymol/3493_7pdz_K_L.py,,data/filtered/details/structures_files/assembly/7pdz.pdb,"Heteromer, 8 proteins, 5 peptides."
3494,7pdz,data/filtered/details/structures_files/pymol/3494_7pdz_K_N.py,,data/filtered/details/structures_files/assembly/7pdz.pdb,"Heteromer, 8 proteins, 5 peptides."
3497,12bx,data/filtered/details/structures_files/pymol/3497_12bx_D_E.py,,data/filtered/details/structures_files/assembly/12bx.pdb,"Heteromer, 9 proteins."
3498,12bx,data/filtered/details/structures_files/pymol/3498_12bx_D_F.py,,data/filtered/details/structures_files/assembly/12bx.pdb,"Heteromer, 9 proteins."
35,8uee,data/filtered/details/structures_files/pymol/35_8uee_K_B.py,,data/filtered/details/structures_files/assembly/8uee.pdb,"Heteromer, 11 proteins."
350,9qf2,data/filtered/details/structures_files/pymol/350_9qf2_A_F.py,,data/filtered/details/structures_files/assembly/9qf2.pdb,"Heteromer, 10 proteins."
3500,5jlf,data/filtered/details/structures_files/pymol/3500_5jlf_C_E.py,,data/filtered/details/structures_files/assembly/5jlf.pdb,"Homomer, 5 proteins."
3502,8uxx,data/filtered/details/structures_files/pymol/3502_8uxx_N_O.py,,data/filtered/details/structures_files/assembly/8uxx.pdb,"Heteromer, 15 proteins."
3503,8uxx,data/filtered/details/structures_files/pymol/3503_8uxx_N_P.py,,data/filtered/details/structures_files/assembly/8uxx.pdb,"Heteromer, 15 proteins."
3504,6vec,data/filtered/details/structures_files/pymol/3504_6vec_A_B.py,,data/filtered/details/structures_files/assembly/6vec.pdb,"Heteromer, 22 proteins."
3505,6vec,data/filtered/details/structures_files/pymol/3505_6vec_A_C.py,,data/filtered/details/structures_files/assembly/6vec.pdb,"Heteromer, 22 proteins."
3506,6vec,data/filtered/details/structures_files/pymol/3506_6vec_A_D.py,,data/filtered/details/structures_files/assembly/6vec.pdb,"Heteromer, 22 proteins."
3507,6vec,data/filtered/details/structures_files/pymol/3507_6vec_A_E.py,,data/filtered/details/structures_files/assembly/6vec.pdb,"Heteromer, 22 proteins."
3508,6vec,data/filtered/details/structures_files/pymol/3508_6vec_A_a.py,,data/filtered/details/structures_files/assembly/6vec.pdb,"Heteromer, 22 proteins."
3509,6vec,data/filtered/details/structures_files/pymol/3509_6vec_A_e.py,,data/filtered/details/structures_files/assembly/6vec.pdb,"Heteromer, 22 proteins."
351,9qf2,data/filtered/details/structures_files/pymol/351_9qf2_A_G.py,,data/filtered/details/structures_files/assembly/9qf2.pdb,"Heteromer, 10 proteins."
3510,8zbn,data/filtered/details/structures_files/pymol/3510_8zbn_B_I.py,,data/filtered/details/structures_files/assembly/8zbn.pdb,"Heteromer, 16 proteins."
3511,8zbn,data/filtered/details/structures_files/pymol/3511_8zbn_B_J.py,,data/filtered/details/structures_files/assembly/8zbn.pdb,"Heteromer, 16 proteins."
3512,8zbn,data/filtered/details/structures_files/pymol/3512_8zbn_B_K.py,,data/filtered/details/structures_files/assembly/8zbn.pdb,"Heteromer, 16 proteins."
3513,8zbn,data/filtered/details/structures_files/pymol/3513_8zbn_B_M.py,,data/filtered/details/structures_files/assembly/8zbn.pdb,"Heteromer, 16 proteins."
3514,8zbn,data/filtered/details/structures_files/pymol/3514_8zbn_B_S.py,,data/filtered/details/structures_files/assembly/8zbn.pdb,"Heteromer, 16 proteins."
3515,8zbn,data/filtered/details/structures_files/pymol/3515_8zbn_B_A.py,,data/filtered/details/structures_files/assembly/8zbn.pdb,"Heteromer, 16 proteins."
3516,8zbn,data/filtered/details/structures_files/pymol/3516_8zbn_B_C.py,,data/filtered/details/structures_files/assembly/8zbn.pdb,"Heteromer, 16 proteins."
3517,7pdz,data/filtered/details/structures_files/pymol/3517_7pdz_J_E.py,,data/filtered/details/structures_files/assembly/7pdz.pdb,"Heteromer, 8 proteins, 5 peptides."
3518,7pdz,data/filtered/details/structures_files/pymol/3518_7pdz_J_F.py,,data/filtered/details/structures_files/assembly/7pdz.pdb,"Heteromer, 8 proteins, 5 peptides."
3520,7pdz,data/filtered/details/structures_files/pymol/3520_7pdz_J_K.py,,data/filtered/details/structures_files/assembly/7pdz.pdb,"Heteromer, 8 proteins, 5 peptides."
3521,7pdz,data/filtered/details/structures_files/pymol/3521_7pdz_J_L.py,,data/filtered/details/structures_files/assembly/7pdz.pdb,"Heteromer, 8 proteins, 5 peptides."
3524,12bx,data/filtered/details/structures_files/pymol/3524_12bx_C_D.py,,data/filtered/details/structures_files/assembly/12bx.pdb,"Heteromer, 9 proteins."
3525,12bx,data/filtered/details/structures_files/pymol/3525_12bx_C_E.py,,data/filtered/details/structures_files/assembly/12bx.pdb,"Heteromer, 9 proteins."
3526,12bx,data/filtered/details/structures_files/pymol/3526_12bx_C_I.py,,data/filtered/details/structures_files/assembly/12bx.pdb,"Heteromer, 9 proteins."
3528,5jlf,data/filtered/details/structures_files/pymol/3528_5jlf_B_D.py,,data/filtered/details/structures_files/assembly/5jlf.pdb,"Homomer, 5 proteins."
3529,8uxx,data/filtered/details/structures_files/pymol/3529_8uxx_M_E.py,,data/filtered/details/structures_files/assembly/8uxx.pdb,"Heteromer, 15 proteins."
3530,8uxx,data/filtered/details/structures_files/pymol/3530_8uxx_M_N.py,,data/filtered/details/structures_files/assembly/8uxx.pdb,"Heteromer, 15 proteins."
3531,8uxx,data/filtered/details/structures_files/pymol/3531_8uxx_M_O.py,,data/filtered/details/structures_files/assembly/8uxx.pdb,"Heteromer, 15 proteins."
3536,7pdz,data/filtered/details/structures_files/pymol/3536_7pdz_I_E.py,,data/filtered/details/structures_files/assembly/7pdz.pdb,"Heteromer, 8 proteins, 5 peptides."
3537,7pdz,data/filtered/details/structures_files/pymol/3537_7pdz_I_F.py,,data/filtered/details/structures_files/assembly/7pdz.pdb,"Heteromer, 8 proteins, 5 peptides."
3538,7pdz,data/filtered/details/structures_files/pymol/3538_7pdz_I_J.py,,data/filtered/details/structures_files/assembly/7pdz.pdb,"Heteromer, 8 proteins, 5 peptides."
3539,7pdz,data/filtered/details/structures_files/pymol/3539_7pdz_I_K.py,,data/filtered/details/structures_files/assembly/7pdz.pdb,"Heteromer, 8 proteins, 5 peptides."
3541,12bx,data/filtered/details/structures_files/pymol/3541_12bx_B_C.py,,data/filtered/details/structures_files/assembly/12bx.pdb,"Heteromer, 9 proteins."
3542,12bx,data/filtered/details/structures_files/pymol/3542_12bx_B_D.py,,data/filtered/details/structures_files/assembly/12bx.pdb,"Heteromer, 9 proteins."
3543,5jlf,data/filtered/details/structures_files/pymol/3543_5jlf_A_B.py,,data/filtered/details/structures_files/assembly/5jlf.pdb,"Homomer, 5 proteins."
3544,5jlf,data/filtered/details/structures_files/pymol/3544_5jlf_A_C.py,,data/filtered/details/structures_files/assembly/5jlf.pdb,"Homomer, 5 proteins."
3545,5jlf,data/filtered/details/structures_files/pymol/3545_5jlf_A_D.py,,data/filtered/details/structures_files/assembly/5jlf.pdb,"Homomer, 5 proteins."
3546,5jlf,data/filtered/details/structures_files/pymol/3546_5jlf_A_E.py,,data/filtered/details/structures_files/assembly/5jlf.pdb,"Homomer, 5 proteins."
3547,8uxx,data/filtered/details/structures_files/pymol/3547_8uxx_I_B.py,,data/filtered/details/structures_files/assembly/8uxx.pdb,"Heteromer, 15 proteins."
355,12bw,data/filtered/details/structures_files/pymol/355_12bw_C_D.py,,data/filtered/details/structures_files/assembly/12bw.pdb,"Heteromer, 9 proteins."
3552,7ad9,data/filtered/details/structures_files/pymol/3552_7ad9_H_I.py,,data/filtered/details/structures_files/assembly/7ad9.pdb,"Heteromer, 5 proteins, 10 peptides."
3555,8v30,data/filtered/details/structures_files/pymol/3555_8v30_D_E.py,,data/filtered/details/structures_files/assembly/8v30.pdb,"Heteromer, 5 proteins, 5 peptides."
356,12bw,data/filtered/details/structures_files/pymol/356_12bw_C_E.py,,data/filtered/details/structures_files/assembly/12bw.pdb,"Heteromer, 9 proteins."
3561,12bx,data/filtered/details/structures_files/pymol/3561_12bx_A_B.py,,data/filtered/details/structures_files/assembly/12bx.pdb,"Heteromer, 9 proteins."
3562,12bx,data/filtered/details/structures_files/pymol/3562_12bx_A_C.py,,data/filtered/details/structures_files/assembly/12bx.pdb,"Heteromer, 9 proteins."
3563,8uxx,data/filtered/details/structures_files/pymol/3563_8uxx_H_A.py,,data/filtered/details/structures_files/assembly/8uxx.pdb,"Heteromer, 15 proteins."
3564,8uxx,data/filtered/details/structures_files/pymol/3564_8uxx_H_B.py,,data/filtered/details/structures_files/assembly/8uxx.pdb,"Heteromer, 15 proteins."
3565,8uxx,data/filtered/details/structures_files/pymol/3565_8uxx_H_I.py,,data/filtered/details/structures_files/assembly/8uxx.pdb,"Heteromer, 15 proteins."
3568,7ad9,data/filtered/details/structures_files/pymol/3568_7ad9_D_H.py,,data/filtered/details/structures_files/assembly/7ad9.pdb,"Heteromer, 5 proteins, 10 peptides."
357,12bw,data/filtered/details/structures_files/pymol/357_12bw_C_I.py,,data/filtered/details/structures_files/assembly/12bw.pdb,"Heteromer, 9 proteins."
3571,8v30,data/filtered/details/structures_files/pymol/3571_8v30_C_D.py,,data/filtered/details/structures_files/assembly/8v30.pdb,"Heteromer, 5 proteins, 5 peptides."
3572,8v30,data/filtered/details/structures_files/pymol/3572_8v30_C_E.py,,data/filtered/details/structures_files/assembly/8v30.pdb,"Heteromer, 5 proteins, 5 peptides."
3579,9zzm,data/filtered/details/structures_files/pymol/3579_9zzm_O_L.py,,data/filtered/details/structures_files/assembly/9zzm.pdb,"Heteromer, 8 proteins."
3580,9zzm,data/filtered/details/structures_files/pymol/3580_9zzm_O_M.py,,data/filtered/details/structures_files/assembly/9zzm.pdb,"Heteromer, 8 proteins."
3582,8uxw,data/filtered/details/structures_files/pymol/3582_8uxw_R_D.py,,data/filtered/details/structures_files/assembly/8uxw.pdb,"Heteromer, 15 proteins."
3585,7ad9,data/filtered/details/structures_files/pymol/3585_7ad9_F_D.py,,data/filtered/details/structures_files/assembly/7ad9.pdb,"Heteromer, 5 proteins, 10 peptides."
3586,7ad9,data/filtered/details/structures_files/pymol/3586_7ad9_F_H.py,,data/filtered/details/structures_files/assembly/7ad9.pdb,"Heteromer, 5 proteins, 10 peptides."
3587,7ad9,data/filtered/details/structures_files/pymol/3587_7ad9_F_I.py,,data/filtered/details/structures_files/assembly/7ad9.pdb,"Heteromer, 5 proteins, 10 peptides."
3589,8v30,data/filtered/details/structures_files/pymol/3589_8v30_B_C.py,,data/filtered/details/structures_files/assembly/8v30.pdb,"Heteromer, 5 proteins, 5 peptides."
3590,8v30,data/filtered/details/structures_files/pymol/3590_8v30_B_D.py,,data/filtered/details/structures_files/assembly/8v30.pdb,"Heteromer, 5 proteins, 5 peptides."
3596,8uxw,data/filtered/details/structures_files/pymol/3596_8uxw_Q_C.py,,data/filtered/details/structures_files/assembly/8uxw.pdb,"Heteromer, 15 proteins."
3597,8uxw,data/filtered/details/structures_files/pymol/3597_8uxw_Q_D.py,,data/filtered/details/structures_files/assembly/8uxw.pdb,"Heteromer, 15 proteins."
3598,8uxw,data/filtered/details/structures_files/pymol/3598_8uxw_Q_F.py,,data/filtered/details/structures_files/assembly/8uxw.pdb,"Heteromer, 15 proteins."
36,8uee,data/filtered/details/structures_files/pymol/36_8uee_K_C.py,,data/filtered/details/structures_files/assembly/8uee.pdb,"Heteromer, 11 proteins."
360,8d18,data/filtered/details/structures_files/pymol/360_8d18_F_G.py,,data/filtered/details/structures_files/assembly/8d18.pdb,"Homomer, 7 proteins."
3601,8uxw,data/filtered/details/structures_files/pymol/3601_8uxw_Q_R.py,,data/filtered/details/structures_files/assembly/8uxw.pdb,"Heteromer, 15 proteins."
3602,7ad9,data/filtered/details/structures_files/pymol/3602_7ad9_B_D.py,,data/filtered/details/structures_files/assembly/7ad9.pdb,"Heteromer, 5 proteins, 10 peptides."
3603,7ad9,data/filtered/details/structures_files/pymol/3603_7ad9_B_H.py,,data/filtered/details/structures_files/assembly/7ad9.pdb,"Heteromer, 5 proteins, 10 peptides."
3604,8v30,data/filtered/details/structures_files/pymol/3604_8v30_A_B.py,,data/filtered/details/structures_files/assembly/8v30.pdb,"Heteromer, 5 proteins, 5 peptides."
3605,8v30,data/filtered/details/structures_files/pymol/3605_8v30_A_C.py,,data/filtered/details/structures_files/assembly/8v30.pdb,"Heteromer, 5 proteins, 5 peptides."
3609,9zzm,data/filtered/details/structures_files/pymol/3609_9zzm_D_E.py,,data/filtered/details/structures_files/assembly/9zzm.pdb,"Heteromer, 8 proteins."
3610,8uxw,data/filtered/details/structures_files/pymol/3610_8uxw_P_A.py,,data/filtered/details/structures_files/assembly/8uxw.pdb,"Heteromer, 15 proteins."
3613,8uxw,data/filtered/details/structures_files/pymol/3613_8uxw_P_Q.py,,data/filtered/details/structures_files/assembly/8uxw.pdb,"Heteromer, 15 proteins."
3614,8uxw,data/filtered/details/structures_files/pymol/3614_8uxw_P_R.py,,data/filtered/details/structures_files/assembly/8uxw.pdb,"Heteromer, 15 proteins."
3621,9zzm,data/filtered/details/structures_files/pymol/3621_9zzm_C_D.py,,data/filtered/details/structures_files/assembly/9zzm.pdb,"Heteromer, 8 proteins."
3622,9zzm,data/filtered/details/structures_files/pymol/3622_9zzm_C_E.py,,data/filtered/details/structures_files/assembly/9zzm.pdb,"Heteromer, 8 proteins."
3623,9zzm,data/filtered/details/structures_files/pymol/3623_9zzm_C_M.py,,data/filtered/details/structures_files/assembly/9zzm.pdb,"Heteromer, 8 proteins."
3626,8uxw,data/filtered/details/structures_files/pymol/3626_8uxw_O_A.py,,data/filtered/details/structures_files/assembly/8uxw.pdb,"Heteromer, 15 proteins."
3627,8uxw,data/filtered/details/structures_files/pymol/3627_8uxw_O_C.py,,data/filtered/details/structures_files/assembly/8uxw.pdb,"Heteromer, 15 proteins."
3628,8uxw,data/filtered/details/structures_files/pymol/3628_8uxw_O_D.py,,data/filtered/details/structures_files/assembly/8uxw.pdb,"Heteromer, 15 proteins."
3629,8uxw,data/filtered/details/structures_files/pymol/3629_8uxw_O_E.py,,data/filtered/details/structures_files/assembly/8uxw.pdb,"Heteromer, 15 proteins."
3632,8uxw,data/filtered/details/structures_files/pymol/3632_8uxw_O_P.py,,data/filtered/details/structures_files/assembly/8uxw.pdb,"Heteromer, 15 proteins."
3633,8uxw,data/filtered/details/structures_files/pymol/3633_8uxw_O_Q.py,,data/filtered/details/structures_files/assembly/8uxw.pdb,"Heteromer, 15 proteins."
3639,8v2z,data/filtered/details/structures_files/pymol/3639_8v2z_D_E.py,,data/filtered/details/structures_files/assembly/8v2z.pdb,"Homomer, 5 proteins."
364,9qf2,data/filtered/details/structures_files/pymol/364_9qf2_C_H.py,,data/filtered/details/structures_files/assembly/9qf2.pdb,"Heteromer, 10 proteins."
3643,9zzm,data/filtered/details/structures_files/pymol/3643_9zzm_B_C.py,,data/filtered/details/structures_files/assembly/9zzm.pdb,"Heteromer, 8 proteins."
3644,9zzm,data/filtered/details/structures_files/pymol/3644_9zzm_B_D.py,,data/filtered/details/structures_files/assembly/9zzm.pdb,"Heteromer, 8 proteins."
3645,9zzm,data/filtered/details/structures_files/pymol/3645_9zzm_B_L.py,,data/filtered/details/structures_files/assembly/9zzm.pdb,"Heteromer, 8 proteins."
3646,9zzm,data/filtered/details/structures_files/pymol/3646_9zzm_B_M.py,,data/filtered/details/structures_files/assembly/9zzm.pdb,"Heteromer, 8 proteins."
3647,9zzm,data/filtered/details/structures_files/pymol/3647_9zzm_B_O.py,,data/filtered/details/structures_files/assembly/9zzm.pdb,"Heteromer, 8 proteins."
3649,8uxw,data/filtered/details/structures_files/pymol/3649_8uxw_N_O.py,,data/filtered/details/structures_files/assembly/8uxw.pdb,"Heteromer, 15 proteins."
365,9qf2,data/filtered/details/structures_files/pymol/365_9qf2_C_A.py,,data/filtered/details/structures_files/assembly/9qf2.pdb,"Heteromer, 10 proteins."
3650,8uxw,data/filtered/details/structures_files/pymol/3650_8uxw_N_P.py,,data/filtered/details/structures_files/assembly/8uxw.pdb,"Heteromer, 15 proteins."
3653,6u96,data/filtered/details/structures_files/pymol/3653_6u96_C_B.py,,data/filtered/details/structures_files/assembly/6u96.pdb,"Heteromer, 5 proteins, 5 peptides."
3656,8v2z,data/filtered/details/structures_files/pymol/3656_8v2z_C_D.py,,data/filtered/details/structures_files/assembly/8v2z.pdb,"Homomer, 5 proteins."
3657,8v2z,data/filtered/details/structures_files/pymol/3657_8v2z_C_E.py,,data/filtered/details/structures_files/assembly/8v2z.pdb,"Homomer, 5 proteins."
3659,9zzm,data/filtered/details/structures_files/pymol/3659_9zzm_A_B.py,,data/filtered/details/structures_files/assembly/9zzm.pdb,"Heteromer, 8 proteins."
366,9qf2,data/filtered/details/structures_files/pymol/366_9qf2_C_B.py,,data/filtered/details/structures_files/assembly/9qf2.pdb,"Heteromer, 10 proteins."
3660,9zzm,data/filtered/details/structures_files/pymol/3660_9zzm_A_C.py,,data/filtered/details/structures_files/assembly/9zzm.pdb,"Heteromer, 8 proteins."
3661,9zzm,data/filtered/details/structures_files/pymol/3661_9zzm_A_L.py,,data/filtered/details/structures_files/assembly/9zzm.pdb,"Heteromer, 8 proteins."
3662,9zzm,data/filtered/details/structures_files/pymol/3662_9zzm_A_M.py,,data/filtered/details/structures_files/assembly/9zzm.pdb,"Heteromer, 8 proteins."
3664,8uxw,data/filtered/details/structures_files/pymol/3664_8uxw_M_E.py,,data/filtered/details/structures_files/assembly/8uxw.pdb,"Heteromer, 15 proteins."
3665,8uxw,data/filtered/details/structures_files/pymol/3665_8uxw_M_N.py,,data/filtered/details/structures_files/assembly/8uxw.pdb,"Heteromer, 15 proteins."
3666,8uxw,data/filtered/details/structures_files/pymol/3666_8uxw_M_O.py,,data/filtered/details/structures_files/assembly/8uxw.pdb,"Heteromer, 15 proteins."
3669,6u96,data/filtered/details/structures_files/pymol/3669_6u96_A_C.py,,data/filtered/details/structures_files/assembly/6u96.pdb,"Heteromer, 5 proteins, 5 peptides."
367,9qf2,data/filtered/details/structures_files/pymol/367_9qf2_C_D.py,,data/filtered/details/structures_files/assembly/9qf2.pdb,"Heteromer, 10 proteins."
3670,6u96,data/filtered/details/structures_files/pymol/3670_6u96_A_B.py,,data/filtered/details/structures_files/assembly/6u96.pdb,"Heteromer, 5 proteins, 5 peptides."
3672,8v2z,data/filtered/details/structures_files/pymol/3672_8v2z_B_C.py,,data/filtered/details/structures_files/assembly/8v2z.pdb,"Homomer, 5 proteins."
3673,8v2z,data/filtered/details/structures_files/pymol/3673_8v2z_B_D.py,,data/filtered/details/structures_files/assembly/8v2z.pdb,"Homomer, 5 proteins."
3678,8uxw,data/filtered/details/structures_files/pymol/3678_8uxw_I_B.py,,data/filtered/details/structures_files/assembly/8uxw.pdb,"Heteromer, 15 proteins."
368,9qf2,data/filtered/details/structures_files/pymol/368_9qf2_C_E.py,,data/filtered/details/structures_files/assembly/9qf2.pdb,"Heteromer, 10 proteins."
3680,6u96,data/filtered/details/structures_files/pymol/3680_6u96_D_A.py,,data/filtered/details/structures_files/assembly/6u96.pdb,"Heteromer, 5 proteins, 5 peptides."
3681,6u96,data/filtered/details/structures_files/pymol/3681_6u96_D_B.py,,data/filtered/details/structures_files/assembly/6u96.pdb,"Heteromer, 5 proteins, 5 peptides."
3682,8v2z,data/filtered/details/structures_files/pymol/3682_8v2z_A_B.py,,data/filtered/details/structures_files/assembly/8v2z.pdb,"Homomer, 5 proteins."
3683,8v2z,data/filtered/details/structures_files/pymol/3683_8v2z_A_C.py,,data/filtered/details/structures_files/assembly/8v2z.pdb,"Homomer, 5 proteins."
3689,9zzj,data/filtered/details/structures_files/pymol/3689_9zzj_D_E.py,,data/filtered/details/structures_files/assembly/9zzj.pdb,"Heteromer, 6 proteins."
369,9qf2,data/filtered/details/structures_files/pymol/369_9qf2_C_G.py,,data/filtered/details/structures_files/assembly/9qf2.pdb,"Heteromer, 10 proteins."
3691,8uxw,data/filtered/details/structures_files/pymol/3691_8uxw_H_A.py,,data/filtered/details/structures_files/assembly/8uxw.pdb,"Heteromer, 15 proteins."
3692,8uxw,data/filtered/details/structures_files/pymol/3692_8uxw_H_B.py,,data/filtered/details/structures_files/assembly/8uxw.pdb,"Heteromer, 15 proteins."
3693,8uxw,data/filtered/details/structures_files/pymol/3693_8uxw_H_I.py,,data/filtered/details/structures_files/assembly/8uxw.pdb,"Heteromer, 15 proteins."
3694,6u96,data/filtered/details/structures_files/pymol/3694_6u96_E_A.py,,data/filtered/details/structures_files/assembly/6u96.pdb,"Heteromer, 5 proteins, 5 peptides."
3695,6u96,data/filtered/details/structures_files/pymol/3695_6u96_E_C.py,,data/filtered/details/structures_files/assembly/6u96.pdb,"Heteromer, 5 proteins, 5 peptides."
37,8uee,data/filtered/details/structures_files/pymol/37_8uee_K_A.py,,data/filtered/details/structures_files/assembly/8uee.pdb,"Heteromer, 11 proteins."
370,9qf2,data/filtered/details/structures_files/pymol/370_9qf2_C_I.py,,data/filtered/details/structures_files/assembly/9qf2.pdb,"Heteromer, 10 proteins."
3702,9zzj,data/filtered/details/structures_files/pymol/3702_9zzj_C_D.py,,data/filtered/details/structures_files/assembly/9zzj.pdb,"Heteromer, 6 proteins."
3703,9zzj,data/filtered/details/structures_files/pymol/3703_9zzj_C_E.py,,data/filtered/details/structures_files/assembly/9zzj.pdb,"Heteromer, 6 proteins."
3704,9zzj,data/filtered/details/structures_files/pymol/3704_9zzj_C_L.py,,data/filtered/details/structures_files/assembly/9zzj.pdb,"Heteromer, 6 proteins."
3708,8c4e,data/filtered/details/structures_files/pymol/3708_8c4e_H_L.py,,data/filtered/details/structures_files/assembly/8c4e.pdb,"Heteromer, 12 proteins."
371,9qf2,data/filtered/details/structures_files/pymol/371_9qf2_C_J.py,,data/filtered/details/structures_files/assembly/9qf2.pdb,"Heteromer, 10 proteins."
3715,9zzj,data/filtered/details/structures_files/pymol/3715_9zzj_B_C.py,,data/filtered/details/structures_files/assembly/9zzj.pdb,"Heteromer, 6 proteins."
3716,9zzj,data/filtered/details/structures_files/pymol/3716_9zzj_B_D.py,,data/filtered/details/structures_files/assembly/9zzj.pdb,"Heteromer, 6 proteins."
3717,9zzj,data/filtered/details/structures_files/pymol/3717_9zzj_B_L.py,,data/filtered/details/structures_files/assembly/9zzj.pdb,"Heteromer, 6 proteins."
372,8e9b,data/filtered/details/structures_files/pymol/372_8e9b_I_B.py,,data/filtered/details/structures_files/assembly/8e9b.pdb,"Heteromer, 15 proteins."
3722,8c4e,data/filtered/details/structures_files/pymol/3722_8c4e_G_H.py,,data/filtered/details/structures_files/assembly/8c4e.pdb,"Heteromer, 12 proteins."
3723,8c4e,data/filtered/details/structures_files/pymol/3723_8c4e_G_K.py,,data/filtered/details/structures_files/assembly/8c4e.pdb,"Heteromer, 12 proteins."
3724,8c4e,data/filtered/details/structures_files/pymol/3724_8c4e_G_L.py,,data/filtered/details/structures_files/assembly/8c4e.pdb,"Heteromer, 12 proteins."
3733,9zzj,data/filtered/details/structures_files/pymol/3733_9zzj_A_B.py,,data/filtered/details/structures_files/assembly/9zzj.pdb,"Heteromer, 6 proteins."
3734,9zzj,data/filtered/details/structures_files/pymol/3734_9zzj_A_C.py,,data/filtered/details/structures_files/assembly/9zzj.pdb,"Heteromer, 6 proteins."
3735,9zzj,data/filtered/details/structures_files/pymol/3735_9zzj_A_L.py,,data/filtered/details/structures_files/assembly/9zzj.pdb,"Heteromer, 6 proteins."
3740,8c4e,data/filtered/details/structures_files/pymol/3740_8c4e_F_G.py,,data/filtered/details/structures_files/assembly/8c4e.pdb,"Heteromer, 12 proteins."
3741,8c4e,data/filtered/details/structures_files/pymol/3741_8c4e_F_H.py,,data/filtered/details/structures_files/assembly/8c4e.pdb,"Heteromer, 12 proteins."
3742,8c4e,data/filtered/details/structures_files/pymol/3742_8c4e_F_K.py,,data/filtered/details/structures_files/assembly/8c4e.pdb,"Heteromer, 12 proteins."
3743,8c4e,data/filtered/details/structures_files/pymol/3743_8c4e_F_L.py,,data/filtered/details/structures_files/assembly/8c4e.pdb,"Heteromer, 12 proteins."
375,12bw,data/filtered/details/structures_files/pymol/375_12bw_B_C.py,,data/filtered/details/structures_files/assembly/12bw.pdb,"Heteromer, 9 proteins."
3759,8c4e,data/filtered/details/structures_files/pymol/3759_8c4e_E_F.py,,data/filtered/details/structures_files/assembly/8c4e.pdb,"Heteromer, 12 proteins."
376,12bw,data/filtered/details/structures_files/pymol/376_12bw_B_D.py,,data/filtered/details/structures_files/assembly/12bw.pdb,"Heteromer, 9 proteins."
3760,8c4e,data/filtered/details/structures_files/pymol/3760_8c4e_E_G.py,,data/filtered/details/structures_files/assembly/8c4e.pdb,"Heteromer, 12 proteins."
3761,8c4e,data/filtered/details/structures_files/pymol/3761_8c4e_E_K.py,,data/filtered/details/structures_files/assembly/8c4e.pdb,"Heteromer, 12 proteins."
3762,8c4e,data/filtered/details/structures_files/pymol/3762_8c4e_E_L.py,,data/filtered/details/structures_files/assembly/8c4e.pdb,"Heteromer, 12 proteins."
3773,9zzi,data/filtered/details/structures_files/pymol/3773_9zzi_D_E.py,,data/filtered/details/structures_files/assembly/9zzi.pdb,"Homomer, 5 proteins."
3776,8c4e,data/filtered/details/structures_files/pymol/3776_8c4e_D_E.py,,data/filtered/details/structures_files/assembly/8c4e.pdb,"Heteromer, 12 proteins."
3777,8c4e,data/filtered/details/structures_files/pymol/3777_8c4e_D_F.py,,data/filtered/details/structures_files/assembly/8c4e.pdb,"Heteromer, 12 proteins."
3778,8c4e,data/filtered/details/structures_files/pymol/3778_8c4e_D_K.py,,data/filtered/details/structures_files/assembly/8c4e.pdb,"Heteromer, 12 proteins."
3779,8c4e,data/filtered/details/structures_files/pymol/3779_8c4e_D_L.py,,data/filtered/details/structures_files/assembly/8c4e.pdb,"Heteromer, 12 proteins."
3780,8c4e,data/filtered/details/structures_files/pymol/3780_8c4e_D_N.py,,data/filtered/details/structures_files/assembly/8c4e.pdb,"Heteromer, 12 proteins."
3789,9zzi,data/filtered/details/structures_files/pymol/3789_9zzi_C_D.py,,data/filtered/details/structures_files/assembly/9zzi.pdb,"Homomer, 5 proteins."
379,8d18,data/filtered/details/structures_files/pymol/379_8d18_E_F.py,,data/filtered/details/structures_files/assembly/8d18.pdb,"Homomer, 7 proteins."
3790,9zzi,data/filtered/details/structures_files/pymol/3790_9zzi_C_E.py,,data/filtered/details/structures_files/assembly/9zzi.pdb,"Homomer, 5 proteins."
3793,8c4e,data/filtered/details/structures_files/pymol/3793_8c4e_C_D.py,,data/filtered/details/structures_files/assembly/8c4e.pdb,"Heteromer, 12 proteins."
3794,8c4e,data/filtered/details/structures_files/pymol/3794_8c4e_C_E.py,,data/filtered/details/structures_files/assembly/8c4e.pdb,"Heteromer, 12 proteins."
3795,8c4e,data/filtered/details/structures_files/pymol/3795_8c4e_C_K.py,,data/filtered/details/structures_files/assembly/8c4e.pdb,"Heteromer, 12 proteins."
3796,8c4e,data/filtered/details/structures_files/pymol/3796_8c4e_C_M.py,,data/filtered/details/structures_files/assembly/8c4e.pdb,"Heteromer, 12 proteins."
3797,8c4e,data/filtered/details/structures_files/pymol/3797_8c4e_C_N.py,,data/filtered/details/structures_files/assembly/8c4e.pdb,"Heteromer, 12 proteins."
380,8d18,data/filtered/details/structures_files/pymol/380_8d18_E_G.py,,data/filtered/details/structures_files/assembly/8d18.pdb,"Homomer, 7 proteins."
3808,9zzi,data/filtered/details/structures_files/pymol/3808_9zzi_B_C.py,,data/filtered/details/structures_files/assembly/9zzi.pdb,"Homomer, 5 proteins."
3809,9zzi,data/filtered/details/structures_files/pymol/3809_9zzi_B_D.py,,data/filtered/details/structures_files/assembly/9zzi.pdb,"Homomer, 5 proteins."
3812,8c4e,data/filtered/details/structures_files/pymol/3812_8c4e_B_C.py,,data/filtered/details/structures_files/assembly/8c4e.pdb,"Heteromer, 12 proteins."
3813,8c4e,data/filtered/details/structures_files/pymol/3813_8c4e_B_D.py,,data/filtered/details/structures_files/assembly/8c4e.pdb,"Heteromer, 12 proteins."
3814,8c4e,data/filtered/details/structures_files/pymol/3814_8c4e_B_M.py,,data/filtered/details/structures_files/assembly/8c4e.pdb,"Heteromer, 12 proteins."
3815,8c4e,data/filtered/details/structures_files/pymol/3815_8c4e_B_N.py,,data/filtered/details/structures_files/assembly/8c4e.pdb,"Heteromer, 12 proteins."
3824,9zzi,data/filtered/details/structures_files/pymol/3824_9zzi_A_B.py,,data/filtered/details/structures_files/assembly/9zzi.pdb,"Homomer, 5 proteins."
3825,9zzi,data/filtered/details/structures_files/pymol/3825_9zzi_A_C.py,,data/filtered/details/structures_files/assembly/9zzi.pdb,"Homomer, 5 proteins."
3827,8c4e,data/filtered/details/structures_files/pymol/3827_8c4e_A_B.py,,data/filtered/details/structures_files/assembly/8c4e.pdb,"Heteromer, 12 proteins."
3828,8c4e,data/filtered/details/structures_files/pymol/3828_8c4e_A_C.py,,data/filtered/details/structures_files/assembly/8c4e.pdb,"Heteromer, 12 proteins."
3829,8c4e,data/filtered/details/structures_files/pymol/3829_8c4e_A_M.py,,data/filtered/details/structures_files/assembly/8c4e.pdb,"Heteromer, 12 proteins."
3830,8c4e,data/filtered/details/structures_files/pymol/3830_8c4e_A_N.py,,data/filtered/details/structures_files/assembly/8c4e.pdb,"Heteromer, 12 proteins."
3844,8c4c,data/filtered/details/structures_files/pymol/3844_8c4c_H_L.py,,data/filtered/details/structures_files/assembly/8c4c.pdb,"Heteromer, 12 proteins."
386,8e9b,data/filtered/details/structures_files/pymol/386_8e9b_H_A.py,,data/filtered/details/structures_files/assembly/8e9b.pdb,"Heteromer, 15 proteins."
3860,8c4c,data/filtered/details/structures_files/pymol/3860_8c4c_G_H.py,,data/filtered/details/structures_files/assembly/8c4c.pdb,"Heteromer, 12 proteins."
3861,8c4c,data/filtered/details/structures_files/pymol/3861_8c4c_G_K.py,,data/filtered/details/structures_files/assembly/8c4c.pdb,"Heteromer, 12 proteins."
3862,8c4c,data/filtered/details/structures_files/pymol/3862_8c4c_G_L.py,,data/filtered/details/structures_files/assembly/8c4c.pdb,"Heteromer, 12 proteins."
387,8e9b,data/filtered/details/structures_files/pymol/387_8e9b_H_B.py,,data/filtered/details/structures_files/assembly/8e9b.pdb,"Heteromer, 15 proteins."
3875,8c4c,data/filtered/details/structures_files/pymol/3875_8c4c_F_G.py,,data/filtered/details/structures_files/assembly/8c4c.pdb,"Heteromer, 12 proteins."
3876,8c4c,data/filtered/details/structures_files/pymol/3876_8c4c_F_H.py,,data/filtered/details/structures_files/assembly/8c4c.pdb,"Heteromer, 12 proteins."
3877,8c4c,data/filtered/details/structures_files/pymol/3877_8c4c_F_K.py,,data/filtered/details/structures_files/assembly/8c4c.pdb,"Heteromer, 12 proteins."
3878,8c4c,data/filtered/details/structures_files/pymol/3878_8c4c_F_L.py,,data/filtered/details/structures_files/assembly/8c4c.pdb,"Heteromer, 12 proteins."
388,8e9b,data/filtered/details/structures_files/pymol/388_8e9b_H_I.py,,data/filtered/details/structures_files/assembly/8e9b.pdb,"Heteromer, 15 proteins."
3881,8vaa,data/filtered/details/structures_files/pymol/3881_8vaa_I_J.py,,data/filtered/details/structures_files/assembly/8vaa.pdb,"Heteromer, 20 proteins."
389,12bw,data/filtered/details/structures_files/pymol/389_12bw_A_B.py,,data/filtered/details/structures_files/assembly/12bw.pdb,"Heteromer, 9 proteins."
3894,8c4c,data/filtered/details/structures_files/pymol/3894_8c4c_E_F.py,,data/filtered/details/structures_files/assembly/8c4c.pdb,"Heteromer, 12 proteins."
3895,8c4c,data/filtered/details/structures_files/pymol/3895_8c4c_E_G.py,,data/filtered/details/structures_files/assembly/8c4c.pdb,"Heteromer, 12 proteins."
3896,8c4c,data/filtered/details/structures_files/pymol/3896_8c4c_E_K.py,,data/filtered/details/structures_files/assembly/8c4c.pdb,"Heteromer, 12 proteins."
3897,8c4c,data/filtered/details/structures_files/pymol/3897_8c4c_E_L.py,,data/filtered/details/structures_files/assembly/8c4c.pdb,"Heteromer, 12 proteins."
390,12bw,data/filtered/details/structures_files/pymol/390_12bw_A_C.py,,data/filtered/details/structures_files/assembly/12bw.pdb,"Heteromer, 9 proteins."
3901,6vao,data/filtered/details/structures_files/pymol/3901_6vao_D_G.py,,data/filtered/details/structures_files/assembly/6vao.pdb,"Heteromer, 10 proteins."
3903,6vao,data/filtered/details/structures_files/pymol/3903_6vao_D_J.py,,data/filtered/details/structures_files/assembly/6vao.pdb,"Heteromer, 10 proteins."
3906,8vaa,data/filtered/details/structures_files/pymol/3906_8vaa_H_I.py,,data/filtered/details/structures_files/assembly/8vaa.pdb,"Heteromer, 20 proteins."
3907,8vaa,data/filtered/details/structures_files/pymol/3907_8vaa_H_J.py,,data/filtered/details/structures_files/assembly/8vaa.pdb,"Heteromer, 20 proteins."
3919,8c4c,data/filtered/details/structures_files/pymol/3919_8c4c_D_E.py,,data/filtered/details/structures_files/assembly/8c4c.pdb,"Heteromer, 12 proteins."
3920,8c4c,data/filtered/details/structures_files/pymol/3920_8c4c_D_F.py,,data/filtered/details/structures_files/assembly/8c4c.pdb,"Heteromer, 12 proteins."
3921,8c4c,data/filtered/details/structures_files/pymol/3921_8c4c_D_K.py,,data/filtered/details/structures_files/assembly/8c4c.pdb,"Heteromer, 12 proteins."
3922,8c4c,data/filtered/details/structures_files/pymol/3922_8c4c_D_N.py,,data/filtered/details/structures_files/assembly/8c4c.pdb,"Heteromer, 12 proteins."
3925,6vao,data/filtered/details/structures_files/pymol/3925_6vao_E_D.py,,data/filtered/details/structures_files/assembly/6vao.pdb,"Heteromer, 10 proteins."
3926,6vao,data/filtered/details/structures_files/pymol/3926_6vao_E_I.py,,data/filtered/details/structures_files/assembly/6vao.pdb,"Heteromer, 10 proteins."
3927,6vao,data/filtered/details/structures_files/pymol/3927_6vao_E_H.py,,data/filtered/details/structures_files/assembly/6vao.pdb,"Heteromer, 10 proteins."
393,8d18,data/filtered/details/structures_files/pymol/393_8d18_D_E.py,,data/filtered/details/structures_files/assembly/8d18.pdb,"Homomer, 7 proteins."
3930,8vaa,data/filtered/details/structures_files/pymol/3930_8vaa_G_H.py,,data/filtered/details/structures_files/assembly/8vaa.pdb,"Heteromer, 20 proteins."
3931,8vaa,data/filtered/details/structures_files/pymol/3931_8vaa_G_I.py,,data/filtered/details/structures_files/assembly/8vaa.pdb,"Heteromer, 20 proteins."
394,8d18,data/filtered/details/structures_files/pymol/394_8d18_D_F.py,,data/filtered/details/structures_files/assembly/8d18.pdb,"Homomer, 7 proteins."
3941,8c4c,data/filtered/details/structures_files/pymol/3941_8c4c_C_D.py,,data/filtered/details/structures_files/assembly/8c4c.pdb,"Heteromer, 12 proteins."
3942,8c4c,data/filtered/details/structures_files/pymol/3942_8c4c_C_E.py,,data/filtered/details/structures_files/assembly/8c4c.pdb,"Heteromer, 12 proteins."
3943,8c4c,data/filtered/details/structures_files/pymol/3943_8c4c_C_M.py,,data/filtered/details/structures_files/assembly/8c4c.pdb,"Heteromer, 12 proteins."
3944,8c4c,data/filtered/details/structures_files/pymol/3944_8c4c_C_N.py,,data/filtered/details/structures_files/assembly/8c4c.pdb,"Heteromer, 12 proteins."
3946,6vao,data/filtered/details/structures_files/pymol/3946_6vao_A_F.py,,data/filtered/details/structures_files/assembly/6vao.pdb,"Heteromer, 10 proteins."
3947,6vao,data/filtered/details/structures_files/pymol/3947_6vao_A_E.py,,data/filtered/details/structures_files/assembly/6vao.pdb,"Heteromer, 10 proteins."
3948,6vao,data/filtered/details/structures_files/pymol/3948_6vao_A_D.py,,data/filtered/details/structures_files/assembly/6vao.pdb,"Heteromer, 10 proteins."
3949,6vao,data/filtered/details/structures_files/pymol/3949_6vao_A_I.py,,data/filtered/details/structures_files/assembly/6vao.pdb,"Heteromer, 10 proteins."
3952,8vaa,data/filtered/details/structures_files/pymol/3952_8vaa_F_G.py,,data/filtered/details/structures_files/assembly/8vaa.pdb,"Heteromer, 20 proteins."
3953,8vaa,data/filtered/details/structures_files/pymol/3953_8vaa_F_H.py,,data/filtered/details/structures_files/assembly/8vaa.pdb,"Heteromer, 20 proteins."
3963,8c4c,data/filtered/details/structures_files/pymol/3963_8c4c_B_C.py,,data/filtered/details/structures_files/assembly/8c4c.pdb,"Heteromer, 12 proteins."
3964,8c4c,data/filtered/details/structures_files/pymol/3964_8c4c_B_D.py,,data/filtered/details/structures_files/assembly/8c4c.pdb,"Heteromer, 12 proteins."
3965,8c4c,data/filtered/details/structures_files/pymol/3965_8c4c_B_M.py,,data/filtered/details/structures_files/assembly/8c4c.pdb,"Heteromer, 12 proteins."
3966,8c4c,data/filtered/details/structures_files/pymol/3966_8c4c_B_N.py,,data/filtered/details/structures_files/assembly/8c4c.pdb,"Heteromer, 12 proteins."
3967,6vao,data/filtered/details/structures_files/pymol/3967_6vao_B_G.py,,data/filtered/details/structures_files/assembly/6vao.pdb,"Heteromer, 10 proteins."
3968,6vao,data/filtered/details/structures_files/pymol/3968_6vao_B_E.py,,data/filtered/details/structures_files/assembly/6vao.pdb,"Heteromer, 10 proteins."
3969,6vao,data/filtered/details/structures_files/pymol/3969_6vao_B_D.py,,data/filtered/details/structures_files/assembly/6vao.pdb,"Heteromer, 10 proteins."
3972,8vaa,data/filtered/details/structures_files/pymol/3972_8vaa_E_F.py,,data/filtered/details/structures_files/assembly/8vaa.pdb,"Heteromer, 20 proteins."
3973,8vaa,data/filtered/details/structures_files/pymol/3973_8vaa_E_G.py,,data/filtered/details/structures_files/assembly/8vaa.pdb,"Heteromer, 20 proteins."
3981,8c4c,data/filtered/details/structures_files/pymol/3981_8c4c_A_B.py,,data/filtered/details/structures_files/assembly/8c4c.pdb,"Heteromer, 12 proteins."
3982,8c4c,data/filtered/details/structures_files/pymol/3982_8c4c_A_C.py,,data/filtered/details/structures_files/assembly/8c4c.pdb,"Heteromer, 12 proteins."
3983,8c4c,data/filtered/details/structures_files/pymol/3983_8c4c_A_M.py,,data/filtered/details/structures_files/assembly/8c4c.pdb,"Heteromer, 12 proteins."
3984,8c4c,data/filtered/details/structures_files/pymol/3984_8c4c_A_N.py,,data/filtered/details/structures_files/assembly/8c4c.pdb,"Heteromer, 12 proteins."
3985,6vao,data/filtered/details/structures_files/pymol/3985_6vao_C_A.py,,data/filtered/details/structures_files/assembly/6vao.pdb,"Heteromer, 10 proteins."
3986,6vao,data/filtered/details/structures_files/pymol/3986_6vao_C_D.py,,data/filtered/details/structures_files/assembly/6vao.pdb,"Heteromer, 10 proteins."
3987,6vao,data/filtered/details/structures_files/pymol/3987_6vao_C_J.py,,data/filtered/details/structures_files/assembly/6vao.pdb,"Heteromer, 10 proteins."
3990,8vaa,data/filtered/details/structures_files/pymol/3990_8vaa_D_E.py,,data/filtered/details/structures_files/assembly/8vaa.pdb,"Heteromer, 20 proteins."
3991,8vaa,data/filtered/details/structures_files/pymol/3991_8vaa_D_F.py,,data/filtered/details/structures_files/assembly/8vaa.pdb,"Heteromer, 20 proteins."
4,9qfe,data/filtered/details/structures_files/pymol/4_9qfe_C_E.py,,data/filtered/details/structures_files/assembly/9qfe.pdb,"Heteromer, 14 proteins."
400,9qey,data/filtered/details/structures_files/pymol/400_9qey_D_E.py,,data/filtered/details/structures_files/assembly/9qey.pdb,"Heteromer, 6 proteins."
4005,8vaa,data/filtered/details/structures_files/pymol/4005_8vaa_C_D.py,,data/filtered/details/structures_files/assembly/8vaa.pdb,"Heteromer, 20 proteins."
4006,8vaa,data/filtered/details/structures_files/pymol/4006_8vaa_C_E.py,,data/filtered/details/structures_files/assembly/8vaa.pdb,"Heteromer, 20 proteins."
401,8e9b,data/filtered/details/structures_files/pymol/401_8e9b_R_D.py,,data/filtered/details/structures_files/assembly/8e9b.pdb,"Heteromer, 15 proteins."
4015,8f8t,data/filtered/details/structures_files/pymol/4015_8f8t_F_G.py,data/filtered/details/structures_files/assembly/8f8t.cif,,"Heteromer, 8 proteins."
4018,6vau,data/filtered/details/structures_files/pymol/4018_6vau_C_B.py,,data/filtered/details/structures_files/assembly/6vau.pdb,"Homomer, 5 proteins."
4020,8vaa,data/filtered/details/structures_files/pymol/4020_8vaa_B_C.py,,data/filtered/details/structures_files/assembly/8vaa.pdb,"Heteromer, 20 proteins."
4021,8vaa,data/filtered/details/structures_files/pymol/4021_8vaa_B_D.py,,data/filtered/details/structures_files/assembly/8vaa.pdb,"Heteromer, 20 proteins."
4032,8f8t,data/filtered/details/structures_files/pymol/4032_8f8t_E_F.py,data/filtered/details/structures_files/assembly/8f8t.cif,,"Heteromer, 8 proteins."
4033,8f8t,data/filtered/details/structures_files/pymol/4033_8f8t_E_G.py,data/filtered/details/structures_files/assembly/8f8t.cif,,"Heteromer, 8 proteins."
4035,6vau,data/filtered/details/structures_files/pymol/4035_6vau_A_C.py,,data/filtered/details/structures_files/assembly/6vau.pdb,"Homomer, 5 proteins."
4036,6vau,data/filtered/details/structures_files/pymol/4036_6vau_A_B.py,,data/filtered/details/structures_files/assembly/6vau.pdb,"Homomer, 5 proteins."
4037,8vaa,data/filtered/details/structures_files/pymol/4037_8vaa_A_B.py,,data/filtered/details/structures_files/assembly/8vaa.pdb,"Heteromer, 20 proteins."
4038,8vaa,data/filtered/details/structures_files/pymol/4038_8vaa_A_C.py,,data/filtered/details/structures_files/assembly/8vaa.pdb,"Heteromer, 20 proteins."
4048,8f8t,data/filtered/details/structures_files/pymol/4048_8f8t_D_E.py,data/filtered/details/structures_files/assembly/8f8t.cif,,"Heteromer, 8 proteins."
4049,8f8t,data/filtered/details/structures_files/pymol/4049_8f8t_D_F.py,data/filtered/details/structures_files/assembly/8f8t.cif,,"Heteromer, 8 proteins."
4050,6vau,data/filtered/details/structures_files/pymol/4050_6vau_D_C.py,,data/filtered/details/structures_files/assembly/6vau.pdb,"Homomer, 5 proteins."
4051,6vau,data/filtered/details/structures_files/pymol/4051_6vau_D_B.py,,data/filtered/details/structures_files/assembly/6vau.pdb,"Homomer, 5 proteins."
4062,8f8t,data/filtered/details/structures_files/pymol/4062_8f8t_C_D.py,data/filtered/details/structures_files/assembly/8f8t.cif,,"Heteromer, 8 proteins."
4063,8f8t,data/filtered/details/structures_files/pymol/4063_8f8t_C_E.py,data/filtered/details/structures_files/assembly/8f8t.cif,,"Heteromer, 8 proteins."
4064,8f8t,data/filtered/details/structures_files/pymol/4064_8f8t_C_T.py,data/filtered/details/structures_files/assembly/8f8t.cif,,"Heteromer, 8 proteins."
4065,6vau,data/filtered/details/structures_files/pymol/4065_6vau_E_A.py,,data/filtered/details/structures_files/assembly/6vau.pdb,"Homomer, 5 proteins."
4066,6vau,data/filtered/details/structures_files/pymol/4066_6vau_E_B.py,,data/filtered/details/structures_files/assembly/6vau.pdb,"Homomer, 5 proteins."
4072,9az6,data/filtered/details/structures_files/pymol/4072_9az6_E_L.py,,data/filtered/details/structures_files/assembly/9az6.pdb,"Heteromer, 13 proteins."
4074,8f8t,data/filtered/details/structures_files/pymol/4074_8f8t_B_C.py,data/filtered/details/structures_files/assembly/8f8t.cif,,"Heteromer, 8 proteins."
4075,8f8t,data/filtered/details/structures_files/pymol/4075_8f8t_B_D.py,data/filtered/details/structures_files/assembly/8f8t.cif,,"Heteromer, 8 proteins."
4076,8f8t,data/filtered/details/structures_files/pymol/4076_8f8t_B_T.py,data/filtered/details/structures_files/assembly/8f8t.cif,,"Heteromer, 8 proteins."
4081,9az6,data/filtered/details/structures_files/pymol/4081_9az6_D_E.py,,data/filtered/details/structures_files/assembly/9az6.pdb,"Heteromer, 13 proteins."
4082,9az6,data/filtered/details/structures_files/pymol/4082_9az6_D_J.py,,data/filtered/details/structures_files/assembly/9az6.pdb,"Heteromer, 13 proteins."
4083,8f8t,data/filtered/details/structures_files/pymol/4083_8f8t_A_B.py,data/filtered/details/structures_files/assembly/8f8t.cif,,"Heteromer, 8 proteins."
4084,8f8t,data/filtered/details/structures_files/pymol/4084_8f8t_A_C.py,data/filtered/details/structures_files/assembly/8f8t.cif,,"Heteromer, 8 proteins."
4085,8f8t,data/filtered/details/structures_files/pymol/4085_8f8t_A_T.py,data/filtered/details/structures_files/assembly/8f8t.cif,,"Heteromer, 8 proteins."
409,8d18,data/filtered/details/structures_files/pymol/409_8d18_C_D.py,,data/filtered/details/structures_files/assembly/8d18.pdb,"Homomer, 7 proteins."
4090,9qfw,data/filtered/details/structures_files/pymol/4090_9qfw_E_H.py,,data/filtered/details/structures_files/assembly/9qfw.pdb,"Heteromer, 12 proteins."
4091,9qfw,data/filtered/details/structures_files/pymol/4091_9qfw_E_J.py,,data/filtered/details/structures_files/assembly/9qfw.pdb,"Heteromer, 12 proteins."
4092,9qfw,data/filtered/details/structures_files/pymol/4092_9qfw_E_P.py,,data/filtered/details/structures_files/assembly/9qfw.pdb,"Heteromer, 12 proteins."
4093,9qfw,data/filtered/details/structures_files/pymol/4093_9qfw_E_Q.py,,data/filtered/details/structures_files/assembly/9qfw.pdb,"Heteromer, 12 proteins."
4096,9az6,data/filtered/details/structures_files/pymol/4096_9az6_C_D.py,,data/filtered/details/structures_files/assembly/9az6.pdb,"Heteromer, 13 proteins."
4097,9az6,data/filtered/details/structures_files/pymol/4097_9az6_C_E.py,,data/filtered/details/structures_files/assembly/9az6.pdb,"Heteromer, 13 proteins."
4098,9az6,data/filtered/details/structures_files/pymol/4098_9az6_C_H.py,,data/filtered/details/structures_files/assembly/9az6.pdb,"Heteromer, 13 proteins."
4099,9az6,data/filtered/details/structures_files/pymol/4099_9az6_C_L.py,,data/filtered/details/structures_files/assembly/9az6.pdb,"Heteromer, 13 proteins."
41,7uuw,data/filtered/details/structures_files/pymol/41_7uuw_C_D.py,,data/filtered/details/structures_files/assembly/7uuw.pdb,"Heteromer, 12 proteins."
410,8d18,data/filtered/details/structures_files/pymol/410_8d18_C_E.py,,data/filtered/details/structures_files/assembly/8d18.pdb,"Homomer, 7 proteins."
4100,9az6,data/filtered/details/structures_files/pymol/4100_9az6_C_M.py,,data/filtered/details/structures_files/assembly/9az6.pdb,"Heteromer, 13 proteins."
4107,9qfw,data/filtered/details/structures_files/pymol/4107_9qfw_D_E.py,,data/filtered/details/structures_files/assembly/9qfw.pdb,"Heteromer, 12 proteins."
4108,9qfw,data/filtered/details/structures_files/pymol/4108_9qfw_D_G.py,,data/filtered/details/structures_files/assembly/9qfw.pdb,"Heteromer, 12 proteins."
4109,9qfw,data/filtered/details/structures_files/pymol/4109_9qfw_D_I.py,,data/filtered/details/structures_files/assembly/9qfw.pdb,"Heteromer, 12 proteins."
4110,9qfw,data/filtered/details/structures_files/pymol/4110_9qfw_D_P.py,,data/filtered/details/structures_files/assembly/9qfw.pdb,"Heteromer, 12 proteins."
4112,9az6,data/filtered/details/structures_files/pymol/4112_9az6_B_C.py,,data/filtered/details/structures_files/assembly/9az6.pdb,"Heteromer, 13 proteins."
4113,9az6,data/filtered/details/structures_files/pymol/4113_9az6_B_D.py,,data/filtered/details/structures_files/assembly/9az6.pdb,"Heteromer, 13 proteins."
4114,9az6,data/filtered/details/structures_files/pymol/4114_9az6_B_F.py,,data/filtered/details/structures_files/assembly/9az6.pdb,"Heteromer, 13 proteins."
4115,9az6,data/filtered/details/structures_files/pymol/4115_9az6_B_J.py,,data/filtered/details/structures_files/assembly/9az6.pdb,"Heteromer, 13 proteins."
4116,9az6,data/filtered/details/structures_files/pymol/4116_9az6_B_K.py,,data/filtered/details/structures_files/assembly/9az6.pdb,"Heteromer, 13 proteins."
4119,8f8s,data/filtered/details/structures_files/pymol/4119_8f8s_F_G.py,data/filtered/details/structures_files/assembly/8f8s.cif,,"Homomer, 7 proteins."
4125,9qfw,data/filtered/details/structures_files/pymol/4125_9qfw_C_D.py,,data/filtered/details/structures_files/assembly/9qfw.pdb,"Heteromer, 12 proteins."
4126,9qfw,data/filtered/details/structures_files/pymol/4126_9qfw_C_E.py,,data/filtered/details/structures_files/assembly/9qfw.pdb,"Heteromer, 12 proteins."
4127,9qfw,data/filtered/details/structures_files/pymol/4127_9qfw_C_F.py,,data/filtered/details/structures_files/assembly/9qfw.pdb,"Heteromer, 12 proteins."
4128,9qfw,data/filtered/details/structures_files/pymol/4128_9qfw_C_H.py,,data/filtered/details/structures_files/assembly/9qfw.pdb,"Heteromer, 12 proteins."
4129,9az6,data/filtered/details/structures_files/pymol/4129_9az6_A_B.py,,data/filtered/details/structures_files/assembly/9az6.pdb,"Heteromer, 13 proteins."
4130,9az6,data/filtered/details/structures_files/pymol/4130_9az6_A_C.py,,data/filtered/details/structures_files/assembly/9az6.pdb,"Heteromer, 13 proteins."
4131,9az6,data/filtered/details/structures_files/pymol/4131_9az6_A_H.py,,data/filtered/details/structures_files/assembly/9az6.pdb,"Heteromer, 13 proteins."
4132,9az6,data/filtered/details/structures_files/pymol/4132_9az6_A_I.py,,data/filtered/details/structures_files/assembly/9az6.pdb,"Heteromer, 13 proteins."
4135,8f8s,data/filtered/details/structures_files/pymol/4135_8f8s_E_F.py,data/filtered/details/structures_files/assembly/8f8s.cif,,"Homomer, 7 proteins."
4136,8f8s,data/filtered/details/structures_files/pymol/4136_8f8s_E_G.py,data/filtered/details/structures_files/assembly/8f8s.cif,,"Homomer, 7 proteins."
4139,8ord,data/filtered/details/structures_files/pymol/4139_8ord_D_E.py,,data/filtered/details/structures_files/assembly/8ord.pdb,"Homomer, 5 proteins."
4141,9qfw,data/filtered/details/structures_files/pymol/4141_9qfw_B_C.py,,data/filtered/details/structures_files/assembly/9qfw.pdb,"Heteromer, 12 proteins."
4142,9qfw,data/filtered/details/structures_files/pymol/4142_9qfw_B_D.py,,data/filtered/details/structures_files/assembly/9qfw.pdb,"Heteromer, 12 proteins."
4143,9qfw,data/filtered/details/structures_files/pymol/4143_9qfw_B_G.py,,data/filtered/details/structures_files/assembly/9qfw.pdb,"Heteromer, 12 proteins."
4150,8f8s,data/filtered/details/structures_files/pymol/4150_8f8s_D_E.py,data/filtered/details/structures_files/assembly/8f8s.cif,,"Homomer, 7 proteins."
4151,8f8s,data/filtered/details/structures_files/pymol/4151_8f8s_D_F.py,data/filtered/details/structures_files/assembly/8f8s.cif,,"Homomer, 7 proteins."
4155,8ord,data/filtered/details/structures_files/pymol/4155_8ord_C_D.py,,data/filtered/details/structures_files/assembly/8ord.pdb,"Homomer, 5 proteins."
4156,9qfw,data/filtered/details/structures_files/pymol/4156_9qfw_A_B.py,,data/filtered/details/structures_files/assembly/9qfw.pdb,"Heteromer, 12 proteins."
4157,9qfw,data/filtered/details/structures_files/pymol/4157_9qfw_A_C.py,,data/filtered/details/structures_files/assembly/9qfw.pdb,"Heteromer, 12 proteins."
4158,9qfw,data/filtered/details/structures_files/pymol/4158_9qfw_A_F.py,,data/filtered/details/structures_files/assembly/9qfw.pdb,"Heteromer, 12 proteins."
416,9qey,data/filtered/details/structures_files/pymol/416_9qey_C_D.py,,data/filtered/details/structures_files/assembly/9qey.pdb,"Heteromer, 6 proteins."
4161,9dva,data/filtered/details/structures_files/pymol/4161_9dva_D_E.py,,data/filtered/details/structures_files/assembly/9dva.pdb,"Heteromer, 8 proteins."
4165,8f8s,data/filtered/details/structures_files/pymol/4165_8f8s_C_D.py,data/filtered/details/structures_files/assembly/8f8s.cif,,"Homomer, 7 proteins."
4166,8f8s,data/filtered/details/structures_files/pymol/4166_8f8s_C_E.py,data/filtered/details/structures_files/assembly/8f8s.cif,,"Homomer, 7 proteins."
4169,8ord,data/filtered/details/structures_files/pymol/4169_8ord_B_C.py,,data/filtered/details/structures_files/assembly/8ord.pdb,"Homomer, 5 proteins."
417,9qey,data/filtered/details/structures_files/pymol/417_9qey_C_E.py,,data/filtered/details/structures_files/assembly/9qey.pdb,"Heteromer, 6 proteins."
4170,9qfq,data/filtered/details/structures_files/pymol/4170_9qfq_E_H.py,,data/filtered/details/structures_files/assembly/9qfq.pdb,"Heteromer, 11 proteins."
4171,9qfq,data/filtered/details/structures_files/pymol/4171_9qfq_E_J.py,,data/filtered/details/structures_files/assembly/9qfq.pdb,"Heteromer, 11 proteins."
4172,9qfq,data/filtered/details/structures_files/pymol/4172_9qfq_E_P.py,,data/filtered/details/structures_files/assembly/9qfq.pdb,"Heteromer, 11 proteins."
4176,9dva,data/filtered/details/structures_files/pymol/4176_9dva_C_E.py,,data/filtered/details/structures_files/assembly/9dva.pdb,"Heteromer, 8 proteins."
4177,9dva,data/filtered/details/structures_files/pymol/4177_9dva_C_F.py,,data/filtered/details/structures_files/assembly/9dva.pdb,"Heteromer, 8 proteins."
418,9qey,data/filtered/details/structures_files/pymol/418_9qey_C_H.py,,data/filtered/details/structures_files/assembly/9qey.pdb,"Heteromer, 6 proteins."
4181,8f8s,data/filtered/details/structures_files/pymol/4181_8f8s_B_C.py,data/filtered/details/structures_files/assembly/8f8s.cif,,"Homomer, 7 proteins."
4182,8f8s,data/filtered/details/structures_files/pymol/4182_8f8s_B_D.py,data/filtered/details/structures_files/assembly/8f8s.cif,,"Homomer, 7 proteins."
4184,8ord,data/filtered/details/structures_files/pymol/4184_8ord_A_B.py,,data/filtered/details/structures_files/assembly/8ord.pdb,"Homomer, 5 proteins."
4185,8ord,data/filtered/details/structures_files/pymol/4185_8ord_A_C.py,,data/filtered/details/structures_files/assembly/8ord.pdb,"Homomer, 5 proteins."
4186,8ord,data/filtered/details/structures_files/pymol/4186_8ord_A_D.py,,data/filtered/details/structures_files/assembly/8ord.pdb,"Homomer, 5 proteins."
4187,8ord,data/filtered/details/structures_files/pymol/4187_8ord_A_E.py,,data/filtered/details/structures_files/assembly/8ord.pdb,"Homomer, 5 proteins."
4188,9qfq,data/filtered/details/structures_files/pymol/4188_9qfq_D_G.py,,data/filtered/details/structures_files/assembly/9qfq.pdb,"Heteromer, 11 proteins."
4189,9qfq,data/filtered/details/structures_files/pymol/4189_9qfq_D_I.py,,data/filtered/details/structures_files/assembly/9qfq.pdb,"Heteromer, 11 proteins."
419,8e9b,data/filtered/details/structures_files/pymol/419_8e9b_Q_C.py,,data/filtered/details/structures_files/assembly/8e9b.pdb,"Heteromer, 15 proteins."
4190,9qfq,data/filtered/details/structures_files/pymol/4190_9qfq_D_P.py,,data/filtered/details/structures_files/assembly/9qfq.pdb,"Heteromer, 11 proteins."
4193,9qfq,data/filtered/details/structures_files/pymol/4193_9qfq_D_E.py,,data/filtered/details/structures_files/assembly/9qfq.pdb,"Heteromer, 11 proteins."
4195,9dva,data/filtered/details/structures_files/pymol/4195_9dva_B_C.py,,data/filtered/details/structures_files/assembly/9dva.pdb,"Heteromer, 8 proteins."
4196,9dva,data/filtered/details/structures_files/pymol/4196_9dva_B_D.py,,data/filtered/details/structures_files/assembly/9dva.pdb,"Heteromer, 8 proteins."
4197,9dva,data/filtered/details/structures_files/pymol/4197_9dva_B_E.py,,data/filtered/details/structures_files/assembly/9dva.pdb,"Heteromer, 8 proteins."
4198,9dva,data/filtered/details/structures_files/pymol/4198_9dva_B_F.py,,data/filtered/details/structures_files/assembly/9dva.pdb,"Heteromer, 8 proteins."
4199,9dva,data/filtered/details/structures_files/pymol/4199_9dva_B_G.py,,data/filtered/details/structures_files/assembly/9dva.pdb,"Heteromer, 8 proteins."
42,7uuw,data/filtered/details/structures_files/pymol/42_7uuw_C_E.py,,data/filtered/details/structures_files/assembly/7uuw.pdb,"Heteromer, 12 proteins."
420,8e9b,data/filtered/details/structures_files/pymol/420_8e9b_Q_D.py,,data/filtered/details/structures_files/assembly/8e9b.pdb,"Heteromer, 15 proteins."
4200,9dva,data/filtered/details/structures_files/pymol/4200_9dva_B_H.py,,data/filtered/details/structures_files/assembly/9dva.pdb,"Heteromer, 8 proteins."
4201,8f8s,data/filtered/details/structures_files/pymol/4201_8f8s_A_B.py,data/filtered/details/structures_files/assembly/8f8s.cif,,"Homomer, 7 proteins."
4202,8f8s,data/filtered/details/structures_files/pymol/4202_8f8s_A_C.py,data/filtered/details/structures_files/assembly/8f8s.cif,,"Homomer, 7 proteins."
4205,9qfq,data/filtered/details/structures_files/pymol/4205_9qfq_C_F.py,,data/filtered/details/structures_files/assembly/9qfq.pdb,"Heteromer, 11 proteins."
4206,9qfq,data/filtered/details/structures_files/pymol/4206_9qfq_C_H.py,,data/filtered/details/structures_files/assembly/9qfq.pdb,"Heteromer, 11 proteins."
4209,9qfq,data/filtered/details/structures_files/pymol/4209_9qfq_C_D.py,,data/filtered/details/structures_files/assembly/9qfq.pdb,"Heteromer, 11 proteins."
421,8e9b,data/filtered/details/structures_files/pymol/421_8e9b_Q_F.py,,data/filtered/details/structures_files/assembly/8e9b.pdb,"Heteromer, 15 proteins."
4210,9qfq,data/filtered/details/structures_files/pymol/4210_9qfq_C_E.py,,data/filtered/details/structures_files/assembly/9qfq.pdb,"Heteromer, 11 proteins."
4211,9dva,data/filtered/details/structures_files/pymol/4211_9dva_A_B.py,,data/filtered/details/structures_files/assembly/9dva.pdb,"Heteromer, 8 proteins."
4212,9dva,data/filtered/details/structures_files/pymol/4212_9dva_A_D.py,,data/filtered/details/structures_files/assembly/9dva.pdb,"Heteromer, 8 proteins."
4213,9dva,data/filtered/details/structures_files/pymol/4213_9dva_A_H.py,,data/filtered/details/structures_files/assembly/9dva.pdb,"Heteromer, 8 proteins."
4219,9qfq,data/filtered/details/structures_files/pymol/4219_9qfq_B_G.py,,data/filtered/details/structures_files/assembly/9qfq.pdb,"Heteromer, 11 proteins."
4221,9qfq,data/filtered/details/structures_files/pymol/4221_9qfq_B_C.py,,data/filtered/details/structures_files/assembly/9qfq.pdb,"Heteromer, 11 proteins."
4222,9qfq,data/filtered/details/structures_files/pymol/4222_9qfq_B_D.py,,data/filtered/details/structures_files/assembly/9qfq.pdb,"Heteromer, 11 proteins."
4228,8f8r,data/filtered/details/structures_files/pymol/4228_8f8r_F_G.py,data/filtered/details/structures_files/assembly/8f8r.cif,,"Homomer, 7 proteins."
4230,9qfq,data/filtered/details/structures_files/pymol/4230_9qfq_A_F.py,,data/filtered/details/structures_files/assembly/9qfq.pdb,"Heteromer, 11 proteins."
4231,9qfq,data/filtered/details/structures_files/pymol/4231_9qfq_A_B.py,,data/filtered/details/structures_files/assembly/9qfq.pdb,"Heteromer, 11 proteins."
4232,9qfq,data/filtered/details/structures_files/pymol/4232_9qfq_A_C.py,,data/filtered/details/structures_files/assembly/9qfq.pdb,"Heteromer, 11 proteins."
4235,9duu,data/filtered/details/structures_files/pymol/4235_9duu_E_F.py,,data/filtered/details/structures_files/assembly/9duu.pdb,"Heteromer, 6 proteins, 7 peptides."
424,8e9b,data/filtered/details/structures_files/pymol/424_8e9b_Q_R.py,,data/filtered/details/structures_files/assembly/8e9b.pdb,"Heteromer, 15 proteins."
4240,8f8r,data/filtered/details/structures_files/pymol/4240_8f8r_E_F.py,data/filtered/details/structures_files/assembly/8f8r.cif,,"Homomer, 7 proteins."
4241,8f8r,data/filtered/details/structures_files/pymol/4241_8f8r_E_G.py,data/filtered/details/structures_files/assembly/8f8r.cif,,"Homomer, 7 proteins."
4243,9qfo,data/filtered/details/structures_files/pymol/4243_9qfo_F_J.py,,data/filtered/details/structures_files/assembly/9qfo.pdb,"Heteromer, 10 proteins."
4248,9duu,data/filtered/details/structures_files/pymol/4248_9duu_D_E.py,,data/filtered/details/structures_files/assembly/9duu.pdb,"Heteromer, 6 proteins, 7 peptides."
4249,9duu,data/filtered/details/structures_files/pymol/4249_9duu_D_F.py,,data/filtered/details/structures_files/assembly/9duu.pdb,"Heteromer, 6 proteins, 7 peptides."
4254,8f8r,data/filtered/details/structures_files/pymol/4254_8f8r_D_E.py,data/filtered/details/structures_files/assembly/8f8r.cif,,"Homomer, 7 proteins."
4255,8f8r,data/filtered/details/structures_files/pymol/4255_8f8r_D_F.py,data/filtered/details/structures_files/assembly/8f8r.cif,,"Homomer, 7 proteins."
4258,9qfo,data/filtered/details/structures_files/pymol/4258_9qfo_E_I.py,,data/filtered/details/structures_files/assembly/9qfo.pdb,"Heteromer, 10 proteins."
4261,9qfo,data/filtered/details/structures_files/pymol/4261_9qfo_E_F.py,,data/filtered/details/structures_files/assembly/9qfo.pdb,"Heteromer, 10 proteins."
4264,9duu,data/filtered/details/structures_files/pymol/4264_9duu_C_D.py,,data/filtered/details/structures_files/assembly/9duu.pdb,"Heteromer, 6 proteins, 7 peptides."
4265,9duu,data/filtered/details/structures_files/pymol/4265_9duu_C_E.py,,data/filtered/details/structures_files/assembly/9duu.pdb,"Heteromer, 6 proteins, 7 peptides."
4270,8f8r,data/filtered/details/structures_files/pymol/4270_8f8r_C_D.py,data/filtered/details/structures_files/assembly/8f8r.cif,,"Homomer, 7 proteins."
4271,8f8r,data/filtered/details/structures_files/pymol/4271_8f8r_C_E.py,data/filtered/details/structures_files/assembly/8f8r.cif,,"Homomer, 7 proteins."
4274,9qfo,data/filtered/details/structures_files/pymol/4274_9qfo_D_H.py,,data/filtered/details/structures_files/assembly/9qfo.pdb,"Heteromer, 10 proteins."
4275,9qfo,data/filtered/details/structures_files/pymol/4275_9qfo_D_J.py,,data/filtered/details/structures_files/assembly/9qfo.pdb,"Heteromer, 10 proteins."
4278,9qfo,data/filtered/details/structures_files/pymol/4278_9qfo_D_E.py,,data/filtered/details/structures_files/assembly/9qfo.pdb,"Heteromer, 10 proteins."
4279,9qfo,data/filtered/details/structures_files/pymol/4279_9qfo_D_F.py,,data/filtered/details/structures_files/assembly/9qfo.pdb,"Heteromer, 10 proteins."
428,8d18,data/filtered/details/structures_files/pymol/428_8d18_B_C.py,,data/filtered/details/structures_files/assembly/8d18.pdb,"Homomer, 7 proteins."
4281,9duu,data/filtered/details/structures_files/pymol/4281_9duu_B_C.py,,data/filtered/details/structures_files/assembly/9duu.pdb,"Heteromer, 6 proteins, 7 peptides."
4282,9duu,data/filtered/details/structures_files/pymol/4282_9duu_B_D.py,,data/filtered/details/structures_files/assembly/9duu.pdb,"Heteromer, 6 proteins, 7 peptides."
4285,8f8r,data/filtered/details/structures_files/pymol/4285_8f8r_B_C.py,data/filtered/details/structures_files/assembly/8f8r.cif,,"Homomer, 7 proteins."
4286,8f8r,data/filtered/details/structures_files/pymol/4286_8f8r_B_D.py,data/filtered/details/structures_files/assembly/8f8r.cif,,"Homomer, 7 proteins."
4289,9qfo,data/filtered/details/structures_files/pymol/4289_9qfo_C_G.py,,data/filtered/details/structures_files/assembly/9qfo.pdb,"Heteromer, 10 proteins."
429,8d18,data/filtered/details/structures_files/pymol/429_8d18_B_D.py,,data/filtered/details/structures_files/assembly/8d18.pdb,"Homomer, 7 proteins."
4290,9qfo,data/filtered/details/structures_files/pymol/4290_9qfo_C_I.py,,data/filtered/details/structures_files/assembly/9qfo.pdb,"Heteromer, 10 proteins."
4293,9qfo,data/filtered/details/structures_files/pymol/4293_9qfo_C_D.py,,data/filtered/details/structures_files/assembly/9qfo.pdb,"Heteromer, 10 proteins."
4294,9qfo,data/filtered/details/structures_files/pymol/4294_9qfo_C_E.py,,data/filtered/details/structures_files/assembly/9qfo.pdb,"Heteromer, 10 proteins."
4295,9duu,data/filtered/details/structures_files/pymol/4295_9duu_A_B.py,,data/filtered/details/structures_files/assembly/9duu.pdb,"Heteromer, 6 proteins, 7 peptides."
4296,9duu,data/filtered/details/structures_files/pymol/4296_9duu_A_C.py,,data/filtered/details/structures_files/assembly/9duu.pdb,"Heteromer, 6 proteins, 7 peptides."
43,7uuw,data/filtered/details/structures_files/pymol/43_7uuw_C_H.py,,data/filtered/details/structures_files/assembly/7uuw.pdb,"Heteromer, 12 proteins."
4302,8f8r,data/filtered/details/structures_files/pymol/4302_8f8r_A_B.py,data/filtered/details/structures_files/assembly/8f8r.cif,,"Homomer, 7 proteins."
4303,8f8r,data/filtered/details/structures_files/pymol/4303_8f8r_A_C.py,data/filtered/details/structures_files/assembly/8f8r.cif,,"Homomer, 7 proteins."
4307,9qfo,data/filtered/details/structures_files/pymol/4307_9qfo_B_H.py,,data/filtered/details/structures_files/assembly/9qfo.pdb,"Heteromer, 10 proteins."
4309,9qfo,data/filtered/details/structures_files/pymol/4309_9qfo_B_C.py,,data/filtered/details/structures_files/assembly/9qfo.pdb,"Heteromer, 10 proteins."
4310,9qfo,data/filtered/details/structures_files/pymol/4310_9qfo_B_D.py,,data/filtered/details/structures_files/assembly/9qfo.pdb,"Heteromer, 10 proteins."
4313,8vkh,data/filtered/details/structures_files/pymol/4313_8vkh_F_G.py,,data/filtered/details/structures_files/assembly/8vkh.pdb,"Heteromer, 8 proteins."
4317,8f8q,data/filtered/details/structures_files/pymol/4317_8f8q_F_G.py,data/filtered/details/structures_files/assembly/8f8q.cif,,"Heteromer, 8 proteins."
4318,8f8q,data/filtered/details/structures_files/pymol/4318_8f8q_F_H.py,data/filtered/details/structures_files/assembly/8f8q.cif,,"Heteromer, 8 proteins."
4324,9qfo,data/filtered/details/structures_files/pymol/4324_9qfo_A_G.py,,data/filtered/details/structures_files/assembly/9qfo.pdb,"Heteromer, 10 proteins."
4325,9qfo,data/filtered/details/structures_files/pymol/4325_9qfo_A_B.py,,data/filtered/details/structures_files/assembly/9qfo.pdb,"Heteromer, 10 proteins."
4326,9qfo,data/filtered/details/structures_files/pymol/4326_9qfo_A_C.py,,data/filtered/details/structures_files/assembly/9qfo.pdb,"Heteromer, 10 proteins."
4329,8vkh,data/filtered/details/structures_files/pymol/4329_8vkh_E_F.py,,data/filtered/details/structures_files/assembly/8vkh.pdb,"Heteromer, 8 proteins."
4330,8vkh,data/filtered/details/structures_files/pymol/4330_8vkh_E_H.py,,data/filtered/details/structures_files/assembly/8vkh.pdb,"Heteromer, 8 proteins."
4335,8f8q,data/filtered/details/structures_files/pymol/4335_8f8q_E_F.py,data/filtered/details/structures_files/assembly/8f8q.cif,,"Heteromer, 8 proteins."
4336,8f8q,data/filtered/details/structures_files/pymol/4336_8f8q_E_G.py,data/filtered/details/structures_files/assembly/8f8q.cif,,"Heteromer, 8 proteins."
4337,8f8q,data/filtered/details/structures_files/pymol/4337_8f8q_E_H.py,data/filtered/details/structures_files/assembly/8f8q.cif,,"Heteromer, 8 proteins."
434,9qey,data/filtered/details/structures_files/pymol/434_9qey_B_C.py,,data/filtered/details/structures_files/assembly/9qey.pdb,"Heteromer, 6 proteins."
4345,9qfk,data/filtered/details/structures_files/pymol/4345_9qfk_G_M.py,,data/filtered/details/structures_files/assembly/9qfk.pdb,"Heteromer, 14 proteins."
4346,9qfk,data/filtered/details/structures_files/pymol/4346_9qfk_G_N.py,,data/filtered/details/structures_files/assembly/9qfk.pdb,"Heteromer, 14 proteins."
4349,8vkh,data/filtered/details/structures_files/pymol/4349_8vkh_D_E.py,,data/filtered/details/structures_files/assembly/8vkh.pdb,"Heteromer, 8 proteins."
435,9qey,data/filtered/details/structures_files/pymol/435_9qey_B_D.py,,data/filtered/details/structures_files/assembly/9qey.pdb,"Heteromer, 6 proteins."
4350,8vkh,data/filtered/details/structures_files/pymol/4350_8vkh_D_F.py,,data/filtered/details/structures_files/assembly/8vkh.pdb,"Heteromer, 8 proteins."
4351,8vkh,data/filtered/details/structures_files/pymol/4351_8vkh_D_G.py,,data/filtered/details/structures_files/assembly/8vkh.pdb,"Heteromer, 8 proteins."
4356,8f8q,data/filtered/details/structures_files/pymol/4356_8f8q_D_E.py,data/filtered/details/structures_files/assembly/8f8q.cif,,"Heteromer, 8 proteins."
4357,8f8q,data/filtered/details/structures_files/pymol/4357_8f8q_D_F.py,data/filtered/details/structures_files/assembly/8f8q.cif,,"Heteromer, 8 proteins."
436,8e9b,data/filtered/details/structures_files/pymol/436_8e9b_P_A.py,,data/filtered/details/structures_files/assembly/8e9b.pdb,"Heteromer, 15 proteins."
4365,9qfk,data/filtered/details/structures_files/pymol/4365_9qfk_F_G.py,,data/filtered/details/structures_files/assembly/9qfk.pdb,"Heteromer, 14 proteins."
4366,9qfk,data/filtered/details/structures_files/pymol/4366_9qfk_F_L.py,,data/filtered/details/structures_files/assembly/9qfk.pdb,"Heteromer, 14 proteins."
4367,9qfk,data/filtered/details/structures_files/pymol/4367_9qfk_F_M.py,,data/filtered/details/structures_files/assembly/9qfk.pdb,"Heteromer, 14 proteins."
4368,9qfk,data/filtered/details/structures_files/pymol/4368_9qfk_F_N.py,,data/filtered/details/structures_files/assembly/9qfk.pdb,"Heteromer, 14 proteins."
4371,8vkh,data/filtered/details/structures_files/pymol/4371_8vkh_C_D.py,,data/filtered/details/structures_files/assembly/8vkh.pdb,"Heteromer, 8 proteins."
4372,8vkh,data/filtered/details/structures_files/pymol/4372_8vkh_C_E.py,,data/filtered/details/structures_files/assembly/8vkh.pdb,"Heteromer, 8 proteins."
4373,8vkh,data/filtered/details/structures_files/pymol/4373_8vkh_C_H.py,,data/filtered/details/structures_files/assembly/8vkh.pdb,"Heteromer, 8 proteins."
4376,3j8a,data/filtered/details/structures_files/pymol/4376_3j8a_A_C.py,,data/filtered/details/structures_files/assembly/3j8a.pdb,"Homomer, 5 proteins."
4377,3j8a,data/filtered/details/structures_files/pymol/4377_3j8a_A_B.py,,data/filtered/details/structures_files/assembly/3j8a.pdb,"Homomer, 5 proteins."
4380,8f8q,data/filtered/details/structures_files/pymol/4380_8f8q_C_D.py,data/filtered/details/structures_files/assembly/8f8q.cif,,"Heteromer, 8 proteins."
4381,8f8q,data/filtered/details/structures_files/pymol/4381_8f8q_C_E.py,data/filtered/details/structures_files/assembly/8f8q.cif,,"Heteromer, 8 proteins."
4387,9qfk,data/filtered/details/structures_files/pymol/4387_9qfk_E_F.py,,data/filtered/details/structures_files/assembly/9qfk.pdb,"Heteromer, 14 proteins."
4388,9qfk,data/filtered/details/structures_files/pymol/4388_9qfk_E_G.py,,data/filtered/details/structures_files/assembly/9qfk.pdb,"Heteromer, 14 proteins."
4389,9qfk,data/filtered/details/structures_files/pymol/4389_9qfk_E_K.py,,data/filtered/details/structures_files/assembly/9qfk.pdb,"Heteromer, 14 proteins."
439,8e9b,data/filtered/details/structures_files/pymol/439_8e9b_P_Q.py,,data/filtered/details/structures_files/assembly/8e9b.pdb,"Heteromer, 15 proteins."
4390,9qfk,data/filtered/details/structures_files/pymol/4390_9qfk_E_L.py,,data/filtered/details/structures_files/assembly/9qfk.pdb,"Heteromer, 14 proteins."
4391,9qfk,data/filtered/details/structures_files/pymol/4391_9qfk_E_M.py,,data/filtered/details/structures_files/assembly/9qfk.pdb,"Heteromer, 14 proteins."
4392,9qfk,data/filtered/details/structures_files/pymol/4392_9qfk_E_N.py,,data/filtered/details/structures_files/assembly/9qfk.pdb,"Heteromer, 14 proteins."
4394,8vkh,data/filtered/details/structures_files/pymol/4394_8vkh_B_C.py,,data/filtered/details/structures_files/assembly/8vkh.pdb,"Heteromer, 8 proteins."
4395,8vkh,data/filtered/details/structures_files/pymol/4395_8vkh_B_D.py,,data/filtered/details/structures_files/assembly/8vkh.pdb,"Heteromer, 8 proteins."
4397,3j8a,data/filtered/details/structures_files/pymol/4397_3j8a_D_A.py,,data/filtered/details/structures_files/assembly/3j8a.pdb,"Homomer, 5 proteins."
4398,3j8a,data/filtered/details/structures_files/pymol/4398_3j8a_D_B.py,,data/filtered/details/structures_files/assembly/3j8a.pdb,"Homomer, 5 proteins."
44,7uuw,data/filtered/details/structures_files/pymol/44_7uuw_C_Z.py,,data/filtered/details/structures_files/assembly/7uuw.pdb,"Heteromer, 12 proteins."
440,8e9b,data/filtered/details/structures_files/pymol/440_8e9b_P_R.py,,data/filtered/details/structures_files/assembly/8e9b.pdb,"Heteromer, 15 proteins."
4400,8f8q,data/filtered/details/structures_files/pymol/4400_8f8q_B_C.py,data/filtered/details/structures_files/assembly/8f8q.cif,,"Heteromer, 8 proteins."
4401,8f8q,data/filtered/details/structures_files/pymol/4401_8f8q_B_D.py,data/filtered/details/structures_files/assembly/8f8q.cif,,"Heteromer, 8 proteins."
4407,9qfk,data/filtered/details/structures_files/pymol/4407_9qfk_D_E.py,,data/filtered/details/structures_files/assembly/9qfk.pdb,"Heteromer, 14 proteins."
4408,9qfk,data/filtered/details/structures_files/pymol/4408_9qfk_D_F.py,,data/filtered/details/structures_files/assembly/9qfk.pdb,"Heteromer, 14 proteins."
4409,9qfk,data/filtered/details/structures_files/pymol/4409_9qfk_D_K.py,,data/filtered/details/structures_files/assembly/9qfk.pdb,"Heteromer, 14 proteins."
4410,9qfk,data/filtered/details/structures_files/pymol/4410_9qfk_D_L.py,,data/filtered/details/structures_files/assembly/9qfk.pdb,"Heteromer, 14 proteins."
4411,9qfk,data/filtered/details/structures_files/pymol/4411_9qfk_D_M.py,,data/filtered/details/structures_files/assembly/9qfk.pdb,"Heteromer, 14 proteins."
4412,8vkh,data/filtered/details/structures_files/pymol/4412_8vkh_A_B.py,,data/filtered/details/structures_files/assembly/8vkh.pdb,"Heteromer, 8 proteins."
4413,8vkh,data/filtered/details/structures_files/pymol/4413_8vkh_A_C.py,,data/filtered/details/structures_files/assembly/8vkh.pdb,"Heteromer, 8 proteins."
4414,3j8a,data/filtered/details/structures_files/pymol/4414_3j8a_E_D.py,,data/filtered/details/structures_files/assembly/3j8a.pdb,"Homomer, 5 proteins."
4415,3j8a,data/filtered/details/structures_files/pymol/4415_3j8a_E_A.py,,data/filtered/details/structures_files/assembly/3j8a.pdb,"Homomer, 5 proteins."
4416,3j8a,data/filtered/details/structures_files/pymol/4416_3j8a_E_C.py,,data/filtered/details/structures_files/assembly/3j8a.pdb,"Homomer, 5 proteins."
4417,8f8q,data/filtered/details/structures_files/pymol/4417_8f8q_A_B.py,data/filtered/details/structures_files/assembly/8f8q.cif,,"Heteromer, 8 proteins."
4418,8f8q,data/filtered/details/structures_files/pymol/4418_8f8q_A_C.py,data/filtered/details/structures_files/assembly/8f8q.cif,,"Heteromer, 8 proteins."
4422,9go5,data/filtered/details/structures_files/pymol/4422_9go5_C_D.py,,data/filtered/details/structures_files/assembly/9go5.pdb,"Homomer, 5 proteins."
4425,9qfk,data/filtered/details/structures_files/pymol/4425_9qfk_C_D.py,,data/filtered/details/structures_files/assembly/9qfk.pdb,"Heteromer, 14 proteins."
4426,9qfk,data/filtered/details/structures_files/pymol/4426_9qfk_C_E.py,,data/filtered/details/structures_files/assembly/9qfk.pdb,"Heteromer, 14 proteins."
4427,9qfk,data/filtered/details/structures_files/pymol/4427_9qfk_C_I.py,,data/filtered/details/structures_files/assembly/9qfk.pdb,"Heteromer, 14 proteins."
4428,9qfk,data/filtered/details/structures_files/pymol/4428_9qfk_C_J.py,,data/filtered/details/structures_files/assembly/9qfk.pdb,"Heteromer, 14 proteins."
4429,9qfk,data/filtered/details/structures_files/pymol/4429_9qfk_C_K.py,,data/filtered/details/structures_files/assembly/9qfk.pdb,"Heteromer, 14 proteins."
443,9sgk,data/filtered/details/structures_files/pymol/443_9sgk_H_I.py,,data/filtered/details/structures_files/assembly/9sgk.pdb,"Heteromer, 5 proteins, 5 peptides."
4430,9qfk,data/filtered/details/structures_files/pymol/4430_9qfk_C_L.py,,data/filtered/details/structures_files/assembly/9qfk.pdb,"Heteromer, 14 proteins."
4433,8viz,data/filtered/details/structures_files/pymol/4433_8viz_F_G.py,,data/filtered/details/structures_files/assembly/8viz.pdb,"Heteromer, 7 proteins."
4439,9go5,data/filtered/details/structures_files/pymol/4439_9go5_B_C.py,,data/filtered/details/structures_files/assembly/9go5.pdb,"Homomer, 5 proteins."
444,9sgk,data/filtered/details/structures_files/pymol/444_9sgk_H_J.py,,data/filtered/details/structures_files/assembly/9sgk.pdb,"Heteromer, 5 proteins, 5 peptides."
4440,9go5,data/filtered/details/structures_files/pymol/4440_9go5_B_E.py,,data/filtered/details/structures_files/assembly/9go5.pdb,"Homomer, 5 proteins."
4442,9qfk,data/filtered/details/structures_files/pymol/4442_9qfk_B_C.py,,data/filtered/details/structures_files/assembly/9qfk.pdb,"Heteromer, 14 proteins."
4443,9qfk,data/filtered/details/structures_files/pymol/4443_9qfk_B_D.py,,data/filtered/details/structures_files/assembly/9qfk.pdb,"Heteromer, 14 proteins."
4444,9qfk,data/filtered/details/structures_files/pymol/4444_9qfk_B_H.py,,data/filtered/details/structures_files/assembly/9qfk.pdb,"Heteromer, 14 proteins."
4445,9qfk,data/filtered/details/structures_files/pymol/4445_9qfk_B_I.py,,data/filtered/details/structures_files/assembly/9qfk.pdb,"Heteromer, 14 proteins."
4446,9qfk,data/filtered/details/structures_files/pymol/4446_9qfk_B_K.py,,data/filtered/details/structures_files/assembly/9qfk.pdb,"Heteromer, 14 proteins."
4449,8viz,data/filtered/details/structures_files/pymol/4449_8viz_E_F.py,,data/filtered/details/structures_files/assembly/8viz.pdb,"Heteromer, 7 proteins."
445,8d18,data/filtered/details/structures_files/pymol/445_8d18_A_B.py,,data/filtered/details/structures_files/assembly/8d18.pdb,"Homomer, 7 proteins."
4450,8viz,data/filtered/details/structures_files/pymol/4450_8viz_E_G.py,,data/filtered/details/structures_files/assembly/8viz.pdb,"Heteromer, 7 proteins."
4454,8f8p,data/filtered/details/structures_files/pymol/4454_8f8p_D_E.py,data/filtered/details/structures_files/assembly/8f8p.cif,,"Homomer, 5 proteins."
4457,9go5,data/filtered/details/structures_files/pymol/4457_9go5_A_B.py,,data/filtered/details/structures_files/assembly/9go5.pdb,"Homomer, 5 proteins."
4458,9go5,data/filtered/details/structures_files/pymol/4458_9go5_A_C.py,,data/filtered/details/structures_files/assembly/9go5.pdb,"Homomer, 5 proteins."
4459,9go5,data/filtered/details/structures_files/pymol/4459_9go5_A_D.py,,data/filtered/details/structures_files/assembly/9go5.pdb,"Homomer, 5 proteins."
446,8d18,data/filtered/details/structures_files/pymol/446_8d18_A_C.py,,data/filtered/details/structures_files/assembly/8d18.pdb,"Homomer, 7 proteins."
4460,9go5,data/filtered/details/structures_files/pymol/4460_9go5_A_E.py,,data/filtered/details/structures_files/assembly/9go5.pdb,"Homomer, 5 proteins."
4461,9qfk,data/filtered/details/structures_files/pymol/4461_9qfk_A_B.py,,data/filtered/details/structures_files/assembly/9qfk.pdb,"Heteromer, 14 proteins."
4462,9qfk,data/filtered/details/structures_files/pymol/4462_9qfk_A_C.py,,data/filtered/details/structures_files/assembly/9qfk.pdb,"Heteromer, 14 proteins."
4463,9qfk,data/filtered/details/structures_files/pymol/4463_9qfk_A_H.py,,data/filtered/details/structures_files/assembly/9qfk.pdb,"Heteromer, 14 proteins."
4464,9qfk,data/filtered/details/structures_files/pymol/4464_9qfk_A_I.py,,data/filtered/details/structures_files/assembly/9qfk.pdb,"Heteromer, 14 proteins."
4465,9qfk,data/filtered/details/structures_files/pymol/4465_9qfk_A_J.py,,data/filtered/details/structures_files/assembly/9qfk.pdb,"Heteromer, 14 proteins."
4468,8viz,data/filtered/details/structures_files/pymol/4468_8viz_D_E.py,,data/filtered/details/structures_files/assembly/8viz.pdb,"Heteromer, 7 proteins."
4469,8viz,data/filtered/details/structures_files/pymol/4469_8viz_D_F.py,,data/filtered/details/structures_files/assembly/8viz.pdb,"Heteromer, 7 proteins."
4470,8viz,data/filtered/details/structures_files/pymol/4470_8viz_D_G.py,,data/filtered/details/structures_files/assembly/8viz.pdb,"Heteromer, 7 proteins."
4473,8f8p,data/filtered/details/structures_files/pymol/4473_8f8p_C_D.py,data/filtered/details/structures_files/assembly/8f8p.cif,,"Homomer, 5 proteins."
4474,8f8p,data/filtered/details/structures_files/pymol/4474_8f8p_C_E.py,data/filtered/details/structures_files/assembly/8f8p.cif,,"Homomer, 5 proteins."
4481,9qfj,data/filtered/details/structures_files/pymol/4481_9qfj_E_I.py,,data/filtered/details/structures_files/assembly/9qfj.pdb,"Heteromer, 10 proteins."
4486,8viz,data/filtered/details/structures_files/pymol/4486_8viz_C_D.py,,data/filtered/details/structures_files/assembly/8viz.pdb,"Heteromer, 7 proteins."
4487,8viz,data/filtered/details/structures_files/pymol/4487_8viz_C_E.py,,data/filtered/details/structures_files/assembly/8viz.pdb,"Heteromer, 7 proteins."
449,9qey,data/filtered/details/structures_files/pymol/449_9qey_A_B.py,,data/filtered/details/structures_files/assembly/9qey.pdb,"Heteromer, 6 proteins."
4490,8f8p,data/filtered/details/structures_files/pymol/4490_8f8p_B_C.py,data/filtered/details/structures_files/assembly/8f8p.cif,,"Homomer, 5 proteins."
4491,8f8p,data/filtered/details/structures_files/pymol/4491_8f8p_B_D.py,data/filtered/details/structures_files/assembly/8f8p.cif,,"Homomer, 5 proteins."
4498,9qfj,data/filtered/details/structures_files/pymol/4498_9qfj_D_H.py,,data/filtered/details/structures_files/assembly/9qfj.pdb,"Heteromer, 10 proteins."
4499,9qfj,data/filtered/details/structures_files/pymol/4499_9qfj_D_J.py,,data/filtered/details/structures_files/assembly/9qfj.pdb,"Heteromer, 10 proteins."
450,9qey,data/filtered/details/structures_files/pymol/450_9qey_A_C.py,,data/filtered/details/structures_files/assembly/9qey.pdb,"Heteromer, 6 proteins."
4502,9qfj,data/filtered/details/structures_files/pymol/4502_9qfj_D_E.py,,data/filtered/details/structures_files/assembly/9qfj.pdb,"Heteromer, 10 proteins."
4504,8viz,data/filtered/details/structures_files/pymol/4504_8viz_B_C.py,,data/filtered/details/structures_files/assembly/8viz.pdb,"Heteromer, 7 proteins."
4505,8viz,data/filtered/details/structures_files/pymol/4505_8viz_B_D.py,,data/filtered/details/structures_files/assembly/8viz.pdb,"Heteromer, 7 proteins."
4506,8f8p,data/filtered/details/structures_files/pymol/4506_8f8p_A_B.py,data/filtered/details/structures_files/assembly/8f8p.cif,,"Homomer, 5 proteins."
4507,8f8p,data/filtered/details/structures_files/pymol/4507_8f8p_A_C.py,data/filtered/details/structures_files/assembly/8f8p.cif,,"Homomer, 5 proteins."
451,9qey,data/filtered/details/structures_files/pymol/451_9qey_A_H.py,,data/filtered/details/structures_files/assembly/9qey.pdb,"Heteromer, 6 proteins."
4514,9qfj,data/filtered/details/structures_files/pymol/4514_9qfj_C_G.py,,data/filtered/details/structures_files/assembly/9qfj.pdb,"Heteromer, 10 proteins."
4515,9qfj,data/filtered/details/structures_files/pymol/4515_9qfj_C_I.py,,data/filtered/details/structures_files/assembly/9qfj.pdb,"Heteromer, 10 proteins."
4518,9qfj,data/filtered/details/structures_files/pymol/4518_9qfj_C_D.py,,data/filtered/details/structures_files/assembly/9qfj.pdb,"Heteromer, 10 proteins."
4519,9qfj,data/filtered/details/structures_files/pymol/4519_9qfj_C_E.py,,data/filtered/details/structures_files/assembly/9qfj.pdb,"Heteromer, 10 proteins."
452,8e9b,data/filtered/details/structures_files/pymol/452_8e9b_O_A.py,,data/filtered/details/structures_files/assembly/8e9b.pdb,"Heteromer, 15 proteins."
4520,8viz,data/filtered/details/structures_files/pymol/4520_8viz_A_B.py,,data/filtered/details/structures_files/assembly/8viz.pdb,"Heteromer, 7 proteins."
4521,8viz,data/filtered/details/structures_files/pymol/4521_8viz_A_C.py,,data/filtered/details/structures_files/assembly/8viz.pdb,"Heteromer, 7 proteins."
453,8e9b,data/filtered/details/structures_files/pymol/453_8e9b_O_C.py,,data/filtered/details/structures_files/assembly/8e9b.pdb,"Heteromer, 15 proteins."
4530,9qfj,data/filtered/details/structures_files/pymol/4530_9qfj_B_F.py,,data/filtered/details/structures_files/assembly/9qfj.pdb,"Heteromer, 10 proteins."
4531,9qfj,data/filtered/details/structures_files/pymol/4531_9qfj_B_H.py,,data/filtered/details/structures_files/assembly/9qfj.pdb,"Heteromer, 10 proteins."
4533,9qfj,data/filtered/details/structures_files/pymol/4533_9qfj_B_C.py,,data/filtered/details/structures_files/assembly/9qfj.pdb,"Heteromer, 10 proteins."
4534,9qfj,data/filtered/details/structures_files/pymol/4534_9qfj_B_D.py,,data/filtered/details/structures_files/assembly/9qfj.pdb,"Heteromer, 10 proteins."
454,8e9b,data/filtered/details/structures_files/pymol/454_8e9b_O_D.py,,data/filtered/details/structures_files/assembly/8e9b.pdb,"Heteromer, 15 proteins."
4540,7uxf,data/filtered/details/structures_files/pymol/4540_7uxf_E_F.py,,data/filtered/details/structures_files/assembly/7uxf.pdb,"Homomer, 6 proteins."
4545,9qfj,data/filtered/details/structures_files/pymol/4545_9qfj_A_G.py,,data/filtered/details/structures_files/assembly/9qfj.pdb,"Heteromer, 10 proteins."
4546,9qfj,data/filtered/details/structures_files/pymol/4546_9qfj_A_B.py,,data/filtered/details/structures_files/assembly/9qfj.pdb,"Heteromer, 10 proteins."
4547,9qfj,data/filtered/details/structures_files/pymol/4547_9qfj_A_C.py,,data/filtered/details/structures_files/assembly/9qfj.pdb,"Heteromer, 10 proteins."
4554,7uxf,data/filtered/details/structures_files/pymol/4554_7uxf_D_E.py,,data/filtered/details/structures_files/assembly/7uxf.pdb,"Homomer, 6 proteins."
4555,7uxf,data/filtered/details/structures_files/pymol/4555_7uxf_D_F.py,,data/filtered/details/structures_files/assembly/7uxf.pdb,"Homomer, 6 proteins."
4560,9qfg,data/filtered/details/structures_files/pymol/4560_9qfg_G_N.py,,data/filtered/details/structures_files/assembly/9qfg.pdb,"Heteromer, 14 proteins."
4561,9qfg,data/filtered/details/structures_files/pymol/4561_9qfg_G_K.py,,data/filtered/details/structures_files/assembly/9qfg.pdb,"Heteromer, 14 proteins."
4569,7uxf,data/filtered/details/structures_files/pymol/4569_7uxf_C_D.py,,data/filtered/details/structures_files/assembly/7uxf.pdb,"Homomer, 6 proteins."
457,8e9b,data/filtered/details/structures_files/pymol/457_8e9b_O_P.py,,data/filtered/details/structures_files/assembly/8e9b.pdb,"Heteromer, 15 proteins."
4570,7uxf,data/filtered/details/structures_files/pymol/4570_7uxf_C_E.py,,data/filtered/details/structures_files/assembly/7uxf.pdb,"Homomer, 6 proteins."
4574,9qfg,data/filtered/details/structures_files/pymol/4574_9qfg_F_N.py,,data/filtered/details/structures_files/assembly/9qfg.pdb,"Heteromer, 14 proteins."
4575,9qfg,data/filtered/details/structures_files/pymol/4575_9qfg_F_J.py,,data/filtered/details/structures_files/assembly/9qfg.pdb,"Heteromer, 14 proteins."
4576,9qfg,data/filtered/details/structures_files/pymol/4576_9qfg_F_K.py,,data/filtered/details/structures_files/assembly/9qfg.pdb,"Heteromer, 14 proteins."
4579,9qfg,data/filtered/details/structures_files/pymol/4579_9qfg_F_G.py,,data/filtered/details/structures_files/assembly/9qfg.pdb,"Heteromer, 14 proteins."
458,8e9b,data/filtered/details/structures_files/pymol/458_8e9b_O_Q.py,,data/filtered/details/structures_files/assembly/8e9b.pdb,"Heteromer, 15 proteins."
4584,7uxf,data/filtered/details/structures_files/pymol/4584_7uxf_B_C.py,,data/filtered/details/structures_files/assembly/7uxf.pdb,"Homomer, 6 proteins."
4585,7uxf,data/filtered/details/structures_files/pymol/4585_7uxf_B_D.py,,data/filtered/details/structures_files/assembly/7uxf.pdb,"Homomer, 6 proteins."
459,9sgk,data/filtered/details/structures_files/pymol/459_9sgk_G_H.py,,data/filtered/details/structures_files/assembly/9sgk.pdb,"Heteromer, 5 proteins, 5 peptides."
4594,9qfg,data/filtered/details/structures_files/pymol/4594_9qfg_E_M.py,,data/filtered/details/structures_files/assembly/9qfg.pdb,"Heteromer, 14 proteins."
4595,9qfg,data/filtered/details/structures_files/pymol/4595_9qfg_E_N.py,,data/filtered/details/structures_files/assembly/9qfg.pdb,"Heteromer, 14 proteins."
4596,9qfg,data/filtered/details/structures_files/pymol/4596_9qfg_E_J.py,,data/filtered/details/structures_files/assembly/9qfg.pdb,"Heteromer, 14 proteins."
4597,9qfg,data/filtered/details/structures_files/pymol/4597_9qfg_E_K.py,,data/filtered/details/structures_files/assembly/9qfg.pdb,"Heteromer, 14 proteins."
460,9sgk,data/filtered/details/structures_files/pymol/460_9sgk_G_J.py,,data/filtered/details/structures_files/assembly/9sgk.pdb,"Heteromer, 5 proteins, 5 peptides."
4600,9qfg,data/filtered/details/structures_files/pymol/4600_9qfg_E_F.py,,data/filtered/details/structures_files/assembly/9qfg.pdb,"Heteromer, 14 proteins."
4601,9qfg,data/filtered/details/structures_files/pymol/4601_9qfg_E_G.py,,data/filtered/details/structures_files/assembly/9qfg.pdb,"Heteromer, 14 proteins."
4607,7uxf,data/filtered/details/structures_files/pymol/4607_7uxf_A_B.py,,data/filtered/details/structures_files/assembly/7uxf.pdb,"Homomer, 6 proteins."
4608,7uxf,data/filtered/details/structures_files/pymol/4608_7uxf_A_C.py,,data/filtered/details/structures_files/assembly/7uxf.pdb,"Homomer, 6 proteins."
4615,9qfg,data/filtered/details/structures_files/pymol/4615_9qfg_D_M.py,,data/filtered/details/structures_files/assembly/9qfg.pdb,"Heteromer, 14 proteins."
4616,9qfg,data/filtered/details/structures_files/pymol/4616_9qfg_D_N.py,,data/filtered/details/structures_files/assembly/9qfg.pdb,"Heteromer, 14 proteins."
4617,9qfg,data/filtered/details/structures_files/pymol/4617_9qfg_D_J.py,,data/filtered/details/structures_files/assembly/9qfg.pdb,"Heteromer, 14 proteins."
4620,9qfg,data/filtered/details/structures_files/pymol/4620_9qfg_D_E.py,,data/filtered/details/structures_files/assembly/9qfg.pdb,"Heteromer, 14 proteins."
4621,9qfg,data/filtered/details/structures_files/pymol/4621_9qfg_D_F.py,,data/filtered/details/structures_files/assembly/9qfg.pdb,"Heteromer, 14 proteins."
4629,7utj,data/filtered/details/structures_files/pymol/4629_7utj_F_K.py,,data/filtered/details/structures_files/assembly/7utj.pdb,"Heteromer, 12 proteins."
4634,9qfg,data/filtered/details/structures_files/pymol/4634_9qfg_C_I.py,,data/filtered/details/structures_files/assembly/9qfg.pdb,"Heteromer, 14 proteins."
4635,9qfg,data/filtered/details/structures_files/pymol/4635_9qfg_C_L.py,,data/filtered/details/structures_files/assembly/9qfg.pdb,"Heteromer, 14 proteins."
4636,9qfg,data/filtered/details/structures_files/pymol/4636_9qfg_C_M.py,,data/filtered/details/structures_files/assembly/9qfg.pdb,"Heteromer, 14 proteins."
4637,9qfg,data/filtered/details/structures_files/pymol/4637_9qfg_C_J.py,,data/filtered/details/structures_files/assembly/9qfg.pdb,"Heteromer, 14 proteins."
4640,9qfg,data/filtered/details/structures_files/pymol/4640_9qfg_C_D.py,,data/filtered/details/structures_files/assembly/9qfg.pdb,"Heteromer, 14 proteins."
4641,9qfg,data/filtered/details/structures_files/pymol/4641_9qfg_C_E.py,,data/filtered/details/structures_files/assembly/9qfg.pdb,"Heteromer, 14 proteins."
4648,7utj,data/filtered/details/structures_files/pymol/4648_7utj_E_F.py,,data/filtered/details/structures_files/assembly/7utj.pdb,"Heteromer, 12 proteins."
4649,7utj,data/filtered/details/structures_files/pymol/4649_7utj_E_L.py,,data/filtered/details/structures_files/assembly/7utj.pdb,"Heteromer, 12 proteins."
4650,7utj,data/filtered/details/structures_files/pymol/4650_7utj_E_Z.py,,data/filtered/details/structures_files/assembly/7utj.pdb,"Heteromer, 12 proteins."
4657,9qfg,data/filtered/details/structures_files/pymol/4657_9qfg_B_L.py,,data/filtered/details/structures_files/assembly/9qfg.pdb,"Heteromer, 14 proteins."
4658,9qfg,data/filtered/details/structures_files/pymol/4658_9qfg_B_M.py,,data/filtered/details/structures_files/assembly/9qfg.pdb,"Heteromer, 14 proteins."
4660,9qfg,data/filtered/details/structures_files/pymol/4660_9qfg_B_C.py,,data/filtered/details/structures_files/assembly/9qfg.pdb,"Heteromer, 14 proteins."
4661,9qfg,data/filtered/details/structures_files/pymol/4661_9qfg_B_D.py,,data/filtered/details/structures_files/assembly/9qfg.pdb,"Heteromer, 14 proteins."
4667,7utj,data/filtered/details/structures_files/pymol/4667_7utj_D_E.py,,data/filtered/details/structures_files/assembly/7utj.pdb,"Heteromer, 12 proteins."
4668,7utj,data/filtered/details/structures_files/pymol/4668_7utj_D_F.py,,data/filtered/details/structures_files/assembly/7utj.pdb,"Heteromer, 12 proteins."
4669,7utj,data/filtered/details/structures_files/pymol/4669_7utj_D_I.py,,data/filtered/details/structures_files/assembly/7utj.pdb,"Heteromer, 12 proteins."
4670,7utj,data/filtered/details/structures_files/pymol/4670_7utj_D_K.py,,data/filtered/details/structures_files/assembly/7utj.pdb,"Heteromer, 12 proteins."
4677,9qfg,data/filtered/details/structures_files/pymol/4677_9qfg_A_H.py,,data/filtered/details/structures_files/assembly/9qfg.pdb,"Heteromer, 14 proteins."
4678,9qfg,data/filtered/details/structures_files/pymol/4678_9qfg_A_I.py,,data/filtered/details/structures_files/assembly/9qfg.pdb,"Heteromer, 14 proteins."
4679,9qfg,data/filtered/details/structures_files/pymol/4679_9qfg_A_L.py,,data/filtered/details/structures_files/assembly/9qfg.pdb,"Heteromer, 14 proteins."
4680,9qfg,data/filtered/details/structures_files/pymol/4680_9qfg_A_B.py,,data/filtered/details/structures_files/assembly/9qfg.pdb,"Heteromer, 14 proteins."
4681,9qfg,data/filtered/details/structures_files/pymol/4681_9qfg_A_C.py,,data/filtered/details/structures_files/assembly/9qfg.pdb,"Heteromer, 14 proteins."
4686,7utj,data/filtered/details/structures_files/pymol/4686_7utj_C_D.py,,data/filtered/details/structures_files/assembly/7utj.pdb,"Heteromer, 12 proteins."
4687,7utj,data/filtered/details/structures_files/pymol/4687_7utj_C_E.py,,data/filtered/details/structures_files/assembly/7utj.pdb,"Heteromer, 12 proteins."
4688,7utj,data/filtered/details/structures_files/pymol/4688_7utj_C_H.py,,data/filtered/details/structures_files/assembly/7utj.pdb,"Heteromer, 12 proteins."
4689,7utj,data/filtered/details/structures_files/pymol/4689_7utj_C_Z.py,,data/filtered/details/structures_files/assembly/7utj.pdb,"Heteromer, 12 proteins."
4699,9qfe,data/filtered/details/structures_files/pymol/4699_9qfe_G_K.py,,data/filtered/details/structures_files/assembly/9qfe.pdb,"Heteromer, 14 proteins."
470,8e9b,data/filtered/details/structures_files/pymol/470_8e9b_N_O.py,,data/filtered/details/structures_files/assembly/8e9b.pdb,"Heteromer, 15 proteins."
4700,9qfe,data/filtered/details/structures_files/pymol/4700_9qfe_G_N.py,,data/filtered/details/structures_files/assembly/9qfe.pdb,"Heteromer, 14 proteins."
4705,7utj,data/filtered/details/structures_files/pymol/4705_7utj_B_C.py,,data/filtered/details/structures_files/assembly/7utj.pdb,"Heteromer, 12 proteins."
4706,7utj,data/filtered/details/structures_files/pymol/4706_7utj_B_D.py,,data/filtered/details/structures_files/assembly/7utj.pdb,"Heteromer, 12 proteins."
4707,7utj,data/filtered/details/structures_files/pymol/4707_7utj_B_G.py,,data/filtered/details/structures_files/assembly/7utj.pdb,"Heteromer, 12 proteins."
4708,7utj,data/filtered/details/structures_files/pymol/4708_7utj_B_I.py,,data/filtered/details/structures_files/assembly/7utj.pdb,"Heteromer, 12 proteins."
471,8e9b,data/filtered/details/structures_files/pymol/471_8e9b_N_P.py,,data/filtered/details/structures_files/assembly/8e9b.pdb,"Heteromer, 15 proteins."
4714,9qfe,data/filtered/details/structures_files/pymol/4714_9qfe_F_G.py,,data/filtered/details/structures_files/assembly/9qfe.pdb,"Heteromer, 14 proteins."
4715,9qfe,data/filtered/details/structures_files/pymol/4715_9qfe_F_N.py,,data/filtered/details/structures_files/assembly/9qfe.pdb,"Heteromer, 14 proteins."
4719,7utj,data/filtered/details/structures_files/pymol/4719_7utj_A_B.py,,data/filtered/details/structures_files/assembly/7utj.pdb,"Heteromer, 12 proteins."
472,9sgk,data/filtered/details/structures_files/pymol/472_9sgk_F_H.py,,data/filtered/details/structures_files/assembly/9sgk.pdb,"Heteromer, 5 proteins, 5 peptides."
4720,7utj,data/filtered/details/structures_files/pymol/4720_7utj_A_C.py,,data/filtered/details/structures_files/assembly/7utj.pdb,"Heteromer, 12 proteins."
4721,7utj,data/filtered/details/structures_files/pymol/4721_7utj_A_H.py,,data/filtered/details/structures_files/assembly/7utj.pdb,"Heteromer, 12 proteins."
4725,6iug,data/filtered/details/structures_files/pymol/4725_6iug_D_E.py,,data/filtered/details/structures_files/assembly/6iug.pdb,"Homomer, 5 proteins."
4728,9qfe,data/filtered/details/structures_files/pymol/4728_9qfe_E_F.py,,data/filtered/details/structures_files/assembly/9qfe.pdb,"Heteromer, 14 proteins."
4729,9qfe,data/filtered/details/structures_files/pymol/4729_9qfe_E_G.py,,data/filtered/details/structures_files/assembly/9qfe.pdb,"Heteromer, 14 proteins."
473,9sgk,data/filtered/details/structures_files/pymol/473_9sgk_F_I.py,,data/filtered/details/structures_files/assembly/9sgk.pdb,"Heteromer, 5 proteins, 5 peptides."
4730,9qfe,data/filtered/details/structures_files/pymol/4730_9qfe_E_J.py,,data/filtered/details/structures_files/assembly/9qfe.pdb,"Heteromer, 14 proteins."
4731,9qfe,data/filtered/details/structures_files/pymol/4731_9qfe_E_K.py,,data/filtered/details/structures_files/assembly/9qfe.pdb,"Heteromer, 14 proteins."
4732,9qfe,data/filtered/details/structures_files/pymol/4732_9qfe_E_M.py,,data/filtered/details/structures_files/assembly/9qfe.pdb,"Heteromer, 14 proteins."
4733,9qfe,data/filtered/details/structures_files/pymol/4733_9qfe_E_N.py,,data/filtered/details/structures_files/assembly/9qfe.pdb,"Heteromer, 14 proteins."
474,9sgk,data/filtered/details/structures_files/pymol/474_9sgk_F_J.py,,data/filtered/details/structures_files/assembly/9sgk.pdb,"Heteromer, 5 proteins, 5 peptides."
4744,7uuw,data/filtered/details/structures_files/pymol/4744_7uuw_F_K.py,,data/filtered/details/structures_files/assembly/7uuw.pdb,"Heteromer, 12 proteins."
4748,6iug,data/filtered/details/structures_files/pymol/4748_6iug_C_D.py,,data/filtered/details/structures_files/assembly/6iug.pdb,"Homomer, 5 proteins."
4749,6iug,data/filtered/details/structures_files/pymol/4749_6iug_C_E.py,,data/filtered/details/structures_files/assembly/6iug.pdb,"Homomer, 5 proteins."
4752,9qfe,data/filtered/details/structures_files/pymol/4752_9qfe_D_E.py,,data/filtered/details/structures_files/assembly/9qfe.pdb,"Heteromer, 14 proteins."
4753,9qfe,data/filtered/details/structures_files/pymol/4753_9qfe_D_F.py,,data/filtered/details/structures_files/assembly/9qfe.pdb,"Heteromer, 14 proteins."
4754,9qfe,data/filtered/details/structures_files/pymol/4754_9qfe_D_M.py,,data/filtered/details/structures_files/assembly/9qfe.pdb,"Heteromer, 14 proteins."
4755,9qfe,data/filtered/details/structures_files/pymol/4755_9qfe_D_N.py,,data/filtered/details/structures_files/assembly/9qfe.pdb,"Heteromer, 14 proteins."
4759,8uee,data/filtered/details/structures_files/pymol/4759_8uee_M_B.py,,data/filtered/details/structures_files/assembly/8uee.pdb,"Heteromer, 11 proteins."
4760,8uee,data/filtered/details/structures_files/pymol/4760_8uee_M_A.py,,data/filtered/details/structures_files/assembly/8uee.pdb,"Heteromer, 11 proteins."
4764,7uuw,data/filtered/details/structures_files/pymol/4764_7uuw_E_F.py,,data/filtered/details/structures_files/assembly/7uuw.pdb,"Heteromer, 12 proteins."
4765,7uuw,data/filtered/details/structures_files/pymol/4765_7uuw_E_L.py,,data/filtered/details/structures_files/assembly/7uuw.pdb,"Heteromer, 12 proteins."
4766,7uuw,data/filtered/details/structures_files/pymol/4766_7uuw_E_Z.py,,data/filtered/details/structures_files/assembly/7uuw.pdb,"Heteromer, 12 proteins."
4769,6iug,data/filtered/details/structures_files/pymol/4769_6iug_B_C.py,,data/filtered/details/structures_files/assembly/6iug.pdb,"Homomer, 5 proteins."
477,8d17,data/filtered/details/structures_files/pymol/477_8d17_F_G.py,,data/filtered/details/structures_files/assembly/8d17.pdb,"Homomer, 7 proteins."
4770,6iug,data/filtered/details/structures_files/pymol/4770_6iug_B_D.py,,data/filtered/details/structures_files/assembly/6iug.pdb,"Homomer, 5 proteins."
484,9qew,data/filtered/details/structures_files/pymol/484_9qew_D_E.py,,data/filtered/details/structures_files/assembly/9qew.pdb,"Homomer, 5 proteins."
485,8e9b,data/filtered/details/structures_files/pymol/485_8e9b_M_E.py,,data/filtered/details/structures_files/assembly/8e9b.pdb,"Heteromer, 15 proteins."
486,8e9b,data/filtered/details/structures_files/pymol/486_8e9b_M_N.py,,data/filtered/details/structures_files/assembly/8e9b.pdb,"Heteromer, 15 proteins."
487,8e9b,data/filtered/details/structures_files/pymol/487_8e9b_M_O.py,,data/filtered/details/structures_files/assembly/8e9b.pdb,"Heteromer, 15 proteins."
488,9qgk,data/filtered/details/structures_files/pymol/488_9qgk_J_B.py,,data/filtered/details/structures_files/assembly/9qgk.pdb,"Heteromer, 10 proteins, 3 peptides."
489,9qgk,data/filtered/details/structures_files/pymol/489_9qgk_J_D.py,,data/filtered/details/structures_files/assembly/9qgk.pdb,"Heteromer, 10 proteins, 3 peptides."
495,8d17,data/filtered/details/structures_files/pymol/495_8d17_E_F.py,,data/filtered/details/structures_files/assembly/8d17.pdb,"Homomer, 7 proteins."
496,8d17,data/filtered/details/structures_files/pymol/496_8d17_E_G.py,,data/filtered/details/structures_files/assembly/8d17.pdb,"Homomer, 7 proteins."
5,9qfe,data/filtered/details/structures_files/pymol/5_9qfe_C_I.py,,data/filtered/details/structures_files/assembly/9qfe.pdb,"Heteromer, 14 proteins."
50,9qfe,data/filtered/details/structures_files/pymol/50_9qfe_A_B.py,,data/filtered/details/structures_files/assembly/9qfe.pdb,"Heteromer, 14 proteins."
501,9qew,data/filtered/details/structures_files/pymol/501_9qew_B_D.py,,data/filtered/details/structures_files/assembly/9qew.pdb,"Homomer, 5 proteins."
504,9qgk,data/filtered/details/structures_files/pymol/504_9qgk_I_A.py,,data/filtered/details/structures_files/assembly/9qgk.pdb,"Heteromer, 10 proteins, 3 peptides."
509,8d17,data/filtered/details/structures_files/pymol/509_8d17_D_E.py,,data/filtered/details/structures_files/assembly/8d17.pdb,"Homomer, 7 proteins."
51,9qfe,data/filtered/details/structures_files/pymol/51_9qfe_A_C.py,,data/filtered/details/structures_files/assembly/9qfe.pdb,"Heteromer, 14 proteins."
510,8d17,data/filtered/details/structures_files/pymol/510_8d17_D_F.py,,data/filtered/details/structures_files/assembly/8d17.pdb,"Homomer, 7 proteins."
514,9qew,data/filtered/details/structures_files/pymol/514_9qew_A_B.py,,data/filtered/details/structures_files/assembly/9qew.pdb,"Homomer, 5 proteins."
517,8a2z,data/filtered/details/structures_files/pymol/517_8a2z_D_E.py,,data/filtered/details/structures_files/assembly/8a2z.pdb,"Homomer, 5 proteins."
518,9qgk,data/filtered/details/structures_files/pymol/518_9qgk_H_A.py,,data/filtered/details/structures_files/assembly/9qgk.pdb,"Heteromer, 10 proteins, 3 peptides."
519,9qgk,data/filtered/details/structures_files/pymol/519_9qgk_H_C.py,,data/filtered/details/structures_files/assembly/9qgk.pdb,"Heteromer, 10 proteins, 3 peptides."
52,9qfe,data/filtered/details/structures_files/pymol/52_9qfe_A_H.py,,data/filtered/details/structures_files/assembly/9qfe.pdb,"Heteromer, 14 proteins."
522,9qgk,data/filtered/details/structures_files/pymol/522_9qgk_H_I.py,,data/filtered/details/structures_files/assembly/9qgk.pdb,"Heteromer, 10 proteins, 3 peptides."
523,9qgk,data/filtered/details/structures_files/pymol/523_9qgk_H_J.py,,data/filtered/details/structures_files/assembly/9qgk.pdb,"Heteromer, 10 proteins, 3 peptides."
526,8d17,data/filtered/details/structures_files/pymol/526_8d17_C_D.py,,data/filtered/details/structures_files/assembly/8d17.pdb,"Homomer, 7 proteins."
527,8d17,data/filtered/details/structures_files/pymol/527_8d17_C_E.py,,data/filtered/details/structures_files/assembly/8d17.pdb,"Homomer, 7 proteins."
53,9qfe,data/filtered/details/structures_files/pymol/53_9qfe_A_I.py,,data/filtered/details/structures_files/assembly/9qfe.pdb,"Heteromer, 14 proteins."
533,9qew,data/filtered/details/structures_files/pymol/533_9qew_C_A.py,,data/filtered/details/structures_files/assembly/9qew.pdb,"Homomer, 5 proteins."
534,9qew,data/filtered/details/structures_files/pymol/534_9qew_C_B.py,,data/filtered/details/structures_files/assembly/9qew.pdb,"Homomer, 5 proteins."
535,9qew,data/filtered/details/structures_files/pymol/535_9qew_C_D.py,,data/filtered/details/structures_files/assembly/9qew.pdb,"Homomer, 5 proteins."
536,9qew,data/filtered/details/structures_files/pymol/536_9qew_C_E.py,,data/filtered/details/structures_files/assembly/9qew.pdb,"Homomer, 5 proteins."
539,8a2z,data/filtered/details/structures_files/pymol/539_8a2z_B_D.py,,data/filtered/details/structures_files/assembly/8a2z.pdb,"Homomer, 5 proteins."
54,9qfe,data/filtered/details/structures_files/pymol/54_9qfe_A_L.py,,data/filtered/details/structures_files/assembly/9qfe.pdb,"Heteromer, 14 proteins."
540,9qgk,data/filtered/details/structures_files/pymol/540_9qgk_G_C.py,,data/filtered/details/structures_files/assembly/9qgk.pdb,"Heteromer, 10 proteins, 3 peptides."
541,9qgk,data/filtered/details/structures_files/pymol/541_9qgk_G_E.py,,data/filtered/details/structures_files/assembly/9qgk.pdb,"Heteromer, 10 proteins, 3 peptides."
542,9qgk,data/filtered/details/structures_files/pymol/542_9qgk_G_H.py,,data/filtered/details/structures_files/assembly/9qgk.pdb,"Heteromer, 10 proteins, 3 peptides."
543,9qgk,data/filtered/details/structures_files/pymol/543_9qgk_G_J.py,,data/filtered/details/structures_files/assembly/9qgk.pdb,"Heteromer, 10 proteins, 3 peptides."
545,8d17,data/filtered/details/structures_files/pymol/545_8d17_B_C.py,,data/filtered/details/structures_files/assembly/8d17.pdb,"Homomer, 7 proteins."
546,8d17,data/filtered/details/structures_files/pymol/546_8d17_B_D.py,,data/filtered/details/structures_files/assembly/8d17.pdb,"Homomer, 7 proteins."
552,5ogw,data/filtered/details/structures_files/pymol/552_5ogw_D_E.py,,data/filtered/details/structures_files/assembly/5ogw.pdb,"Homomer, 5 proteins."
555,8a2z,data/filtered/details/structures_files/pymol/555_8a2z_A_B.py,,data/filtered/details/structures_files/assembly/8a2z.pdb,"Homomer, 5 proteins."
556,9qgk,data/filtered/details/structures_files/pymol/556_9qgk_F_B.py,,data/filtered/details/structures_files/assembly/9qgk.pdb,"Heteromer, 10 proteins, 3 peptides."
557,9qgk,data/filtered/details/structures_files/pymol/557_9qgk_F_H.py,,data/filtered/details/structures_files/assembly/9qgk.pdb,"Heteromer, 10 proteins, 3 peptides."
558,9qgk,data/filtered/details/structures_files/pymol/558_9qgk_F_I.py,,data/filtered/details/structures_files/assembly/9qgk.pdb,"Heteromer, 10 proteins, 3 peptides."
559,9qgk,data/filtered/details/structures_files/pymol/559_9qgk_F_J.py,,data/filtered/details/structures_files/assembly/9qgk.pdb,"Heteromer, 10 proteins, 3 peptides."
560,8d17,data/filtered/details/structures_files/pymol/560_8d17_A_B.py,,data/filtered/details/structures_files/assembly/8d17.pdb,"Homomer, 7 proteins."
561,8d17,data/filtered/details/structures_files/pymol/561_8d17_A_C.py,,data/filtered/details/structures_files/assembly/8d17.pdb,"Homomer, 7 proteins."
565,5ogw,data/filtered/details/structures_files/pymol/565_5ogw_C_E.py,,data/filtered/details/structures_files/assembly/5ogw.pdb,"Homomer, 5 proteins."
567,8a2z,data/filtered/details/structures_files/pymol/567_8a2z_C_A.py,,data/filtered/details/structures_files/assembly/8a2z.pdb,"Homomer, 5 proteins."
568,8a2z,data/filtered/details/structures_files/pymol/568_8a2z_C_B.py,,data/filtered/details/structures_files/assembly/8a2z.pdb,"Homomer, 5 proteins."
569,8a2z,data/filtered/details/structures_files/pymol/569_8a2z_C_D.py,,data/filtered/details/structures_files/assembly/8a2z.pdb,"Homomer, 5 proteins."
570,8a2z,data/filtered/details/structures_files/pymol/570_8a2z_C_E.py,,data/filtered/details/structures_files/assembly/8a2z.pdb,"Homomer, 5 proteins."
573,9y9p,data/filtered/details/structures_files/pymol/573_9y9p_E_c.py,,data/filtered/details/structures_files/assembly/9y9p.pdb,"Heteromer, 10 proteins."
574,9y9p,data/filtered/details/structures_files/pymol/574_9y9p_E_e.py,,data/filtered/details/structures_files/assembly/9y9p.pdb,"Heteromer, 10 proteins."
58,8uee,data/filtered/details/structures_files/pymol/58_8uee_J_K.py,,data/filtered/details/structures_files/assembly/8uee.pdb,"Heteromer, 11 proteins."
581,5ogw,data/filtered/details/structures_files/pymol/581_5ogw_B_D.py,,data/filtered/details/structures_files/assembly/5ogw.pdb,"Homomer, 5 proteins."
587,9y9p,data/filtered/details/structures_files/pymol/587_9y9p_D_E.py,,data/filtered/details/structures_files/assembly/9y9p.pdb,"Heteromer, 10 proteins."
588,9y9p,data/filtered/details/structures_files/pymol/588_9y9p_D_b.py,,data/filtered/details/structures_files/assembly/9y9p.pdb,"Heteromer, 10 proteins."
589,9y9p,data/filtered/details/structures_files/pymol/589_9y9p_D_d.py,,data/filtered/details/structures_files/assembly/9y9p.pdb,"Heteromer, 10 proteins."
59,8uee,data/filtered/details/structures_files/pymol/59_8uee_J_C.py,,data/filtered/details/structures_files/assembly/8uee.pdb,"Heteromer, 11 proteins."
592,8d15,data/filtered/details/structures_files/pymol/592_8d15_F_G.py,,data/filtered/details/structures_files/assembly/8d15.pdb,"Homomer, 7 proteins."
595,5ogw,data/filtered/details/structures_files/pymol/595_5ogw_A_B.py,,data/filtered/details/structures_files/assembly/5ogw.pdb,"Homomer, 5 proteins."
596,5ogw,data/filtered/details/structures_files/pymol/596_5ogw_A_C.py,,data/filtered/details/structures_files/assembly/5ogw.pdb,"Homomer, 5 proteins."
597,5ogw,data/filtered/details/structures_files/pymol/597_5ogw_A_D.py,,data/filtered/details/structures_files/assembly/5ogw.pdb,"Homomer, 5 proteins."
598,5ogw,data/filtered/details/structures_files/pymol/598_5ogw_A_E.py,,data/filtered/details/structures_files/assembly/5ogw.pdb,"Homomer, 5 proteins."
6,9qfe,data/filtered/details/structures_files/pymol/6_9qfe_C_J.py,,data/filtered/details/structures_files/assembly/9qfe.pdb,"Heteromer, 14 proteins."
60,8uee,data/filtered/details/structures_files/pymol/60_8uee_J_D.py,,data/filtered/details/structures_files/assembly/8uee.pdb,"Heteromer, 11 proteins."
603,8a2y,data/filtered/details/structures_files/pymol/603_8a2y_D_E.py,,data/filtered/details/structures_files/assembly/8a2y.pdb,"Homomer, 5 proteins."
606,9y9p,data/filtered/details/structures_files/pymol/606_9y9p_C_D.py,,data/filtered/details/structures_files/assembly/9y9p.pdb,"Heteromer, 10 proteins."
607,9y9p,data/filtered/details/structures_files/pymol/607_9y9p_C_E.py,,data/filtered/details/structures_files/assembly/9y9p.pdb,"Heteromer, 10 proteins."
608,9y9p,data/filtered/details/structures_files/pymol/608_9y9p_C_a.py,,data/filtered/details/structures_files/assembly/9y9p.pdb,"Heteromer, 10 proteins."
609,9y9p,data/filtered/details/structures_files/pymol/609_9y9p_C_c.py,,data/filtered/details/structures_files/assembly/9y9p.pdb,"Heteromer, 10 proteins."
612,8d15,data/filtered/details/structures_files/pymol/612_8d15_E_F.py,,data/filtered/details/structures_files/assembly/8d15.pdb,"Homomer, 7 proteins."
613,8d15,data/filtered/details/structures_files/pymol/613_8d15_E_G.py,,data/filtered/details/structures_files/assembly/8d15.pdb,"Homomer, 7 proteins."
620,8a2y,data/filtered/details/structures_files/pymol/620_8a2y_B_D.py,,data/filtered/details/structures_files/assembly/8a2y.pdb,"Homomer, 5 proteins."
622,9y9p,data/filtered/details/structures_files/pymol/622_9y9p_B_C.py,,data/filtered/details/structures_files/assembly/9y9p.pdb,"Heteromer, 10 proteins."
623,9y9p,data/filtered/details/structures_files/pymol/623_9y9p_B_D.py,,data/filtered/details/structures_files/assembly/9y9p.pdb,"Heteromer, 10 proteins."
624,9y9p,data/filtered/details/structures_files/pymol/624_9y9p_B_b.py,,data/filtered/details/structures_files/assembly/9y9p.pdb,"Heteromer, 10 proteins."
627,8d15,data/filtered/details/structures_files/pymol/627_8d15_D_E.py,,data/filtered/details/structures_files/assembly/8d15.pdb,"Homomer, 7 proteins."
628,8d15,data/filtered/details/structures_files/pymol/628_8d15_D_F.py,,data/filtered/details/structures_files/assembly/8d15.pdb,"Homomer, 7 proteins."
633,6tu4,data/filtered/details/structures_files/pymol/633_6tu4_D_F.py,,data/filtered/details/structures_files/assembly/6tu4.pdb,"Homomer, 5 proteins."
638,8a2y,data/filtered/details/structures_files/pymol/638_8a2y_A_B.py,,data/filtered/details/structures_files/assembly/8a2y.pdb,"Homomer, 5 proteins."
639,9y9p,data/filtered/details/structures_files/pymol/639_9y9p_A_B.py,,data/filtered/details/structures_files/assembly/9y9p.pdb,"Heteromer, 10 proteins."
64,7uuw,data/filtered/details/structures_files/pymol/64_7uuw_B_C.py,,data/filtered/details/structures_files/assembly/7uuw.pdb,"Heteromer, 12 proteins."
640,9y9p,data/filtered/details/structures_files/pymol/640_9y9p_A_C.py,,data/filtered/details/structures_files/assembly/9y9p.pdb,"Heteromer, 10 proteins."
641,9y9p,data/filtered/details/structures_files/pymol/641_9y9p_A_a.py,,data/filtered/details/structures_files/assembly/9y9p.pdb,"Heteromer, 10 proteins."
644,8d15,data/filtered/details/structures_files/pymol/644_8d15_C_D.py,,data/filtered/details/structures_files/assembly/8d15.pdb,"Homomer, 7 proteins."
645,8d15,data/filtered/details/structures_files/pymol/645_8d15_C_E.py,,data/filtered/details/structures_files/assembly/8d15.pdb,"Homomer, 7 proteins."
65,7uuw,data/filtered/details/structures_files/pymol/65_7uuw_B_D.py,,data/filtered/details/structures_files/assembly/7uuw.pdb,"Heteromer, 12 proteins."
652,8a2y,data/filtered/details/structures_files/pymol/652_8a2y_C_A.py,,data/filtered/details/structures_files/assembly/8a2y.pdb,"Homomer, 5 proteins."
653,8a2y,data/filtered/details/structures_files/pymol/653_8a2y_C_B.py,,data/filtered/details/structures_files/assembly/8a2y.pdb,"Homomer, 5 proteins."
654,8a2y,data/filtered/details/structures_files/pymol/654_8a2y_C_D.py,,data/filtered/details/structures_files/assembly/8a2y.pdb,"Homomer, 5 proteins."
655,8a2y,data/filtered/details/structures_files/pymol/655_8a2y_C_E.py,,data/filtered/details/structures_files/assembly/8a2y.pdb,"Homomer, 5 proteins."
658,9y9m,data/filtered/details/structures_files/pymol/658_9y9m_E_Y.py,,data/filtered/details/structures_files/assembly/9y9m.pdb,"Heteromer, 10 proteins."
659,9y9m,data/filtered/details/structures_files/pymol/659_9y9m_E_Z.py,,data/filtered/details/structures_files/assembly/9y9m.pdb,"Heteromer, 10 proteins."
66,7uuw,data/filtered/details/structures_files/pymol/66_7uuw_B_G.py,,data/filtered/details/structures_files/assembly/7uuw.pdb,"Heteromer, 12 proteins."
660,9y9m,data/filtered/details/structures_files/pymol/660_9y9m_E_c.py,,data/filtered/details/structures_files/assembly/9y9m.pdb,"Heteromer, 10 proteins."
662,8d15,data/filtered/details/structures_files/pymol/662_8d15_B_C.py,,data/filtered/details/structures_files/assembly/8d15.pdb,"Homomer, 7 proteins."
663,8d15,data/filtered/details/structures_files/pymol/663_8d15_B_D.py,,data/filtered/details/structures_files/assembly/8d15.pdb,"Homomer, 7 proteins."
666,8v2o,data/filtered/details/structures_files/pymol/666_8v2o_D_E.py,,data/filtered/details/structures_files/assembly/8v2o.pdb,"Homomer, 5 proteins."
668,6tu4,data/filtered/details/structures_files/pymol/668_6tu4_B_C.py,,data/filtered/details/structures_files/assembly/6tu4.pdb,"Homomer, 5 proteins."
669,6tu4,data/filtered/details/structures_files/pymol/669_6tu4_B_D.py,,data/filtered/details/structures_files/assembly/6tu4.pdb,"Homomer, 5 proteins."
67,7uuw,data/filtered/details/structures_files/pymol/67_7uuw_B_I.py,,data/filtered/details/structures_files/assembly/7uuw.pdb,"Heteromer, 12 proteins."
676,9y9m,data/filtered/details/structures_files/pymol/676_9y9m_D_E.py,,data/filtered/details/structures_files/assembly/9y9m.pdb,"Heteromer, 10 proteins."
677,9y9m,data/filtered/details/structures_files/pymol/677_9y9m_D_Y.py,,data/filtered/details/structures_files/assembly/9y9m.pdb,"Heteromer, 10 proteins."
678,9y9m,data/filtered/details/structures_files/pymol/678_9y9m_D_Z.py,,data/filtered/details/structures_files/assembly/9y9m.pdb,"Heteromer, 10 proteins."
679,9y9m,data/filtered/details/structures_files/pymol/679_9y9m_D_b.py,,data/filtered/details/structures_files/assembly/9y9m.pdb,"Heteromer, 10 proteins."
680,8d15,data/filtered/details/structures_files/pymol/680_8d15_A_B.py,,data/filtered/details/structures_files/assembly/8d15.pdb,"Homomer, 7 proteins."
681,8d15,data/filtered/details/structures_files/pymol/681_8d15_A_C.py,,data/filtered/details/structures_files/assembly/8d15.pdb,"Homomer, 7 proteins."
684,8v2o,data/filtered/details/structures_files/pymol/684_8v2o_C_D.py,,data/filtered/details/structures_files/assembly/8v2o.pdb,"Homomer, 5 proteins."
685,8v2o,data/filtered/details/structures_files/pymol/685_8v2o_C_E.py,,data/filtered/details/structures_files/assembly/8v2o.pdb,"Homomer, 5 proteins."
686,6tu4,data/filtered/details/structures_files/pymol/686_6tu4_A_B.py,,data/filtered/details/structures_files/assembly/6tu4.pdb,"Homomer, 5 proteins."
687,6tu4,data/filtered/details/structures_files/pymol/687_6tu4_A_C.py,,data/filtered/details/structures_files/assembly/6tu4.pdb,"Homomer, 5 proteins."
688,6tu4,data/filtered/details/structures_files/pymol/688_6tu4_A_D.py,,data/filtered/details/structures_files/assembly/6tu4.pdb,"Homomer, 5 proteins."
689,6tu4,data/filtered/details/structures_files/pymol/689_6tu4_A_F.py,,data/filtered/details/structures_files/assembly/6tu4.pdb,"Homomer, 5 proteins."
695,8a2u,data/filtered/details/structures_files/pymol/695_8a2u_D_E.py,,data/filtered/details/structures_files/assembly/8a2u.pdb,"Homomer, 5 proteins."
698,9y9m,data/filtered/details/structures_files/pymol/698_9y9m_C_D.py,,data/filtered/details/structures_files/assembly/9y9m.pdb,"Heteromer, 10 proteins."
699,9y9m,data/filtered/details/structures_files/pymol/699_9y9m_C_E.py,,data/filtered/details/structures_files/assembly/9y9m.pdb,"Heteromer, 10 proteins."
7,9qfe,data/filtered/details/structures_files/pymol/7_9qfe_C_L.py,,data/filtered/details/structures_files/assembly/9qfe.pdb,"Heteromer, 14 proteins."
700,9y9m,data/filtered/details/structures_files/pymol/700_9y9m_C_a.py,,data/filtered/details/structures_files/assembly/9y9m.pdb,"Heteromer, 10 proteins."
701,9y9m,data/filtered/details/structures_files/pymol/701_9y9m_C_c.py,,data/filtered/details/structures_files/assembly/9y9m.pdb,"Heteromer, 10 proteins."
705,8v2o,data/filtered/details/structures_files/pymol/705_8v2o_B_C.py,,data/filtered/details/structures_files/assembly/8v2o.pdb,"Homomer, 5 proteins."
706,8v2o,data/filtered/details/structures_files/pymol/706_8v2o_B_D.py,,data/filtered/details/structures_files/assembly/8v2o.pdb,"Homomer, 5 proteins."
715,8a2u,data/filtered/details/structures_files/pymol/715_8a2u_B_D.py,,data/filtered/details/structures_files/assembly/8a2u.pdb,"Homomer, 5 proteins."
717,9y9m,data/filtered/details/structures_files/pymol/717_9y9m_B_C.py,,data/filtered/details/structures_files/assembly/9y9m.pdb,"Heteromer, 10 proteins."
718,9y9m,data/filtered/details/structures_files/pymol/718_9y9m_B_D.py,,data/filtered/details/structures_files/assembly/9y9m.pdb,"Heteromer, 10 proteins."
719,9y9m,data/filtered/details/structures_files/pymol/719_9y9m_B_b.py,,data/filtered/details/structures_files/assembly/9y9m.pdb,"Heteromer, 10 proteins."
722,8v2o,data/filtered/details/structures_files/pymol/722_8v2o_A_B.py,,data/filtered/details/structures_files/assembly/8v2o.pdb,"Homomer, 5 proteins."
723,8v2o,data/filtered/details/structures_files/pymol/723_8v2o_A_C.py,,data/filtered/details/structures_files/assembly/8v2o.pdb,"Homomer, 5 proteins."
73,9qfd,data/filtered/details/structures_files/pymol/73_9qfd_G_N.py,,data/filtered/details/structures_files/assembly/9qfd.pdb,"Heteromer, 14 proteins."
730,8a2u,data/filtered/details/structures_files/pymol/730_8a2u_A_B.py,,data/filtered/details/structures_files/assembly/8a2u.pdb,"Homomer, 5 proteins."
731,9y9m,data/filtered/details/structures_files/pymol/731_9y9m_A_B.py,,data/filtered/details/structures_files/assembly/9y9m.pdb,"Heteromer, 10 proteins."
732,9y9m,data/filtered/details/structures_files/pymol/732_9y9m_A_C.py,,data/filtered/details/structures_files/assembly/9y9m.pdb,"Heteromer, 10 proteins."
733,9y9m,data/filtered/details/structures_files/pymol/733_9y9m_A_a.py,,data/filtered/details/structures_files/assembly/9y9m.pdb,"Heteromer, 10 proteins."
741,8a2u,data/filtered/details/structures_files/pymol/741_8a2u_C_A.py,,data/filtered/details/structures_files/assembly/8a2u.pdb,"Homomer, 5 proteins."
742,8a2u,data/filtered/details/structures_files/pymol/742_8a2u_C_B.py,,data/filtered/details/structures_files/assembly/8a2u.pdb,"Homomer, 5 proteins."
743,8a2u,data/filtered/details/structures_files/pymol/743_8a2u_C_D.py,,data/filtered/details/structures_files/assembly/8a2u.pdb,"Homomer, 5 proteins."
744,8a2u,data/filtered/details/structures_files/pymol/744_8a2u_C_E.py,,data/filtered/details/structures_files/assembly/8a2u.pdb,"Homomer, 5 proteins."
747,9y9l,data/filtered/details/structures_files/pymol/747_9y9l_E_Y.py,,data/filtered/details/structures_files/assembly/9y9l.pdb,"Heteromer, 11 proteins."
748,9y9l,data/filtered/details/structures_files/pymol/748_9y9l_E_Z.py,,data/filtered/details/structures_files/assembly/9y9l.pdb,"Heteromer, 11 proteins."
749,9y9l,data/filtered/details/structures_files/pymol/749_9y9l_E_c.py,,data/filtered/details/structures_files/assembly/9y9l.pdb,"Heteromer, 11 proteins."
75,8uee,data/filtered/details/structures_files/pymol/75_8uee_I_J.py,,data/filtered/details/structures_files/assembly/8uee.pdb,"Heteromer, 11 proteins."
76,8uee,data/filtered/details/structures_files/pymol/76_8uee_I_K.py,,data/filtered/details/structures_files/assembly/8uee.pdb,"Heteromer, 11 proteins."
763,9y9l,data/filtered/details/structures_files/pymol/763_9y9l_D_E.py,,data/filtered/details/structures_files/assembly/9y9l.pdb,"Heteromer, 11 proteins."
764,9y9l,data/filtered/details/structures_files/pymol/764_9y9l_D_Y.py,,data/filtered/details/structures_files/assembly/9y9l.pdb,"Heteromer, 11 proteins."
765,9y9l,data/filtered/details/structures_files/pymol/765_9y9l_D_b.py,,data/filtered/details/structures_files/assembly/9y9l.pdb,"Heteromer, 11 proteins."
766,9y9l,data/filtered/details/structures_files/pymol/766_9y9l_D_d.py,,data/filtered/details/structures_files/assembly/9y9l.pdb,"Heteromer, 11 proteins."
77,8uee,data/filtered/details/structures_files/pymol/77_8uee_I_M.py,,data/filtered/details/structures_files/assembly/8uee.pdb,"Heteromer, 11 proteins."
771,9zbp,data/filtered/details/structures_files/pymol/771_9zbp_E_F.py,,data/filtered/details/structures_files/assembly/9zbp.pdb,"Heteromer, 10 proteins."
777,8a2t,data/filtered/details/structures_files/pymol/777_8a2t_D_E.py,,data/filtered/details/structures_files/assembly/8a2t.pdb,"Homomer, 5 proteins."
78,8uee,data/filtered/details/structures_files/pymol/78_8uee_I_C.py,,data/filtered/details/structures_files/assembly/8uee.pdb,"Heteromer, 11 proteins."
780,9y9l,data/filtered/details/structures_files/pymol/780_9y9l_C_D.py,,data/filtered/details/structures_files/assembly/9y9l.pdb,"Heteromer, 11 proteins."
781,9y9l,data/filtered/details/structures_files/pymol/781_9y9l_C_E.py,,data/filtered/details/structures_files/assembly/9y9l.pdb,"Heteromer, 11 proteins."
782,9y9l,data/filtered/details/structures_files/pymol/782_9y9l_C_a.py,,data/filtered/details/structures_files/assembly/9y9l.pdb,"Heteromer, 11 proteins."
783,9y9l,data/filtered/details/structures_files/pymol/783_9y9l_C_c.py,,data/filtered/details/structures_files/assembly/9y9l.pdb,"Heteromer, 11 proteins."
788,9zbp,data/filtered/details/structures_files/pymol/788_9zbp_D_E.py,,data/filtered/details/structures_files/assembly/9zbp.pdb,"Heteromer, 10 proteins."
789,9zbp,data/filtered/details/structures_files/pymol/789_9zbp_D_F.py,,data/filtered/details/structures_files/assembly/9zbp.pdb,"Heteromer, 10 proteins."
79,8uee,data/filtered/details/structures_files/pymol/79_8uee_I_D.py,,data/filtered/details/structures_files/assembly/8uee.pdb,"Heteromer, 11 proteins."
792,7aln,data/filtered/details/structures_files/pymol/792_7aln_D_E.py,,data/filtered/details/structures_files/assembly/7aln.pdb,"Heteromer, 6 proteins."
798,8a2t,data/filtered/details/structures_files/pymol/798_8a2t_B_D.py,,data/filtered/details/structures_files/assembly/8a2t.pdb,"Homomer, 5 proteins."
8,9qfe,data/filtered/details/structures_files/pymol/8_9qfe_C_M.py,,data/filtered/details/structures_files/assembly/9qfe.pdb,"Heteromer, 14 proteins."
80,8uee,data/filtered/details/structures_files/pymol/80_8uee_I_A.py,,data/filtered/details/structures_files/assembly/8uee.pdb,"Heteromer, 11 proteins."
800,9y9l,data/filtered/details/structures_files/pymol/800_9y9l_B_C.py,,data/filtered/details/structures_files/assembly/9y9l.pdb,"Heteromer, 11 proteins."
801,9y9l,data/filtered/details/structures_files/pymol/801_9y9l_B_D.py,,data/filtered/details/structures_files/assembly/9y9l.pdb,"Heteromer, 11 proteins."
802,9y9l,data/filtered/details/structures_files/pymol/802_9y9l_B_b.py,,data/filtered/details/structures_files/assembly/9y9l.pdb,"Heteromer, 11 proteins."
807,9zbp,data/filtered/details/structures_files/pymol/807_9zbp_C_D.py,,data/filtered/details/structures_files/assembly/9zbp.pdb,"Heteromer, 10 proteins."
808,9zbp,data/filtered/details/structures_files/pymol/808_9zbp_C_E.py,,data/filtered/details/structures_files/assembly/9zbp.pdb,"Heteromer, 10 proteins."
810,7aln,data/filtered/details/structures_files/pymol/810_7aln_C_E.py,,data/filtered/details/structures_files/assembly/7aln.pdb,"Heteromer, 6 proteins."
811,7aln,data/filtered/details/structures_files/pymol/811_7aln_C_F.py,,data/filtered/details/structures_files/assembly/7aln.pdb,"Heteromer, 6 proteins."
815,8a2t,data/filtered/details/structures_files/pymol/815_8a2t_A_B.py,,data/filtered/details/structures_files/assembly/8a2t.pdb,"Homomer, 5 proteins."
816,9y9l,data/filtered/details/structures_files/pymol/816_9y9l_A_B.py,,data/filtered/details/structures_files/assembly/9y9l.pdb,"Heteromer, 11 proteins."
817,9y9l,data/filtered/details/structures_files/pymol/817_9y9l_A_C.py,,data/filtered/details/structures_files/assembly/9y9l.pdb,"Heteromer, 11 proteins."
818,9y9l,data/filtered/details/structures_files/pymol/818_9y9l_A_a.py,,data/filtered/details/structures_files/assembly/9y9l.pdb,"Heteromer, 11 proteins."
823,9zbp,data/filtered/details/structures_files/pymol/823_9zbp_B_C.py,,data/filtered/details/structures_files/assembly/9zbp.pdb,"Heteromer, 10 proteins."
824,9zbp,data/filtered/details/structures_files/pymol/824_9zbp_B_D.py,,data/filtered/details/structures_files/assembly/9zbp.pdb,"Heteromer, 10 proteins."
826,7aln,data/filtered/details/structures_files/pymol/826_7aln_B_D.py,,data/filtered/details/structures_files/assembly/7aln.pdb,"Heteromer, 6 proteins."
83,7uuw,data/filtered/details/structures_files/pymol/83_7uuw_A_B.py,,data/filtered/details/structures_files/assembly/7uuw.pdb,"Heteromer, 12 proteins."
830,8a2t,data/filtered/details/structures_files/pymol/830_8a2t_C_A.py,,data/filtered/details/structures_files/assembly/8a2t.pdb,"Homomer, 5 proteins."
831,8a2t,data/filtered/details/structures_files/pymol/831_8a2t_C_B.py,,data/filtered/details/structures_files/assembly/8a2t.pdb,"Homomer, 5 proteins."
832,8a2t,data/filtered/details/structures_files/pymol/832_8a2t_C_D.py,,data/filtered/details/structures_files/assembly/8a2t.pdb,"Homomer, 5 proteins."
833,8a2t,data/filtered/details/structures_files/pymol/833_8a2t_C_E.py,,data/filtered/details/structures_files/assembly/8a2t.pdb,"Homomer, 5 proteins."
836,9y9j,data/filtered/details/structures_files/pymol/836_9y9j_E_c.py,,data/filtered/details/structures_files/assembly/9y9j.pdb,"Heteromer, 12 proteins."
837,9y9j,data/filtered/details/structures_files/pymol/837_9y9j_E_e.py,,data/filtered/details/structures_files/assembly/9y9j.pdb,"Heteromer, 12 proteins."
84,7uuw,data/filtered/details/structures_files/pymol/84_7uuw_A_C.py,,data/filtered/details/structures_files/assembly/7uuw.pdb,"Heteromer, 12 proteins."
841,9zbp,data/filtered/details/structures_files/pymol/841_9zbp_A_B.py,,data/filtered/details/structures_files/assembly/9zbp.pdb,"Heteromer, 10 proteins."
842,9zbp,data/filtered/details/structures_files/pymol/842_9zbp_A_C.py,,data/filtered/details/structures_files/assembly/9zbp.pdb,"Heteromer, 10 proteins."
843,7aln,data/filtered/details/structures_files/pymol/843_7aln_A_B.py,,data/filtered/details/structures_files/assembly/7aln.pdb,"Heteromer, 6 proteins."
844,7aln,data/filtered/details/structures_files/pymol/844_7aln_A_C.py,,data/filtered/details/structures_files/assembly/7aln.pdb,"Heteromer, 6 proteins."
845,7aln,data/filtered/details/structures_files/pymol/845_7aln_A_D.py,,data/filtered/details/structures_files/assembly/7aln.pdb,"Heteromer, 6 proteins."
846,7aln,data/filtered/details/structures_files/pymol/846_7aln_A_E.py,,data/filtered/details/structures_files/assembly/7aln.pdb,"Heteromer, 6 proteins."
847,7aln,data/filtered/details/structures_files/pymol/847_7aln_A_F.py,,data/filtered/details/structures_files/assembly/7aln.pdb,"Heteromer, 6 proteins."
85,7uuw,data/filtered/details/structures_files/pymol/85_7uuw_A_H.py,,data/filtered/details/structures_files/assembly/7uuw.pdb,"Heteromer, 12 proteins."
856,9y9j,data/filtered/details/structures_files/pymol/856_9y9j_D_E.py,,data/filtered/details/structures_files/assembly/9y9j.pdb,"Heteromer, 12 proteins."
857,9y9j,data/filtered/details/structures_files/pymol/857_9y9j_D_b.py,,data/filtered/details/structures_files/assembly/9y9j.pdb,"Heteromer, 12 proteins."
858,9y9j,data/filtered/details/structures_files/pymol/858_9y9j_D_d.py,,data/filtered/details/structures_files/assembly/9y9j.pdb,"Heteromer, 12 proteins."
861,7r94,data/filtered/details/structures_files/pymol/861_7r94_E_G.py,,data/filtered/details/structures_files/assembly/7r94.pdb,"Heteromer, 8 proteins."
869,8a2s,data/filtered/details/structures_files/pymol/869_8a2s_D_E.py,,data/filtered/details/structures_files/assembly/8a2s.pdb,"Homomer, 5 proteins."
872,9y9j,data/filtered/details/structures_files/pymol/872_9y9j_C_D.py,,data/filtered/details/structures_files/assembly/9y9j.pdb,"Heteromer, 12 proteins."
873,9y9j,data/filtered/details/structures_files/pymol/873_9y9j_C_E.py,,data/filtered/details/structures_files/assembly/9y9j.pdb,"Heteromer, 12 proteins."
874,9y9j,data/filtered/details/structures_files/pymol/874_9y9j_C_a.py,,data/filtered/details/structures_files/assembly/9y9j.pdb,"Heteromer, 12 proteins."
875,9y9j,data/filtered/details/structures_files/pymol/875_9y9j_C_c.py,,data/filtered/details/structures_files/assembly/9y9j.pdb,"Heteromer, 12 proteins."
878,7r94,data/filtered/details/structures_files/pymol/878_7r94_D_E.py,,data/filtered/details/structures_files/assembly/7r94.pdb,"Heteromer, 8 proteins."
879,7r94,data/filtered/details/structures_files/pymol/879_7r94_D_H.py,,data/filtered/details/structures_files/assembly/7r94.pdb,"Heteromer, 8 proteins."
886,8a2s,data/filtered/details/structures_files/pymol/886_8a2s_B_D.py,,data/filtered/details/structures_files/assembly/8a2s.pdb,"Homomer, 5 proteins."
888,9y9j,data/filtered/details/structures_files/pymol/888_9y9j_B_C.py,,data/filtered/details/structures_files/assembly/9y9j.pdb,"Heteromer, 12 proteins."
889,9y9j,data/filtered/details/structures_files/pymol/889_9y9j_B_D.py,,data/filtered/details/structures_files/assembly/9y9j.pdb,"Heteromer, 12 proteins."
89,8thy,data/filtered/details/structures_files/pymol/89_8thy_D_E.py,,data/filtered/details/structures_files/assembly/8thy.pdb,"Homomer, 5 proteins."
890,9y9j,data/filtered/details/structures_files/pymol/890_9y9j_B_X.py,,data/filtered/details/structures_files/assembly/9y9j.pdb,"Heteromer, 12 proteins."
891,9y9j,data/filtered/details/structures_files/pymol/891_9y9j_B_b.py,,data/filtered/details/structures_files/assembly/9y9j.pdb,"Heteromer, 12 proteins."
894,7r94,data/filtered/details/structures_files/pymol/894_7r94_A_F.py,,data/filtered/details/structures_files/assembly/7r94.pdb,"Heteromer, 8 proteins."
897,9yim,data/filtered/details/structures_files/pymol/897_9yim_E_Y.py,,data/filtered/details/structures_files/assembly/9yim.pdb,"Heteromer, 7 proteins."
898,9yim,data/filtered/details/structures_files/pymol/898_9yim_E_Z.py,,data/filtered/details/structures_files/assembly/9yim.pdb,"Heteromer, 7 proteins."
907,8a2s,data/filtered/details/structures_files/pymol/907_8a2s_A_B.py,,data/filtered/details/structures_files/assembly/8a2s.pdb,"Homomer, 5 proteins."
908,9y9j,data/filtered/details/structures_files/pymol/908_9y9j_A_B.py,,data/filtered/details/structures_files/assembly/9y9j.pdb,"Heteromer, 12 proteins."
909,9y9j,data/filtered/details/structures_files/pymol/909_9y9j_A_C.py,,data/filtered/details/structures_files/assembly/9y9j.pdb,"Heteromer, 12 proteins."
910,9y9j,data/filtered/details/structures_files/pymol/910_9y9j_A_W.py,,data/filtered/details/structures_files/assembly/9y9j.pdb,"Heteromer, 12 proteins."
911,9y9j,data/filtered/details/structures_files/pymol/911_9y9j_A_X.py,,data/filtered/details/structures_files/assembly/9y9j.pdb,"Heteromer, 12 proteins."
912,9y9j,data/filtered/details/structures_files/pymol/912_9y9j_A_a.py,,data/filtered/details/structures_files/assembly/9y9j.pdb,"Heteromer, 12 proteins."
914,7r94,data/filtered/details/structures_files/pymol/914_7r94_B_A.py,,data/filtered/details/structures_files/assembly/7r94.pdb,"Heteromer, 8 proteins."
915,7r94,data/filtered/details/structures_files/pymol/915_7r94_B_D.py,,data/filtered/details/structures_files/assembly/7r94.pdb,"Heteromer, 8 proteins."
916,7r94,data/filtered/details/structures_files/pymol/916_7r94_B_H.py,,data/filtered/details/structures_files/assembly/7r94.pdb,"Heteromer, 8 proteins."
919,9yim,data/filtered/details/structures_files/pymol/919_9yim_D_E.py,,data/filtered/details/structures_files/assembly/9yim.pdb,"Heteromer, 7 proteins."
92,9qfd,data/filtered/details/structures_files/pymol/92_9qfd_F_G.py,,data/filtered/details/structures_files/assembly/9qfd.pdb,"Heteromer, 14 proteins."
920,9yim,data/filtered/details/structures_files/pymol/920_9yim_D_Y.py,,data/filtered/details/structures_files/assembly/9yim.pdb,"Heteromer, 7 proteins."
921,9yim,data/filtered/details/structures_files/pymol/921_9yim_D_Z.py,,data/filtered/details/structures_files/assembly/9yim.pdb,"Heteromer, 7 proteins."
925,8a2s,data/filtered/details/structures_files/pymol/925_8a2s_C_A.py,,data/filtered/details/structures_files/assembly/8a2s.pdb,"Homomer, 5 proteins."
926,8a2s,data/filtered/details/structures_files/pymol/926_8a2s_C_B.py,,data/filtered/details/structures_files/assembly/8a2s.pdb,"Homomer, 5 proteins."
927,8a2s,data/filtered/details/structures_files/pymol/927_8a2s_C_D.py,,data/filtered/details/structures_files/assembly/8a2s.pdb,"Homomer, 5 proteins."
928,8a2s,data/filtered/details/structures_files/pymol/928_8a2s_C_E.py,,data/filtered/details/structures_files/assembly/8a2s.pdb,"Homomer, 5 proteins."
93,9qfd,data/filtered/details/structures_files/pymol/93_9qfd_F_M.py,,data/filtered/details/structures_files/assembly/9qfd.pdb,"Heteromer, 14 proteins."
931,9y52,data/filtered/details/structures_files/pymol/931_9y52_E_c.py,,data/filtered/details/structures_files/assembly/9y52.pdb,"Heteromer, 11 proteins."
932,9y52,data/filtered/details/structures_files/pymol/932_9y52_E_e.py,,data/filtered/details/structures_files/assembly/9y52.pdb,"Heteromer, 11 proteins."
933,7r94,data/filtered/details/structures_files/pymol/933_7r94_C_B.py,,data/filtered/details/structures_files/assembly/7r94.pdb,"Heteromer, 8 proteins."
934,7r94,data/filtered/details/structures_files/pymol/934_7r94_C_A.py,,data/filtered/details/structures_files/assembly/7r94.pdb,"Heteromer, 8 proteins."
935,7r94,data/filtered/details/structures_files/pymol/935_7r94_C_D.py,,data/filtered/details/structures_files/assembly/7r94.pdb,"Heteromer, 8 proteins."
936,7r94,data/filtered/details/structures_files/pymol/936_7r94_C_E.py,,data/filtered/details/structures_files/assembly/7r94.pdb,"Heteromer, 8 proteins."
937,7r94,data/filtered/details/structures_files/pymol/937_7r94_C_F.py,,data/filtered/details/structures_files/assembly/7r94.pdb,"Heteromer, 8 proteins."
938,7r94,data/filtered/details/structures_files/pymol/938_7r94_C_G.py,,data/filtered/details/structures_files/assembly/7r94.pdb,"Heteromer, 8 proteins."
941,9yim,data/filtered/details/structures_files/pymol/941_9yim_C_D.py,,data/filtered/details/structures_files/assembly/9yim.pdb,"Heteromer, 7 proteins."
942,9yim,data/filtered/details/structures_files/pymol/942_9yim_C_E.py,,data/filtered/details/structures_files/assembly/9yim.pdb,"Heteromer, 7 proteins."
95,8uee,data/filtered/details/structures_files/pymol/95_8uee_H_I.py,,data/filtered/details/structures_files/assembly/8uee.pdb,"Heteromer, 11 proteins."
951,9y52,data/filtered/details/structures_files/pymol/951_9y52_D_E.py,,data/filtered/details/structures_files/assembly/9y52.pdb,"Heteromer, 11 proteins."
952,9y52,data/filtered/details/structures_files/pymol/952_9y52_D_b.py,,data/filtered/details/structures_files/assembly/9y52.pdb,"Heteromer, 11 proteins."
953,9y52,data/filtered/details/structures_files/pymol/953_9y52_D_d.py,,data/filtered/details/structures_files/assembly/9y52.pdb,"Heteromer, 11 proteins."
957,9yim,data/filtered/details/structures_files/pymol/957_9yim_B_C.py,,data/filtered/details/structures_files/assembly/9yim.pdb,"Heteromer, 7 proteins."
958,9yim,data/filtered/details/structures_files/pymol/958_9yim_B_D.py,,data/filtered/details/structures_files/assembly/9yim.pdb,"Heteromer, 7 proteins."
96,8uee,data/filtered/details/structures_files/pymol/96_8uee_H_J.py,,data/filtered/details/structures_files/assembly/8uee.pdb,"Heteromer, 11 proteins."
965,8a2r,data/filtered/details/structures_files/pymol/965_8a2r_D_E.py,,data/filtered/details/structures_files/assembly/8a2r.pdb,"Homomer, 5 proteins."
968,9y52,data/filtered/details/structures_files/pymol/968_9y52_C_D.py,,data/filtered/details/structures_files/assembly/9y52.pdb,"Heteromer, 11 proteins."
969,9y52,data/filtered/details/structures_files/pymol/969_9y52_C_E.py,,data/filtered/details/structures_files/assembly/9y52.pdb,"Heteromer, 11 proteins."
97,8uee,data/filtered/details/structures_files/pymol/97_8uee_H_C.py,,data/filtered/details/structures_files/assembly/8uee.pdb,"Heteromer, 11 proteins."
970,9y52,data/filtered/details/structures_files/pymol/970_9y52_C_a.py,,data/filtered/details/structures_files/assembly/9y52.pdb,"Heteromer, 11 proteins."
971,9y52,data/filtered/details/structures_files/pymol/971_9y52_C_c.py,,data/filtered/details/structures_files/assembly/9y52.pdb,"Heteromer, 11 proteins."
975,7z7i,data/filtered/details/structures_files/pymol/975_7z7i_C_A.py,,data/filtered/details/structures_files/assembly/7z7i.pdb,"Homomer, 5 proteins."
976,9yim,data/filtered/details/structures_files/pymol/976_9yim_A_B.py,,data/filtered/details/structures_files/assembly/9yim.pdb,"Heteromer, 7 proteins."
977,9yim,data/filtered/details/structures_files/pymol/977_9yim_A_C.py,,data/filtered/details/structures_files/assembly/9yim.pdb,"Heteromer, 7 proteins."
98,8uee,data/filtered/details/structures_files/pymol/98_8uee_H_D.py,,data/filtered/details/structures_files/assembly/8uee.pdb,"Heteromer, 11 proteins."
983,8a2r,data/filtered/details/structures_files/pymol/983_8a2r_B_D.py,,data/filtered/details/structures_files/assembly/8a2r.pdb,"Homomer, 5 proteins."
985,9y52,data/filtered/details/structures_files/pymol/985_9y52_B_C.py,,data/filtered/details/structures_files/assembly/9y52.pdb,"Heteromer, 11 proteins."
986,9y52,data/filtered/details/structures_files/pymol/986_9y52_B_D.py,,data/filtered/details/structures_files/assembly/9y52.pdb,"Heteromer, 11 proteins."
987,9y52,data/filtered/details/structures_files/pymol/987_9y52_B_b.py,,data/filtered/details/structures_files/assembly/9y52.pdb,"Heteromer, 11 proteins."
989,7z7i,data/filtered/details/structures_files/pymol/989_7z7i_E_C.py,,data/filtered/details/structures_files/assembly/7z7i.pdb,"Homomer, 5 proteins."
999,8a2r,data/filtered/details/structures_files/pymol/999_8a2r_A_B.py,,data/filtered/details/structures_files/assembly/8a2r.pdb,"Homomer, 5 proteins."
