Mutation,Variant_score,Residue,LocalConfidence,Variant_class,Residue_class,pdb_pos,RSA*Variant_score,aligned
M1A,-4.50187502417964,1,True,mild,sensitive,1,-0.0,True
M1C,-4.50187502417964,1,True,mild,sensitive,1,-0.0,True
M1D,-4.50187502417964,1,True,mild,sensitive,1,-0.0,True
M1E,-4.50187502417964,1,True,mild,sensitive,1,-0.0,True
M1F,-4.50187502417964,1,True,mild,sensitive,1,-0.0,True
M1G,-4.50187502417964,1,True,mild,sensitive,1,-0.0,True
M1H,-4.50187502417964,1,True,mild,sensitive,1,-0.0,True
M1I,-3.2459009574154707,1,True,neutral,sensitive,1,-0.0,True
M1K,-4.50187502417964,1,True,mild,sensitive,1,-0.0,True
M1L,-3.2459009574154707,1,True,neutral,sensitive,1,-0.0,True
M1M,0.0,1,True,neutral,sensitive,1,0.0,True
M1N,-4.50187502417964,1,True,mild,sensitive,1,-0.0,True
M1P,-4.50187502417964,1,True,mild,sensitive,1,-0.0,True
M1Q,-4.50187502417964,1,True,mild,sensitive,1,-0.0,True
M1R,-4.50187502417964,1,True,mild,sensitive,1,-0.0,True
M1S,-4.50187502417964,1,True,mild,sensitive,1,-0.0,True
M1T,-4.50187502417964,1,True,mild,sensitive,1,-0.0,True
M1V,-3.2459009574154707,1,True,neutral,sensitive,1,-0.0,True
M1W,-4.50187502417964,1,True,mild,sensitive,1,-0.0,True
M1Y,-4.50187502417964,1,True,mild,sensitive,1,-0.0,True
S2A,-2.2735651360084903,2,True,neutral,sensitive,2,-0.5247560904175405,True
S2C,-3.10703592583012,2,True,neutral,sensitive,2,-0.7171274749963302,True
S2D,-3.95299433468309,2,True,mild,sensitive,2,-0.9123810968322476,True
S2E,-3.95299433468309,2,True,mild,sensitive,2,-0.9123810968322476,True
S2F,-4.31453846733229,2,True,mild,sensitive,2,-0.99582822687378,True
S2G,-4.31453846733229,2,True,mild,sensitive,2,-0.99582822687378,True
S2H,-3.95299433468309,2,True,mild,sensitive,2,-0.9123810968322476,True
S2I,-4.31453846733229,2,True,mild,sensitive,2,-0.99582822687378,True
S2K,-4.31453846733229,2,True,mild,sensitive,2,-0.99582822687378,True
S2L,-4.31453846733229,2,True,mild,sensitive,2,-0.99582822687378,True
S2M,-4.31453846733229,2,True,mild,sensitive,2,-0.99582822687378,True
S2N,-2.39583564717873,2,True,neutral,sensitive,2,-0.5529770524647037,True
S2P,-4.31453846733229,2,True,mild,sensitive,2,-0.99582822687378,True
S2Q,-3.95299433468309,2,True,mild,sensitive,2,-0.9123810968322476,True
S2R,-4.31453846733229,2,True,mild,sensitive,2,-0.99582822687378,True
S2S,0.0,2,True,neutral,sensitive,2,0.0,True
S2T,-2.23792970399992,2,True,neutral,sensitive,2,-0.5165311622265727,True
S2V,-4.31453846733229,2,True,mild,sensitive,2,-0.99582822687378,True
S2W,-4.31453846733229,2,True,mild,sensitive,2,-0.99582822687378,True
S2Y,-4.31453846733229,2,True,mild,sensitive,2,-0.99582822687378,True
T3A,-0.8352355561596221,3,True,neutral,tolerant,3,-0.3077616082267181,True
T3C,-0.945347702334332,3,True,neutral,tolerant,3,-0.34833494223065004,True
T3D,-3.3827539074421,3,True,neutral,tolerant,3,-1.2464529019531276,True
T3E,-3.0655514272317896,3,True,neutral,tolerant,3,-1.129572406716677,True
T3F,-1.53409933598043,3,True,neutral,tolerant,3,-0.5652739222354745,True
T3G,-2.20279186420005,3,True,neutral,tolerant,3,-0.8116689498134555,True
T3H,-3.3827539074421,3,True,neutral,tolerant,3,-1.2464529019531276,True
T3I,-3.7413306376119295,3,True,neutral,tolerant,3,-1.3785786841182903,True
T3K,-3.9684357699254,3,True,mild,tolerant,3,-1.4622607546933337,True
T3L,-3.7413306376119295,3,True,neutral,tolerant,3,-1.3785786841182903,True
T3M,-3.7413306376119295,3,True,neutral,tolerant,3,-1.3785786841182903,True
T3N,-1.9975886186239904,3,True,neutral,tolerant,3,-0.7360571294041229,True
T3P,-3.9684357699254,3,True,mild,tolerant,3,-1.4622607546933337,True
T3Q,-1.51895280447021,3,True,neutral,tolerant,3,-0.5596928369209611,True
T3R,-3.9684357699254,3,True,mild,tolerant,3,-1.4622607546933337,True
T3S,-0.7208615134609091,3,True,neutral,tolerant,3,-0.2656178811538489,True
T3T,0.0,3,True,neutral,tolerant,3,0.0,True
T3V,-3.43919146137196,3,True,neutral,tolerant,3,-1.2672486071092863,True
T3W,-3.3952862292639905,3,True,neutral,tolerant,3,-1.2510707220282857,True
T3Y,-1.90555360622459,3,True,neutral,tolerant,3,-0.7021447280218807,True
F4A,-3.872534756043,4,True,mild,sensitive,4,-1.2399804862796986,True
F4C,-3.872534756043,4,True,mild,sensitive,4,-1.2399804862796986,True
F4D,-4.5589402411081785,4,True,mild,sensitive,4,-1.4597666110725114,True
F4E,-4.5589402411081785,4,True,mild,sensitive,4,-1.4597666110725114,True
F4F,0.0,4,True,neutral,sensitive,4,0.0,True
F4G,-4.5589402411081785,4,True,mild,sensitive,4,-1.4597666110725114,True
F4H,-4.5589402411081785,4,True,mild,sensitive,4,-1.4597666110725114,True
F4I,-3.64971448226995,4,True,neutral,sensitive,4,-1.1686337305159358,True
F4K,-2.98140320795258,4,True,neutral,sensitive,4,-0.9546413479760241,True
F4L,-2.4309117468268395,4,True,neutral,sensitive,4,-0.7783747131590381,True
F4M,-2.44568344198463,4,True,neutral,sensitive,4,-0.7831045903322126,True
F4N,-4.5589402411081785,4,True,mild,sensitive,4,-1.4597666110725114,True
F4P,-4.5589402411081785,4,True,mild,sensitive,4,-1.4597666110725114,True
F4Q,-4.5589402411081785,4,True,mild,sensitive,4,-1.4597666110725114,True
F4R,-3.96882460991653,4,True,mild,sensitive,4,-1.2708123696200826,True
F4S,-2.37572854982974,4,True,neutral,sensitive,4,-0.7607051267621299,True
F4T,-2.71338018567118,4,True,neutral,sensitive,4,-0.8688207321677267,True
F4V,-3.64971448226995,4,True,neutral,sensitive,4,-1.1686337305159358,True
F4W,-3.28462825706079,4,True,neutral,sensitive,4,-1.0517336060270732,True
F4Y,-2.3103925121296403,4,True,neutral,sensitive,4,-0.7397846142547764,True
G5A,-3.45705069231342,5,True,neutral,sensitive,5,-1.668569790206321,True
G5C,-3.45705069231342,5,True,neutral,sensitive,5,-1.668569790206321,True
G5D,-4.364932478335939,5,True,mild,sensitive,5,-2.106765308890487,True
G5E,-4.364932478335939,5,True,mild,sensitive,5,-2.106765308890487,True
G5F,-4.7044082414869814,5,True,mild,sensitive,5,-2.2706156695926065,True
G5G,0.0,5,True,neutral,sensitive,5,0.0,True
G5H,-4.18562702860796,5,True,mild,sensitive,5,-2.0202222745922964,True
G5I,-3.97081332233908,5,True,mild,sensitive,5,-1.916540930954651,True
G5K,-4.019493464248581,5,True,mild,sensitive,5,-1.9400367432531955,True
G5L,-2.95262335723494,5,True,neutral,sensitive,5,-1.4251043951116962,True
G5M,-3.97081332233908,5,True,mild,sensitive,5,-1.916540930954651,True
G5N,-4.364932478335939,5,True,mild,sensitive,5,-2.106765308890487,True
G5P,-2.33185935076649,5,True,neutral,sensitive,5,-1.1254882887168087,True
G5Q,-4.364932478335939,5,True,mild,sensitive,5,-2.106765308890487,True
G5R,-4.06023429304083,5,True,mild,sensitive,5,-1.9597005903300877,True
G5S,-2.18544179368889,5,True,neutral,sensitive,5,-1.0548188267275185,True
G5T,-3.45705069231342,5,True,neutral,sensitive,5,-1.668569790206321,True
G5V,-3.97081332233908,5,True,mild,sensitive,5,-1.916540930954651,True
G5W,-4.7044082414869814,5,True,mild,sensitive,5,-2.2706156695926065,True
G5Y,-4.7044082414869814,5,True,mild,sensitive,5,-2.2706156695926065,True
Y6A,-5.02018211145556,6,True,impactful,sensitive,6,-1.228727916296204,True
Y6C,-5.02018211145556,6,True,impactful,sensitive,6,-1.228727916296204,True
Y6D,-5.30423930481359,6,True,impactful,sensitive,6,-1.2982530840201618,True
Y6E,-5.30423930481359,6,True,impactful,sensitive,6,-1.2982530840201618,True
Y6F,-2.2258055104574104,6,True,neutral,sensitive,6,-0.5447828995494305,True
Y6G,-5.30423930481359,6,True,impactful,sensitive,6,-1.2982530840201618,True
Y6H,-5.30423930481359,6,True,impactful,sensitive,6,-1.2982530840201618,True
Y6I,-3.82738889715476,6,True,mild,sensitive,6,-0.9367826664544348,True
Y6K,-5.1250191698080085,6,True,impactful,sensitive,6,-1.2543875870810708,True
Y6L,-3.65517265782636,6,True,neutral,sensitive,6,-0.8946314264786006,True
Y6M,-4.88810303817463,6,True,mild,sensitive,6,-1.1964005542810923,True
Y6N,-5.30423930481359,6,True,impactful,sensitive,6,-1.2982530840201618,True
Y6P,-5.30423930481359,6,True,impactful,sensitive,6,-1.2982530840201618,True
Y6Q,-5.30423930481359,6,True,impactful,sensitive,6,-1.2982530840201618,True
Y6R,-5.1250191698080085,6,True,impactful,sensitive,6,-1.2543875870810708,True
Y6S,-4.761488376933009,6,True,mild,sensitive,6,-1.1654106488501799,True
Y6T,-5.02018211145556,6,True,impactful,sensitive,6,-1.228727916296204,True
Y6V,-4.88810303817463,6,True,mild,sensitive,6,-1.1964005542810923,True
Y6W,-3.57618949867626,6,True,neutral,sensitive,6,-0.8752996949974781,True
Y6Y,0.0,6,True,neutral,sensitive,6,0.0,True
R7A,-4.63462809141931,7,True,mild,sensitive,7,-1.5614300227933595,True
R7C,-4.26968190099181,7,True,mild,sensitive,7,-1.4384777756664378,True
R7D,-4.08418283057818,7,True,mild,sensitive,7,-1.37598218550671,True
R7E,-4.08418283057818,7,True,mild,sensitive,7,-1.37598218550671,True
R7F,-5.02268005978759,7,True,impactful,sensitive,7,-1.6921667252563044,True
R7G,-2.63395687394205,7,True,neutral,sensitive,7,-0.8873936075540798,True
R7H,-2.35540649294723,7,True,neutral,sensitive,7,-0.7935485526399442,True
R7I,-4.78627705096406,7,True,mild,sensitive,7,-1.612521336635121,True
R7K,-2.26027840990057,7,True,neutral,sensitive,7,-0.76149941256874,True
R7L,-3.5277755467356604,7,True,neutral,sensitive,7,-1.1885257120302035,True
R7M,-4.78627705096406,7,True,mild,sensitive,7,-1.612521336635121,True
R7N,-3.10241286068318,7,True,neutral,sensitive,7,-1.0452188370280775,True
R7P,-5.20151203237205,7,True,impactful,sensitive,7,-1.7524161358930965,True
R7Q,-2.75392248044142,7,True,neutral,sensitive,7,-0.9278106369242545,True
R7R,0.0,7,True,neutral,sensitive,7,0.0,True
R7S,-3.72607372441245,7,True,neutral,sensitive,7,-1.2553333872054797,True
R7T,-3.38728955430363,7,True,neutral,sensitive,7,-1.1411952591786747,True
R7V,-4.78627705096406,7,True,mild,sensitive,7,-1.612521336635121,True
R7W,-5.02268005978759,7,True,impactful,sensitive,7,-1.6921667252563044,True
R7Y,-3.96426325756325,7,True,mild,sensitive,7,-1.3355806650540238,True
R8A,-4.789560504585031,8,True,mild,sensitive,8,-1.576838774259183,True
R8C,-4.789560504585031,8,True,mild,sensitive,8,-1.576838774259183,True
R8D,-4.33073515031,8,True,mild,sensitive,8,-1.4257824072832406,True
R8E,-3.1448761569975603,8,True,neutral,sensitive,8,-1.0353690406144287,True
R8F,-5.328385396865111,8,True,impactful,sensitive,8,-1.7542329175986187,True
R8G,-3.30235320768417,8,True,neutral,sensitive,8,-1.0872142818095054,True
R8H,-3.34470323325886,8,True,neutral,sensitive,8,-1.1011569311096057,True
R8I,-5.04371298062543,8,True,impactful,sensitive,8,-1.6605118959184322,True
R8K,-1.22798325816505,8,True,neutral,sensitive,8,-0.4042816900970624,True
R8L,-5.04371298062543,8,True,impactful,sensitive,8,-1.6605118959184322,True
R8M,-4.131583732718069,8,True,mild,sensitive,8,-1.3602169599093075,True
R8N,-2.59519387285704,8,True,neutral,sensitive,8,-0.8544003821485049,True
R8P,-5.328385396865111,8,True,impactful,sensitive,8,-1.7542329175986187,True
R8Q,-2.72251913381152,8,True,neutral,sensitive,8,-0.8963189273309898,True
R8R,0.0,8,True,neutral,sensitive,8,0.0,True
R8S,-3.16012081177858,8,True,neutral,sensitive,8,-1.0403879484528191,True
R8T,-3.10316260713748,8,True,neutral,sensitive,8,-1.0216359344623294,True
R8V,-5.04371298062543,8,True,impactful,sensitive,8,-1.6605118959184322,True
R8W,-5.328385396865111,8,True,impactful,sensitive,8,-1.7542329175986187,True
R8Y,-5.328385396865111,8,True,impactful,sensitive,8,-1.7542329175986187,True
G9A,-3.12357661737441,9,True,neutral,sensitive,9,-2.2311822878987213,True
G9C,-3.95471371056295,9,True,mild,sensitive,9,-2.8248665762312006,True
G9D,-1.6415863030423,9,True,neutral,sensitive,9,-1.1725911453658742,True
G9E,0.15903886598152694,9,True,neutral,sensitive,9,0.11360204801499436,True
G9F,-4.70193261741426,9,True,mild,sensitive,9,-3.3586077948317783,True
G9G,0.0,9,True,neutral,sensitive,9,0.0,True
G9H,-2.97189512830145,9,True,neutral,sensitive,9,-2.1228356413208105,True
G9I,-4.70193261741426,9,True,mild,sensitive,9,-3.3586077948317783,True
G9K,-3.8730452185406,9,True,mild,sensitive,9,-2.7665304714383456,True
G9L,-4.70193261741426,9,True,mild,sensitive,9,-3.3586077948317783,True
G9M,-4.70193261741426,9,True,mild,sensitive,9,-3.3586077948317783,True
G9N,-1.73205949180279,9,True,neutral,sensitive,9,-1.2372164774833245,True
G9P,-4.70193261741426,9,True,mild,sensitive,9,-3.3586077948317783,True
G9Q,-1.23963443526132,9,True,neutral,sensitive,9,-0.8854754450522448,True
G9R,-4.238726959429431,9,True,mild,sensitive,9,-3.0277382864606497,True
G9S,-2.94326859803905,9,True,neutral,sensitive,9,-2.102387605268104,True
G9T,-3.95471371056295,9,True,mild,sensitive,9,-2.8248665762312006,True
G9V,-4.70193261741426,9,True,mild,sensitive,9,-3.3586077948317783,True
G9W,-4.70193261741426,9,True,mild,sensitive,9,-3.3586077948317783,True
G9Y,-4.70193261741426,9,True,mild,sensitive,9,-3.3586077948317783,True
L10A,-5.20215452228442,10,True,impactful,sensitive,10,-2.7471011614478273,True
L10C,-5.20215452228442,10,True,impactful,sensitive,10,-2.7471011614478273,True
L10D,-5.2524898576841,10,True,impactful,sensitive,10,-2.773681736428058,True
L10E,-5.09413680938018,10,True,impactful,sensitive,10,-2.690060259778134,True
L10F,-3.7565847163275694,10,True,neutral,sensitive,10,-1.983739274389898,True
L10G,-5.69682347654891,10,True,impactful,sensitive,10,-3.0083209412469527,True
L10H,-5.2524898576841,10,True,impactful,sensitive,10,-2.773681736428058,True
L10I,-0.950761467888488,10,True,neutral,sensitive,10,-0.5020685028689558,True
L10K,-5.31409532933093,10,True,impactful,sensitive,10,-2.806213731005995,True
L10L,0.0,10,True,neutral,sensitive,10,0.0,True
L10M,-2.41667819254321,10,True,neutral,sensitive,10,-1.2761749850263517,True
L10N,-5.2524898576841,10,True,impactful,sensitive,10,-2.773681736428058,True
L10P,-3.62026316505794,10,True,neutral,sensitive,10,-1.9117519679346644,True
L10Q,-3.90154587631188,10,True,mild,sensitive,10,-2.0602888980606022,True
L10R,-4.02557724196227,10,True,mild,sensitive,10,-2.125786127559376,True
L10S,-5.20215452228442,10,True,impactful,sensitive,10,-2.7471011614478273,True
L10T,-3.93234423443342,10,True,mild,sensitive,10,-2.076552583617027,True
L10V,-2.44488734396792,10,True,neutral,sensitive,10,-1.2910713884896323,True
L10W,-5.15959660259772,10,True,impactful,sensitive,10,-2.7246276055203116,True
L10Y,-3.97695085422553,10,True,mild,sensitive,10,-2.100107996381921,True
S11A,-2.63003685161472,11,True,neutral,tolerant,11,-1.107465816116879,True
S11C,-3.3534687747776903,11,True,neutral,tolerant,11,-1.4120912530946148,True
S11D,-1.29846482632754,11,True,neutral,tolerant,11,-0.5467624560868881,True
S11E,-1.41004440709066,11,True,neutral,tolerant,11,-0.5937468059053863,True
S11F,-5.3519146182457,11,True,impactful,tolerant,11,-2.253604350389383,True
S11G,-2.47674616914552,11,True,neutral,tolerant,11,-1.0429175986043988,True
S11H,-3.75165528475654,11,True,neutral,tolerant,11,-1.5797611273664216,True
S11I,-4.66184064311425,11,True,mild,tolerant,11,-1.9630254037176789,True
S11K,-2.36108600661522,11,True,neutral,tolerant,11,-0.9942149820573384,True
S11L,-4.425613654700929,11,True,mild,tolerant,11,-1.8635540543518432,True
S11M,-4.66184064311425,11,True,mild,tolerant,11,-1.9630254037176789,True
S11N,-2.19310742684409,11,True,neutral,tolerant,11,-0.9234819294682941,True
S11P,-5.3519146182457,11,True,impactful,tolerant,11,-2.253604350389383,True
S11Q,-1.32597296691813,11,True,neutral,tolerant,11,-0.5583456874588408,True
S11R,-3.22362708760436,11,True,neutral,tolerant,11,-1.3574170267760286,True
S11S,0.0,11,True,neutral,tolerant,11,0.0,True
S11T,-2.47113785753279,11,True,neutral,tolerant,11,-1.0405560296425733,True
S11V,-3.3232434652625003,11,True,neutral,tolerant,11,-1.3993638660053145,True
S11W,-5.3519146182457,11,True,impactful,tolerant,11,-2.253604350389383,True
S11Y,-5.3519146182457,11,True,impactful,tolerant,11,-2.253604350389383,True
K12A,-3.4320339232849104,12,True,neutral,sensitive,12,-1.5392915622207364,True
K12C,-4.59755819531908,12,True,mild,sensitive,12,-2.06203746672173,True
K12D,-2.8332386091591,12,True,neutral,sensitive,12,-1.2707276158454726,True
K12E,-2.4895764982496096,12,True,neutral,sensitive,12,-1.1165927210855668,True
K12F,-5.585220629939751,12,True,impactful,sensitive,12,-2.5050110753505335,True
K12G,-4.23243488926754,12,True,mild,sensitive,12,-1.8982770736900265,True
K12H,-4.24482010223863,12,True,mild,sensitive,12,-1.9038319295710715,True
K12I,-5.04936110273636,12,True,impactful,sensitive,12,-2.264674275890729,True
K12K,0.0,12,True,neutral,sensitive,12,0.0,True
K12L,-5.04936110273636,12,True,impactful,sensitive,12,-2.264674275890729,True
K12M,-4.8294509632134295,12,True,mild,sensitive,12,-2.166043018222262,True
K12N,-2.82044603118823,12,True,neutral,sensitive,12,-1.2649900538720862,True
K12P,-5.7836548047904515,12,True,impactful,sensitive,12,-2.594010210508138,True
K12Q,-2.99053344123219,12,True,neutral,sensitive,12,-1.3412754639154856,True
K12R,-2.17011616538825,12,True,neutral,sensitive,12,-0.9733124954731533,True
K12S,-3.4105336226256204,12,True,neutral,sensitive,12,-1.529648524847033,True
K12T,-3.4576038578487003,12,True,neutral,sensitive,12,-1.5507598592715142,True
K12V,-3.9800246002021495,12,True,mild,sensitive,12,-1.785069268388331,True
K12W,-5.585220629939751,12,True,impactful,sensitive,12,-2.5050110753505335,True
K12Y,-5.585220629939751,12,True,impactful,sensitive,12,-2.5050110753505335,True
Y13A,-4.88356903328411,13,True,mild,sensitive,13,-2.490909726978168,True
Y13C,-4.73055790548705,13,True,mild,sensitive,13,-2.4128649806117406,True
Y13D,-4.38745463843816,13,True,mild,sensitive,13,-2.237861973707313,True
Y13E,-2.9989023889187902,13,True,neutral,sensitive,13,-1.529618006810983,True
Y13F,-2.64116702959376,13,True,neutral,sensitive,13,-1.3471517653892848,True
Y13G,-5.20360866615657,13,True,impactful,sensitive,13,-2.6541489131363365,True
Y13H,-4.40818671829432,13,True,mild,sensitive,13,-2.248436563525176,True
Y13I,-4.033866422234549,13,True,mild,sensitive,13,-2.057511021138892,True
Y13K,-5.75992897996105,13,True,impactful,sensitive,13,-2.937905254354521,True
Y13L,-3.91255989556862,13,True,mild,sensitive,13,-1.9956375009411238,True
Y13M,-4.8455625479174405,13,True,mild,sensitive,13,-2.471524166245257,True
Y13N,-2.9505408337110097,13,True,neutral,sensitive,13,-1.5049507465638514,True
Y13P,-4.11655641988387,13,True,mild,sensitive,13,-2.099687822176141,True
Y13Q,-4.44182869666604,13,True,mild,sensitive,13,-2.2655959669429984,True
Y13R,-5.45030041354284,13,True,impactful,sensitive,13,-2.7799763293030066,True
Y13S,-4.86324051261205,13,True,mild,sensitive,13,-2.480540976269005,True
Y13T,-4.79093569170033,13,True,mild,sensitive,13,-2.4436612310480594,True
Y13V,-4.58846332638327,13,True,mild,sensitive,13,-2.34038832126114,True
Y13W,-3.13948399982969,13,True,neutral,sensitive,13,-1.6013229626876349,True
Y13Y,0.0,13,True,neutral,sensitive,13,0.0,True
E14A,-3.93213498119152,14,True,mild,sensitive,14,-1.2413127207169379,True
E14C,-4.98982753053427,14,True,impactful,sensitive,14,-1.5752095025890693,True
E14D,-2.16789117831833,14,True,neutral,sensitive,14,-0.68436890128353,True
E14E,0.0,14,True,neutral,sensitive,14,0.0,True
E14F,-5.72749683530833,14,True,impactful,sensitive,14,-1.8080800159560828,True
E14G,-5.37073016522643,14,True,impactful,sensitive,14,-1.695454430105444,True
E14H,-3.5864264232528,14,True,neutral,sensitive,14,-1.132178005687393,True
E14I,-5.113328621451308,14,True,impactful,sensitive,14,-1.6141968404884628,True
E14K,-2.59855772868528,14,True,neutral,sensitive,14,-0.8203235086189538,True
E14L,-3.74555166668036,14,True,neutral,sensitive,14,-1.1824113241768706,True
E14M,-5.113328621451308,14,True,impactful,sensitive,14,-1.6141968404884628,True
E14N,-2.863330974255029,14,True,neutral,sensitive,14,-0.9039082277100685,True
E14P,-5.0321979372040095,14,True,impactful,sensitive,14,-1.588585168743124,True
E14Q,-2.89709756554128,14,True,neutral,sensitive,14,-0.9145678056491179,True
E14R,-2.60692279615585,14,True,neutral,sensitive,14,-0.8229642279000929,True
E14S,-3.95299001233434,14,True,mild,sensitive,14,-1.2478963236635199,True
E14T,-4.98982753053427,14,True,impactful,sensitive,14,-1.5752095025890693,True
E14V,-5.113328621451308,14,True,impactful,sensitive,14,-1.6141968404884628,True
E14W,-5.72749683530833,14,True,impactful,sensitive,14,-1.8080800159560828,True
E14Y,-5.72749683530833,14,True,impactful,sensitive,14,-1.8080800159560828,True
S15A,-2.7462009069784505,15,True,neutral,tolerant,15,-0.8724873691075979,True
S15C,-3.58504145288091,15,True,neutral,tolerant,15,-1.1389929183321366,True
S15D,0.0171495926836007,15,True,neutral,tolerant,15,0.005448546376836186,True
S15E,-0.5041277062888541,15,True,neutral,tolerant,15,-0.16016492276166217,True
S15F,-4.67489777982704,15,True,mild,tolerant,15,-1.4852479490497272,True
S15G,-3.3389406245279103,15,True,neutral,tolerant,15,-1.0608049519239695,True
S15H,-2.71911587552053,15,True,neutral,tolerant,15,-0.8638822638587913,True
S15I,-4.19214289139501,15,True,mild,tolerant,15,-1.3318733210457905,True
S15K,-3.46027414324205,15,True,neutral,tolerant,15,-1.0993534653478994,True
S15L,-4.39013747460427,15,True,mild,tolerant,15,-1.3947775945688339,True
S15M,-4.39013747460427,15,True,mild,tolerant,15,-1.3947775945688339,True
S15N,-1.48998571698025,15,True,neutral,tolerant,15,-0.4733789559651461,True
S15P,-4.67489777982704,15,True,mild,tolerant,15,-1.4852479490497272,True
S15Q,-2.84371223982341,15,True,neutral,tolerant,15,-0.903467406305853,True
S15R,-4.39013747460427,15,True,mild,tolerant,15,-1.3947775945688339,True
S15S,0.0,15,True,neutral,tolerant,15,0.0,True
S15T,-3.58504145288091,15,True,neutral,tolerant,15,-1.1389929183321366,True
S15V,-4.39013747460427,15,True,mild,tolerant,15,-1.3947775945688339,True
S15W,-4.67489777982704,15,True,mild,tolerant,15,-1.4852479490497272,True
S15Y,-4.67489777982704,15,True,mild,tolerant,15,-1.4852479490497272,True
I16A,-3.4068630586245603,16,True,neutral,tolerant,16,-2.140289617488195,True
I16C,-4.36919486094009,16,True,mild,tolerant,16,-2.7448542065639217,True
I16D,-3.44046422998418,16,True,neutral,tolerant,16,-2.161398842296741,True
I16E,-3.60767771642779,16,True,neutral,tolerant,16,-2.2664471764331147,True
I16F,-4.83763276421704,16,True,mild,tolerant,16,-3.0391404057944738,True
I16G,-4.71579209150229,16,True,mild,tolerant,16,-2.9625965816630635,True
I16H,-3.60622019951942,16,True,neutral,tolerant,16,-2.2655315222807118,True
I16I,0.0,16,True,neutral,tolerant,16,0.0,True
I16K,-4.403333714143759,16,True,mild,tolerant,16,-2.766301218612086,True
I16L,-1.05313268450628,16,True,neutral,tolerant,16,-0.66160832170233,True
I16M,-1.8877971321233704,16,True,neutral,tolerant,16,-1.1859685969998655,True
I16N,-3.5657350006302404,16,True,neutral,tolerant,16,-2.2400975528626867,True
I16P,-3.7274583617007,16,True,neutral,tolerant,16,-2.3416968319203377,True
I16Q,-4.43696907451337,16,True,mild,tolerant,16,-2.7874319219426202,True
I16R,-4.90986117648579,16,True,mild,tolerant,16,-3.084516377239852,True
I16S,-4.04224062204346,16,True,mild,tolerant,16,-2.539452125276061,True
I16T,-3.6321837012508897,16,True,neutral,tolerant,16,-2.2818425427805895,True
I16V,-1.15534367026773,16,True,neutral,tolerant,16,-0.7258202104263766,True
I16W,-4.98254117527,16,True,impactful,tolerant,16,-3.130176048356689,True
I16Y,-4.98254117527,16,True,impactful,tolerant,16,-3.130176048356689,True
D17A,-6.29700814773312,17,True,impactful,sensitive,17,-3.630221271614407,True
D17C,-6.29700814773312,17,True,impactful,sensitive,17,-3.630221271614407,True
D17D,0.0,17,True,neutral,sensitive,17,0.0,True
D17E,-2.93996355569658,17,True,neutral,sensitive,17,-1.6948871570863313,True
D17F,-6.29700814773312,17,True,impactful,sensitive,17,-3.630221271614407,True
D17G,-6.29700814773312,17,True,impactful,sensitive,17,-3.630221271614407,True
D17H,-4.1537795105293,17,True,mild,sensitive,17,-2.394651298354748,True
D17I,-6.29700814773312,17,True,impactful,sensitive,17,-3.630221271614407,True
D17K,-6.29700814773312,17,True,impactful,sensitive,17,-3.630221271614407,True
D17L,-6.29700814773312,17,True,impactful,sensitive,17,-3.630221271614407,True
D17M,-6.29700814773312,17,True,impactful,sensitive,17,-3.630221271614407,True
D17N,-2.22657743087658,17,True,neutral,sensitive,17,-1.283620500852382,True
D17P,-4.68026888729668,17,True,mild,sensitive,17,-2.698172095847761,True
D17Q,-4.1537795105293,17,True,mild,sensitive,17,-2.394651298354748,True
D17R,-6.29700814773312,17,True,impactful,sensitive,17,-3.630221271614407,True
D17S,-6.29700814773312,17,True,impactful,sensitive,17,-3.630221271614407,True
D17T,-6.29700814773312,17,True,impactful,sensitive,17,-3.630221271614407,True
D17V,-6.29700814773312,17,True,impactful,sensitive,17,-3.630221271614407,True
D17W,-6.29700814773312,17,True,impactful,sensitive,17,-3.630221271614407,True
D17Y,-6.29700814773312,17,True,impactful,sensitive,17,-3.630221271614407,True
E18A,-5.27329274179416,18,True,impactful,sensitive,18,-2.136969419217818,True
E18C,-5.467251189076,18,True,impactful,sensitive,18,-2.2155698858968673,True
E18D,-2.66912134203441,18,True,neutral,sensitive,18,-1.0816449917340474,True
E18E,0.0,18,True,neutral,sensitive,18,0.0,True
E18F,-5.02704373332873,18,True,impactful,sensitive,18,-2.037178524539687,True
E18G,-6.18796259226828,18,True,impactful,sensitive,18,-2.50763374506723,True
E18H,-4.1570989933560405,18,True,mild,sensitive,18,-1.6846387743762015,True
E18I,-3.16146725633955,18,True,neutral,sensitive,18,-1.2811651424376378,True
E18K,-6.18796259226828,18,True,impactful,sensitive,18,-2.50763374506723,True
E18L,-3.223884128063569,18,True,neutral,sensitive,18,-1.3064591954418123,True
E18M,-4.3901887369336405,18,True,mild,sensitive,18,-1.7790969579719753,True
E18N,-3.94609907042131,18,True,mild,sensitive,18,-1.5991323546026195,True
E18P,-6.18796259226828,18,True,impactful,sensitive,18,-2.50763374506723,True
E18Q,-4.1570989933560405,18,True,mild,sensitive,18,-1.6846387743762015,True
E18R,-6.18796259226828,18,True,impactful,sensitive,18,-2.50763374506723,True
E18S,-5.467251189076,18,True,impactful,sensitive,18,-2.2155698858968673,True
E18T,-5.10667437930172,18,True,impactful,sensitive,18,-2.0694483535837205,True
E18V,-3.042083474616589,18,True,neutral,sensitive,18,-1.2327855998663406,True
E18W,-5.979630275679178,18,True,impactful,sensitive,18,-2.423208356342415,True
E18Y,-5.979630275679178,18,True,impactful,sensitive,18,-2.423208356342415,True
D19A,-6.58036355180195,19,True,impactful,sensitive,19,-2.4955300762090884,True
D19C,-6.58036355180195,19,True,impactful,sensitive,19,-2.4955300762090884,True
D19D,0.0,19,True,neutral,sensitive,19,0.0,True
D19E,-2.36407933430423,19,True,neutral,sensitive,19,-0.8965509329169247,True
D19F,-6.58036355180195,19,True,impactful,sensitive,19,-2.4955300762090884,True
D19G,-6.58036355180195,19,True,impactful,sensitive,19,-2.4955300762090884,True
D19H,-4.33856405455124,19,True,mild,sensitive,19,-1.6453524186710664,True
D19I,-6.3629371442039,19,True,impactful,sensitive,19,-2.4130735165902135,True
D19K,-6.58036355180195,19,True,impactful,sensitive,19,-2.4955300762090884,True
D19L,-6.179996604637911,19,True,impactful,sensitive,19,-2.343695340893549,True
D19M,-6.3629371442039,19,True,impactful,sensitive,19,-2.4130735165902135,True
D19N,-3.2745281885539104,19,True,neutral,sensitive,19,-1.2418285882841589,True
D19P,-6.58036355180195,19,True,impactful,sensitive,19,-2.4955300762090884,True
D19Q,-4.33856405455124,19,True,mild,sensitive,19,-1.6453524186710664,True
D19R,-6.58036355180195,19,True,impactful,sensitive,19,-2.4955300762090884,True
D19S,-6.58036355180195,19,True,impactful,sensitive,19,-2.4955300762090884,True
D19T,-6.58036355180195,19,True,impactful,sensitive,19,-2.4955300762090884,True
D19V,-6.3629371442039,19,True,impactful,sensitive,19,-2.4130735165902135,True
D19W,-6.58036355180195,19,True,impactful,sensitive,19,-2.4955300762090884,True
D19Y,-6.58036355180195,19,True,impactful,sensitive,19,-2.4955300762090884,True
E20A,-2.55535589684227,20,True,neutral,sensitive,20,-1.094046776547197,True
E20C,-4.2151956108525095,20,True,mild,sensitive,20,-1.804688410044096,True
E20D,-1.3200305743936298,20,True,neutral,sensitive,20,-0.565156186910679,True
E20E,0.0,20,True,neutral,sensitive,20,0.0,True
E20F,-5.38494622428751,20,True,impactful,sensitive,20,-2.3055039283733074,True
E20G,-3.95049598273741,20,True,mild,sensitive,20,-1.6913602527997664,True
E20H,-3.61292628925283,20,True,neutral,sensitive,20,-1.546833599790999,True
E20I,-4.94280144098361,20,True,mild,sensitive,20,-2.1162046313405356,True
E20K,-2.7687973359380496,20,True,neutral,sensitive,20,-1.1854293188822567,True
E20L,-3.92330471406969,20,True,mild,sensitive,20,-1.6797186181167427,True
E20M,-4.94280144098361,20,True,mild,sensitive,20,-2.1162046313405356,True
E20N,-2.88211223431346,20,True,neutral,sensitive,20,-1.233943813264658,True
E20P,-5.686756992230411,20,True,impactful,sensitive,20,-2.434720801139718,True
E20Q,-2.3731397749222203,20,True,neutral,sensitive,20,-1.016033001218325,True
E20R,-4.21472624821828,20,True,mild,sensitive,20,-1.8044874577314869,True
E20S,-3.1634166151143903,20,True,neutral,sensitive,20,-1.3543811078991048,True
E20T,-3.1374690223079504,20,True,neutral,sensitive,20,-1.3432719389946384,True
E20V,-4.59385793006807,20,True,mild,sensitive,20,-1.9668084068122964,True
E20W,-5.38494622428751,20,True,impactful,sensitive,20,-2.3055039283733074,True
E20Y,-5.24959204824918,20,True,impactful,sensitive,20,-2.247553566089162,True
L21A,-5.672668510429388,21,True,impactful,sensitive,21,-2.843865585378845,True
L21C,-5.672668510429388,21,True,impactful,sensitive,21,-2.843865585378845,True
L21D,-5.672668510429388,21,True,impactful,sensitive,21,-2.843865585378845,True
L21E,-5.672668510429388,21,True,impactful,sensitive,21,-2.843865585378845,True
L21F,-5.672668510429388,21,True,impactful,sensitive,21,-2.843865585378845,True
L21G,-5.672668510429388,21,True,impactful,sensitive,21,-2.843865585378845,True
L21H,-5.672668510429388,21,True,impactful,sensitive,21,-2.843865585378845,True
L21I,-1.3016212752431,21,True,neutral,sensitive,21,-0.652538737818929,True
L21K,-5.672668510429388,21,True,impactful,sensitive,21,-2.843865585378845,True
L21L,0.0,21,True,neutral,sensitive,21,0.0,True
L21M,-3.53754737804711,21,True,neutral,sensitive,21,-1.7734703211687997,True
L21N,-5.672668510429388,21,True,impactful,sensitive,21,-2.843865585378845,True
L21P,-5.672668510429388,21,True,impactful,sensitive,21,-2.843865585378845,True
L21Q,-5.672668510429388,21,True,impactful,sensitive,21,-2.843865585378845,True
L21R,-5.672668510429388,21,True,impactful,sensitive,21,-2.843865585378845,True
L21S,-5.672668510429388,21,True,impactful,sensitive,21,-2.843865585378845,True
L21T,-5.672668510429388,21,True,impactful,sensitive,21,-2.843865585378845,True
L21V,-2.11265291732568,21,True,neutral,sensitive,21,-1.0591313267092248,True
L21W,-5.672668510429388,21,True,impactful,sensitive,21,-2.843865585378845,True
L21Y,-5.672668510429388,21,True,impactful,sensitive,21,-2.843865585378845,True
L22A,-6.818196037494191,22,True,impactful,sensitive,22,-4.178604776781846,True
L22C,-6.818196037494191,22,True,impactful,sensitive,22,-4.178604776781846,True
L22D,-6.818196037494191,22,True,impactful,sensitive,22,-4.178604776781846,True
L22E,-6.818196037494191,22,True,impactful,sensitive,22,-4.178604776781846,True
L22F,-6.818196037494191,22,True,impactful,sensitive,22,-4.178604776781846,True
L22G,-6.818196037494191,22,True,impactful,sensitive,22,-4.178604776781846,True
L22H,-6.818196037494191,22,True,impactful,sensitive,22,-4.178604776781846,True
L22I,-2.7564580172727995,22,True,neutral,sensitive,22,-1.6893249438172302,True
L22K,-6.818196037494191,22,True,impactful,sensitive,22,-4.178604776781846,True
L22L,0.0,22,True,neutral,sensitive,22,0.0,True
L22M,-3.0567031603768804,22,True,neutral,sensitive,22,-1.873333409147504,True
L22N,-6.818196037494191,22,True,impactful,sensitive,22,-4.178604776781846,True
L22P,-6.818196037494191,22,True,impactful,sensitive,22,-4.178604776781846,True
L22Q,-6.818196037494191,22,True,impactful,sensitive,22,-4.178604776781846,True
L22R,-6.818196037494191,22,True,impactful,sensitive,22,-4.178604776781846,True
L22S,-6.818196037494191,22,True,impactful,sensitive,22,-4.178604776781846,True
L22T,-6.818196037494191,22,True,impactful,sensitive,22,-4.178604776781846,True
L22V,-3.1398554479998,22,True,neutral,sensitive,22,-1.9242941829872027,True
L22W,-6.818196037494191,22,True,impactful,sensitive,22,-4.178604776781846,True
L22Y,-6.818196037494191,22,True,impactful,sensitive,22,-4.178604776781846,True
A23A,0.0,23,True,neutral,tolerant,23,0.0,True
A23C,-3.57342326298731,23,True,neutral,tolerant,23,-1.084223264003461,True
A23D,-2.6765391600681605,23,True,neutral,tolerant,23,-0.8120969196176883,True
A23E,-2.81416252125979,23,True,neutral,tolerant,23,-0.8538536438825813,True
A23F,-5.308722688674191,23,True,impactful,tolerant,23,-1.6107357616494031,True
A23G,-2.6813261346413704,23,True,neutral,tolerant,23,-0.8135493501904182,True
A23H,-3.9670703566782,23,True,mild,tolerant,23,-1.2036609307382478,True
A23I,-5.129641183104719,23,True,impactful,tolerant,23,-1.556400095202527,True
A23K,-2.76652252357617,23,True,neutral,tolerant,23,-0.8393990467122279,True
A23L,-5.129641183104719,23,True,impactful,tolerant,23,-1.556400095202527,True
A23M,-5.129641183104719,23,True,impactful,tolerant,23,-1.556400095202527,True
A23N,-2.6483402836119,23,True,neutral,tolerant,23,-0.8035410124042007,True
A23P,-5.308722688674191,23,True,impactful,tolerant,23,-1.6107357616494031,True
A23Q,-2.68951739599173,23,True,neutral,tolerant,23,-0.8160346858095097,True
A23R,-2.74728521855778,23,True,neutral,tolerant,23,-0.8335621972536971,True
A23S,-2.10820255138318,23,True,neutral,tolerant,23,-0.6396561737078534,True
A23T,-2.26156540794503,23,True,neutral,tolerant,23,-0.686188466325039,True
A23V,-5.129641183104719,23,True,impactful,tolerant,23,-1.556400095202527,True
A23W,-5.308722688674191,23,True,impactful,tolerant,23,-1.6107357616494031,True
A23Y,-5.308722688674191,23,True,impactful,tolerant,23,-1.6107357616494031,True
S24A,-2.13816866520731,24,True,neutral,tolerant,24,-1.0084834328818906,True
S24C,-3.31859492010576,24,True,neutral,tolerant,24,-1.5652404096232373,True
S24D,-2.3745844072578,24,True,neutral,tolerant,24,-1.1199907068449018,True
S24E,-2.4424417650914103,24,True,neutral,tolerant,24,-1.1519961432203802,True
S24F,-5.12312797180073,24,True,impactful,tolerant,24,-2.41636208039458,True
S24G,-2.24866211963798,24,True,neutral,tolerant,24,-1.060598506892863,True
S24H,-3.3570717935458,24,True,neutral,tolerant,24,-1.5833883181791844,True
S24I,-4.00693917040285,24,True,mild,tolerant,24,-1.8899031847541294,True
S24K,-2.29779189887209,24,True,neutral,tolerant,24,-1.083770939089151,True
S24L,-4.00693917040285,24,True,mild,tolerant,24,-1.8899031847541294,True
S24M,-2.3419777107751,24,True,neutral,tolerant,24,-1.1046115116771424,True
S24N,-1.86579948749148,24,True,neutral,tolerant,24,-0.8800184488870728,True
S24P,-5.12312797180073,24,True,impactful,tolerant,24,-2.41636208039458,True
S24Q,-2.3827135005490403,24,True,neutral,tolerant,24,-1.1238248552177443,True
S24R,-2.69452097298871,24,True,neutral,tolerant,24,-1.2708912093931737,True
S24S,0.0,24,True,neutral,tolerant,24,0.0,True
S24T,-1.5688674212936802,24,True,neutral,tolerant,24,-0.7399681926446187,True
S24V,-4.00693917040285,24,True,mild,tolerant,24,-1.8899031847541294,True
S24W,-5.12312797180073,24,True,impactful,tolerant,24,-2.41636208039458,True
S24Y,-5.12312797180073,24,True,impactful,tolerant,24,-2.41636208039458,True
L25A,-6.497455194061309,25,True,impactful,sensitive,25,-4.455463881702397,True
L25C,-6.497455194061309,25,True,impactful,sensitive,25,-4.455463881702397,True
L25D,-6.719400921276599,25,True,impactful,sensitive,25,-4.60765749316581,True
L25E,-6.719400921276599,25,True,impactful,sensitive,25,-4.60765749316581,True
L25F,-6.719400921276599,25,True,impactful,sensitive,25,-4.60765749316581,True
L25G,-6.719400921276599,25,True,impactful,sensitive,25,-4.60765749316581,True
L25H,-6.719400921276599,25,True,impactful,sensitive,25,-4.60765749316581,True
L25I,-4.42874333801106,25,True,mild,sensitive,25,-3.036897584437918,True
L25K,-6.719400921276599,25,True,impactful,sensitive,25,-4.60765749316581,True
L25L,0.0,25,True,neutral,sensitive,25,0.0,True
L25M,-2.945314344513529,25,True,neutral,sensitive,25,-2.019674055503179,True
L25N,-6.719400921276599,25,True,impactful,sensitive,25,-4.60765749316581,True
L25P,-6.719400921276599,25,True,impactful,sensitive,25,-4.60765749316581,True
L25Q,-6.719400921276599,25,True,impactful,sensitive,25,-4.60765749316581,True
L25R,-6.719400921276599,25,True,impactful,sensitive,25,-4.60765749316581,True
L25S,-6.497455194061309,25,True,impactful,sensitive,25,-4.455463881702397,True
L25T,-6.497455194061309,25,True,impactful,sensitive,25,-4.455463881702397,True
L25V,-4.42874333801106,25,True,mild,sensitive,25,-3.036897584437918,True
L25W,-6.719400921276599,25,True,impactful,sensitive,25,-4.60765749316581,True
L25Y,-6.719400921276599,25,True,impactful,sensitive,25,-4.60765749316581,True
S26A,-3.31036938072396,26,True,neutral,sensitive,26,-2.177884827606072,True
S26C,-3.49541541655888,26,True,neutral,sensitive,26,-2.2996262127820626,True
S26D,-4.74606601605525,26,True,mild,sensitive,26,-3.1224265265899156,True
S26E,-4.74606601605525,26,True,mild,sensitive,26,-3.1224265265899156,True
S26F,-5.301348611239661,26,True,impactful,sensitive,26,-3.4877457402485965,True
S26G,-5.301348611239661,26,True,impactful,sensitive,26,-3.4877457402485965,True
S26H,-4.74606601605525,26,True,mild,sensitive,26,-3.1224265265899156,True
S26I,-5.301348611239661,26,True,impactful,sensitive,26,-3.4877457402485965,True
S26K,-5.301348611239661,26,True,impactful,sensitive,26,-3.4877457402485965,True
S26L,-5.301348611239661,26,True,impactful,sensitive,26,-3.4877457402485965,True
S26M,-5.301348611239661,26,True,impactful,sensitive,26,-3.4877457402485965,True
S26N,-3.5334983220787697,26,True,neutral,sensitive,26,-2.324680873632262,True
S26P,-5.301348611239661,26,True,impactful,sensitive,26,-3.4877457402485965,True
S26Q,-4.74606601605525,26,True,mild,sensitive,26,-3.1224265265899156,True
S26R,-5.301348611239661,26,True,impactful,sensitive,26,-3.4877457402485965,True
S26S,0.0,26,True,neutral,sensitive,26,0.0,True
S26T,-0.385274736910247,26,True,neutral,sensitive,26,-0.25347141284675756,True
S26V,-5.301348611239661,26,True,impactful,sensitive,26,-3.4877457402485965,True
S26W,-5.301348611239661,26,True,impactful,sensitive,26,-3.4877457402485965,True
S26Y,-5.301348611239661,26,True,impactful,sensitive,26,-3.4877457402485965,True
A27A,0.0,27,True,neutral,tolerant,27,0.0,True
A27C,-3.1291658113417298,27,True,neutral,tolerant,27,-1.0751905631006318,True
A27D,-0.875951360405762,27,True,neutral,tolerant,27,-0.300979460094383,True
A27E,-0.564959955368069,27,True,neutral,tolerant,27,-0.1941218999452901,True
A27F,-2.5709521863295097,27,True,neutral,tolerant,27,-0.8833867220795051,True
A27G,-2.9414947300133,27,True,neutral,tolerant,27,-1.010706228368399,True
A27H,-3.062033184482209,27,True,neutral,tolerant,27,-1.0521235953439556,True
A27I,-2.8602008084176003,27,True,neutral,tolerant,27,-0.9827733981488137,True
A27K,-3.14677519617387,27,True,neutral,tolerant,27,-1.0812411994475135,True
A27L,-2.88528324782214,27,True,neutral,tolerant,27,-0.9913917979950465,True
A27M,-2.93314369957478,27,True,neutral,tolerant,27,-1.0078367897828442,True
A27N,-1.54607055415032,27,True,neutral,tolerant,27,-0.5312343831972953,True
A27P,-0.168054330032638,27,True,neutral,tolerant,27,-0.057743961372828195,True
A27Q,-2.04641902979657,27,True,neutral,tolerant,27,-0.7031555889470036,True
A27R,-4.03578487116872,27,True,mild,tolerant,27,-1.3867075347868254,True
A27S,-0.857321922042567,27,True,neutral,tolerant,27,-0.29457833035834524,True
A27T,-2.89555090712764,27,True,neutral,tolerant,27,-0.9949197958884124,True
A27V,-2.53400377571705,27,True,neutral,tolerant,27,-0.8706911396760114,True
A27W,-4.08626886821805,27,True,mild,tolerant,27,-1.4040539844438875,True
A27Y,-4.08626886821805,27,True,mild,tolerant,27,-1.4040539844438875,True
E28A,-3.4966932671829,28,True,neutral,sensitive,28,-1.1078049462003638,True
E28C,-4.93797712408605,28,True,mild,sensitive,28,-1.5644253196660618,True
E28D,-1.39561227588214,28,True,neutral,sensitive,28,-0.4421509306264559,True
E28E,0.0,28,True,neutral,sensitive,28,0.0,True
E28F,-6.06598231929044,28,True,impactful,sensitive,28,-1.9217943077654598,True
E28G,-4.40887191693135,28,True,mild,sensitive,28,-1.3967968430571966,True
E28H,-4.0088287604282495,28,True,mild,sensitive,28,-1.2700571625633514,True
E28I,-4.7078309543623496,28,True,mild,sensitive,28,-1.49151155637953,True
E28K,-4.18587315331261,28,True,mild,sensitive,28,-1.326147485376352,True
E28L,-3.83690212863562,28,True,mild,sensitive,28,-1.2155882233312614,True
E28M,-5.32255739752379,28,True,impactful,sensitive,28,-1.6862661265574979,True
E28N,-2.8136168321587096,28,True,neutral,sensitive,28,-0.8913960720063873,True
E28P,-6.06598231929044,28,True,impactful,sensitive,28,-1.9217943077654598,True
E28Q,-2.6112846509658,28,True,neutral,sensitive,28,-0.8272941980431628,True
E28R,-5.546658754729379,28,True,impactful,sensitive,28,-1.7572648024472415,True
E28S,-3.932261628550101,28,True,mild,sensitive,28,-1.2457995451717851,True
E28T,-3.45493776412977,28,True,neutral,sensitive,28,-1.0945761756795203,True
E28V,-3.85917781820814,28,True,mild,sensitive,28,-1.222645496361201,True
E28W,-6.06598231929044,28,True,impactful,sensitive,28,-1.9217943077654598,True
E28Y,-6.06598231929044,28,True,impactful,sensitive,28,-1.9217943077654598,True
E29A,-6.82022362597713,29,True,impactful,sensitive,29,-3.8589545516567925,True
E29C,-6.82022362597713,29,True,impactful,sensitive,29,-3.8589545516567925,True
E29D,-2.95358824335323,29,True,neutral,sensitive,29,-1.6711714190713187,True
E29E,0.0,29,True,neutral,sensitive,29,0.0,True
E29F,-6.82022362597713,29,True,impactful,sensitive,29,-3.8589545516567925,True
E29G,-6.82022362597713,29,True,impactful,sensitive,29,-3.8589545516567925,True
E29H,-4.4940265002703095,29,True,mild,sensitive,29,-2.542767652431593,True
E29I,-6.82022362597713,29,True,impactful,sensitive,29,-3.8589545516567925,True
E29K,-6.82022362597713,29,True,impactful,sensitive,29,-3.8589545516567925,True
E29L,-6.82022362597713,29,True,impactful,sensitive,29,-3.8589545516567925,True
E29M,-6.82022362597713,29,True,impactful,sensitive,29,-3.8589545516567925,True
E29N,-4.4940265002703095,29,True,mild,sensitive,29,-2.542767652431593,True
E29P,-6.82022362597713,29,True,impactful,sensitive,29,-3.8589545516567925,True
E29Q,-3.10216451620376,29,True,neutral,sensitive,29,-1.7552374432704316,True
E29R,-6.82022362597713,29,True,impactful,sensitive,29,-3.8589545516567925,True
E29S,-6.82022362597713,29,True,impactful,sensitive,29,-3.8589545516567925,True
E29T,-6.82022362597713,29,True,impactful,sensitive,29,-3.8589545516567925,True
E29V,-6.82022362597713,29,True,impactful,sensitive,29,-3.8589545516567925,True
E29W,-6.82022362597713,29,True,impactful,sensitive,29,-3.8589545516567925,True
E29Y,-6.82022362597713,29,True,impactful,sensitive,29,-3.8589545516567925,True
L30A,-6.206149884080322,30,True,impactful,sensitive,30,-4.023024334795304,True
L30C,-6.206149884080322,30,True,impactful,sensitive,30,-4.023024334795304,True
L30D,-6.206149884080322,30,True,impactful,sensitive,30,-4.023024334795304,True
L30E,-6.206149884080322,30,True,impactful,sensitive,30,-4.023024334795304,True
L30F,-6.206149884080322,30,True,impactful,sensitive,30,-4.023024334795304,True
L30G,-6.206149884080322,30,True,impactful,sensitive,30,-4.023024334795304,True
L30H,-6.206149884080322,30,True,impactful,sensitive,30,-4.023024334795304,True
L30I,-2.0132530820203702,30,True,neutral,sensitive,30,-1.3050548717564248,True
L30K,-4.20575996809015,30,True,mild,sensitive,30,-2.7263077776024285,True
L30L,0.0,30,True,neutral,sensitive,30,0.0,True
L30M,-2.99322710112415,30,True,neutral,sensitive,30,-1.9403052927033384,True
L30N,-6.206149884080322,30,True,impactful,sensitive,30,-4.023024334795304,True
L30P,-6.206149884080322,30,True,impactful,sensitive,30,-4.023024334795304,True
L30Q,-6.206149884080322,30,True,impactful,sensitive,30,-4.023024334795304,True
L30R,-5.7961949156099415,30,True,impactful,sensitive,30,-3.757278446421391,True
L30S,-6.206149884080322,30,True,impactful,sensitive,30,-4.023024334795304,True
L30T,-6.206149884080322,30,True,impactful,sensitive,30,-4.023024334795304,True
L30V,-2.7705326762682905,30,True,neutral,sensitive,30,-1.795947662424944,True
L30W,-6.206149884080322,30,True,impactful,sensitive,30,-4.023024334795304,True
L30Y,-6.206149884080322,30,True,impactful,sensitive,30,-4.023024334795304,True
K31A,-1.34642046600732,31,True,neutral,tolerant,31,-0.5558160148188083,True
K31C,-3.5420703993829306,31,True,neutral,tolerant,31,-1.4622025610103746,True
K31D,-2.15852157967628,31,True,neutral,tolerant,31,-0.8910595854753934,True
K31E,-1.99736243053217,31,True,neutral,tolerant,31,-0.8245314553033272,True
K31F,-4.77231081709612,31,True,mild,tolerant,31,-1.9700582743671955,True
K31G,-4.77231081709612,31,True,mild,tolerant,31,-1.9700582743671955,True
K31H,-3.2728512447949702,31,True,neutral,tolerant,31,-1.3510661653644431,True
K31I,-4.20362597419926,31,True,mild,tolerant,31,-1.7352994073959367,True
K31K,0.0,31,True,neutral,tolerant,31,0.0,True
K31L,-2.8615742140872,31,True,neutral,tolerant,31,-1.181286838649082,True
K31M,-4.20362597419926,31,True,mild,tolerant,31,-1.7352994073959367,True
K31N,-1.2087104636946102,31,True,neutral,tolerant,31,-0.49896793012419915,True
K31P,-4.77231081709612,31,True,mild,tolerant,31,-1.9700582743671955,True
K31Q,-0.819659009981568,31,True,neutral,tolerant,31,-0.3383635468564009,True
K31R,-1.1177035841473602,31,True,neutral,tolerant,31,-0.4613993678599556,True
K31S,-2.43159625590894,31,True,neutral,tolerant,31,-1.0037875795333422,True
K31T,-2.51959814493741,31,True,neutral,tolerant,31,-1.040115651254784,True
K31V,-4.20362597419926,31,True,mild,tolerant,31,-1.7352994073959367,True
K31W,-4.77231081709612,31,True,mild,tolerant,31,-1.9700582743671955,True
K31Y,-4.77231081709612,31,True,mild,tolerant,31,-1.9700582743671955,True
E32A,-2.8283962644946,32,True,neutral,tolerant,32,-1.8008304974610791,True
E32C,-4.55263556850204,32,True,mild,tolerant,32,-2.898647929394542,True
E32D,-2.57862989689353,32,True,neutral,tolerant,32,-1.6418050816583705,True
E32E,0.0,32,True,neutral,tolerant,32,0.0,True
E32F,-5.66357277618754,32,True,impactful,tolerant,32,-3.6059779557696787,True
E32G,-5.66357277618754,32,True,impactful,tolerant,32,-3.6059779557696787,True
E32H,-3.23375997103866,32,True,neutral,tolerant,32,-2.058924221622763,True
E32I,-3.1665536117360897,32,True,neutral,tolerant,32,-2.016134156109428,True
E32K,-2.903763959003681,32,True,neutral,tolerant,32,-1.8488168579647533,True
E32L,-3.23018404185179,32,True,neutral,tolerant,32,-2.0566474393990997,True
E32M,-2.90150397385107,32,True,neutral,tolerant,32,-1.8473779329323166,True
E32N,-3.6207557723452495,32,True,neutral,tolerant,32,-2.305323161591249,True
E32P,-5.66357277618754,32,True,impactful,tolerant,32,-3.6059779557696787,True
E32Q,-1.289440464761,32,True,neutral,tolerant,32,-0.8209824566491292,True
E32R,-3.04318383343376,32,True,neutral,tolerant,32,-1.937585028456855,True
E32S,-4.352300828851701,32,True,mild,tolerant,32,-2.7710954667527066,True
E32T,-3.1653799412660004,32,True,neutral,tolerant,32,-2.0153868840234623,True
E32V,-4.2458367968276205,32,True,mild,tolerant,32,-2.7033101715455317,True
E32W,-5.66357277618754,32,True,impactful,tolerant,32,-3.6059779557696787,True
E32Y,-5.66357277618754,32,True,impactful,tolerant,32,-3.6059779557696787,True
L33A,-6.83188058691696,33,True,impactful,sensitive,33,-4.33266473602767,True
L33C,-6.83188058691696,33,True,impactful,sensitive,33,-4.33266473602767,True
L33D,-6.47421637021817,33,True,impactful,sensitive,33,-4.105840054402327,True
L33E,-6.47421637021817,33,True,impactful,sensitive,33,-4.105840054402327,True
L33F,-6.606219590813861,33,True,impactful,sensitive,33,-4.189554295545866,True
L33G,-6.83188058691696,33,True,impactful,sensitive,33,-4.33266473602767,True
L33H,-6.47421637021817,33,True,impactful,sensitive,33,-4.105840054402327,True
L33I,-3.1673041361332595,33,True,neutral,sensitive,33,-2.0086514634313755,True
L33K,-4.71193449974638,33,True,mild,sensitive,33,-2.988230280930035,True
L33L,0.0,33,True,neutral,sensitive,33,0.0,True
L33M,-4.50287845447495,33,True,mild,sensitive,33,-2.8556504233523903,True
L33N,-6.47421637021817,33,True,impactful,sensitive,33,-4.105840054402327,True
L33P,-6.83188058691696,33,True,impactful,sensitive,33,-4.33266473602767,True
L33Q,-6.47421637021817,33,True,impactful,sensitive,33,-4.105840054402327,True
L33R,-6.47421637021817,33,True,impactful,sensitive,33,-4.105840054402327,True
L33S,-6.83188058691696,33,True,impactful,sensitive,33,-4.33266473602767,True
L33T,-6.83188058691696,33,True,impactful,sensitive,33,-4.33266473602767,True
L33V,-4.50287845447495,33,True,mild,sensitive,33,-2.8556504233523903,True
L33W,-6.606219590813861,33,True,impactful,sensitive,33,-4.189554295545866,True
L33Y,-6.606219590813861,33,True,impactful,sensitive,33,-4.189554295545866,True
E34A,-3.1588529724627104,34,True,neutral,sensitive,34,-1.369692228859932,True
E34C,-4.37292021336277,34,True,mild,sensitive,34,-1.8961170038243074,True
E34D,-2.5443348800681203,34,True,neutral,sensitive,34,-1.103234542166622,True
E34E,0.0,34,True,neutral,sensitive,34,0.0,True
E34F,-5.85489377055838,34,True,impactful,sensitive,34,-2.53870710927142,True
E34G,-4.16757870437427,34,True,mild,sensitive,34,-1.80708004275782,True
E34H,-3.62192067763511,34,True,neutral,sensitive,34,-1.5704803765641144,True
E34I,-4.93741378545153,34,True,mild,sensitive,34,-2.140883843456153,True
E34K,-5.85489377055838,34,True,impactful,sensitive,34,-2.53870710927142,True
E34L,-3.92719189458888,34,True,mild,sensitive,34,-1.7028472886050414,True
E34M,-4.93741378545153,34,True,mild,sensitive,34,-2.140883843456153,True
E34N,-2.72123382419286,34,True,neutral,sensitive,34,-1.1799386848327758,True
E34P,-5.85489377055838,34,True,impactful,sensitive,34,-2.53870710927142,True
E34Q,-1.95767830230644,34,True,neutral,sensitive,34,-0.8488577279955973,True
E34R,-5.85489377055838,34,True,impactful,sensitive,34,-2.53870710927142,True
E34S,-3.06862724623316,34,True,neutral,sensitive,34,-1.3305699660837977,True
E34T,-2.9949651816530496,34,True,neutral,sensitive,34,-1.2986297782065201,True
E34V,-3.88457966522914,34,True,mild,sensitive,34,-1.6843704427634545,True
E34W,-5.85489377055838,34,True,impactful,sensitive,34,-2.53870710927142,True
E34Y,-5.85489377055838,34,True,impactful,sensitive,34,-2.53870710927142,True
R35A,-2.50788141386573,35,True,neutral,tolerant,35,-1.3950950495031385,True
R35C,-2.4516577289471604,35,True,neutral,tolerant,35,-1.3638186964582732,True
R35D,-2.4546881619911,35,True,neutral,tolerant,35,-1.3655044787740065,True
R35E,-2.32146472642458,35,True,neutral,tolerant,35,-1.2913943735636635,True
R35F,-3.11725412925158,35,True,neutral,tolerant,35,-1.7340795221487817,True
R35G,-3.2011777425385897,35,True,neutral,tolerant,35,-1.7807649103755918,True
R35H,-2.41675973971645,35,True,neutral,tolerant,35,-1.344405493049133,True
R35I,-2.9846012834108104,35,True,neutral,tolerant,35,-1.660286827042956,True
R35K,-0.900344386282115,35,True,neutral,tolerant,35,-0.5008474440639437,True
R35L,-2.98388375436748,35,True,neutral,tolerant,35,-1.6598876769034439,True
R35M,-2.450940946786,35,True,neutral,tolerant,35,-1.3634199617975837,True
R35N,-2.19886694275753,35,True,neutral,tolerant,35,-1.223195151651365,True
R35P,-5.25252827056229,35,True,impactful,tolerant,35,-2.921898996947172,True
R35Q,-2.75931568372824,35,True,neutral,tolerant,35,-1.5349639855785204,True
R35R,0.0,35,True,neutral,tolerant,35,0.0,True
R35S,-1.9203019020972696,35,True,neutral,tolerant,35,-1.0682337938131843,True
R35T,-2.3770278193362,35,True,neutral,tolerant,35,-1.3223032496482785,True
R35V,-3.07969269776297,35,True,neutral,tolerant,35,-1.7131846876353598,True
R35W,-4.27535192555829,35,True,mild,tolerant,35,-2.3783111407314004,True
R35Y,-3.01780724343048,35,True,neutral,tolerant,35,-1.678758781171773,True
E36A,-3.11264714734782,36,True,neutral,tolerant,36,-1.51106903012212,True
E36C,-4.490987242486058,36,True,mild,tolerant,36,-2.180199494368163,True
E36D,-2.3882588930980804,36,True,neutral,tolerant,36,-1.1594067295257668,True
E36E,0.0,36,True,neutral,tolerant,36,0.0,True
E36F,-5.3433399901442415,36,True,impactful,tolerant,36,-2.5939835754912686,True
E36G,-5.641986754695782,36,True,impactful,tolerant,36,-2.7389649548437345,True
E36H,-3.75986754842263,36,True,neutral,tolerant,36,-1.825269341763829,True
E36I,-3.13730747836573,36,True,neutral,tolerant,36,-1.5230406609269396,True
E36K,-3.59418313950923,36,True,neutral,tolerant,36,-1.744836010508646,True
E36L,-3.38159887228481,36,True,neutral,tolerant,36,-1.6416346236223314,True
E36M,-3.28601414489485,36,True,neutral,tolerant,36,-1.5952319591138593,True
E36N,-3.75986754842263,36,True,neutral,tolerant,36,-1.825269341763829,True
E36P,-5.641986754695782,36,True,impactful,tolerant,36,-2.7389649548437345,True
E36Q,-3.75986754842263,36,True,neutral,tolerant,36,-1.825269341763829,True
E36R,-4.95060735229815,36,True,mild,tolerant,36,-2.403327166950696,True
E36S,-4.490987242486058,36,True,mild,tolerant,36,-2.180199494368163,True
E36T,-3.21285236175094,36,True,neutral,tolerant,36,-1.5597147612228388,True
E36V,-2.49313208307696,36,True,neutral,tolerant,36,-1.2103185810673802,True
E36W,-5.3433399901442415,36,True,impactful,tolerant,36,-2.5939835754912686,True
E36Y,-4.21305266527528,36,True,mild,tolerant,36,-2.0452730757469126,True
L37A,-4.38759483432242,37,True,mild,sensitive,37,-2.1059753867476956,True
L37C,-5.19181655358117,37,True,impactful,sensitive,37,-2.4919889568699687,True
L37D,-5.70472730701103,37,True,impactful,sensitive,37,-2.738177919868945,True
L37E,-4.30253997364728,37,True,mild,sensitive,37,-2.0651504131872636,True
L37F,-2.46655149614875,37,True,neutral,sensitive,37,-1.1839052914367745,True
L37G,-6.10985797110471,37,True,impactful,sensitive,37,-2.932634162802734,True
L37H,-5.70472730701103,37,True,impactful,sensitive,37,-2.738177919868945,True
L37I,-2.75430848343628,37,True,neutral,sensitive,37,-1.322024045668965,True
L37K,-4.13143730515374,37,True,mild,sensitive,37,-1.9830238673094482,True
L37L,0.0,37,True,neutral,sensitive,37,0.0,True
L37M,-1.9895613441418705,37,True,neutral,sensitive,37,-0.9549576429461952,True
L37N,-5.70472730701103,37,True,impactful,sensitive,37,-2.738177919868945,True
L37P,-6.10985797110471,37,True,impactful,sensitive,37,-2.932634162802734,True
L37Q,-5.70472730701103,37,True,impactful,sensitive,37,-2.738177919868945,True
L37R,-5.78879951586434,37,True,impactful,sensitive,37,-2.778531236262145,True
L37S,-4.33222428569374,37,True,mild,sensitive,37,-2.0793984084792076,True
L37T,-5.43695050352813,37,True,impactful,sensitive,37,-2.6096493344887386,True
L37V,-2.78208392079569,37,True,neutral,sensitive,37,-1.3353558116236268,True
L37W,-5.50216197496419,37,True,impactful,sensitive,37,-2.6409497984020507,True
L37Y,-5.50216197496419,37,True,impactful,sensitive,37,-2.6409497984020507,True
E38A,-1.47464214723647,38,True,neutral,tolerant,38,-0.7783069392890254,True
E38C,-3.60215249758946,38,True,neutral,tolerant,38,-1.901193649255975,True
E38D,-0.287961120293152,38,True,neutral,tolerant,38,-0.15198408548786876,True
E38E,0.0,38,True,neutral,tolerant,38,0.0,True
E38F,-4.7426141936231785,38,True,mild,tolerant,38,-2.5031222281181904,True
E38G,-3.58534967828204,38,True,neutral,tolerant,38,-1.892325225895709,True
E38H,-3.17840480660506,38,True,neutral,tolerant,38,-1.6775422576156862,True
E38I,-2.8365447620901203,38,True,neutral,tolerant,38,-1.4971106556773712,True
E38K,-3.516211491687069,38,True,neutral,tolerant,38,-1.8558345216949859,True
E38L,-2.70402911960366,38,True,neutral,tolerant,38,-1.4271697250557698,True
E38M,-3.51621362823456,38,True,neutral,tolerant,38,-1.8558356493514423,True
E38N,-2.2307795612409302,38,True,neutral,tolerant,38,-1.1773915561763242,True
E38P,-4.7426141936231785,38,True,mild,tolerant,38,-2.5031222281181904,True
E38Q,-2.01891514727023,38,True,neutral,tolerant,38,-1.0655708382544753,True
E38R,-4.37276536134583,38,True,mild,tolerant,38,-2.307918318350078,True
E38S,-2.38825796499235,38,True,neutral,tolerant,38,-1.260507676692466,True
E38T,-1.96863722869587,38,True,neutral,tolerant,38,-1.0390344660283273,True
E38V,-1.6666386560412902,38,True,neutral,tolerant,38,-0.8796415006279232,True
E38W,-4.7426141936231785,38,True,mild,tolerant,38,-2.5031222281181904,True
E38Y,-4.7426141936231785,38,True,mild,tolerant,38,-2.5031222281181904,True
D39A,-3.57699847603119,39,True,neutral,tolerant,39,-1.0095968569793325,True
D39C,-4.402393377442071,39,True,mild,tolerant,39,-1.2425620382102136,True
D39D,0.0,39,True,neutral,tolerant,39,0.0,True
D39E,-1.85621044943636,39,True,neutral,tolerant,39,-0.5239097103900479,True
D39F,-4.72096659780194,39,True,mild,tolerant,39,-1.3324783532850717,True
D39G,-5.320375549210151,39,True,impactful,tolerant,39,-1.5016596927354748,True
D39H,-1.9485320582100505,39,True,neutral,tolerant,39,-0.5499672015166895,True
D39I,-2.18921074422828,39,True,neutral,tolerant,39,-0.6178980230068694,True
D39K,-5.320375549210151,39,True,impactful,tolerant,39,-1.5016596927354748,True
D39L,-3.54690842449884,39,True,neutral,tolerant,39,-1.0011040321551203,True
D39M,-3.5687298629752005,39,True,neutral,tolerant,39,-1.0072630662861457,True
D39N,-1.91651621220541,39,True,neutral,tolerant,39,-0.5409308271048997,True
D39P,-3.26025993841228,39,True,neutral,tolerant,39,-0.9201983754851253,True
D39Q,-3.6005323727390297,39,True,neutral,tolerant,39,-1.0162392271978051,True
D39R,-5.320375549210151,39,True,impactful,tolerant,39,-1.5016596927354748,True
D39S,-4.01660087075811,39,True,mild,tolerant,39,-1.1336732855858445,True
D39T,-3.50776303867331,39,True,neutral,tolerant,39,-0.9900553669796885,True
D39V,-2.0413266376572903,39,True,neutral,tolerant,39,-0.5761581871663674,True
D39W,-4.72096659780194,39,True,mild,tolerant,39,-1.3324783532850717,True
D39Y,-4.40866504363492,39,True,mild,tolerant,39,-1.244332196771575,True
I40A,-3.63850739967098,40,True,neutral,tolerant,40,-1.7131156751323635,True
I40C,-3.4408731343616803,40,True,neutral,tolerant,40,-1.6200636841221911,True
I40D,-3.67509526878456,40,True,neutral,tolerant,40,-1.7303423137545177,True
I40E,-4.571518544177018,40,True,mild,tolerant,40,-2.1524046035734643,True
I40F,-3.3444055055281003,40,True,neutral,tolerant,40,-1.5746439037164677,True
I40G,-5.32741491890863,40,True,impactful,tolerant,40,-2.5083027195002177,True
I40H,-4.571518544177018,40,True,mild,tolerant,40,-2.1524046035734643,True
I40I,0.0,40,True,neutral,tolerant,40,0.0,True
I40K,-3.6557336328217898,40,True,neutral,tolerant,40,-1.721226289401502,True
I40L,-1.57205169552894,40,True,neutral,tolerant,40,-0.740167905656195,True
I40M,-1.23613574201098,40,True,neutral,tolerant,40,-0.5820088524272007,True
I40N,-4.30336401148162,40,True,mild,tolerant,40,-2.026149608637953,True
I40P,-3.7101776832946,40,True,neutral,tolerant,40,-1.7468601403292485,True
I40Q,-4.571518544177018,40,True,mild,tolerant,40,-2.1524046035734643,True
I40R,-5.04537917216175,40,True,impactful,tolerant,40,-2.3755120430971868,True
I40S,-3.21394086055479,40,True,neutral,tolerant,40,-1.513217334026224,True
I40T,-4.36183962520778,40,True,mild,tolerant,40,-2.0536816374298494,True
I40V,-2.13516546087999,40,True,neutral,tolerant,40,-1.005298332048326,True
I40W,-4.3804057854485,40,True,mild,tolerant,40,-2.062423128552905,True
I40Y,-4.3804057854485,40,True,mild,tolerant,40,-2.062423128552905,True
E41A,-2.5004059548205,41,True,neutral,sensitive,41,-0.8661806972052205,True
E41C,-4.65966008049116,41,True,mild,sensitive,41,-1.6141809330912877,True
E41D,-1.3891196694131005,41,True,neutral,sensitive,41,-0.48121331715517474,True
E41E,0.0,41,True,neutral,sensitive,41,0.0,True
E41F,-6.28820618874706,41,True,impactful,sensitive,41,-2.178335405992153,True
E41G,-6.28820618874706,41,True,impactful,sensitive,41,-2.178335405992153,True
E41H,-3.968021109001701,41,True,mild,sensitive,41,-1.3745861083453002,True
E41I,-5.79932332846608,41,True,impactful,sensitive,41,-2.0089785477773994,True
E41K,-3.93839721988441,41,True,mild,sensitive,41,-1.364323918367678,True
E41L,-5.79932332846608,41,True,impactful,sensitive,41,-2.0089785477773994,True
E41M,-5.79932332846608,41,True,impactful,sensitive,41,-2.0089785477773994,True
E41N,-4.20135876437926,41,True,mild,sensitive,41,-1.4554180119126052,True
E41P,-5.19889643771395,41,True,impactful,sensitive,41,-1.8009810496712253,True
E41Q,-2.43306314363214,41,True,neutral,sensitive,41,-0.8428520680942405,True
E41R,-5.74394133237434,41,True,impactful,sensitive,41,-1.9897933367140204,True
E41S,-4.65966008049116,41,True,mild,sensitive,41,-1.6141809330912877,True
E41T,-4.65966008049116,41,True,mild,sensitive,41,-1.6141809330912877,True
E41V,-5.38968987355561,41,True,impactful,sensitive,41,-1.8670749537274456,True
E41W,-6.28820618874706,41,True,impactful,sensitive,41,-2.178335405992153,True
E41Y,-6.28820618874706,41,True,impactful,sensitive,41,-2.178335405992153,True
P42A,-5.26506691689,42,True,impactful,sensitive,42,-2.9237549729202557,True
P42C,-5.583931960464258,42,True,impactful,sensitive,42,-3.100824566062551,True
P42D,-4.00562054845455,42,True,mild,sensitive,42,-2.2243692593167155,True
P42E,-4.20079379388426,42,True,mild,sensitive,42,-2.3327513095192547,True
P42F,-6.60058170099063,42,True,impactful,sensitive,42,-3.6653823924876408,True
P42G,-6.60058170099063,42,True,impactful,sensitive,42,-3.6653823924876408,True
P42H,-5.2632815025786295,42,True,impactful,sensitive,42,-2.922763510883022,True
P42I,-5.943810884466469,42,True,impactful,sensitive,42,-3.300669660210409,True
P42K,-4.10866854709829,42,True,mild,sensitive,42,-2.2815930521459395,True
P42L,-5.62780752311281,42,True,impactful,sensitive,42,-3.125189193617779,True
P42M,-5.943810884466469,42,True,impactful,sensitive,42,-3.300669660210409,True
P42N,-5.2632815025786295,42,True,impactful,sensitive,42,-2.922763510883022,True
P42P,0.0,42,True,neutral,sensitive,42,0.0,True
P42Q,-5.045181420321692,42,True,impactful,sensitive,42,-2.801649912488397,True
P42R,-4.16366647878307,42,True,mild,sensitive,42,-2.3121340649767292,True
P42S,-5.21929531189526,42,True,impactful,sensitive,42,-2.898337450249725,True
P42T,-5.23500954996671,42,True,impactful,sensitive,42,-2.9070637556191152,True
P42V,-5.943810884466469,42,True,impactful,sensitive,42,-3.300669660210409,True
P42W,-6.60058170099063,42,True,impactful,sensitive,42,-3.6653823924876408,True
P42Y,-6.60058170099063,42,True,impactful,sensitive,42,-3.6653823924876408,True
D43A,-5.2167169267067095,43,True,impactful,sensitive,43,-3.217039499900979,True
D43C,-5.2167169267067095,43,True,impactful,sensitive,43,-3.217039499900979,True
D43D,0.0,43,True,neutral,sensitive,43,0.0,True
D43E,-2.31636659480925,43,True,neutral,sensitive,43,-1.4284545119945389,True
D43F,-5.649784480184469,43,True,impactful,sensitive,43,-3.484103142655111,True
D43G,-5.649784480184469,43,True,impactful,sensitive,43,-3.484103142655111,True
D43H,-3.7216934959151,43,True,neutral,sensitive,43,-2.295090025220486,True
D43I,-5.649784480184469,43,True,impactful,sensitive,43,-3.484103142655111,True
D43K,-3.73793980857252,43,True,neutral,sensitive,43,-2.3051087841987803,True
D43L,-5.649784480184469,43,True,impactful,sensitive,43,-3.484103142655111,True
D43M,-5.649784480184469,43,True,impactful,sensitive,43,-3.484103142655111,True
D43N,-0.938319543547124,43,True,neutral,sensitive,43,-0.578641907837961,True
D43P,-5.649784480184469,43,True,impactful,sensitive,43,-3.484103142655111,True
D43Q,-3.7216934959151,43,True,neutral,sensitive,43,-2.295090025220486,True
D43R,-5.09024835014926,43,True,impactful,sensitive,43,-3.1390489913114297,True
D43S,-3.69070055777018,43,True,neutral,sensitive,43,-2.2759773327683126,True
D43T,-3.65030599165721,43,True,neutral,sensitive,43,-2.2510668542829824,True
D43V,-5.649784480184469,43,True,impactful,sensitive,43,-3.484103142655111,True
D43W,-5.649784480184469,43,True,impactful,sensitive,43,-3.484103142655111,True
D43Y,-5.649784480184469,43,True,impactful,sensitive,43,-3.484103142655111,True
R44A,-0.917307295701252,44,True,neutral,tolerant,44,-0.5503826475562384,True
R44C,-3.12665921044553,44,True,neutral,tolerant,44,-1.8759896299915149,True
R44D,-0.6682567319095961,44,True,neutral,tolerant,44,-0.40095277894253967,True
R44E,-1.21840937815628,44,True,neutral,tolerant,44,-0.7310433292088425,True
R44F,-4.42021568267187,44,True,mild,tolerant,44,-2.652121073929478,True
R44G,-1.48743168354443,44,True,neutral,tolerant,44,-0.8924562051175878,True
R44H,0.272515017382625,44,True,neutral,tolerant,44,0.16350849651884958,True
R44I,-3.7053141329109502,44,True,neutral,tolerant,44,-2.223181492239268,True
R44K,-1.9568950721798304,44,True,neutral,tolerant,44,-1.174133352981487,True
R44L,-3.4698738895100703,44,True,neutral,tolerant,44,-2.081917790193597,True
R44M,-2.7479620212907405,44,True,neutral,tolerant,44,-1.6487720306484486,True
R44N,-1.5979029303318302,44,True,neutral,tolerant,44,-0.9587387448625783,True
R44P,-1.60446013995853,44,True,neutral,tolerant,44,-0.9626730582729665,True
R44Q,-1.53519625523004,44,True,neutral,tolerant,44,-0.9211148580541906,True
R44R,0.0,44,True,neutral,tolerant,44,0.0,True
R44S,-1.6839060057163,44,True,neutral,tolerant,44,-1.0103404279080592,True
R44T,-1.52760810497169,44,True,neutral,tolerant,44,-0.9165619822089675,True
R44V,-3.33913185796229,44,True,neutral,tolerant,44,-2.0034728178191665,True
R44W,-4.42021568267187,44,True,mild,tolerant,44,-2.652121073929478,True
R44Y,-4.42021568267187,44,True,mild,tolerant,44,-2.652121073929478,True
N45A,-1.7130258075877198,45,True,neutral,tolerant,45,-0.808131501812826,True
N45C,-2.0235034583182,45,True,neutral,tolerant,45,-0.9546014318353442,True
N45D,-1.6833364918583402,45,True,neutral,tolerant,45,-0.7941253664692112,True
N45E,-1.59508714633933,45,True,neutral,tolerant,45,-0.7524931413081055,True
N45F,-1.3097703096081998,45,True,neutral,tolerant,45,-0.6178929953332435,True
N45G,-2.52265112139367,45,True,neutral,tolerant,45,-1.190077715263658,True
N45H,-1.47899282397166,45,True,neutral,tolerant,45,-0.6977248601348967,True
N45I,-2.14454420575232,45,True,neutral,tolerant,45,-1.011703222462905,True
N45K,-1.84481021367169,45,True,neutral,tolerant,45,-0.8703016860169519,True
N45L,-1.99987699505048,45,True,neutral,tolerant,45,-0.9434554881148842,True
N45M,-1.97593829647358,45,True,neutral,tolerant,45,-0.9321622452771495,True
N45N,0.0,45,True,neutral,tolerant,45,0.0,True
N45P,-4.07969597923795,45,True,mild,tolerant,45,-1.9246241498743355,True
N45Q,-1.83476641018306,45,True,neutral,tolerant,45,-0.8655634538424996,True
N45R,-1.1150088859024,45,True,neutral,tolerant,45,-0.5260129774506102,True
N45S,-0.117882591059471,45,True,neutral,tolerant,45,-0.05561190901416075,True
N45T,-0.5378802206765121,45,True,neutral,tolerant,45,-0.2537486292415155,True
N45V,-2.08074756234014,45,True,neutral,tolerant,45,-0.981606724778551,True
N45W,-3.1605882779618595,45,True,neutral,tolerant,45,-1.4910288802234162,True
N45Y,-1.70978571438998,45,True,neutral,tolerant,45,-0.8066029659493819,True
L46A,-6.0030213360206295,46,True,impactful,sensitive,46,-3.7750160644966013,True
L46C,-6.13028234250647,46,True,impactful,sensitive,46,-3.855044489680663,True
L46D,-6.952190065990349,46,True,impactful,sensitive,46,-4.37190336557169,True
L46E,-6.952190065990349,46,True,impactful,sensitive,46,-4.37190336557169,True
L46F,-5.501141091966669,46,True,impactful,sensitive,46,-3.459407327211469,True
L46G,-6.952190065990349,46,True,impactful,sensitive,46,-4.37190336557169,True
L46H,-6.952190065990349,46,True,impactful,sensitive,46,-4.37190336557169,True
L46I,-2.22361907525433,46,True,neutral,sensitive,46,-1.398328818196512,True
L46K,-4.19090109205201,46,True,mild,sensitive,46,-2.6354593898045606,True
L46L,0.0,46,True,neutral,sensitive,46,0.0,True
L46M,-3.33819542352276,46,True,neutral,sensitive,46,-2.09923314358584,True
L46N,-6.952190065990349,46,True,impactful,sensitive,46,-4.37190336557169,True
L46P,-6.952190065990349,46,True,impactful,sensitive,46,-4.37190336557169,True
L46Q,-6.952190065990349,46,True,impactful,sensitive,46,-4.37190336557169,True
L46R,-4.31476877256622,46,True,mild,sensitive,46,-2.7133539128520243,True
L46S,-4.9484223515684915,46,True,mild,sensitive,46,-3.1118286651748304,True
L46T,-4.06162437504852,46,True,mild,sensitive,46,-2.5541633796562673,True
L46V,-0.937257638747827,46,True,neutral,sensitive,46,-0.5893969794201378,True
L46W,-6.72292470454834,46,True,impactful,sensitive,46,-4.227729228244714,True
L46Y,-6.72292470454834,46,True,impactful,sensitive,46,-4.227729228244714,True
P47A,-5.985902464816282,47,True,impactful,sensitive,47,-2.9852914510530644,True
P47C,-6.41323717100088,47,True,impactful,sensitive,47,-3.198411970909431,True
P47D,-4.74925733458693,47,True,mild,sensitive,47,-2.3685513426133933,True
P47E,-4.6153093909557095,47,True,mild,sensitive,47,-2.301748775522001,True
P47F,-7.2392641345744595,47,True,impactful,sensitive,47,-3.610368438157217,True
P47G,-6.588332994937018,47,True,impactful,sensitive,47,-3.2857358238094783,True
P47H,-6.56893700642789,47,True,impactful,sensitive,47,-3.27606264937649,True
P47I,-4.92105377203922,47,True,mild,sensitive,47,-2.4542297242880324,True
P47K,-4.451110632890799,47,True,mild,sensitive,47,-2.2198595112705575,True
P47L,-6.86081417337407,47,True,impactful,sensitive,47,-3.421627736072028,True
P47M,-6.86081417337407,47,True,impactful,sensitive,47,-3.421627736072028,True
P47N,-6.56893700642789,47,True,impactful,sensitive,47,-3.27606264937649,True
P47P,0.0,47,True,neutral,sensitive,47,0.0,True
P47Q,-6.56893700642789,47,True,impactful,sensitive,47,-3.27606264937649,True
P47R,-6.6220388326147805,47,True,impactful,sensitive,47,-3.302545611416516,True
P47S,-6.0747875330331516,47,True,impactful,sensitive,47,-3.029620244553082,True
P47T,-4.54853985333248,47,True,mild,sensitive,47,-2.26844944747097,True
P47V,-6.86081417337407,47,True,impactful,sensitive,47,-3.421627736072028,True
P47W,-7.2392641345744595,47,True,impactful,sensitive,47,-3.610368438157217,True
P47Y,-7.2392641345744595,47,True,impactful,sensitive,47,-3.610368438157217,True
V48A,-2.3176262689771803,48,True,neutral,sensitive,48,-0.8954489678833267,True
V48C,-4.10283400010992,48,True,mild,sensitive,48,-1.585190209470836,True
V48D,-5.4023793725387,48,True,impactful,sensitive,48,-2.0872886616826594,True
V48E,-4.57299298305205,48,True,mild,sensitive,48,-1.7668430417898289,True
V48F,-5.92980168990067,48,True,impactful,sensitive,48,-2.2910660247727126,True
V48G,-5.3734236841335585,48,True,impactful,sensitive,48,-2.0761012059466757,True
V48H,-5.4023793725387,48,True,impactful,sensitive,48,-2.0872886616826594,True
V48I,-1.34613268991454,48,True,neutral,sensitive,48,-0.5200981469501327,True
V48K,-3.88190419177047,48,True,mild,sensitive,48,-1.4998307313270502,True
V48L,-2.65898644990248,48,True,neutral,sensitive,48,-1.0273384902699212,True
V48M,-3.7938942556035298,48,True,mild,sensitive,48,-1.4658267991318288,True
V48N,-5.4023793725387,48,True,impactful,sensitive,48,-2.0872886616826594,True
V48P,-2.8921006362071098,48,True,neutral,sensitive,48,-1.1174055818970647,True
V48Q,-5.4023793725387,48,True,impactful,sensitive,48,-2.0872886616826594,True
V48R,-5.4560475459965705,48,True,impactful,sensitive,48,-2.1080241491830845,True
V48S,-2.4452983761639,48,True,neutral,sensitive,48,-0.944776962710677,True
V48T,-1.46858549596755,48,True,neutral,sensitive,48,-0.5674095880838129,True
V48V,0.0,48,True,neutral,sensitive,48,0.0,True
V48W,-5.92980168990067,48,True,impactful,sensitive,48,-2.2910660247727126,True
V48Y,-5.92980168990067,48,True,impactful,sensitive,48,-2.2910660247727126,True
G49A,-3.60235133885341,49,True,neutral,sensitive,49,-1.5949640316322278,True
G49C,-4.57974653775457,49,True,mild,sensitive,49,-2.0277119899237035,True
G49D,-3.17531232046937,49,True,neutral,sensitive,49,-1.4058897825216823,True
G49E,-4.55228771916723,49,True,mild,sensitive,49,-2.0155544228575604,True
G49F,-6.25401377408916,49,True,impactful,sensitive,49,-2.769004487546638,True
G49G,0.0,49,True,neutral,sensitive,49,0.0,True
G49H,-3.74015296286066,49,True,neutral,sensitive,49,-1.6559765795815424,True
G49I,-6.25401377408916,49,True,impactful,sensitive,49,-2.769004487546638,True
G49K,-4.07308933234439,49,True,mild,sensitive,49,-1.803386280690204,True
G49L,-6.25401377408916,49,True,impactful,sensitive,49,-2.769004487546638,True
G49M,-6.25401377408916,49,True,impactful,sensitive,49,-2.769004487546638,True
G49N,-3.6319120616826295,49,True,neutral,sensitive,49,-1.6080522302077342,True
G49P,-6.25401377408916,49,True,impactful,sensitive,49,-2.769004487546638,True
G49Q,-4.88643785501496,49,True,mild,sensitive,49,-2.1635015267654727,True
G49R,-4.25808979075049,49,True,mild,sensitive,49,-1.8852964136110868,True
G49S,-2.937336886394,49,True,neutral,sensitive,49,-1.3005246412406288,True
G49T,-4.57974653775457,49,True,mild,sensitive,49,-2.0277119899237035,True
G49V,-6.25401377408916,49,True,impactful,sensitive,49,-2.769004487546638,True
G49W,-6.25401377408916,49,True,impactful,sensitive,49,-2.769004487546638,True
G49Y,-6.25401377408916,49,True,impactful,sensitive,49,-2.769004487546638,True
L50A,-3.39389462344184,50,True,neutral,tolerant,50,-1.242193124068376,True
L50C,-4.19568899151226,50,True,mild,tolerant,50,-1.5356564048828436,True
L50D,-2.28430441998698,50,True,neutral,tolerant,50,-0.8360740560970018,True
L50E,-2.3780824415186403,50,True,neutral,tolerant,50,-0.8703975771429289,True
L50F,-2.37351584731664,50,True,neutral,tolerant,50,-0.8687261664046713,True
L50G,-4.5243656291283205,50,True,mild,tolerant,50,-1.655954736029771,True
L50H,-1.28488596297805,50,True,neutral,tolerant,50,-0.4702787462519043,True
L50I,-3.23096328469514,50,True,neutral,tolerant,50,-1.1825589246773662,True
L50K,-2.9068834217938,50,True,neutral,tolerant,50,-1.0639430505826044,True
L50L,0.0,50,True,neutral,tolerant,50,0.0,True
L50M,-0.29272287946249104,50,True,neutral,tolerant,50,-0.10713896230432965,True
L50N,-3.3662747222649503,50,True,neutral,tolerant,50,-1.2320840148778889,True
L50P,-4.19163071799215,50,True,mild,tolerant,50,-1.5341710436617113,True
L50Q,-0.787967144820364,50,True,neutral,tolerant,50,-0.2884024042841411,True
L50R,-4.07855218999671,50,True,mild,tolerant,50,-1.4927833797709393,True
L50S,-2.93934649272752,50,True,neutral,tolerant,50,-1.0758247994210866,True
L50T,-4.19568899151226,50,True,mild,tolerant,50,-1.5356564048828436,True
L50V,-2.49028931047271,50,True,neutral,tolerant,50,-0.9114662067124101,True
L50W,-3.5935409851876403,50,True,neutral,tolerant,50,-1.3152653214468548,True
L50Y,-2.44226267893311,50,True,neutral,tolerant,50,-0.8938880677040294,True
R51A,-4.01410244255198,51,True,mild,sensitive,51,-3.0159211439871014,True
R51C,-6.1580578929296514,51,True,impactful,sensitive,51,-4.626742159917533,True
R51D,-6.2241097690424585,51,True,impactful,sensitive,51,-4.676369007418212,True
R51E,-4.427038750811231,51,True,mild,sensitive,51,-3.32617315200693,True
R51F,-7.1219170725775705,51,True,impactful,sensitive,51,-5.350919811417163,True
R51G,-6.23741548989789,51,True,impactful,sensitive,51,-4.686366013084657,True
R51H,-6.2241097690424585,51,True,impactful,sensitive,51,-4.676369007418212,True
R51I,-3.22180871254076,51,True,neutral,sensitive,51,-2.420645999222705,True
R51K,-4.3774489277573405,51,True,mild,sensitive,51,-3.2889147616157457,True
R51L,-5.157953034436591,51,True,impactful,sensitive,51,-3.875331992364394,True
R51M,-5.56211113633384,51,True,impactful,sensitive,51,-4.178988658448551,True
R51N,-6.2241097690424585,51,True,impactful,sensitive,51,-4.676369007418212,True
R51P,-7.1219170725775705,51,True,impactful,sensitive,51,-5.350919811417163,True
R51Q,-5.539668089283018,51,True,impactful,sensitive,51,-4.162126492844965,True
R51R,0.0,51,True,neutral,sensitive,51,0.0,True
R51S,-5.1209265034347,51,True,impactful,sensitive,51,-3.8475127975791947,True
R51T,-6.02716481514974,51,True,impactful,sensitive,51,-4.52839808262313,True
R51V,-3.7205817950925897,51,True,neutral,sensitive,51,-2.795389869676432,True
R51W,-7.1219170725775705,51,True,impactful,sensitive,51,-5.350919811417163,True
R51Y,-7.1219170725775705,51,True,impactful,sensitive,51,-5.350919811417163,True
Q52A,-3.812505619429,52,True,mild,sensitive,52,-1.8012333639215408,True
Q52C,-3.37858586430225,52,True,neutral,sensitive,52,-1.5962262588261715,True
Q52D,-4.24838477109143,52,True,mild,sensitive,52,-2.0071661936624645,True
Q52E,-2.51877258787611,52,True,neutral,sensitive,52,-1.1900040745626344,True
Q52F,-6.39066571340189,52,True,impactful,sensitive,52,-3.0192953007038343,True
Q52G,-5.151817047004831,52,True,impactful,sensitive,52,-2.4339963468105426,True
Q52H,-4.04024414497745,52,True,mild,sensitive,52,-1.9088293313550535,True
Q52I,-5.65412820140914,52,True,impactful,sensitive,52,-2.6713152390823645,True
Q52K,-4.24868384958671,52,True,mild,sensitive,52,-2.0073074944808513,True
Q52L,-5.65412820140914,52,True,impactful,sensitive,52,-2.6713152390823645,True
Q52M,-4.28345483584512,52,True,mild,sensitive,52,-2.0237351845086198,True
Q52N,-2.92412023375172,52,True,neutral,sensitive,52,-1.3815121735979228,True
Q52P,-6.39066571340189,52,True,impactful,sensitive,52,-3.0192953007038343,True
Q52Q,0.0,52,True,neutral,sensitive,52,0.0,True
Q52R,-5.9648515374403,52,True,impactful,sensitive,52,-2.8181177085544364,True
Q52S,-3.01527596272995,52,True,neutral,sensitive,52,-1.4245790584075952,True
Q52T,-2.93598012473236,52,True,neutral,sensitive,52,-1.387115426014899,True
Q52V,-4.49300137048247,52,True,mild,sensitive,52,-2.1227362738603164,True
Q52W,-6.39066571340189,52,True,impactful,sensitive,52,-3.0192953007038343,True
Q52Y,-6.39066571340189,52,True,impactful,sensitive,52,-3.0192953007038343,True
K53A,-3.25953890859351,53,True,neutral,sensitive,53,-1.5963124135906699,True
K53C,-4.32920119299716,53,True,mild,sensitive,53,-2.1201641701816327,True
K53D,-3.50659512529652,53,True,neutral,sensitive,53,-1.7173046510319883,True
K53E,-2.6224058975838904,53,True,neutral,sensitive,53,-1.2842856628433015,True
K53F,-5.69358546222247,53,True,impactful,sensitive,53,-2.788351790255785,True
K53G,-4.10384007307409,53,True,mild,sensitive,53,-2.009796795113506,True
K53H,-4.45437276079437,53,True,mild,sensitive,53,-2.1814651495859594,True
K53I,-5.31457258389229,53,True,impactful,sensitive,53,-2.6027356710574217,True
K53K,0.0,53,True,neutral,sensitive,53,0.0,True
K53L,-4.42818295500739,53,True,mild,sensitive,53,-2.168639067965316,True
K53M,-5.31457258389229,53,True,impactful,sensitive,53,-2.6027356710574217,True
K53N,-3.2756583301762,53,True,neutral,sensitive,53,-1.6042066690341348,True
K53P,-4.01853945220771,53,True,mild,sensitive,53,-1.9680220399120874,True
K53Q,-4.45437276079437,53,True,mild,sensitive,53,-2.1814651495859594,True
K53R,-1.2502808717986,53,True,neutral,sensitive,53,-0.6123071183059674,True
K53S,-3.25070695760234,53,True,neutral,sensitive,53,-1.5919870923109456,True
K53T,-3.31431286691141,53,True,neutral,sensitive,53,-1.6231371737964286,True
K53V,-5.31457258389229,53,True,impactful,sensitive,53,-2.6027356710574217,True
K53W,-5.69358546222247,53,True,impactful,sensitive,53,-2.788351790255785,True
K53Y,-5.69358546222247,53,True,impactful,sensitive,53,-2.788351790255785,True
S54A,-2.27025049183508,54,True,neutral,tolerant,54,-0.8495640231472722,True
S54C,-3.98116640353873,54,True,mild,tolerant,54,-1.4898161056558952,True
S54D,-0.458587733195745,54,True,neutral,tolerant,54,-0.17161086011475557,True
S54E,-1.74078020445986,54,True,neutral,tolerant,54,-0.6514277782275151,True
S54F,-2.9119590075973703,54,True,neutral,tolerant,54,-1.0897016072154533,True
S54G,-3.1034081395937503,54,True,neutral,tolerant,54,-1.1613449326510648,True
S54H,-3.3490029784922,54,True,neutral,tolerant,54,-1.2532504471082466,True
S54I,-4.940308149747559,54,True,mild,tolerant,54,-1.8487422786082968,True
S54K,-5.33933911865231,54,True,impactful,tolerant,54,-1.9980660455328239,True
S54L,-4.940308149747559,54,True,mild,tolerant,54,-1.8487422786082968,True
S54M,-4.940308149747559,54,True,mild,tolerant,54,-1.8487422786082968,True
S54N,-1.8735992640402,54,True,neutral,tolerant,54,-0.7011307933853279,True
S54P,-3.70728601047108,54,True,neutral,tolerant,54,-1.3873256846946247,True
S54Q,-3.3490029784922,54,True,neutral,tolerant,54,-1.2532504471082466,True
S54R,-5.33933911865231,54,True,impactful,tolerant,54,-1.9980660455328239,True
S54S,0.0,54,True,neutral,tolerant,54,0.0,True
S54T,-2.8919913055034603,54,True,neutral,tolerant,54,-1.0822293739156836,True
S54V,-4.719199673569411,54,True,mild,tolerant,54,-1.7659999524863754,True
S54W,-3.7894660597791,54,True,neutral,tolerant,54,-1.4180787727629498,True
S54Y,-2.54849619251819,54,True,neutral,tolerant,54,-0.9536880119960527,True
L55A,-2.67823450481839,55,True,neutral,tolerant,55,-0.46258499566915384,True
L55C,-4.49162467415743,55,True,mild,tolerant,55,-0.7757939705072507,True
L55D,-2.15709274334496,55,True,neutral,tolerant,55,-0.3725733260261519,True
L55E,-2.26892587121159,55,True,neutral,tolerant,55,-0.3918891577342349,True
L55F,-5.413095898422362,55,True,impactful,tolerant,55,-0.9349505945888853,True
L55G,-5.624561240267591,55,True,impactful,tolerant,55,-0.9714749146458718,True
L55H,-2.00136173375207,55,True,neutral,tolerant,55,-0.34567544674467915,True
L55I,-3.02600739861738,55,True,neutral,tolerant,55,-0.5226523729964293,True
L55K,-3.2041900570086,55,True,neutral,tolerant,55,-0.5534281038414809,True
L55L,0.0,55,True,neutral,tolerant,55,0.0,True
L55M,-4.21961591992634,55,True,mild,tolerant,55,-0.7288125847579497,True
L55N,-2.4252517856066698,55,True,neutral,tolerant,55,-0.4188897890468869,True
L55P,-4.970728073968691,55,True,impactful,tolerant,55,-0.8585447691128409,True
L55Q,-0.40885484753102297,55,True,neutral,tolerant,55,-0.07061745994765893,True
L55R,-3.39118201836393,55,True,neutral,tolerant,55,-0.5857253785865045,True
L55S,-2.75617000802001,55,True,neutral,tolerant,55,-0.47604602544310914,True
L55T,-4.30832248175426,55,True,mild,tolerant,55,-0.7441339931130321,True
L55V,-2.5681938992741298,55,True,neutral,tolerant,55,-0.44357876863879364,True
L55W,-5.413095898422362,55,True,impactful,tolerant,55,-0.9349505945888853,True
L55Y,-5.413095898422362,55,True,impactful,tolerant,55,-0.9349505945888853,True
T56A,-2.687737293943,56,True,neutral,sensitive,56,-1.4548420961225976,True
T56C,-2.99304402100385,56,True,neutral,sensitive,56,-1.620101208223513,True
T56D,-5.996052121510298,56,True,impactful,sensitive,56,-3.245595861089908,True
T56E,-4.1746310121531005,56,True,mild,sensitive,56,-2.2596810134480427,True
T56F,-5.266517784078848,56,True,impactful,sensitive,56,-2.850707094596984,True
T56G,-6.6078462723732905,56,True,impactful,sensitive,56,-3.5767531832146857,True
T56H,-5.996052121510298,56,True,impactful,sensitive,56,-3.245595861089908,True
T56I,-4.6860205590684405,56,True,mild,sensitive,56,-2.53649044792891,True
T56K,-5.8354599084753715,56,True,impactful,sensitive,56,-3.1586690947131437,True
T56L,-5.52239191489596,56,True,impactful,sensitive,56,-2.9892088959673857,True
T56M,-5.7361443781011,56,True,impactful,sensitive,56,-3.104910710397516,True
T56N,-5.996052121510298,56,True,impactful,sensitive,56,-3.245595861089908,True
T56P,-6.6078462723732905,56,True,impactful,sensitive,56,-3.5767531832146857,True
T56Q,-5.996052121510298,56,True,impactful,sensitive,56,-3.245595861089908,True
T56R,-5.715342759070481,56,True,impactful,sensitive,56,-3.0936510269822324,True
T56S,-3.99906468518886,56,True,mild,sensitive,56,-2.164648926902676,True
T56T,0.0,56,True,neutral,sensitive,56,0.0,True
T56V,-3.8673562922213502,56,True,mild,sensitive,56,-2.0933566488464805,True
T56W,-6.3899207988052416,56,True,impactful,sensitive,56,-3.4587925650103926,True
T56Y,-6.3899207988052416,56,True,impactful,sensitive,56,-3.4587925650103926,True
E57A,-1.43970587653545,57,True,neutral,tolerant,57,-0.2100852226349544,True
E57C,-3.47694843950931,57,True,neutral,tolerant,57,-0.5073643852606616,True
E57D,-1.15406320704863,57,True,neutral,tolerant,57,-0.16840358141140852,True
E57E,0.0,57,True,neutral,tolerant,57,0.0,True
E57F,-5.17065185985471,57,True,impactful,tolerant,57,-0.7545135189414297,True
E57G,-3.3964710946125,57,True,neutral,tolerant,57,-0.49562094432923887,True
E57H,-2.4076018709816096,57,True,neutral,tolerant,57,-0.3513228523444523,True
E57I,-2.4150537073665297,57,True,neutral,tolerant,57,-0.3524102416032449,True
E57K,-2.4585908235215603,57,True,neutral,tolerant,57,-0.35876327862933793,True
E57L,-2.7689001954343904,57,True,neutral,tolerant,57,-0.4040443423149973,True
E57M,-4.20445591703673,57,True,mild,tolerant,57,-0.613523964710832,True
E57N,-2.31262387513406,57,True,neutral,tolerant,57,-0.33746344277458185,True
E57P,-5.17065185985471,57,True,impactful,tolerant,57,-0.7545135189414297,True
E57Q,-1.90005230796454,57,True,neutral,tolerant,57,-0.2772600422368009,True
E57R,-3.1212623089640497,57,True,neutral,tolerant,57,-0.4554618396493418,True
E57S,-2.28219274036572,57,True,neutral,tolerant,57,-0.3330228609675355,True
E57T,-2.32907101183537,57,True,neutral,tolerant,57,-0.3398634471309696,True
E57V,-1.88672183204324,57,True,neutral,tolerant,57,-0.27531482825427867,True
E57W,-5.17065185985471,57,True,impactful,tolerant,57,-0.7545135189414297,True
E57Y,-5.17065185985471,57,True,impactful,tolerant,57,-0.7545135189414297,True
K58A,-6.4392194125064,58,True,impactful,sensitive,58,-1.9741455000110317,True
K58C,-6.64499276655858,58,True,impactful,sensitive,58,-2.037231802076668,True
K58D,-6.042961586955251,58,True,impactful,sensitive,58,-1.8526601843163042,True
K58E,-5.86802640527522,58,True,impactful,sensitive,58,-1.7990282951720231,True
K58F,-7.19619306280901,58,True,impactful,sensitive,58,-2.2062196117378985,True
K58G,-7.19619306280901,58,True,impactful,sensitive,58,-2.2062196117378985,True
K58H,-6.042961586955251,58,True,impactful,sensitive,58,-1.8526601843163042,True
K58I,-6.81994032618596,58,True,impactful,sensitive,58,-2.090867486070525,True
K58K,0.0,58,True,neutral,sensitive,58,0.0,True
K58L,-5.4741657792789695,58,True,impactful,sensitive,58,-1.6782779164953976,True
K58M,-6.81994032618596,58,True,impactful,sensitive,58,-2.090867486070525,True
K58N,-5.69720139152936,58,True,impactful,sensitive,58,-1.7466565074486962,True
K58P,-7.19619306280901,58,True,impactful,sensitive,58,-2.2062196117378985,True
K58Q,-4.1890904264958,58,True,mild,sensitive,58,-1.2842975964670558,True
K58R,-2.71471361736399,58,True,neutral,sensitive,58,-0.8322809533604262,True
K58S,-6.28866346166982,58,True,impactful,sensitive,58,-1.9279878318522716,True
K58T,-6.64499276655858,58,True,impactful,sensitive,58,-2.037231802076668,True
K58V,-6.81994032618596,58,True,impactful,sensitive,58,-2.090867486070525,True
K58W,-7.19619306280901,58,True,impactful,sensitive,58,-2.2062196117378985,True
K58Y,-7.19619306280901,58,True,impactful,sensitive,58,-2.2062196117378985,True
T59A,-1.90919497816717,59,True,neutral,tolerant,59,-0.49691618677005184,True
T59C,-3.5114595835547995,59,True,neutral,tolerant,59,-0.9139459961979959,True
T59D,-2.36136169691762,59,True,neutral,tolerant,59,-0.6146039893440466,True
T59E,-2.29831331438224,59,True,neutral,tolerant,59,-0.5981940562624201,True
T59F,-5.17428491399312,59,True,impactful,tolerant,59,-1.3467382630513773,True
T59G,-3.26918246069391,59,True,neutral,tolerant,59,-0.8508872591855884,True
T59H,-3.4694682056835298,59,True,neutral,tolerant,59,-0.903016680120995,True
T59I,-2.50003355803986,59,True,neutral,tolerant,59,-0.6506968416871434,True
T59K,-2.5657400662484,59,True,neutral,tolerant,59,-0.6677986190741275,True
T59L,-2.8724794950772594,59,True,neutral,tolerant,59,-0.7476352984330831,True
T59M,-2.752413945065049,59,True,neutral,tolerant,59,-0.7163852082344421,True
T59N,-2.4709685311252,59,True,neutral,tolerant,59,-0.6431319347457545,True
T59P,-2.0763889013578103,59,True,neutral,tolerant,59,-0.5404326257472674,True
T59Q,-2.02673729794244,59,True,neutral,tolerant,59,-0.5275095426057693,True
T59R,-2.60407230707143,59,True,neutral,tolerant,59,-0.6777755523669321,True
T59S,-0.8743093359443979,59,True,neutral,tolerant,59,-0.22756107482119356,True
T59T,0.0,59,True,neutral,tolerant,59,0.0,True
T59V,-3.05647567437627,59,True,neutral,tolerant,59,-0.7955249487009131,True
T59W,-5.17428491399312,59,True,impactful,tolerant,59,-1.3467382630513773,True
T59Y,-5.17428491399312,59,True,impactful,tolerant,59,-1.3467382630513773,True
P60A,-2.5245526809714502,60,True,neutral,sensitive,60,-0.7545949183334891,True
P60C,-3.86770201171363,60,True,mild,sensitive,60,-1.1560655104033155,True
P60D,-3.0965782743549104,60,True,neutral,sensitive,60,-0.9255747553467375,True
P60E,-3.0348577196271904,60,True,neutral,sensitive,60,-0.9071263318674779,True
P60F,-5.70568989333621,60,True,impactful,sensitive,60,-1.7054445453051497,True
P60G,-5.70568989333621,60,True,impactful,sensitive,60,-1.7054445453051497,True
P60H,-4.69791735571887,60,True,mild,sensitive,60,-1.4042188899825347,True
P60I,-5.04607686169483,60,True,impactful,sensitive,60,-1.508284610598776,True
P60K,-4.42435870879104,60,True,mild,sensitive,60,-1.322451547041411,True
P60L,-4.752979674712231,60,True,mild,sensitive,60,-1.4206771506547022,True
P60M,-5.04607686169483,60,True,impactful,sensitive,60,-1.508284610598776,True
P60N,-4.69791735571887,60,True,mild,sensitive,60,-1.4042188899825347,True
P60P,0.0,60,True,neutral,sensitive,60,0.0,True
P60Q,-3.20888769320081,60,True,neutral,sensitive,60,-0.959144312987932,True
P60R,-3.71399540583718,60,True,neutral,sensitive,60,-1.1101222331713165,True
P60S,-1.65320160821575,60,True,neutral,sensitive,60,-0.4941459696774157,True
P60T,-2.7385029465835298,60,True,neutral,sensitive,60,-0.8185451715501703,True
P60V,-3.52926367972816,60,True,neutral,sensitive,60,-1.0549054722664897,True
P60W,-5.70568989333621,60,True,impactful,sensitive,60,-1.7054445453051497,True
P60Y,-5.70568989333621,60,True,impactful,sensitive,60,-1.7054445453051497,True
T61A,-2.47626405091906,61,True,neutral,sensitive,61,-0.17881529534855414,True
T61C,-4.34243678451578,61,True,mild,sensitive,61,-0.313574845084643,True
T61D,-5.81219635798733,61,True,impactful,sensitive,61,-0.41970871724748315,True
T61E,-3.9933243112513694,61,True,mild,sensitive,61,-0.28836483163980453,True
T61F,-6.59235764975477,61,True,impactful,sensitive,61,-0.4760455088570562,True
T61G,-4.14958020250805,61,True,mild,sensitive,61,-0.29964833887912523,True
T61H,-5.81219635798733,61,True,impactful,sensitive,61,-0.41970871724748315,True
T61I,-5.461669054747058,61,True,impactful,sensitive,61,-0.3943965364914051,True
T61K,-4.261913991468799,61,True,mild,sensitive,61,-0.30776015540498536,True
T61L,-5.3874684986395085,61,True,impactful,sensitive,61,-0.38903838643851635,True
T61M,-5.70284198825488,61,True,impactful,sensitive,61,-0.41181204971959756,True
T61N,-5.81219635798733,61,True,impactful,sensitive,61,-0.41970871724748315,True
T61P,-5.62252914596646,61,True,impactful,sensitive,61,-0.40601252094609885,True
T61Q,-2.98151236858595,61,True,neutral,sensitive,61,-0.21530014724245183,True
T61R,-4.67463332337137,61,True,mild,sensitive,61,-0.3375633297485394,True
T61S,-2.7268412453762,61,True,neutral,sensitive,61,-0.196909906469624,True
T61T,0.0,61,True,neutral,sensitive,61,0.0,True
T61V,-3.815951882721541,61,True,mild,sensitive,61,-0.27555646284630697,True
T61W,-6.59235764975477,61,True,impactful,sensitive,61,-0.4760455088570562,True
T61Y,-6.59235764975477,61,True,impactful,sensitive,61,-0.4760455088570562,True
G62A,-2.57188729909031,62,True,neutral,sensitive,62,-1.151662759279034,True
G62C,-6.05451827234455,62,True,impactful,sensitive,62,-2.7111464884561456,True
G62D,-6.25579803375896,62,True,impactful,sensitive,62,-2.8012773450840918,True
G62E,-4.3746958813089405,62,True,mild,sensitive,62,-1.9589405536770248,True
G62F,-7.063121414204709,62,True,impactful,sensitive,62,-3.1627878483956064,True
G62G,0.0,62,True,neutral,sensitive,62,0.0,True
G62H,-6.25579803375896,62,True,impactful,sensitive,62,-2.8012773450840918,True
G62I,-5.94409235943627,62,True,impactful,sensitive,62,-2.661698982882772,True
G62K,-3.91800240307859,62,True,mild,sensitive,62,-1.7544382524021833,True
G62L,-6.0041122096446005,62,True,impactful,sensitive,62,-2.688575209662573,True
G62M,-6.226503043354089,62,True,impactful,sensitive,62,-2.7881593715653223,True
G62N,-5.43312204326507,62,True,impactful,sensitive,62,-2.432892112364166,True
G62P,-7.063121414204709,62,True,impactful,sensitive,62,-3.1627878483956064,True
G62Q,-6.25579803375896,62,True,impactful,sensitive,62,-2.8012773450840918,True
G62R,-5.51776439242169,62,True,impactful,sensitive,62,-2.4707940225357556,True
G62S,-4.54562606378629,62,True,mild,sensitive,62,-2.035481203675787,True
G62T,-4.92192467506992,62,True,mild,sensitive,62,-2.2039835704540898,True
G62V,-2.72927700993093,62,True,neutral,sensitive,62,-1.2221401354583674,True
G62W,-7.063121414204709,62,True,impactful,sensitive,62,-3.1627878483956064,True
G62Y,-7.063121414204709,62,True,impactful,sensitive,62,-3.1627878483956064,True
T63A,-2.2032610058635096,63,True,neutral,tolerant,63,-0.34636574445662116,True
T63C,-3.72888570870637,63,True,neutral,tolerant,63,-0.5862030286255374,True
T63D,-2.86471083377225,63,True,neutral,tolerant,63,-0.4503495945109745,True
T63E,-2.64157438903027,63,True,neutral,tolerant,63,-0.41527121723620897,True
T63F,-4.822683840332241,63,True,mild,tolerant,63,-0.7581546054644214,True
T63G,-3.4863311374345805,63,True,neutral,tolerant,63,-0.5480720062789665,True
T63H,-3.90719882793386,63,True,mild,tolerant,63,-0.6142349123303035,True
T63I,-4.37143062934551,63,True,mild,tolerant,63,-0.6872149147305936,True
T63K,-2.72212555525482,63,True,neutral,tolerant,63,-0.4279343400264571,True
T63L,-2.90386586066325,63,True,neutral,tolerant,63,-0.45650499779829634,True
T63M,-3.00250015357759,63,True,neutral,tolerant,63,-0.47201089573926147,True
T63N,-0.588962837905245,63,True,neutral,tolerant,63,-0.0925884637659547,True
T63P,-2.250588262646,63,True,neutral,tolerant,63,-0.3538058709259463,True
T63Q,-3.695552498635741,63,True,neutral,tolerant,63,-0.5809628495952198,True
T63R,-2.64338227523098,63,True,neutral,tolerant,63,-0.4155554277079303,True
T63S,-1.94240289040706,63,True,neutral,tolerant,63,-0.30535729601716216,True
T63T,0.0,63,True,neutral,tolerant,63,0.0,True
T63V,-4.00366299578969,63,True,mild,tolerant,63,-0.6293996536949691,True
T63W,-5.09546228162495,63,True,impactful,tolerant,63,-0.8010370000779623,True
T63Y,-5.09546228162495,63,True,impactful,tolerant,63,-0.8010370000779623,True
F64A,-5.46225178693475,64,True,impactful,sensitive,64,-1.6410425583812562,True
F64C,-5.1523623516358485,64,True,impactful,sensitive,64,-1.5479414397300395,True
F64D,-3.23394216643764,64,True,neutral,sensitive,64,-0.9715840524162279,True
F64E,-4.76594101629706,64,True,mild,sensitive,64,-1.4318475865916211,True
F64F,0.0,64,True,neutral,sensitive,64,0.0,True
F64G,-6.028200294685991,64,True,impactful,sensitive,64,-1.8110723598806364,True
F64H,-4.640589317882951,64,True,mild,sensitive,64,-1.394187756930352,True
F64I,-2.73945864868732,64,True,neutral,sensitive,64,-0.8230247166881838,True
F64K,-5.2477065443577,64,True,impactful,sensitive,64,-1.576586014175566,True
F64L,-2.69224282619609,64,True,neutral,sensitive,64,-0.8088395093488926,True
F64M,-4.37717321883429,64,True,mild,sensitive,64,-1.3150487779957676,True
F64N,-3.38835024420111,64,True,neutral,sensitive,64,-1.0179733872275203,True
F64P,-5.42293125316818,64,True,impactful,sensitive,64,-1.6292293590183942,True
F64Q,-4.6600889538314005,64,True,mild,sensitive,64,-1.4000460977232256,True
F64R,-4.066781748488561,64,True,mild,sensitive,64,-1.221796831277706,True
F64S,-5.46225178693475,64,True,impactful,sensitive,64,-1.6410425583812562,True
F64T,-5.46225178693475,64,True,impactful,sensitive,64,-1.6410425583812562,True
F64V,-3.29080383083286,64,True,neutral,sensitive,64,-0.9886671922737028,True
F64W,-4.022659938873,64,True,mild,sensitive,64,-1.2085411685663827,True
F64Y,-2.42726375717758,64,True,neutral,sensitive,64,-0.7292309621230535,True
S65A,-3.6519843565535295,65,True,neutral,tolerant,65,-2.2891417874403994,True
S65C,-1.88273589070827,65,True,neutral,tolerant,65,-1.1801390645061351,True
S65D,-1.21066177969121,65,True,neutral,tolerant,65,-0.7588686587265477,True
S65E,-1.82453689293883,65,True,neutral,tolerant,65,-1.14365868979092,True
S65F,-5.07127286731845,65,True,impactful,tolerant,65,-3.178782136692101,True
S65G,-2.89384917024315,65,True,neutral,tolerant,65,-1.8139264617236657,True
S65H,-1.95043710453244,65,True,neutral,tolerant,65,-1.222575631176317,True
S65I,-5.07127286731845,65,True,impactful,tolerant,65,-3.178782136692101,True
S65K,-2.34297022141378,65,True,neutral,tolerant,65,-1.4686237718795536,True
S65L,-5.07127286731845,65,True,impactful,tolerant,65,-3.178782136692101,True
S65M,-5.07127286731845,65,True,impactful,tolerant,65,-3.178782136692101,True
S65N,-1.59531342808641,65,True,neutral,tolerant,65,-0.9999765266639273,True
S65P,-5.07127286731845,65,True,impactful,tolerant,65,-3.178782136692101,True
S65Q,-1.90507083372742,65,True,neutral,tolerant,65,-1.1941390837815427,True
S65R,-2.3581636201322795,65,True,neutral,tolerant,65,-1.4781473186705874,True
S65S,0.0,65,True,neutral,tolerant,65,0.0,True
S65T,-2.0529201921248,65,True,neutral,tolerant,65,-1.28681421913538,True
S65V,-5.07127286731845,65,True,impactful,tolerant,65,-3.178782136692101,True
S65W,-5.07127286731845,65,True,impactful,tolerant,65,-3.178782136692101,True
S65Y,-5.07127286731845,65,True,impactful,tolerant,65,-3.178782136692101,True
R66A,-5.53982527782379,66,True,impactful,sensitive,66,-2.9794930420577312,True
R66C,-5.18735958582054,66,True,impactful,sensitive,66,-2.789925858216821,True
R66D,-5.1150636996926915,66,True,impactful,sensitive,66,-2.751042846770665,True
R66E,-3.16562587342929,66,True,neutral,sensitive,66,-1.7025735994593778,True
R66F,-6.88969928738071,66,True,impactful,sensitive,66,-3.705497928029397,True
R66G,-6.88969928738071,66,True,impactful,sensitive,66,-3.705497928029397,True
R66H,-2.83997605243564,66,True,neutral,sensitive,66,-1.5274288381828853,True
R66I,-5.59453219563228,66,True,impactful,sensitive,66,-3.008916150691737,True
R66K,-2.64900791039644,66,True,neutral,sensitive,66,-1.424720138553282,True
R66L,-6.526366231272402,66,True,impactful,sensitive,66,-3.510085932463802,True
R66M,-6.526366231272402,66,True,impactful,sensitive,66,-3.510085932463802,True
R66N,-5.1150636996926915,66,True,impactful,sensitive,66,-2.751042846770665,True
R66P,-6.88969928738071,66,True,impactful,sensitive,66,-3.705497928029397,True
R66Q,-3.2435703698551803,66,True,neutral,sensitive,66,-1.7444946119680724,True
R66R,0.0,66,True,neutral,sensitive,66,0.0,True
R66S,-5.85272864028862,66,True,impactful,sensitive,66,-3.1477823552662993,True
R66T,-3.99045054016826,66,True,mild,sensitive,66,-2.1461903621222884,True
R66V,-6.526366231272402,66,True,impactful,sensitive,66,-3.510085932463802,True
R66W,-6.88969928738071,66,True,impactful,sensitive,66,-3.705497928029397,True
R66Y,-6.88969928738071,66,True,impactful,sensitive,66,-3.705497928029397,True
E67A,-3.27688252146692,67,True,neutral,tolerant,67,-1.1941503841312955,True
E67C,-4.826031449046,67,True,mild,tolerant,67,-1.7586859678228997,True
E67D,-1.3049691572405502,67,True,neutral,tolerant,67,-0.4755524222152153,True
E67E,0.0,67,True,neutral,tolerant,67,0.0,True
E67F,-3.67390059725867,67,True,neutral,tolerant,67,-1.338830361093531,True
E67G,-3.24602154526494,67,True,neutral,tolerant,67,-1.1829041321387879,True
E67H,-3.46027623648901,67,True,neutral,tolerant,67,-1.2609820980564128,True
E67I,-5.2180713277586115,67,True,impactful,tolerant,67,-1.9015518071358937,True
E67K,-2.06346785720655,67,True,neutral,tolerant,67,-0.7519619388804683,True
E67L,-3.7242746321454714,67,True,neutral,tolerant,67,-1.3571874955700483,True
E67M,-5.2180713277586115,67,True,impactful,tolerant,67,-1.9015518071358937,True
E67N,-2.50927846200654,67,True,neutral,tolerant,67,-0.9144227233254951,True
E67P,-5.51179630925692,67,True,impactful,tolerant,67,-2.0085900659649427,True
E67Q,-2.19240473725276,67,True,neutral,tolerant,67,-0.7989486782057911,True
E67R,-2.05765201063357,67,True,neutral,tolerant,67,-0.7498425478514412,True
E67S,-3.6630424037545097,67,True,neutral,tolerant,67,-1.3348734551443484,True
E67T,-4.826031449046,67,True,mild,tolerant,67,-1.7586859678228997,True
E67V,-5.2180713277586115,67,True,impactful,tolerant,67,-1.9015518071358937,True
E67W,-4.89617715879403,67,True,mild,tolerant,67,-1.7842482288109056,True
E67Y,-4.89617715879403,67,True,mild,tolerant,67,-1.7842482288109056,True
A68A,0.0,68,True,neutral,tolerant,68,0.0,True
A68C,-3.30897113112356,68,True,neutral,tolerant,68,-1.7284781804899325,True
A68D,-2.19476485253816,68,True,neutral,tolerant,68,-1.1464600350352094,True
A68E,-2.04223793737968,68,True,neutral,tolerant,68,-1.0667858903111507,True
A68F,-4.87556706926843,68,True,mild,tolerant,68,-2.54680713817054,True
A68G,-2.86459319506176,68,True,neutral,tolerant,68,-1.4963523818846225,True
A68H,-2.2575768476312,68,True,neutral,tolerant,68,-1.1792705851092733,True
A68I,-4.490525143097701,68,True,mild,tolerant,68,-2.3456761697858326,True
A68K,-2.0727241140287,68,True,neutral,tolerant,68,-1.0827106865865717,True
A68L,-4.490525143097701,68,True,mild,tolerant,68,-2.3456761697858326,True
A68M,-4.490525143097701,68,True,mild,tolerant,68,-2.3456761697858326,True
A68N,-2.2763362715651096,68,True,neutral,tolerant,68,-1.1890697805882962,True
A68P,-4.24899375687459,68,True,mild,tolerant,68,-2.2195095414150443,True
A68Q,-2.28920806125297,68,True,neutral,tolerant,68,-1.1957935042890127,True
A68R,-2.2696235330069,68,True,neutral,tolerant,68,-1.1855633063189788,True
A68S,-0.264183191593718,68,True,neutral,tolerant,68,-0.13799905294637088,True
A68T,-3.0440166087179907,68,True,neutral,tolerant,68,-1.5900762142435074,True
A68V,-4.2446584703614985,68,True,mild,tolerant,68,-2.217244955884645,True
A68W,-4.87556706926843,68,True,mild,tolerant,68,-2.54680713817054,True
A68Y,-4.87556706926843,68,True,mild,tolerant,68,-2.54680713817054,True
L69A,-5.803766472012,69,True,impactful,sensitive,69,-3.9938394501106522,True
L69C,-6.18305766426021,69,True,impactful,sensitive,69,-4.254847217047088,True
L69D,-6.2876447715985,69,True,impactful,sensitive,69,-4.326818430443586,True
L69E,-4.21710287771789,69,True,mild,sensitive,69,-2.901983034538962,True
L69F,-7.1914691258451295,69,True,impactful,sensitive,69,-4.9487816640382665,True
L69G,-7.1914691258451295,69,True,impactful,sensitive,69,-4.9487816640382665,True
L69H,-6.2876447715985,69,True,impactful,sensitive,69,-4.326818430443586,True
L69I,-2.7528043425749504,69,True,neutral,sensitive,69,-1.8943316611428649,True
L69K,-4.25928946411159,69,True,mild,sensitive,69,-2.931013570797987,True
L69L,0.0,69,True,neutral,sensitive,69,0.0,True
L69M,-3.07334105535002,69,True,neutral,sensitive,69,-2.1149077602783732,True
L69N,-6.2876447715985,69,True,impactful,sensitive,69,-4.326818430443586,True
L69P,-7.1914691258451295,69,True,impactful,sensitive,69,-4.9487816640382665,True
L69Q,-5.95683048282634,69,True,impactful,sensitive,69,-4.0991698571369275,True
L69R,-4.165879492803589,69,True,mild,sensitive,69,-2.8667338603301973,True
L69S,-6.18305766426021,69,True,impactful,sensitive,69,-4.254847217047088,True
L69T,-5.81814591277772,69,True,impactful,sensitive,69,-4.003734606657286,True
L69V,-3.6928198118841897,69,True,neutral,sensitive,69,-2.5411996705891546,True
L69W,-7.1914691258451295,69,True,impactful,sensitive,69,-4.9487816640382665,True
L69Y,-7.1914691258451295,69,True,impactful,sensitive,69,-4.9487816640382665,True
M70A,-3.75961837667352,70,True,neutral,sensitive,70,-2.563721944084821,True
M70C,-5.4951333879688296,70,True,impactful,sensitive,70,-3.7471872517214897,True
M70D,-5.31515954517274,70,True,impactful,sensitive,70,-3.6244612609665845,True
M70E,-3.87290156271315,70,True,mild,sensitive,70,-2.6409708988584195,True
M70F,-6.232951870423889,70,True,impactful,sensitive,70,-4.250313166297702,True
M70G,-4.28713453846935,70,True,mild,sensitive,70,-2.9234405709131015,True
M70H,-5.31515954517274,70,True,impactful,sensitive,70,-3.6244612609665845,True
M70I,-2.2013697748264303,70,True,neutral,sensitive,70,-1.5011364009134034,True
M70K,-3.47225606808082,70,True,neutral,sensitive,70,-2.367766668141676,True
M70L,-1.3993445277662098,70,True,neutral,sensitive,70,-0.9542272416338865,True
M70M,0.0,70,True,neutral,sensitive,70,0.0,True
M70N,-3.7169455155584714,70,True,neutral,sensitive,70,-2.5346228868144576,True
M70P,-5.070810904049179,70,True,impactful,sensitive,70,-3.4578374416070115,True
M70Q,-3.43089428168954,70,True,neutral,sensitive,70,-2.3395616460373585,True
M70R,-3.61076337498754,70,True,neutral,sensitive,70,-2.46221620704595,True
M70S,-3.8761353110535097,70,True,mild,sensitive,70,-2.643176024685356,True
M70T,-3.83933388644493,70,True,mild,sensitive,70,-2.6180807595839872,True
M70V,-2.06418267585522,70,True,neutral,sensitive,70,-1.4075871252049956,True
M70W,-6.232951870423889,70,True,impactful,sensitive,70,-4.250313166297702,True
M70Y,-6.232951870423889,70,True,impactful,sensitive,70,-4.250313166297702,True
A71A,0.0,71,True,neutral,tolerant,71,0.0,True
A71C,-3.58891418284544,71,True,neutral,tolerant,71,-2.0128878341519,True
A71D,-1.84046002895854,71,True,neutral,tolerant,71,-1.0322452454397522,True
A71E,-1.95817967677959,71,True,neutral,tolerant,71,-1.0982697962836425,True
A71F,-5.09444785888828,71,True,impactful,tolerant,71,-2.857285405678656,True
A71G,-2.7818582621445205,71,True,neutral,tolerant,71,-1.5602403308975425,True
A71H,-2.31358992424224,71,True,neutral,tolerant,71,-1.2976061210890701,True
A71I,-3.70698039681771,71,True,neutral,tolerant,71,-2.0791067609975498,True
A71K,-1.26469075304802,71,True,neutral,tolerant,71,-0.7093177772103882,True
A71L,-2.06937357546124,71,True,neutral,tolerant,71,-1.1606342983266416,True
A71M,-1.9276110949776,71,True,neutral,tolerant,71,-1.081125021211947,True
A71N,-2.17676801215703,71,True,neutral,tolerant,71,-1.2208678241417283,True
A71P,-5.09444785888828,71,True,impactful,tolerant,71,-2.857285405678656,True
A71Q,-2.03063789359775,71,True,neutral,tolerant,71,-1.1389089020652075,True
A71R,-2.19540888171757,71,True,neutral,tolerant,71,-1.2313227911999471,True
A71S,-2.12778718290823,71,True,neutral,tolerant,71,-1.1933963076109506,True
A71T,-2.2545928941301296,71,True,neutral,tolerant,71,-1.2645168918365592,True
A71V,-2.29450374185602,71,True,neutral,tolerant,71,-1.2869013947099157,True
A71W,-5.09444785888828,71,True,impactful,tolerant,71,-2.857285405678656,True
A71Y,-5.09444785888828,71,True,impactful,tolerant,71,-2.857285405678656,True
Y72A,-3.2116757480864604,72,True,neutral,tolerant,72,-1.5655831948451855,True
Y72C,-4.87836843027693,72,True,mild,tolerant,72,-2.3780394509798572,True
Y72D,-3.1781694747292204,72,True,neutral,tolerant,72,-1.5492500209495212,True
Y72E,-2.497039022244,72,True,neutral,tolerant,72,-1.2172219852602064,True
Y72F,-2.34013463592557,72,True,neutral,tolerant,72,-1.1407364089799765,True
Y72G,-3.90444031318341,72,True,mild,tolerant,72,-1.9032824665559798,True
Y72H,-2.46289748901629,72,True,neutral,tolerant,72,-1.2005791436846214,True
Y72I,-3.80282563743883,72,True,mild,tolerant,72,-1.8537487523290246,True
Y72K,-3.45972529834423,72,True,neutral,tolerant,72,-1.6864989527961078,True
Y72L,-5.164839440084889,72,True,impactful,tolerant,72,-2.517684369690249,True
Y72M,-5.164839440084889,72,True,impactful,tolerant,72,-2.517684369690249,True
Y72N,-4.08725379052778,72,True,mild,tolerant,72,-1.9923978475504909,True
Y72P,-5.78094121156997,72,True,impactful,tolerant,72,-2.818013124959545,True
Y72Q,-4.08725379052778,72,True,mild,tolerant,72,-1.9923978475504909,True
Y72R,-3.43134813756129,72,True,neutral,tolerant,72,-1.6726660476326087,True
Y72S,-3.2460597258474704,72,True,neutral,tolerant,72,-1.5823442199227142,True
Y72T,-3.2644989439166703,72,True,neutral,tolerant,72,-1.5913327144656098,True
Y72V,-3.4696165159897,72,True,neutral,tolerant,72,-1.691320586527823,True
Y72W,-3.87826243590974,72,True,mild,tolerant,72,-1.8905216376457774,True
Y72Y,0.0,72,True,neutral,tolerant,72,0.0,True
W73A,-2.7854707115745803,73,True,neutral,tolerant,73,-1.2662299847575753,True
W73C,-4.20484864527777,73,True,mild,tolerant,73,-1.9114562626322644,True
W73D,-3.52754218445296,73,True,neutral,tolerant,73,-1.603563687778514,True
W73E,-3.59027239711335,73,True,neutral,tolerant,73,-1.6320798290148022,True
W73F,-4.00983828512814,73,True,mild,tolerant,73,-1.822807703401767,True
W73G,-4.283873192353831,73,True,mild,tolerant,73,-1.9473795450504923,True
W73H,-4.991340398212331,73,True,impactful,tolerant,73,-2.268982707334077,True
W73I,-2.60606176679584,73,True,neutral,tolerant,73,-1.1846735769057262,True
W73K,-3.70988225933684,73,True,neutral,tolerant,73,-1.6864525400222323,True
W73L,-2.18414268726719,73,True,neutral,tolerant,73,-0.99287597967359,True
W73M,-2.47228082872627,73,True,neutral,tolerant,73,-1.1238589237597492,True
W73N,-5.3156242038293895,73,True,impactful,tolerant,73,-2.4163968863944993,True
W73P,-4.74845451216656,73,True,mild,tolerant,73,-2.158570707485149,True
W73Q,-3.97028212018507,73,True,mild,tolerant,73,-1.8048261098690106,True
W73R,-3.78453895260003,73,True,neutral,tolerant,73,-1.7203902666620727,True
W73S,-3.79230816226623,73,True,mild,tolerant,73,-1.7239220238607151,True
W73T,-2.8171836423765297,73,True,neutral,tolerant,73,-1.2806461707612942,True
W73V,-2.3168066757377903,73,True,neutral,tolerant,73,-1.0531828855767755,True
W73W,0.0,73,True,neutral,tolerant,73,0.0,True
W73Y,-4.3109016976617305,73,True,mild,tolerant,73,-1.9596662669039397,True
E74A,-5.78178885594622,74,True,impactful,sensitive,74,-2.6862036379548324,True
E74C,-5.78178885594622,74,True,impactful,sensitive,74,-2.6862036379548324,True
E74D,-2.33677041944038,74,True,neutral,sensitive,74,-1.085657286725445,True
E74E,0.0,74,True,neutral,sensitive,74,0.0,True
E74F,-6.09635627544176,74,True,impactful,sensitive,74,-2.8323508196807716,True
E74G,-5.88029746380596,74,True,impactful,sensitive,74,-2.731970473686054,True
E74H,-3.9798466676114304,74,True,mild,sensitive,74,-1.8490261168990154,True
E74I,-4.49758520056799,74,True,mild,sensitive,74,-2.0895660545183223,True
E74K,-3.54426727896259,74,True,neutral,sensitive,74,-1.6466570979744786,True
E74L,-5.566247808679299,74,True,impactful,sensitive,74,-2.5860638439010346,True
E74M,-5.566247808679299,74,True,impactful,sensitive,74,-2.5860638439010346,True
E74N,-2.9602957021989704,74,True,neutral,sensitive,74,-1.3753454653555572,True
E74P,-6.527438369975599,74,True,impactful,sensitive,74,-3.0326304077883655,True
E74Q,-2.16178851166623,74,True,neutral,sensitive,74,-1.0043611603966887,True
E74R,-3.53200362871196,74,True,neutral,sensitive,74,-1.6409594388695514,True
E74S,-4.07976175647042,74,True,mild,sensitive,74,-1.895446399940582,True
E74T,-4.53885243547835,74,True,mild,sensitive,74,-2.108738701480437,True
E74V,-3.91115341047243,74,True,mild,sensitive,74,-1.8171114133657,True
E74W,-6.09635627544176,74,True,impactful,sensitive,74,-2.8323508196807716,True
E74Y,-5.0290361697261,74,True,impactful,sensitive,74,-2.336476753320295,True
K75A,-4.86805264411864,75,True,mild,sensitive,75,-1.7595669316914233,True
K75C,-5.488201009759082,75,True,impactful,sensitive,75,-1.9837207436354523,True
K75D,-2.56447076295104,75,True,neutral,sensitive,75,-0.9269328583021285,True
K75E,-2.7504942233078,75,True,neutral,sensitive,75,-0.9941713935628387,True
K75F,-6.53531295503653,75,True,impactful,sensitive,75,-2.3622013574215948,True
K75G,-4.1321373602051015,75,True,mild,sensitive,75,-1.4935689458921124,True
K75H,-1.93823509108578,75,True,neutral,sensitive,75,-0.7005787778895136,True
K75I,-6.53531295503653,75,True,impactful,sensitive,75,-2.3622013574215948,True
K75K,0.0,75,True,neutral,sensitive,75,0.0,True
K75L,-6.53531295503653,75,True,impactful,sensitive,75,-2.3622013574215948,True
K75M,-6.53531295503653,75,True,impactful,sensitive,75,-2.3622013574215948,True
K75N,-1.8621796428759096,75,True,neutral,sensitive,75,-0.6730883907823121,True
K75P,-6.53531295503653,75,True,impactful,sensitive,75,-2.3622013574215948,True
K75Q,-3.0886366903753704,75,True,neutral,sensitive,75,-1.116393634518159,True
K75R,-0.8779560335890941,75,True,neutral,sensitive,75,-0.3173388862276826,True
K75S,-3.01866506816612,75,True,neutral,sensitive,75,-1.0911022579458556,True
K75T,-2.98727579882838,75,True,neutral,sensitive,75,-1.0797565465547985,True
K75V,-6.53531295503653,75,True,impactful,sensitive,75,-2.3622013574215948,True
K75W,-6.53531295503653,75,True,impactful,sensitive,75,-2.3622013574215948,True
K75Y,-6.53531295503653,75,True,impactful,sensitive,75,-2.3622013574215948,True
E76A,-2.63374184852796,76,True,neutral,tolerant,76,-1.647078487385171,True
E76C,-4.58963480894197,76,True,mild,tolerant,76,-2.870246665590094,True
E76D,-2.14032980864296,76,True,neutral,tolerant,76,-1.3385105247484221,True
E76E,0.0,76,True,neutral,tolerant,76,0.0,True
E76F,-4.1494242774565,76,True,mild,tolerant,76,-2.59494964028165,True
E76G,-5.936230751789499,76,True,impactful,tolerant,76,-3.7123752173705062,True
E76H,-3.7580109192917504,76,True,neutral,tolerant,76,-2.3501691876079485,True
E76I,-4.001166978391431,76,True,mild,tolerant,76,-2.502233109227406,True
E76K,-3.0935946269935,76,True,neutral,tolerant,76,-1.934659299148564,True
E76L,-3.4281925247378795,76,True,neutral,tolerant,76,-2.1439087362591502,True
E76M,-4.999158414047151,76,True,impactful,tolerant,76,-3.126352828926551,True
E76N,-2.4120280175766498,76,True,neutral,tolerant,76,-1.5084240169328902,True
E76P,-5.936230751789499,76,True,impactful,tolerant,76,-3.7123752173705062,True
E76Q,-2.33148008264402,76,True,neutral,tolerant,76,-1.4580512854880883,True
E76R,-3.628366369574,76,True,neutral,tolerant,76,-2.269092620074881,True
E76S,-3.28590786231829,76,True,neutral,tolerant,76,-2.054927347788161,True
E76T,-3.2626590678500498,76,True,neutral,tolerant,76,-2.0403881137141457,True
E76V,-3.66645727004742,76,True,neutral,tolerant,76,-2.2929137484705757,True
E76W,-5.22972209312177,76,True,impactful,tolerant,76,-3.2705417804703156,True
E76Y,-4.09326826283034,76,True,mild,tolerant,76,-2.55983102617764,True
S77A,-2.58595492434095,77,True,neutral,sensitive,77,-1.6018211498246313,True
S77C,-4.41878488953083,77,True,mild,sensitive,77,-2.737133205978015,True
S77D,-3.4389713116746097,77,True,neutral,sensitive,77,-2.130206110257106,True
S77E,-3.39979515898171,77,True,neutral,sensitive,77,-2.105939179166558,True
S77F,-6.347763891027559,77,True,impactful,sensitive,77,-3.9320029746196856,True
S77G,-4.82670964232612,77,True,mild,sensitive,77,-2.9898145232020616,True
S77H,-5.29877867576563,77,True,impactful,sensitive,77,-3.282228808858411,True
S77I,-4.32745769094648,77,True,mild,sensitive,77,-2.680562290193809,True
S77K,-4.19388582294159,77,True,mild,sensitive,77,-2.5978237083345967,True
S77L,-4.9798426692559,77,True,impactful,sensitive,77,-3.084669897115936,True
S77M,-5.879298524289429,77,True,impactful,sensitive,77,-3.641820912535702,True
S77N,-2.836362887542,77,True,neutral,sensitive,77,-1.7569316537875632,True
S77P,-4.39694687722566,77,True,mild,sensitive,77,-2.7236060599124405,True
S77Q,-3.5596926509191698,77,True,neutral,sensitive,77,-2.2049846737258307,True
S77R,-4.3809332315198715,77,True,mild,sensitive,77,-2.713686708211495,True
S77S,0.0,77,True,neutral,sensitive,77,0.0,True
S77T,-0.549564742178496,77,True,neutral,sensitive,77,-0.34041754515260464,True
S77V,-3.94780843944659,77,True,mild,sensitive,77,-2.445395700535406,True
S77W,-6.347763891027559,77,True,impactful,sensitive,77,-3.9320029746196856,True
S77Y,-6.028118646963249,77,True,impactful,sensitive,77,-3.734004739011013,True
Q78A,-2.2918030116255896,78,True,neutral,tolerant,78,-1.0786428483213188,True
Q78C,-3.5948829922428103,78,True,neutral,tolerant,78,-1.6919407167478364,True
Q78D,-1.90131913413679,78,True,neutral,tolerant,78,-0.8948606298228288,True
Q78E,-1.87052739940108,78,True,neutral,tolerant,78,-0.880368422468357,True
Q78F,-4.20318638185839,78,True,mild,tolerant,78,-1.9782402361611808,True
Q78G,-2.49486285324926,78,True,neutral,tolerant,78,-1.1742134732125362,True
Q78H,-1.69106818603383,78,True,neutral,tolerant,78,-0.7959054925908664,True
Q78I,-1.86202138919554,78,True,neutral,tolerant,78,-0.8763650473835821,True
Q78K,-0.0381749253418332,78,True,neutral,tolerant,78,-0.01796712457235209,True
Q78L,-1.8044980631095504,78,True,neutral,tolerant,78,-0.8492915493649643,True
Q78M,-1.85594296888114,78,True,neutral,tolerant,78,-0.8735042235832992,True
Q78N,-1.86837249048569,78,True,neutral,tolerant,78,-0.8793542091705393,True
Q78P,-4.46373327223892,78,True,mild,tolerant,78,-2.100867285054871,True
Q78Q,0.0,78,True,neutral,tolerant,78,0.0,True
Q78R,-0.277336758880161,78,True,neutral,tolerant,78,-0.1305292427076936,True
Q78S,-2.2528312321307404,78,True,neutral,tolerant,78,-1.0603006823387993,True
Q78T,-3.0275992533740097,78,True,neutral,tolerant,78,-1.4249471990694613,True
Q78V,-2.35961215198642,78,True,neutral,tolerant,78,-1.110557390683817,True
Q78W,-2.8781234542266803,78,True,neutral,tolerant,78,-1.3545960384638127,True
Q78Y,-4.20318638185839,78,True,mild,tolerant,78,-1.9782402361611808,True
K79A,-2.9883016744135897,79,True,neutral,tolerant,79,-1.4222806632125875,True
K79C,-4.545380593878041,79,True,mild,tolerant,79,-2.1633715835878946,True
K79D,-2.28488495655602,79,True,neutral,tolerant,79,-1.087489833841048,True
K79E,-2.2866561908330496,79,True,neutral,tolerant,79,-1.0883328518950177,True
K79F,-5.610023408702902,79,True,impactful,tolerant,79,-2.670087790227494,True
K79G,-3.64563741283434,79,True,neutral,tolerant,79,-1.7351392738406004,True
K79H,-3.55037430964418,79,True,neutral,tolerant,79,-1.6897988482921733,True
K79I,-4.85433689205588,79,True,mild,tolerant,79,-2.310419176686845,True
K79K,0.0,79,True,neutral,tolerant,79,0.0,True
K79L,-3.79200755708751,79,True,mild,tolerant,79,-1.8048040696091778,True
K79M,-5.11456608027196,79,True,impactful,tolerant,79,-2.4342751265637497,True
K79N,-2.31811059840052,79,True,neutral,tolerant,79,-1.1033035611908921,True
K79P,-3.990633446236,79,True,mild,tolerant,79,-1.8993399606030954,True
K79Q,-2.07270334748882,79,True,neutral,tolerant,79,-0.9865021048411533,True
K79R,-1.26454889052578,79,True,neutral,tolerant,79,-0.6018614017725255,True
K79S,-3.040146877869069,79,True,neutral,tolerant,79,-1.4469563614482819,True
K79T,-2.9801023517109595,79,True,neutral,tolerant,79,-1.4183781997393574,True
K79V,-5.11456608027196,79,True,impactful,tolerant,79,-2.4342751265637497,True
K79W,-5.610023408702902,79,True,impactful,tolerant,79,-2.670087790227494,True
K79Y,-5.610023408702902,79,True,impactful,tolerant,79,-2.670087790227494,True
L80A,-2.3538317843441696,80,True,neutral,tolerant,80,-1.0260729464589842,True
L80C,-3.12734452832317,80,True,neutral,tolerant,80,-1.3632595311661169,True
L80D,-2.2995687026036604,80,True,neutral,tolerant,80,-1.0024188006802779,True
L80E,-2.2485804881044302,80,True,neutral,tolerant,80,-0.9801922219443278,True
L80F,-2.68251871462264,80,True,neutral,tolerant,80,-1.1693528398041901,True
L80G,-3.5123211908310097,80,True,neutral,tolerant,80,-1.5310770196734464,True
L80H,-2.45629960054542,80,True,neutral,tolerant,80,-1.0707403074769375,True
L80I,-1.2218163018957902,80,True,neutral,tolerant,80,-0.5326092804321335,True
L80K,-2.7529045170739703,80,True,neutral,tolerant,80,-1.2000351375752005,True
L80L,0.0,80,True,neutral,tolerant,80,0.0,True
L80M,-1.7677501374662,80,True,neutral,tolerant,80,-0.770590576700278,True
L80N,-2.3819140201155897,80,True,neutral,tolerant,80,-1.0383144424710558,True
L80P,-3.23939275356709,80,True,neutral,tolerant,80,-1.4121031458144602,True
L80Q,-2.15299378196191,80,True,neutral,tolerant,80,-0.9385244469290065,True
L80R,-2.90468199984558,80,True,neutral,tolerant,80,-1.2661973714227583,True
L80S,-2.40904703861686,80,True,neutral,tolerant,80,-1.0501421594834173,True
L80T,-2.29180999052083,80,True,neutral,tolerant,80,-0.9990366539098473,True
L80V,-2.10938663459212,80,True,neutral,tolerant,80,-0.9195153934843238,True
L80W,-3.9718146243214,80,True,mild,tolerant,80,-1.7313775612482147,True
L80Y,-2.68251091849535,80,True,neutral,tolerant,80,-1.1693494413475323,True
L81A,-2.68191343182704,81,True,neutral,tolerant,81,-1.1745396438384106,True
L81C,-4.1843144387830495,81,True,mild,tolerant,81,-1.832513731544305,True
L81D,-2.44216714186843,81,True,neutral,tolerant,81,-1.0695431444444188,True
L81E,-2.4104144308916298,81,True,neutral,tolerant,81,-1.0556370960988584,True
L81F,-2.57058119653856,81,True,neutral,tolerant,81,-1.1257818717076438,True
L81G,-2.9170841048913903,81,True,neutral,tolerant,81,-1.277532259224236,True
L81H,-2.3224760260509303,81,True,neutral,tolerant,81,-1.0171246141240209,True
L81I,-1.91602124480765,81,True,neutral,tolerant,81,-0.8391184009731821,True
L81K,-2.1687988114793404,81,True,neutral,tolerant,81,-0.9498219268981959,True
L81L,0.0,81,True,neutral,tolerant,81,0.0,True
L81M,-0.8704522914499209,81,True,neutral,tolerant,81,-0.3812131712549076,True
L81N,-2.78897971185962,81,True,neutral,tolerant,81,-1.2214291477740022,True
L81P,-2.43950928341003,81,True,neutral,tolerant,81,-1.0683791396372333,True
L81Q,-2.25444086722532,81,True,neutral,tolerant,81,-0.9873287265061707,True
L81R,-3.51524019444375,81,True,neutral,tolerant,81,-1.5394937498693648,True
L81S,-2.9678721963576,81,True,neutral,tolerant,81,-1.299774821625408,True
L81T,-2.67961677649961,81,True,neutral,tolerant,81,-1.1735338273574285,True
L81V,-1.86837987082096,81,True,neutral,tolerant,81,-0.8182539383957383,True
L81W,-4.5847166363837815,81,True,mild,tolerant,81,-2.0078692254916612,True
L81Y,-4.31486642671503,81,True,mild,tolerant,81,-1.889688763216958,True
E82A,-3.85711170295036,82,True,mild,sensitive,82,-2.2494760072673814,True
E82C,-5.35736510157957,82,True,impactful,sensitive,82,-3.124427080749732,True
E82D,-2.37888336027938,82,True,neutral,sensitive,82,-1.3873699947405804,True
E82E,0.0,82,True,neutral,sensitive,82,0.0,True
E82F,-6.21279952704652,82,True,impactful,sensitive,82,-3.623318314417285,True
E82G,-3.9772892331919,82,True,mild,sensitive,82,-2.3195638065614,True
E82H,-2.54776221718353,82,True,neutral,sensitive,82,-1.485860514589939,True
E82I,-5.5973680083709585,82,True,impactful,sensitive,82,-3.2643973025321853,True
E82K,-3.18706569280891,82,True,neutral,sensitive,82,-1.8587037041407934,True
E82L,-3.9225761424459904,82,True,mild,sensitive,82,-2.2876550120034866,True
E82M,-5.5973680083709585,82,True,impactful,sensitive,82,-3.2643973025321853,True
E82N,-3.02562485463796,82,True,neutral,sensitive,82,-1.7645510531348856,True
E82P,-3.9220470603318702,82,True,mild,sensitive,82,-2.28734645015378,True
E82Q,-2.23053085877544,82,True,neutral,sensitive,82,-1.3008504903933384,True
E82R,-3.30353626721742,82,True,neutral,sensitive,82,-1.9266295986603086,True
E82S,-3.60985613206827,82,True,neutral,sensitive,82,-2.1052760158756314,True
E82T,-5.16050489591058,82,True,impactful,sensitive,82,-3.0096177769125148,True
E82V,-3.97744280782794,82,True,mild,sensitive,82,-2.3196533716260657,True
E82W,-6.21279952704652,82,True,impactful,sensitive,82,-3.623318314417285,True
E82Y,-6.21279952704652,82,True,impactful,sensitive,82,-3.623318314417285,True
K83A,-3.63025206300465,83,True,neutral,tolerant,83,-1.4698307959938215,True
K83C,-4.37343855666353,83,True,mild,tolerant,83,-1.7707350793846492,True
K83D,-1.35731518201639,83,True,neutral,tolerant,83,-0.5495551327492197,True
K83E,-1.376931967218,83,True,neutral,tolerant,83,-0.5574976542345895,True
K83F,-4.33249613610141,83,True,mild,tolerant,83,-1.754158150411038,True
K83G,-3.2748669381160296,83,True,neutral,tolerant,83,-1.3259410627373749,True
K83H,-2.49585188435737,83,True,neutral,tolerant,83,-1.0105303703984077,True
K83I,-3.2997946843783,83,True,neutral,tolerant,83,-1.3360339071170788,True
K83K,0.0,83,True,neutral,tolerant,83,0.0,True
K83L,-4.1751443954564,83,True,mild,tolerant,83,-1.6904489560660467,True
K83M,-4.49631136409295,83,True,mild,tolerant,83,-1.8204843070458552,True
K83N,-1.39444188423063,83,True,neutral,tolerant,83,-0.5645871386047625,True
K83P,-3.67135230206068,83,True,neutral,tolerant,83,-1.4864716231426838,True
K83Q,-2.42353661754312,83,True,neutral,tolerant,83,-0.9812510795008713,True
K83R,-2.18959779042835,83,True,neutral,tolerant,83,-0.8865330030410872,True
K83S,-1.70635167106479,83,True,neutral,tolerant,83,-0.6908744052474174,True
K83T,-3.1097910465282403,83,True,neutral,tolerant,83,-1.2591044836456602,True
K83V,-2.92806436347732,83,True,neutral,tolerant,83,-1.1855262663300905,True
K83W,-3.19474363404529,83,True,neutral,tolerant,83,-1.2935004228710407,True
K83Y,-4.12961279775118,83,True,mild,tolerant,83,-1.6720139429219336,True
E84A,-3.8527961051852,84,True,mild,tolerant,84,-1.3516919765848388,True
E84C,-4.8455045274979005,84,True,mild,tolerant,84,-1.6999678709988697,True
E84D,-1.88786984708348,84,True,neutral,tolerant,84,-0.662328982762643,True
E84E,0.0,84,True,neutral,tolerant,84,0.0,True
E84F,-4.41658526203468,84,True,mild,tolerant,84,-1.549488397416286,True
E84G,-4.68904900537693,84,True,mild,tolerant,84,-1.645077949972763,True
E84H,-3.66194280503375,84,True,neutral,tolerant,84,-1.2847341445385845,True
E84I,-5.009401348315531,84,True,impactful,tolerant,84,-1.757468452820161,True
E84K,-2.84821932566016,84,True,neutral,tolerant,84,-0.9992522586044446,True
E84L,-3.73906491804799,84,True,neutral,tolerant,84,-1.3117912060940407,True
E84M,-5.009401348315531,84,True,impactful,tolerant,84,-1.757468452820161,True
E84N,-2.21278955427091,84,True,neutral,tolerant,84,-0.7763218724067298,True
E84P,-3.00056498643538,84,True,neutral,tolerant,84,-1.052700300420164,True
E84Q,-2.22017221040921,84,True,neutral,tolerant,84,-0.7789119593969536,True
E84R,-2.9430197620944303,84,True,neutral,tolerant,84,-1.0325114775733613,True
E84S,-3.43840220727282,84,True,neutral,tolerant,84,-1.2063084962080708,True
E84T,-3.26937003997549,84,True,neutral,tolerant,84,-1.1470062600962108,True
E84V,-4.12257621443278,84,True,mild,tolerant,84,-1.4463400189822464,True
E84W,-5.34108287185436,84,True,impactful,tolerant,84,-1.8738336177313004,True
E84Y,-5.34108287185436,84,True,impactful,tolerant,84,-1.8738336177313004,True
R85A,-2.86988258615145,85,True,neutral,tolerant,85,-0.9937358754443988,True
R85C,-4.30994722134871,85,True,mild,tolerant,85,-1.492377840052894,True
R85D,-2.19388888618096,85,True,neutral,tolerant,85,-0.7596638634127459,True
R85E,-1.96550006045318,85,True,neutral,tolerant,85,-0.6805811264493961,True
R85F,-4.597989916233571,85,True,mild,tolerant,85,-1.5921165404959043,True
R85G,-3.23021595662447,85,True,neutral,tolerant,85,-1.118506205452576,True
R85H,-2.3072972649926298,85,True,neutral,tolerant,85,-0.7989330569138899,True
R85I,-1.5486274399766102,85,True,neutral,tolerant,85,-0.5362333122018401,True
R85K,-1.9637370265516696,85,True,neutral,tolerant,85,-0.6799706519839911,True
R85L,-3.52170282178681,85,True,neutral,tolerant,85,-1.2194374966943826,True
R85M,-3.52410900248837,85,True,neutral,tolerant,85,-1.2202706694860086,True
R85N,-2.06151790693382,85,True,neutral,tolerant,85,-0.713828611622188,True
R85P,-3.400840237829,85,True,neutral,tolerant,85,-1.1775871832852722,True
R85Q,-0.8815988070970351,85,True,neutral,tolerant,85,-0.30526557657403663,True
R85R,0.0,85,True,neutral,tolerant,85,0.0,True
R85S,-2.5130919395691897,85,True,neutral,tolerant,85,-0.8701922617639314,True
R85T,-2.78914839016833,85,True,neutral,tolerant,85,-0.9657805621118165,True
R85V,-3.14990617555425,85,True,neutral,tolerant,85,-1.090697851555567,True
R85W,-3.835971897146581,85,True,mild,tolerant,85,-1.3282574380518242,True
R85Y,-3.7848680757458,85,True,neutral,tolerant,85,-1.3105620448872,True
L86A,-1.4240422549730802,86,True,neutral,tolerant,86,-0.520276357907675,True
L86C,-2.72043847154026,86,True,neutral,tolerant,86,-0.9939170097952216,True
L86D,-2.48972601361519,86,True,neutral,tolerant,86,-0.9096258050125011,True
L86E,-1.9675775630395904,86,True,neutral,tolerant,86,-0.7188579445758428,True
L86F,-2.65813329609567,86,True,neutral,tolerant,86,-0.9711537036883233,True
L86G,-1.8360006757041896,86,True,neutral,tolerant,86,-0.6707860959431035,True
L86H,-2.6937051268661403,86,True,neutral,tolerant,86,-0.9841499350099271,True
L86I,-1.06619421265142,86,True,neutral,tolerant,86,-0.3895359423804514,True
L86K,-2.38938190349432,86,True,neutral,tolerant,86,-0.8729649068061064,True
L86L,0.0,86,True,neutral,tolerant,86,0.0,True
L86M,-0.869448116130863,86,True,neutral,tolerant,86,-0.3176544078453668,True
L86N,-2.2821306006407203,86,True,neutral,tolerant,86,-0.8337804535115103,True
L86P,-2.75169980873252,86,True,neutral,tolerant,86,-1.0053383946599708,True
L86Q,-2.37160954475738,86,True,neutral,tolerant,86,-0.8664717440907496,True
L86R,-2.14675762987517,86,True,neutral,tolerant,86,-0.784321699079835,True
L86S,-1.4954595902700505,86,True,neutral,tolerant,86,-0.5463688077419542,True
L86T,-1.40368944139848,86,True,neutral,tolerant,86,-0.5128404214508827,True
L86V,-1.5950628894928602,86,True,neutral,tolerant,86,-0.5827590493757682,True
L86W,-2.89768323297812,86,True,neutral,tolerant,86,-1.058673697047348,True
L86Y,-2.68190571744327,86,True,neutral,tolerant,86,-0.9798389998964825,True
G87A,-1.52737799394078,87,True,neutral,tolerant,87,-0.9641005223321399,True
G87C,-3.8869665447985295,87,True,mild,tolerant,87,-2.4535029907423898,True
G87D,-1.90951826531052,87,True,neutral,tolerant,87,-1.2053123485423298,True
G87E,-1.91025923304399,87,True,neutral,tolerant,87,-1.2057800568514083,True
G87F,-3.21329217110027,87,True,neutral,tolerant,87,-2.0282711109190306,True
G87G,0.0,87,True,neutral,tolerant,87,0.0,True
G87H,-3.64847964182985,87,True,neutral,tolerant,87,-2.302967007748259,True
G87I,-2.3101034193785,87,True,neutral,tolerant,87,-1.458166820590206,True
G87K,-2.14213967274346,87,True,neutral,tolerant,87,-1.352145955744628,True
G87L,-2.15816165635206,87,True,neutral,tolerant,87,-1.362259236692191,True
G87M,-3.20194937932864,87,True,neutral,tolerant,87,-2.0211113956978375,True
G87N,-2.22015252397714,87,True,neutral,tolerant,87,-1.4013886650944962,True
G87P,-1.76543315020056,87,True,neutral,tolerant,87,-1.1143639812823096,True
G87Q,-2.2361638140831,87,True,neutral,tolerant,87,-1.4114951961664413,True
G87R,-2.8746494695014304,87,True,neutral,tolerant,87,-1.814515507007883,True
G87S,-1.54711717249172,87,True,neutral,tolerant,87,-0.9765601442638845,True
G87T,-2.3725209703680803,87,True,neutral,tolerant,87,-1.4975655769887355,True
G87V,-2.08687614251883,87,True,neutral,tolerant,87,-1.3172629087406462,True
G87W,-4.18267252997158,87,True,mild,tolerant,87,-2.640156390158285,True
G87Y,-2.9806479886737205,87,True,neutral,tolerant,87,-1.8814231278495124,True
E88A,-0.9134879826679342,88,True,neutral,tolerant,88,-0.14985898674248604,True
E88C,-1.41188140089251,88,True,neutral,tolerant,88,-0.23162112710050478,True
E88D,-1.59042250842465,88,True,neutral,tolerant,88,-0.2609110465896525,True
E88E,0.0,88,True,neutral,tolerant,88,0.0,True
E88F,-2.63162488809456,88,True,neutral,tolerant,88,-0.4317217595620183,True
E88G,-1.80858096921153,88,True,neutral,tolerant,88,-0.29670024853113725,True
E88H,-2.34607949710787,88,True,neutral,tolerant,88,-0.38487763706215206,True
E88I,-3.03983786014094,88,True,neutral,tolerant,88,-0.49868967104711887,True
E88K,-2.53525958608076,88,True,neutral,tolerant,88,-0.41591289640133966,True
E88L,-2.40811380162234,88,True,neutral,tolerant,88,-0.395054451857966,True
E88M,-2.37470465583719,88,True,neutral,tolerant,88,-0.38957363456174704,True
E88N,-1.91209891915331,88,True,neutral,tolerant,88,-0.31368251363179783,True
E88P,-2.06945914965381,88,True,neutral,tolerant,88,-0.3394976804909127,True
E88Q,-1.81121857751928,88,True,neutral,tolerant,88,-0.29713295187909866,True
E88R,-2.46847470183913,88,True,neutral,tolerant,88,-0.4049567423280977,True
E88S,-1.394759128127,88,True,neutral,tolerant,88,-0.22881219420149307,True
E88T,-1.71049252006421,88,True,neutral,tolerant,88,-0.28060870066268245,True
E88V,-2.13417093393872,88,True,neutral,tolerant,88,-0.3501137396041503,True
E88W,-3.9880672203199694,88,True,mild,tolerant,88,-0.6542480295718646,True
E88Y,-2.65680036124036,88,True,neutral,tolerant,88,-0.4358518312958286,True
C89A,-1.1655057051805,89,True,neutral,tolerant,89,-0.48503758525188184,True
C89C,0.0,89,True,neutral,tolerant,89,0.0,True
C89D,-1.96481107971894,89,True,neutral,tolerant,89,-0.8176770112295818,True
C89E,-1.8457528995451,89,True,neutral,tolerant,89,-0.7681296842973129,True
C89F,-2.00741392221753,89,True,neutral,tolerant,89,-0.8354066368835225,True
C89G,-1.9102951220396496,89,True,neutral,tolerant,89,-0.7949896160903519,True
C89H,-2.44488460231693,89,True,neutral,tolerant,89,-1.017464709487337,True
C89I,-2.11235698148642,89,True,neutral,tolerant,89,-0.8790798062472404,True
C89K,-1.99333833081803,89,True,neutral,tolerant,89,-0.8295489299387517,True
C89L,-1.21429487411231,89,True,neutral,tolerant,89,-0.5053417163942227,True
C89M,-2.87568867808017,89,True,neutral,tolerant,89,-1.196748403849442,True
C89N,-1.8496996704234496,89,True,neutral,tolerant,89,-0.7697721749413897,True
C89P,-2.15986340641859,89,True,neutral,tolerant,89,-0.8988501098421773,True
C89Q,-1.8861884477488704,89,True,neutral,tolerant,89,-0.7849573673982339,True
C89R,-1.71147356954498,89,True,neutral,tolerant,89,-0.7122479141069112,True
C89S,-0.183130361294418,89,True,neutral,tolerant,89,-0.07621164601231445,True
C89T,-1.01563549127046,89,True,neutral,tolerant,89,-0.42266750303520917,True
C89V,-1.8051560995034,89,True,neutral,tolerant,89,-0.751234894530385,True
C89W,-3.14234875104544,89,True,neutral,tolerant,89,-1.3077218270590132,True
C89Y,-2.03416677045805,89,True,neutral,tolerant,89,-0.8465401189861967,True
G90A,-1.64632404852891,90,True,neutral,tolerant,90,-0.5091920341638839,True
G90C,-3.10832836006788,90,True,neutral,tolerant,90,-0.9613757643439174,True
G90D,-0.691291486231545,90,True,neutral,tolerant,90,-0.21380974079127882,True
G90E,-0.698830201574489,90,True,neutral,tolerant,90,-0.21614139220819534,True
G90F,-1.96950057318778,90,True,neutral,tolerant,90,-0.6091473935793695,True
G90G,0.0,90,True,neutral,tolerant,90,0.0,True
G90H,-3.20558286526355,90,True,neutral,tolerant,90,-0.9914556379729489,True
G90I,-2.40738042654664,90,True,neutral,tolerant,90,-0.7445793782183681,True
G90K,-1.3245260236953602,90,True,neutral,tolerant,90,-0.40966303135223736,True
G90L,-1.82420065782514,90,True,neutral,tolerant,90,-0.5642075413470867,True
G90M,-3.26187151455786,90,True,neutral,tolerant,90,-1.0088651703551783,True
G90N,-1.15172309718598,90,True,neutral,tolerant,90,-0.35621676496415433,True
G90P,-1.08349314663828,90,True,neutral,tolerant,90,-0.3351139041140509,True
G90Q,-1.4497974747622902,90,True,neutral,tolerant,90,-0.44840827415448475,True
G90R,-1.80224763774663,90,True,neutral,tolerant,90,-0.5574176855105001,True
G90S,-1.0521657183272402,90,True,neutral,tolerant,90,-0.32542463488356405,True
G90T,-1.67442240727436,90,True,neutral,tolerant,90,-0.5178825835481603,True
G90V,-1.97278654679968,90,True,neutral,tolerant,90,-0.6101637132942807,True
G90W,-3.52273265347808,90,True,neutral,tolerant,90,-1.089546986355974,True
G90Y,-3.52273265347808,90,True,neutral,tolerant,90,-1.089546986355974,True
K91A,-2.46744564580252,91,True,neutral,tolerant,91,-0.7252063223417423,True
K91C,-3.52903626958335,91,True,neutral,tolerant,91,-1.0372181526384847,True
K91D,-2.31767511960291,91,True,neutral,tolerant,91,-0.6811873050697,True
K91E,-1.60160543120747,91,True,neutral,tolerant,91,-0.4707274450338546,True
K91F,-2.43282742411006,91,True,neutral,tolerant,91,-0.7150316896067486,True
K91G,-2.19831156481345,91,True,neutral,tolerant,91,-0.6461051930330042,True
K91H,-2.9952067694286,91,True,neutral,tolerant,91,-0.8803204599888689,True
K91I,-2.81266700329932,91,True,neutral,tolerant,91,-0.8266702437415799,True
K91K,0.0,91,True,neutral,tolerant,91,0.0,True
K91L,-2.1466094552453603,91,True,neutral,tolerant,91,-0.6309094391565335,True
K91M,-2.53019677992126,91,True,neutral,tolerant,91,-0.7436494922143755,True
K91N,-2.24006931089981,91,True,neutral,tolerant,91,-0.6583782015671881,True
K91P,-1.54675714739903,91,True,neutral,tolerant,91,-0.45460699988640424,True
K91Q,-1.22664309071162,91,True,neutral,tolerant,91,-0.36052235888323114,True
K91R,-1.73882988981849,91,True,neutral,tolerant,91,-0.511059050771118,True
K91S,-1.9172036276855904,91,True,neutral,tolerant,91,-0.5634848307111974,True
K91T,-2.16765240584004,91,True,neutral,tolerant,91,-0.6370941674150656,True
K91V,-2.02106877771878,91,True,neutral,tolerant,91,-0.5940118105468745,True
K91W,-3.7391317369709114,91,True,neutral,tolerant,91,-1.0989672580357985,True
K91Y,-2.4520481713906097,91,True,neutral,tolerant,91,-0.7206808545525701,True
V92A,-1.1651002696692498,92,True,neutral,tolerant,92,-0.17254877123446677,True
V92C,-3.2222058214013702,92,True,neutral,tolerant,92,-0.4772015504770131,True
V92D,-0.8073084144758579,92,True,neutral,tolerant,92,-0.11956058937708389,True
V92E,-1.09171369285351,92,True,neutral,tolerant,92,-0.16168038163375503,True
V92F,-2.2880068042409905,92,True,neutral,tolerant,92,-0.33884874368791995,True
V92G,-2.35227469350718,92,True,neutral,tolerant,92,-0.34836667584483366,True
V92H,-3.0847537805517,92,True,neutral,tolerant,92,-0.4568452074482597,True
V92I,-1.4974561894741698,92,True,neutral,tolerant,92,-0.2217699473578916,True
V92K,-1.54873755577298,92,True,neutral,tolerant,92,-0.22936460420626417,True
V92L,-1.08810051902224,92,True,neutral,tolerant,92,-0.16114527858634164,True
V92M,-1.6528370004721695,92,True,neutral,tolerant,92,-0.24478150156406378,True
V92N,-0.9654773268408442,92,True,neutral,tolerant,92,-0.14298505522483285,True
V92P,-1.28474003376723,92,True,neutral,tolerant,92,-0.1902671555000101,True
V92Q,-1.24513931814951,92,True,neutral,tolerant,92,-0.18440237716485197,True
V92R,-2.14057915179188,92,True,neutral,tolerant,92,-0.31701503466020037,True
V92S,-0.8522192116062359,92,True,neutral,tolerant,92,-0.12621177903152198,True
V92T,-1.83363805540326,92,True,neutral,tolerant,92,-0.2715577376343818,True
V92V,0.0,92,True,neutral,tolerant,92,0.0,True
V92W,-3.4525889898378503,92,True,neutral,tolerant,92,-0.5113207878179356,True
V92Y,-2.2324621122042503,92,True,neutral,tolerant,92,-0.3306226977337317,True
A93A,0.0,93,True,neutral,tolerant,93,0.0,True
A93C,-2.7293283845547096,93,True,neutral,tolerant,93,-0.9582791457695478,True
A93D,-1.12229169569758,93,True,neutral,tolerant,93,-0.3940415281442204,True
A93E,-0.342963260622444,93,True,neutral,tolerant,93,-0.12041590241741264,True
A93F,-2.34888701879511,93,True,neutral,tolerant,93,-0.824704516546253,True
A93G,-1.36496847577893,93,True,neutral,tolerant,93,-0.4792464081544363,True
A93H,-0.8995036313241559,93,True,neutral,tolerant,93,-0.3158196632987971,True
A93I,-1.90845929014166,93,True,neutral,tolerant,93,-0.6700684126696914,True
A93K,-1.6619466249146,93,True,neutral,tolerant,93,-0.5835167365899726,True
A93L,-1.7835962974423605,93,True,neutral,tolerant,93,-0.6262284692391996,True
A93M,-2.64644351125592,93,True,neutral,tolerant,93,-0.929177903855435,True
A93N,-2.0250933305429,93,True,neutral,tolerant,93,-0.711019134919109,True
A93P,-2.23572162265006,93,True,neutral,tolerant,93,-0.7849716504821191,True
A93Q,-1.28377733000696,93,True,neutral,tolerant,93,-0.4507398413907202,True
A93R,-1.77049774832829,93,True,neutral,tolerant,93,-0.6216295112952291,True
A93S,-0.593983747266552,93,True,neutral,tolerant,93,-0.20855029433347275,True
A93T,-0.7321496960051159,93,True,neutral,tolerant,93,-0.25706096387433547,True
A93V,-1.7268539136426002,93,True,neutral,tolerant,93,-0.6063059698491405,True
A93W,-2.38511654355743,93,True,neutral,tolerant,93,-0.8374248613158096,True
A93Y,-2.26297884234841,93,True,neutral,tolerant,93,-0.7945417796598324,True
E94A,-2.01346101703039,94,True,neutral,tolerant,94,-0.5542589888548756,True
E94C,-3.5151111030730804,94,True,neutral,tolerant,94,-0.9676283321220247,True
E94D,-1.12750634791455,94,True,neutral,tolerant,94,-0.31037627400617296,True
E94E,0.0,94,True,neutral,tolerant,94,0.0,True
E94F,-2.89241739339373,94,True,neutral,tolerant,94,-0.7962152364753068,True
E94G,-2.35311819406693,94,True,neutral,tolerant,94,-0.6477587099367527,True
E94H,-2.79365267566418,94,True,neutral,tolerant,94,-0.7690276067569751,True
E94I,-3.0061144722474302,94,True,neutral,tolerant,94,-0.8275133979138373,True
E94K,-0.970053937749696,94,True,neutral,tolerant,94,-0.2670332875204217,True
E94L,-3.05209867116458,94,True,neutral,tolerant,94,-0.8401717783739225,True
E94M,-4.1489031659194,94,True,mild,tolerant,94,-1.1420965462697956,True
E94N,-1.9229762640669,94,True,neutral,tolerant,94,-0.5293506408609843,True
E94P,-2.38190046032579,94,True,neutral,tolerant,94,-0.6556817984190497,True
E94Q,-1.43785399126448,94,True,neutral,tolerant,94,-0.39580776214609437,True
E94R,-1.94330930302268,94,True,neutral,tolerant,94,-0.5349478535791123,True
E94S,-2.01915151669352,94,True,neutral,tolerant,94,-0.5558254510623323,True
E94T,-2.21134331175625,94,True,neutral,tolerant,94,-0.6087313822408669,True
E94V,-2.7993663100663704,94,True,neutral,tolerant,94,-0.7706004374200268,True
E94W,-4.10719086157888,94,True,mild,tolerant,94,-1.1306141190308112,True
E94Y,-2.9441072426484305,94,True,neutral,tolerant,94,-0.8104442497711419,True
D95A,-1.52549916478321,95,True,neutral,tolerant,95,-0.3083086313435597,True
D95C,-3.6976297796039,95,True,neutral,tolerant,95,-0.7473037041792643,True
D95D,0.0,95,True,neutral,tolerant,95,0.0,True
D95E,-0.7112775885260029,95,True,neutral,tolerant,95,-0.14375164856610295,True
D95F,-3.1232090517774,95,True,neutral,tolerant,95,-0.6312112981655728,True
D95G,-1.36267652168328,95,True,neutral,tolerant,95,-0.27540161480447545,True
D95H,-1.8284037506579096,95,True,neutral,tolerant,95,-0.36952669062187327,True
D95I,-2.87872678432941,95,True,neutral,tolerant,95,-0.5818005905068954,True
D95K,-2.0275368400008498,95,True,neutral,tolerant,95,-0.40977217331229576,True
D95L,-2.74302958076199,95,True,neutral,tolerant,95,-0.5543757186519408,True
D95M,-4.08561183056834,95,True,mild,tolerant,95,-0.8257162119538674,True
D95N,-1.16883988419971,95,True,neutral,tolerant,95,-0.23622656326304117,True
D95P,-2.2018845408344,95,True,neutral,tolerant,95,-0.44500844368385456,True
D95Q,-0.6890882004977541,95,True,neutral,tolerant,95,-0.13926709687884406,True
D95R,-1.94926094452073,95,True,neutral,tolerant,95,-0.3939523454423167,True
D95S,-2.15507989118381,95,True,neutral,tolerant,95,-0.43554906290711126,True
D95T,-2.4452818102292704,95,True,neutral,tolerant,95,-0.49419986950187944,True
D95V,-2.6293149923460497,95,True,neutral,tolerant,95,-0.5313936089742229,True
D95W,-4.20868301177993,95,True,mild,tolerant,95,-0.850589321237131,True
D95Y,-2.76852036963706,95,True,neutral,tolerant,95,-0.5595274948124065,True
K96A,-1.9416590044684496,96,True,neutral,tolerant,96,-0.38919205533134305,True
K96C,-4.3847756539213,96,True,mild,tolerant,96,-0.8788978110930672,True
K96D,-1.5758603074108002,96,True,neutral,tolerant,96,-0.31587024835197175,True
K96E,-1.1949838111774098,96,True,neutral,tolerant,96,-0.23952620129976834,True
K96F,-5.6662631210261,96,True,impactful,tolerant,96,-1.1357630691306961,True
K96G,-2.02976125879232,96,True,neutral,tolerant,96,-0.40685154000950813,True
K96H,-2.51577922794011,96,True,neutral,tolerant,96,-0.5042704647049784,True
K96I,-3.47815081515044,96,True,neutral,tolerant,96,-0.6971711620760966,True
K96K,0.0,96,True,neutral,tolerant,96,0.0,True
K96L,-2.79584401115812,96,True,neutral,tolerant,96,-0.5604075043992289,True
K96M,-4.21751378535088,96,True,mild,tolerant,96,-0.8453713318000136,True
K96N,-1.2059965851175902,96,True,neutral,tolerant,96,-0.24173363531100023,True
K96P,-3.22357442771878,96,True,neutral,tolerant,96,-0.6461430942045808,True
K96Q,-1.75502064508107,96,True,neutral,tolerant,96,-0.3517816930965336,True
K96R,-1.69123341436745,96,True,neutral,tolerant,96,-0.3389959859418808,True
K96S,-1.88380311321237,96,True,neutral,tolerant,96,-0.37759524395552446,True
K96T,-2.5487272144021,96,True,neutral,tolerant,96,-0.5108746596437708,True
K96V,-3.0377324056066097,96,True,neutral,tolerant,96,-0.6088923522430337,True
K96W,-5.6662631210261,96,True,impactful,tolerant,96,-1.1357630691306961,True
K96Y,-5.6662631210261,96,True,impactful,tolerant,96,-1.1357630691306961,True
E97A,-1.42960552562623,97,True,neutral,tolerant,97,-0.3506838722060838,True
E97C,-3.2717448443063395,97,True,neutral,tolerant,97,-0.802562756162438,True
E97D,-0.3728673266389471,97,True,neutral,tolerant,97,-0.09146478212414481,True
E97E,0.0,97,True,neutral,tolerant,97,0.0,True
E97F,-3.3105932375749,97,True,neutral,tolerant,97,-0.8120923115091382,True
E97G,-2.11320566970821,97,True,neutral,tolerant,97,-0.5183717702101814,True
E97H,-1.9776859091916,97,True,neutral,tolerant,97,-0.48512861779749883,True
E97I,-2.01413434832598,97,True,neutral,tolerant,97,-0.4940694616473525,True
E97K,-1.17227632939562,97,True,neutral,tolerant,97,-0.28756072575188985,True
E97L,-2.4444355819430603,97,True,neutral,tolerant,97,-0.5996228469099002,True
E97M,-1.84910100139195,97,True,neutral,tolerant,97,-0.45358659269607027,True
E97N,-1.02156109335378,97,True,neutral,tolerant,97,-0.2505901057954132,True
E97P,-2.23685447954248,97,True,neutral,tolerant,97,-0.5487029648293134,True
E97Q,-1.40005509339177,97,True,neutral,tolerant,97,-0.34343511734637905,True
E97R,-1.73082350361396,97,True,neutral,tolerant,97,-0.4245729870740139,True
E97S,-1.32626345116427,97,True,neutral,tolerant,97,-0.3253339430231683,True
E97T,-1.79378792716971,97,True,neutral,tolerant,97,-0.44001823226085107,True
E97V,-2.05044384358352,97,True,neutral,tolerant,97,-0.5029762224051391,True
E97W,-2.69333053468787,97,True,neutral,tolerant,97,-0.6606770637805759,True
E97Y,-3.35807098519818,97,True,neutral,tolerant,97,-0.823738657358887,True
E98A,-2.27702437500218,98,True,neutral,tolerant,98,-0.398000224616878,True
E98C,-3.26441584368702,98,True,neutral,tolerant,98,-0.5705860039504783,True
E98D,-0.28613818257101503,98,True,neutral,tolerant,98,-0.05001398412110551,True
E98E,0.0,98,True,neutral,tolerant,98,0.0,True
E98F,-2.32463454909035,98,True,neutral,tolerant,98,-0.40632198884090936,True
E98G,-1.3620703360886397,98,True,neutral,tolerant,98,-0.23807575608704062,True
E98H,-3.09707747734989,98,True,neutral,tolerant,98,-0.5413369945325904,True
E98I,-2.70577192427685,98,True,neutral,tolerant,98,-0.47294084571369494,True
E98K,-1.49132679004772,98,True,neutral,tolerant,98,-0.2606684425218733,True
E98L,-2.39610538987591,98,True,neutral,tolerant,98,-0.41881434992342204,True
E98M,-2.8425350259871,98,True,neutral,tolerant,98,-0.4968456162543828,True
E98N,-1.74416793759606,98,True,neutral,tolerant,98,-0.30486245055331224,True
E98P,-2.58877027510124,98,True,neutral,tolerant,98,-0.4524901719467997,True
E98Q,-1.54802628016104,98,True,neutral,tolerant,98,-0.27057892483752366,True
E98R,-1.39925718129695,98,True,neutral,tolerant,98,-0.2445756306198666,True
E98S,-1.99434519330984,98,True,neutral,tolerant,98,-0.3485908379439932,True
E98T,-1.5086444567143202,98,True,neutral,tolerant,98,-0.26369539089309596,True
E98V,-1.90877838075223,98,True,neutral,tolerant,98,-0.3336346473157544,True
E98W,-2.28731734325611,98,True,neutral,tolerant,98,-0.3997993286238497,True
E98Y,-2.53282391312784,98,True,neutral,tolerant,98,-0.44271132861233214,True
S99A,-1.68423256365003,99,True,neutral,tolerant,99,-0.6703175787092407,True
S99C,-2.6594249158116896,99,True,neutral,tolerant,99,-1.0584400924196478,True
S99D,-0.950969979577093,99,True,neutral,tolerant,99,-0.37848210983037994,True
S99E,-1.11397334126519,99,True,neutral,tolerant,99,-0.4433567720869019,True
S99F,-3.4823839207547405,99,True,neutral,tolerant,99,-1.385974364987613,True
S99G,-0.884726546320633,99,True,neutral,tolerant,99,-0.352117497992199,True
S99H,-1.94456159520612,99,True,neutral,tolerant,99,-0.773927454130614,True
S99I,-2.13198039618042,99,True,neutral,tolerant,99,-0.8485193600140979,True
S99K,-1.22892762123477,99,True,neutral,tolerant,99,-0.4891080989965772,True
S99L,-1.7198228007464702,99,True,neutral,tolerant,99,-0.6844823455419587,True
S99M,-2.42834733281906,99,True,neutral,tolerant,99,-0.9664721722709496,True
S99N,-0.672099235894377,99,True,neutral,tolerant,99,-0.26749270984328505,True
S99P,-1.97580290107933,99,True,neutral,tolerant,99,-0.7863613643640445,True
S99Q,-1.07013740093064,99,True,neutral,tolerant,99,-0.4259102495462036,True
S99R,-1.6829667374459698,99,True,neutral,tolerant,99,-0.6698137851272348,True
S99S,0.0,99,True,neutral,tolerant,99,0.0,True
S99T,-1.31380275073231,99,True,neutral,tolerant,99,-0.5228880487050227,True
S99V,-1.24319326811508,99,True,neutral,tolerant,99,-0.49478576731977286,True
S99W,-4.20770611451527,99,True,mild,tolerant,99,-1.6746495914373143,True
S99Y,-4.20770611451527,99,True,mild,tolerant,99,-1.6746495914373143,True
E100A,-2.40317927695552,100,True,neutral,tolerant,100,-0.4570553317989704,True
E100C,-3.55638993838921,100,True,neutral,tolerant,100,-0.6763819074522944,True
E100D,-1.15538097538067,100,True,neutral,tolerant,100,-0.21973934284495922,True
E100E,0.0,100,True,neutral,tolerant,100,0.0,True
E100F,-3.08248944862167,100,True,neutral,tolerant,100,-0.5862518253284186,True
E100G,-1.4180539035597102,100,True,neutral,tolerant,100,-0.2696965239403172,True
E100H,-1.7502640214220402,100,True,neutral,tolerant,100,-0.33287882877397884,True
E100I,-1.79392872596226,100,True,neutral,tolerant,100,-0.3411833219979788,True
E100K,-1.3007744948913602,100,True,neutral,tolerant,100,-0.24739141355753824,True
E100L,-2.5009156331301297,100,True,neutral,tolerant,100,-0.4756435924121362,True
E100M,-2.55939114488465,100,True,neutral,tolerant,100,-0.48676492018129686,True
E100N,-1.25289475804668,100,True,neutral,tolerant,100,-0.23828527269662164,True
E100P,-2.29559453457149,100,True,neutral,tolerant,100,-0.43659402847534423,True
E100Q,-1.6854626969599,100,True,neutral,tolerant,100,-0.3205544087288053,True
E100R,-1.91697809012227,100,True,neutral,tolerant,100,-0.3645858074068302,True
E100S,-1.09493899388605,100,True,neutral,tolerant,100,-0.20824401656135041,True
E100T,-1.58770996294089,100,True,neutral,tolerant,100,-0.30196303324977064,True
E100V,-2.55852213559247,100,True,neutral,tolerant,100,-0.48659964523315535,True
E100W,-4.284338291156169,100,True,mild,tolerant,100,-0.8148287886720407,True
E100Y,-3.75280795426501,100,True,neutral,tolerant,100,-0.7137382138578405,True
E101A,-2.8676129969353097,101,True,neutral,tolerant,101,-0.8261787553404706,True
E101C,-4.02830146617005,101,True,mild,tolerant,101,-1.1605809762382113,True
E101D,-1.39536423800093,101,True,neutral,tolerant,101,-0.40201390167719997,True
E101E,0.0,101,True,neutral,tolerant,101,0.0,True
E101F,-4.452629902580268,101,True,mild,tolerant,101,-1.2828328769736406,True
E101G,-2.5514212040382405,101,True,neutral,tolerant,101,-0.7350817550884293,True
E101H,-2.99545673668393,101,True,neutral,tolerant,101,-0.863011403921875,True
E101I,-2.98821943770143,101,True,neutral,tolerant,101,-0.8609262889946588,True
E101K,-1.5228839989122,101,True,neutral,tolerant,101,-0.4387532097580261,True
E101L,-3.62432894916578,101,True,neutral,tolerant,101,-1.0441937539571589,True
E101M,-3.14854844622623,101,True,neutral,tolerant,101,-0.9071181638569763,True
E101N,-1.99365149754047,101,True,neutral,tolerant,101,-0.5743845193130876,True
E101P,-2.68386560569277,101,True,neutral,tolerant,101,-0.7732398855710626,True
E101Q,-1.35480030041766,101,True,neutral,tolerant,101,-0.3903271561156229,True
E101R,-2.14723966447517,101,True,neutral,tolerant,101,-0.6186343119903934,True
E101S,-2.26273323280382,101,True,neutral,tolerant,101,-0.6519087924149032,True
E101T,-2.43710130217636,101,True,neutral,tolerant,101,-0.7021454159339365,True
E101V,-2.69699407951424,101,True,neutral,tolerant,101,-0.7770222879290286,True
E101W,-5.15117633290696,101,True,impactful,tolerant,101,-1.4840888417679214,True
E101Y,-4.16531345671273,101,True,mild,tolerant,101,-1.200055060061324,True
E102A,-2.46233212060782,102,True,neutral,tolerant,102,-0.6446293539244147,True
E102C,-4.0265505451629,102,True,mild,tolerant,102,-1.054135896107969,True
E102D,-0.927681538294135,102,True,neutral,tolerant,102,-0.24286356242249646,True
E102E,0.0,102,True,neutral,tolerant,102,0.0,True
E102F,-2.76793475445544,102,True,neutral,tolerant,102,-0.7246349822334672,True
E102G,-2.44952482237815,102,True,neutral,tolerant,102,-0.6412764510750332,True
E102H,-2.04655503734157,102,True,neutral,tolerant,102,-0.5357804661893435,True
E102I,-2.7722058431873102,102,True,neutral,tolerant,102,-0.7257531373136601,True
E102K,-1.5993817776481598,102,True,neutral,tolerant,102,-0.4187121767104729,True
E102L,-3.76984710205862,102,True,neutral,tolerant,102,-0.9869318933280203,True
E102M,-3.86484150076995,102,True,mild,tolerant,102,-1.0118010721667412,True
E102N,-2.16434606933318,102,True,neutral,tolerant,102,-0.566617718489857,True
E102P,-2.70174077223701,102,True,neutral,tolerant,102,-0.7073056448812755,True
E102Q,-1.93742473265203,102,True,neutral,tolerant,102,-0.5072105599541816,True
E102R,-1.9675147126531003,102,True,neutral,tolerant,102,-0.515088004351447,True
E102S,-2.51682369641065,102,True,neutral,tolerant,102,-0.6588950449780775,True
E102T,-2.3657188390269,102,True,neutral,tolerant,102,-0.6193363575959371,True
E102V,-2.43902478644181,102,True,neutral,tolerant,102,-0.6385275808778824,True
E102W,-2.6112954758449503,102,True,neutral,tolerant,102,-0.683627404041724,True
E102Y,-3.29891850819437,102,True,neutral,tolerant,102,-0.8636445460743493,True
L103A,-2.09221756267847,103,True,neutral,tolerant,103,-0.30806601601919226,True
L103C,-1.37704311548583,103,True,neutral,tolerant,103,-0.20276102927426287,True
L103D,-1.33674451695258,103,True,neutral,tolerant,103,-0.19682731142256782,True
L103E,-0.8462373029647728,103,True,neutral,tolerant,103,-0.12460317663973623,True
L103F,-1.92195653858604,103,True,neutral,tolerant,103,-0.2829961397734573,True
L103G,-1.80425911169105,103,True,neutral,tolerant,103,-0.26566592610637035,True
L103H,-3.16511319861358,103,True,neutral,tolerant,103,-0.46604322167067813,True
L103I,-1.01161431236535,103,True,neutral,tolerant,103,-0.148953912115822,True
L103K,-1.30631628923349,103,True,neutral,tolerant,103,-0.19234694424892443,True
L103L,0.0,103,True,neutral,tolerant,103,0.0,True
L103M,-1.81649416059625,103,True,neutral,tolerant,103,-0.2674674609176925,True
L103N,-1.43135013705245,103,True,neutral,tolerant,103,-0.21075740024176348,True
L103P,-2.70468660897408,103,True,neutral,tolerant,103,-0.3982482716283138,True
L103Q,-2.03585002188189,103,True,neutral,tolerant,103,-0.29976624641790334,True
L103R,-1.82002241598805,103,True,neutral,tolerant,103,-0.2679869745674387,True
L103S,-1.50828154093936,103,True,neutral,tolerant,103,-0.2220850707120672,True
L103T,-1.89872599785557,103,True,neutral,tolerant,103,-0.2795755872169413,True
L103V,-1.77945106013956,103,True,neutral,tolerant,103,-0.26201309489847135,True
L103W,-2.31514498465383,103,True,neutral,tolerant,103,-0.34089069160477464,True
L103Y,-2.41475160981494,103,True,neutral,tolerant,103,-0.35555714729746873,True
I104A,-1.83243577389618,104,True,neutral,tolerant,104,-0.4777792510461344,True
I104C,-0.795146432915992,104,True,neutral,tolerant,104,-0.20732211878992282,True
I104D,-0.956649560463814,104,True,neutral,tolerant,104,-0.249431558269671,True
I104E,-1.20931139146283,104,True,neutral,tolerant,104,-0.3153092179957653,True
I104F,-2.460538822388,104,True,neutral,tolerant,104,-0.6415473941719071,True
I104G,-2.25976789967781,104,True,neutral,tolerant,104,-0.5891994852024379,True
I104H,-2.9060049075728305,104,True,neutral,tolerant,104,-0.75769577742112,True
I104I,0.0,104,True,neutral,tolerant,104,0.0,True
I104K,-1.95170303646782,104,True,neutral,tolerant,104,-0.5088763427955718,True
I104L,-1.45070812589771,104,True,neutral,tolerant,104,-0.3782496782434127,True
I104M,-1.5523016809321202,104,True,neutral,tolerant,104,-0.404738624446558,True
I104N,-1.87290874274336,104,True,neutral,tolerant,104,-0.48833195091091813,True
I104P,-1.94472768214566,104,True,neutral,tolerant,104,-0.5070576271760131,True
I104Q,-2.04734652416378,104,True,neutral,tolerant,104,-0.5338139010826242,True
I104R,-1.97613213033443,104,True,neutral,tolerant,104,-0.5152458507137172,True
I104S,-1.3955021637955,104,True,neutral,tolerant,104,-0.36385557854168454,True
I104T,-1.66596163299808,104,True,neutral,tolerant,104,-0.43437369681613425,True
I104V,-0.263149848831862,104,True,neutral,tolerant,104,-0.06861224795915484,True
I104W,-3.4787646503769905,104,True,neutral,tolerant,104,-0.9070340106321534,True
I104Y,-1.16093677681807,104,True,neutral,tolerant,104,-0.3026962863537048,True
F105A,-1.93094102023805,105,True,neutral,tolerant,105,-0.45381681602569945,True
F105C,-2.49267454744088,105,True,neutral,tolerant,105,-0.5858374826842008,True
F105D,-1.27288746508437,105,True,neutral,tolerant,105,-0.2991586643554746,True
F105E,-1.23096935811776,105,True,neutral,tolerant,105,-0.2893069176485419,True
F105F,0.0,105,True,neutral,tolerant,105,0.0,True
F105G,-2.24571263538656,105,True,neutral,tolerant,105,-0.5277955914853213,True
F105H,-2.5047007872164904,105,True,neutral,tolerant,105,-0.5886639335112986,True
F105I,-2.04454308948619,105,True,neutral,tolerant,105,-0.48051598954771946,True
F105K,-1.73530744407653,105,True,neutral,tolerant,105,-0.40783829792969,True
F105L,-1.36644205115921,105,True,neutral,tolerant,105,-0.3211462051100089,True
F105M,-2.29517098227227,105,True,neutral,tolerant,105,-0.5394194729370708,True
F105N,-1.9929226774816495,105,True,neutral,tolerant,105,-0.46838397164955115,True
F105P,-2.0705040875758898,105,True,neutral,tolerant,105,-0.4866174382043254,True
F105Q,-2.11217253638443,105,True,neutral,tolerant,105,-0.49641050933846614,True
F105R,-2.03248665129492,105,True,neutral,tolerant,105,-0.4776824413786001,True
F105S,-1.8810206314445,105,True,neutral,tolerant,105,-0.44208434379603967,True
F105T,-1.71125509267743,105,True,neutral,tolerant,105,-0.40218542639427396,True
F105V,-1.2586195057755,105,True,neutral,tolerant,105,-0.2958053564103478,True
F105W,-2.54615954729122,105,True,neutral,tolerant,105,-0.5984077228328222,True
F105Y,-1.8917644498364,105,True,neutral,tolerant,105,-0.44460939526238086,True
T106A,-0.9243131627835052,106,True,neutral,tolerant,106,-0.2869007192261659,True
T106C,-3.4158586923690804,106,True,neutral,tolerant,106,-1.0602600450526967,True
T106D,-1.3667646235191,106,True,neutral,tolerant,106,-0.42423473914365784,True
T106E,-1.4205579491119298,106,True,neutral,tolerant,106,-0.44093183318446294,True
T106F,-3.4042668282200097,106,True,neutral,tolerant,106,-1.056662006751992,True
T106G,-2.61731662275404,106,True,neutral,tolerant,106,-0.8123978449570274,True
T106H,-2.14564239182121,106,True,neutral,tolerant,106,-0.665993269599083,True
T106I,-2.56807307678555,106,True,neutral,tolerant,106,-0.7971129725518123,True
T106K,-1.7596734971303505,106,True,neutral,tolerant,106,-0.5461910662503112,True
T106L,-2.46586862980112,106,True,neutral,tolerant,106,-0.7653893852130335,True
T106M,-2.5920245366245,106,True,neutral,tolerant,106,-0.8045473479680595,True
T106N,-1.44500348388623,106,True,neutral,tolerant,106,-0.448519566207213,True
T106P,-2.42234739428117,106,True,neutral,tolerant,106,-0.7518806802902523,True
T106Q,-2.1335434705629,106,True,neutral,tolerant,106,-0.6622378441105866,True
T106R,-2.04724408936773,106,True,neutral,tolerant,106,-0.6354510844596624,True
T106S,-1.77084691686207,106,True,neutral,tolerant,106,-0.549659222159281,True
T106T,0.0,106,True,neutral,tolerant,106,0.0,True
T106V,-1.19350852884905,106,True,neutral,tolerant,106,-0.3704571882306491,True
T106W,-4.63475640518119,106,True,mild,tolerant,106,-1.4385978688004595,True
T106Y,-3.0131017049760698,106,True,neutral,tolerant,106,-0.9352469282769451,True
E107A,-2.54135050920973,107,True,neutral,tolerant,107,-0.8521623317504037,True
E107C,-4.244082661013,107,True,mild,tolerant,107,-1.423120251788859,True
E107D,-1.28925840910547,107,True,neutral,tolerant,107,-0.4323124449581639,True
E107E,0.0,107,True,neutral,tolerant,107,0.0,True
E107F,-3.4578251479395496,107,True,neutral,tolerant,107,-1.1594734099743087,True
E107G,-1.48448628465008,107,True,neutral,tolerant,107,-0.49777600106499403,True
E107H,-2.3956964034068102,107,True,neutral,tolerant,107,-0.8033217873311165,True
E107I,-3.1977033105556,107,True,neutral,tolerant,107,-1.0722496953859435,True
E107K,-2.05844568286713,107,True,neutral,tolerant,107,-0.6902353164338113,True
E107L,-2.94887796353296,107,True,neutral,tolerant,107,-0.9888139051834527,True
E107M,-3.4384316979162204,107,True,neutral,tolerant,107,-1.1529704236555485,True
E107N,-1.9075318592884696,107,True,neutral,tolerant,107,-0.6396310903232811,True
E107P,-2.51114489287865,107,True,neutral,tolerant,107,-0.8420338239545013,True
E107Q,-2.10130795113469,107,True,neutral,tolerant,107,-0.7046078362175359,True
E107R,-2.35247177079436,107,True,neutral,tolerant,107,-0.7888277600087955,True
E107S,-2.5234925124921403,107,True,neutral,tolerant,107,-0.8461742116276173,True
E107T,-2.8826970970948795,107,True,neutral,tolerant,107,-0.9666222235335751,True
E107V,-3.19857088812331,107,True,neutral,tolerant,107,-1.072540610362211,True
E107W,-4.72212081805357,107,True,mild,tolerant,107,-1.5834153819147836,True
E107Y,-3.24781920289937,107,True,neutral,tolerant,107,-1.0890544909159783,True
S108A,-1.64360152586298,108,True,neutral,tolerant,108,-0.6195475021276751,True
S108C,-0.265555790306897,108,True,neutral,tolerant,108,-0.10009994756715407,True
S108D,-1.40345589808312,108,True,neutral,tolerant,108,-0.5290257902061822,True
S108E,-1.01944221602289,108,True,neutral,tolerant,108,-0.38427372362584217,True
S108F,-3.82405113978054,108,True,mild,tolerant,108,-1.4414572476230658,True
S108G,-1.4092309474372602,108,True,neutral,tolerant,108,-0.5312026666240495,True
S108H,-1.96230893266402,108,True,neutral,tolerant,108,-0.739682689815274,True
S108I,-1.88125754365724,108,True,neutral,tolerant,108,-0.7091307678238635,True
S108K,-1.01270733045519,108,True,neutral,tolerant,108,-0.3817350416734793,True
S108L,-1.77375212444599,108,True,neutral,tolerant,108,-0.6686071294057576,True
S108M,-2.15126809917538,108,True,neutral,tolerant,108,-0.8109099172022605,True
S108N,-1.23960419533761,108,True,neutral,tolerant,108,-0.4672626976573075,True
S108P,-1.58717336745975,108,True,neutral,tolerant,108,-0.5982771856681974,True
S108Q,-1.83089929285727,108,True,neutral,tolerant,108,-0.6901484731473853,True
S108R,-1.4676951330117398,108,True,neutral,tolerant,108,-0.5532404535003907,True
S108S,0.0,108,True,neutral,tolerant,108,0.0,True
S108T,-0.17756673758012895,108,True,neutral,tolerant,108,-0.06693290739734954,True
S108V,-2.0940708959452,108,True,neutral,tolerant,108,-0.7893497130820186,True
S108W,-3.82405113978054,108,True,mild,tolerant,108,-1.4414572476230658,True
S108Y,-3.49230740983914,108,True,neutral,tolerant,108,-1.316408082118186,True
N109A,-2.42657165666384,109,True,neutral,tolerant,109,-0.4535749085609617,True
N109C,-4.13486972990263,109,True,mild,tolerant,109,-0.7728900790964315,True
N109D,-1.26077750078045,109,True,neutral,tolerant,109,-0.23566460032687653,True
N109E,-1.2783231436068798,109,True,neutral,tolerant,109,-0.23894423285649347,True
N109F,-4.96671310288954,109,True,impactful,tolerant,109,-0.9283782884816483,True
N109G,-2.6308486423373902,109,True,neutral,tolerant,109,-0.4917583740455029,True
N109H,-2.37706133308179,109,True,neutral,tolerant,109,-0.444320436132801,True
N109I,-2.3829296606055697,109,True,neutral,tolerant,109,-0.4454173442388091,True
N109K,-1.67721438921615,109,True,neutral,tolerant,109,-0.31350500659508546,True
N109L,-2.49232148845552,109,True,neutral,tolerant,109,-0.46586487076377225,True
N109M,-2.6348380654160497,109,True,neutral,tolerant,109,-0.49250407722848727,True
N109N,0.0,109,True,neutral,tolerant,109,0.0,True
N109P,-2.61034835930125,109,True,neutral,tolerant,109,-0.4879264600041203,True
N109Q,-2.13847784591766,109,True,neutral,tolerant,109,-0.3997243974881375,True
N109R,-2.38173894179296,109,True,neutral,tolerant,109,-0.4451947750123582,True
N109S,-1.87234692862738,109,True,neutral,tolerant,109,-0.34997919167742525,True
N109T,-2.45443321194428,109,True,neutral,tolerant,109,-0.45878279201826144,True
N109V,-2.48163258567728,109,True,neutral,tolerant,109,-0.4638669004640108,True
N109W,-4.96671310288954,109,True,impactful,tolerant,109,-0.9283782884816483,True
N109Y,-3.6783595622715897,109,True,neutral,tolerant,109,-0.6875591732598917,True
S110A,-1.75947993824998,110,True,neutral,tolerant,110,-0.6707527815015876,True
S110C,-1.96674670110604,110,True,neutral,tolerant,110,-0.7497674691238911,True
S110D,-1.25971640777481,110,True,neutral,tolerant,110,-0.4802318378569052,True
S110E,-1.18996609911706,110,True,neutral,tolerant,110,-0.4536414729850478,True
S110F,-3.45880368091411,110,True,neutral,tolerant,110,-1.318572686852342,True
S110G,-2.07799273641981,110,True,neutral,tolerant,110,-0.7921769254612863,True
S110H,-2.19358555421376,110,True,neutral,tolerant,110,-0.836243471701089,True
S110I,-2.41289181160649,110,True,neutral,tolerant,110,-0.9198478817025957,True
S110K,-1.78887664617083,110,True,neutral,tolerant,110,-0.6819594586430797,True
S110L,-2.54234577524238,110,True,neutral,tolerant,110,-0.9691986042073054,True
S110M,-2.5378169340621,110,True,neutral,tolerant,110,-0.9674721094899668,True
S110N,-1.80915235203473,110,True,neutral,tolerant,110,-0.689689007477064,True
S110P,-2.83471849694749,110,True,neutral,tolerant,110,-1.0806575711756627,True
S110Q,-1.9490909316725,110,True,neutral,tolerant,110,-0.7430366981729722,True
S110R,-2.0926794121239,110,True,neutral,tolerant,110,-0.7977758120216685,True
S110S,0.0,110,True,neutral,tolerant,110,0.0,True
S110T,-1.63877731683254,110,True,neutral,tolerant,110,-0.6247382647741009,True
S110V,-2.30302193132105,110,True,neutral,tolerant,110,-0.8779630461880715,True
S110W,-4.39770735022012,110,True,mild,tolerant,110,-1.67650359248997,True
S110Y,-2.74596364247611,110,True,neutral,tolerant,110,-1.0468222518780417,True
E111A,-3.0875634014532203,111,True,neutral,tolerant,111,-0.6093942590339508,True
E111C,-2.9486735559877904,111,True,neutral,tolerant,111,-0.5819814860930262,True
E111D,-1.3830326396435402,111,True,neutral,tolerant,111,-0.27296998994697846,True
E111E,0.0,111,True,neutral,tolerant,111,0.0,True
E111F,-4.01466244143964,111,True,mild,tolerant,111,-0.7923763582056464,True
E111G,-2.90041272373244,111,True,neutral,tolerant,111,-0.5724562163937,True
E111H,-3.54546227387465,111,True,neutral,tolerant,111,-0.699770036885315,True
E111I,-4.41450043108368,111,True,mild,tolerant,111,-0.8712926244491418,True
E111K,-1.80918528782449,111,True,neutral,tolerant,111,-0.35707999628769216,True
E111L,-4.22525762061965,111,True,mild,tolerant,111,-0.8339416563019125,True
E111M,-5.0272210458494415,111,True,impactful,tolerant,111,-0.9922256633801855,True
E111N,-2.03591037260124,111,True,neutral,tolerant,111,-0.4018288636233094,True
E111P,-2.78752019616358,111,True,neutral,tolerant,111,-0.5501745498355607,True
E111Q,-1.4442721197762098,111,True,neutral,tolerant,111,-0.2850568632404978,True
E111R,-2.52803423151422,111,True,neutral,tolerant,111,-0.4989596477924868,True
E111S,-2.87900442677262,111,True,neutral,tolerant,111,-0.5682308478532944,True
E111T,-2.91771320318753,111,True,neutral,tolerant,111,-0.5758708225046237,True
E111V,-3.53516506639355,111,True,neutral,tolerant,111,-0.6977376708065779,True
E111W,-5.31658528685403,111,True,impactful,tolerant,111,-1.0493376589281689,True
E111Y,-5.31658528685403,111,True,impactful,tolerant,111,-1.0493376589281689,True
V112A,-1.24677744548874,112,True,neutral,tolerant,112,-0.347737193472173,True
V112C,-3.08311531847425,112,True,neutral,tolerant,112,-0.859907974656238,True
V112D,-1.3515636548112198,112,True,neutral,tolerant,112,-0.37696298872234535,True
V112E,-1.37203827912281,112,True,neutral,tolerant,112,-0.38267354149282684,True
V112F,-2.06783365734044,112,True,neutral,tolerant,112,-0.5767369911708576,True
V112G,-2.46387594227539,112,True,neutral,tolerant,112,-0.6871966671602641,True
V112H,-2.61247211247473,112,True,neutral,tolerant,112,-0.7286414457555138,True
V112I,-1.19611492041144,112,True,neutral,tolerant,112,-0.3336069697114377,True
V112K,-1.52331728431618,112,True,neutral,tolerant,112,-0.42486658636025565,True
V112L,-1.2004735963596698,112,True,neutral,tolerant,112,-0.334822642762772,True
V112M,-1.96211824448496,112,True,neutral,tolerant,112,-0.5472520328840912,True
V112N,-1.41395836008003,112,True,neutral,tolerant,112,-0.39436542070906955,True
V112P,-1.96387432814923,112,True,neutral,tolerant,112,-0.547741820060724,True
V112Q,-1.3909359509998602,112,True,neutral,tolerant,112,-0.38794426836189316,True
V112R,-2.20433846604457,112,True,neutral,tolerant,112,-0.614809382715944,True
V112S,-1.8721397120515504,112,True,neutral,tolerant,112,-0.5221562289341942,True
V112T,-1.81923612882799,112,True,neutral,tolerant,112,-0.5074009543490248,True
V112V,0.0,112,True,neutral,tolerant,112,0.0,True
V112W,-4.13215612727656,112,True,mild,tolerant,112,-1.1524946812979315,True
V112Y,-3.88270173794848,112,True,mild,tolerant,112,-1.0829196584595473,True
S113A,-2.13932159294336,113,True,neutral,tolerant,113,-0.7771354566657428,True
S113C,-2.44128445843605,113,True,neutral,tolerant,113,-0.8868272627713856,True
S113D,-1.6121842151106298,113,True,neutral,tolerant,113,-0.5856461788503401,True
S113E,-1.16922590699244,113,True,neutral,tolerant,113,-0.4247360061120293,True
S113F,-3.55318513910796,113,True,neutral,tolerant,113,-1.2907391599312963,True
S113G,-2.6902976318698,113,True,neutral,tolerant,113,-0.9772844277392646,True
S113H,-1.9630917048974896,113,True,neutral,tolerant,113,-0.7131177348905641,True
S113I,-2.2480899696659904,113,True,neutral,tolerant,113,-0.8166469365638335,True
S113K,-1.5021076105615905,113,True,neutral,tolerant,113,-0.5456594687518659,True
S113L,-2.54766718879337,113,True,neutral,tolerant,113,-0.9254721266433192,True
S113M,-2.40190502209022,113,True,neutral,tolerant,113,-0.8725221875789498,True
S113N,-1.3140921893828,113,True,neutral,tolerant,113,-0.4773605039398701,True
S113P,-2.36830264809593,113,True,neutral,tolerant,113,-0.8603157028946264,True
S113Q,-2.16548456675648,113,True,neutral,tolerant,113,-0.7866394857322747,True
S113R,-2.2198846788198,113,True,neutral,tolerant,113,-0.80640101016621,True
S113S,0.0,113,True,neutral,tolerant,113,0.0,True
S113T,-1.76741606590541,113,True,neutral,tolerant,113,-0.6420360996805664,True
S113V,-2.43434780085202,113,True,neutral,tolerant,113,-0.8843074347207173,True
S113W,-4.79738681225486,113,True,mild,tolerant,113,-1.7427110554306455,True
S113Y,-4.3892920574352905,113,True,mild,tolerant,113,-1.594465506610068,True
E114A,-3.0014136690286297,114,True,neutral,tolerant,114,-0.7599204829205738,True
E114C,-4.60952755807662,114,True,mild,tolerant,114,-1.1670748501331842,True
E114D,-1.2777193693508702,114,True,neutral,tolerant,114,-0.3235025981967774,True
E114E,0.0,114,True,neutral,tolerant,114,0.0,True
E114F,-3.69396894876526,114,True,neutral,tolerant,114,-0.9352668365596506,True
E114G,-2.64187573379875,114,True,neutral,tolerant,114,-0.6688899648058947,True
E114H,-2.33178893465622,114,True,neutral,tolerant,114,-0.590379857191189,True
E114I,-3.10626418742592,114,True,neutral,tolerant,114,-0.7864673256291059,True
E114K,-2.26433555657181,114,True,neutral,tolerant,114,-0.5733015036881484,True
E114L,-2.7180366706420296,114,True,neutral,tolerant,114,-0.6881729635150861,True
E114M,-3.1178825480334504,114,True,neutral,tolerant,114,-0.7894089495361089,True
E114N,-1.61234078455663,114,True,neutral,tolerant,114,-0.4082245644031295,True
E114P,-3.50962968094172,114,True,neutral,tolerant,114,-0.8885944345275022,True
E114Q,-1.64078530553641,114,True,neutral,tolerant,114,-0.41542636212346656,True
E114R,-2.57033756367045,114,True,neutral,tolerant,114,-0.6507773929361378,True
E114S,-2.7044659108724503,114,True,neutral,tolerant,114,-0.6847370165064768,True
E114T,-3.26232280999558,114,True,neutral,tolerant,114,-0.8259794212295223,True
E114V,-2.99313346555944,114,True,neutral,tolerant,114,-0.757824038740314,True
E114W,-4.82708777558369,114,True,mild,tolerant,114,-1.2221583820229367,True
E114Y,-4.31765836948052,114,True,mild,tolerant,114,-1.0931772141504152,True
E115A,-2.37810218072592,115,True,neutral,tolerant,115,-0.7852066853958438,True
E115C,-3.8876300918304,115,True,mild,tolerant,115,-1.2836257260903223,True
E115D,-0.30831137526948305,115,True,neutral,tolerant,115,-0.10179888610643595,True
E115E,0.0,115,True,neutral,tolerant,115,0.0,True
E115F,-3.99398632302867,115,True,mild,tolerant,115,-1.3187426459801546,True
E115G,-2.62774274544728,115,True,neutral,tolerant,115,-0.8676335222045843,True
E115H,-3.40302314454791,115,True,neutral,tolerant,115,-1.1236172042196058,True
E115I,-3.2802851981966503,115,True,neutral,tolerant,115,-1.0830913358158574,True
E115K,-1.89811122412285,115,True,neutral,tolerant,115,-0.6267222808530457,True
E115L,-3.3170180499966904,115,True,neutral,tolerant,115,-1.0952198646237499,True
E115M,-3.40099177508523,115,True,neutral,tolerant,115,-1.122946482458559,True
E115N,-1.1878217938151,115,True,neutral,tolerant,115,-0.39219745102701853,True
E115P,-2.45781251150699,115,True,neutral,tolerant,115,-0.8115256069004299,True
E115Q,-1.7663452002899,115,True,neutral,tolerant,115,-0.5832155031963859,True
E115R,-2.27193978698727,115,True,neutral,tolerant,115,-0.7501537671584246,True
E115S,-1.74901312558358,115,True,neutral,tolerant,115,-0.5774927630040244,True
E115T,-2.30529054420359,115,True,neutral,tolerant,115,-0.761165588997499,True
E115V,-2.5025097807197003,115,True,neutral,tolerant,115,-0.8262838434847151,True
E115W,-3.07628069934373,115,True,neutral,tolerant,115,-1.015732709408457,True
E115Y,-3.50349879590121,115,True,neutral,tolerant,115,-1.1567924621212786,True
V116A,-1.02398746381409,116,True,neutral,tolerant,116,-0.298210149888609,True
V116C,-2.21836012153496,116,True,neutral,tolerant,116,-0.6460406281594466,True
V116D,-1.9945718142690605,116,True,neutral,tolerant,116,-0.5808680093419195,True
V116E,-1.4409729198411798,116,True,neutral,tolerant,116,-0.4196464952907678,True
V116F,-3.0789695636199097,116,True,neutral,tolerant,116,-0.8966711092825044,True
V116G,-2.58836834216235,116,True,neutral,tolerant,116,-0.7537960556744697,True
V116H,-2.30121010708557,116,True,neutral,tolerant,116,-0.6701685667157355,True
V116I,-0.862160413061509,116,True,neutral,tolerant,116,-0.2510821617380429,True
V116K,-1.53499845966617,116,True,neutral,tolerant,116,-0.4470290281004258,True
V116L,-1.6621344182062,116,True,neutral,tolerant,116,-0.48405412322340435,True
V116M,-2.20639657825057,116,True,neutral,tolerant,116,-0.6425565522677865,True
V116N,-2.3771962068735,116,True,neutral,tolerant,116,-0.6922975741576894,True
V116P,-2.40260328209066,116,True,neutral,tolerant,116,-0.6996967347690112,True
V116Q,-1.94803215768792,116,True,neutral,tolerant,116,-0.5673145250901377,True
V116R,-2.23639062575396,116,True,neutral,tolerant,116,-0.6512915511987656,True
V116S,-1.62009467124707,116,True,neutral,tolerant,116,-0.4718111225178436,True
V116T,-2.16244718690058,116,True,neutral,tolerant,116,-0.6297574164920647,True
V116V,0.0,116,True,neutral,tolerant,116,0.0,True
V116W,-4.355971683010971,116,True,mild,tolerant,116,-1.2685653041716114,True
V116Y,-2.90265769042707,116,True,neutral,tolerant,116,-0.8453247871936198,True
Y117A,-1.7968545567112195,117,True,neutral,tolerant,117,-0.45797579466452853,True
Y117C,-0.0271672127246214,117,True,neutral,tolerant,117,-0.006924280983070337,True
Y117D,-0.99588942424714,117,True,neutral,tolerant,117,-0.253828696799128,True
Y117E,-1.23412751380222,117,True,neutral,tolerant,117,-0.31454995995080226,True
Y117F,-1.8966613332453603,117,True,neutral,tolerant,117,-0.4834141851148883,True
Y117G,-1.7477824925239098,117,True,neutral,tolerant,117,-0.44546848431596825,True
Y117H,-1.09128018518782,117,True,neutral,tolerant,117,-0.27814154915676215,True
Y117I,-1.6642401857392402,117,True,neutral,tolerant,117,-0.4241755231272537,True
Y117K,-1.2140491564316,117,True,neutral,tolerant,117,-0.3094324607976162,True
Y117L,-1.80851253615962,117,True,neutral,tolerant,117,-0.4609471383284453,True
Y117M,-2.01744071107098,117,True,neutral,tolerant,117,-0.5141979963767284,True
Y117N,-1.00211836088517,117,True,neutral,tolerant,117,-0.25541630565487095,True
Y117P,-2.2291754619872,117,True,neutral,tolerant,117,-0.5681641843727312,True
Y117Q,-1.53370477046812,117,True,neutral,tolerant,117,-0.39090512830460616,True
Y117R,-1.84412780709646,117,True,neutral,tolerant,117,-0.4700246298530491,True
Y117S,-0.994144823286464,117,True,neutral,tolerant,117,-0.25338403921214975,True
Y117T,-1.35305959913201,117,True,neutral,tolerant,117,-0.34486293997836376,True
Y117V,-1.52700082310104,117,True,neutral,tolerant,117,-0.38919645043117435,True
Y117W,-2.10918360792498,117,True,neutral,tolerant,117,-0.5375810943211933,True
Y117Y,0.0,117,True,neutral,tolerant,117,0.0,True
T118A,-1.92377713761902,118,True,neutral,tolerant,118,-0.454278292289485,True
T118C,-3.5554078000139,118,True,neutral,tolerant,118,-0.8395694866100901,True
T118D,-1.41604749316005,118,True,neutral,tolerant,118,-0.33438365828056077,True
T118E,-1.37712036954325,118,True,neutral,tolerant,118,-0.32519145670243615,True
T118F,-5.0802448857680185,118,True,impactful,tolerant,118,-1.1996425812479559,True
T118G,-2.61112713677236,118,True,neutral,tolerant,118,-0.6165882489443473,True
T118H,-2.45277601804431,118,True,neutral,tolerant,118,-0.57919541669199,True
T118I,-2.05553348707094,118,True,neutral,tolerant,118,-0.4853910694697949,True
T118K,-2.07360277151728,118,True,neutral,tolerant,118,-0.4896579273717115,True
T118L,-1.72600309196239,118,True,neutral,tolerant,118,-0.40757618009406027,True
T118M,-2.0884873965423103,118,True,neutral,tolerant,118,-0.49317276383874054,True
T118N,-1.58699670085181,118,True,neutral,tolerant,118,-0.37475138727570206,True
T118P,-3.3047487996739604,118,True,neutral,tolerant,118,-0.7803791883189127,True
T118Q,-2.4740191633212403,118,True,neutral,tolerant,118,-0.5842117460632836,True
T118R,-2.6073218792880897,118,True,neutral,tolerant,118,-0.6156896802703191,True
T118S,-1.3991646757314802,118,True,neutral,tolerant,118,-0.3303969711947697,True
T118T,0.0,118,True,neutral,tolerant,118,0.0,True
T118V,-2.03131524808688,118,True,neutral,tolerant,118,-0.4796722052454524,True
T118W,-5.0802448857680185,118,True,impactful,tolerant,118,-1.1996425812479559,True
T118Y,-4.704702600663111,118,True,mild,tolerant,118,-1.110962502550746,True
E119A,-1.9548896019875,119,True,neutral,tolerant,119,-0.45573495253575985,True
E119C,-4.61342442974381,119,True,mild,tolerant,119,-1.0755076713176226,True
E119D,-1.38171811805574,119,True,neutral,tolerant,119,-0.3221139650595771,True
E119E,0.0,119,True,neutral,tolerant,119,0.0,True
E119F,-5.05834108144095,119,True,impactful,tolerant,119,-1.179229164816498,True
E119G,-3.67551770481792,119,True,neutral,tolerant,119,-0.8568575356104691,True
E119H,-2.48733542781423,119,True,neutral,tolerant,119,-0.5798617435905111,True
E119I,-3.49229504949988,119,True,neutral,tolerant,119,-0.8141436309275913,True
E119K,-2.0193447812384298,119,True,neutral,tolerant,119,-0.4707611095252604,True
E119L,-2.80027414215661,119,True,neutral,tolerant,119,-0.6528157917282833,True
E119M,-3.0172816972462004,119,True,neutral,tolerant,119,-0.7034058238805379,True
E119N,-1.93148427563996,119,True,neutral,tolerant,119,-0.4502785700979815,True
E119P,-3.5068393244854303,119,True,neutral,tolerant,119,-0.8175342748102269,True
E119Q,-1.84474440789512,119,True,neutral,tolerant,119,-0.4300572801236204,True
E119R,-2.93718270043813,119,True,neutral,tolerant,119,-0.6847326914072898,True
E119S,-2.33310795550323,119,True,neutral,tolerant,119,-0.5439073604366469,True
E119T,-2.78521558725865,119,True,neutral,tolerant,119,-0.6493052559953694,True
E119V,-2.8856729204658103,119,True,neutral,tolerant,119,-0.6727244393264836,True
E119W,-5.378202925243468,119,True,impactful,tolerant,119,-1.253797172163377,True
E119Y,-4.7770664655347,119,True,mild,tolerant,119,-1.113656830911185,True
E120A,-2.41331089503948,120,True,neutral,tolerant,120,-0.558223143367375,True
E120C,-4.36727380676042,120,True,mild,tolerant,120,-1.0101944666005918,True
E120D,-1.11063056151875,120,True,neutral,tolerant,120,-0.25690004733547894,True
E120E,0.0,120,True,neutral,tolerant,120,0.0,True
E120F,-3.55630245294221,120,True,neutral,tolerant,120,-0.8226086154614697,True
E120G,-2.72924301563755,120,True,neutral,tolerant,120,-0.6313014283962461,True
E120H,-2.0129476202958,120,True,neutral,tolerant,120,-0.4656150810677115,True
E120I,-2.9772877384115803,120,True,neutral,tolerant,120,-0.688676673801726,True
E120K,-1.8760829486151,120,True,neutral,tolerant,120,-0.4339569025053948,True
E120L,-2.41171897539436,120,True,neutral,tolerant,120,-0.5578549163021785,True
E120M,-2.36106383205428,120,True,neutral,tolerant,120,-0.5461378708932563,True
E120N,-2.05398066687014,120,True,neutral,tolerant,120,-0.4751064384753916,True
E120P,-2.5957851644062595,120,True,neutral,tolerant,120,-0.6004312817547511,True
E120Q,-2.03685278236108,120,True,neutral,tolerant,120,-0.47114458608847626,True
E120R,-2.49535621575099,120,True,neutral,tolerant,120,-0.5772010533085699,True
E120S,-1.90389759149842,120,True,neutral,tolerant,120,-0.4403907098585555,True
E120T,-2.1282813170193897,120,True,neutral,tolerant,120,-0.49229292802624375,True
E120V,-2.15017205173849,120,True,neutral,tolerant,120,-0.4973564756904238,True
E120W,-3.59441256253205,120,True,neutral,tolerant,120,-0.8314238680727449,True
E120Y,-3.01923491908058,120,True,neutral,tolerant,120,-0.6983794796426889,True
E121A,-2.79025389122137,121,True,neutral,tolerant,121,-0.5919902260692759,True
E121C,-4.35433628318323,121,True,mild,tolerant,121,-0.9238315297304184,True
E121D,-0.7506658194523861,121,True,neutral,tolerant,121,-0.15926393994403715,True
E121E,0.0,121,True,neutral,tolerant,121,0.0,True
E121F,-3.9280611191904105,121,True,mild,tolerant,121,-0.8333914692420998,True
E121G,-2.51704720629728,121,True,neutral,tolerant,121,-0.534025720516323,True
E121H,-2.40142750919712,121,True,neutral,tolerant,121,-0.509495432846184,True
E121I,-2.62370290066169,121,True,neutral,tolerant,121,-0.5566541733667999,True
E121K,-2.05065948908648,121,True,neutral,tolerant,121,-0.4350752375455064,True
E121L,-3.067131208420009,121,True,neutral,tolerant,121,-0.6507335060688352,True
E121M,-3.48161442315,121,True,neutral,tolerant,121,-0.7386717445072457,True
E121N,-2.02660461567938,121,True,neutral,tolerant,121,-0.42997166973358103,True
E121P,-2.74226478287409,121,True,neutral,tolerant,121,-0.581808685533216,True
E121Q,-2.02493252850313,121,True,neutral,tolerant,121,-0.4296169137493352,True
E121R,-2.35168982822841,121,True,neutral,tolerant,121,-0.4989429089007951,True
E121S,-1.90442841680386,121,True,neutral,tolerant,121,-0.40405033124171197,True
E121T,-2.8392631015993,121,True,neutral,tolerant,121,-0.6023881950936673,True
E121V,-2.7824585517035496,121,True,neutral,tolerant,121,-0.5903363390097649,True
E121W,-4.8394522071659285,121,True,mild,tolerant,121,-1.0267554559049699,True
E121Y,-4.44931264804274,121,True,mild,tolerant,121,-0.9439820543408539,True
E122A,-2.27468142856769,122,True,neutral,tolerant,122,-0.499209706735936,True
E122C,-3.82313716284728,122,True,mild,tolerant,122,-0.8390393300384106,True
E122D,-0.6725482955879789,122,True,neutral,tolerant,122,-0.1475998498909086,True
E122E,0.0,122,True,neutral,tolerant,122,0.0,True
E122F,-3.0342522353810697,122,True,neutral,tolerant,122,-0.6659078276034586,True
E122G,-2.13462430368168,122,True,neutral,tolerant,122,-0.4684722701162292,True
E122H,-1.7982347001234498,122,True,neutral,tolerant,122,-0.39464700683658727,True
E122I,-2.03659729400392,122,True,neutral,tolerant,122,-0.44695891262412135,True
E122K,-1.5408214137417902,122,True,neutral,tolerant,122,-0.33815416806336307,True
E122L,-2.09550431069643,122,True,neutral,tolerant,122,-0.4598868568005829,True
E122M,-2.3787722822024904,122,True,neutral,tolerant,122,-0.5220538570702717,True
E122N,-1.8157073957359695,122,True,neutral,tolerant,122,-0.398481626991773,True
E122P,-2.66413389655971,122,True,neutral,tolerant,122,-0.584680335674206,True
E122Q,-0.33372788441850604,122,True,neutral,tolerant,122,-0.0732411128951234,True
E122R,-2.23018429396065,122,True,neutral,tolerant,122,-0.4894442067240257,True
E122S,-2.3923017047271298,122,True,neutral,tolerant,122,-0.5250230724364361,True
E122T,-1.7280116407251698,122,True,neutral,tolerant,122,-0.3792356035305914,True
E122V,-1.92733722831946,122,True,neutral,tolerant,122,-0.42298030855971264,True
E122W,-2.9213511499188103,122,True,neutral,tolerant,122,-0.6411301523404778,True
E122Y,-3.03540627102714,122,True,neutral,tolerant,122,-0.6661610963861558,True
E123A,-2.5820268060111897,123,True,neutral,tolerant,123,-0.48139159871361076,True
E123C,-2.89522976608617,123,True,neutral,tolerant,123,-0.5397849791856169,True
E123D,-0.567115670751731,123,True,neutral,tolerant,123,-0.10573272080798621,True
E123E,0.0,123,True,neutral,tolerant,123,0.0,True
E123F,-5.668205652976461,123,True,impactful,tolerant,123,-1.0567770151616465,True
E123G,-2.7276341749270805,123,True,neutral,tolerant,123,-0.50853855316959,True
E123H,-2.5416761524800098,123,True,neutral,tolerant,123,-0.4738686459823332,True
E123I,-3.13708877850248,123,True,neutral,tolerant,123,-0.5848770349223449,True
E123K,-2.38787453798067,123,True,neutral,tolerant,123,-0.4451939610734846,True
E123L,-2.9406053648124506,123,True,neutral,tolerant,123,-0.5482447798207527,True
E123M,-4.51538025416047,123,True,mild,tolerant,123,-0.8418449081511041,True
E123N,-2.24820727959677,123,True,neutral,tolerant,123,-0.4191544774225619,True
E123P,-3.38589661937065,123,True,neutral,tolerant,123,-0.6312646262553107,True
E123Q,-1.87688474680734,123,True,neutral,tolerant,123,-0.34992531710488384,True
E123R,-2.69858480630659,123,True,neutral,tolerant,123,-0.5031226055236233,True
E123S,-1.83557889465146,123,True,neutral,tolerant,123,-0.3422242776891602,True
E123T,-2.58442214229659,123,True,neutral,tolerant,123,-0.48183818383859905,True
E123V,-2.44402742671259,123,True,neutral,tolerant,123,-0.4556630734839811,True
E123W,-5.668205652976461,123,True,impactful,tolerant,123,-1.0567770151616465,True
E123Y,-5.668205652976461,123,True,impactful,tolerant,123,-1.0567770151616465,True
E124A,-2.4568539230216,124,True,neutral,tolerant,124,-0.5225001393849342,True
E124C,-3.65758844406971,124,True,neutral,tolerant,124,-0.7778608463171321,True
E124D,-0.204178287153293,124,True,neutral,tolerant,124,-0.04342268072892455,True
E124E,0.0,124,True,neutral,tolerant,124,0.0,True
E124F,-3.0602615525638903,124,True,neutral,tolerant,124,-0.6508270893869216,True
E124G,-2.6629784502830898,124,True,neutral,tolerant,124,-0.5663367278021753,True
E124H,-1.8343963413411497,124,True,neutral,tolerant,124,-0.3901218281871524,True
E124I,-2.62880463554996,124,True,neutral,tolerant,124,-0.5590689684966423,True
E124K,-1.6806851207744802,124,True,neutral,tolerant,124,-0.3574319993704934,True
E124L,-2.4838626338797005,124,True,neutral,tolerant,124,-0.5282440930875658,True
E124M,-2.41760873940443,124,True,neutral,tolerant,124,-0.5141538499625091,True
E124N,-1.9429058083286896,124,True,neutral,tolerant,124,-0.4131985813853425,True
E124P,-2.6274765251435497,124,True,neutral,tolerant,124,-0.5587865187075175,True
E124Q,-1.43101847978924,124,True,neutral,tolerant,124,-0.3043352916288629,True
E124R,-2.3214100882951,124,True,neutral,tolerant,124,-0.49369524306599083,True
E124S,-0.82172645670332,124,True,neutral,tolerant,124,-0.17475690521955303,True
E124T,-2.42693367264004,124,True,neutral,tolerant,124,-0.5161369873683217,True
E124V,-2.28901613976786,124,True,neutral,tolerant,124,-0.4868060086421979,True
E124W,-3.96456761842871,124,True,mild,tolerant,124,-0.8431462342223207,True
E124Y,-2.9964126551323504,124,True,neutral,tolerant,124,-0.6372483179772952,True
S125A,-1.40083571934091,125,True,neutral,tolerant,125,-0.4217582117438234,True
S125C,-2.0054643375043,125,True,neutral,tolerant,125,-0.6037974624888791,True
S125D,-0.325076419979404,125,True,neutral,tolerant,125,-0.09787275386945765,True
S125E,-0.266086761827745,125,True,neutral,tolerant,125,-0.08011237526836883,True
S125F,-3.968108083719681,125,True,mild,tolerant,125,-1.1947026666219214,True
S125G,-1.83911463285492,125,True,neutral,tolerant,125,-0.553713535452777,True
S125H,-1.7749203543267,125,True,neutral,tolerant,125,-0.5343861698363538,True
S125I,-2.03173257460774,125,True,neutral,tolerant,125,-0.6117062019316613,True
S125K,-1.53888110806974,125,True,neutral,tolerant,125,-0.46332038458529373,True
S125L,-2.1353875986821,125,True,neutral,tolerant,125,-0.6429142565152737,True
S125M,-2.14051847175513,125,True,neutral,tolerant,125,-0.6444590399770945,True
S125N,-1.3568765258851998,125,True,neutral,tolerant,125,-0.4085231474421334,True
S125P,-2.62134518174574,125,True,neutral,tolerant,125,-0.7892244900326649,True
S125Q,-0.305930839873651,125,True,neutral,tolerant,125,-0.09210847650508569,True
S125R,-2.34300704070329,125,True,neutral,tolerant,125,-0.7054235167954919,True
S125S,0.0,125,True,neutral,tolerant,125,0.0,True
S125T,-1.17298966300717,125,True,neutral,tolerant,125,-0.3531592004925872,True
S125V,-1.8871022133231696,125,True,neutral,tolerant,125,-0.5681614509683267,True
S125W,-3.968108083719681,125,True,mild,tolerant,125,-1.1947026666219214,True
S125Y,-3.06922733524366,125,True,neutral,tolerant,125,-0.9240711201715163,True
Q126A,-0.9230919947510452,126,True,neutral,tolerant,126,-0.25774743926030697,True
Q126C,-1.66784490646164,126,True,neutral,tolerant,126,-0.46569871276997893,True
Q126D,-0.154139189530202,126,True,neutral,tolerant,126,-0.043039027114283944,True
Q126E,-0.14176797407376698,126,True,neutral,tolerant,126,-0.0395847136519582,True
Q126F,-2.9382822157945605,126,True,neutral,tolerant,126,-0.8204325476242477,True
Q126G,-1.2962261758011202,126,True,neutral,tolerant,126,-0.3619346494333152,True
Q126H,-1.52542046101733,126,True,neutral,tolerant,126,-0.4259306979782998,True
Q126I,-1.41222603370938,126,True,neutral,tolerant,126,-0.3943243424437903,True
Q126K,-1.13959386210586,126,True,neutral,tolerant,126,-0.31819948761852934,True
Q126L,-1.3990440990010802,126,True,neutral,tolerant,126,-0.39064365846550797,True
Q126M,-0.909797888440352,126,True,neutral,tolerant,126,-0.25403543452153815,True
Q126N,-1.08031089766098,126,True,neutral,tolerant,126,-0.30164638959112355,True
Q126P,-1.93023592963666,126,True,neutral,tolerant,126,-0.5389640153539246,True
Q126Q,0.0,126,True,neutral,tolerant,126,0.0,True
Q126R,-1.5268617705519598,126,True,neutral,tolerant,126,-0.42633314306919506,True
Q126S,-1.1483918136794398,126,True,neutral,tolerant,126,-0.3206560677879175,True
Q126T,-1.5484983785434698,126,True,neutral,tolerant,126,-0.43237455642322903,True
Q126V,-1.18722837236141,126,True,neutral,tolerant,126,-0.33150008290979077,True
Q126W,-2.2185489537649503,126,True,neutral,tolerant,126,-0.6194673065719397,True
Q126Y,-2.18933068203948,126,True,neutral,tolerant,126,-0.6113089271691556,True
E127A,-1.5774913586125,127,True,neutral,tolerant,127,-0.39521857592519655,True
E127C,-4.20903400580917,127,True,mild,tolerant,127,-1.0545150797274512,True
E127D,-0.793805345890961,127,True,neutral,tolerant,127,-0.19887691723444711,True
E127E,0.0,127,True,neutral,tolerant,127,0.0,True
E127F,-3.20195727087573,127,True,neutral,tolerant,127,-0.8022059746063495,True
E127G,-2.8916132571195603,127,True,neutral,tolerant,127,-0.7244535872515911,True
E127H,-2.2376698260829304,127,True,neutral,tolerant,127,-0.5606171325294196,True
E127I,-3.02073849652861,127,True,neutral,tolerant,127,-0.7568041246771217,True
E127K,-2.0627231095976,127,True,neutral,tolerant,127,-0.5167866596874408,True
E127L,-2.88986283597962,127,True,neutral,tolerant,127,-0.7240150435179475,True
E127M,-4.5143362419137185,127,True,mild,tolerant,127,-1.1310043196343795,True
E127N,-1.85775903226606,127,True,neutral,tolerant,127,-0.4654357535055885,True
E127P,-3.4004396763218905,127,True,neutral,tolerant,127,-0.8519329878152428,True
E127Q,-2.1244929457345,127,True,neutral,tolerant,127,-0.5322622352206283,True
E127R,-2.30646690342976,127,True,neutral,tolerant,127,-0.5778532858613431,True
E127S,-2.15484459036369,127,True,neutral,tolerant,127,-0.5398664187249278,True
E127T,-2.13950558410397,127,True,neutral,tolerant,127,-0.5360234434991196,True
E127V,-3.10380328345314,127,True,neutral,tolerant,127,-0.7776148547128904,True
E127W,-3.81908794822999,127,True,mild,tolerant,127,-0.9568195045836096,True
E127Y,-3.88610872759133,127,True,mild,tolerant,127,-0.9736106310972175,True
E128A,-1.65227723971358,128,True,neutral,tolerant,128,-0.42669170516843846,True
E128C,-4.51658395375041,128,True,mild,tolerant,128,-1.1663834993552569,True
E128D,-0.357432680384764,128,True,neutral,tolerant,128,-0.09230506612966383,True
E128E,0.0,128,True,neutral,tolerant,128,0.0,True
E128F,-3.8587078379869104,128,True,mild,tolerant,128,-0.9964905329222281,True
E128G,-2.82456645721916,128,True,neutral,tolerant,128,-0.7294290867320437,True
E128H,-2.45070787691394,128,True,neutral,tolerant,128,-0.6328821203464636,True
E128I,-2.8767732416852003,128,True,neutral,tolerant,128,-0.7429112078614477,True
E128K,-2.64585588073316,128,True,neutral,tolerant,128,-0.6832780421133665,True
E128L,-2.83522919575764,128,True,neutral,tolerant,128,-0.732182681576416,True
E128M,-3.56559927292659,128,True,neutral,tolerant,128,-0.9207968234048456,True
E128N,-1.96123316706946,128,True,neutral,tolerant,128,-0.506477910713598,True
E128P,-3.61657508343889,128,True,neutral,tolerant,128,-0.9339610521353745,True
E128Q,-2.1612411400488503,128,True,neutral,tolerant,128,-0.5581288933614331,True
E128R,-2.80678571069363,128,True,neutral,tolerant,128,-0.7248373046316853,True
E128S,-0.936039205287461,128,True,neutral,tolerant,128,-0.24172708732455347,True
E128T,-2.49404041956779,128,True,neutral,tolerant,128,-0.6440725162859855,True
E128V,-2.66290086731708,128,True,neutral,tolerant,128,-0.6876798181684108,True
E128W,-3.04902577990278,128,True,neutral,tolerant,128,-0.7873944988522451,True
E128Y,-3.59376784785002,128,True,neutral,tolerant,128,-0.9280712062852433,True
E129A,-2.2653885610639,129,True,neutral,tolerant,129,-0.5485477757311865,True
E129C,-2.52350017866365,129,True,neutral,tolerant,129,-0.6110476736110574,True
E129D,-0.22804624664128104,129,True,neutral,tolerant,129,-0.05521978150193005,True
E129E,0.0,129,True,neutral,tolerant,129,0.0,True
E129F,-3.74568654566305,129,True,neutral,tolerant,129,-0.9069914356081807,True
E129G,-2.78220200293307,129,True,neutral,tolerant,129,-0.6736904858507136,True
E129H,-2.1657008249551297,129,True,neutral,tolerant,129,-0.5244090973384333,True
E129I,-2.56597433112304,129,True,neutral,tolerant,129,-0.6213324884362561,True
E129K,-1.20182206691326,129,True,neutral,tolerant,129,-0.29101269113865286,True
E129L,-2.68628538786523,129,True,neutral,tolerant,129,-0.6504649576762362,True
E129M,-3.2684511890637795,129,True,neutral,tolerant,129,-0.791432278180518,True
E129N,-2.29937356384008,129,True,neutral,tolerant,129,-0.5567770031588807,True
E129P,-3.21068639916578,129,True,neutral,tolerant,129,-0.7774449439285759,True
E129Q,-1.31669589048899,129,True,neutral,tolerant,129,-0.3188285729238995,True
E129R,-2.52595719859359,129,True,neutral,tolerant,129,-0.611642623563865,True
E129S,-1.12689987532374,129,True,neutral,tolerant,129,-0.2728708137337295,True
E129T,-1.6533846281907,129,True,neutral,tolerant,129,-0.40035536323014065,True
E129V,-2.5237230315896,129,True,neutral,tolerant,129,-0.6111016358667809,True
E129W,-4.65898049102458,129,True,mild,tolerant,129,-1.1281390881245985,True
E129Y,-3.60522184494444,129,True,neutral,tolerant,129,-0.8729789043928936,True
E130A,-2.32065015963682,130,True,neutral,tolerant,130,-0.5311719844025365,True
E130C,-4.0692661950112,130,True,mild,tolerant,130,-0.931411480050284,True
E130D,-0.7506658194523861,130,True,neutral,tolerant,130,-0.17181937194879968,True
E130E,0.0,130,True,neutral,tolerant,130,0.0,True
E130F,-3.8811199300299,130,True,mild,tolerant,130,-0.8883468136622737,True
E130G,-2.94361183072286,130,True,neutral,tolerant,130,-0.6737612435648386,True
E130H,-2.2903046162447898,130,True,neutral,tolerant,130,-0.5242262142982479,True
E130I,-2.44753791823672,130,True,neutral,tolerant,130,-0.5602152343090399,True
E130K,-1.75395328713734,130,True,neutral,tolerant,130,-0.40146113545347806,True
E130L,-2.29098246104234,130,True,neutral,tolerant,130,-0.5243813657176623,True
E130M,-2.9701291563807897,130,True,neutral,tolerant,130,-0.6798307756019187,True
E130N,-1.97009605586904,130,True,neutral,tolerant,130,-0.4509339019127892,True
E130P,-3.17198513456689,130,True,neutral,tolerant,130,-0.7260334486120573,True
E130Q,-1.3499266197771298,130,True,neutral,tolerant,130,-0.30898375545629125,True
E130R,-2.4463599853496496,130,True,neutral,tolerant,130,-0.559945618078209,True
E130S,-1.62639376959328,130,True,neutral,tolerant,130,-0.37226412711426665,True
E130T,-2.34489693063768,130,True,neutral,tolerant,130,-0.5367218107795965,True
E130V,-2.45313162839913,130,True,neutral,tolerant,130,-0.5614955746976165,True
E130W,-4.8586045881481,130,True,mild,tolerant,130,-1.1120825902159166,True
E130Y,-4.081705315375031,130,True,mild,tolerant,130,-0.9342586615698424,True
E131A,-2.1668984990337,131,True,neutral,tolerant,131,-0.5203386670107167,True
E131C,-2.82126056977358,131,True,neutral,tolerant,131,-0.6774710328243432,True
E131D,-0.8208007783516329,131,True,neutral,tolerant,131,-0.19709939486289024,True
E131E,0.0,131,True,neutral,tolerant,131,0.0,True
E131F,-3.8855163131954,131,True,mild,tolerant,131,-0.9330314179266251,True
E131G,-2.99224089853384,131,True,neutral,tolerant,131,-0.7185286441484738,True
E131H,-2.40827782508094,131,True,neutral,tolerant,131,-0.5783012327771222,True
E131I,-3.3238676183230096,131,True,neutral,tolerant,131,-0.7981623719844492,True
E131K,-2.62458922511775,131,True,neutral,tolerant,131,-0.6302442220793752,True
E131L,-2.8537940229936005,131,True,neutral,tolerant,131,-0.6852833109210377,True
E131M,-3.80025994617506,131,True,mild,tolerant,131,-0.9125587541681137,True
E131N,-1.8616325114076104,131,True,neutral,tolerant,131,-0.4470349579740901,True
E131P,-3.24572512097286,131,True,neutral,tolerant,131,-0.7793979661176319,True
E131Q,-2.23657905359561,131,True,neutral,tolerant,131,-0.5370711013603092,True
E131R,-2.5497527063208,131,True,neutral,tolerant,131,-0.6122736828723507,True
E131S,-2.17794508148369,131,True,neutral,tolerant,131,-0.522991289636841,True
E131T,-2.04983847267364,131,True,neutral,tolerant,131,-0.49222897100806806,True
E131V,-2.4239233657645,131,True,neutral,tolerant,131,-0.5820582060675535,True
E131W,-5.2288928499845095,131,True,impactful,tolerant,131,-1.2556172505154766,True
E131Y,-4.16227106780496,131,True,mild,tolerant,131,-0.9994887070735946,True
E132A,-1.9362183827194697,132,True,neutral,tolerant,132,-0.4486577621939458,True
E132C,-3.5856668364697097,132,True,neutral,tolerant,132,-0.8308656054406587,True
E132D,-0.6969033065781709,132,True,neutral,tolerant,132,-0.16148544027134418,True
E132E,0.0,132,True,neutral,tolerant,132,0.0,True
E132F,-4.86552972895436,132,True,mild,tolerant,132,-1.1274336095367288,True
E132G,-2.40640236676661,132,True,neutral,tolerant,132,-0.5576081243972716,True
E132H,-2.23375395788871,132,True,neutral,tolerant,132,-0.5176022813245964,True
E132I,-2.458610620859,132,True,neutral,tolerant,132,-0.5697057465757397,True
E132K,-2.0673893763512097,132,True,neutral,tolerant,132,-0.479052517761195,True
E132L,-2.23938899401373,132,True,neutral,tolerant,132,-0.5189080238587535,True
E132M,-2.8962676945725097,132,True,neutral,tolerant,132,-0.6711190195066906,True
E132N,-1.8632014441058895,132,True,neutral,tolerant,132,-0.4317383813157363,True
E132P,-3.33631447344725,132,True,neutral,tolerant,132,-0.7730860315093858,True
E132Q,-1.74454613473726,132,True,neutral,tolerant,132,-0.4042437422559682,True
E132R,-2.56950482545609,132,True,neutral,tolerant,132,-0.5954019935067949,True
E132S,-1.56523150884552,132,True,neutral,tolerant,132,-0.36269321288425693,True
E132T,-1.42201647377195,132,True,neutral,tolerant,132,-0.32950762921141313,True
E132V,-2.40025824430117,132,True,neutral,tolerant,132,-0.5561844171023754,True
E132W,-4.86552972895436,132,True,mild,tolerant,132,-1.1274336095367288,True
E132Y,-4.86552972895436,132,True,mild,tolerant,132,-1.1274336095367288,True
D133A,-2.05681476729916,133,True,neutral,tolerant,133,-0.4785057887311627,True
D133C,-3.14752654532569,133,True,neutral,tolerant,133,-0.7322534318931598,True
D133D,0.0,133,True,neutral,tolerant,133,0.0,True
D133E,-0.218288441272061,133,True,neutral,tolerant,133,-0.050783514598614916,True
D133F,-4.77942026926039,133,True,mild,tolerant,133,-1.1119038534632961,True
D133G,-2.26099560319531,133,True,neutral,tolerant,133,-0.5260072523911933,True
D133H,-2.17208069836262,133,True,neutral,tolerant,133,-0.505321725749049,True
D133I,-2.45263771672276,133,True,neutral,tolerant,133,-0.5705916564636975,True
D133K,-2.37999617098402,133,True,neutral,tolerant,133,-0.5536920305513409,True
D133L,-2.7261730877127404,133,True,neutral,tolerant,133,-0.6342280424535275,True
D133M,-4.1284589525757,133,True,mild,tolerant,133,-0.9604615538328316,True
D133N,-1.96626535353197,133,True,neutral,tolerant,133,-0.45744000325418027,True
D133P,-3.50832068151418,133,True,neutral,tolerant,133,-0.8161900534359696,True
D133Q,-2.4012587098912,133,True,neutral,tolerant,133,-0.5586386344516849,True
D133R,-2.6272160253114,133,True,neutral,tolerant,133,-0.6112062672564103,True
D133S,-0.916409580217035,133,True,neutral,tolerant,133,-0.21319726790874693,True
D133T,-1.79625780901371,133,True,neutral,tolerant,133,-0.417888753684546,True
D133V,-2.7103210685360097,133,True,neutral,tolerant,133,-0.630540163963087,True
D133W,-4.77942026926039,133,True,mild,tolerant,133,-1.1119038534632961,True
D133Y,-3.39451043716606,133,True,neutral,tolerant,133,-0.7897127733214387,True
S134A,-1.16563561034798,134,True,neutral,tolerant,134,-0.4061579552391848,True
S134C,-1.4445834583512602,134,True,neutral,tolerant,134,-0.5033554726773836,True
S134D,-1.4173275650742,134,True,neutral,tolerant,134,-0.49385833842431853,True
S134E,-0.586214833853532,134,True,neutral,tolerant,134,-0.20426264960946905,True
S134F,-4.12908860559956,134,True,mild,tolerant,134,-1.4387533892783841,True
S134G,-1.836737885639,134,True,neutral,tolerant,134,-0.6399990677350472,True
S134H,-2.2689730463179103,134,True,neutral,tolerant,134,-0.7906085270594905,True
S134I,-2.24854567745913,134,True,neutral,tolerant,134,-0.7834907466031076,True
S134K,-2.17251621232949,134,True,neutral,tolerant,134,-0.7569987864906631,True
S134L,-2.42845208747328,134,True,neutral,tolerant,134,-0.846177935444186,True
S134M,-2.36845871682098,134,True,neutral,tolerant,134,-0.8252736455136729,True
S134N,-1.22712891639146,134,True,neutral,tolerant,134,-0.4275848876542481,True
S134P,-2.78327550710921,134,True,neutral,tolerant,134,-0.9698137898320609,True
S134Q,-1.3831367401496597,134,True,neutral,tolerant,134,-0.4819447734851463,True
S134R,-2.28460053352239,134,True,neutral,tolerant,134,-0.7960538207620422,True
S134S,0.0,134,True,neutral,tolerant,134,0.0,True
S134T,-1.59283034297397,134,True,neutral,tolerant,134,-0.5550111110213117,True
S134V,-2.20502975887871,134,True,neutral,tolerant,134,-0.7683279149650951,True
S134W,-4.43246654216652,134,True,mild,tolerant,134,-1.544463408161502,True
S134Y,-3.95173697387572,134,True,mild,tolerant,134,-1.3769563958957063,True
D135A,-2.35865843414821,135,True,neutral,tolerant,135,-0.5763620322974786,True
D135C,-2.43997488917299,135,True,neutral,tolerant,135,-0.596232530118938,True
D135D,0.0,135,True,neutral,tolerant,135,0.0,True
D135E,-0.179797709387869,135,True,neutral,tolerant,135,-0.04393538788190302,True
D135F,-4.84810506210161,135,True,mild,tolerant,135,-1.1846834819021514,True
D135G,-2.55369822114923,135,True,neutral,tolerant,135,-0.6240219759278379,True
D135H,-0.18110172813293804,135,True,neutral,tolerant,135,-0.0442540380447162,True
D135I,-2.84673209462216,135,True,neutral,tolerant,135,-0.6956277652196026,True
D135K,-2.19259233253391,135,True,neutral,tolerant,135,-0.5357821015892398,True
D135L,-2.58529451638074,135,True,neutral,tolerant,135,-0.6317428500777573,True
D135M,-3.18142731502692,135,True,neutral,tolerant,135,-0.7774139257928712,True
D135N,-0.949498624697713,135,True,neutral,tolerant,135,-0.23201958752118626,True
D135P,-2.58479780454366,135,True,neutral,tolerant,135,-0.6316214735190573,True
D135Q,-1.5727842057219,135,True,neutral,tolerant,135,-0.38432572010055144,True
D135R,-2.47910796849652,135,True,neutral,tolerant,135,-0.6057950936518445,True
D135S,-1.04120321882878,135,True,neutral,tolerant,135,-0.2544285321480012,True
D135T,-1.82675728885729,135,True,neutral,tolerant,135,-0.44638661040391275,True
D135V,-2.57920496420304,135,True,neutral,tolerant,135,-0.6302548064432459,True
D135W,-4.84810506210161,135,True,mild,tolerant,135,-1.1846834819021514,True
D135Y,-4.84810506210161,135,True,mild,tolerant,135,-1.1846834819021514,True
E136A,-1.84948420053033,136,True,neutral,tolerant,136,-0.47422662760202244,True
E136C,-3.54561173470863,136,True,neutral,tolerant,136,-0.9091310405651969,True
E136D,-0.69456425009626,136,True,neutral,tolerant,136,-0.1780933634802767,True
E136E,0.0,136,True,neutral,tolerant,136,0.0,True
E136F,-5.04898845841954,136,True,impactful,tolerant,136,-1.2946121782231288,True
E136G,-1.07653912520803,136,True,neutral,tolerant,136,-0.2760356204625298,True
E136H,-2.10030618781769,136,True,neutral,tolerant,136,-0.5385399454046913,True
E136I,-2.91966529724325,136,True,neutral,tolerant,136,-0.7486319846589125,True
E136K,-0.7552144198210899,136,True,neutral,tolerant,136,-0.19364468608354582,True
E136L,-2.97832918801718,136,True,neutral,tolerant,136,-0.7636740050642541,True
E136M,-2.7644577475544305,136,True,neutral,tolerant,136,-0.7088351846396439,True
E136N,-0.7169299728655709,136,True,neutral,tolerant,136,-0.18382816309615382,True
E136P,-2.83078742608699,136,True,neutral,tolerant,136,-0.7258427912747275,True
E136Q,-1.22691981417133,136,True,neutral,tolerant,136,-0.31459476412165666,True
E136R,-2.47610771445727,136,True,neutral,tolerant,136,-0.6348992928243002,True
E136S,-1.44413223203767,136,True,neutral,tolerant,136,-0.370290245255531,True
E136T,-1.65512666879958,136,True,neutral,tolerant,136,-0.42439137256426784,True
E136V,-2.8182921017237903,136,True,neutral,tolerant,136,-0.7226388625621414,True
E136W,-5.04898845841954,136,True,impactful,tolerant,136,-1.2946121782231288,True
E136Y,-5.04898845841954,136,True,impactful,tolerant,136,-1.2946121782231288,True
E137A,-2.7754335657597102,137,True,neutral,tolerant,137,-0.9017749452893009,True
E137C,-4.6100485900657,137,True,mild,tolerant,137,-1.4978655466212076,True
E137D,-0.792350850069587,137,True,neutral,tolerant,137,-0.25744523424607685,True
E137E,0.0,137,True,neutral,tolerant,137,0.0,True
E137F,-4.50885583911645,137,True,mild,tolerant,137,-1.4649866881333966,True
E137G,-3.0015862136731704,137,True,neutral,tolerant,137,-0.9752549212523961,True
E137H,-2.18131307201964,137,True,neutral,tolerant,137,-0.7087373664593238,True
E137I,-2.92874299056776,137,True,neutral,tolerant,137,-0.951587198003327,True
E137K,-2.62787422107627,137,True,neutral,tolerant,137,-0.853830969392904,True
E137L,-3.20538132736893,137,True,neutral,tolerant,137,-1.0414706396794071,True
E137M,-4.75491873696574,137,True,mild,tolerant,137,-1.5449357667145776,True
E137N,-1.92849462468655,137,True,neutral,tolerant,137,-0.6265933208137862,True
E137P,-3.23950686799825,137,True,neutral,tolerant,137,-1.0525584775990835,True
E137Q,-1.88475916913051,137,True,neutral,tolerant,137,-0.6123830948772647,True
E137R,-2.98864448625388,137,True,neutral,tolerant,137,-0.971049983443955,True
E137S,-1.83338940425729,137,True,neutral,tolerant,137,-0.5956923812246063,True
E137T,-2.76702333655115,137,True,neutral,tolerant,137,-0.8990423509739534,True
E137V,-2.93479396632285,137,True,neutral,tolerant,137,-0.9535532397770561,True
E137W,-5.31812436813427,137,True,impactful,tolerant,137,-1.7279286992420784,True
E137Y,-4.83025129486889,137,True,mild,tolerant,137,-1.5694123076484698,True
E138A,-1.97603556570677,138,True,neutral,tolerant,138,-0.47246635941473497,True
E138C,-3.7331586786066895,138,True,neutral,tolerant,138,-0.8925911661756799,True
E138D,-0.7406907391463959,138,True,neutral,tolerant,138,-0.17709775221152937,True
E138E,0.0,138,True,neutral,tolerant,138,0.0,True
E138F,-4.87262511531269,138,True,mild,tolerant,138,-1.165035432042529,True
E138G,-1.67944354802296,138,True,neutral,tolerant,138,-0.40155176999214015,True
E138H,-2.3883989410484303,138,True,neutral,tolerant,138,-0.5710616610807563,True
E138I,-2.26808124456493,138,True,neutral,tolerant,138,-0.542293927838873,True
E138K,-1.6313613890638998,138,True,neutral,tolerant,138,-0.3900554168948403,True
E138L,-2.34516605248483,138,True,neutral,tolerant,138,-0.5607247593462366,True
E138M,-2.45433420250156,138,True,neutral,tolerant,138,-0.5868266571549422,True
E138N,-1.32922653911061,138,True,neutral,tolerant,138,-0.3178155467796022,True
E138P,-3.04106445924169,138,True,neutral,tolerant,138,-0.7271127497594202,True
E138Q,-1.70879579031061,138,True,neutral,tolerant,138,-0.40856983550420756,True
E138R,-2.7264747102394105,138,True,neutral,tolerant,138,-0.6518949368820793,True
E138S,-1.57461286231035,138,True,neutral,tolerant,138,-0.3764869516795851,True
E138T,-1.74736997167528,138,True,neutral,tolerant,138,-0.4177928491751436,True
E138V,-1.8897083526350305,138,True,neutral,tolerant,138,-0.4518256863487941,True
E138W,-4.87262511531269,138,True,mild,tolerant,138,-1.165035432042529,True
E138Y,-3.43194363580722,138,True,neutral,tolerant,138,-0.8205712202079982,True
R139A,-0.912014134849121,139,True,neutral,tolerant,139,-0.24915779997763812,True
R139C,-1.62303548202172,139,True,neutral,tolerant,139,-0.44340535363860095,True
R139D,-0.497207839958103,139,True,neutral,tolerant,139,-0.1358347494867381,True
R139E,-0.110174928836889,139,True,neutral,tolerant,139,-0.030099251571614565,True
R139F,-3.11017243933381,139,True,neutral,tolerant,139,-0.8496838951555239,True
R139G,-0.636648624811777,139,True,neutral,tolerant,139,-0.17392928975068284,True
R139H,-1.19641500432321,139,True,neutral,tolerant,139,-0.3268547262008422,True
R139I,-1.9207494926932704,139,True,neutral,tolerant,139,-0.5247393649077511,True
R139K,-0.34087188340456603,139,True,neutral,tolerant,139,-0.0931245309672379,True
R139L,-1.5778109754808998,139,True,neutral,tolerant,139,-0.43105023969439743,True
R139M,-2.09247032921278,139,True,neutral,tolerant,139,-0.5716526573696041,True
R139N,-0.9204001327431072,139,True,neutral,tolerant,139,-0.25144881357714594,True
R139P,-1.6213300269843,139,True,neutral,tolerant,139,-0.44293943166563216,True
R139Q,-1.27075674744949,139,True,neutral,tolerant,139,-0.3471645267357988,True
R139R,0.0,139,True,neutral,tolerant,139,0.0,True
R139S,-0.165887023650296,139,True,neutral,tolerant,139,-0.04531952332557208,True
R139T,-0.886157461665317,139,True,neutral,tolerant,139,-0.2420938833572195,True
R139V,-0.7852085806882549,139,True,neutral,tolerant,139,-0.21451514292617316,True
R139W,-3.11017243933381,139,True,neutral,tolerant,139,-0.8496838951555239,True
R139Y,-2.07524015628366,139,True,neutral,tolerant,139,-0.5669454584170747,True
T140A,-0.28028392931222995,140,True,neutral,tolerant,140,-0.040267331215508316,True
T140C,-1.70272076859634,140,True,neutral,tolerant,140,-0.24462344781892556,True
T140D,-0.37083420821809693,140,True,neutral,tolerant,140,-0.05327634704208964,True
T140E,-0.362120332952307,140,True,neutral,tolerant,140,-0.05202445756573186,True
T140F,-3.90790508228672,140,True,mild,tolerant,140,-0.5614339312758497,True
T140G,-2.0716341964598,140,True,neutral,tolerant,140,-0.2976238436178519,True
T140H,-1.61130810067581,140,True,neutral,tolerant,140,-0.231490535826855,True
T140I,-1.92990519953718,140,True,neutral,tolerant,140,-0.27726217509147927,True
T140K,-0.827602656439102,140,True,neutral,tolerant,140,-0.11889854107384148,True
T140L,-1.81255713685267,140,True,neutral,tolerant,140,-0.26040322310229286,True
T140M,-1.8728715692351896,140,True,neutral,tolerant,140,-0.2690683693052233,True
T140N,-0.5141055729019021,140,True,neutral,tolerant,140,-0.07385960170666213,True
T140P,-1.5559533561355,140,True,neutral,tolerant,140,-0.22353792920319274,True
T140Q,-0.7683804820761571,140,True,neutral,tolerant,140,-0.1103903154462538,True
T140R,-1.8733795811111,140,True,neutral,tolerant,140,-0.26914135344854856,True
T140S,-0.186862233194926,140,True,neutral,tolerant,140,-0.0268457897468234,True
T140T,0.0,140,True,neutral,tolerant,140,0.0,True
T140V,-0.679420581421715,140,True,neutral,tolerant,140,-0.09760978324327947,True
T140W,-3.90790508228672,140,True,mild,tolerant,140,-0.5614339312758497,True
T140Y,-2.75176028829899,140,True,neutral,tolerant,140,-0.39533498487236723,True
I141A,-0.872996794103372,141,True,neutral,tolerant,141,-0.17702395758841633,True
I141C,-2.3422608881586098,141,True,neutral,tolerant,141,-0.4749574052585796,True
I141D,-1.00179357929487,141,True,neutral,tolerant,141,-0.20314102559286573,True
I141E,-0.99887129954921,141,True,neutral,tolerant,141,-0.20254845351327577,True
I141F,-2.85639600022735,141,True,neutral,tolerant,141,-0.5792123497077746,True
I141G,-1.1327303336603,141,True,neutral,tolerant,141,-0.22969203082921044,True
I141H,-3.43812340046625,141,True,neutral,tolerant,141,-0.6971734777708827,True
I141I,0.0,141,True,neutral,tolerant,141,0.0,True
I141K,-1.15432379757229,141,True,neutral,tolerant,141,-0.23407069575165057,True
I141L,-1.473332551986,141,True,neutral,tolerant,141,-0.29875843869997026,True
I141M,-1.82489866168291,141,True,neutral,tolerant,141,-0.3700480751715802,True
I141N,-1.1342005829147,141,True,neutral,tolerant,141,-0.2299901640450633,True
I141P,-1.83500381796278,141,True,neutral,tolerant,141,-0.3720971717648263,True
I141Q,-1.91714254973349,141,True,neutral,tolerant,141,-0.38875304434942,True
I141R,-2.32728979843492,141,True,neutral,tolerant,141,-0.47192160768154406,True
I141S,-1.52034536975249,141,True,neutral,tolerant,141,-0.3082915722860503,True
I141T,-0.59430861158428,141,True,neutral,tolerant,141,-0.12051231248744836,True
I141V,-0.200347491037341,141,True,neutral,tolerant,141,-0.040625928979230924,True
I141W,-3.99980377334882,141,True,mild,tolerant,141,-0.8110695231848093,True
I141Y,-2.7102259282516403,141,True,neutral,tolerant,141,-0.5495723730241261,True
E142A,-0.331433582237523,142,True,neutral,tolerant,142,-0.10355398631794495,True
E142C,-2.53793680021497,142,True,neutral,tolerant,142,-0.7929596962112422,True
E142D,-0.357143397612956,142,True,neutral,tolerant,142,-0.11158682913263744,True
E142E,0.0,142,True,neutral,tolerant,142,0.0,True
E142F,-5.59605225318776,142,True,impactful,tolerant,142,-1.7484453885116997,True
E142G,-3.0224887203684,142,True,neutral,tolerant,142,-0.9443543815993467,True
E142H,-2.4198495462567298,142,True,neutral,tolerant,142,-0.756064201801289,True
E142I,-3.11849172051054,142,True,neutral,tolerant,142,-0.9743498132513999,True
E142K,-1.56614799439194,142,True,neutral,tolerant,142,-0.48933142769736715,True
E142L,-3.52213303482943,142,True,neutral,tolerant,142,-1.1004645746408495,True
E142M,-4.55862876063325,142,True,mild,tolerant,142,-1.4243100446257722,True
E142N,-2.06724991723248,142,True,neutral,tolerant,142,-0.6458970397617996,True
E142P,-3.81964952871556,142,True,mild,tolerant,142,-1.1934214160365044,True
E142Q,-0.782126417024256,142,True,neutral,tolerant,142,-0.24436964938993327,True
E142R,-2.44296908865812,142,True,neutral,tolerant,142,-0.7632877328669943,True
E142S,-1.97414178504952,142,True,neutral,tolerant,142,-0.6168060883226847,True
E142T,-1.83203258795748,142,True,neutral,tolerant,142,-0.5724051143719612,True
E142V,-3.44602623509986,142,True,neutral,tolerant,142,-1.0766855645456972,True
E142W,-5.59605225318776,142,True,impactful,tolerant,142,-1.7484453885116997,True
E142Y,-5.59605225318776,142,True,impactful,tolerant,142,-1.7484453885116997,True
T143A,-0.7836282943732191,143,True,neutral,tolerant,143,-0.06027444748428678,True
T143C,-1.29061084196665,143,True,neutral,tolerant,143,-0.09927009524201852,True
T143D,-0.7797019907793571,143,True,neutral,tolerant,143,-0.0599724474397824,True
T143E,-0.978366827739142,143,True,neutral,tolerant,143,-0.07525317858270855,True
T143F,-3.97936682110481,143,True,mild,tolerant,143,-0.3060815162005363,True
T143G,-2.3019521169202,143,True,neutral,tolerant,143,-0.1770595740083976,True
T143H,-1.94780213164926,143,True,neutral,tolerant,143,-0.1498193698937059,True
T143I,-1.62438734185051,143,True,neutral,tolerant,143,-0.12494322912219598,True
T143K,-0.702992935690735,143,True,neutral,tolerant,143,-0.0540722062850056,True
T143L,-1.9266839350233504,143,True,neutral,tolerant,143,-0.14819501860032983,True
T143M,-1.6489988895808998,143,True,neutral,tolerant,143,-0.12683627899269476,True
T143N,-0.342126647136148,143,True,neutral,tolerant,143,-0.02631540332815172,True
T143P,-2.2158923803185,143,True,neutral,tolerant,143,-0.17044010517150515,True
T143Q,-1.49203472167678,143,True,neutral,tolerant,143,-0.1147630440633474,True
T143R,-1.98779986017563,143,True,neutral,tolerant,143,-0.1528958807916205,True
T143S,-0.269442806704277,143,True,neutral,tolerant,143,-0.02072477017398366,True
T143T,0.0,143,True,neutral,tolerant,143,0.0,True
T143V,-0.574021038055821,143,True,neutral,tolerant,143,-0.04415205673608944,True
T143W,-3.52082834189896,143,True,neutral,tolerant,143,-0.2708120476490926,True
T143Y,-3.97936682110481,143,True,mild,tolerant,143,-0.3060815162005363,True
A144A,0.0,144,True,neutral,tolerant,144,0.0,True
A144C,-1.3778337399309,144,True,neutral,tolerant,144,-0.3333805097706188,True
A144D,-0.837536056035394,144,True,neutral,tolerant,144,-0.2026501378361923,True
A144E,-0.26090370126703,144,True,neutral,tolerant,144,-0.06312823268053072,True
A144F,-2.10481882711009,144,True,neutral,tolerant,144,-0.5092817465712148,True
A144G,-1.77022221625346,144,True,neutral,tolerant,144,-0.4283227850781548,True
A144H,-1.76269358408278,144,True,neutral,tolerant,144,-0.42650115801372923,True
A144I,-1.52895072262795,144,True,neutral,tolerant,144,-0.36994475933607573,True
A144K,-1.14886366000503,144,True,neutral,tolerant,144,-0.2779789328200252,True
A144L,-0.8719205177595559,144,True,neutral,tolerant,144,-0.21096979865271745,True
A144M,-1.68616811377899,144,True,neutral,tolerant,144,-0.4079850631026021,True
A144N,-1.52779574489147,144,True,neutral,tolerant,144,-0.36966530104194173,True
A144P,-2.0438142759057,144,True,neutral,tolerant,144,-0.4945210916464288,True
A144Q,-0.70835696312834,144,True,neutral,tolerant,144,-0.17139397782430318,True
A144R,-1.66886681419845,144,True,neutral,tolerant,144,-0.40379884243845726,True
A144S,-1.0654881465884598,144,True,neutral,tolerant,144,-0.2578054021830144,True
A144T,-0.178032043515273,144,True,neutral,tolerant,144,-0.04307661490827137,True
A144V,-1.20882254955743,144,True,neutral,tolerant,144,-0.2924865795592188,True
A144W,-3.6606665823974094,144,True,neutral,tolerant,144,-0.885734509158646,True
A144Y,-2.5522629709219102,144,True,neutral,tolerant,144,-0.6175452855126721,True
K145A,-0.809005342547476,145,True,neutral,tolerant,145,-0.09781701830848995,True
K145C,-2.08486248957266,145,True,neutral,tolerant,145,-0.25208119351973873,True
K145D,-1.23276265059831,145,True,neutral,tolerant,145,-0.14905360993524097,True
K145E,-0.375217011424044,145,True,neutral,tolerant,145,-0.04536757342114675,True
K145F,-3.93062634791156,145,True,mild,tolerant,145,-0.47525291764675204,True
K145G,-1.7874171910068997,145,True,neutral,tolerant,145,-0.21611701542919193,True
K145H,-2.19346110848761,145,True,neutral,tolerant,145,-0.2652118770097022,True
K145I,-1.85630149426446,145,True,neutral,tolerant,145,-0.2244458320618422,True
K145K,0.0,145,True,neutral,tolerant,145,0.0,True
K145L,-1.6952622598351,145,True,neutral,tolerant,145,-0.20497454193048253,True
K145M,-2.32461318910389,145,True,neutral,tolerant,145,-0.2810695046372804,True
K145N,-0.942006035933697,145,True,neutral,tolerant,145,-0.11389816212273907,True
K145P,-2.09942193914302,145,True,neutral,tolerant,145,-0.2538415798488338,True
K145Q,-1.6360279503105,145,True,neutral,tolerant,145,-0.19781250821508897,True
K145R,-1.23597569028277,145,True,neutral,tolerant,145,-0.1494420992876735,True
K145S,-1.26342474386196,145,True,neutral,tolerant,145,-0.15276097054265383,True
K145T,-2.0333930160366203,145,True,neutral,tolerant,145,-0.2458580078738322,True
K145V,-1.09670953762183,145,True,neutral,tolerant,145,-0.13260339738035118,True
K145W,-2.71033628255687,145,True,neutral,tolerant,145,-0.32770737080450335,True
K145Y,-2.55248184614173,145,True,neutral,tolerant,145,-0.3086211553188621,True
G146A,-0.603692643060576,146,True,neutral,tolerant,146,-0.1418949528712112,True
G146C,-3.3080950597926497,146,True,neutral,tolerant,146,-0.7775512887203823,True
G146D,-1.2447033289945602,146,True,neutral,tolerant,146,-0.2925613260928883,True
G146E,-1.56421226156645,146,True,neutral,tolerant,146,-0.36766031139668987,True
G146F,-5.0934068132673,146,True,impactful,tolerant,146,-1.197179935899847,True
G146G,0.0,146,True,neutral,tolerant,146,0.0,True
G146H,-0.543828290586927,146,True,neutral,tolerant,146,-0.1278241345987718,True
G146I,-2.65530147124812,146,True,neutral,tolerant,146,-0.6241154028504591,True
G146K,-1.83199132073756,146,True,neutral,tolerant,146,-0.4306004472717087,True
G146L,-2.98023026381911,146,True,neutral,tolerant,146,-0.7004882992876511,True
G146M,-3.1460285190864803,146,True,neutral,tolerant,146,-0.7394583544766986,True
G146N,-2.13809521610968,146,True,neutral,tolerant,146,-0.5025486452608678,True
G146P,-2.2260399787881697,146,True,neutral,tolerant,146,-0.52321962427474,True
G146Q,-2.3549927051165,146,True,neutral,tolerant,146,-0.5535293211632221,True
G146R,-2.28990401797057,146,True,neutral,tolerant,146,-0.5382305490128813,True
G146S,-1.35010937605894,146,True,neutral,tolerant,146,-0.3173364931459678,True
G146T,-1.6969796322256898,146,True,neutral,tolerant,146,-0.3988666214603974,True
G146V,-1.40901455048502,146,True,neutral,tolerant,146,-0.3311818613894572,True
G146W,-5.0934068132673,146,True,impactful,tolerant,146,-1.197179935899847,True
G146Y,-5.0934068132673,146,True,impactful,tolerant,146,-1.197179935899847,True
I147A,-0.964212693599282,147,True,neutral,tolerant,147,-0.16575028551198187,True
I147C,-0.982447145292299,147,True,neutral,tolerant,147,-0.16888482791568113,True
I147D,-1.23155907481929,147,True,neutral,tolerant,147,-0.21170771721970782,True
I147E,-1.26425377568496,147,True,neutral,tolerant,147,-0.2173280083019426,True
I147F,-1.6251434893761998,147,True,neutral,tolerant,147,-0.2793657448716294,True
I147G,-1.42981261504034,147,True,neutral,tolerant,147,-0.2457879373967892,True
I147H,-2.09519435993661,147,True,neutral,tolerant,147,-0.36016852471236316,True
I147I,0.0,147,True,neutral,tolerant,147,0.0,True
I147K,-1.75649753441483,147,True,neutral,tolerant,147,-0.301945794494327,True
I147L,-0.989505561289878,147,True,neutral,tolerant,147,-0.17009818517038996,True
I147M,-0.17274784448069502,147,True,neutral,tolerant,147,-0.029695734908209225,True
I147N,-1.92523775914435,147,True,neutral,tolerant,147,-0.3309526107413422,True
I147P,-2.11317262932533,147,True,neutral,tolerant,147,-0.3632590288137644,True
I147Q,-1.57378102829678,147,True,neutral,tolerant,147,-0.2705364246967076,True
I147R,-1.8062293773590496,147,True,neutral,tolerant,147,-0.3104948078207033,True
I147S,-1.15153045006395,147,True,neutral,tolerant,147,-0.1979506203775026,True
I147T,-1.39535783942206,147,True,neutral,tolerant,147,-0.23986508558837422,True
I147V,-0.280990227708303,147,True,neutral,tolerant,147,-0.04830283896685957,True
I147W,-3.04860724425631,147,True,neutral,tolerant,147,-0.5240622992248024,True
I147Y,-1.99101359001634,147,True,neutral,tolerant,147,-0.34225962092612106,True
N148A,-1.09707553138907,148,True,neutral,tolerant,148,-0.16392701400384388,True
N148C,-2.1940758756873,148,True,neutral,tolerant,148,-0.3278427934163215,True
N148D,-0.8614984381591709,148,True,neutral,tolerant,148,-0.12872665782418619,True
N148E,-0.7003749444544239,148,True,neutral,tolerant,148,-0.10465129340926395,True
N148F,-3.0976648436550405,148,True,neutral,tolerant,148,-0.4628586944803258,True
N148G,-2.90057618986556,148,True,neutral,tolerant,148,-0.43340935067002345,True
N148H,-2.15349437846544,148,True,neutral,tolerant,148,-0.3217790325602556,True
N148I,-3.51178779716277,148,True,neutral,tolerant,148,-0.5247376966608052,True
N148K,-1.76245027077878,148,True,neutral,tolerant,148,-0.26334851334549586,True
N148L,-2.3089322806049903,148,True,neutral,tolerant,148,-0.34500484558016303,True
N148M,-3.55421764434496,148,True,neutral,tolerant,148,-0.5310776413174955,True
N148N,0.0,148,True,neutral,tolerant,148,0.0,True
N148P,-2.4727667530845,148,True,neutral,tolerant,148,-0.36948528935640507,True
N148Q,-1.1789708576922902,148,True,neutral,tolerant,148,-0.17616396206954302,True
N148R,-2.07611950699657,148,True,neutral,tolerant,148,-0.3102175390478049,True
N148S,-1.8276602256220504,148,True,neutral,tolerant,148,-0.2730923029706715,True
N148T,-1.6139907917495098,148,True,neutral,tolerant,148,-0.2411654289529193,True
N148V,-2.23901859780262,148,True,neutral,tolerant,148,-0.33455821639931405,True
N148W,-4.30133303213671,148,True,mild,tolerant,148,-0.6427129764725473,True
N148Y,-3.0980459388032697,148,True,neutral,tolerant,148,-0.4629156384079891,True
G149A,-0.8601277502951229,149,True,neutral,tolerant,149,-0.36103478796509025,True
G149C,-1.52734075530528,149,True,neutral,tolerant,149,-0.6410944717838495,True
G149D,-1.3341594234875,149,True,neutral,tolerant,149,-0.5600074691290516,True
G149E,-1.19034951429963,149,True,neutral,tolerant,149,-0.4996439009810563,True
G149F,-2.87528647095409,149,True,neutral,tolerant,149,-1.2068886755759503,True
G149G,0.0,149,True,neutral,tolerant,149,0.0,True
G149H,-1.71758212285899,149,True,neutral,tolerant,149,-0.7209474375478025,True
G149I,-2.57726133675886,149,True,neutral,tolerant,149,-1.0817939543609632,True
G149K,-1.56712783434362,149,True,neutral,tolerant,149,-0.6577949208036941,True
G149L,-2.8137145526236003,149,True,neutral,tolerant,149,-1.1810441373995864,True
G149M,-2.9469848189017003,149,True,neutral,tolerant,149,-1.236983737431391,True
G149N,-1.4799712511083098,149,True,neutral,tolerant,149,-0.6212113336129247,True
G149P,-2.05294335282292,149,True,neutral,tolerant,149,-0.8617138184838856,True
G149Q,-1.84293686311762,149,True,neutral,tolerant,149,-0.7735645308274519,True
G149R,-1.11009363948267,149,True,neutral,tolerant,149,-0.46595685537933934,True
G149S,-1.13497689737432,149,True,neutral,tolerant,149,-0.47640149192746845,True
G149T,-1.43243485298217,149,True,neutral,tolerant,149,-0.6012581424593939,True
G149V,-2.59279232999957,149,True,neutral,tolerant,149,-1.0883130195226476,True
G149W,-4.65949350256363,149,True,mild,tolerant,149,-1.9558016214981717,True
G149Y,-4.65949350256363,149,True,mild,tolerant,149,-1.9558016214981717,True
T150A,-0.16868850623760506,150,True,neutral,tolerant,150,-0.010910568896229983,True
T150C,-1.51842400799565,150,True,neutral,tolerant,150,-0.09820983137755132,True
T150D,-1.15842186352531,150,True,neutral,tolerant,150,-0.07492532736693623,True
T150E,-0.676507537515157,150,True,neutral,tolerant,150,-0.043755690660283855,True
T150F,-2.40943381299087,150,True,neutral,tolerant,150,-0.15583926969223855,True
T150G,-2.85640199037153,150,True,neutral,tolerant,150,-0.18474863170214942,True
T150H,-2.00487293148983,150,True,neutral,tolerant,150,-0.12967276037405573,True
T150I,-1.63736993724427,150,True,neutral,tolerant,150,-0.10590311045707085,True
T150K,-1.70779613112587,150,True,neutral,tolerant,150,-0.11045819163943746,True
T150L,-1.19109951816244,150,True,neutral,tolerant,150,-0.07703887861140231,True
T150M,-1.05494585941346,150,True,neutral,tolerant,150,-0.06823262436570923,True
T150N,-1.32041269175439,150,True,neutral,tolerant,150,-0.0854026985368561,True
T150P,-1.0036793570008902,150,True,neutral,tolerant,150,-0.06491676889270374,True
T150Q,-1.236252244041,150,True,neutral,tolerant,150,-0.0799593024004227,True
T150R,-1.8407289649101,150,True,neutral,tolerant,150,-0.11905612681547735,True
T150S,-0.327265328482865,150,True,neutral,tolerant,150,-0.021167126281444563,True
T150T,0.0,150,True,neutral,tolerant,150,0.0,True
T150V,-1.26589764348661,150,True,neutral,tolerant,150,-0.08187673104047477,True
T150W,-3.49374404146909,150,True,neutral,tolerant,150,-0.22597114599230372,True
T150Y,-2.19165486521961,150,True,neutral,tolerant,150,-0.14175359031311133,True
V151A,-0.851195494202554,151,True,neutral,tolerant,151,-0.2007361214882948,True
V151C,-1.9315577184836,151,True,neutral,tolerant,151,-0.45551627972658276,True
V151D,-1.4813556301296398,151,True,neutral,tolerant,151,-0.34934581510638435,True
V151E,-1.38217974392525,151,True,neutral,tolerant,151,-0.3259573187181548,True
V151F,-4.10754103352508,151,True,mild,tolerant,151,-0.9686750711671853,True
V151G,-2.7950279311143498,151,True,neutral,tolerant,151,-0.6591471291433252,True
V151H,-2.30664761011673,151,True,neutral,tolerant,151,-0.5439731507611727,True
V151I,-0.8014387453166071,151,True,neutral,tolerant,151,-0.1890020640863706,True
V151K,-1.41552423511109,151,True,neutral,tolerant,151,-0.33382089868214054,True
V151L,-0.659446721760171,151,True,neutral,tolerant,151,-0.15551630401700292,True
V151M,-1.63100906506531,151,True,neutral,tolerant,151,-0.38463835401312657,True
V151N,-2.03758140230614,151,True,neutral,tolerant,151,-0.4805196816728969,True
V151P,-1.91201219204252,151,True,neutral,tolerant,151,-0.4509068883506274,True
V151Q,-1.88833760310744,151,True,neutral,tolerant,151,-0.44532374653065115,True
V151R,-1.09562536762359,151,True,neutral,tolerant,151,-0.2583796418083609,True
V151S,-1.56484530334946,151,True,neutral,tolerant,151,-0.3690350560629204,True
V151T,-1.49506639188699,151,True,neutral,tolerant,151,-0.3525792029198372,True
V151V,0.0,151,True,neutral,tolerant,151,0.0,True
V151W,-4.39136894318719,151,True,mild,tolerant,151,-1.035609769651555,True
V151Y,-3.36715754206902,151,True,neutral,tolerant,151,-0.7940715734970192,True
N152A,-1.8247844327021,152,True,neutral,tolerant,152,-0.46124022957038413,True
N152C,-1.18979879941032,152,True,neutral,tolerant,152,-0.30073857577245866,True
N152D,-0.266272289715158,152,True,neutral,tolerant,152,-0.06730410991866523,True
N152E,-0.986079759341014,152,True,neutral,tolerant,152,-0.24924568974959507,True
N152F,-2.45060226116829,152,True,neutral,tolerant,152,-0.6194245902532265,True
N152G,-2.1057324027160003,152,True,neutral,tolerant,152,-0.5322538264995617,True
N152H,-0.26099452626047803,152,True,neutral,tolerant,152,-0.06597008011008663,True
N152I,-2.20253271018968,152,True,neutral,tolerant,152,-0.5567214815504817,True
N152K,-1.36810837639889,152,True,neutral,tolerant,152,-0.3458088584595055,True
N152L,-2.4254440592984703,152,True,neutral,tolerant,152,-0.6130654967635747,True
N152M,-2.4356450421251403,152,True,neutral,tolerant,152,-0.6156439403191512,True
N152N,0.0,152,True,neutral,tolerant,152,0.0,True
N152P,-1.2425733750911498,152,True,neutral,tolerant,152,-0.3140781006863471,True
N152Q,-1.00078613874019,152,True,neutral,tolerant,152,-0.2529629363945485,True
N152R,-0.7270251926148149,152,True,neutral,tolerant,152,-0.18376596201478768,True
N152S,-0.304876930817809,152,True,neutral,tolerant,152,-0.0770619822489888,True
N152T,-1.1133875382072,152,True,neutral,tolerant,152,-0.28142454227486835,True
N152V,-2.31495780115394,152,True,neutral,tolerant,152,-0.5851385229481009,True
N152W,-3.49097940016016,152,True,neutral,tolerant,152,-0.8823947152875671,True
N152Y,-2.5333997470861,152,True,neutral,tolerant,152,-0.6403528329147615,True
Y153A,-1.06499782119847,153,True,neutral,tolerant,153,-0.16626049088412,True
Y153C,-0.17849835393545396,153,True,neutral,tolerant,153,-0.02786599498759482,True
Y153D,-0.608282633653074,153,True,neutral,tolerant,153,-0.09496110438389196,True
Y153E,-0.23439475167876805,153,True,neutral,tolerant,153,-0.03659217483742715,True
Y153F,-1.1527345189878302,153,True,neutral,tolerant,153,-0.17995737002570866,True
Y153G,-1.82938334032002,153,True,neutral,tolerant,153,-0.2855913562664053,True
Y153H,-0.891411810943203,153,True,neutral,tolerant,153,-0.13916137884727178,True
Y153I,-1.1320879265296102,153,True,neutral,tolerant,153,-0.17673415911498108,True
Y153K,-0.8904297825115991,153,True,neutral,tolerant,153,-0.13900807099456944,True
Y153L,-1.336372175264,153,True,neutral,tolerant,153,-0.2086256792649963,True
Y153M,-1.55285440954359,153,True,neutral,tolerant,153,-0.24242146909911302,True
Y153N,-0.9678800197977742,153,True,neutral,tolerant,153,-0.151099095233286,True
Y153P,-0.602681599394392,153,True,neutral,tolerant,153,-0.09408670756657331,True
Y153Q,-0.576697539338813,153,True,neutral,tolerant,153,-0.09003024614100769,True
Y153R,-1.2552238799446005,153,True,neutral,tolerant,153,-0.19595733840488988,True
Y153S,-0.17412990306386902,153,True,neutral,tolerant,153,-0.027184021023088912,True
Y153T,-0.568215468582761,153,True,neutral,tolerant,153,-0.0887060807581827,True
Y153V,-1.47857825456085,153,True,neutral,tolerant,153,-0.23082596181955964,True
Y153W,-1.27286498064897,153,True,neutral,tolerant,153,-0.1987113516098597,True
Y153Y,0.0,153,True,neutral,tolerant,153,0.0,True
D154A,-0.772199169144288,154,True,neutral,tolerant,154,-0.19700293577261305,True
D154C,-0.9404626469000172,154,True,neutral,tolerant,154,-0.23993020172385954,True
D154D,0.0,154,True,neutral,tolerant,154,0.0,True
D154E,-0.138513094925871,154,True,neutral,tolerant,154,-0.035337368173532,True
D154F,-3.48824385660257,154,True,neutral,tolerant,154,-0.8899184406051641,True
D154G,-1.02320946558477,154,True,neutral,tolerant,154,-0.2610405147857148,True
D154H,-1.53117361393484,154,True,neutral,tolerant,154,-0.39063198870958843,True
D154I,-1.9368266716188505,154,True,neutral,tolerant,154,-0.494121925583575,True
D154K,-1.72711285757588,154,True,neutral,tolerant,154,-0.44061987755065707,True
D154L,-1.9310972232451296,154,True,neutral,tolerant,154,-0.49266023254493646,True
D154M,-2.00614513483708,154,True,neutral,tolerant,154,-0.5118064055764373,True
D154N,-0.145656729745142,154,True,neutral,tolerant,154,-0.03715984751269441,True
D154P,-1.32398722602977,154,True,neutral,tolerant,154,-0.3377747359432422,True
D154Q,-1.03453000332359,154,True,neutral,tolerant,154,-0.26392860280521313,True
D154R,-1.62998847279679,154,True,neutral,tolerant,154,-0.4158415694390429,True
D154S,-0.877886908568968,154,True,neutral,tolerant,154,-0.22396592119631592,True
D154T,-1.36528140311848,154,True,neutral,tolerant,154,-0.3483096787945857,True
D154V,-2.11183734728983,154,True,neutral,tolerant,154,-0.538770532156071,True
D154W,-2.99218942335535,154,True,neutral,tolerant,154,-0.7633653652360012,True
D154Y,-3.48824385660257,154,True,neutral,tolerant,154,-0.8899184406051641,True
S155A,-0.728568154688817,155,True,neutral,tolerant,155,-0.2241827809693712,True
S155C,-1.44029427171727,155,True,neutral,tolerant,155,-0.44318321240069003,True
S155D,-0.7047334530315791,155,True,neutral,tolerant,155,-0.21684876607082396,True
S155E,-0.886147348515754,155,True,neutral,tolerant,155,-0.27267040929581493,True
S155F,-2.39215484993187,155,True,neutral,tolerant,155,-0.7360737953145222,True
S155G,-0.530458667114781,155,True,neutral,tolerant,155,-0.16322384998269657,True
S155H,-2.52854304673356,155,True,neutral,tolerant,155,-0.7780408852204217,True
S155I,-1.62365208420331,155,True,neutral,tolerant,155,-0.4996030051833403,True
S155K,-1.1994644285541498,155,True,neutral,tolerant,155,-0.3690790896315776,True
S155L,-1.91004432707386,155,True,neutral,tolerant,155,-0.5877268259152499,True
S155M,-1.8488463168277,155,True,neutral,tolerant,155,-0.5688959999472442,True
S155N,-1.32530689805854,155,True,neutral,tolerant,155,-0.4078012250913647,True
S155P,-2.02048686400505,155,True,neutral,tolerant,155,-0.6217103522431633,True
S155Q,-0.935652934795957,155,True,neutral,tolerant,155,-0.28790343853870753,True
S155R,-0.978776583805834,155,True,neutral,tolerant,155,-0.3011727250129571,True
S155S,0.0,155,True,neutral,tolerant,155,0.0,True
S155T,-0.786602780212555,155,True,neutral,tolerant,155,-0.2420402232123479,True
S155V,-1.3572212601733795,155,True,neutral,tolerant,155,-0.4176213776820638,True
S155W,-3.50151362649019,155,True,neutral,tolerant,155,-1.0774270839822748,True
S155Y,-3.19628312812388,155,True,neutral,tolerant,155,-0.983506671018778,True
V156A,-0.505734681422517,156,True,neutral,tolerant,156,-0.10634965901714435,True
V156C,-1.19171754874007,156,True,neutral,tolerant,156,-0.2506032502986866,True
V156D,-1.25110748148973,156,True,neutral,tolerant,156,-0.2630922081040159,True
V156E,-1.2011713304583702,156,True,neutral,tolerant,156,-0.2525912619955229,True
V156F,-1.49216788757741,156,True,neutral,tolerant,156,-0.31378418738028174,True
V156G,-1.09640133653479,156,True,neutral,tolerant,156,-0.23055944662217256,True
V156H,-2.85068308902412,156,True,neutral,tolerant,156,-0.5994628915519671,True
V156I,-0.784191114863167,156,True,neutral,tolerant,156,-0.16490555370929108,True
V156K,-1.72209016535341,156,True,neutral,tolerant,156,-0.3621339580013994,True
V156L,-1.0103198609726,156,True,neutral,tolerant,156,-0.21245759221111785,True
V156M,-1.42822191277044,156,True,neutral,tolerant,156,-0.30033715108624803,True
V156N,-1.5120592079881,156,True,neutral,tolerant,156,-0.3179670825242876,True
V156P,-1.59543697754453,156,True,neutral,tolerant,156,-0.3355003814805605,True
V156Q,-1.2816978461766202,156,True,neutral,tolerant,156,-0.26952497803885633,True
V156R,-0.8749256710558979,156,True,neutral,tolerant,156,-0.18398589260364326,True
V156S,-0.989069334615176,156,True,neutral,tolerant,156,-0.20798887310787173,True
V156T,-1.06996406904996,156,True,neutral,tolerant,156,-0.22500002092795615,True
V156V,0.0,156,True,neutral,tolerant,156,0.0,True
V156W,-1.8296724055546496,156,True,neutral,tolerant,156,-0.3847571534870649,True
V156Y,-1.90096497890176,156,True,neutral,tolerant,156,-0.399749087290366,True
N157A,-1.53379284325132,157,True,neutral,tolerant,157,-0.41505309193701395,True
N157C,-2.04381136551541,157,True,neutral,tolerant,157,-0.5530670131404342,True
N157D,-0.149381953111867,157,True,neutral,tolerant,157,-0.04042360856713893,True
N157E,-0.913542177226869,157,True,neutral,tolerant,157,-0.24720972388235016,True
N157F,-2.48342687064282,157,True,neutral,tolerant,157,-0.6720294763370929,True
N157G,-1.49213765832486,157,True,neutral,tolerant,157,-0.4037809613002025,True
N157H,-0.24289984141699106,157,True,neutral,tolerant,157,-0.06573008255627466,True
N157I,-2.2177891247255697,157,True,neutral,tolerant,157,-0.600146387129023,True
N157K,-1.1091448981228895,157,True,neutral,tolerant,157,-0.3001409358490782,True
N157L,-1.6515417170032098,157,True,neutral,tolerant,157,-0.4469166087984074,True
N157M,-2.09061667636236,157,True,neutral,tolerant,157,-0.5657327972269729,True
N157N,0.0,157,True,neutral,tolerant,157,0.0,True
N157P,-1.90981925194453,157,True,neutral,tolerant,157,-0.5168079829347124,True
N157Q,-0.9244276148635692,157,True,neutral,tolerant,157,-0.2501553853959498,True
N157R,-0.889828678920612,157,True,neutral,tolerant,157,-0.24079271598199292,True
N157S,-0.463482546168159,157,True,neutral,tolerant,157,-0.12542102063675714,True
N157T,-0.905182007876197,157,True,neutral,tolerant,157,-0.24494741437074882,True
N157V,-2.04371753181573,157,True,neutral,tolerant,157,-0.5530416212060856,True
N157W,-1.7579641585001498,157,True,neutral,tolerant,157,-0.4757151284871273,True
N157Y,-2.2387161091151,157,True,neutral,tolerant,157,-0.6058093484696042,True
S158A,-1.42481288748474,158,True,neutral,tolerant,158,-0.43719901553348095,True
S158C,-0.7784342299388359,158,True,neutral,tolerant,158,-0.23885991064245438,True
S158D,-1.17109617048977,158,True,neutral,tolerant,158,-0.35934689904230716,True
S158E,-0.993126018560562,158,True,neutral,tolerant,158,-0.3047373598521115,True
S158F,-2.1823675608582898,158,True,neutral,tolerant,158,-0.6696521048625532,True
S158G,-1.3917518441398502,158,True,neutral,tolerant,158,-0.4270543462019085,True
S158H,-1.49193638416055,158,True,neutral,tolerant,158,-0.45779563346387797,True
S158I,-2.02144292926749,158,True,neutral,tolerant,158,-0.62027292593697,True
S158K,-1.4361870138815098,158,True,neutral,tolerant,158,-0.4406891277488467,True
S158L,-1.84922869056083,158,True,neutral,tolerant,158,-0.5674295692515077,True
S158M,-2.73577916065868,158,True,neutral,tolerant,158,-0.839464582516838,True
S158N,-1.14512605512222,158,True,neutral,tolerant,158,-0.35137805697769925,True
S158P,-0.785065604773148,158,True,neutral,tolerant,158,-0.24089472558177796,True
S158Q,-1.4873021616301998,158,True,neutral,tolerant,158,-0.4563736379542719,True
S158R,-2.05363610066644,158,True,neutral,tolerant,158,-0.6301512916972407,True
S158S,0.0,158,True,neutral,tolerant,158,0.0,True
S158T,-0.19135971851372305,158,True,neutral,tolerant,158,-0.05871808241056479,True
S158V,-2.28382654073858,158,True,neutral,tolerant,158,-0.7007844496850373,True
S158W,-3.67771044588808,158,True,neutral,tolerant,158,-1.1284930115967164,True
S158Y,-2.53159510191719,158,True,neutral,tolerant,158,-0.776811394681768,True
D159A,-1.3524271917184698,159,True,neutral,tolerant,159,-0.2613315603551178,True
D159C,-1.81730554725772,159,True,neutral,tolerant,159,-0.35116071106453584,True
D159D,0.0,159,True,neutral,tolerant,159,0.0,True
D159E,-0.875791158891149,159,True,neutral,tolerant,159,-0.16923045580547919,True
D159F,-3.38868888111534,159,True,neutral,tolerant,159,-0.6548014993211231,True
D159G,-2.06668724794989,159,True,neutral,tolerant,159,-0.39934911585628463,True
D159H,-1.17737017852163,159,True,neutral,tolerant,159,-0.22750502781423715,True
D159I,-1.7901156752340202,159,True,neutral,tolerant,159,-0.34590677079675647,True
D159K,-1.93312862267563,159,True,neutral,tolerant,159,-0.37354137984244645,True
D159L,-2.6022238728871603,159,True,neutral,tolerant,159,-0.5028316712789827,True
D159M,-3.4823769724274505,159,True,neutral,tolerant,159,-0.672904991501117,True
D159N,-1.4837882715381003,159,True,neutral,tolerant,159,-0.2867146613230724,True
D159P,-2.08903312515285,159,True,neutral,tolerant,159,-0.4036670436476752,True
D159Q,-1.2129108034678202,159,True,neutral,tolerant,159,-0.23437259675255628,True
D159R,-1.96365689715582,159,True,neutral,tolerant,159,-0.37944040468734036,True
D159S,-0.856910462641789,159,True,neutral,tolerant,159,-0.16558211019275407,True
D159T,-1.89575354377967,159,True,neutral,tolerant,159,-0.3663193365812,True
D159V,-2.58114954853475,159,True,neutral,tolerant,159,-0.4987594475761693,True
D159W,-3.5635748716017206,159,True,neutral,tolerant,159,-0.6885949848839081,True
D159Y,-3.0184916601367098,159,True,neutral,tolerant,159,-0.5832677280468668,True
N160A,-1.60975187426822,160,True,neutral,tolerant,160,-0.5620871381549731,True
N160C,-2.02044982876362,160,True,neutral,tolerant,160,-0.7054931136835697,True
N160D,-0.289969624744413,160,True,neutral,tolerant,160,-0.10125050893234816,True
N160E,-0.989240864667165,160,True,neutral,tolerant,160,-0.3454194248535905,True
N160F,-2.38690110860594,160,True,neutral,tolerant,160,-0.8334492008621808,True
N160G,-2.02946572109885,160,True,neutral,tolerant,160,-0.7086412492450994,True
N160H,-0.594766040066339,160,True,neutral,tolerant,160,-0.2076781811387108,True
N160I,-1.66003229735864,160,True,neutral,tolerant,160,-0.5796438682149789,True
N160K,-1.34374946807389,160,True,neutral,tolerant,160,-0.469205412946188,True
N160L,-1.90983839443606,160,True,neutral,tolerant,160,-0.6668702267888683,True
N160M,-2.73895343022554,160,True,neutral,tolerant,160,-0.9563775136681103,True
N160N,0.0,160,True,neutral,tolerant,160,0.0,True
N160P,-2.1101148601620903,160,True,neutral,tolerant,160,-0.7368020139538385,True
N160Q,-0.7331139571287351,160,True,neutral,tolerant,160,-0.25598598932601574,True
N160R,-0.937358261867778,160,True,neutral,tolerant,160,-0.3273032516757859,True
N160S,-0.506788360655298,160,True,neutral,tolerant,160,-0.1769584641238461,True
N160T,-0.8156276391263678,160,True,neutral,tolerant,160,-0.2847978081622341,True
N160V,-2.2065356799042903,160,True,neutral,tolerant,160,-0.7704698751278392,True
N160W,-2.44315016560028,160,True,neutral,tolerant,160,-0.853090036182989,True
N160Y,-2.5604416950613,160,True,neutral,tolerant,160,-0.8940454537093918,True
S161A,-0.209617651012352,161,True,neutral,tolerant,161,-0.06705967675454028,True
S161C,-0.857744845374365,161,True,neutral,tolerant,161,-0.2744048117650579,True
S161D,-0.889920745843593,161,True,neutral,tolerant,161,-0.28469834131436833,True
S161E,-0.659082903795422,161,True,neutral,tolerant,161,-0.21085002274145484,True
S161F,-1.5221436054417898,161,True,neutral,tolerant,161,-0.48695545275861357,True
S161G,-1.40999698390981,161,True,neutral,tolerant,161,-0.45107814875903207,True
S161H,-1.4718945457015902,161,True,neutral,tolerant,161,-0.47088006174491115,True
S161I,-0.751610129439119,161,True,neutral,tolerant,161,-0.24045080212570194,True
S161K,-1.25060470221295,161,True,neutral,tolerant,161,-0.40008628411338637,True
S161L,-1.10982589274755,161,True,neutral,tolerant,161,-0.3550491347557569,True
S161M,-0.7525812079621519,161,True,neutral,tolerant,161,-0.2407614639976548,True
S161N,-0.7491231963550429,161,True,neutral,tolerant,161,-0.23965519675600677,True
S161P,-0.745849117231688,161,True,neutral,tolerant,161,-0.23860777213970846,True
S161Q,-1.21207912348273,161,True,neutral,tolerant,161,-0.38776140191022723,True
S161R,-1.66177234721276,161,True,neutral,tolerant,161,-0.5316246790550797,True
S161S,0.0,161,True,neutral,tolerant,161,0.0,True
S161T,-0.78836842450738,161,True,neutral,tolerant,161,-0.2522103050750997,True
S161V,-0.7571460218999079,161,True,neutral,tolerant,161,-0.24222181309341154,True
S161W,-1.60295412814176,161,True,neutral,tolerant,161,-0.5128078917324007,True
S161Y,-1.55832805683145,161,True,neutral,tolerant,161,-0.4985313749293471,True
K162A,-1.25151680963254,162,True,neutral,tolerant,162,-0.2886776756739731,True
K162C,-1.69732873365556,162,True,neutral,tolerant,162,-0.391509654456978,True
K162D,-1.64388190477403,162,True,neutral,tolerant,162,-0.379181488974171,True
K162E,-0.834712389803648,162,True,neutral,tolerant,162,-0.19253663290030762,True
K162F,-1.93379554726382,162,True,neutral,tolerant,162,-0.4460536203079088,True
K162G,-1.9709600353627497,162,True,neutral,tolerant,162,-0.45462606452874355,True
K162H,-1.55347690012337,162,True,neutral,tolerant,162,-0.35832846773547905,True
K162I,-1.88216638732616,162,True,neutral,tolerant,162,-0.4341447224224864,True
K162K,0.0,162,True,neutral,tolerant,162,0.0,True
K162L,-1.6132961040913,162,True,neutral,tolerant,162,-0.3721264995551233,True
K162M,-2.30113675643514,162,True,neutral,tolerant,162,-0.5307853679174187,True
K162N,-1.1106717177581,162,True,neutral,tolerant,162,-0.256190030730284,True
K162P,-2.06722954547253,162,True,neutral,tolerant,162,-0.4768318057564009,True
K162Q,-1.32363879306083,162,True,neutral,tolerant,162,-0.30531349421099185,True
K162R,-0.261094773821937,162,True,neutral,tolerant,162,-0.06022470641818121,True
K162S,-1.12237722368736,162,True,neutral,tolerant,162,-0.2588900489947121,True
K162T,-1.09325177310995,162,True,neutral,tolerant,162,-0.252171907207937,True
K162V,-1.58964431680448,162,True,neutral,tolerant,162,-0.36667092522568284,True
K162W,-3.0144541396897595,162,True,neutral,tolerant,162,-0.6953207562005728,True
K162Y,-1.94528183850915,162,True,neutral,tolerant,162,-0.4487030740214308,True
P163A,-2.05059914761314,163,True,neutral,tolerant,163,-0.7252327819132932,True
P163C,-2.24649736393289,163,True,neutral,tolerant,163,-0.7945158539163188,True
P163D,-1.11936713550482,163,True,neutral,tolerant,163,-0.3958851453778264,True
P163E,-1.1152790395565702,163,True,neutral,tolerant,163,-0.3944393137043232,True
P163F,-4.03011346430894,163,True,mild,tolerant,163,-1.4253250824516548,True
P163G,-2.1265467080285902,163,True,neutral,tolerant,163,-0.7520930586200969,True
P163H,-0.618607429771977,163,True,neutral,tolerant,163,-0.21878209972337367,True
P163I,-2.5596732761205496,163,True,neutral,tolerant,163,-0.9052763788528768,True
P163K,-2.11342973157018,163,True,neutral,tolerant,163,-0.7474539943064806,True
P163L,-1.86202185606113,163,True,neutral,tolerant,163,-0.6585388920240247,True
P163M,-3.26598732399678,163,True,neutral,tolerant,163,-1.155077566199491,True
P163N,-0.7925904339595621,163,True,neutral,tolerant,163,-0.28031444663742733,True
P163P,0.0,163,True,neutral,tolerant,163,0.0,True
P163Q,-1.1177828839326298,163,True,neutral,tolerant,163,-0.39532484514738525,True
P163R,-0.974594637070635,163,True,neutral,tolerant,163,-0.34468364073164887,True
P163S,-1.52297199277795,163,True,neutral,tolerant,163,-0.5386275598446498,True
P163T,-1.93221484046688,163,True,neutral,tolerant,163,-0.6833639551820937,True
P163V,-2.21720307761459,163,True,neutral,tolerant,163,-0.7841553810830427,True
P163W,-4.03011346430894,163,True,mild,tolerant,163,-1.4253250824516548,True
P163Y,-2.75083873153601,163,True,neutral,tolerant,163,-0.9728856213506364,True
K164A,-1.89519395806807,164,True,neutral,tolerant,164,-0.24925484242344,True
K164C,-3.4879059878438503,164,True,neutral,tolerant,164,-0.45872743192682036,True
K164D,-2.01241149438958,164,True,neutral,tolerant,164,-0.2646712268102208,True
K164E,-1.26022629648824,164,True,neutral,tolerant,164,-0.16574425304165594,True
K164F,-4.18843672256474,164,True,mild,tolerant,164,-0.5508608397779235,True
K164G,-1.69321978143711,164,True,neutral,tolerant,164,-0.22269131241879983,True
K164H,-2.25326125632036,164,True,neutral,tolerant,164,-0.2963476519076162,True
K164I,-1.85515021631414,164,True,neutral,tolerant,164,-0.24398831205147994,True
K164K,0.0,164,True,neutral,tolerant,164,0.0,True
K164L,-2.15305428336908,164,True,neutral,tolerant,164,-0.2831684872388124,True
K164M,-1.7679640272509398,164,True,neutral,tolerant,164,-0.2325216335492959,True
K164N,-1.25280532513959,164,True,neutral,tolerant,164,-0.1647682510676827,True
K164P,-1.96632746076088,164,True,neutral,tolerant,164,-0.2586102806514079,True
K164Q,-1.28511311823764,164,True,neutral,tolerant,164,-0.16901735382754615,True
K164R,-1.20232079721414,164,True,neutral,tolerant,164,-0.15812855437631754,True
K164S,-1.21388887164324,164,True,neutral,tolerant,164,-0.15964998101272748,True
K164T,-1.57460039215102,164,True,neutral,tolerant,164,-0.2070905571193219,True
K164V,-1.6916726865294498,164,True,neutral,tolerant,164,-0.22248783936751593,True
K164W,-3.36294307871402,164,True,neutral,tolerant,164,-0.44229238046871955,True
K164Y,-2.9974634082484704,164,True,neutral,tolerant,164,-0.39422469996401555,True
I165A,-1.02030888526845,165,True,neutral,tolerant,165,-0.21269600549712755,True
I165C,-1.24712239423645,165,True,neutral,tolerant,165,-0.2599780864892848,True
I165D,-1.42003604823997,165,True,neutral,tolerant,165,-0.29602407612386933,True
I165E,-1.03804748549856,165,True,neutral,tolerant,165,-0.2163938360918911,True
I165F,-2.09791573800244,165,True,neutral,tolerant,165,-0.43733648092780686,True
I165G,-1.48499811880608,165,True,neutral,tolerant,165,-0.3095662231322223,True
I165H,-1.5535418157158702,165,True,neutral,tolerant,165,-0.3238550044466008,True
I165I,0.0,165,True,neutral,tolerant,165,0.0,True
I165K,-0.9709161907048532,165,True,neutral,tolerant,165,-0.20239948746606812,True
I165L,-0.954310944868075,165,True,neutral,tolerant,165,-0.19893791861101373,True
I165M,-1.004817726094,165,True,neutral,tolerant,165,-0.2094666817849668,True
I165N,-1.98970384034597,165,True,neutral,tolerant,165,-0.41477837258325445,True
I165P,-1.6247714603542098,165,True,neutral,tolerant,165,-0.3387037047826452,True
I165Q,-2.06282741361566,165,True,neutral,tolerant,165,-0.4300218857650959,True
I165R,-1.99386155984786,165,True,neutral,tolerant,165,-0.41564510063276744,True
I165S,-1.65102295394716,165,True,neutral,tolerant,165,-0.34417615327953827,True
I165T,-0.40407462001393696,165,True,neutral,tolerant,165,-0.08423435181309956,True
I165V,-1.27787374502562,165,True,neutral,tolerant,165,-0.26638858586935876,True
I165W,-3.71047071259526,165,True,neutral,tolerant,165,-0.7734935081697811,True
I165Y,-2.9163786299685497,165,True,neutral,tolerant,165,-0.607955192851516,True
F166A,-1.00715946667914,166,True,neutral,tolerant,166,-0.20277797604579959,True
F166C,-0.462766225115708,166,True,neutral,tolerant,166,-0.09317173855370534,True
F166D,-1.63135997784504,166,True,neutral,tolerant,166,-0.328452330990128,True
F166E,-1.30882033436092,166,True,neutral,tolerant,166,-0.2635133235498296,True
F166F,0.0,166,True,neutral,tolerant,166,0.0,True
F166G,-1.5761711174287798,166,True,neutral,tolerant,166,-0.3173407982232433,True
F166H,-0.604792018265857,166,True,neutral,tolerant,166,-0.1217667166421768,True
F166I,-0.728240347191788,166,True,neutral,tolerant,166,-0.14662137284510685,True
F166K,-1.4139813986843002,166,True,neutral,tolerant,166,-0.28468608564740383,True
F166L,-0.993297375927398,166,True,neutral,tolerant,166,-0.19998703101733276,True
F166M,-1.81427728580517,166,True,neutral,tolerant,166,-0.3652802641219108,True
F166N,-0.9880023895811352,166,True,neutral,tolerant,166,-0.1989209569247905,True
F166P,-2.11059449828231,166,True,neutral,tolerant,166,-0.4249397387151133,True
F166Q,-0.9395045386551428,166,True,neutral,tolerant,166,-0.18915656868370112,True
F166R,-1.57158104804849,166,True,neutral,tolerant,166,-0.3164166496552772,True
F166S,-0.6883460455118761,166,True,neutral,tolerant,166,-0.13858919321710134,True
F166T,-1.58945609665895,166,True,neutral,tolerant,166,-0.3200155496297776,True
F166V,-1.12529290454409,166,True,neutral,tolerant,166,-0.22656255061031422,True
F166W,-2.58600585407138,166,True,neutral,tolerant,166,-0.5206574037974484,True
F166Y,-2.18222573654284,166,True,neutral,tolerant,166,-0.43936172251874883,True
K167A,-2.00877037081618,167,True,neutral,tolerant,167,-0.43602358919668266,True
K167C,-2.30457336354576,167,True,neutral,tolerant,167,-0.5002305709696502,True
K167D,-2.02541848597488,167,True,neutral,tolerant,167,-0.43963722818216144,True
K167E,-1.58345686029972,167,True,neutral,tolerant,167,-0.3437050613632204,True
K167F,-3.7035519823308096,167,True,neutral,tolerant,167,-0.8038927951014367,True
K167G,-1.80059422006937,167,True,neutral,tolerant,167,-0.3908368850554357,True
K167H,-1.5868270530093995,167,True,neutral,tolerant,167,-0.3444365952124387,True
K167I,-2.31801118563103,167,True,neutral,tolerant,167,-0.5031473839123984,True
K167K,0.0,167,True,neutral,tolerant,167,0.0,True
K167L,-2.7427464744486,167,True,neutral,tolerant,167,-0.5953404029748413,True
K167M,-3.11574188401626,167,True,neutral,tolerant,167,-0.6763027666159865,True
K167N,-0.7759484682425909,167,True,neutral,tolerant,167,-0.1684273329944306,True
K167P,-1.97679071099426,167,True,neutral,tolerant,167,-0.429082085947022,True
K167Q,-1.22467908936394,167,True,neutral,tolerant,167,-0.26582877760270124,True
K167R,-0.357298283282906,167,True,neutral,tolerant,167,-0.07755514624975617,True
K167S,-0.852828306160855,167,True,neutral,tolerant,167,-0.18511486649899972,True
K167T,-0.538859454153114,167,True,neutral,tolerant,167,-0.11696480428320022,True
K167V,-2.3956079938819705,167,True,neutral,tolerant,167,-0.519990542959012,True
K167W,-3.53277117119039,167,True,neutral,tolerant,167,-0.7668231213740655,True
K167Y,-2.16333186620462,167,True,neutral,tolerant,167,-0.4695726991148521,True
S168A,-1.63150158569915,168,True,neutral,tolerant,168,-0.7637769024999975,True
S168C,-3.42017380581941,168,True,neutral,tolerant,168,-1.6011322197403477,True
S168D,-1.30670269016817,168,True,neutral,tolerant,168,-0.6117244028036736,True
S168E,-0.993432241398943,168,True,neutral,tolerant,168,-0.4650688708060076,True
S168F,-3.77463190185323,168,True,neutral,tolerant,168,-1.7670694820928956,True
S168G,-0.762234223394952,168,True,neutral,tolerant,168,-0.3568350158082172,True
S168H,-2.4139280701921297,168,True,neutral,tolerant,168,-1.13006479458557,True
S168I,-2.60787803729295,168,True,neutral,tolerant,168,-1.2208612157540855,True
S168K,-1.92859432581256,168,True,neutral,tolerant,168,-0.9028589449497558,True
S168L,-1.9795622814956495,168,True,neutral,tolerant,168,-0.9267192633580308,True
S168M,-3.10634604773723,168,True,neutral,tolerant,168,-1.4542157869966987,True
S168N,-1.04683200493818,168,True,neutral,tolerant,168,-0.49006762431488204,True
S168P,-1.71030965038824,168,True,neutral,tolerant,168,-0.800670387659841,True
S168Q,-1.06447008017237,168,True,neutral,tolerant,168,-0.49832477501980066,True
S168R,-1.57173352340197,168,True,neutral,tolerant,168,-0.7357968711657316,True
S168S,0.0,168,True,neutral,tolerant,168,0.0,True
S168T,-1.16539780016849,168,True,neutral,tolerant,168,-0.5455734335750355,True
S168V,-2.1763005550589,168,True,neutral,tolerant,168,-1.018821012141158,True
S168W,-4.71438263871251,168,True,mild,tolerant,168,-2.207007704165103,True
S168Y,-4.71438263871251,168,True,mild,tolerant,168,-2.207007704165103,True
Q169A,-0.821207081364664,169,True,neutral,tolerant,169,-0.1411804090397432,True
Q169C,-2.3011109420131803,169,True,neutral,tolerant,169,-0.39560275527505767,True
Q169D,-1.90733197186585,169,True,neutral,tolerant,169,-0.32790499993633815,True
Q169E,-0.830669089845075,169,True,neutral,tolerant,169,-0.14280710011184408,True
Q169F,-3.4165865311556805,169,True,neutral,tolerant,169,-0.5873732642279084,True
Q169G,-1.70904382371883,169,True,neutral,tolerant,169,-0.2938156666872763,True
Q169H,-1.13225103578231,169,True,neutral,tolerant,169,-0.19465451284441115,True
Q169I,-2.16675655788428,169,True,neutral,tolerant,169,-0.37250479699140526,True
Q169K,-1.48825895155068,169,True,neutral,tolerant,169,-0.2558587380759347,True
Q169L,-1.69513413595551,169,True,neutral,tolerant,169,-0.2914243387839937,True
Q169M,-3.47285074252927,169,True,neutral,tolerant,169,-0.5970461038274181,True
Q169N,-1.69772929189732,169,True,neutral,tolerant,169,-0.29187049321410136,True
Q169P,-1.74371579323192,169,True,neutral,tolerant,169,-0.29977640783180853,True
Q169Q,0.0,169,True,neutral,tolerant,169,0.0,True
Q169R,-1.61284697679998,169,True,neutral,tolerant,169,-0.277277681927369,True
Q169S,-1.11493630557973,169,True,neutral,tolerant,169,-0.19167779631591894,True
Q169T,-1.76686416723555,169,True,neutral,tolerant,169,-0.30375603365895876,True
Q169V,-2.20419427171761,169,True,neutral,tolerant,169,-0.37894101980589817,True
Q169W,-3.32315569356438,169,True,neutral,tolerant,169,-0.5713108066975303,True
Q169Y,-2.53440844751014,169,True,neutral,tolerant,169,-0.43571083276420747,True
I170A,-1.2653678788296998,170,True,neutral,tolerant,170,-0.44075069495415214,True
I170C,-1.39939854734483,170,True,neutral,tolerant,170,-0.4874360196581814,True
I170D,-2.17293397867515,170,True,neutral,tolerant,170,-0.7568725089468299,True
I170E,-1.5982544755383,170,True,neutral,tolerant,170,-0.5567011638217,True
I170F,-2.02354972362674,170,True,neutral,tolerant,170,-0.7048392502168157,True
I170G,-2.3137383655119903,170,True,neutral,tolerant,170,-0.8059172432009725,True
I170H,-3.3522958310483904,170,True,neutral,tolerant,170,-1.1676657373292931,True
I170I,0.0,170,True,neutral,tolerant,170,0.0,True
I170K,-1.09951873422547,170,True,neutral,tolerant,170,-0.38298241510065045,True
I170L,-0.8960480927705451,170,True,neutral,tolerant,170,-0.31210988219980945,True
I170M,-0.336334665225082,170,True,neutral,tolerant,170,-0.11715149397677885,True
I170N,-1.57802899176211,170,True,neutral,tolerant,170,-0.5496562591901833,True
I170P,-1.88150459300904,170,True,neutral,tolerant,170,-0.655362342289844,True
I170Q,-2.13013861874157,170,True,neutral,tolerant,170,-0.7419661050882277,True
I170R,-2.02817708733796,170,True,neutral,tolerant,170,-0.70645104533636,True
I170S,-1.04974088872829,170,True,neutral,tolerant,170,-0.36564388425656597,True
I170T,-1.82755017820086,170,True,neutral,tolerant,170,-0.6365690362320486,True
I170V,-0.281282318450928,170,True,neutral,tolerant,170,-0.09797575820418541,True
I170W,-3.53301007017,170,True,neutral,tolerant,170,-1.2306118005363236,True
I170Y,-1.86678720028959,170,True,neutral,tolerant,170,-0.6502360061645663,True
E171A,-2.15119291682147,171,True,neutral,tolerant,171,-0.5669088680893167,True
E171C,-2.5404774230295097,171,True,neutral,tolerant,171,-0.6694979185893485,True
E171D,-0.6725482955879789,171,True,neutral,tolerant,171,-0.17723821513439034,True
E171E,0.0,171,True,neutral,tolerant,171,0.0,True
E171F,-4.40028813723873,171,True,mild,tolerant,171,-1.1596181577404678,True
E171G,-1.70767626731295,171,True,neutral,tolerant,171,-0.45002789484627026,True
E171H,-2.06320168871286,171,True,neutral,tolerant,171,-0.5437203352809499,True
E171I,-2.48261331422713,171,True,neutral,tolerant,171,-0.6542488555380328,True
E171K,-1.76217993405652,171,True,neutral,tolerant,171,-0.4643913727931805,True
E171L,-2.14465562170121,171,True,neutral,tolerant,171,-0.5651860795155851,True
E171M,-2.47753601378978,171,True,neutral,tolerant,171,-0.652910822755673,True
E171N,-0.8950227890563729,171,True,neutral,tolerant,171,-0.235867435361308,True
E171P,-1.78636689767742,171,True,neutral,tolerant,171,-0.4707654195193579,True
E171Q,-1.61106644255905,171,True,neutral,tolerant,171,-0.4245680832369677,True
E171R,-1.79192096707329,171,True,neutral,tolerant,171,-0.4722290963332229,True
E171S,-1.9649791605731,171,True,neutral,tolerant,171,-0.5178355242009385,True
E171T,-2.20497431681585,171,True,neutral,tolerant,171,-0.5810820054014842,True
E171V,-1.51505923557467,171,True,neutral,tolerant,171,-0.3992670808887675,True
E171W,-4.40028813723873,171,True,mild,tolerant,171,-1.1596181577404678,True
E171Y,-3.20521157573688,171,True,neutral,tolerant,171,-0.844676854492716,True
N172A,-1.42009555598922,172,True,neutral,tolerant,172,-0.5172522005358329,True
N172C,-3.12200731888636,172,True,neutral,tolerant,172,-1.1371524606018861,True
N172D,-1.36096104445045,172,True,neutral,tolerant,172,-0.4957131878320479,True
N172E,-1.76220544158531,172,True,neutral,tolerant,172,-0.6418614850331521,True
N172F,-3.3315183921294,172,True,neutral,tolerant,172,-1.2134642716025883,True
N172G,-1.47995327711754,172,True,neutral,tolerant,172,-0.5390546333665702,True
N172H,-1.66402655696048,172,True,neutral,tolerant,172,-0.6061010434880956,True
N172I,-2.7324320750338704,172,True,neutral,tolerant,172,-0.9952545078147474,True
N172K,-1.32942043724944,172,True,neutral,tolerant,172,-0.4842249126859473,True
N172L,-1.9399109725404,172,True,neutral,tolerant,172,-0.706588521566887,True
N172M,-4.07445877081298,172,True,mild,tolerant,172,-1.4840710938831614,True
N172N,0.0,172,True,neutral,tolerant,172,0.0,True
N172P,-1.47619887252951,172,True,neutral,tolerant,172,-0.5376871380408719,True
N172Q,-1.77092347573915,172,True,neutral,tolerant,172,-0.6450369208912548,True
N172R,-1.65916717757124,172,True,neutral,tolerant,172,-0.6043310747900583,True
N172S,-0.934661289900277,172,True,neutral,tolerant,172,-0.34043878731794874,True
N172T,-1.39774794274131,172,True,neutral,tolerant,172,-0.5091123594663682,True
N172V,-2.86161803048729,172,True,neutral,tolerant,172,-1.0423088904968045,True
N172W,-4.31346663158838,172,True,mild,tolerant,172,-1.5711267440540546,True
N172Y,-3.4017197181849403,172,True,neutral,tolerant,172,-1.2390342342925056,True
I173A,-1.5500891618118,173,True,neutral,tolerant,173,-0.4488399337967445,True
I173C,-1.64236299710822,173,True,neutral,tolerant,173,-0.47555851434420676,True
I173D,-2.28317448630389,173,True,neutral,tolerant,173,-0.6611102835408864,True
I173E,-1.0224753329601,173,True,neutral,tolerant,173,-0.29606539550163957,True
I173F,-3.5206915036941804,173,True,neutral,tolerant,173,-1.0194426103785093,True
I173G,-2.220168203651,173,True,neutral,tolerant,173,-0.6428663422042167,True
I173H,-1.8479181071556696,173,True,neutral,tolerant,173,-0.535078536971448,True
I173I,0.0,173,True,neutral,tolerant,173,0.0,True
I173K,-1.1392230481581498,173,True,neutral,tolerant,173,-0.3298705713917578,True
I173L,-1.1061579078606398,173,True,neutral,tolerant,173,-0.3202963122151,True
I173M,-1.15877674838128,173,True,neutral,tolerant,173,-0.33553249183469086,True
I173N,-1.95054470694229,173,True,neutral,tolerant,173,-0.5647948380648457,True
I173P,-1.8410801831877,173,True,neutral,tolerant,173,-0.5330985648403589,True
I173Q,-2.33317264222326,173,True,neutral,tolerant,173,-0.6755876242937108,True
I173R,-1.66260006467271,173,True,neutral,tolerant,173,-0.4814183089222613,True
I173S,-1.7884799080846,173,True,neutral,tolerant,173,-0.5178677609765535,True
I173T,-1.45171108143617,173,True,neutral,tolerant,173,-0.4203538233389193,True
I173V,-0.33001240282062605,173,True,neutral,tolerant,173,-0.09555756448292507,True
I173W,-4.2151109798358,173,True,mild,tolerant,173,-1.2205169739552908,True
I173Y,-3.0827746216984098,173,True,neutral,tolerant,173,-0.8926404952706799,True
N174A,-1.72564277847719,174,True,neutral,tolerant,174,-0.6307656511691954,True
N174C,-3.1531563868837704,174,True,neutral,tolerant,174,-1.152557624565946,True
N174D,-1.78545049891114,174,True,neutral,tolerant,174,-0.6526268707651515,True
N174E,-1.4856846055548605,174,True,neutral,tolerant,174,-0.5430549296429881,True
N174F,-4.25827705896009,174,True,mild,tolerant,174,-1.5565069059797367,True
N174G,-1.48607079174402,174,True,neutral,tolerant,174,-0.543196090366468,True
N174H,-0.266959256167333,174,True,neutral,tolerant,174,-0.09758029364607436,True
N174I,-1.57434743858578,174,True,neutral,tolerant,174,-0.5754634155178026,True
N174K,-1.28928490971379,174,True,neutral,tolerant,174,-0.47126592233410236,True
N174L,-1.52536129140194,174,True,neutral,tolerant,174,-0.5575577519517012,True
N174M,-2.22281548826573,174,True,neutral,tolerant,174,-0.8124947273978577,True
N174N,0.0,174,True,neutral,tolerant,174,0.0,True
N174P,-1.7006462986655,174,True,neutral,tolerant,174,-0.6216288118059108,True
N174Q,-1.30034779340567,174,True,neutral,tolerant,174,-0.47530968337361235,True
N174R,-1.25392677261274,174,True,neutral,tolerant,174,-0.45834163774238945,True
N174S,-0.8102993392251422,174,True,neutral,tolerant,174,-0.29618470098391314,True
N174T,-0.949462367215,174,True,neutral,tolerant,174,-0.34705227280324485,True
N174V,-1.47330823097074,174,True,neutral,tolerant,174,-0.538531054788335,True
N174W,-4.25827705896009,174,True,mild,tolerant,174,-1.5565069059797367,True
N174Y,-4.25827705896009,174,True,mild,tolerant,174,-1.5565069059797367,True
L175A,-1.16246023928221,175,True,neutral,tolerant,175,-0.2738211157557729,True
L175C,-1.74386116682652,175,True,neutral,tolerant,175,-0.4107719079651702,True
L175D,-2.56393582768683,175,True,neutral,tolerant,175,-0.6039430385136554,True
L175E,-2.24490312118709,175,True,neutral,tolerant,175,-0.5287938947371043,True
L175F,-1.44679322055973,175,True,neutral,tolerant,175,-0.34079663160451296,True
L175G,-1.64632927005259,175,True,neutral,tolerant,175,-0.38779796709911113,True
L175H,-3.23849903987434,175,True,neutral,tolerant,175,-0.7628384958955231,True
L175I,-1.14609404429318,175,True,neutral,tolerant,175,-0.26996600775195856,True
L175K,-1.70493193709875,175,True,neutral,tolerant,175,-0.4016020071295486,True
L175L,0.0,175,True,neutral,tolerant,175,0.0,True
L175M,-1.67890528247924,175,True,neutral,tolerant,175,-0.3954713478893626,True
L175N,-2.34822347053088,175,True,neutral,tolerant,175,-0.5531313235639707,True
L175P,-1.74933280333374,175,True,neutral,tolerant,175,-0.41206076891953897,True
L175Q,-2.0269298546461103,175,True,neutral,tolerant,175,-0.47744961556757676,True
L175R,-2.07652485956649,175,True,neutral,tolerant,175,-0.48913187283910015,True
L175S,-1.75272700297565,175,True,neutral,tolerant,175,-0.41286028317528634,True
L175T,-2.06396932322069,175,True,neutral,tolerant,175,-0.48617437730080804,True
L175V,-0.691550791255575,175,True,neutral,tolerant,175,-0.16289693433326796,True
L175W,-2.8710266857004703,175,True,neutral,tolerant,175,-0.6762792428311595,True
L175Y,-1.99657669487125,175,True,neutral,tolerant,175,-0.47029983461558694,True
T176A,-1.10591902722017,176,True,neutral,tolerant,176,-0.25791984549983754,True
T176C,-1.87201247247923,176,True,neutral,tolerant,176,-0.43658636463579775,True
T176D,-1.90241604877719,176,True,neutral,tolerant,176,-0.44367701549576455,True
T176E,-2.0950316055945604,176,True,neutral,tolerant,176,-0.48859836455698386,True
T176F,-1.15902338382849,176,True,neutral,tolerant,176,-0.27030471917925514,True
T176G,-2.0988989711013097,176,True,neutral,tolerant,176,-0.4895003024832165,True
T176H,-2.2988579824547903,176,True,neutral,tolerant,176,-0.5361342748132021,True
T176I,-0.6695472679557021,176,True,neutral,tolerant,176,-0.1561502457734579,True
T176K,-1.5631962904072,176,True,neutral,tolerant,176,-0.364564977890988,True
T176L,-0.649297562079127,176,True,neutral,tolerant,176,-0.1514276567931133,True
T176M,-1.1312870647421,176,True,neutral,tolerant,176,-0.2638361197995361,True
T176N,-2.02502838407976,176,True,neutral,tolerant,176,-0.47227237718070036,True
T176P,-1.36942919027668,176,True,neutral,tolerant,176,-0.319375068595155,True
T176Q,-1.3772471620820002,176,True,neutral,tolerant,176,-0.3211983576701416,True
T176R,-2.17606367131918,176,True,neutral,tolerant,176,-0.5074964731506665,True
T176S,-0.784885397880134,176,True,neutral,tolerant,176,-0.18304913431607028,True
T176T,0.0,176,True,neutral,tolerant,176,0.0,True
T176V,-1.08121805558747,176,True,neutral,tolerant,176,-0.2521591427445774,True
T176W,-2.8157140049172003,176,True,neutral,tolerant,176,-0.6566742259109293,True
T176Y,-2.12765483493271,176,True,neutral,tolerant,176,-0.4962066777006243,True
N177A,-2.23334650276733,177,True,neutral,tolerant,177,-0.41573161071157444,True
N177C,-3.39193117611306,177,True,neutral,tolerant,177,-0.631399117656395,True
N177D,-1.6388314092041298,177,True,neutral,tolerant,177,-0.3050641808554736,True
N177E,-1.28510462694089,177,True,neutral,tolerant,177,-0.23921886542416754,True
N177F,-3.26183086029234,177,True,neutral,tolerant,177,-0.6071812841123327,True
N177G,-2.9146187432869,177,True,neutral,tolerant,177,-0.5425486565812321,True
N177H,-2.3737888064903,177,True,neutral,tolerant,177,-0.441874578256668,True
N177I,-2.38917895037243,177,True,neutral,tolerant,177,-0.4447394132911209,True
N177K,-1.53543944931973,177,True,neutral,tolerant,177,-0.28581803791970095,True
N177L,-2.8199874761743504,177,True,neutral,tolerant,177,-0.5249332936934625,True
N177M,-2.56105086508382,177,True,neutral,tolerant,177,-0.4767329207251496,True
N177N,0.0,177,True,neutral,tolerant,177,0.0,True
N177P,-1.71127499063839,177,True,neutral,tolerant,177,-0.3185493640807645,True
N177Q,-1.3129849413039698,177,True,neutral,tolerant,177,-0.24440871302862402,True
N177R,-1.5259967688723002,177,True,neutral,tolerant,177,-0.2840603076494628,True
N177S,-1.60480783993119,177,True,neutral,tolerant,177,-0.29873078241574674,True
N177T,-2.28280179399882,177,True,neutral,tolerant,177,-0.4249375838359425,True
N177V,-2.83212020466956,177,True,neutral,tolerant,177,-0.5271917693726238,True
N177W,-3.34444866342308,177,True,neutral,tolerant,177,-0.622560372098203,True
N177Y,-3.47987774825409,177,True,neutral,tolerant,177,-0.6477701420574218,True
G178A,-1.81258094103582,178,True,neutral,tolerant,178,-0.6455744271082829,True
G178C,-2.07727693111302,178,True,neutral,tolerant,178,-0.7398493685927146,True
G178D,-1.33653436989927,178,True,neutral,tolerant,178,-0.47602420980172927,True
G178E,-1.6579532548446798,178,True,neutral,tolerant,178,-0.5905017527421499,True
G178F,-3.2012631045512903,178,True,neutral,tolerant,178,-1.1401717561713793,True
G178G,0.0,178,True,neutral,tolerant,178,0.0,True
G178H,-1.68509740130613,178,True,neutral,tolerant,178,-0.6001694957954228,True
G178I,-2.3871106828532995,178,True,neutral,tolerant,178,-0.850200714703767,True
G178K,-2.03576178111488,178,True,neutral,tolerant,178,-0.7250632045270989,True
G178L,-2.06631799816458,178,True,neutral,tolerant,178,-0.7359462011811317,True
G178M,-4.02818113127405,178,True,mild,tolerant,178,-1.4346894349581762,True
G178N,-2.48315575360988,178,True,neutral,tolerant,178,-0.8844084237922345,True
G178P,-1.82123539978959,178,True,neutral,tolerant,178,-0.6486568258720614,True
G178Q,-2.03247574089769,178,True,neutral,tolerant,178,-0.7238928382926096,True
G178R,-2.36918627292213,178,True,neutral,tolerant,178,-0.8438167014933246,True
G178S,-1.35846203133217,178,True,neutral,tolerant,178,-0.4838340334332628,True
G178T,-1.82750398186634,178,True,neutral,tolerant,178,-0.6508894634284657,True
G178V,-2.19666403081232,178,True,neutral,tolerant,178,-0.7823706468140615,True
G178W,-4.56205444040704,178,True,mild,tolerant,178,-1.624835401899093,True
G178Y,-3.4556118362067,178,True,neutral,tolerant,178,-1.2307613861331317,True
S179A,-1.25942637109233,179,True,neutral,tolerant,179,-0.4325254088504063,True
S179C,-1.61415977580438,179,True,neutral,tolerant,179,-0.5543516739086023,True
S179D,-1.2881487038687298,179,True,neutral,tolerant,179,-0.442389533512553,True
S179E,-1.0534179083044202,179,True,neutral,tolerant,179,-0.3617758226584779,True
S179F,-2.02955216923107,179,True,neutral,tolerant,179,-0.697010084851989,True
S179G,-1.86276646401638,179,True,neutral,tolerant,179,-0.6397307892979193,True
S179H,-0.186309745166862,179,True,neutral,tolerant,179,-0.06398444605477005,True
S179I,-1.71238325190754,179,True,neutral,tolerant,179,-0.5880846098986434,True
S179K,-1.18625163660304,179,True,neutral,tolerant,179,-0.40739497432960986,True
S179L,-0.652247414197615,179,True,neutral,tolerant,179,-0.22400164548941437,True
S179M,-1.24477965948635,179,True,neutral,tolerant,179,-0.42749528158683636,True
S179N,-0.171633567163457,179,True,neutral,tolerant,179,-0.058944199132055175,True
S179P,-1.31569345040031,179,True,neutral,tolerant,179,-0.45184923916006886,True
S179Q,-0.17275224877624806,179,True,neutral,tolerant,179,-0.05932838850036753,True
S179R,-1.93408364223392,179,True,neutral,tolerant,179,-0.6642232823682723,True
S179S,0.0,179,True,neutral,tolerant,179,0.0,True
S179T,-1.37230050397898,179,True,neutral,tolerant,179,-0.4712898269982412,True
S179V,-1.59937198130563,179,True,neutral,tolerant,179,-0.5492730944788098,True
S179W,-1.98455279297787,179,True,neutral,tolerant,179,-0.6815559272619367,True
S179Y,-2.4734354943147,179,True,neutral,tolerant,179,-0.8494531502589463,True
N180A,-1.4433547279909,180,True,neutral,tolerant,180,-0.30541407628474115,True
N180C,-1.56402497749671,180,True,neutral,tolerant,180,-0.3309479191254171,True
N180D,-0.4896035365521661,180,True,neutral,tolerant,180,-0.10360018155063339,True
N180E,-0.853337526860711,180,True,neutral,tolerant,180,-0.1805663482933578,True
N180F,-2.27506721151964,180,True,neutral,tolerant,180,-0.48140456217520594,True
N180G,-0.6849321429114671,180,True,neutral,tolerant,180,-0.14493174386605323,True
N180H,-0.8258828473856609,180,True,neutral,tolerant,180,-0.17475693401081493,True
N180I,-1.38613495302755,180,True,neutral,tolerant,180,-0.29330636334574806,True
N180K,-0.95667086711733,180,True,neutral,tolerant,180,-0.20243169854431226,True
N180L,-1.3138792848248402,180,True,neutral,tolerant,180,-0.2780170531488118,True
N180M,-1.99474082497711,180,True,neutral,tolerant,180,-0.42208745686229365,True
N180N,0.0,180,True,neutral,tolerant,180,0.0,True
N180P,-1.19164114411322,180,True,neutral,tolerant,180,-0.2521514442945212,True
N180Q,-1.29676716600737,180,True,neutral,tolerant,180,-0.2743961262480581,True
N180R,-0.942525864470246,180,True,neutral,tolerant,180,-0.19943861386892012,True
N180S,-0.233493919208427,180,True,neutral,tolerant,180,-0.04940734822160455,True
N180T,-0.89441159477034,180,True,neutral,tolerant,180,-0.18925762720532543,True
N180V,-1.4004882913889598,180,True,neutral,tolerant,180,-0.29634353188944645,True
N180W,-3.17224241142105,180,True,neutral,tolerant,180,-0.6712469686395403,True
N180Y,-3.17224241142105,180,True,neutral,tolerant,180,-0.6712469686395403,True
G181A,-0.35457607685838,181,True,neutral,tolerant,181,-0.14860538450456606,True
G181C,-1.83504911843203,181,True,neutral,tolerant,181,-0.7690822862205513,True
G181D,-1.42521378757768,181,True,neutral,tolerant,181,-0.5973173508510056,True
G181E,-1.07843771451807,181,True,neutral,tolerant,181,-0.4519810040489358,True
G181F,-2.05099827070633,181,True,neutral,tolerant,181,-0.8595881293995171,True
G181G,0.0,181,True,neutral,tolerant,181,0.0,True
G181H,-1.65176357453584,181,True,neutral,tolerant,181,-0.6922659962831438,True
G181I,-1.19687014564018,181,True,neutral,tolerant,181,-0.5016168878926762,True
G181K,-0.572071260918866,181,True,neutral,tolerant,181,-0.23975918072672092,True
G181L,-1.54241701376027,181,True,neutral,tolerant,181,-0.6464380660621333,True
G181M,-1.44300212073852,181,True,neutral,tolerant,181,-0.6047725692416072,True
G181N,-1.41930158780521,181,True,neutral,tolerant,181,-0.5948395053961172,True
G181P,-1.49250742109059,181,True,neutral,tolerant,181,-0.625520596742548,True
G181Q,-1.24024819931276,181,True,neutral,tolerant,181,-0.5197969422330262,True
G181R,-0.44336749794786295,181,True,neutral,tolerant,181,-0.1858185078168294,True
G181S,-1.05413991473826,181,True,neutral,tolerant,181,-0.44179762137155404,True
G181T,-0.84264092742897,181,True,neutral,tolerant,181,-0.35315687434231585,True
G181V,-0.845684813072541,181,True,neutral,tolerant,181,-0.3544325887121589,True
G181W,-3.60531404895443,181,True,neutral,tolerant,181,-1.5110130532539472,True
G181Y,-3.60531404895443,181,True,neutral,tolerant,181,-1.5110130532539472,True
R182A,-1.85649461961551,182,True,neutral,tolerant,182,-0.22421197864395023,True
R182C,-2.432143538316549,182,True,neutral,tolerant,182,-0.2937340670478159,True
R182D,-1.3394830507178002,182,True,neutral,tolerant,182,-0.1617716216294084,True
R182E,-1.3037570755744,182,True,neutral,tolerant,182,-0.15745693550468084,True
R182F,-3.3436703628379303,182,True,neutral,tolerant,182,-0.4038206952306128,True
R182G,-1.2093909748418,182,True,neutral,tolerant,182,-0.14606018275429986,True
R182H,-1.82314224627858,182,True,neutral,tolerant,182,-0.22018395640282273,True
R182I,-2.2265941580452595,182,True,neutral,tolerant,182,-0.268909522568819,True
R182K,-0.6746716617588289,182,True,neutral,tolerant,182,-0.0814812316823615,True
R182L,-1.68355274930074,182,True,neutral,tolerant,182,-0.2033254980024439,True
R182M,-2.40300026185563,182,True,neutral,tolerant,182,-0.29021438451793946,True
R182N,-1.87192238233016,182,True,neutral,tolerant,182,-0.2260752155032186,True
R182P,-1.782109332109,182,True,neutral,tolerant,182,-0.21522834232331936,True
R182Q,-1.89142170744952,182,True,neutral,tolerant,182,-0.22843018180424612,True
R182R,0.0,182,True,neutral,tolerant,182,0.0,True
R182S,-1.67247602959834,182,True,neutral,tolerant,182,-0.20198774392811544,True
R182T,-2.07490837080247,182,True,neutral,tolerant,182,-0.2505901748419106,True
R182V,-1.5319603427293602,182,True,neutral,tolerant,182,-0.18501742801632862,True
R182W,-4.23208142417636,182,True,mild,tolerant,182,-0.5111155938030175,True
R182Y,-3.1635582732984195,182,True,neutral,tolerant,182,-0.3820682551499011,True
N183A,-1.6155822222847802,183,True,neutral,tolerant,183,-0.564821242124776,True
N183C,-2.07387545618312,183,True,neutral,tolerant,183,-0.725044442193025,True
N183D,-0.686294297641373,183,True,neutral,tolerant,183,-0.23993430498928978,True
N183E,-1.15766869796744,183,True,neutral,tolerant,183,-0.4047307917452946,True
N183F,-2.927491752139129,183,True,neutral,tolerant,183,-1.0234759363809056,True
N183G,-1.84040489595578,183,True,neutral,tolerant,183,-0.6434211549296369,True
N183H,-0.99993300703324,183,True,neutral,tolerant,183,-0.3495850568814455,True
N183I,-2.11429569829431,183,True,neutral,tolerant,183,-0.7391757015256141,True
N183K,-1.65631841733833,183,True,neutral,tolerant,183,-0.5790629612847231,True
N183L,-1.45607343976995,183,True,neutral,tolerant,183,-0.5090556194117302,True
N183M,-2.20646704695985,183,True,neutral,tolerant,183,-0.771399586465349,True
N183N,0.0,183,True,neutral,tolerant,183,0.0,True
N183P,-1.1017299937009,183,True,neutral,tolerant,183,-0.38517414647471526,True
N183Q,-1.30991408043804,183,True,neutral,tolerant,183,-0.4579570682223875,True
N183R,-1.30710448553147,183,True,neutral,tolerant,183,-0.45697481002276946,True
N183S,-0.264203960264683,183,True,neutral,tolerant,183,-0.09236794448006662,True
N183T,-1.70312075872924,183,True,neutral,tolerant,183,-0.5954254566341564,True
N183V,-1.96542660046687,183,True,neutral,tolerant,183,-0.6871298027845545,True
N183W,-4.19622982286887,183,True,mild,tolerant,183,-1.4670375225112129,True
N183Y,-2.99116434699548,183,True,neutral,tolerant,183,-1.0457364153710813,True
T184A,-0.274386890306814,184,True,neutral,tolerant,184,-0.06085670308701632,True
T184C,-1.80044498084215,184,True,neutral,tolerant,184,-0.3993235445800689,True
T184D,-1.3414133984874,184,True,neutral,tolerant,184,-0.29751420272816853,True
T184E,-2.10347582999453,184,True,neutral,tolerant,184,-0.466533236677428,True
T184F,-2.35615304864718,184,True,neutral,tolerant,184,-0.5225749172956349,True
T184G,-2.38845443451795,184,True,neutral,tolerant,184,-0.5297390928400223,True
T184H,-2.70776986252606,184,True,neutral,tolerant,184,-0.6005605674799515,True
T184I,-1.24691037966479,184,True,neutral,tolerant,184,-0.27655422847107675,True
T184K,-1.7543816563596395,184,True,neutral,tolerant,184,-0.38910708686921225,True
T184L,-1.7797517232493505,184,True,neutral,tolerant,184,-0.39473395419614055,True
T184M,-1.26909242695307,184,True,neutral,tolerant,184,-0.281474019880118,True
T184N,-1.35469859729568,184,True,neutral,tolerant,184,-0.30046074801837336,True
T184P,-0.822326986586691,184,True,neutral,tolerant,184,-0.18238520509193706,True
T184Q,-1.7793939645043,184,True,neutral,tolerant,184,-0.3946546063173116,True
T184R,-1.3883559786498,184,True,neutral,tolerant,184,-0.3079256719491917,True
T184S,-0.30709774850902194,184,True,neutral,tolerant,184,-0.06811169614848266,True
T184T,0.0,184,True,neutral,tolerant,184,0.0,True
T184V,-1.52028795152024,184,True,neutral,tolerant,184,-0.33718707321979485,True
T184W,-3.40916403806774,184,True,neutral,tolerant,184,-0.756123892827506,True
T184Y,-2.69455106569116,184,True,neutral,tolerant,184,-0.5976287495886173,True
E185A,-1.84961587743274,185,True,neutral,tolerant,185,-0.3676902893545148,True
E185C,-3.5774250369981497,185,True,neutral,tolerant,185,-0.7111662821708062,True
E185D,-0.697805177409662,185,True,neutral,tolerant,185,-0.1387186338122075,True
E185E,0.0,185,True,neutral,tolerant,185,0.0,True
E185F,-2.2469679020974302,185,True,neutral,tolerant,185,-0.4466810045117354,True
E185G,-3.04267925152489,185,True,neutral,tolerant,185,-0.6048626788168606,True
E185H,-2.17578032165516,185,True,neutral,tolerant,185,-0.43252942721905074,True
E185I,-2.19320816225449,185,True,neutral,tolerant,185,-0.43599395616853537,True
E185K,-1.60340268281951,185,True,neutral,tolerant,185,-0.3187448829732214,True
E185L,-1.59109066916787,185,True,neutral,tolerant,185,-0.3162973435044363,True
E185M,-2.46220286735836,185,True,neutral,tolerant,185,-0.48946816244089736,True
E185N,-1.53252287188543,185,True,neutral,tolerant,185,-0.30465448803785844,True
E185P,-1.4801339757764798,185,True,neutral,tolerant,185,-0.29423995353678123,True
E185Q,-1.5010801406880805,185,True,neutral,tolerant,185,-0.2984038999708396,True
E185R,-1.9594719069721,185,True,neutral,tolerant,185,-0.38952887529092595,True
E185S,-0.8568117612189959,185,True,neutral,tolerant,185,-0.17032799526042147,True
E185T,-1.3520497950482602,185,True,neutral,tolerant,185,-0.2687777426808368,True
E185V,-2.45000632719464,185,True,neutral,tolerant,185,-0.4870435782682384,True
E185W,-3.7860039692697,185,True,neutral,tolerant,185,-0.7526302687725167,True
E185Y,-2.5588089185876,185,True,neutral,tolerant,185,-0.5086727483028979,True
S186A,-1.44234305832241,186,True,neutral,tolerant,186,-0.7021492701469891,True
S186C,-3.1933424793254,186,True,neutral,tolerant,186,-1.5545560248306074,True
S186D,-1.00788368557092,186,True,neutral,tolerant,186,-0.49064942638527864,True
S186E,-1.57058838927334,186,True,neutral,tolerant,186,-0.7645805794027004,True
S186F,-1.85934619442122,186,True,neutral,tolerant,186,-0.9051512161620648,True
S186G,-2.15248599875275,186,True,neutral,tolerant,186,-1.0478550607673929,True
S186H,-3.3263212614257203,186,True,neutral,tolerant,186,-1.6192916328109828,True
S186I,-1.89502258572468,186,True,neutral,tolerant,186,-0.9225188957655143,True
S186K,-1.06472353746603,186,True,neutral,tolerant,186,-0.5183197231937466,True
S186L,-1.5463988186944198,186,True,neutral,tolerant,186,-0.7528048168827123,True
S186M,-1.90027523844328,186,True,neutral,tolerant,186,-0.9250759478145533,True
S186N,-0.778035073581516,186,True,neutral,tolerant,186,-0.3787564656770481,True
S186P,-0.7922065095551508,186,True,neutral,tolerant,186,-0.38565528449023384,True
S186Q,-1.93873944346949,186,True,neutral,tolerant,186,-0.943800767357381,True
S186R,-2.19900141227333,186,True,neutral,tolerant,186,-1.070499301654196,True
S186S,0.0,186,True,neutral,tolerant,186,0.0,True
S186T,-1.6462886776500705,186,True,neutral,tolerant,186,-0.8014323546630604,True
S186V,-1.7150371051749,186,True,neutral,tolerant,186,-0.8348998837171102,True
S186W,-3.44761492929878,186,True,neutral,tolerant,186,-1.6783387921390673,True
S186Y,-2.24870500397033,186,True,neutral,tolerant,186,-1.0946955845234905,True
P187A,-2.49691634394193,187,True,neutral,tolerant,187,-0.41987653959864124,True
P187C,-3.6657106136112,187,True,neutral,tolerant,187,-0.6164186843293288,True
P187D,-1.94832749394062,187,True,neutral,tolerant,187,-0.3276269179564093,True
P187E,-2.706192725775,187,True,neutral,tolerant,187,-0.45506804420670943,True
P187F,-5.78630365801419,187,True,impactful,tolerant,187,-0.9730134383110356,True
P187G,-4.72864109604181,187,True,mild,tolerant,187,-0.7951589828898713,True
P187H,-4.612939230966849,187,True,mild,tolerant,187,-0.775702784907648,True
P187I,-3.4562311771097898,187,True,neutral,tolerant,187,-0.5811930344477519,True
P187K,-1.69371218173532,187,True,neutral,tolerant,187,-0.2848113080233937,True
P187L,-3.17627237946917,187,True,neutral,tolerant,187,-0.5341157138684152,True
P187M,-2.40327498430608,187,True,neutral,tolerant,187,-0.4041299928059918,True
P187N,-2.8712279357343102,187,True,neutral,tolerant,187,-0.4828200403990424,True
P187P,0.0,187,True,neutral,tolerant,187,0.0,True
P187Q,-2.37705965603238,187,True,neutral,tolerant,187,-0.39972167478335985,True
P187R,-3.1757324436764502,187,True,neutral,tolerant,187,-0.5340249193278601,True
P187S,-1.43509312589092,187,True,neutral,tolerant,187,-0.24132243643757825,True
P187T,-1.4623134520416998,187,True,neutral,tolerant,187,-0.24589975292584007,True
P187V,-2.46429988623735,187,True,neutral,tolerant,187,-0.4143918202454313,True
P187W,-5.78630365801419,187,True,impactful,tolerant,187,-0.9730134383110356,True
P187Y,-4.58130287005105,187,True,mild,tolerant,187,-0.7703828767020535,True
A188A,0.0,188,True,neutral,tolerant,188,0.0,True
A188C,-2.55505828955868,188,True,neutral,tolerant,188,-1.1757593148206307,True
A188D,-2.12830006833666,188,True,neutral,tolerant,188,-0.9793782945407606,True
A188E,-1.7339129184730602,188,True,neutral,tolerant,188,-0.7978934466245197,True
A188F,-2.6754000112215697,188,True,neutral,tolerant,188,-1.2311368773540996,True
A188G,-1.59328548462157,188,True,neutral,tolerant,188,-0.733181022666955,True
A188H,-2.63646205718515,188,True,neutral,tolerant,188,-1.2132188273646076,True
A188I,-1.73509996544964,188,True,neutral,tolerant,188,-0.798439689168397,True
A188K,-1.24482368760117,188,True,neutral,tolerant,188,-0.5728296109672095,True
A188L,-1.02521127943515,188,True,neutral,tolerant,188,-0.47177072882484256,True
A188M,-1.7476303692573898,188,True,neutral,tolerant,188,-0.8042057959752873,True
A188N,-1.97460903526191,188,True,neutral,tolerant,188,-0.9086544036297415,True
A188P,-1.3814419471752095,188,True,neutral,tolerant,188,-0.6356971361133793,True
A188Q,-1.65714206676833,188,True,neutral,tolerant,188,-0.7625658596307449,True
A188R,-2.1705861130003403,188,True,neutral,tolerant,188,-0.9988370329591435,True
A188S,-0.702498934208381,188,True,neutral,tolerant,188,-0.3232684236294798,True
A188T,-0.923978509471391,188,True,neutral,tolerant,188,-0.42518651869688406,True
A188V,-0.809600058596894,188,True,neutral,tolerant,188,-0.37255307014504224,True
A188W,-3.85682626774646,188,True,mild,tolerant,188,-1.774792938571683,True
A188Y,-2.59670564599623,188,True,neutral,tolerant,188,-1.194924148542511,True
A189A,0.0,189,True,neutral,tolerant,189,0.0,True
A189C,-2.6633021897024904,189,True,neutral,tolerant,189,-1.2228459480826435,True
A189D,-1.4518745877582402,189,True,neutral,tolerant,189,-0.6666231731528179,True
A189E,-2.38105184902511,189,True,neutral,tolerant,189,-1.0932516846990972,True
A189F,-2.54897511479609,189,True,neutral,tolerant,189,-1.1703530688119477,True
A189G,-3.19985273604268,189,True,neutral,tolerant,189,-1.4692012674566433,True
A189H,-3.38619778135004,189,True,neutral,tolerant,189,-1.554760947646309,True
A189I,-2.6870053676425,189,True,neutral,tolerant,189,-1.2337291798888925,True
A189K,-1.7050688814661,189,True,neutral,tolerant,189,-0.7828764535110974,True
A189L,-1.45895153053023,189,True,neutral,tolerant,189,-0.6698725268412581,True
A189M,-2.023795166456,189,True,neutral,tolerant,189,-0.9292185200082046,True
A189N,-2.27520782784554,189,True,neutral,tolerant,189,-1.0446537700769232,True
A189P,-0.6472747074439821,189,True,neutral,tolerant,189,-0.2971939332887606,True
A189Q,-2.43421208007207,189,True,neutral,tolerant,189,-1.1176600201055176,True
A189R,-1.76349746779733,189,True,neutral,tolerant,189,-0.8097037359440094,True
A189S,-1.29638995694308,189,True,neutral,tolerant,189,-0.5952329450680793,True
A189T,-2.02891446789626,189,True,neutral,tolerant,189,-0.9315690294800324,True
A189V,-2.5358456401774903,189,True,neutral,tolerant,189,-1.1643247161526493,True
A189W,-3.95806236735428,189,True,mild,tolerant,189,-1.8173305856509847,True
A189Y,-2.99545668935964,189,True,neutral,tolerant,189,-1.3753535326945632,True
I190A,-1.2190785932592498,190,True,neutral,tolerant,190,-0.30972950963098494,True
I190C,-1.7280361466677,190,True,neutral,tolerant,190,-0.43903960851372487,True
I190D,-1.56919820311784,190,True,neutral,tolerant,190,-0.39868388523343756,True
I190E,-1.76936337333879,190,True,neutral,tolerant,190,-0.4495395563612408,True
I190F,-2.8830809808593303,190,True,neutral,tolerant,190,-0.7325001549248588,True
I190G,-3.13291337755148,190,True,neutral,tolerant,190,-0.7959747054134486,True
I190H,-3.3909287753027004,190,True,neutral,tolerant,190,-0.8615282989755121,True
I190I,0.0,190,True,neutral,tolerant,190,0.0,True
I190K,-2.9147410468674,190,True,neutral,tolerant,190,-0.7405439814457947,True
I190L,-1.16831764795665,190,True,neutral,tolerant,190,-0.29683275073134274,True
I190M,-1.00877972470915,190,True,neutral,tolerant,190,-0.2562991846362439,True
I190N,-0.960827019599038,190,True,neutral,tolerant,190,-0.24411591120222698,True
I190P,-1.0820007272178,190,True,neutral,tolerant,190,-0.2749023373181896,True
I190Q,-1.8676397473131103,190,True,neutral,tolerant,190,-0.47450849051174343,True
I190R,-4.233727101994471,190,True,mild,tolerant,190,-1.0756568333353504,True
I190S,-1.2215250174316,190,True,neutral,tolerant,190,-0.3103510690312083,True
I190T,-0.767328626675577,190,True,neutral,tolerant,190,-0.1949540584013042,True
I190V,-1.1405138613748602,190,True,neutral,tolerant,190,-0.2897686834665418,True
I190W,-3.34520338450472,190,True,neutral,tolerant,190,-0.8499109160209976,True
I190Y,-3.34547235284024,190,True,neutral,tolerant,190,-0.849979252411389,True
H191A,-3.27339104245979,191,True,neutral,tolerant,191,-1.7439669283444623,True
H191C,-4.882356260485442,191,True,mild,tolerant,191,-2.6011764986940893,True
H191D,-1.51642405744223,191,True,neutral,tolerant,191,-0.8079063488662486,True
H191E,-1.99584612467016,191,True,neutral,tolerant,191,-1.0633283925875392,True
H191F,-3.0824202452042,191,True,neutral,tolerant,191,-1.642223277685769,True
H191G,-2.75762824112305,191,True,neutral,tolerant,191,-1.4691836052601355,True
H191H,0.0,191,True,neutral,tolerant,191,0.0,True
H191I,-2.9629212566803096,191,True,neutral,tolerant,191,-1.5785577145883412,True
H191K,-2.70010748397506,191,True,neutral,tolerant,191,-1.4385382296058884,True
H191L,-3.72586553487874,191,True,neutral,tolerant,191,-1.9850320930200296,True
H191M,-3.53985839247642,191,True,neutral,tolerant,191,-1.8859329323704843,True
H191N,-1.4072436060356102,191,True,neutral,tolerant,191,-0.7497382002995001,True
H191P,-3.5305108421713705,191,True,neutral,tolerant,191,-1.8809528311905186,True
H191Q,-1.5090010248953605,191,True,neutral,tolerant,191,-0.8039515744131368,True
H191R,-1.3944872780335,191,True,neutral,tolerant,191,-0.7429420021446725,True
H191S,-2.15047743462748,191,True,neutral,tolerant,191,-1.1457114281473553,True
H191T,-3.35309465804443,191,True,neutral,tolerant,191,-1.7864306816345796,True
H191V,-3.80694402820858,191,True,mild,tolerant,191,-2.0282283409272104,True
H191W,-4.46889518863152,191,True,mild,tolerant,191,-2.3808965424902464,True
H191Y,-3.0495397541063,191,True,neutral,tolerant,191,-1.6247055145103153,True
P192A,-2.22222959139756,192,True,neutral,tolerant,192,-0.7341457839416854,True
P192C,-5.12066906454756,192,True,impactful,tolerant,192,-1.691687312261003,True
P192D,-2.8329839423513,192,True,neutral,tolerant,192,-0.935917344140711,True
P192E,-2.7726582675049705,192,True,neutral,tolerant,192,-0.915987882296034,True
P192F,-6.36542886869526,192,True,impactful,tolerant,192,-2.102911771593489,True
P192G,-5.13961003479919,192,True,impactful,tolerant,192,-1.6979447365648772,True
P192H,-4.69488699522119,192,True,mild,tolerant,192,-1.5510240287353187,True
P192I,-4.72625418452051,192,True,mild,tolerant,192,-1.5613866347717698,True
P192K,-3.67969845850327,192,True,neutral,tolerant,192,-1.2156417680443012,True
P192L,-2.09500527735082,192,True,neutral,tolerant,192,-0.6921153861223732,True
P192M,-2.96599339502249,192,True,neutral,tolerant,192,-0.979858946431019,True
P192N,-2.98124400565615,192,True,neutral,tolerant,192,-0.9848972068981549,True
P192P,0.0,192,True,neutral,tolerant,192,0.0,True
P192Q,-2.89210502324863,192,True,neutral,tolerant,192,-0.9554488508989996,True
P192R,-5.13296238401791,192,True,impactful,tolerant,192,-1.6957485886901995,True
P192S,-2.8740705916131097,192,True,neutral,tolerant,192,-0.9494909147783329,True
P192T,-2.15955979362981,192,True,neutral,tolerant,192,-0.7134419070831577,True
P192V,-4.434612241215191,192,True,mild,tolerant,192,-1.4650384878804725,True
P192W,-6.36542886869526,192,True,impactful,tolerant,192,-2.102911771593489,True
P192Y,-6.36542886869526,192,True,impactful,tolerant,192,-2.102911771593489,True
C193A,-1.00192497120544,193,True,neutral,tolerant,193,-0.8042453302769397,True
C193C,0.0,193,True,neutral,tolerant,193,0.0,True
C193D,-2.11865178715559,193,True,neutral,tolerant,193,-1.7006421191925716,True
C193E,-2.32705747558172,193,True,neutral,tolerant,193,-1.8679293977182394,True
C193F,-4.5209186605098495,193,True,mild,tolerant,193,-3.6289421122047205,True
C193G,-2.16585674404,193,True,neutral,tolerant,193,-1.738533545428346,True
C193H,-3.50044914598033,193,True,neutral,tolerant,193,-2.809811074116182,True
C193I,-2.947435227631129,193,True,neutral,tolerant,193,-2.365906715813386,True
C193K,-3.22081845452878,193,True,neutral,tolerant,193,-2.5853514745800523,True
C193L,-2.06925583470619,193,True,neutral,tolerant,193,-1.6609919804758813,True
C193M,-3.16264852762176,193,True,neutral,tolerant,193,-2.5386584652010806,True
C193N,-1.5349926469061002,193,True,neutral,tolerant,193,-1.232138836502299,True
C193P,-2.7383688919656004,193,True,neutral,tolerant,193,-2.198089135645863,True
C193Q,-2.56733837590805,193,True,neutral,tolerant,193,-2.060802913795688,True
C193R,-4.04726989231768,193,True,mild,tolerant,193,-3.2487441722814636,True
C193S,-1.16960084506103,193,True,neutral,tolerant,193,-0.9388387803096493,True
C193T,-1.31393818611987,193,True,neutral,tolerant,193,-1.0546983864351462,True
C193V,-3.2513937487553703,193,True,neutral,tolerant,193,-2.609894268012972,True
C193W,-5.15036127036512,193,True,impactful,tolerant,193,-4.134195793071041,True
C193Y,-5.15036127036512,193,True,impactful,tolerant,193,-4.134195793071041,True
G194A,-3.0647076578525096,194,True,neutral,sensitive,194,-0.9928007003548476,True
G194C,-4.19109945764415,194,True,mild,sensitive,194,-1.3576911540468308,True
G194D,-2.68304933719886,194,True,neutral,sensitive,194,-0.8691639002606072,True
G194E,-2.5775031702295403,194,True,neutral,sensitive,194,-0.8349726101979408,True
G194F,-4.93785857349467,194,True,mild,sensitive,194,-1.599601005158784,True
G194G,0.0,194,True,neutral,sensitive,194,0.0,True
G194H,-4.033743846230951,194,True,mild,sensitive,194,-1.3067163862527449,True
G194I,-4.35048326494101,194,True,mild,sensitive,194,-1.4093229483891414,True
G194K,-4.37654195194573,194,True,mild,sensitive,194,-1.4177645635762623,True
G194L,-4.802403761659661,194,True,mild,sensitive,194,-1.555720920312302,True
G194M,-5.66623644552479,194,True,impactful,sensitive,194,-1.8355563203816359,True
G194N,-3.36901481697464,194,True,neutral,sensitive,194,-1.0913798780213866,True
G194P,-2.81211912575916,194,True,neutral,sensitive,194,-0.910975580454309,True
G194Q,-3.25777842824291,194,True,neutral,sensitive,194,-1.055345261683726,True
G194R,-3.18169082716667,194,True,neutral,sensitive,194,-1.0306969649878697,True
G194S,-2.3592546403672205,194,True,neutral,sensitive,194,-0.764271806895039,True
G194T,-3.152130740438,194,True,neutral,sensitive,194,-1.0211210843221954,True
G194V,-4.4321443896118495,194,True,mild,sensitive,194,-1.4357767674205408,True
G194W,-5.914666746033982,194,True,impactful,sensitive,194,-1.916034396554068,True
G194Y,-5.39275020835867,194,True,impactful,sensitive,194,-1.7469614662851143,True
N195A,-3.67074981070494,195,True,neutral,sensitive,195,-3.2666058215600127,True
N195C,-5.86631196306015,195,True,impactful,sensitive,195,-5.220439909507027,True
N195D,-2.97267161440595,195,True,neutral,sensitive,195,-2.645384976357144,True
N195E,-2.84417972345254,195,True,neutral,sensitive,195,-2.5310398477985028,True
N195F,-6.57846173444911,195,True,impactful,sensitive,195,-5.85418307071557,True
N195G,-4.84850872372357,195,True,mild,sensitive,195,-4.314695263788169,True
N195H,-5.05280610943847,195,True,impactful,sensitive,195,-4.496499817059432,True
N195I,-4.83783249570674,195,True,mild,sensitive,195,-4.305194472290373,True
N195K,-5.2093036933763885,195,True,impactful,sensitive,195,-4.635767254262815,True
N195L,-6.95842246220876,195,True,impactful,sensitive,195,-6.192310698385594,True
N195M,-6.95842246220876,195,True,impactful,sensitive,195,-6.192310698385594,True
N195N,0.0,195,True,neutral,sensitive,195,0.0,True
N195P,-5.20694723642423,195,True,impactful,sensitive,195,-4.633670239648599,True
N195Q,-4.25248599864798,195,True,mild,sensitive,195,-3.784293737147462,True
N195R,-5.815641998010651,195,True,impactful,sensitive,195,-5.175348630791644,True
N195S,-3.79449577493806,195,True,mild,sensitive,195,-3.3767275427352397,True
N195T,-3.80718142903996,195,True,mild,sensitive,195,-3.3880165255525148,True
N195V,-6.166905729201192,195,True,impactful,sensitive,195,-5.487938757708943,True
N195W,-7.13012418804482,195,True,impactful,sensitive,195,-6.345108324514262,True
N195Y,-7.13012418804482,195,True,impactful,sensitive,195,-6.345108324514262,True
P196A,-2.84222665646147,196,True,neutral,sensitive,196,-0.9790711987049541,True
P196C,-4.37672867308309,196,True,mild,sensitive,196,-1.5076661738500212,True
P196D,-3.11379964991848,196,True,neutral,sensitive,196,-1.0726208442391618,True
P196E,-2.64788755562595,196,True,neutral,sensitive,196,-0.9121265671155926,True
P196F,-4.97128128501364,196,True,impactful,sensitive,196,-1.712473674734107,True
P196G,-4.654515672310531,196,True,mild,sensitive,196,-1.60335637846476,True
P196H,-4.774479179351389,196,True,mild,sensitive,196,-1.6446806037415613,True
P196I,-5.68826499338841,196,True,impactful,sensitive,196,-1.9594554195624247,True
P196K,-4.25333901191056,196,True,mild,sensitive,196,-1.4651617299495514,True
P196L,-4.33944454924532,196,True,mild,sensitive,196,-1.4948227886345873,True
P196M,-4.33474976493441,196,True,mild,sensitive,196,-1.4932055607852552,True
P196N,-3.37342849884872,196,True,neutral,sensitive,196,-1.1620560508799254,True
P196P,0.0,196,True,neutral,sensitive,196,0.0,True
P196Q,-2.45646535007062,196,True,neutral,sensitive,196,-0.8461867280722374,True
P196R,-4.87135707026313,196,True,mild,sensitive,196,-1.6780524506234187,True
P196S,-2.77196175677457,196,True,neutral,sensitive,196,-0.9548668167613321,True
P196T,-1.9118274656297904,196,True,neutral,sensitive,196,-0.6585735181379219,True
P196V,-4.9790524231362685,196,True,impactful,sensitive,196,-1.715150624336183,True
P196W,-6.51608667939828,196,True,impactful,sensitive,196,-2.2446178884292447,True
P196Y,-6.51608667939828,196,True,impactful,sensitive,196,-2.2446178884292447,True
T197A,-3.56895132575661,197,True,neutral,sensitive,197,-2.6400402315872165,True
T197C,-5.03842168385593,197,True,impactful,sensitive,197,-3.7270432502357385,True
T197D,-4.690244871180799,197,True,mild,sensitive,197,-3.469488380676602,True
T197E,-5.46203082076888,197,True,impactful,sensitive,197,-4.0403972474861884,True
T197F,-6.626010169461268,197,True,impactful,sensitive,197,-4.9014211250346245,True
T197G,-5.144950790821059,197,True,impactful,sensitive,197,-3.8058454255955767,True
T197H,-5.79218641351688,197,True,impactful,sensitive,197,-4.284621381687139,True
T197I,-3.2252799760752704,197,True,neutral,sensitive,197,-2.385818162752958,True
T197K,-4.6019030115773205,197,True,mild,sensitive,197,-3.4041397552125185,True
T197L,-4.5147831233461515,197,True,mild,sensitive,197,-3.3396950517384782,True
T197M,-5.48584317478801,197,True,impactful,sensitive,197,-4.058011825798201,True
T197N,-4.69549432827449,197,True,mild,sensitive,197,-3.473371531960095,True
T197P,-6.31167173426039,197,True,impactful,sensitive,197,-4.66889732756071,True
T197Q,-5.4752237693035,197,True,impactful,sensitive,197,-4.050156392883688,True
T197R,-4.17275985789225,197,True,mild,sensitive,197,-3.086692110952865,True
T197S,-2.849109900050069,197,True,neutral,sensitive,197,-2.1075559944071296,True
T197T,0.0,197,True,neutral,sensitive,197,0.0,True
T197V,-4.3752000068945005,197,True,mild,sensitive,197,-3.2364420204003275,True
T197W,-7.061489048472589,197,True,impactful,sensitive,197,-5.223555459649755,True
T197Y,-6.685370564521482,197,True,impactful,sensitive,197,-4.945331455217862,True
V198A,-3.4625172748494,198,True,neutral,tolerant,198,-1.9603370059829264,True
V198C,-4.82407938601223,198,True,mild,tolerant,198,-2.731198313114694,True
V198D,-2.0478861108738,198,True,neutral,tolerant,198,-1.1594301511055924,True
V198E,-3.5849155118529703,198,True,neutral,tolerant,198,-2.0296339291226393,True
V198F,-2.8637342646049304,198,True,neutral,tolerant,198,-1.6213303237456105,True
V198G,-4.69702223455654,198,True,mild,tolerant,198,-2.6592637013562013,True
V198H,-2.8425811611124905,198,True,neutral,tolerant,198,-1.6093542935121092,True
V198I,-2.29101599345356,198,True,neutral,tolerant,198,-1.2970804408365275,True
V198K,-4.09784394873739,198,True,mild,tolerant,198,-2.320033230102081,True
V198L,-3.1305561755439704,198,True,neutral,tolerant,198,-1.7723940801116003,True
V198M,-2.71552882912302,198,True,neutral,tolerant,198,-1.5374224103401415,True
V198N,-2.28908787619181,198,True,neutral,tolerant,198,-1.295988818955667,True
V198P,-4.7134178745888295,198,True,mild,tolerant,198,-2.6685462485150366,True
V198Q,-3.52648397925079,198,True,neutral,tolerant,198,-1.9965523625674708,True
V198R,-5.1118157411548095,198,True,impactful,tolerant,198,-2.894102980493481,True
V198S,-4.1763288989215885,198,True,mild,tolerant,198,-2.364468229279234,True
V198T,-4.29543517595922,198,True,mild,tolerant,198,-2.4319013780515757,True
V198V,0.0,198,True,neutral,tolerant,198,0.0,True
V198W,-5.4332762224966205,198,True,impactful,tolerant,198,-3.0761008818795017,True
V198Y,-5.29810692849029,198,True,impactful,tolerant,198,-2.999573503651556,True
I199A,-3.7026916553637497,199,True,neutral,sensitive,199,-2.937395287713501,True
I199C,-5.31560522788646,199,True,impactful,sensitive,199,-4.216941403997365,True
I199D,-5.5820263415188,199,True,impactful,sensitive,199,-4.428296870931091,True
I199E,-5.88456686303878,199,True,impactful,sensitive,199,-4.668306351863111,True
I199F,-3.1977444401696005,199,True,neutral,sensitive,199,-2.53681384358846,True
I199G,-6.0610371632046105,199,True,impactful,sensitive,199,-4.8083026238663695,True
I199H,-6.359470094067402,199,True,impactful,sensitive,199,-5.04505349766517,True
I199I,0.0,199,True,neutral,sensitive,199,0.0,True
I199K,-6.1214863442834915,199,True,impactful,sensitive,199,-4.856257775462648,True
I199L,-2.06884663202705,199,True,neutral,sensitive,199,-1.6412439688611344,True
I199M,-4.12088344404384,199,True,mild,sensitive,199,-3.269152480524821,True
I199N,-6.359470094067402,199,True,impactful,sensitive,199,-5.04505349766517,True
I199P,-4.12335473181391,199,True,mild,sensitive,199,-3.271112986482662,True
I199Q,-6.359470094067402,199,True,impactful,sensitive,199,-5.04505349766517,True
I199R,-6.087083495272652,199,True,impactful,sensitive,199,-4.828965530800048,True
I199S,-5.36753894422163,199,True,impactful,sensitive,199,-4.258141122427982,True
I199T,-4.50087893940601,199,True,mild,sensitive,199,-3.570608038081785,True
I199V,-1.58411592535126,199,True,neutral,sensitive,199,-1.2567005539275937,True
I199W,-5.3807725648339915,199,True,impactful,sensitive,199,-4.26863953235359,True
I199Y,-3.37000840082353,199,True,neutral,sensitive,199,-2.6734731696586476,True
E200A,-3.77782164539968,200,True,neutral,sensitive,200,-2.0037689741187936,True
E200C,-5.220106773982581,200,True,impactful,sensitive,200,-2.7687617301973035,True
E200D,-1.19413611005009,200,True,neutral,sensitive,200,-0.6333737038928234,True
E200E,0.0,200,True,neutral,sensitive,200,0.0,True
E200F,-7.28112300738283,200,True,impactful,sensitive,200,-3.861931490784474,True
E200G,-4.85689182093978,200,True,mild,sensitive,200,-2.5761113294751223,True
E200H,-3.44168351807552,200,True,neutral,sensitive,200,-1.825480210441787,True
E200I,-5.52577373256791,200,True,impactful,sensitive,200,-2.930888486173826,True
E200K,-4.47630674451976,200,True,mild,sensitive,200,-2.3742477584217605,True
E200L,-4.84697288967202,200,True,mild,sensitive,200,-2.5708502958434902,True
E200M,-6.14004289491843,200,True,impactful,sensitive,200,-3.256698861783999,True
E200N,-3.36559235745946,200,True,neutral,sensitive,200,-1.7851212096316733,True
E200P,-5.8346362888385,200,True,impactful,sensitive,200,-3.0947101976290665,True
E200Q,-3.3932901461634,200,True,neutral,sensitive,200,-1.799812207478074,True
E200R,-5.12613980895205,200,True,impactful,sensitive,200,-2.7189213441776072,True
E200S,-3.714210156724509,200,True,neutral,sensitive,200,-1.9700292321804653,True
E200T,-4.69807273063925,200,True,mild,sensitive,200,-2.4918731638037768,True
E200V,-3.8454608443047,200,True,mild,sensitive,200,-2.0396450267548865,True
E200W,-7.28112300738283,200,True,impactful,sensitive,200,-3.861931490784474,True
E200Y,-7.28112300738283,200,True,impactful,sensitive,200,-3.861931490784474,True
D201A,-3.2455906690968104,201,True,neutral,tolerant,201,-2.059621485020912,True
D201C,-4.879254466725441,201,True,mild,tolerant,201,-3.0963292525574526,True
D201D,0.0,201,True,neutral,tolerant,201,0.0,True
D201E,-0.644693203267704,201,True,neutral,tolerant,201,-0.409116277459174,True
D201F,-5.28446603003626,201,True,impactful,tolerant,201,-3.3534727209930835,True
D201G,-3.13044377700127,201,True,neutral,tolerant,201,-1.98655034418005,True
D201H,-3.6935625594112302,201,True,neutral,tolerant,201,-2.343900257067594,True
D201I,-3.6300189240167,201,True,neutral,tolerant,201,-2.303576060322435,True
D201K,-2.8374966902524603,201,True,neutral,tolerant,201,-1.8006488626447839,True
D201L,-3.6707996589885497,201,True,neutral,tolerant,201,-2.3294551333437843,True
D201M,-4.68437205259604,201,True,mild,tolerant,201,-2.9726586951407485,True
D201N,-3.20730046225667,201,True,neutral,tolerant,201,-2.035322877859894,True
D201P,-5.50842781849092,201,True,impactful,tolerant,201,-3.495596777398906,True
D201Q,-2.79185231116423,201,True,neutral,tolerant,201,-1.7716833665532141,True
D201R,-3.31279041779383,201,True,neutral,tolerant,201,-2.10226581707493,True
D201S,-2.9051392604655897,201,True,neutral,tolerant,201,-1.843574205091546,True
D201T,-2.8675660807001297,201,True,neutral,tolerant,201,-1.8197306166063014,True
D201V,-3.63432253060364,201,True,neutral,tolerant,201,-2.306307088814086,True
D201W,-5.1364770429582185,201,True,impactful,tolerant,201,-3.2595602938239367,True
D201Y,-5.12766657603305,201,True,impactful,tolerant,201,-3.253969253910949,True
A202A,0.0,202,True,neutral,tolerant,202,0.0,True
A202C,-2.68212655617595,202,True,neutral,tolerant,202,-2.4310403772435434,True
A202D,-3.29126593372684,202,True,neutral,tolerant,202,-2.9831554214741662,True
A202E,-4.14772424115584,202,True,mild,tolerant,202,-3.7594367352664957,True
A202F,-4.50843245351466,202,True,mild,tolerant,202,-4.086377396074786,True
A202G,-5.110546234950441,202,True,impactful,tolerant,202,-4.632124542492866,True
A202H,-4.52750629554129,202,True,mild,tolerant,202,-4.103665648192917,True
A202I,-1.7207723193373798,202,True,neutral,tolerant,202,-1.5596829235069714,True
A202K,-5.02426731880752,202,True,impactful,tolerant,202,-4.553922591744017,True
A202L,-2.66144528949506,202,True,neutral,tolerant,202,-2.4122951788717453,True
A202M,-2.5081328767217403,202,True,neutral,tolerant,202,-2.2733350448220087,True
A202N,-4.41718865554334,202,True,mild,tolerant,202,-4.003675348876242,True
A202P,-3.06818760395257,202,True,neutral,tolerant,202,-2.780960478166754,True
A202Q,-4.1526803402795,202,True,mild,tolerant,202,-3.763928871200758,True
A202R,-5.1084980285291515,202,True,impactful,tolerant,202,-4.630268078076742,True
A202S,-1.99939019795218,202,True,neutral,tolerant,202,-1.8122181035397236,True
A202T,-0.5927550040274671,202,True,neutral,tolerant,202,-0.5372644871234032,True
A202V,-0.577862641215203,202,True,neutral,tolerant,202,-0.5237662667557589,True
A202W,-4.68906243515589,202,True,mild,tolerant,202,-4.250097775972394,True
A202Y,-3.51222988472375,202,True,neutral,tolerant,202,-3.1834339227073913,True
L203A,-4.9476991800441,203,True,mild,sensitive,203,-4.769341534244135,True
L203C,-5.893596883745331,203,True,impactful,sensitive,203,-5.681140946707248,True
L203D,-7.76122598611171,203,True,impactful,sensitive,203,-7.481444628144823,True
L203E,-7.76122598611171,203,True,impactful,sensitive,203,-7.481444628144823,True
L203F,-5.57613169175118,203,True,impactful,sensitive,203,-5.375119931532878,True
L203G,-8.02079574228779,203,True,impactful,sensitive,203,-7.731657257109296,True
L203H,-7.76122598611171,203,True,impactful,sensitive,203,-7.481444628144823,True
L203I,-2.99951766535214,203,True,neutral,sensitive,203,-2.8913892424509635,True
L203K,-6.24978272555325,203,True,impactful,sensitive,203,-6.024486786344386,True
L203L,0.0,203,True,neutral,sensitive,203,0.0,True
L203M,-3.07080986687019,203,True,neutral,sensitive,203,-2.960111459666422,True
L203N,-7.76122598611171,203,True,impactful,sensitive,203,-7.481444628144823,True
L203P,-6.91951421878459,203,True,impactful,sensitive,203,-6.670075394548959,True
L203Q,-7.76122598611171,203,True,impactful,sensitive,203,-7.481444628144823,True
L203R,-6.47702273223605,203,True,impactful,sensitive,203,-6.2435351081351484,True
L203S,-4.95355011059476,203,True,mild,sensitive,203,-4.77498154691948,True
L203T,-5.51228873452955,203,True,impactful,sensitive,203,-5.313578423760092,True
L203V,-3.44501238037492,203,True,neutral,sensitive,203,-3.320824495146634,True
L203W,-6.66857920236078,203,True,impactful,sensitive,203,-6.428186235027412,True
L203Y,-6.00840720646178,203,True,impactful,sensitive,203,-5.791812517626532,True
D204A,-1.69982251909129,204,True,neutral,tolerant,204,-0.9032235539863234,True
D204C,-4.10448388654349,204,True,mild,tolerant,204,-2.180972708412688,True
D204D,0.0,204,True,neutral,tolerant,204,0.0,True
D204E,-0.219368507385913,204,True,neutral,tolerant,204,-0.11656440637090901,True
D204F,-4.85402153886589,204,True,mild,tolerant,204,-2.5792496194275634,True
D204G,-3.84632672891029,204,True,mild,tolerant,204,-2.0437974311201392,True
D204H,-2.6192813183875,204,True,neutral,tolerant,204,-1.3917903514707373,True
D204I,-4.26794146359408,204,True,mild,tolerant,204,-2.2678280900842718,True
D204K,-2.52124877319083,204,True,neutral,tolerant,204,-1.3396994402818463,True
D204L,-3.2791154513616902,204,True,neutral,tolerant,204,-1.7424020911863853,True
D204M,-3.32780109358208,204,True,neutral,tolerant,204,-1.7682718618833373,True
D204N,-2.87461701171047,204,True,neutral,tolerant,204,-1.5274664057602316,True
D204P,-4.6339416270699605,204,True,mild,tolerant,204,-2.4623071987567378,True
D204Q,-1.31119433636465,204,True,neutral,tolerant,204,-0.6967207429932951,True
D204R,-2.28771909740276,204,True,neutral,tolerant,204,-1.215610306647274,True
D204S,-3.21258594778473,204,True,neutral,tolerant,204,-1.7070507448012038,True
D204T,-3.18616959237189,204,True,neutral,tolerant,204,-1.693014059117038,True
D204V,-3.45293416694865,204,True,neutral,tolerant,204,-1.8347630031513127,True
D204W,-5.3189898295792695,204,True,impactful,tolerant,204,-2.8263167733876116,True
D204Y,-4.69429192222397,204,True,mild,tolerant,204,-2.4943751396511016,True
K205A,-4.115482926860191,205,True,mild,tolerant,205,-2.710942165452601,True
K205C,-3.34757643075844,205,True,neutral,tolerant,205,-2.2051084306506876,True
K205D,-3.0182250182142503,205,True,neutral,tolerant,205,-1.9881587682696071,True
K205E,-3.77458019430016,205,True,neutral,tolerant,205,-2.486383442104896,True
K205F,-4.90312277652379,205,True,mild,tolerant,205,-3.22977461296632,True
K205G,-3.120661052276529,205,True,neutral,tolerant,205,-2.05563521488265,True
K205H,-2.95788276274375,205,True,neutral,tolerant,205,-1.9484102460133637,True
K205I,-4.468704229068111,205,True,mild,tolerant,205,-2.943615350813638,True
K205K,0.0,205,True,neutral,tolerant,205,0.0,True
K205L,-3.3518393595509903,205,True,neutral,tolerant,205,-2.2079164980433674,True
K205M,-3.44087592809452,205,True,neutral,tolerant,205,-2.266566477212644,True
K205N,-1.35820289550913,205,True,neutral,tolerant,205,-0.8946725242484761,True
K205P,-5.1996729341793095,205,True,impactful,tolerant,205,-3.425117502451541,True
K205Q,-2.11866475174811,205,True,neutral,tolerant,205,-1.3956023417047785,True
K205R,-0.31851278959744106,205,True,neutral,tolerant,205,-0.20981006771285501,True
K205S,-2.0404491702951004,205,True,neutral,tolerant,205,-1.3440803401499997,True
K205T,-4.04633949829373,205,True,mild,tolerant,205,-2.665396153162912,True
K205V,-4.38347868848024,205,True,mild,tolerant,205,-2.887475763878353,True
K205W,-4.805435167220638,205,True,mild,tolerant,205,-3.16542603861706,True
K205Y,-4.01961004610477,205,True,mild,tolerant,205,-2.6477889852348007,True
I206A,-2.49984445392088,206,True,neutral,sensitive,206,-2.457327476783423,True
I206C,-4.71016267874312,206,True,mild,sensitive,206,-4.630052942870663,True
I206D,-6.23090824095247,206,True,impactful,sensitive,206,-6.124933894104346,True
I206E,-6.23090824095247,206,True,impactful,sensitive,206,-6.124933894104346,True
I206F,-5.7431994454396,206,True,impactful,sensitive,206,-5.645519976169172,True
I206G,-5.536840253859888,206,True,impactful,sensitive,206,-5.442670510571307,True
I206H,-6.23090824095247,206,True,impactful,sensitive,206,-6.124933894104346,True
I206I,0.0,206,True,neutral,sensitive,206,0.0,True
I206K,-5.72856416870051,206,True,impactful,sensitive,206,-5.631133614007764,True
I206L,-2.64195947532208,206,True,neutral,sensitive,206,-2.5970254273519444,True
I206M,-2.7628555858474906,206,True,neutral,sensitive,206,-2.715865355078,True
I206N,-5.7572548638839685,206,True,impactful,sensitive,206,-5.659336342178211,True
I206P,-6.8506417052236115,206,True,impactful,sensitive,206,-6.7341270251597924,True
I206Q,-6.23090824095247,206,True,impactful,sensitive,206,-6.124933894104346,True
I206R,-5.838458855937329,206,True,impactful,sensitive,206,-5.739159228991928,True
I206S,-4.90022213199832,206,True,mild,sensitive,206,-4.8168798936331045,True
I206T,-3.76740495989388,206,True,neutral,sensitive,206,-3.7033295050006285,True
I206V,-0.547844557058368,206,True,neutral,sensitive,206,-0.5385268995253972,True
I206W,-6.23090824095247,206,True,impactful,sensitive,206,-6.124933894104346,True
I206Y,-6.23090824095247,206,True,impactful,sensitive,206,-6.124933894104346,True
K207A,-3.5567037804166097,207,True,neutral,tolerant,207,-1.6066868275785195,True
K207C,-3.22935242282148,207,True,neutral,tolerant,207,-1.4588108315132993,True
K207D,-3.53762664944402,207,True,neutral,tolerant,207,-1.5980690238664375,True
K207E,-3.20164913289357,207,True,neutral,tolerant,207,-1.4462962917158502,True
K207F,-4.33609272945401,207,True,mild,tolerant,207,-1.9587639290997427,True
K207G,-4.45339944115036,207,True,mild,tolerant,207,-2.0117554516175384,True
K207H,-2.89318259604206,207,True,neutral,tolerant,207,-1.3069512261422327,True
K207I,-2.18126249533143,207,True,neutral,tolerant,207,-0.9853521505042382,True
K207K,0.0,207,True,neutral,tolerant,207,0.0,True
K207L,-1.76123718090937,207,True,neutral,tolerant,207,-0.7956121042155361,True
K207M,-3.0888114121139103,207,True,neutral,tolerant,207,-1.3953235678615665,True
K207N,-3.4026776482992203,207,True,neutral,tolerant,207,-1.5371078654680197,True
K207P,-5.50504061872986,207,True,impactful,tolerant,207,-2.4868183558322468,True
K207Q,-0.803228607591577,207,True,neutral,tolerant,207,-0.36284630461985146,True
K207R,-0.251502604530254,207,True,neutral,tolerant,207,-0.11361247569318712,True
K207S,-2.64838553299468,207,True,neutral,tolerant,207,-1.1963678768080177,True
K207T,-3.57699340057896,207,True,neutral,tolerant,207,-1.6158523548374697,True
K207V,-3.1362065262997096,207,True,neutral,tolerant,207,-1.4167335897119058,True
K207W,-3.9263521389326095,207,True,mild,tolerant,207,-1.7736698503800732,True
K207Y,-4.035408350814681,207,True,mild,tolerant,207,-1.8229343351148721,True
S208A,-0.751143003235386,208,True,neutral,tolerant,208,-0.3501084766056428,True
S208C,-1.5790350230248,208,True,neutral,tolerant,208,-0.7359897436799092,True
S208D,-0.983349022436021,208,True,neutral,tolerant,208,-0.458339925598477,True
S208E,-1.79994621972426,208,True,neutral,tolerant,208,-0.8389566650363482,True
S208F,-3.86868431914052,208,True,mild,tolerant,208,-1.8031974838458005,True
S208G,-2.19440711439847,208,True,neutral,tolerant,208,-1.022815267619389,True
S208H,-2.06025090969902,208,True,neutral,tolerant,208,-0.9602849315153325,True
S208I,-1.74538229597332,208,True,neutral,tolerant,208,-0.8135243676711531,True
S208K,-1.68454815698317,208,True,neutral,tolerant,208,-0.7851695169493618,True
S208L,-2.8824332986656,208,True,neutral,tolerant,208,-1.3435049341689054,True
S208M,-3.0286436111898603,208,True,neutral,tolerant,208,-1.4116537015293362,True
S208N,-0.113329676617993,208,True,neutral,tolerant,208,-0.05282307132467805,True
S208P,-4.4094107091774015,208,True,mild,tolerant,208,-2.0552305745633563,True
S208Q,-1.4402929798773798,208,True,neutral,tolerant,208,-0.6713219438624678,True
S208R,-1.4964933895373502,208,True,neutral,tolerant,208,-0.6975170088845929,True
S208S,0.0,208,True,neutral,tolerant,208,0.0,True
S208T,-1.41509406381735,208,True,neutral,tolerant,208,-0.6595767048388862,True
S208V,-2.5194488456763904,208,True,neutral,tolerant,208,-1.1743175313438798,True
S208W,-4.11207829460441,208,True,mild,tolerant,208,-1.9166436500187018,True
S208Y,-4.11207829460441,208,True,mild,tolerant,208,-1.9166436500187018,True
N209A,-5.723086364234179,209,True,impactful,sensitive,209,-4.110024337239511,True
N209C,-5.95357087697407,209,True,impactful,sensitive,209,-4.275546381889715,True
N209D,-1.6985173373533002,209,True,neutral,sensitive,209,-1.219787217850146,True
N209E,-4.207527750889811,209,True,mild,sensitive,209,-3.0216286030276898,True
N209F,-6.132435323466389,209,True,impactful,sensitive,209,-4.403997567380199,True
N209G,-4.88288667262673,209,True,mild,sensitive,209,-3.5066364166537918,True
N209H,-3.26375595794331,209,True,neutral,sensitive,209,-2.343860561285176,True
N209I,-5.829836483441008,209,True,impactful,sensitive,209,-4.1866867462999755,True
N209K,-5.85119592617625,209,True,impactful,sensitive,209,-4.202025992274025,True
N209L,-5.71460628688156,209,True,impactful,sensitive,209,-4.103934384706425,True
N209M,-6.047228854442482,209,True,impactful,sensitive,209,-4.342806692546115,True
N209N,0.0,209,True,neutral,sensitive,209,0.0,True
N209P,-6.85490877504597,209,True,impactful,sensitive,209,-4.922840597175862,True
N209Q,-4.19965936850158,209,True,mild,sensitive,209,-3.015977938150005,True
N209R,-5.90604398493791,209,True,impactful,sensitive,209,-4.2414150285411605,True
N209S,-4.56857628205807,209,True,mild,sensitive,209,-3.2809149662913506,True
N209T,-5.20068812036465,209,True,impactful,sensitive,209,-3.7348649635398883,True
N209V,-5.85791914267406,209,True,impactful,sensitive,209,-4.206854258295523,True
N209W,-7.06220864584422,209,True,impactful,sensitive,209,-5.071712632274257,True
N209Y,-6.696475437523401,209,True,impactful,sensitive,209,-4.809061976409762,True
D210A,-4.31070180379112,210,True,mild,sensitive,210,-3.481830841461019,True
D210C,-3.85198058133782,210,True,mild,sensitive,210,-3.1113135167493158,True
D210D,0.0,210,True,neutral,sensitive,210,0.0,True
D210E,-3.23135765355886,210,True,neutral,sensitive,210,-2.6100252928786287,True
D210F,-6.9218042823522605,210,True,impactful,sensitive,210,-5.590864950958895,True
D210G,-5.31796775605797,210,True,impactful,sensitive,210,-4.295417542139762,True
D210H,-3.38642491762036,210,True,neutral,sensitive,210,-2.73527589175686,True
D210I,-6.306504870118282,210,True,impactful,sensitive,210,-5.0938766256785515,True
D210K,-4.58598000486325,210,True,mild,sensitive,210,-3.7041779612807915,True
D210L,-6.278563828450348,210,True,impactful,sensitive,210,-5.071308147261325,True
D210M,-6.901966832204679,210,True,impactful,sensitive,210,-5.574841888152962,True
D210N,-2.41153612137272,210,True,neutral,sensitive,210,-1.9478407982914345,True
D210P,-6.6467001316336916,210,True,impactful,sensitive,210,-5.3686584147184515,True
D210Q,-4.570683654938491,210,True,mild,sensitive,210,-3.691822826234575,True
D210R,-5.81037670389601,210,True,impactful,sensitive,210,-4.693145044349732,True
D210S,-4.0501353849782005,210,True,mild,sensitive,210,-3.2713666909428887,True
D210T,-5.3719345848376,210,True,impactful,sensitive,210,-4.339007513660294,True
D210V,-6.1534032898518385,210,True,impactful,sensitive,210,-4.970213744711164,True
D210W,-7.20009766566455,210,True,impactful,sensitive,210,-5.815647487328978,True
D210Y,-5.928044032245048,210,True,impactful,sensitive,210,-4.788187047143266,True
P211A,-1.68319610793399,211,True,neutral,tolerant,211,-0.6309526004591284,True
P211C,-2.31526622498434,211,True,neutral,tolerant,211,-0.867886539496649,True
P211D,-3.7566988164262,211,True,neutral,tolerant,211,-1.4082131465211283,True
P211E,-2.96050871614212,211,True,neutral,tolerant,211,-1.1097581941444468,True
P211F,-5.29419783485588,211,True,impactful,tolerant,211,-1.984550626930516,True
P211G,-3.7297933220825694,211,True,neutral,tolerant,211,-1.3981275174356445,True
P211H,-3.4060361159142403,211,True,neutral,tolerant,211,-1.2767658708714638,True
P211I,-4.066540788308109,211,True,mild,tolerant,211,-1.5243586134508447,True
P211K,-3.52693707285519,211,True,neutral,tolerant,211,-1.322086064294155,True
P211L,-2.7440804494508795,211,True,neutral,tolerant,211,-1.028629217527864,True
P211M,-4.5929426409556,211,True,mild,tolerant,211,-1.7216823930442455,True
P211N,-3.48965463559825,211,True,neutral,tolerant,211,-1.3081105978420644,True
P211P,0.0,211,True,neutral,tolerant,211,0.0,True
P211Q,-3.4412718648168497,211,True,neutral,tolerant,211,-1.2899741282423263,True
P211R,-3.6102305228611,211,True,neutral,tolerant,211,-1.3533089376329888,True
P211S,-1.66246373330248,211,True,neutral,tolerant,211,-0.623180989280975,True
P211T,-2.342064243713509,211,True,neutral,tolerant,211,-0.8779318809304973,True
P211V,-3.21716044456554,211,True,neutral,tolerant,211,-1.2059650916638638,True
P211W,-5.72940386034191,211,True,impactful,tolerant,211,-2.1476892964067296,True
P211Y,-4.61212746539837,211,True,mild,tolerant,211,-1.728873899021749,True
D212A,-1.61084324880856,212,True,neutral,tolerant,212,-0.47807430543573826,True
D212C,-2.39579484943752,212,True,neutral,tolerant,212,-0.7110362597096387,True
D212D,0.0,212,True,neutral,tolerant,212,0.0,True
D212E,-0.9508992194775758,212,True,neutral,tolerant,212,-0.2822127380968739,True
D212F,-3.66459976413183,212,True,neutral,tolerant,212,-1.0875986774213466,True
D212G,-2.4935945841765,212,True,neutral,tolerant,212,-0.7400617656312853,True
D212H,-2.3981889561513503,212,True,neutral,tolerant,212,-0.7117467949558212,True
D212I,-3.9428155400304714,212,True,mild,tolerant,212,-1.1701689796046195,True
D212K,-2.7285607883902,212,True,neutral,tolerant,212,-0.8097962385313772,True
D212L,-3.0636921041204204,212,True,neutral,tolerant,212,-0.9092582259817348,True
D212M,-3.07169189214212,212,True,neutral,tolerant,212,-0.9116324440224635,True
D212N,-1.64910488462849,212,True,neutral,tolerant,212,-0.4894297895792001,True
D212P,-4.90748005476238,212,True,mild,tolerant,212,-1.4564670524928833,True
D212Q,-2.3461790791436004,212,True,neutral,tolerant,212,-0.6963110374141305,True
D212R,-2.6172620145330296,212,True,neutral,tolerant,212,-0.7767644186774147,True
D212S,-1.87187631991488,212,True,neutral,tolerant,212,-0.5555450365309043,True
D212T,-1.9617200957924097,212,True,neutral,tolerant,212,-0.5822093322543666,True
D212V,-3.00368181825728,212,True,neutral,tolerant,212,-0.8914480661451146,True
D212W,-5.01653885308592,212,True,impactful,tolerant,212,-1.4888340809413347,True
D212Y,-4.67633079587937,212,True,mild,tolerant,212,-1.3878653921673267,True
T213A,-3.9203522674361606,213,True,mild,sensitive,213,-3.394667842495282,True
T213C,-3.4766552592608,213,True,neutral,sensitive,213,-3.010466662929015,True
T213D,-4.9933851037536785,213,True,impactful,sensitive,213,-4.323816504375804,True
T213E,-4.9667644101173405,213,True,impactful,sensitive,213,-4.300765409354873,True
T213F,-4.024207101439299,213,True,mild,sensitive,213,-3.484596665526459,True
T213G,-5.77776572388379,213,True,impactful,sensitive,213,-5.00301864892532,True
T213H,-5.0082230366596505,213,True,impactful,sensitive,213,-4.336664802245207,True
T213I,-1.94975035463048,213,True,neutral,sensitive,213,-1.6883061465510618,True
T213K,-2.6875354068362896,213,True,neutral,sensitive,213,-2.3271607750497108,True
T213L,-0.988303872474317,213,True,neutral,sensitive,213,-0.8557810996653643,True
T213M,-1.7996989760938895,213,True,neutral,sensitive,213,-1.5583753253666248,True
T213N,-5.03266294979211,213,True,impactful,sensitive,213,-4.357827540061724,True
T213P,-5.89858085585055,213,True,impactful,sensitive,213,-5.107633544576675,True
T213Q,-4.36471031006713,213,True,mild,sensitive,213,-3.7794414176668814,True
T213R,-3.59536513566401,213,True,neutral,sensitive,213,-3.113258599092473,True
T213S,-3.9703217026684894,213,True,mild,sensitive,213,-3.437936820209311,True
T213T,0.0,213,True,neutral,sensitive,213,0.0,True
T213V,-1.17275583453831,213,True,neutral,sensitive,213,-1.0154996916155947,True
T213W,-4.84341674389206,213,True,mild,sensitive,213,-4.193957569799261,True
T213Y,-4.14526913981764,213,True,mild,sensitive,213,-3.5894253596322176,True
T214A,-2.4872476721022205,214,True,neutral,tolerant,214,-1.5535700509364838,True
T214C,-2.1521051749842,214,True,neutral,tolerant,214,-1.3442353103078775,True
T214D,-3.13982562101418,214,True,neutral,tolerant,214,-1.9611794614115952,True
T214E,-2.98982978266246,214,True,neutral,tolerant,214,-1.8674899407249053,True
T214F,-4.1316774914111205,214,True,mild,tolerant,214,-2.580704158568772,True
T214G,-6.20737098214766,214,True,impactful,tolerant,214,-3.8772116508871988,True
T214H,-3.88677598583468,214,True,mild,tolerant,214,-2.427735216729845,True
T214I,-1.82901773334845,214,True,neutral,tolerant,214,-1.1424303277205374,True
T214K,-2.47288342711371,214,True,neutral,tolerant,214,-1.5445979404913657,True
T214L,-1.35492071654776,214,True,neutral,tolerant,214,-0.8463026301047397,True
T214M,-2.31273823310222,214,True,neutral,tolerant,214,-1.4445689888078446,True
T214N,-1.47134287517171,214,True,neutral,tolerant,214,-0.9190215559006072,True
T214P,-4.142077462119279,214,True,mild,tolerant,214,-2.5872001272670384,True
T214Q,-3.0005684320924,214,True,neutral,tolerant,214,-1.8741974529397063,True
T214R,-1.6460104676534,214,True,neutral,tolerant,214,-1.028121402929263,True
T214S,-1.79005200855803,214,True,neutral,tolerant,214,-1.1180917852720225,True
T214T,0.0,214,True,neutral,tolerant,214,0.0,True
T214V,-0.7822134602847021,214,True,neutral,tolerant,214,-0.4885815831563737,True
T214W,-5.37916605741315,214,True,impactful,tolerant,214,-3.3599031489887357,True
T214Y,-5.04743849816471,214,True,impactful,tolerant,214,-3.152701426820452,True
E215A,-3.9649471288601,215,True,mild,sensitive,215,-1.700967556961933,True
E215C,-5.1625366720987405,215,True,impactful,sensitive,215,-2.2147350533248495,True
E215D,-1.91729247747651,215,True,neutral,sensitive,215,-0.8225210060574762,True
E215E,0.0,215,True,neutral,sensitive,215,0.0,True
E215F,-5.93320735895094,215,True,impactful,sensitive,215,-2.54535379623203,True
E215G,-6.677701824754269,215,True,impactful,sensitive,215,-2.864742905723949,True
E215H,-3.6725859485764,215,True,neutral,sensitive,215,-1.5755442243384177,True
E215I,-5.14837583328659,215,True,impactful,sensitive,215,-2.208660034764448,True
E215K,-4.6954975124863205,215,True,mild,sensitive,215,-2.014374636776273,True
E215L,-5.25948505843883,215,True,impactful,sensitive,215,-2.2563260391576705,True
E215M,-5.678159702325339,215,True,impactful,sensitive,215,-2.435938014558281,True
E215N,-3.76104526687638,215,True,neutral,sensitive,215,-1.6134933887658618,True
E215P,-6.70483116427645,215,True,impactful,sensitive,215,-2.876381428223567,True
E215Q,-4.402875502864862,215,True,mild,sensitive,215,-1.8888394080222386,True
E215R,-5.0383046210803615,215,True,impactful,sensitive,215,-2.161439339296538,True
E215S,-4.155489745298191,215,True,mild,sensitive,215,-1.7827105911680445,True
E215T,-4.290467580755,215,True,mild,sensitive,215,-1.8406162609182952,True
E215V,-4.67910127342028,215,True,mild,sensitive,215,-2.0073406285534334,True
E215W,-5.932268484119638,215,True,impactful,sensitive,215,-2.5449510176889145,True
E215Y,-5.74578006547568,215,True,impactful,sensitive,215,-2.4649472396930894,True
V216A,-4.72715316484358,216,True,mild,sensitive,216,-4.472085560857134,True
V216C,-5.25021181232782,216,True,impactful,sensitive,216,-4.966921023835651,True
V216D,-6.10461583766596,216,True,impactful,sensitive,216,-5.775223139635476,True
V216E,-6.368802892407451,216,True,impactful,sensitive,216,-6.025155196345953,True
V216F,-5.5825661033955,216,True,impactful,sensitive,216,-5.2813421509585465,True
V216G,-6.94875673732168,216,True,impactful,sensitive,216,-6.573815907213849,True
V216H,-6.66694798273543,216,True,impactful,sensitive,216,-6.307212981867342,True
V216I,-1.67296276957111,216,True,neutral,sensitive,216,-1.5826930892132596,True
V216K,-6.10410888388539,216,True,impactful,sensitive,216,-5.774743540053434,True
V216L,-2.41539683719229,216,True,neutral,sensitive,216,-2.2850669192786905,True
V216M,-4.16634732996144,216,True,mild,sensitive,216,-3.941539672208351,True
V216N,-6.66694798273543,216,True,impactful,sensitive,216,-6.307212981867342,True
V216P,-6.55472839953745,216,True,impactful,sensitive,216,-6.201048539936952,True
V216Q,-6.1722378091074095,216,True,impactful,sensitive,216,-5.839196366551217,True
V216R,-6.455382903583501,216,True,impactful,sensitive,216,-6.107063525595546,True
V216S,-5.459105903059701,216,True,impactful,sensitive,216,-5.1645436128091005,True
V216T,-5.40611158368298,216,True,impactful,sensitive,216,-5.114408759499365,True
V216V,0.0,216,True,neutral,sensitive,216,0.0,True
V216W,-5.87336503400018,216,True,impactful,sensitive,216,-5.556450160646428,True
V216Y,-5.8817842744612,216,True,impactful,sensitive,216,-5.564415115955921,True
N217A,-5.54694764062382,217,True,impactful,sensitive,217,-3.6285588068265184,True
N217C,-4.9344693624207805,217,True,mild,sensitive,217,-3.2279036006934305,True
N217D,-4.5866767713412,217,True,mild,sensitive,217,-3.0003936346594084,True
N217E,-4.729367320830232,217,True,mild,sensitive,217,-3.093735249461655,True
N217F,-6.335150604195468,217,True,impactful,sensitive,217,-4.144165044766962,True
N217G,-6.508863381944949,217,True,impactful,sensitive,217,-4.257799978860244,True
N217H,-4.69690115710096,217,True,mild,sensitive,217,-3.0724973737945125,True
N217I,-5.17785785594761,217,True,impactful,sensitive,217,-3.3871171932644426,True
N217K,-6.149020950941559,217,True,impactful,sensitive,217,-4.0224075600595555,True
N217L,-6.1197884670677185,217,True,impactful,sensitive,217,-4.003285009482548,True
N217M,-6.34758406956677,217,True,impactful,sensitive,217,-4.1522984477113125,True
N217N,0.0,217,True,neutral,sensitive,217,0.0,True
N217P,-8.64744530607483,217,True,impactful,sensitive,217,-5.65676221497192,True
N217Q,-4.82602298114938,217,True,mild,sensitive,217,-3.1569629505692207,True
N217R,-5.9627291758165,217,True,impactful,sensitive,217,-3.900544022657685,True
N217S,-5.4823952327108385,217,True,impactful,sensitive,217,-3.586331581438798,True
N217T,-5.56815011200222,217,True,impactful,sensitive,217,-3.642428491422627,True
N217V,-6.2637532776555895,217,True,impactful,sensitive,217,-4.097460187468,True
N217W,-6.58357822861794,217,True,impactful,sensitive,217,-4.30667500571474,True
N217Y,-6.326767639728218,217,True,impactful,sensitive,217,-4.138681293789724,True
L218A,-5.7974596100267695,218,True,impactful,sensitive,218,-5.7974596100267695,True
L218C,-5.69988160705428,218,True,impactful,sensitive,218,-5.69988160705428,True
L218D,-5.9954629473870815,218,True,impactful,sensitive,218,-5.9954629473870815,True
L218E,-5.9245803122624885,218,True,impactful,sensitive,218,-5.9245803122624885,True
L218F,-4.07405763543336,218,True,mild,sensitive,218,-4.07405763543336,True
L218G,-6.0039932989245095,218,True,impactful,sensitive,218,-6.0039932989245095,True
L218H,-5.9436585321038615,218,True,impactful,sensitive,218,-5.9436585321038615,True
L218I,-3.0268715445565,218,True,neutral,sensitive,218,-3.0268715445565,True
L218K,-6.346442834372151,218,True,impactful,sensitive,218,-6.346442834372151,True
L218L,0.0,218,True,neutral,sensitive,218,0.0,True
L218M,-3.779462545391621,218,True,neutral,sensitive,218,-3.779462545391621,True
L218N,-5.93893724322891,218,True,impactful,sensitive,218,-5.93893724322891,True
L218P,-8.02963181936992,218,True,impactful,sensitive,218,-8.02963181936992,True
L218Q,-6.03301070905926,218,True,impactful,sensitive,218,-6.03301070905926,True
L218R,-6.345751904318742,218,True,impactful,sensitive,218,-6.345751904318742,True
L218S,-5.769115689358151,218,True,impactful,sensitive,218,-5.769115689358151,True
L218T,-5.57705742130492,218,True,impactful,sensitive,218,-5.57705742130492,True
L218V,-2.88164612818285,218,True,neutral,sensitive,218,-2.88164612818285,True
L218W,-4.34461365759683,218,True,mild,sensitive,218,-4.34461365759683,True
L218Y,-5.286361721478,218,True,impactful,sensitive,218,-5.286361721478,True
N219A,-5.26997342148591,219,True,impactful,sensitive,219,-4.252093263882314,True
N219C,-5.47765436323219,219,True,impactful,sensitive,219,-4.419661231082251,True
N219D,-4.838367707605871,219,True,mild,sensitive,219,-3.903850948055799,True
N219E,-4.7612905308544295,219,True,mild,sensitive,219,-3.8416610055548253,True
N219F,-5.2732357518146,219,True,impactful,sensitive,219,-4.254725484522862,True
N219G,-5.85107654577795,219,True,impactful,sensitive,219,-4.720957996738302,True
N219H,-4.39392796474345,219,True,mild,sensitive,219,-3.5452534589067852,True
N219I,-6.19123129649145,219,True,impactful,sensitive,219,-4.995412839013128,True
N219K,-5.75121863863868,219,True,impactful,sensitive,219,-4.640387356180393,True
N219L,-6.036904377858138,219,True,impactful,sensitive,219,-4.8708937193376824,True
N219M,-6.20960645844244,219,True,impactful,sensitive,219,-5.010238891462653,True
N219N,0.0,219,True,neutral,sensitive,219,0.0,True
N219P,-7.108418529547781,219,True,impactful,sensitive,219,-5.7354480049396495,True
N219Q,-4.8086941832034,219,True,mild,sensitive,219,-3.8799087792560525,True
N219R,-5.81329560611756,219,True,impactful,sensitive,219,-4.690474336540298,True
N219S,-5.19998277809941,219,True,impactful,sensitive,219,-4.195621111278057,True
N219T,-5.29059409166298,219,True,impactful,sensitive,219,-4.268731111124422,True
N219V,-6.15399948550292,219,True,impactful,sensitive,219,-4.965372244868759,True
N219W,-6.40523107885738,219,True,impactful,sensitive,219,-5.1680791810027396,True
N219Y,-6.32012020830239,219,True,impactful,sensitive,219,-5.099407229471722,True
N220A,-5.6158704806267306,220,True,impactful,sensitive,220,-3.84859436867395,True
N220C,-5.60041032486771,220,True,impactful,sensitive,220,-3.8379994184167727,True
N220D,-4.646979134481481,220,True,mild,sensitive,220,-3.1846065164798607,True
N220E,-4.78119806752684,220,True,mild,sensitive,220,-3.276587667339691,True
N220F,-6.43295692915687,220,True,impactful,sensitive,220,-4.408549288464399,True
N220G,-5.589610597615,220,True,impactful,sensitive,220,-3.830598291622382,True
N220H,-4.640566831176018,220,True,mild,sensitive,220,-3.180212121260675,True
N220I,-4.79947717459752,220,True,mild,sensitive,220,-3.289114464170083,True
N220K,-5.83202510684716,220,True,impactful,sensitive,220,-3.996726609277535,True
N220L,-5.84636163108531,220,True,impactful,sensitive,220,-4.006551527184677,True
N220M,-5.921232093665822,220,True,impactful,sensitive,220,-4.057860766181801,True
N220N,0.0,220,True,neutral,sensitive,220,0.0,True
N220P,-7.2590394862465,220,True,impactful,sensitive,220,-4.974669302849083,True
N220Q,-4.81282816168464,220,True,mild,sensitive,220,-3.298263986741336,True
N220R,-5.9215942355427895,220,True,impactful,sensitive,220,-4.058108944481704,True
N220S,-5.2809262373041115,220,True,impactful,sensitive,220,-3.619054792731428,True
N220T,-5.688244460596922,220,True,impactful,sensitive,220,-3.8981927510997343,True
N220V,-5.98803578581244,220,True,impactful,sensitive,220,-4.1036417923448925,True
N220W,-6.41464087763687,220,True,impactful,sensitive,220,-4.395997173350742,True
N220Y,-6.3063749874891695,220,True,impactful,sensitive,220,-4.321801819918123,True
I221A,-3.4430485924665803,221,True,neutral,sensitive,221,-3.1686679113347576,True
I221C,-4.8538005876531,221,True,mild,sensitive,221,-4.466995384196993,True
I221D,-5.2993067180972,221,True,impactful,sensitive,221,-4.8769985955748,True
I221E,-5.375694615534232,221,True,impactful,sensitive,221,-4.947299049641192,True
I221F,-5.1524341264734606,221,True,impactful,sensitive,221,-4.741830457329236,True
I221G,-6.074575917523769,221,True,impactful,sensitive,221,-5.59048566056835,True
I221H,-4.48006354687986,221,True,mild,sensitive,221,-4.123041897462439,True
I221I,0.0,221,True,neutral,sensitive,221,0.0,True
I221K,-4.456234948936969,221,True,mild,sensitive,221,-4.101112229133348,True
I221L,-2.69640646549976,221,True,neutral,sensitive,221,-2.4815265929847876,True
I221M,-2.78493819250368,221,True,neutral,sensitive,221,-2.5630031202421044,True
I221N,-5.29028358217191,221,True,impactful,sensitive,221,-4.8686945241978705,True
I221P,-7.3961630407496,221,True,impactful,sensitive,221,-6.806753917299192,True
I221Q,-5.1066703738078,221,True,impactful,sensitive,221,-4.699713673124905,True
I221R,-5.6490572944264015,221,True,impactful,sensitive,221,-5.198877128050357,True
I221S,-3.30967774126914,221,True,neutral,sensitive,221,-3.0459255435908337,True
I221T,-4.86231086885043,221,True,mild,sensitive,221,-4.474827470855722,True
I221V,-2.7825127164422705,221,True,neutral,sensitive,221,-2.5607709332836293,True
I221W,-5.3079325818913095,221,True,impactful,sensitive,221,-4.884937053914233,True
I221Y,-5.3749990118506386,221,True,impactful,sensitive,221,-4.946658879451311,True
E222A,-4.32784436078851,222,True,mild,sensitive,222,-2.0694067110917698,True
E222C,-4.8304283539016915,222,True,mild,sensitive,222,-2.3097228134125625,True
E222D,-1.16758246911371,222,True,neutral,sensitive,222,-0.5582924883409603,True
E222E,0.0,222,True,neutral,sensitive,222,0.0,True
E222F,-4.56293101164879,222,True,mild,sensitive,222,-2.181815996736625,True
E222G,-4.05623949396566,222,True,mild,sensitive,222,-1.9395358360527266,True
E222H,-3.74064070372765,222,True,neutral,sensitive,222,-1.7886287793091264,True
E222I,-5.238049549943031,222,True,impactful,sensitive,222,-2.504631402620127,True
E222K,-3.17890449554622,222,True,neutral,sensitive,222,-1.5200283902549088,True
E222L,-4.59754299969041,222,True,mild,sensitive,222,-2.198366102139331,True
E222M,-4.0865532258726205,222,True,mild,sensitive,222,-1.9540306826823477,True
E222N,-3.4311319627812003,222,True,neutral,sensitive,222,-1.6406337470803214,True
E222P,-4.35510368777673,222,True,mild,sensitive,222,-2.082441060182593,True
E222Q,-3.10273021867047,222,True,neutral,sensitive,222,-1.4836048161524154,True
E222R,-3.2280907420578395,222,True,neutral,sensitive,222,-1.543547338751942,True
E222S,-4.2396606202674,222,True,mild,sensitive,222,-2.0272406789449224,True
E222T,-4.69604569847954,222,True,mild,sensitive,222,-2.2454662584623595,True
E222V,-4.68982963042674,222,True,mild,sensitive,222,-2.2424939766812457,True
E222W,-5.5972621958702184,222,True,impactful,sensitive,222,-2.676392907475934,True
E222Y,-5.1722601359631115,222,True,impactful,sensitive,222,-2.4731734657214823,True
N223A,-3.50248732225015,223,True,neutral,sensitive,223,-1.2879968266414827,True
N223C,-3.0348919484366204,223,True,neutral,sensitive,223,-1.1160443533810955,True
N223D,-1.53289739658702,223,True,neutral,sensitive,223,-0.5637042480720966,True
N223E,-3.2003125256417,223,True,neutral,sensitive,223,-1.176875745160257,True
N223F,-5.32246410728711,223,True,impactful,sensitive,223,-1.9572710046798503,True
N223G,-3.93101745575925,223,True,mild,sensitive,223,-1.4455835361132467,True
N223H,-3.29638503018012,223,True,neutral,sensitive,223,-1.2122052323469479,True
N223I,-4.5089455575595485,223,True,mild,sensitive,223,-1.6581095191245157,True
N223K,-4.08212561812423,223,True,mild,sensitive,223,-1.5011517125829572,True
N223L,-4.47158450729068,223,True,mild,sensitive,223,-1.644370450354559,True
N223M,-4.63221053347779,223,True,mild,sensitive,223,-1.703438704703619,True
N223N,0.0,223,True,neutral,sensitive,223,0.0,True
N223P,-5.48253385310276,223,True,impactful,sensitive,223,-2.0161346937336666,True
N223Q,-3.90600949034886,223,True,mild,sensitive,223,-1.4363871630429657,True
N223R,-3.35586567191948,223,True,neutral,sensitive,223,-1.2340785100374083,True
N223S,-3.487867824664129,223,True,neutral,sensitive,223,-1.282620685412286,True
N223T,-3.8396626782785,223,True,mild,sensitive,223,-1.4119889352859263,True
N223V,-3.55027161198345,223,True,neutral,sensitive,223,-1.305568914097396,True
N223W,-5.25582160151787,223,True,impactful,sensitive,223,-1.9327640391856615,True
N223Y,-4.697409737409651,223,True,mild,sensitive,223,-1.727414913619584,True
I224A,-4.82882596481142,224,True,mild,sensitive,224,-4.539928600791718,True
I224C,-5.8991320767253,224,True,impactful,sensitive,224,-5.546200801216686,True
I224D,-6.1490298958146,224,True,impactful,sensitive,224,-5.781147818240377,True
I224E,-6.19646117417751,224,True,impactful,sensitive,224,-5.825741394149111,True
I224F,-5.67753502692162,224,True,impactful,sensitive,224,-5.337861384640905,True
I224G,-6.6484049355758295,224,True,impactful,sensitive,224,-6.250646417290021,True
I224H,-6.33261140837438,224,True,impactful,sensitive,224,-5.953746078256421,True
I224I,0.0,224,True,neutral,sensitive,224,0.0,True
I224K,-6.1137949877235,224,True,impactful,sensitive,224,-5.748020932294446,True
I224L,-2.59590350054533,224,True,neutral,sensitive,224,-2.440596665297572,True
I224M,-3.1559299726406698,224,True,neutral,sensitive,224,-2.9671180633337944,True
I224N,-6.191330488940929,224,True,impactful,sensitive,224,-5.820917665810804,True
I224P,-6.8149122172726715,224,True,impactful,sensitive,224,-6.407191957743164,True
I224Q,-6.23961222357742,224,True,impactful,sensitive,224,-5.866310817183283,True
I224R,-6.29857089742731,224,True,impactful,sensitive,224,-5.9217421314668,True
I224S,-5.181203938760099,224,True,impactful,sensitive,224,-4.871224624685825,True
I224T,-3.3771220047832697,224,True,neutral,sensitive,224,-3.1750766935079193,True
I224V,-2.4275523766949303,224,True,neutral,sensitive,224,-2.282317595454618,True
I224W,-6.60330652443017,224,True,impactful,sensitive,224,-6.20824613860894,True
I224Y,-5.876852770723809,224,True,impactful,sensitive,224,-5.52525441398736,True
T225A,-2.28692033813228,225,True,neutral,sensitive,225,-1.1962841182338568,True
T225C,-4.25767277983342,225,True,mild,sensitive,225,-2.2271813504929816,True
T225D,-4.29335622332734,225,True,mild,sensitive,225,-2.2458472987658165,True
T225E,-3.95137339113948,225,True,mild,sensitive,225,-2.06695666404039,True
T225F,-5.710250321244169,225,True,impactful,sensitive,225,-2.987022178491403,True
T225G,-3.63677903157162,225,True,neutral,sensitive,225,-1.9023928925080849,True
T225H,-4.63303034320401,225,True,mild,sensitive,225,-2.423530250029167,True
T225I,-5.12264738882272,225,True,impactful,sensitive,225,-2.6796480893451626,True
T225K,-2.92591111880939,225,True,neutral,sensitive,225,-1.5305391029292028,True
T225L,-4.96887965062903,225,True,impactful,sensitive,225,-2.599212448439505,True
T225M,-5.10434975163363,225,True,impactful,sensitive,225,-2.670076626620584,True
T225N,-3.10011836087202,225,True,neutral,sensitive,225,-1.6216666133570674,True
T225P,-2.65489305340823,225,True,neutral,sensitive,225,-1.3887700163598569,True
T225Q,-4.46476158931028,225,True,mild,sensitive,225,-2.335509152607615,True
T225R,-3.84748364918382,225,True,mild,sensitive,225,-2.012612117675268,True
T225S,-1.39103568728055,225,True,neutral,sensitive,225,-0.7276483893397369,True
T225T,0.0,225,True,neutral,sensitive,225,0.0,True
T225V,-5.11514434679676,225,True,impactful,sensitive,225,-2.6757232608916155,True
T225W,-5.8146443334351305,225,True,impactful,sensitive,225,-3.0416305077543067,True
T225Y,-5.564870590000041,225,True,impactful,sensitive,225,-2.910974289677535,True
T226A,-2.15951184652216,226,True,neutral,tolerant,226,-1.5936964781610659,True
T226C,-3.98342073609686,226,True,mild,tolerant,226,-2.9397215895690536,True
T226D,-3.10617052208623,226,True,neutral,tolerant,226,-2.2923203823071714,True
T226E,-3.23310398287135,226,True,neutral,tolerant,226,-2.3859959089035314,True
T226F,-5.06173801739646,226,True,impactful,tolerant,226,-3.735508126380605,True
T226G,-3.38710963187011,226,True,neutral,tolerant,226,-2.4996504187509796,True
T226H,-3.33295181259826,226,True,neutral,tolerant,226,-2.459682531574332,True
T226I,-1.11428958171948,226,True,neutral,tolerant,226,-0.8223337069893122,True
T226K,-1.91616532841374,226,True,neutral,tolerant,226,-1.4141093693861257,True
T226L,-3.2924878604233,226,True,neutral,tolerant,226,-2.429820570790201,True
T226M,-3.3908862534752,226,True,neutral,tolerant,226,-2.502437524809727,True
T226N,-2.53922576386752,226,True,neutral,tolerant,226,-1.87392125847733,True
T226P,-1.72514230796307,226,True,neutral,tolerant,226,-1.2731364381979022,True
T226Q,-1.48916799346139,226,True,neutral,tolerant,226,-1.0989899362634705,True
T226R,-2.8988278584844,226,True,neutral,tolerant,226,-2.13930373028605,True
T226S,-0.27389116260944,226,True,neutral,tolerant,226,-0.20212872735709958,True
T226T,0.0,226,True,neutral,tolerant,226,0.0,True
T226V,-2.90358132809744,226,True,neutral,tolerant,226,-2.1428117396510125,True
T226W,-5.55575998111341,226,True,impactful,tolerant,226,-4.100091013470517,True
T226Y,-4.98064714657184,226,True,impactful,tolerant,226,-3.675663937309663,True
Q227A,-2.07203298907339,227,True,neutral,tolerant,227,-0.9747962988740395,True
Q227C,-4.65249442012025,227,True,mild,tolerant,227,-2.188784814325514,True
Q227D,-1.54936052165124,227,True,neutral,tolerant,227,-0.7289029229223752,True
Q227E,-1.1188184065764,227,True,neutral,tolerant,227,-0.5263526438015588,True
Q227F,-5.43141032424829,227,True,impactful,tolerant,227,-2.555228951306987,True
Q227G,-3.56381464129008,227,True,neutral,tolerant,227,-1.6766110098257883,True
Q227H,-2.90373592819697,227,True,neutral,tolerant,227,-1.3660743099364447,True
Q227I,-4.6690991380438485,227,True,mild,tolerant,227,-2.196596571021053,True
Q227K,-3.18946646416143,227,True,neutral,tolerant,227,-1.500497396056328,True
Q227L,-3.8900438759798894,227,True,mild,tolerant,227,-1.8300868725350732,True
Q227M,-4.8223815129363485,227,True,mild,tolerant,227,-2.268708884153023,True
Q227N,-2.8330744187422097,227,True,neutral,tolerant,227,-1.3328313170629786,True
Q227P,-0.8365631790556949,227,True,neutral,tolerant,227,-0.3935645305929577,True
Q227Q,0.0,227,True,neutral,tolerant,227,0.0,True
Q227R,-3.92553974093392,227,True,mild,tolerant,227,-1.8467860457456287,True
Q227S,-3.3804927549017,227,True,neutral,tolerant,227,-1.5903664870327825,True
Q227T,-3.40736981136455,227,True,neutral,tolerant,227,-1.6030109069347702,True
Q227V,-4.7423422091331515,227,True,mild,tolerant,227,-2.2310540700051544,True
Q227W,-5.5448174723184405,227,True,impactful,tolerant,227,-2.608581802727601,True
Q227Y,-5.3548739844319,227,True,impactful,tolerant,227,-2.5192221207324668,True
T228A,-2.9823678530272204,228,True,neutral,tolerant,228,-2.544191097061652,True
T228C,-4.06481122556738,228,True,mild,tolerant,228,-3.4675992503163564,True
T228D,-3.64914956032519,228,True,neutral,tolerant,228,-3.1130076103127355,True
T228E,-4.14904218092739,228,True,mild,tolerant,228,-3.5394547883602008,True
T228F,-4.55310699657293,228,True,mild,tolerant,228,-3.884153416182976,True
T228G,-3.71190258334056,228,True,neutral,tolerant,228,-3.1665408061951124,True
T228H,-4.18695134110327,228,True,mild,tolerant,228,-3.571794242300686,True
T228I,-2.81232265272462,228,True,neutral,tolerant,228,-2.3991293521569093,True
T228K,-3.61791099064958,228,True,neutral,tolerant,228,-3.086358687453352,True
T228L,-3.67175515728403,228,True,neutral,tolerant,228,-3.1322919378540437,True
T228M,-1.20865552350316,228,True,neutral,tolerant,228,-1.03107690729359,True
T228N,-2.25046251177625,228,True,neutral,tolerant,228,-1.9198190729290565,True
T228P,-5.571493851641951,228,True,impactful,tolerant,228,-4.7529163916828905,True
T228Q,-3.5424625965902297,228,True,neutral,tolerant,228,-3.021995355392032,True
T228R,-3.7351819746112,228,True,neutral,tolerant,228,-3.1863999325452235,True
T228S,-2.42537591870984,228,True,neutral,tolerant,228,-2.0690337756778994,True
T228T,0.0,228,True,neutral,tolerant,228,0.0,True
T228V,-2.55352879866618,228,True,neutral,tolerant,228,-2.178358122074935,True
T228W,-5.24745823671324,228,True,impactful,tolerant,228,-4.476488879296812,True
T228Y,-5.05213266874133,228,True,impactful,tolerant,228,-4.309861019974152,True
L229A,-4.3552832056467095,229,True,mild,sensitive,229,-4.233299880994548,True
L229C,-4.6956454613673095,229,True,mild,sensitive,229,-4.5641292274694125,True
L229D,-6.262799253035508,229,True,impactful,sensitive,229,-6.087389976889273,True
L229E,-6.17376363460258,229,True,impactful,sensitive,229,-6.000848079354869,True
L229F,-2.6663690684318,229,True,neutral,sensitive,229,-2.5916890652358426,True
L229G,-5.20477355691581,229,True,impactful,sensitive,229,-5.058997598716101,True
L229H,-6.32652008142071,229,True,impactful,sensitive,229,-6.149326104227723,True
L229I,-3.60028004610135,229,True,neutral,sensitive,229,-3.4994429457417495,True
L229K,-6.22226078092914,229,True,impactful,sensitive,229,-6.047986911453462,True
L229L,0.0,229,True,neutral,sensitive,229,0.0,True
L229M,-2.93106775351331,229,True,neutral,sensitive,229,-2.8489740359587925,True
L229N,-6.33572243256364,229,True,impactful,sensitive,229,-6.158270714752184,True
L229P,-7.51307933862455,229,True,impactful,sensitive,229,-7.302652059196966,True
L229Q,-5.876073888489421,229,True,impactful,sensitive,229,-5.711496065423777,True
L229R,-6.2294019859380185,229,True,impactful,sensitive,229,-6.054928104686326,True
L229S,-4.61014366790364,229,True,mild,sensitive,229,-4.481022179086131,True
L229T,-4.56957641482543,229,True,mild,sensitive,229,-4.4415911387795886,True
L229V,-3.84105968696894,229,True,mild,sensitive,229,-3.7334787998761367,True
L229W,-4.79684604768363,229,True,mild,sensitive,229,-4.6624953749231555,True
L229Y,-4.6852359734457405,229,True,mild,sensitive,229,-4.554011289806378,True
T230A,-0.248888371700649,230,True,neutral,tolerant,230,-0.21251100271315404,True
T230C,-2.89408190175276,230,True,neutral,tolerant,230,-2.471084698224441,True
T230D,-3.0202425357498,230,True,neutral,tolerant,230,-2.5788057727384595,True
T230E,-2.89233203465385,230,True,neutral,tolerant,230,-2.46959059060799,True
T230F,-3.78142163146356,230,True,neutral,tolerant,230,-3.2287314071468796,True
T230G,-3.5798027268713097,230,True,neutral,tolerant,230,-3.0565809957473453,True
T230H,-2.84006308132273,230,True,neutral,tolerant,230,-2.4249612348559935,True
T230I,-0.857768827509197,230,True,neutral,tolerant,230,-0.7323978713208424,True
T230K,-2.4847094887268,230,True,neutral,tolerant,230,-2.1215459014505806,True
T230L,-1.84682334389714,230,True,neutral,tolerant,230,-1.576892797216279,True
T230M,-2.26432194729216,230,True,neutral,tolerant,230,-1.9333700654493202,True
T230N,-3.069065448654729,230,True,neutral,tolerant,230,-2.62049275918105,True
T230P,-4.34677760308399,230,True,mild,tolerant,230,-3.711455302996184,True
T230Q,-2.90053378951938,230,True,neutral,tolerant,230,-2.4765935821040235,True
T230R,-2.5045109122993,230,True,neutral,tolerant,230,-2.138453161318876,True
T230S,-0.23898516904273606,230,True,neutral,tolerant,230,-0.20405524597159003,True
T230T,0.0,230,True,neutral,tolerant,230,0.0,True
T230V,-1.40819536781091,230,True,neutral,tolerant,230,-1.2023744122101745,True
T230W,-4.43319217499324,230,True,mild,tolerant,230,-3.785239575037427,True
T230Y,-3.87857466610936,230,True,mild,tolerant,230,-3.3116846149168144,True
R231A,-1.30961659170284,231,True,neutral,tolerant,231,-0.7735074659468893,True
R231C,-1.06761227580572,231,True,neutral,tolerant,231,-0.6305708642546387,True
R231D,-1.96865588302788,231,True,neutral,tolerant,231,-1.1627601796204619,True
R231E,-2.18860929674326,231,True,neutral,tolerant,231,-1.2926727118434473,True
R231F,-4.11350302362384,231,True,mild,tolerant,231,-2.4295853611864744,True
R231G,-3.27992574296694,231,True,neutral,tolerant,231,-1.937244126265619,True
R231H,-0.700108912519109,231,True,neutral,tolerant,231,-0.4135099343124137,True
R231I,-3.37389119312056,231,True,neutral,tolerant,231,-1.9927435584623192,True
R231K,-2.45971384118542,231,True,neutral,tolerant,231,-1.4527969730254737,True
R231L,-1.6194710117538702,231,True,neutral,tolerant,231,-0.956518821166875,True
R231M,-3.58572739840681,231,True,neutral,tolerant,231,-2.117861770452682,True
R231N,-1.9287160952232,231,True,neutral,tolerant,231,-1.139170279911659,True
R231P,-4.544869779929,231,True,mild,tolerant,231,-2.6843663472226105,True
R231Q,-0.701879934971325,231,True,neutral,tolerant,231,-0.41455596495819785,True
R231R,0.0,231,True,neutral,tolerant,231,0.0,True
R231S,-0.6301323912407929,231,True,neutral,tolerant,231,-0.3721792410448602,True
R231T,-2.6521118123453,231,True,neutral,tolerant,231,-1.566434252873689,True
R231V,-3.3048040358035897,231,True,neutral,tolerant,231,-1.9519381560840257,True
R231W,-4.241787336691839,231,True,mild,tolerant,231,-2.5053547692335596,True
R231Y,-4.14776957257222,231,True,mild,tolerant,231,-2.449824438494851,True
F232A,-5.131349963589571,232,True,impactful,sensitive,232,-5.131349963589571,True
F232C,-4.009221504860919,232,True,mild,sensitive,232,-4.009221504860919,True
F232D,-6.57110837439919,232,True,impactful,sensitive,232,-6.57110837439919,True
F232E,-6.57110837439919,232,True,impactful,sensitive,232,-6.57110837439919,True
F232F,0.0,232,True,neutral,sensitive,232,0.0,True
F232G,-6.030783459999,232,True,impactful,sensitive,232,-6.030783459999,True
F232H,-6.26961287356983,232,True,impactful,sensitive,232,-6.26961287356983,True
F232I,-1.13968214802493,232,True,neutral,sensitive,232,-1.13968214802493,True
F232K,-6.249953434620808,232,True,impactful,sensitive,232,-6.249953434620808,True
F232L,-2.56250281215586,232,True,neutral,sensitive,232,-2.56250281215586,True
F232M,-3.00422728961896,232,True,neutral,sensitive,232,-3.00422728961896,True
F232N,-6.21758960205604,232,True,impactful,sensitive,232,-6.21758960205604,True
F232P,-6.82714654761209,232,True,impactful,sensitive,232,-6.82714654761209,True
F232Q,-5.8767000932768285,232,True,impactful,sensitive,232,-5.8767000932768285,True
F232R,-6.468798317851441,232,True,impactful,sensitive,232,-6.468798317851441,True
F232S,-5.25338425519768,232,True,impactful,sensitive,232,-5.25338425519768,True
F232T,-5.13794529638312,232,True,impactful,sensitive,232,-5.13794529638312,True
F232V,-2.67039605935053,232,True,neutral,sensitive,232,-2.67039605935053,True
F232W,-4.49734706433574,232,True,mild,sensitive,232,-4.49734706433574,True
F232Y,-2.6530801492728,232,True,neutral,sensitive,232,-2.6530801492728,True
A233A,0.0,233,True,neutral,sensitive,233,0.0,True
A233C,-2.90588101753077,233,True,neutral,sensitive,233,-2.90588101753077,True
A233D,-5.87944391903216,233,True,impactful,sensitive,233,-5.87944391903216,True
A233E,-5.75068423998226,233,True,impactful,sensitive,233,-5.75068423998226,True
A233F,-3.8572272810694894,233,True,mild,sensitive,233,-3.8572272810694894,True
A233G,-4.32859380312826,233,True,mild,sensitive,233,-4.32859380312826,True
A233H,-6.222312086117902,233,True,impactful,sensitive,233,-6.222312086117902,True
A233I,-3.71064155821005,233,True,neutral,sensitive,233,-3.71064155821005,True
A233K,-5.8213311087889315,233,True,impactful,sensitive,233,-5.8213311087889315,True
A233L,-3.94912027156308,233,True,mild,sensitive,233,-3.94912027156308,True
A233M,-4.06490357083863,233,True,mild,sensitive,233,-4.06490357083863,True
A233N,-5.80021228571836,233,True,impactful,sensitive,233,-5.80021228571836,True
A233P,-4.47289123646452,233,True,mild,sensitive,233,-4.47289123646452,True
A233Q,-5.7604022252660405,233,True,impactful,sensitive,233,-5.7604022252660405,True
A233R,-5.6541064522990405,233,True,impactful,sensitive,233,-5.6541064522990405,True
A233S,-0.910241053489856,233,True,neutral,sensitive,233,-0.910241053489856,True
A233T,-1.56756903930972,233,True,neutral,sensitive,233,-1.56756903930972,True
A233V,-3.0266072772114,233,True,neutral,sensitive,233,-3.0266072772114,True
A233W,-5.02893648033454,233,True,impactful,sensitive,233,-5.02893648033454,True
A233Y,-4.91019804508456,233,True,mild,sensitive,233,-4.91019804508456,True
E234A,-2.85061870457985,234,True,neutral,tolerant,234,-1.4263138866312195,True
E234C,-4.84237628480819,234,True,mild,tolerant,234,-2.422894555564068,True
E234D,-1.60422001169249,234,True,neutral,tolerant,234,-0.8026753196464204,True
E234E,0.0,234,True,neutral,tolerant,234,0.0,True
E234F,-5.64625009564485,234,True,impactful,tolerant,234,-2.825114739432706,True
E234G,-4.030708764300741,234,True,mild,tolerant,234,-2.016774770421517,True
E234H,-3.0476107061484106,234,True,neutral,tolerant,234,-1.5248793057597414,True
E234I,-5.19541495990146,234,True,impactful,tolerant,234,-2.5995383010058615,True
E234K,-3.1050081072902103,234,True,neutral,tolerant,234,-1.5535982326977997,True
E234L,-2.23752416356357,234,True,neutral,tolerant,234,-1.119550566701976,True
E234M,-4.494138182256,234,True,mild,tolerant,234,-2.2486527880746823,True
E234N,-2.29026115025509,234,True,neutral,tolerant,234,-1.145937644123573,True
E234P,-5.610458635853652,234,True,impactful,tolerant,234,-2.807206396924123,True
E234Q,-0.9204233570060808,234,True,neutral,tolerant,234,-0.4605360280448282,True
E234R,-3.032815233462069,234,True,neutral,tolerant,234,-1.5174763556149544,True
E234S,-3.65817564875062,234,True,neutral,tolerant,234,-1.8303769350724906,True
E234T,-3.74910396902579,234,True,neutral,tolerant,234,-1.8758731375944766,True
E234V,-5.1821774538483085,234,True,impactful,tolerant,234,-2.5929148831921633,True
E234W,-5.71299781157084,234,True,impactful,tolerant,234,-2.8585121187360834,True
E234Y,-5.429221644339781,234,True,impactful,tolerant,234,-2.7165240347575565,True
A235A,0.0,235,True,neutral,sensitive,235,0.0,True
A235C,-4.46236254195429,235,True,mild,sensitive,235,-3.8261819694530494,True
A235D,-6.32275628051748,235,True,impactful,sensitive,235,-5.421347066786538,True
A235E,-5.53460452127154,235,True,impactful,sensitive,235,-4.745558844277205,True
A235F,-5.35671887752283,235,True,impactful,sensitive,235,-4.593033621071611,True
A235G,-3.85045016863288,235,True,mild,sensitive,235,-3.301507412494655,True
A235H,-6.14025333014605,235,True,impactful,sensitive,235,-5.264862807267513,True
A235I,-5.535187010328269,235,True,impactful,sensitive,235,-4.746058290278132,True
A235K,-6.5320687794597605,235,True,impactful,sensitive,235,-5.600818748413593,True
A235L,-4.72985450532257,235,True,mild,sensitive,235,-4.055538709877165,True
A235M,-5.5238549563433805,235,True,impactful,sensitive,235,-4.736341800363607,True
A235N,-5.99052623382661,235,True,impactful,sensitive,235,-5.136481683840211,True
A235P,-7.15464725529878,235,True,impactful,sensitive,235,-6.13463878576573,True
A235Q,-6.29913243408812,235,True,impactful,sensitive,235,-5.401091174440875,True
A235R,-6.42596383780907,235,True,impactful,sensitive,235,-5.509840749473161,True
A235S,-2.604227785521509,235,True,neutral,sensitive,235,-2.232953800510167,True
A235T,-3.39532693738694,235,True,neutral,sensitive,235,-2.9112692180628352,True
A235V,-3.73797955127527,235,True,neutral,sensitive,235,-3.2050712659061538,True
A235W,-6.226580948541678,235,True,impactful,sensitive,235,-5.338883054135783,True
A235Y,-6.15499540110461,235,True,impactful,sensitive,235,-5.277503162138665,True
L236A,-5.33232319729224,236,True,impactful,sensitive,236,-5.33232319729224,True
L236C,-6.359280843426862,236,True,impactful,sensitive,236,-6.359280843426862,True
L236D,-7.377654899157799,236,True,impactful,sensitive,236,-7.377654899157799,True
L236E,-7.0451148706864295,236,True,impactful,sensitive,236,-7.0451148706864295,True
L236F,-5.12661131958521,236,True,impactful,sensitive,236,-5.12661131958521,True
L236G,-8.1585485139431,236,True,impactful,sensitive,236,-8.1585485139431,True
L236H,-7.377654899157799,236,True,impactful,sensitive,236,-7.377654899157799,True
L236I,-3.1765197884794403,236,True,neutral,sensitive,236,-3.1765197884794403,True
L236K,-7.66585949800109,236,True,impactful,sensitive,236,-7.66585949800109,True
L236L,0.0,236,True,neutral,sensitive,236,0.0,True
L236M,-2.13598607463382,236,True,neutral,sensitive,236,-2.13598607463382,True
L236N,-6.8802175005335,236,True,impactful,sensitive,236,-6.8802175005335,True
L236P,-5.94572643830436,236,True,impactful,sensitive,236,-5.94572643830436,True
L236Q,-7.08904934822057,236,True,impactful,sensitive,236,-7.08904934822057,True
L236R,-7.3474748820265,236,True,impactful,sensitive,236,-7.3474748820265,True
L236S,-5.4619620024777005,236,True,impactful,sensitive,236,-5.4619620024777005,True
L236T,-6.268428024832518,236,True,impactful,sensitive,236,-6.268428024832518,True
L236V,-3.3931714546929004,236,True,neutral,sensitive,236,-3.3931714546929004,True
L236W,-5.8810724648051,236,True,impactful,sensitive,236,-5.8810724648051,True
L236Y,-6.02902946848952,236,True,impactful,sensitive,236,-6.02902946848952,True
K237A,-2.77094741811482,237,True,neutral,tolerant,237,-2.116819226582715,True
K237C,-2.3571550796567102,237,True,neutral,tolerant,237,-1.800709446897082,True
K237D,-4.21570552666212,237,True,mild,tolerant,237,-3.2205181715503794,True
K237E,-2.51473153876866,237,True,neutral,tolerant,237,-1.9210873638955699,True
K237F,-5.1939830394724105,237,True,impactful,tolerant,237,-3.967857018369497,True
K237G,-4.17619857459703,237,True,mild,tolerant,237,-3.1903374921306447,True
K237H,-2.35599338593626,237,True,neutral,tolerant,237,-1.7998219902868362,True
K237I,-2.96522022185265,237,True,neutral,tolerant,237,-2.265230706160393,True
K237K,0.0,237,True,neutral,tolerant,237,0.0,True
K237L,-4.27519961482255,237,True,mild,tolerant,237,-3.265967691401494,True
K237M,-3.46395046762159,237,True,neutral,tolerant,237,-2.646227388457693,True
K237N,-3.0045274603266,237,True,neutral,tolerant,237,-2.295258817701441,True
K237P,-4.39400058676462,237,True,mild,tolerant,237,-3.3567237194299073,True
K237Q,-1.68722024041149,237,True,neutral,tolerant,237,-1.2889238608549294,True
K237R,-0.301864779113246,237,True,neutral,tolerant,237,-0.23060458097389466,True
K237S,-2.70149216916991,237,True,neutral,tolerant,237,-2.0637600435060106,True
K237T,-1.97531038794376,237,True,neutral,tolerant,237,-1.5090055409686045,True
K237V,-3.85700273888507,237,True,mild,tolerant,237,-2.94649313851245,True
K237W,-5.25650120934006,237,True,impactful,tolerant,237,-4.015616735180234,True
K237Y,-5.18782107156403,237,True,impactful,tolerant,237,-3.963149685398552,True
D238A,-0.292359272076138,238,True,neutral,tolerant,238,-0.09851475126462853,True
D238C,-1.87289267557982,238,True,neutral,tolerant,238,-0.6310986984262295,True
D238D,0.0,238,True,neutral,tolerant,238,0.0,True
D238E,-0.212177379410013,238,True,neutral,tolerant,238,-0.07149628471887343,True
D238F,-2.44771850409181,238,True,neutral,tolerant,238,-0.8247947051039144,True
D238G,-0.848030878300577,238,True,neutral,tolerant,238,-0.2857564613813544,True
D238H,-1.35225054173917,238,True,neutral,tolerant,238,-0.4556606835859148,True
D238I,-2.4280866040081,238,True,neutral,tolerant,238,-0.8181794479928107,True
D238K,-1.98167947269761,238,True,neutral,tolerant,238,-0.6677560077115792,True
D238L,-1.67938808985936,238,True,neutral,tolerant,238,-0.5658944858303944,True
D238M,-2.65469689353641,238,True,neutral,tolerant,238,-0.8945391137846761,True
D238N,-0.203234671247738,238,True,neutral,tolerant,238,-0.06848290784191483,True
D238P,-3.72716432761602,238,True,neutral,tolerant,238,-1.2559227694405573,True
D238Q,-2.60892319428058,238,True,neutral,tolerant,238,-0.8791149934390909,True
D238R,-2.3729597845733,238,True,neutral,tolerant,238,-0.7996036564125968,True
D238S,-1.16790661480498,238,True,neutral,tolerant,238,-0.3935432895313247,True
D238T,-1.31715735960457,238,True,neutral,tolerant,238,-0.44383552037311935,True
D238V,-2.68031014099579,238,True,neutral,tolerant,238,-0.9031698737555214,True
D238W,-3.7525971748648,238,True,neutral,tolerant,238,-1.2644927409104971,True
D238Y,-1.73197676273346,238,True,neutral,tolerant,238,-0.5836150116435099,True
N239A,-6.15647367580846,239,True,impactful,sensitive,239,-5.977339479153383,True
N239C,-6.23534768659264,239,True,impactful,sensitive,239,-6.0539185020430635,True
N239D,-3.99751428190987,239,True,mild,sensitive,239,-3.8811990749885825,True
N239E,-5.05960123760052,239,True,impactful,sensitive,239,-4.91238261037662,True
N239F,-7.39760477831625,239,True,impactful,sensitive,239,-7.182357534696481,True
N239G,-7.03826543275705,239,True,impactful,sensitive,239,-6.833473844173418,True
N239H,-4.7286836428080585,239,True,mild,sensitive,239,-4.591093686252419,True
N239I,-6.7928434809052005,239,True,impactful,sensitive,239,-6.595192906236605,True
N239K,-6.7959529846440985,239,True,impactful,sensitive,239,-6.598211933107803,True
N239L,-6.8479393862931,239,True,impactful,sensitive,239,-6.648685692490019,True
N239M,-6.7189248461181785,239,True,impactful,sensitive,239,-6.523425073346527,True
N239N,0.0,239,True,neutral,sensitive,239,0.0,True
N239P,-8.27258803235666,239,True,impactful,sensitive,239,-8.031881503023534,True
N239Q,-5.011955237867441,239,True,impactful,sensitive,239,-4.866122960741902,True
N239R,-6.31272268118974,239,True,impactful,sensitive,239,-6.1290421254448635,True
N239S,-5.16314267960283,239,True,impactful,sensitive,239,-5.0129113191146795,True
N239T,-5.97863197638416,239,True,impactful,sensitive,239,-5.804672418919588,True
N239V,-6.87006686833516,239,True,impactful,sensitive,239,-6.670169333767327,True
N239W,-7.906348528516999,239,True,impactful,sensitive,239,-7.676298427320887,True
N239Y,-7.44073096937593,239,True,impactful,sensitive,239,-7.2242288880037275,True
T240A,-2.16976174210213,240,True,neutral,sensitive,240,-1.2333674575448503,True
T240C,-3.21023211588575,240,True,neutral,sensitive,240,-1.8248067269648012,True
T240D,-3.8368099542524905,240,True,mild,sensitive,240,-2.1809751948960416,True
T240E,-4.13010996491596,240,True,mild,sensitive,240,-2.3476970433969786,True
T240F,-5.70605901292558,240,True,impactful,sensitive,240,-3.2435208718145243,True
T240G,-3.95297404395226,240,True,mild,sensitive,240,-2.2470068725641203,True
T240H,-4.53379640208827,240,True,mild,sensitive,240,-2.5771663464081827,True
T240I,-4.61596519319763,240,True,mild,sensitive,240,-2.6238739231036314,True
T240K,-2.97684725089426,240,True,neutral,sensitive,240,-1.692142715069594,True
T240L,-5.1429228684995305,240,True,impactful,sensitive,240,-2.923414852234023,True
T240M,-3.60353860942349,240,True,neutral,sensitive,240,-2.048375711779028,True
T240N,-3.7708815403752713,240,True,neutral,sensitive,240,-2.1434992091111087,True
T240P,-4.89155412625244,240,True,mild,sensitive,240,-2.7805281838428777,True
T240Q,-4.74897451307566,240,True,mild,sensitive,240,-2.6994810109716285,True
T240R,-3.54710460300125,240,True,neutral,sensitive,240,-2.016296674864757,True
T240S,-1.77614964066239,240,True,neutral,sensitive,240,-1.0096247546519135,True
T240T,0.0,240,True,neutral,sensitive,240,0.0,True
T240V,-3.96181530997613,240,True,mild,sensitive,240,-2.252032553303967,True
T240W,-5.747699027336942,240,True,impactful,sensitive,240,-3.2671904930960367,True
T240Y,-5.643897018830451,240,True,impactful,sensitive,240,-3.2081858490213078,True
V241A,0.0849254937517469,241,True,neutral,tolerant,241,0.07385950779729855,True
V241C,-2.20333512075153,241,True,neutral,tolerant,241,-1.9162355182405035,True
V241D,-3.7732360900122304,241,True,neutral,tolerant,241,-3.281574802802651,True
V241E,-3.69492799359042,241,True,neutral,tolerant,241,-3.2134704303374706,True
V241F,-3.07597116379202,241,True,neutral,tolerant,241,-2.6751650902434574,True
V241G,-4.29227787383536,241,True,mild,tolerant,241,-3.7329842557929624,True
V241H,-1.41660016189919,241,True,neutral,tolerant,241,-1.2320139228074303,True
V241I,-2.45281573958388,241,True,neutral,tolerant,241,-2.133208242188238,True
V241K,-3.5908135449516405,241,True,neutral,tolerant,241,-3.122922332336107,True
V241L,-1.77918478704873,241,True,neutral,tolerant,241,-1.5473529425215449,True
V241M,-3.34433368475827,241,True,neutral,tolerant,241,-2.9085593613177037,True
V241N,-1.15713215885752,241,True,neutral,tolerant,241,-1.0063551936415311,True
V241P,-4.9290379529103,241,True,mild,tolerant,241,-4.286773041088975,True
V241Q,-1.89090878225784,241,True,neutral,tolerant,241,-1.6445190457815906,True
V241R,-3.2985324002489502,241,True,neutral,tolerant,241,-2.8687260888703148,True
V241S,-1.3141514206453302,241,True,neutral,tolerant,241,-1.1429144867113377,True
V241T,-1.9085411884894,241,True,neutral,tolerant,241,-1.6598539091778748,True
V241V,0.0,241,True,neutral,tolerant,241,0.0,True
V241W,-4.64876603673765,241,True,mild,tolerant,241,-4.043021196225643,True
V241Y,-1.94241340547193,241,True,neutral,tolerant,241,-1.689312498864102,True
V242A,-5.701383566550831,242,True,impactful,sensitive,242,-5.661813729393169,True
V242C,-5.118600367971919,242,True,impactful,sensitive,242,-5.083075274690338,True
V242D,-6.89910474050568,242,True,impactful,sensitive,242,-6.851222248838729,True
V242E,-6.77020456182333,242,True,impactful,sensitive,242,-6.72321668793126,True
V242F,-6.544762717463748,242,True,impactful,sensitive,242,-6.4993394983551545,True
V242G,-8.02034683535657,242,True,impactful,sensitive,242,-7.964682483972644,True
V242H,-7.14663346823482,242,True,impactful,sensitive,242,-7.097033030154731,True
V242I,-2.59837375803093,242,True,neutral,sensitive,242,-2.5803400254676205,True
V242K,-7.099752839876549,242,True,impactful,sensitive,242,-7.050477771736638,True
V242L,-3.38262061518385,242,True,neutral,sensitive,242,-3.359143901970894,True
V242M,-4.203819393427549,242,True,mild,sensitive,242,-4.174643238745716,True
V242N,-6.96149217601078,242,True,impactful,sensitive,242,-6.913176691082667,True
V242P,-6.82914716309053,242,True,impactful,sensitive,242,-6.781750204437444,True
V242Q,-6.96684013011606,242,True,impactful,sensitive,242,-6.91848752828981,True
V242R,-7.20038629310992,242,True,impactful,sensitive,242,-7.1504127893516065,True
V242S,-6.1584255978497096,242,True,impactful,sensitive,242,-6.115683709813239,True
V242T,-5.88239334615784,242,True,impactful,sensitive,242,-5.841567230165508,True
V242V,0.0,242,True,neutral,sensitive,242,0.0,True
V242W,-6.765027774701362,242,True,impactful,sensitive,242,-6.7180758297414584,True
V242Y,-6.588640472139518,242,True,impactful,sensitive,242,-6.542912724211368,True
K243A,-3.84438776850292,243,True,mild,sensitive,243,-2.0899619593018626,True
K243C,-3.8657188150499,243,True,mild,sensitive,243,-2.1015583638582753,True
K243D,-4.28469993760556,243,True,mild,sensitive,243,-2.3293331515581954,True
K243E,-2.63446601195902,243,True,neutral,sensitive,243,-1.4322004125541572,True
K243F,-5.64738444952266,243,True,impactful,sensitive,243,-3.07014260261563,True
K243G,-5.709604410219259,243,True,impactful,sensitive,243,-3.1039678457481115,True
K243H,-2.2951035815544705,243,True,neutral,sensitive,243,-1.2477095097964648,True
K243I,-4.03211996753012,243,True,mild,sensitive,243,-2.192020642798227,True
K243K,0.0,243,True,neutral,sensitive,243,0.0,True
K243L,-3.5815884136702203,243,True,neutral,sensitive,243,-1.9470937868897702,True
K243M,-4.58013509889026,243,True,mild,sensitive,243,-2.4899434452398026,True
K243N,-3.73602886744244,243,True,neutral,sensitive,243,-2.031053754717613,True
K243P,-5.756869394734348,243,True,impactful,sensitive,243,-3.1296629695472378,True
K243Q,-2.3416025324952296,243,True,neutral,sensitive,243,-1.2729881873039304,True
K243R,-0.513821610194007,243,True,neutral,sensitive,243,-0.2793338455529656,True
K243S,-3.91814703790946,243,True,mild,sensitive,243,-2.130060429198305,True
K243T,-2.45119212967306,243,True,neutral,sensitive,243,-1.3325654472029942,True
K243V,-3.49834732688838,243,True,neutral,sensitive,243,-1.9018406242795012,True
K243W,-5.828900847920848,243,True,impactful,sensitive,243,-3.168822129886477,True
K243Y,-5.54490970449379,243,True,impactful,sensitive,243,-3.0144332590748517,True
T244A,-0.9972705801360172,244,True,neutral,tolerant,244,-0.8048908281251123,True
T244C,-2.4741999951076497,244,True,neutral,tolerant,244,-1.9969112923573165,True
T244D,-3.2221332988676603,244,True,neutral,tolerant,244,-2.6005635691181923,True
T244E,-3.06181397144926,244,True,neutral,tolerant,244,-2.471170845838761,True
T244F,-1.94711976303853,244,True,neutral,tolerant,244,-1.5715081440757057,True
T244G,-4.45544398791108,244,True,mild,tolerant,244,-3.595960888173087,True
T244H,-2.67957817623879,244,True,neutral,tolerant,244,-2.162670733758793,True
T244I,-1.71510782604866,244,True,neutral,tolerant,244,-1.3842527654268963,True
T244K,-2.75648571538289,244,True,neutral,tolerant,244,-2.224742326066586,True
T244L,-1.7236173663770402,244,True,neutral,tolerant,244,-1.3911207620351387,True
T244M,-1.77083128008095,244,True,neutral,tolerant,244,-1.4292268155547205,True
T244N,-2.10052960608895,244,True,neutral,tolerant,244,-1.6953242658734178,True
T244P,-5.60424792372794,244,True,impactful,tolerant,244,-4.523153336913435,True
T244Q,-2.9691452242330096,244,True,neutral,tolerant,244,-2.3963784813853435,True
T244R,-2.83082469722762,244,True,neutral,tolerant,244,-2.2847408518937713,True
T244S,-0.793244898983629,244,True,neutral,tolerant,244,-0.6402229809705936,True
T244T,0.0,244,True,neutral,tolerant,244,0.0,True
T244V,-1.35966476465008,244,True,neutral,tolerant,244,-1.0973769007027927,True
T244W,-4.03658998388312,244,True,mild,tolerant,244,-3.2579064495075016,True
T244Y,-3.1212184116857897,244,True,neutral,tolerant,244,-2.5191157968366817,True
F245A,-5.42343891891544,245,True,impactful,sensitive,245,-5.396149344471892,True
F245C,-5.67698868131279,245,True,impactful,sensitive,245,-5.6484232991724035,True
F245D,-6.146707417914832,245,True,impactful,sensitive,245,-6.115778512441432,True
F245E,-6.53994799522699,245,True,impactful,sensitive,245,-6.5070403880167,True
F245F,0.0,245,True,neutral,sensitive,245,0.0,True
F245G,-6.6375508380048,245,True,impactful,sensitive,245,-6.604152114349074,True
F245H,-6.16230866411634,245,True,impactful,sensitive,245,-6.131301256538281,True
F245I,-2.9797167935598905,245,True,neutral,sensitive,245,-2.9647235015777618,True
F245K,-7.38151332016831,245,True,impactful,sensitive,245,-7.344371137824519,True
F245L,-0.691382404635711,245,True,neutral,sensitive,245,-0.6879035175527459,True
F245M,-2.83857035380228,245,True,neutral,sensitive,245,-2.824287280250338,True
F245N,-6.13324237228352,245,True,impactful,sensitive,245,-6.102381220014431,True
F245P,-7.38151332016831,245,True,impactful,sensitive,245,-7.344371137824519,True
F245Q,-6.53994799522699,245,True,impactful,sensitive,245,-6.5070403880167,True
F245R,-7.38151332016831,245,True,impactful,sensitive,245,-7.344371137824519,True
F245S,-5.66100642505346,245,True,impactful,sensitive,245,-5.632521462178136,True
F245T,-5.73481397460041,245,True,impactful,sensitive,245,-5.705957628060962,True
F245V,-1.16102439064996,245,True,neutral,sensitive,245,-1.155182366426379,True
F245W,-3.13683563580401,245,True,neutral,sensitive,245,-3.121051755708691,True
F245Y,-3.3284545456628,245,True,neutral,sensitive,245,-3.3117064805580134,True
S246A,-2.75867477269856,246,True,neutral,sensitive,246,-2.4508172028439352,True
S246C,-3.34297894965769,246,True,neutral,sensitive,246,-2.969915264984905,True
S246D,-3.46216356820275,246,True,neutral,sensitive,246,-3.0757993352404545,True
S246E,-3.33154169560484,246,True,neutral,sensitive,246,-2.9597543648079694,True
S246F,-4.1720352726723,246,True,mild,sensitive,246,-3.706452068336739,True
S246G,-5.316536597015031,246,True,impactful,sensitive,246,-4.72323141548428,True
S246H,-3.44623825322425,246,True,neutral,sensitive,246,-3.0616512245982435,True
S246I,-4.79035995861672,246,True,mild,sensitive,246,-4.25577408057716,True
S246K,-4.44022593456228,246,True,mild,sensitive,246,-3.944713676521564,True
S246L,-4.15327792148758,246,True,mild,sensitive,246,-3.689787965913992,True
S246M,-4.955080123701388,246,True,mild,sensitive,246,-4.402112104268839,True
S246N,-0.372690532372566,246,True,neutral,sensitive,246,-0.33109969218381513,True
S246P,-7.944734978101032,246,True,impactful,sensitive,246,-7.058132893758676,True
S246Q,-3.50605304029819,246,True,neutral,sensitive,246,-3.114790909854385,True
S246R,-5.09451991640199,246,True,impactful,sensitive,246,-4.525990948594273,True
S246S,0.0,246,True,neutral,sensitive,246,0.0,True
S246T,-2.39434199408811,246,True,neutral,sensitive,246,-2.1271425710188265,True
S246V,-4.79837321793305,246,True,mild,sensitive,246,-4.262893090754681,True
S246W,-4.58170408281721,246,True,mild,sensitive,246,-4.070403403705499,True
S246Y,-4.73324859172737,246,True,mild,sensitive,246,-4.2050361241367815,True
L247A,-5.45515735016864,247,True,impactful,sensitive,247,-5.389607082118877,True
L247C,-6.01639318165287,247,True,impactful,sensitive,247,-5.944098990956809,True
L247D,-6.91719345584852,247,True,impactful,sensitive,247,-6.834075067857582,True
L247E,-7.02100768456825,247,True,impactful,sensitive,247,-6.936641843922303,True
L247F,-4.17848918654234,247,True,mild,sensitive,247,-4.128279619954418,True
L247G,-7.484891450484638,247,True,impactful,sensitive,247,-7.3949514891950745,True
L247H,-7.011880919633219,247,True,impactful,sensitive,247,-6.927624748030622,True
L247I,-2.53554744642255,247,True,neutral,sensitive,247,-2.505079798269238,True
L247K,-7.80005172118551,247,True,impactful,sensitive,247,-7.706324730687259,True
L247L,0.0,247,True,neutral,sensitive,247,0.0,True
L247M,-2.4352098480396203,247,True,neutral,sensitive,247,-2.40594787665185,True
L247N,-7.3474535159275,247,True,impactful,sensitive,247,-7.259165036505851,True
L247P,-6.6054110204770495,247,True,impactful,sensitive,247,-6.526039072946014,True
L247Q,-7.07774395634205,247,True,impactful,sensitive,247,-6.9926963612417055,True
L247R,-7.45200527907653,247,True,impactful,sensitive,247,-7.362460484637811,True
L247S,-6.21248071424785,247,True,impactful,sensitive,247,-6.1378302963162135,True
L247T,-6.30368344301094,247,True,impactful,sensitive,247,-6.227937114744636,True
L247V,-2.48406366077287,247,True,neutral,sensitive,247,-2.4542146521441266,True
L247W,-5.72231566148868,247,True,impactful,sensitive,247,-5.653555165429966,True
L247Y,-5.69434438082413,247,True,impactful,sensitive,247,-5.625919993300433,True
A248A,0.0,248,True,neutral,sensitive,248,0.0,True
A248C,-3.66063950964871,248,True,neutral,sensitive,248,-3.2494123877322165,True
A248D,-4.91981279888414,248,True,mild,sensitive,248,-4.367133286924437,True
A248E,-4.73296064859541,248,True,mild,sensitive,248,-4.201271641651187,True
A248F,-5.27244198180273,248,True,impactful,sensitive,248,-4.680148986020555,True
A248G,-4.2799918439314695,248,True,mild,sensitive,248,-3.799188223917297,True
A248H,-4.88753828896784,248,True,mild,sensitive,248,-4.338484415039187,True
A248I,-5.29646406029322,248,True,impactful,sensitive,248,-4.70147248406518,True
A248K,-5.1333395986501,248,True,impactful,sensitive,248,-4.556673018013367,True
A248L,-4.38024770193266,248,True,mild,sensitive,248,-3.8881815886212294,True
A248M,-5.3787634335842895,248,True,impactful,sensitive,248,-4.774526550812184,True
A248N,-4.757508809081741,248,True,mild,sensitive,248,-4.22306212295099,True
A248P,-5.85600968965572,248,True,impactful,sensitive,248,-5.198160151550474,True
A248Q,-4.75873037370149,248,True,mild,sensitive,248,-4.224146460044923,True
A248R,-5.01234467964526,248,True,impactful,sensitive,248,-4.4492703667469184,True
A248S,-2.0018777593918897,248,True,neutral,sensitive,248,-1.776991799642642,True
A248T,-3.09981068814528,248,True,neutral,sensitive,248,-2.7515856787139916,True
A248V,-3.98313866993421,248,True,mild,sensitive,248,-3.535682795867954,True
A248W,-5.14491784202107,248,True,impactful,sensitive,248,-4.566950590371596,True
A248Y,-5.23220453404807,248,True,impactful,sensitive,248,-4.644431712893797,True
N249A,-3.5319617804867898,249,True,neutral,sensitive,249,-2.3741415901153204,True
N249C,-4.87601642074226,249,True,mild,sensitive,249,-3.2775987108710845,True
N249D,-4.44308028175971,249,True,mild,sensitive,249,-2.9865843235974046,True
N249E,-4.4769139126512005,249,True,mild,sensitive,249,-3.0093268772365405,True
N249F,-5.12940285025913,249,True,impactful,sensitive,249,-3.4479219754121613,True
N249G,-3.73805316945598,249,True,neutral,sensitive,249,-2.5126737057853132,True
N249H,-4.5846129902775585,249,True,mild,sensitive,249,-3.081720882410219,True
N249I,-5.49051127507823,249,True,impactful,sensitive,249,-3.690654650108856,True
N249K,-5.15139988487074,249,True,impactful,sensitive,249,-3.4627081135349336,True
N249L,-5.22834692237991,249,True,impactful,sensitive,249,-3.5144309727674328,True
N249M,-5.11099407498213,249,True,impactful,sensitive,249,-3.4355478214080972,True
N249N,0.0,249,True,neutral,sensitive,249,0.0,True
N249P,-7.366049206361788,249,True,impactful,sensitive,249,-4.951368350664654,True
N249Q,-3.87115097250665,249,True,mild,sensitive,249,-2.6021404241177013,True
N249R,-5.11455680006934,249,True,impactful,sensitive,249,-3.437942641717429,True
N249S,-3.65652924625548,249,True,neutral,sensitive,249,-2.4578743198664204,True
N249T,-4.87973946730911,249,True,mild,sensitive,249,-3.280101297321801,True
N249V,-5.43514730894208,249,True,impactful,sensitive,249,-3.653439667963875,True
N249W,-5.13760359541724,249,True,impactful,sensitive,249,-3.4534344161914965,True
N249Y,-5.151373253063071,249,True,impactful,sensitive,249,-3.462690211958944,True
T250A,-4.35409851033486,250,True,mild,sensitive,250,-4.324000199750626,True
T250C,-3.05508219243638,250,True,neutral,sensitive,250,-3.033963512537417,True
T250D,-4.20464802907629,250,True,mild,sensitive,250,-4.175582815697185,True
T250E,-4.20181948132188,250,True,mild,sensitive,250,-4.172773820671913,True
T250F,-6.1348067723645805,250,True,impactful,sensitive,250,-6.0923990686411535,True
T250G,-5.878387362423849,250,True,impactful,sensitive,250,-5.837752193479299,True
T250H,-4.211841719544689,250,True,mild,sensitive,250,-4.18272677878127,True
T250I,-4.08403987705922,250,True,mild,sensitive,250,-4.055808384279174,True
T250K,-5.687587453223291,250,True,impactful,sensitive,250,-5.6482712151465035,True
T250L,-4.82730963162608,250,True,mild,sensitive,250,-4.793940183453495,True
T250M,-4.73164381903704,250,True,mild,sensitive,250,-4.698935674078602,True
T250N,-3.93952475269709,250,True,mild,sensitive,250,-3.912292240782279,True
T250P,-5.873968026249701,250,True,impactful,sensitive,250,-5.833363406580145,True
T250Q,-4.247886621924939,250,True,mild,sensitive,250,-4.218522515768444,True
T250R,-5.70536152228019,250,True,impactful,sensitive,250,-5.665922418482852,True
T250S,-3.32477065095046,250,True,neutral,sensitive,250,-3.3017877121317523,True
T250T,0.0,250,True,neutral,sensitive,250,0.0,True
T250V,-3.13610600540272,250,True,neutral,sensitive,250,-3.1144272371452617,True
T250W,-6.15992422870134,250,True,impactful,sensitive,250,-6.117342897073052,True
T250Y,-6.11044757500489,250,True,impactful,sensitive,250,-6.06820825761585,True
H251A,-3.5123985115887795,251,True,neutral,tolerant,251,-2.1221685136758044,True
H251C,-3.66018994701253,251,True,neutral,tolerant,251,-2.211463145196806,True
H251D,-3.30560685120817,251,True,neutral,tolerant,251,-1.9972263269898283,True
H251E,-3.36933493114609,251,True,neutral,tolerant,251,-2.0357304216234673,True
H251F,-4.738109246067,251,True,mild,tolerant,251,-2.862735029406255,True
H251G,-2.78830219404834,251,True,neutral,tolerant,251,-1.6846741915244616,True
H251H,0.0,251,True,neutral,tolerant,251,0.0,True
H251I,-4.74666130055976,251,True,mild,tolerant,251,-2.8679021255406756,True
H251K,-2.4166306725932203,251,True,neutral,tolerant,251,-1.4601126568182938,True
H251L,-4.73152394878665,251,True,mild,tolerant,251,-2.858756235287238,True
H251M,-4.228535271914221,251,True,mild,tolerant,251,-2.554853722724309,True
H251N,-3.36230688237262,251,True,neutral,tolerant,251,-2.031484119909574,True
H251P,-5.388997437299,251,True,impactful,tolerant,251,-3.2559974740857283,True
H251Q,-3.28635368938746,251,True,neutral,tolerant,251,-1.9855936908667324,True
H251R,-0.454478051553924,251,True,neutral,tolerant,251,-0.27459270580552636,True
H251S,-3.57081509022946,251,True,neutral,tolerant,251,-2.157463433503066,True
H251T,-3.68266685604114,251,True,neutral,tolerant,251,-2.22504354857868,True
H251V,-4.7047951812501605,251,True,mild,tolerant,251,-2.842606886433984,True
H251W,-4.8666874261753,251,True,mild,tolerant,251,-2.9404211360571044,True
H251Y,-4.66545427532803,251,True,mild,tolerant,251,-2.818837364959707,True
A252A,0.0,252,True,neutral,sensitive,252,0.0,True
A252C,-4.68501359437474,252,True,mild,sensitive,252,-4.68501359437474,True
A252D,-6.47449330609152,252,True,impactful,sensitive,252,-6.47449330609152,True
A252E,-6.797034324702231,252,True,impactful,sensitive,252,-6.797034324702231,True
A252F,-4.988400055640112,252,True,impactful,sensitive,252,-4.988400055640112,True
A252G,-5.4862101776161385,252,True,impactful,sensitive,252,-5.4862101776161385,True
A252H,-6.363565428325349,252,True,impactful,sensitive,252,-6.363565428325349,True
A252I,-2.9963348164212698,252,True,neutral,sensitive,252,-2.9963348164212698,True
A252K,-6.33085198579447,252,True,impactful,sensitive,252,-6.33085198579447,True
A252L,-2.77424267253416,252,True,neutral,sensitive,252,-2.77424267253416,True
A252M,-2.9253633849715697,252,True,neutral,sensitive,252,-2.9253633849715697,True
A252N,-5.980586052961072,252,True,impactful,sensitive,252,-5.980586052961072,True
A252P,-6.54499604714813,252,True,impactful,sensitive,252,-6.54499604714813,True
A252Q,-6.38434132519137,252,True,impactful,sensitive,252,-6.38434132519137,True
A252R,-6.4163786721169815,252,True,impactful,sensitive,252,-6.4163786721169815,True
A252S,-3.2405717294113,252,True,neutral,sensitive,252,-3.2405717294113,True
A252T,-3.36457262007654,252,True,neutral,sensitive,252,-3.36457262007654,True
A252V,-2.1420539253273203,252,True,neutral,sensitive,252,-2.1420539253273203,True
A252W,-5.29757323278963,252,True,impactful,sensitive,252,-5.29757323278963,True
A252Y,-5.200822288875269,252,True,impactful,sensitive,252,-5.200822288875269,True
D253A,-4.1632798145306005,253,True,mild,sensitive,253,-3.122428687934104,True
D253C,-4.96049935914316,253,True,mild,sensitive,253,-3.720337377134394,True
D253D,0.0,253,True,neutral,sensitive,253,0.0,True
D253E,-4.29967149187706,253,True,mild,sensitive,253,-3.224721424697956,True
D253F,-6.03642462738476,253,True,impactful,sensitive,253,-4.527273272220164,True
D253G,-3.21458083814197,253,True,neutral,sensitive,253,-2.410911559118787,True
D253H,-3.7899808319717,253,True,neutral,sensitive,253,-2.8424572461274855,True
D253I,-5.874299805541941,253,True,impactful,sensitive,253,-4.405680869763473,True
D253K,-4.53454111531025,253,True,mild,sensitive,253,-3.4008718836636254,True
D253L,-5.70025387475429,253,True,impactful,sensitive,253,-4.275147724858624,True
D253M,-6.07014363915262,253,True,impactful,sensitive,253,-4.552562278571668,True
D253N,-3.2102960269322995,253,True,neutral,sensitive,253,-2.4076979827944758,True
D253P,-5.9033239835261115,253,True,impactful,sensitive,253,-4.427448785930236,True
D253Q,-4.03225251390288,253,True,mild,sensitive,253,-3.0241591935430123,True
D253R,-5.14458362647416,253,True,impactful,sensitive,253,-3.85839919928373,True
D253S,-3.81447841216031,253,True,mild,sensitive,253,-2.860830247840921,True
D253T,-3.81966701520568,253,True,mild,sensitive,253,-2.864721661274777,True
D253V,-5.23762079005367,253,True,impactful,sensitive,253,-3.9281763753435226,True
D253W,-6.0263330209887185,253,True,impactful,sensitive,253,-4.519704642985021,True
D253Y,-5.48247900455965,253,True,impactful,sensitive,253,-4.111818202823234,True
D254A,-5.2896520718453095,254,True,impactful,sensitive,254,-4.193450612113751,True
D254C,-5.173505459276071,254,True,impactful,sensitive,254,-4.10137365186039,True
D254D,0.0,254,True,neutral,sensitive,254,0.0,True
D254E,-2.65249519101548,254,True,neutral,sensitive,254,-2.102805143195802,True
D254F,-6.239761103616671,254,True,impactful,sensitive,254,-4.946663724572112,True
D254G,-6.08536215916121,254,True,impactful,sensitive,254,-4.824261657414867,True
D254H,-4.695849944091191,254,True,mild,sensitive,254,-3.722705114624673,True
D254I,-5.4343050363757515,254,True,impactful,sensitive,254,-4.308126408255981,True
D254K,-5.9506586781604005,254,True,impactful,sensitive,254,-4.7174734628068915,True
D254L,-5.87636934632662,254,True,impactful,sensitive,254,-4.658579486450671,True
D254M,-6.0404687917836295,254,True,impactful,sensitive,254,-4.788671770527715,True
D254N,-4.047316098129279,254,True,mild,sensitive,254,-3.2085702308199755,True
D254P,-5.44629449828722,254,True,impactful,sensitive,254,-4.31763123309298,True
D254Q,-4.77457189571785,254,True,mild,sensitive,254,-3.785113116465225,True
D254R,-6.04661683888752,254,True,impactful,sensitive,254,-4.793545726610448,True
D254S,-4.58738156810425,254,True,mild,sensitive,254,-3.6367151909965303,True
D254T,-4.94203533231045,254,True,mild,sensitive,254,-3.917872254712465,True
D254V,-5.83005677315168,254,True,impactful,sensitive,254,-4.621864502990282,True
D254W,-6.422256872909241,254,True,impactful,sensitive,254,-5.091339968879637,True
D254Y,-6.250798733478839,254,True,impactful,sensitive,254,-4.955413970348796,True
S255A,-0.26289655883518903,255,True,neutral,tolerant,255,-0.15048166330322138,True
S255C,-3.65114515770725,255,True,neutral,tolerant,255,-2.089910947209202,True
S255D,-3.58379229331224,255,True,neutral,tolerant,255,-2.0513582513987125,True
S255E,-2.7890163798097496,255,True,neutral,tolerant,255,-1.5964295070016845,True
S255F,-4.14625097580489,255,True,mild,tolerant,255,-2.3733089017071234,True
S255G,-3.947462591271,255,True,mild,tolerant,255,-2.2595226776402906,True
S255H,-1.00723425862746,255,True,neutral,tolerant,255,-0.5765396369043664,True
S255I,-4.27896535617666,255,True,mild,tolerant,255,-2.449274447970208,True
S255K,-3.29996439839926,255,True,neutral,tolerant,255,-1.8888955173576298,True
S255L,-3.5488733865271604,255,True,neutral,tolerant,255,-2.0313707125848515,True
S255M,-3.76481706722992,255,True,neutral,tolerant,255,-2.1549766068420775,True
S255N,-0.6819339621372621,255,True,neutral,tolerant,255,-0.39033815178122283,True
S255P,-1.9428440022323896,255,True,neutral,tolerant,255,-1.1120814904918583,True
S255Q,-1.2874328050843,255,True,neutral,tolerant,255,-0.7369249364031075,True
S255R,-1.98959300526656,255,True,neutral,tolerant,255,-1.138840561685177,True
S255S,0.0,255,True,neutral,tolerant,255,0.0,True
S255T,-2.19672804761793,255,True,neutral,tolerant,255,-1.2574044023056925,True
S255V,-3.6561582209305095,255,True,neutral,tolerant,255,-2.092780418363266,True
S255W,-4.37290339954075,255,True,mild,tolerant,255,-2.5030444671576415,True
S255Y,-2.92652687505903,255,True,neutral,tolerant,255,-1.6751403434555532,True
A256A,0.0,256,True,neutral,tolerant,256,0.0,True
A256C,-3.8304398109929902,256,True,mild,tolerant,256,-3.79458130560076,True
A256D,-3.64465240163576,256,True,neutral,tolerant,256,-3.6105331374662017,True
A256E,-3.63357246399271,256,True,neutral,tolerant,256,-3.5995569242055527,True
A256F,-5.024107892081201,256,True,impactful,tolerant,256,-4.977074911841618,True
A256G,-2.62744100310084,256,True,neutral,tolerant,256,-2.602844321772741,True
A256H,-3.63650624064539,256,True,neutral,tolerant,256,-3.6024632364282687,True
A256I,-2.43451549305898,256,True,neutral,tolerant,256,-2.4117248759907293,True
A256K,-4.917119509687018,256,True,mild,tolerant,256,-4.871088096806876,True
A256L,-2.90874023324182,256,True,neutral,tolerant,256,-2.8815101806930343,True
A256M,-3.2226799272674604,256,True,neutral,tolerant,256,-3.1925109411323156,True
A256N,-4.08790868536518,256,True,mild,tolerant,256,-4.049639895651679,True
A256P,-4.70642278668841,256,True,mild,tolerant,256,-4.662363802550285,True
A256Q,-3.61614977344989,256,True,neutral,tolerant,256,-3.5822973354665995,True
A256R,-4.924178316181751,256,True,mild,tolerant,256,-4.878080822573743,True
A256S,-3.3257907643520097,256,True,neutral,tolerant,256,-3.294656510339014,True
A256T,-2.60332056939196,256,True,neutral,tolerant,256,-2.5789496905160307,True
A256V,-0.378501022992879,256,True,neutral,tolerant,256,-0.3749577011698854,True
A256W,-5.03151518184359,256,True,impactful,tolerant,256,-4.984412858564307,True
A256Y,-5.14067146150859,256,True,impactful,tolerant,256,-5.092547276188365,True
A257A,0.0,257,True,neutral,sensitive,257,0.0,True
A257C,-3.93215525488894,257,True,mild,sensitive,257,-3.8988206860174683,True
A257D,-6.4029702024576105,257,True,impactful,sensitive,257,-6.34868947411393,True
A257E,-7.26288582513337,257,True,impactful,sensitive,257,-7.201315222741075,True
A257F,-6.96090877255978,257,True,impactful,sensitive,257,-6.901898159334774,True
A257G,-4.81008034256987,257,True,mild,sensitive,257,-4.769303225680258,True
A257H,-7.3588678998605515,257,True,impactful,sensitive,257,-7.2964836161985644,True
A257I,-4.94078451995756,257,True,mild,sensitive,257,-4.8988993676216115,True
A257K,-7.84050248710708,257,True,impactful,sensitive,257,-7.774035180197349,True
A257L,-5.00197130974637,257,True,impactful,sensitive,257,-4.959567450714976,True
A257M,-5.561839781724808,257,True,impactful,sensitive,257,-5.514689677205033,True
A257N,-7.8303669513382195,257,True,impactful,sensitive,257,-7.763985567718195,True
A257P,-7.572816086192501,257,True,impactful,sensitive,257,-7.5086180718688516,True
A257Q,-7.20176000872424,257,True,impactful,sensitive,257,-7.140707596129863,True
A257R,-7.816909729011849,257,True,impactful,sensitive,257,-7.750642428045071,True
A257S,-3.76007088966758,257,True,neutral,sensitive,257,-3.7281951538666087,True
A257T,-3.9053115250153,257,True,mild,sensitive,257,-3.8722045219707697,True
A257V,-4.86404994854663,257,True,mild,sensitive,257,-4.822815308128373,True
A257W,-7.0536678660232806,257,True,impactful,sensitive,257,-6.993870894124957,True
A257Y,-7.0495525285121285,257,True,impactful,sensitive,257,-6.989790444097336,True
M258A,-0.6309507059388001,258,True,neutral,tolerant,258,-0.3433715925750208,True
M258C,-1.39515090563824,258,True,neutral,tolerant,258,-0.7592592952862972,True
M258D,-2.75566670576238,258,True,neutral,tolerant,258,-1.4996697150147404,True
M258E,-2.7361367866127204,258,True,neutral,tolerant,258,-1.4890412786279361,True
M258F,-1.24016771385266,258,True,neutral,tolerant,258,-0.6749154235941457,True
M258G,-3.23018461009125,258,True,neutral,tolerant,258,-1.75790853934941,True
M258H,-2.40284257375438,258,True,neutral,tolerant,258,-1.307658226690584,True
M258I,-0.223248063243935,258,True,neutral,tolerant,258,-0.12149450391897079,True
M258K,-0.83512409498805,258,True,neutral,tolerant,258,-0.4544854103414446,True
M258L,-0.306410098660027,258,True,neutral,tolerant,258,-0.16675236681353037,True
M258M,0.0,258,True,neutral,tolerant,258,0.0,True
M258N,-2.54962183357813,258,True,neutral,tolerant,258,-1.3875374117493806,True
M258P,-3.9419744096732496,258,True,mild,tolerant,258,-2.145273819648871,True
M258Q,-2.5397915951544703,258,True,neutral,tolerant,258,-1.38218766795616,True
M258R,-2.7025065890488897,258,True,neutral,tolerant,258,-1.4707392870659752,True
M258S,-2.7878151122579,258,True,neutral,tolerant,258,-1.5171652965763636,True
M258T,-0.326217564522136,258,True,neutral,tolerant,258,-0.17753184773641476,True
M258V,-0.21383875541416,258,True,neutral,tolerant,258,-0.11637383603774357,True
M258W,-3.70281522709556,258,True,neutral,tolerant,258,-2.0151202773393284,True
M258Y,-2.4396248914047898,258,True,neutral,tolerant,258,-1.327675643061375,True
A259A,0.0,259,True,neutral,sensitive,259,0.0,True
A259C,-3.5434768789896203,259,True,neutral,sensitive,259,-3.1191123458099024,True
A259D,-4.55502610577305,259,True,mild,sensitive,259,-4.009519081737104,True
A259E,-4.864241092674111,259,True,mild,sensitive,259,-4.281702678833851,True
A259F,-5.051521006268612,259,True,impactful,sensitive,259,-4.446554069308108,True
A259G,-4.42514566792343,259,True,mild,sensitive,259,-3.89519304236657,True
A259H,-4.12684469179129,259,True,mild,sensitive,259,-3.632616401063296,True
A259I,-4.40414906326075,259,True,mild,sensitive,259,-3.876710977699584,True
A259K,-4.68361932015657,259,True,mild,sensitive,259,-4.12271205470364,True
A259L,-4.2465659313409,259,True,mild,sensitive,259,-3.737999901248947,True
A259M,-4.33736675294269,259,True,mild,sensitive,259,-3.8179264743125705,True
A259N,-3.840231712531181,259,True,mild,sensitive,259,-3.380328009574067,True
A259P,-5.12015252224574,259,True,impactful,sensitive,259,-4.506966318662744,True
A259Q,-4.51337965732087,259,True,mild,sensitive,259,-3.9728601854150916,True
A259R,-4.77627610805377,259,True,mild,sensitive,259,-4.204272324721728,True
A259S,-2.8689350427625,259,True,neutral,sensitive,259,-2.525353210081828,True
A259T,-3.01518826412518,259,True,neutral,sensitive,259,-2.65409123884438,True
A259V,-4.09945265954775,259,True,mild,sensitive,259,-3.6085048211474673,True
A259W,-5.5890318030963,259,True,impactful,sensitive,259,-4.91969291560119,True
A259Y,-4.65658929383308,259,True,mild,sensitive,259,-4.098919127109541,True
I260A,-4.697400236881982,260,True,mild,sensitive,260,-4.553422747844132,True
I260C,-4.7341896598889015,260,True,mild,sensitive,260,-4.589084558026814,True
I260D,-7.058663529459372,260,True,impactful,sensitive,260,-6.842312228806908,True
I260E,-7.058663529459372,260,True,impactful,sensitive,260,-6.842312228806908,True
I260F,-3.78003040833925,260,True,neutral,sensitive,260,-3.6641707286793674,True
I260G,-7.590035550628611,260,True,impactful,sensitive,260,-7.357397451854875,True
I260H,-7.058663529459372,260,True,impactful,sensitive,260,-6.842312228806908,True
I260I,0.0,260,True,neutral,sensitive,260,0.0,True
I260K,-7.361186077494942,260,True,impactful,sensitive,260,-7.135562320878112,True
I260L,-0.504471438627626,260,True,neutral,sensitive,260,-0.4890091557983628,True
I260M,-2.8925803313567,260,True,neutral,sensitive,260,-2.8039214068564857,True
I260N,-6.81184841848438,260,True,impactful,sensitive,260,-6.603062115094821,True
I260P,-6.551300547334219,260,True,impactful,sensitive,260,-6.350500156656083,True
I260Q,-6.62981953692494,260,True,impactful,sensitive,260,-6.42661250291369,True
I260R,-7.361186077494942,260,True,impactful,sensitive,260,-7.135562320878112,True
I260S,-5.53230503238173,260,True,impactful,sensitive,260,-5.362737325355238,True
I260T,-5.89441741086129,260,True,impactful,sensitive,260,-5.713750792016796,True
I260V,-1.13700161633607,260,True,neutral,sensitive,260,-1.1021519911185464,True
I260W,-4.77746639262017,260,True,mild,sensitive,260,-4.631034838891475,True
I260Y,-4.35970371164122,260,True,mild,sensitive,260,-4.226076777231274,True
A261A,0.0,261,True,neutral,sensitive,261,0.0,True
A261C,-3.75439702764636,261,True,neutral,sensitive,261,-3.6138104916835028,True
A261D,-6.389188814695151,261,True,impactful,sensitive,261,-6.149940297168562,True
A261E,-6.42545364792146,261,True,impactful,sensitive,261,-6.184847163391644,True
A261F,-5.619030719134389,261,True,impactful,sensitive,261,-5.408621415468598,True
A261G,-3.708667018233741,261,True,neutral,sensitive,261,-3.5697928807107737,True
A261H,-6.90381537118715,261,True,impactful,sensitive,261,-6.645296231944493,True
A261I,-4.79455041190955,261,True,mild,sensitive,261,-4.615014462742177,True
A261K,-6.72324197160873,261,True,impactful,sensitive,261,-6.4714845543008686,True
A261L,-4.82445183177411,261,True,mild,sensitive,261,-4.643796198937649,True
A261M,-4.79318094390221,261,True,mild,sensitive,261,-4.6136962756094615,True
A261N,-6.102009427351179,261,True,impactful,sensitive,261,-5.873514582110532,True
A261P,-5.91986112299026,261,True,impactful,sensitive,261,-5.698186973310856,True
A261Q,-6.465892271542032,261,True,impactful,sensitive,261,-6.223771528937735,True
A261R,-6.63724355100184,261,True,impactful,sensitive,261,-6.388706416461723,True
A261S,-1.2589969079911298,261,True,neutral,sensitive,261,-1.2118527160532353,True
A261T,-3.75283831570615,261,True,neutral,sensitive,261,-3.612310147015221,True
A261V,-4.64112097119345,261,True,mild,sensitive,261,-4.4673303157246815,True
A261W,-6.7341252608842685,261,True,impactful,sensitive,261,-6.481960309709353,True
A261Y,-6.31343986969296,261,True,impactful,sensitive,261,-6.077027834749934,True
E262A,-3.03004645548277,262,True,neutral,tolerant,262,-1.7236011490877425,True
E262C,-3.8684261593882296,262,True,mild,tolerant,262,-2.2005021610866025,True
E262D,-0.236292444967444,262,True,neutral,tolerant,262,-0.1344117773936072,True
E262E,0.0,262,True,neutral,tolerant,262,0.0,True
E262F,-5.48792153716212,262,True,impactful,tolerant,262,-3.1217303122334217,True
E262G,-1.81868112646933,262,True,neutral,tolerant,262,-1.034532283732688,True
E262H,-3.1251759766711498,262,True,neutral,tolerant,262,-1.7777142970019495,True
E262I,-3.280095954702149,262,True,neutral,tolerant,262,-1.8658384416558091,True
E262K,-1.99393330354388,262,True,neutral,tolerant,262,-1.134222126190135,True
E262L,-3.5052158441238,262,True,neutral,tolerant,262,-1.9938948611828295,True
E262M,-3.63322660710454,262,True,neutral,tolerant,262,-2.0667120609884506,True
E262N,-1.07696821699529,262,True,neutral,tolerant,262,-0.6126188768443502,True
E262P,-4.86594405004971,262,True,mild,tolerant,262,-2.7679267890056396,True
E262Q,-1.46360894354621,262,True,neutral,tolerant,262,-0.8325542508916458,True
E262R,-3.63758383436178,262,True,neutral,tolerant,262,-2.0691906110759666,True
E262S,-1.76832866697383,262,True,neutral,tolerant,262,-1.0058899647712747,True
E262T,-3.16611961354842,262,True,neutral,tolerant,262,-1.8010045338370315,True
E262V,-3.54858800658776,262,True,neutral,tolerant,262,-2.018566532115806,True
E262W,-5.53721022483627,262,True,impactful,tolerant,262,-3.1497675189100613,True
E262Y,-5.35556796067973,262,True,impactful,tolerant,262,-3.0464427614111775,True
M263A,-2.13159906339496,263,True,neutral,sensitive,263,-2.13159906339496,True
M263C,-3.29260271396869,263,True,neutral,sensitive,263,-3.29260271396869,True
M263D,-5.95358948702577,263,True,impactful,sensitive,263,-5.95358948702577,True
M263E,-5.78028779490152,263,True,impactful,sensitive,263,-5.78028779490152,True
M263F,-5.565154264745308,263,True,impactful,sensitive,263,-5.565154264745308,True
M263G,-4.30996431401966,263,True,mild,sensitive,263,-4.30996431401966,True
M263H,-5.9571404781835,263,True,impactful,sensitive,263,-5.9571404781835,True
M263I,-3.4176028039521498,263,True,neutral,sensitive,263,-3.4176028039521498,True
M263K,-5.97055842666329,263,True,impactful,sensitive,263,-5.97055842666329,True
M263L,-1.7077649232493002,263,True,neutral,sensitive,263,-1.7077649232493002,True
M263M,0.0,263,True,neutral,sensitive,263,0.0,True
M263N,-5.81244022521864,263,True,impactful,sensitive,263,-5.81244022521864,True
M263P,-5.2067067464946515,263,True,impactful,sensitive,263,-5.2067067464946515,True
M263Q,-5.8755570797089005,263,True,impactful,sensitive,263,-5.8755570797089005,True
M263R,-6.00251681668965,263,True,impactful,sensitive,263,-6.00251681668965,True
M263S,-3.20845642990051,263,True,neutral,sensitive,263,-3.20845642990051,True
M263T,-1.62426707233761,263,True,neutral,sensitive,263,-1.62426707233761,True
M263V,-2.37757971296727,263,True,neutral,sensitive,263,-2.37757971296727,True
M263W,-5.592178511142348,263,True,impactful,sensitive,263,-5.592178511142348,True
M263Y,-5.56711493052963,263,True,impactful,sensitive,263,-5.56711493052963,True
L264A,-7.511736119829449,264,True,impactful,sensitive,264,-7.3865201029454175,True
L264C,-7.4042389958677814,264,True,impactful,sensitive,264,-7.2808148898648355,True
L264D,-8.59294910859126,264,True,impactful,sensitive,264,-8.449709936780547,True
L264E,-8.59294910859126,264,True,impactful,sensitive,264,-8.449709936780547,True
L264F,-6.430097364342,264,True,impactful,sensitive,264,-6.322911599653863,True
L264G,-9.02325356981679,264,True,impactful,sensitive,264,-8.872841487533375,True
L264H,-8.59294910859126,264,True,impactful,sensitive,264,-8.449709936780547,True
L264I,-2.96772868368509,264,True,neutral,sensitive,264,-2.918258473465302,True
L264K,-7.70178040187122,264,True,impactful,sensitive,264,-7.5733964637970335,True
L264L,0.0,264,True,neutral,sensitive,264,0.0,True
L264M,-3.81616617047711,264,True,mild,sensitive,264,-3.7525530296516063,True
L264N,-8.2294252500255,264,True,impactful,sensitive,264,-8.092245797151365,True
L264P,-8.31601208352625,264,True,impactful,sensitive,264,-8.177389281440615,True
L264Q,-8.59294910859126,264,True,impactful,sensitive,264,-8.449709936780547,True
L264R,-7.7018458638767315,264,True,impactful,sensitive,264,-7.573460834591211,True
L264S,-6.574418784114322,264,True,impactful,sensitive,264,-6.464827270203014,True
L264T,-6.75150358916324,264,True,impactful,sensitive,264,-6.6389601805653795,True
L264V,-3.32538747108513,264,True,neutral,sensitive,264,-3.2699553090545503,True
L264W,-7.20039037986709,264,True,impactful,sensitive,264,-7.08036430480343,True
L264Y,-7.20039037986709,264,True,impactful,sensitive,264,-7.08036430480343,True
K265A,-2.7911233916286404,265,True,neutral,tolerant,265,-1.1156083124436518,True
K265C,-2.5602282355759103,265,True,neutral,tolerant,265,-1.0233198252459952,True
K265D,-3.61556180585167,265,True,neutral,tolerant,265,-1.4451352515835203,True
K265E,-2.4455263235486497,265,True,neutral,tolerant,265,-0.9774736233566098,True
K265F,-5.0585048811945,265,True,impactful,tolerant,265,-2.0218776822706,True
K265G,-4.12039223902078,265,True,mild,tolerant,265,-1.6469153052017738,True
K265H,-3.08972291490082,265,True,neutral,tolerant,265,-1.2349581452934912,True
K265I,-3.72779965096294,265,True,neutral,tolerant,265,-1.4899965691993757,True
K265K,0.0,265,True,neutral,tolerant,265,0.0,True
K265L,-3.91038219239266,265,True,mild,tolerant,265,-1.56297456850138,True
K265M,-3.58011872219554,265,True,neutral,tolerant,265,-1.4309686981219256,True
K265N,-3.0364768254771204,265,True,neutral,tolerant,265,-1.2136757540726804,True
K265P,-5.28993134262705,265,True,impactful,tolerant,265,-2.114378531522887,True
K265Q,-0.847425055654511,265,True,neutral,tolerant,265,-0.3387146691890079,True
K265R,-0.26961099695593105,265,True,neutral,tolerant,265,-0.10776315738400563,True
K265S,-2.7350656699377502,265,True,neutral,tolerant,265,-1.0932021155400753,True
K265T,-3.30225247639439,265,True,neutral,tolerant,265,-1.3199059287391675,True
K265V,-3.76670068797777,265,True,neutral,tolerant,265,-1.505545262025564,True
K265W,-5.24143694704823,265,True,impactful,tolerant,265,-2.0949953860206403,True
K265Y,-5.03634111546058,265,True,impactful,tolerant,265,-2.013018854544826,True
V266A,-1.6650018459649598,266,True,neutral,tolerant,266,-0.8512287214820765,True
V266C,-3.42830145445274,266,True,neutral,tolerant,266,-1.7527119690595014,True
V266D,-2.8556631638785896,266,True,neutral,tolerant,266,-1.4599518372083478,True
V266E,-1.6068132017078,266,True,neutral,tolerant,266,-0.8214798984547417,True
V266F,-4.66451456278441,266,True,mild,tolerant,266,-2.384723342641304,True
V266G,-3.69446134492125,266,True,neutral,tolerant,266,-1.8887856580000764,True
V266H,-2.9387765175434204,266,True,neutral,tolerant,266,-1.5024433659412777,True
V266I,-2.4714989453985297,266,True,neutral,tolerant,266,-1.2635486816632429,True
V266K,-2.5302211965429704,266,True,neutral,tolerant,266,-1.2935703100988931,True
V266L,-1.75078177142039,266,True,neutral,tolerant,266,-0.8950835294819652,True
V266M,-1.06041173280289,266,True,neutral,tolerant,266,-0.5421332869665743,True
V266N,-2.71127877200196,266,True,neutral,tolerant,266,-1.3861356179669326,True
V266P,-5.862374284578509,266,True,impactful,tolerant,266,-2.9971266273395996,True
V266Q,-2.35671484642322,266,True,neutral,tolerant,266,-1.2048655504378851,True
V266R,-3.13986163661873,266,True,neutral,tolerant,266,-1.6052477137168473,True
V266S,-2.48394525807839,266,True,neutral,tolerant,266,-1.2699118330647379,True
V266T,-2.59140178476364,266,True,neutral,tolerant,266,-1.324848758238042,True
V266V,0.0,266,True,neutral,tolerant,266,0.0,True
V266W,-4.681776477724281,266,True,mild,tolerant,266,-2.393548460655562,True
V266Y,-4.62608544229224,266,True,mild,tolerant,266,-2.365076534931447,True
N267A,-6.41545068413129,267,True,impactful,sensitive,267,-6.269967828482085,True
N267C,-6.29070024693966,267,True,impactful,sensitive,267,-6.148046350741584,True
N267D,-4.7863627626488885,267,True,mild,sensitive,267,-4.6778226526601125,True
N267E,-4.96406557548968,267,True,impactful,sensitive,267,-4.851495707664417,True
N267F,-8.270175627491179,267,True,impactful,sensitive,267,-8.082633266674046,True
N267G,-7.31494201549237,267,True,impactful,sensitive,267,-7.149061439720119,True
N267H,-4.83295607935194,267,True,mild,sensitive,267,-4.723359375040821,True
N267I,-7.30678967123452,267,True,impactful,sensitive,267,-7.141093965766984,True
N267K,-6.9035470502427,267,True,impactful,sensitive,267,-6.746995657608318,True
N267L,-6.94634143217151,267,True,impactful,sensitive,267,-6.788819593469457,True
N267M,-7.252178073095242,267,True,impactful,sensitive,267,-7.087720792118837,True
N267N,0.0,267,True,neutral,sensitive,267,0.0,True
N267P,-8.66193621641374,267,True,impactful,sensitive,267,-8.465509920232837,True
N267Q,-5.49595706680847,267,True,impactful,sensitive,267,-5.371325522124872,True
N267R,-7.013771374548731,267,True,impactful,sensitive,267,-6.8547204304016685,True
N267S,-5.3406833398852696,267,True,impactful,sensitive,267,-5.219572929773863,True
N267T,-5.6241171878120815,267,True,impactful,sensitive,267,-5.496579362447366,True
N267V,-7.3494468018120305,267,True,impactful,sensitive,267,-7.182783762718883,True
N267W,-8.270175627491179,267,True,impactful,sensitive,267,-8.082633266674046,True
N267Y,-7.66963546748578,267,True,impactful,sensitive,267,-7.495711525967812,True
E268A,-1.05744691730174,268,True,neutral,tolerant,268,-0.46222940206371405,True
E268C,-1.02952988581927,268,True,neutral,tolerant,268,-0.45002635663571,True
E268D,-3.12605243472026,268,True,neutral,tolerant,268,-1.3664547355318917,True
E268E,0.0,268,True,neutral,tolerant,268,0.0,True
E268F,-4.59983979448541,268,True,mild,tolerant,268,-2.0106741652991813,True
E268G,-2.4122024756083,268,True,neutral,tolerant,268,-1.0544178527676158,True
E268H,-2.29150927719377,268,True,neutral,tolerant,268,-1.0016606466861437,True
E268I,-3.69236203947891,268,True,neutral,tolerant,268,-1.613999028968831,True
E268K,-0.719426620150368,268,True,neutral,tolerant,268,-0.31447454337410846,True
E268L,-4.22627252734356,268,True,mild,tolerant,268,-1.8473810754085223,True
E268M,-4.180971629325279,268,True,mild,tolerant,268,-1.8275792237398167,True
E268N,-1.89338762177909,268,True,neutral,tolerant,268,-0.8276343842610644,True
E268P,-3.83281382768687,268,True,mild,tolerant,268,-1.6753930762916054,True
E268Q,-0.273766084687094,268,True,neutral,tolerant,268,-0.1196681663729612,True
E268R,-0.0884966978517409,268,True,neutral,tolerant,268,-0.03868352639109448,True
E268S,-1.00714488860953,268,True,neutral,tolerant,268,-0.4402414646414544,True
E268T,-1.71219970098353,268,True,neutral,tolerant,268,-0.7484338277884965,True
E268V,-3.65711555432869,268,True,neutral,tolerant,268,-1.598592145191246,True
E268W,-4.52265410929064,268,True,mild,tolerant,268,-1.976934889566557,True
E268Y,-4.43714467430613,268,True,mild,tolerant,268,-1.9395571504507716,True
H269A,-1.5783058296113703,269,True,neutral,tolerant,269,-1.0565191538698768,True
H269C,-0.37573608868070496,269,True,neutral,tolerant,269,-0.2515180309440172,True
H269D,-3.75988097526259,269,True,neutral,tolerant,269,-2.5168672586186975,True
H269E,-3.76377808455125,269,True,neutral,tolerant,269,-2.5194759866173815,True
H269F,-2.50547590036962,269,True,neutral,tolerant,269,-1.6771675226921485,True
H269G,-2.76215407724316,269,True,neutral,tolerant,269,-1.8489880945733725,True
H269H,0.0,269,True,neutral,tolerant,269,0.0,True
H269I,-2.3051709405838503,269,True,neutral,tolerant,269,-1.5430832263166419,True
H269K,-2.74550804459072,269,True,neutral,tolerant,269,-1.8378452273271833,True
H269L,-2.71451784002508,269,True,neutral,tolerant,269,-1.8171003602097586,True
H269M,-2.41023835006673,269,True,neutral,tolerant,269,-1.6134154322069827,True
H269N,-1.05646383571071,269,True,neutral,tolerant,269,-0.7071977159674064,True
H269P,-4.4199686511315,269,True,mild,tolerant,269,-2.9587304639017162,True
H269Q,-3.23274572725329,269,True,neutral,tolerant,269,-2.1640025122856583,True
H269R,-3.16768117793594,269,True,neutral,tolerant,269,-2.1204482522037464,True
H269S,-0.194981078315699,269,True,neutral,tolerant,269,-0.13052048596529775,True
H269T,-0.7051080889168849,269,True,neutral,tolerant,269,-0.4719999049060766,True
H269V,-2.23835411784155,269,True,neutral,tolerant,269,-1.498355993036796,True
H269W,-4.10755765486101,269,True,mild,tolerant,269,-2.749602299228703,True
H269Y,-1.13351960059175,269,True,neutral,tolerant,269,-0.7587789051042158,True
I270A,-7.11075891128305,270,True,impactful,sensitive,270,-7.11075891128305,True
I270C,-7.15250198496167,270,True,impactful,sensitive,270,-7.15250198496167,True
I270D,-7.676534623093129,270,True,impactful,sensitive,270,-7.676534623093129,True
I270E,-7.676534623093129,270,True,impactful,sensitive,270,-7.676534623093129,True
I270F,-6.80439317154014,270,True,impactful,sensitive,270,-6.80439317154014,True
I270G,-8.43785976033295,270,True,impactful,sensitive,270,-8.43785976033295,True
I270H,-6.42480038282174,270,True,impactful,sensitive,270,-6.42480038282174,True
I270I,0.0,270,True,neutral,sensitive,270,0.0,True
I270K,-8.03563582920579,270,True,impactful,sensitive,270,-8.03563582920579,True
I270L,-2.85040808154616,270,True,neutral,sensitive,270,-2.85040808154616,True
I270M,-3.74823851170432,270,True,neutral,sensitive,270,-3.74823851170432,True
I270N,-7.3637877106278,270,True,impactful,sensitive,270,-7.3637877106278,True
I270P,-7.26837883374539,270,True,impactful,sensitive,270,-7.26837883374539,True
I270Q,-7.676534623093129,270,True,impactful,sensitive,270,-7.676534623093129,True
I270R,-7.666888009003509,270,True,impactful,sensitive,270,-7.666888009003509,True
I270S,-7.11686526742763,270,True,impactful,sensitive,270,-7.11686526742763,True
I270T,-7.21906421030416,270,True,impactful,sensitive,270,-7.21906421030416,True
I270V,-0.9990045425797,270,True,neutral,sensitive,270,-0.9990045425797,True
I270W,-7.32319920543365,270,True,impactful,sensitive,270,-7.32319920543365,True
I270Y,-6.87215063231112,270,True,impactful,sensitive,270,-6.87215063231112,True
T271A,-1.07446239488992,271,True,neutral,sensitive,271,-0.7705119958344413,True
T271C,-3.8584695808877294,271,True,mild,sensitive,271,-2.766962447244021,True
T271D,-4.115228241044751,271,True,mild,sensitive,271,-2.95108766989142,True
T271E,-3.3437055386922205,271,True,neutral,sensitive,271,-2.397817960268745,True
T271F,-5.5125037800560905,271,True,impactful,sensitive,271,-3.953093481741701,True
T271G,-5.42806985983704,271,True,impactful,sensitive,271,-3.8925447378363622,True
T271H,-4.403123985820232,271,True,mild,sensitive,271,-3.1575417309680986,True
T271I,-2.1453432518250097,271,True,neutral,sensitive,271,-1.5384556207599913,True
T271K,-2.73263350111774,271,True,neutral,sensitive,271,-1.9596096641855956,True
T271L,-3.79783029512555,271,True,mild,sensitive,271,-2.723477168167894,True
T271M,-4.50805043925307,271,True,mild,sensitive,271,-3.2327859567640598,True
T271N,-2.30309965268665,271,True,neutral,sensitive,271,-1.6515849400006277,True
T271P,-5.82184820762618,271,True,impactful,sensitive,271,-4.174928692932794,True
T271Q,-3.29338895936301,271,True,neutral,sensitive,271,-2.3617352382052297,True
T271R,-2.33026433238975,271,True,neutral,sensitive,271,-1.6710651113624029,True
T271S,-1.30057551284816,271,True,neutral,sensitive,271,-0.9326608719895731,True
T271T,0.0,271,True,neutral,sensitive,271,0.0,True
T271V,-2.33200131567972,271,True,neutral,sensitive,271,-1.6723107263488846,True
T271W,-5.483050648667178,271,True,impactful,sensitive,271,-3.9319722297016333,True
T271Y,-5.49958753035655,271,True,impactful,sensitive,271,-3.9438310586154746,True
N272A,-2.66229154134983,272,True,neutral,sensitive,272,-2.2071954333255936,True
N272C,-2.6917436387087297,272,True,neutral,sensitive,272,-2.2316129450003164,True
N272D,-3.8295672998456096,272,True,mild,sensitive,272,-3.174935323404375,True
N272E,-2.89846113946185,272,True,neutral,sensitive,272,-2.40299384621425,True
N272F,-4.580396722764951,272,True,mild,sensitive,272,-3.797416838946365,True
N272G,-3.96794889389796,272,True,mild,sensitive,272,-3.289661760274547,True
N272H,-3.86125952982206,272,True,mild,sensitive,272,-3.20121003606806,True
N272I,-2.82975976809008,272,True,neutral,sensitive,272,-2.346036390278341,True
N272K,-2.3760866435891,272,True,neutral,sensitive,272,-1.9699148299350977,True
N272L,-4.23353526261763,272,True,mild,sensitive,272,-3.5098483968945047,True
N272M,-3.64946417143328,272,True,neutral,sensitive,272,-3.0256192938166477,True
N272N,0.0,272,True,neutral,sensitive,272,0.0,True
N272P,-7.1346799623043715,272,True,impactful,sensitive,272,-5.915067071524967,True
N272Q,-3.9209188237157,272,True,mild,sensitive,272,-3.2506710808080017,True
N272R,-3.8414690294838,272,True,mild,sensitive,272,-3.184802553532286,True
N272S,-0.0364173940776129,272,True,neutral,sensitive,272,-0.03019215012829566,True
N272T,-2.06785197129508,272,True,neutral,sensitive,272,-1.714370254702353,True
N272V,-3.2902752901061296,272,True,neutral,sensitive,272,-2.727830698445665,True
N272W,-4.54072821317235,272,True,mild,sensitive,272,-3.7645293238640645,True
N272Y,-3.9897526730195296,272,True,mild,sensitive,272,-3.307738368699621,True
V273A,-6.26069410842628,273,True,impactful,sensitive,273,-6.26069410842628,True
V273C,-5.47976481851981,273,True,impactful,sensitive,273,-5.47976481851981,True
V273D,-7.74656212097895,273,True,impactful,sensitive,273,-7.74656212097895,True
V273E,-7.74656212097895,273,True,impactful,sensitive,273,-7.74656212097895,True
V273F,-5.0535742483187684,273,True,impactful,sensitive,273,-5.0535742483187684,True
V273G,-7.986834659648252,273,True,impactful,sensitive,273,-7.986834659648252,True
V273H,-7.74656212097895,273,True,impactful,sensitive,273,-7.74656212097895,True
V273I,-0.26713660868085803,273,True,neutral,sensitive,273,-0.26713660868085803,True
V273K,-7.986834659648252,273,True,impactful,sensitive,273,-7.986834659648252,True
V273L,-0.4721677504763401,273,True,neutral,sensitive,273,-0.4721677504763401,True
V273M,-4.30246673727702,273,True,mild,sensitive,273,-4.30246673727702,True
V273N,-7.74656212097895,273,True,impactful,sensitive,273,-7.74656212097895,True
V273P,-7.00544714758641,273,True,impactful,sensitive,273,-7.00544714758641,True
V273Q,-7.74656212097895,273,True,impactful,sensitive,273,-7.74656212097895,True
V273R,-7.986834659648252,273,True,impactful,sensitive,273,-7.986834659648252,True
V273S,-6.41410523378301,273,True,impactful,sensitive,273,-6.41410523378301,True
V273T,-6.4748307968989085,273,True,impactful,sensitive,273,-6.4748307968989085,True
V273V,0.0,273,True,neutral,sensitive,273,0.0,True
V273W,-6.092581416926251,273,True,impactful,sensitive,273,-6.092581416926251,True
V273Y,-5.30973981715678,273,True,impactful,sensitive,273,-5.30973981715678,True
N274A,-5.3672853631795,274,True,impactful,sensitive,274,-4.81292046382711,True
N274C,-5.5338481625234985,274,True,impactful,sensitive,274,-4.962279674532496,True
N274D,-4.587598531142509,274,True,mild,sensitive,274,-4.113764287963863,True
N274E,-4.84339810230804,274,True,mild,sensitive,274,-4.343143370199108,True
N274F,-5.7793728218782485,274,True,impactful,sensitive,274,-5.182445098470873,True
N274G,-6.1992365001818515,274,True,impactful,sensitive,274,-5.558942778878918,True
N274H,-4.67804682490553,274,True,mild,sensitive,274,-4.194870548301101,True
N274I,-5.129622444959691,274,True,impactful,sensitive,274,-4.599804774014899,True
N274K,-6.159902426717,274,True,impactful,sensitive,274,-5.523671360592987,True
N274L,-6.14241265974371,274,True,impactful,sensitive,274,-5.507988039942517,True
N274M,-6.19789850215781,274,True,impactful,sensitive,274,-5.557742977185002,True
N274N,0.0,274,True,neutral,sensitive,274,0.0,True
N274P,-7.97649349590783,274,True,impactful,sensitive,274,-7.152634186250318,True
N274Q,-4.86588838813334,274,True,mild,sensitive,274,-4.363310726611435,True
N274R,-6.12529473042531,274,True,impactful,sensitive,274,-5.492638151360094,True
N274S,-4.84249704301583,274,True,mild,sensitive,274,-4.342335377626858,True
N274T,-4.798710808726232,274,True,mild,sensitive,274,-4.303071643953958,True
N274V,-6.03008417190024,274,True,impactful,sensitive,274,-5.4072615010628455,True
N274W,-5.90389753923185,274,True,impactful,sensitive,274,-5.29410816831898,True
N274Y,-5.68774799824659,274,True,impactful,sensitive,274,-5.100283827211369,True
V275A,-5.64096887190099,275,True,impactful,sensitive,275,-5.64096887190099,True
V275C,-5.826754622399942,275,True,impactful,sensitive,275,-5.826754622399942,True
V275D,-6.9790240541121,275,True,impactful,sensitive,275,-6.9790240541121,True
V275E,-6.9790240541121,275,True,impactful,sensitive,275,-6.9790240541121,True
V275F,-4.88591554553991,275,True,mild,sensitive,275,-4.88591554553991,True
V275G,-7.32855853987474,275,True,impactful,sensitive,275,-7.32855853987474,True
V275H,-6.9790240541121,275,True,impactful,sensitive,275,-6.9790240541121,True
V275I,-0.243423145612103,275,True,neutral,sensitive,275,-0.243423145612103,True
V275K,-6.9790240541121,275,True,impactful,sensitive,275,-6.9790240541121,True
V275L,-1.5951935590526298,275,True,neutral,sensitive,275,-1.5951935590526298,True
V275M,-2.65909172302022,275,True,neutral,sensitive,275,-2.65909172302022,True
V275N,-6.9790240541121,275,True,impactful,sensitive,275,-6.9790240541121,True
V275P,-6.35444477327952,275,True,impactful,sensitive,275,-6.35444477327952,True
V275Q,-6.49151691341092,275,True,impactful,sensitive,275,-6.49151691341092,True
V275R,-6.563576113467112,275,True,impactful,sensitive,275,-6.563576113467112,True
V275S,-5.12834675878385,275,True,impactful,sensitive,275,-5.12834675878385,True
V275T,-5.02878241358264,275,True,impactful,sensitive,275,-5.02878241358264,True
V275V,0.0,275,True,neutral,sensitive,275,0.0,True
V275W,-5.78236062530303,275,True,impactful,sensitive,275,-5.78236062530303,True
V275Y,-5.78236062530303,275,True,impactful,sensitive,275,-5.78236062530303,True
E276A,-4.505503454250401,276,True,mild,sensitive,276,-3.6792918464666133,True
E276C,-4.55956701557442,276,True,mild,sensitive,276,-3.723441323298722,True
E276D,-0.496032217901754,276,True,neutral,sensitive,276,-0.4050706682266465,True
E276E,0.0,276,True,neutral,sensitive,276,0.0,True
E276F,-5.103253182557442,276,True,impactful,sensitive,276,-4.167427239973627,True
E276G,-4.769294833711331,276,True,mild,sensitive,276,-3.89470960864881,True
E276H,-4.40951942511594,276,True,mild,sensitive,276,-3.6009092063529367,True
E276I,-5.3402467970924405,276,True,impactful,sensitive,276,-4.360961366065723,True
E276K,-5.01581686696668,276,True,impactful,sensitive,276,-4.096024848142214,True
E276L,-5.40858147685072,276,True,impactful,sensitive,276,-4.416764947756102,True
E276M,-5.4217556613745,276,True,impactful,sensitive,276,-4.427523272590247,True
E276N,-4.37068079937375,276,True,mild,sensitive,276,-3.569192742150385,True
E276P,-5.601135541408559,276,True,impactful,sensitive,276,-4.574008773429638,True
E276Q,-4.27859137773857,276,True,mild,sensitive,276,-3.493990522995829,True
E276R,-4.99191331562812,276,True,impactful,sensitive,276,-4.076504689643925,True
E276S,-4.333953732342391,276,True,mild,sensitive,276,-3.539200622591441,True
E276T,-4.44602908396636,276,True,mild,sensitive,276,-3.630723785675677,True
E276V,-5.36774162105729,276,True,impactful,sensitive,276,-4.383414235686424,True
E276W,-5.11561181302242,276,True,impactful,sensitive,276,-4.177519565673743,True
E276Y,-4.83228363876784,276,True,mild,sensitive,276,-3.946147633104092,True
S277A,-4.66042983320008,277,True,mild,sensitive,277,-3.4315945563534145,True
S277C,-4.7009071229161385,277,True,mild,sensitive,277,-3.461399027618287,True
S277D,-4.62182781457203,277,True,mild,sensitive,277,-3.4031708955046653,True
S277E,-4.78644498414521,277,True,mild,sensitive,277,-3.5243827586176746,True
S277F,-5.2068028648452405,277,True,impactful,sensitive,277,-3.833903096174177,True
S277G,-5.01971727359851,277,True,impactful,sensitive,277,-3.6961471553120417,True
S277H,-4.81877676939682,277,True,mild,sensitive,277,-3.5481894850865996,True
S277I,-5.32841339764469,277,True,impactful,sensitive,277,-3.923448064618274,True
S277K,-5.18434129317293,277,True,impactful,sensitive,277,-3.817364062257446,True
S277L,-5.5577830194796,277,True,impactful,sensitive,277,-4.092338826597851,True
S277M,-5.65469190691525,277,True,impactful,sensitive,277,-4.163695337153467,True
S277N,-4.67401355654172,277,True,mild,sensitive,277,-3.4415966018175714,True
S277P,-7.4259180906474995,277,True,impactful,sensitive,277,-5.467894809671364,True
S277Q,-4.73484807588725,277,True,mild,sensitive,277,-3.486390625737282,True
S277R,-5.2273815746845305,277,True,impactful,sensitive,277,-3.849055730413666,True
S277S,0.0,277,True,neutral,sensitive,277,0.0,True
S277T,-3.46974048758187,277,True,neutral,sensitive,277,-2.554859314547223,True
S277V,-5.60221886570222,277,True,impactful,sensitive,277,-4.125058085005782,True
S277W,-5.1888671544332805,277,True,impactful,sensitive,277,-3.8206965705066183,True
S277Y,-5.2085256321846,277,True,impactful,sensitive,277,-3.835171614151101,True
N278A,-6.2232437011586,278,True,impactful,sensitive,278,-6.2232437011586,True
N278C,-6.08569418201914,278,True,impactful,sensitive,278,-6.08569418201914,True
N278D,-4.83566346972913,278,True,mild,sensitive,278,-4.83566346972913,True
N278E,-4.969132022272929,278,True,impactful,sensitive,278,-4.969132022272929,True
N278F,-7.7616658329408095,278,True,impactful,sensitive,278,-7.7616658329408095,True
N278G,-6.91815149297858,278,True,impactful,sensitive,278,-6.91815149297858,True
N278H,-4.92748552177605,278,True,mild,sensitive,278,-4.92748552177605,True
N278I,-7.086202302048348,278,True,impactful,sensitive,278,-7.086202302048348,True
N278K,-7.24521375830588,278,True,impactful,sensitive,278,-7.24521375830588,True
N278L,-7.089219551795829,278,True,impactful,sensitive,278,-7.089219551795829,True
N278M,-7.22633771814034,278,True,impactful,sensitive,278,-7.22633771814034,True
N278N,0.0,278,True,neutral,sensitive,278,0.0,True
N278P,-8.42249879402322,278,True,impactful,sensitive,278,-8.42249879402322,True
N278Q,-5.51587396376892,278,True,impactful,sensitive,278,-5.51587396376892,True
N278R,-6.83970629052821,278,True,impactful,sensitive,278,-6.83970629052821,True
N278S,-6.01214321582817,278,True,impactful,sensitive,278,-6.01214321582817,True
N278T,-6.1393606961175085,278,True,impactful,sensitive,278,-6.1393606961175085,True
N278V,-7.1837456434629,278,True,impactful,sensitive,278,-7.1837456434629,True
N278W,-7.893715192705869,278,True,impactful,sensitive,278,-7.893715192705869,True
N278Y,-7.630565129363941,278,True,impactful,sensitive,278,-7.630565129363941,True
F279A,-3.12682109278851,279,True,neutral,tolerant,279,-2.1393925574386516,True
F279C,-2.9983795167594804,279,True,neutral,tolerant,279,-2.05151194525526,True
F279D,-3.74344693879018,279,True,neutral,tolerant,279,-2.5612922141548,True
F279E,-4.16528310639682,279,True,mild,tolerant,279,-2.849915429444441,True
F279F,0.0,279,True,neutral,tolerant,279,0.0,True
F279G,-4.6924350403968615,279,True,mild,tolerant,279,-3.210596418465568,True
F279H,-2.51992337063396,279,True,neutral,tolerant,279,-1.7241489501537832,True
F279I,-4.14466740948605,279,True,mild,tolerant,279,-2.8358100274311844,True
F279K,-4.27416851343523,279,True,mild,tolerant,279,-2.9244155759251305,True
F279L,-3.38244701426125,279,True,neutral,tolerant,279,-2.314293575967813,True
F279M,-4.44946319337233,279,True,mild,tolerant,279,-3.044353404949296,True
F279N,-3.43733249115475,279,True,neutral,tolerant,279,-2.351846597804668,True
F279P,-5.3535022320917,279,True,impactful,tolerant,279,-3.6629031504179057,True
F279Q,-3.4146730150934204,279,True,neutral,tolerant,279,-2.3363428280006096,True
F279R,-3.3025264499746605,279,True,neutral,tolerant,279,-2.2596113746690674,True
F279S,-3.70055496874042,279,True,neutral,tolerant,279,-2.5319452324199085,True
F279T,-4.24836131941698,279,True,mild,tolerant,279,-2.906758115785068,True
F279V,-4.6983214363433214,279,True,mild,tolerant,279,-3.214623931170736,True
F279W,-4.191014348697061,279,True,mild,tolerant,279,-2.867520922895201,True
F279Y,-1.62252982192444,279,True,neutral,tolerant,279,-1.1101460947840012,True
I280A,-6.10813341737959,280,True,impactful,sensitive,280,-6.070689994729012,True
I280C,-5.7820299688382,280,True,impactful,sensitive,280,-5.746585590481056,True
I280D,-6.780881357557432,280,True,impactful,sensitive,280,-6.739313927826439,True
I280E,-7.160861970166299,280,True,impactful,sensitive,280,-7.116965224144268,True
I280F,-4.82868048088955,280,True,mild,sensitive,280,-4.7990802230470955,True
I280G,-6.3556686028690805,280,True,impactful,sensitive,280,-6.316707766642564,True
I280H,-6.675863849900138,280,True,impactful,sensitive,280,-6.634940187201761,True
I280I,0.0,280,True,neutral,sensitive,280,0.0,True
I280K,-6.84980072671033,280,True,impactful,sensitive,280,-6.807810814873649,True
I280L,-1.67269082512051,280,True,neutral,sensitive,280,-1.6624370756934712,True
I280M,-3.24805630371202,280,True,neutral,sensitive,280,-3.2281454182315685,True
I280N,-6.82197181537063,280,True,impactful,sensitive,280,-6.780152497333723,True
I280P,-7.5089015413644,280,True,impactful,sensitive,280,-7.462871280588677,True
I280Q,-6.85074207079365,280,True,impactful,sensitive,280,-6.808746388430695,True
I280R,-7.42839065826573,280,True,impactful,sensitive,280,-7.3828539366480195,True
I280S,-6.13151570851802,280,True,impactful,sensitive,280,-6.0939289502606675,True
I280T,-6.08690798600257,280,True,impactful,sensitive,280,-6.049594677208989,True
I280V,-0.453741891039485,280,True,neutral,sensitive,280,-0.4509604112911672,True
I280W,-6.17034975694273,280,True,impactful,sensitive,280,-6.132524942377658,True
I280Y,-5.8672405305363,280,True,impactful,sensitive,280,-5.831273803556764,True
T281A,-3.30924797431093,281,True,neutral,sensitive,281,-2.624739957177281,True
T281C,-4.17136567751337,281,True,mild,sensitive,281,-3.3085311994629323,True
T281D,-4.3808306052394,281,True,mild,sensitive,281,-3.4746689351955484,True
T281E,-4.2582158614422,281,True,mild,sensitive,281,-3.3774166833601202,True
T281F,-5.5525963677683405,281,True,impactful,sensitive,281,-4.404058464550002,True
T281G,-3.20528854262766,281,True,neutral,sensitive,281,-2.5422842221031092,True
T281H,-4.55514220233206,281,True,mild,sensitive,281,-3.6129247012910937,True
T281I,-5.29494615113001,281,True,impactful,sensitive,281,-4.199702422380988,True
T281K,-4.51761136200432,281,True,mild,sensitive,281,-3.583157002708406,True
T281L,-5.27443921596695,281,True,impactful,sensitive,281,-4.183437285244223,True
T281M,-4.6488320058926105,281,True,mild,sensitive,281,-3.687235050015164,True
T281N,-3.78242290631394,281,True,neutral,sensitive,281,-3.00004007382132,True
T281P,-6.10404496828104,281,True,impactful,sensitive,281,-4.841441576160597,True
T281Q,-4.33705301065529,281,True,mild,sensitive,281,-3.4399466047367833,True
T281R,-4.5560989106246295,281,True,mild,sensitive,281,-3.6136835173430684,True
T281S,-1.6300119639512198,281,True,neutral,sensitive,281,-1.2928488785584717,True
T281T,0.0,281,True,neutral,sensitive,281,0.0,True
T281V,-5.33022968435472,281,True,impactful,sensitive,281,-4.227687662593931,True
T281W,-5.53123186573864,281,True,impactful,sensitive,281,-4.387113145680622,True
T281Y,-5.5313242691783095,281,True,impactful,sensitive,281,-4.387186435745966,True
G282A,-3.09028881956012,282,True,neutral,sensitive,282,-2.849267743221825,True
G282C,-3.77924314686343,282,True,neutral,sensitive,282,-3.4844884154494244,True
G282D,-4.03977278437953,282,True,mild,sensitive,282,-3.7246985497350487,True
G282E,-4.08257159332031,282,True,mild,sensitive,282,-3.764159348671193,True
G282F,-5.328324754810112,282,True,impactful,sensitive,282,-4.912752411100466,True
G282G,0.0,282,True,neutral,sensitive,282,0.0,True
G282H,-4.20244773713984,282,True,mild,sensitive,282,-3.874685985406534,True
G282I,-4.99214155957117,282,True,impactful,sensitive,282,-4.602789171436703,True
G282K,-5.19783816071312,282,True,impactful,sensitive,282,-4.792442865555672,True
G282L,-4.93473746060897,282,True,mild,sensitive,282,-4.549862193716545,True
G282M,-4.641962953155111,282,True,mild,sensitive,282,-4.279922065516916,True
G282N,-3.57456092783925,282,True,neutral,sensitive,282,-3.295769988684487,True
G282P,-3.4773489282126,282,True,neutral,sensitive,282,-3.2061398502206875,True
G282Q,-3.27171070421291,282,True,neutral,sensitive,282,-3.016539980232114,True
G282R,-5.2249212298712315,282,True,impactful,sensitive,282,-4.817413643319621,True
G282S,-2.93138028025953,282,True,neutral,sensitive,282,-2.702752966905184,True
G282T,-4.00560627721096,282,True,mild,sensitive,282,-3.693196792954975,True
G282V,-4.82620113783688,282,True,mild,sensitive,282,-4.449790950703587,True
G282W,-5.287948504615639,282,True,impactful,sensitive,282,-4.87552522814488,True
G282Y,-5.34448533541781,282,True,impactful,sensitive,282,-4.9276525786012515,True
K283A,-2.96003103257022,283,True,neutral,tolerant,283,-0.9978688260063401,True
K283C,-4.2069016317035,283,True,mild,tolerant,283,-1.4182067505917413,True
K283D,-2.90803542249509,283,True,neutral,tolerant,283,-0.9803403616719302,True
K283E,-2.89846561077276,283,True,neutral,tolerant,283,-0.9771142411740747,True
K283F,-4.74526834481696,283,True,mild,tolerant,283,-1.5996978748617958,True
K283G,-4.224224105418,283,True,mild,tolerant,283,-1.4240464044057772,True
K283H,-3.9298155191753,283,True,mild,tolerant,283,-1.3247970563119174,True
K283I,-3.74198592436456,283,True,neutral,tolerant,283,-1.2614770116229623,True
K283K,0.0,283,True,neutral,tolerant,283,0.0,True
K283L,-3.81434752226881,283,True,mild,tolerant,283,-1.2858711419392106,True
K283M,-4.36308904248073,283,True,mild,tolerant,283,-1.4708597621697699,True
K283N,-2.8384058326600896,283,True,neutral,tolerant,283,-0.9568672303772141,True
K283P,-4.234565552396741,283,True,mild,tolerant,283,-1.4275326541924636,True
K283Q,-1.87912362701863,283,True,neutral,tolerant,283,-0.6334794692965344,True
K283R,-1.71310284152932,283,True,neutral,tolerant,283,-0.5775114863646061,True
K283S,-2.94611098291422,283,True,neutral,tolerant,283,-0.993176178039024,True
K283T,-2.93558282487135,283,True,neutral,tolerant,283,-0.9896269852803503,True
K283V,-3.31143964638448,283,True,neutral,tolerant,283,-1.1163336991975072,True
K283W,-5.502783657771598,283,True,impactful,tolerant,283,-1.855067128664353,True
K283Y,-5.43500249754943,283,True,impactful,tolerant,283,-1.8322171294474485,True
G284A,-4.99688348736829,284,True,impactful,sensitive,284,-4.99688348736829,True
G284C,-5.28970013949471,284,True,impactful,sensitive,284,-5.28970013949471,True
G284D,-6.450463352870768,284,True,impactful,sensitive,284,-6.450463352870768,True
G284E,-6.4263055897399814,284,True,impactful,sensitive,284,-6.4263055897399814,True
G284F,-5.79409858124699,284,True,impactful,sensitive,284,-5.79409858124699,True
G284G,0.0,284,True,neutral,sensitive,284,0.0,True
G284H,-6.54697856221449,284,True,impactful,sensitive,284,-6.54697856221449,True
G284I,-5.454908977055122,284,True,impactful,sensitive,284,-5.454908977055122,True
G284K,-7.16002165750677,284,True,impactful,sensitive,284,-7.16002165750677,True
G284L,-5.33150102961744,284,True,impactful,sensitive,284,-5.33150102961744,True
G284M,-5.25783105967075,284,True,impactful,sensitive,284,-5.25783105967075,True
G284N,-6.65338549543575,284,True,impactful,sensitive,284,-6.65338549543575,True
G284P,-7.11410648157725,284,True,impactful,sensitive,284,-7.11410648157725,True
G284Q,-7.16729103368801,284,True,impactful,sensitive,284,-7.16729103368801,True
G284R,-6.75457487878573,284,True,impactful,sensitive,284,-6.75457487878573,True
G284S,-4.96115997616751,284,True,impactful,sensitive,284,-4.96115997616751,True
G284T,-4.95331562524937,284,True,mild,sensitive,284,-4.95331562524937,True
G284V,-5.1664521095390405,284,True,impactful,sensitive,284,-5.1664521095390405,True
G284W,-6.813104659908428,284,True,impactful,sensitive,284,-6.813104659908428,True
G284Y,-6.264802856342518,284,True,impactful,sensitive,284,-6.264802856342518,True
I285A,-2.80100446970386,285,True,neutral,sensitive,285,-2.7838340533035133,True
I285C,-3.79379376069222,285,True,mild,sensitive,285,-3.770537454137661,True
I285D,-5.49463846864818,285,True,impactful,sensitive,285,-5.46095582676149,True
I285E,-5.40632313179281,285,True,impactful,sensitive,285,-5.373181871087316,True
I285F,-4.37545311004759,285,True,mild,sensitive,285,-4.348631177897066,True
I285G,-4.2341171070629,285,True,mild,sensitive,285,-4.208161577679618,True
I285H,-5.597543432700402,285,True,impactful,sensitive,285,-5.5632299738687365,True
I285I,0.0,285,True,neutral,sensitive,285,0.0,True
I285K,-5.76894876843518,285,True,impactful,sensitive,285,-5.733584579046088,True
I285L,-2.95068628919934,285,True,neutral,sensitive,285,-2.9325983094048262,True
I285M,-2.97477562469329,285,True,neutral,sensitive,285,-2.9565399750447248,True
I285N,-5.49806268550932,285,True,impactful,sensitive,285,-5.4643590528566435,True
I285P,-6.38749221090251,285,True,impactful,sensitive,285,-6.348336293016108,True
I285Q,-5.5675560812545095,285,True,impactful,sensitive,285,-5.533426447660054,True
I285R,-5.71730932474664,285,True,impactful,sensitive,285,-5.682261689922314,True
I285S,-3.90893055544487,285,True,mild,sensitive,285,-3.8849684496920993,True
I285T,-3.823745178979181,285,True,mild,sensitive,285,-3.800305267460999,True
I285V,-0.448466738307265,285,True,neutral,sensitive,285,-0.4457175957329744,True
I285W,-5.28869338201394,285,True,impactful,sensitive,285,-5.256273202551485,True
I285Y,-5.157411400475941,285,True,impactful,sensitive,285,-5.125795991699592,True
L286A,-3.04147337240553,286,True,neutral,tolerant,286,-2.5480894684404705,True
L286C,-3.23303340776454,286,True,neutral,tolerant,286,-2.708574880905655,True
L286D,-3.75867830808685,286,True,neutral,tolerant,286,-3.148950340642586,True
L286E,-3.74671221577862,286,True,neutral,tolerant,286,-3.1389253724591977,True
L286F,-4.7520479935138304,286,True,mild,tolerant,286,-3.981176871596091,True
L286G,-4.56507801587472,286,True,mild,tolerant,286,-3.8245369235830116,True
L286H,-3.67905281284042,286,True,neutral,tolerant,286,-3.0822415909630463,True
L286I,-1.80392888064568,286,True,neutral,tolerant,286,-1.5112978546162286,True
L286K,-2.90644739855788,286,True,neutral,tolerant,286,-2.434967234641331,True
L286L,0.0,286,True,neutral,tolerant,286,0.0,True
L286M,-1.42954572247345,286,True,neutral,tolerant,286,-1.1976466515002715,True
L286N,-3.14375583269273,286,True,neutral,tolerant,286,-2.633779799392756,True
L286P,-5.710349794366831,286,True,impactful,tolerant,286,-4.784024185169576,True
L286Q,-2.8478130896117,286,True,neutral,tolerant,286,-2.3858445079817585,True
L286R,-3.1857453290807496,286,True,neutral,tolerant,286,-2.6689578136085474,True
L286S,-3.10335999584449,286,True,neutral,tolerant,286,-2.599936923313118,True
L286T,-2.66961812350078,286,True,neutral,tolerant,286,-2.236556100397501,True
L286V,-2.17318976314273,286,True,neutral,tolerant,286,-1.8206577110379185,True
L286W,-4.75167138058397,286,True,mild,tolerant,286,-3.980861352331986,True
L286Y,-4.78348191324432,286,True,mild,tolerant,286,-4.007511621242021,True
A287A,0.0,287,True,neutral,sensitive,287,0.0,True
A287C,-4.06437453820538,287,True,mild,sensitive,287,-3.8109059659576525,True
A287D,-4.41655151715949,287,True,mild,sensitive,287,-4.141119960153613,True
A287E,-4.26992933572565,287,True,mild,sensitive,287,-4.003641649354366,True
A287F,-5.6562837160474695,287,True,impactful,sensitive,287,-5.303538135083452,True
A287G,-5.67574575147943,287,True,impactful,sensitive,287,-5.321786450104656,True
A287H,-4.57554790112903,287,True,mild,sensitive,287,-4.290200775058717,True
A287I,-5.498143947219781,287,True,impactful,sensitive,287,-5.155260513812183,True
A287K,-4.45293354016343,287,True,mild,sensitive,287,-4.175233073306946,True
A287L,-3.83507999178113,287,True,mild,sensitive,287,-3.5959110271999757,True
A287M,-5.36864279166843,287,True,impactful,sensitive,287,-5.033835502005332,True
A287N,-4.54963000640627,287,True,mild,sensitive,287,-4.265899210649341,True
A287P,-6.24030148751837,287,True,impactful,sensitive,287,-5.851134521342301,True
A287Q,-4.38670818663421,287,True,mild,sensitive,287,-4.113137763809806,True
A287R,-4.16324942632402,287,True,mild,sensitive,287,-3.903614671189602,True
A287S,-2.6657128352009,287,True,neutral,sensitive,287,-2.499469685114846,True
A287T,-3.2218330483524307,287,True,neutral,sensitive,287,-3.0209083020944205,True
A287V,-4.29193735971909,287,True,mild,sensitive,287,-4.024277176210258,True
A287W,-5.68636497396249,287,True,impactful,sensitive,287,-5.331743420835114,True
A287Y,-5.5460213507660185,287,True,impactful,sensitive,287,-5.200152115482703,True
I288A,-6.14662169589227,288,True,impactful,sensitive,288,-6.108942336535505,True
I288C,-5.93162172266979,288,True,impactful,sensitive,288,-5.895260333029325,True
I288D,-7.31947556265453,288,True,impactful,sensitive,288,-7.27460650064399,True
I288E,-7.31947556265453,288,True,impactful,sensitive,288,-7.27460650064399,True
I288F,-4.54455390110859,288,True,mild,sensitive,288,-4.516695365472585,True
I288G,-7.68649995605277,288,True,impactful,sensitive,288,-7.639381000572978,True
I288H,-7.31947556265453,288,True,impactful,sensitive,288,-7.27460650064399,True
I288I,0.0,288,True,neutral,sensitive,288,0.0,True
I288K,-6.76194500116747,288,True,impactful,sensitive,288,-6.720493653052141,True
I288L,-0.5093090539212379,288,True,neutral,sensitive,288,-0.5061869423263147,True
I288M,-1.7815343429113302,288,True,neutral,sensitive,288,-1.7706133726557776,True
I288N,-7.31947556265453,288,True,impactful,sensitive,288,-7.27460650064399,True
I288P,-7.1398069083978895,288,True,impactful,sensitive,288,-7.096039231851401,True
I288Q,-7.31947556265453,288,True,impactful,sensitive,288,-7.27460650064399,True
I288R,-6.6357199141236105,288,True,impactful,sensitive,288,-6.595042337463541,True
I288S,-6.08275708739697,288,True,impactful,sensitive,288,-6.045469223995663,True
I288T,-6.14845667662867,288,True,impactful,sensitive,288,-6.110766068670316,True
I288V,-2.5150563868416,288,True,neutral,sensitive,288,-2.4996388586300196,True
I288W,-5.35171808856381,288,True,impactful,sensitive,288,-5.318911561822485,True
I288Y,-5.78433792312156,288,True,impactful,sensitive,288,-5.748879396791248,True
M289A,-1.12899672449068,289,True,neutral,sensitive,289,-1.1175097511473568,True
M289C,-2.68264523928642,289,True,neutral,sensitive,289,-2.6553506743999034,True
M289D,-4.970836696071519,289,True,impactful,sensitive,289,-4.9202609349704005,True
M289E,-4.952621363596951,289,True,mild,sensitive,289,-4.902230934334302,True
M289F,-2.88344658876027,289,True,neutral,sensitive,289,-2.8541089712247296,True
M289G,-4.28949274103217,289,True,mild,sensitive,289,-4.2458493116902085,True
M289H,-5.10253187256576,289,True,impactful,sensitive,289,-5.050616179338164,True
M289I,-1.54738462937305,289,True,neutral,sensitive,289,-1.5316407697108398,True
M289K,-5.08861227634964,289,True,impactful,sensitive,289,-5.0368382080065235,True
M289L,-2.29237339215469,289,True,neutral,sensitive,289,-2.2690496468528574,True
M289M,0.0,289,True,neutral,sensitive,289,0.0,True
M289N,-4.92316704884166,289,True,mild,sensitive,289,-4.873076302404567,True
M289P,-5.715740581529441,289,True,impactful,sensitive,289,-5.657585798372742,True
M289Q,-5.00347504857761,289,True,impactful,sensitive,289,-4.952567208669641,True
M289R,-5.0172490841446695,289,True,impactful,sensitive,289,-4.96620110035855,True
M289S,-3.24670878919623,289,True,neutral,sensitive,289,-3.2136751616346846,True
M289T,-1.90592558459456,289,True,neutral,sensitive,289,-1.8865337511997626,True
M289V,-1.46960592889977,289,True,neutral,sensitive,289,-1.454653428361669,True
M289W,-4.61949407786523,289,True,mild,sensitive,289,-4.572493051041158,True
M289Y,-4.5802851956533,289,True,mild,sensitive,289,-4.53368309946828,True
R290A,-2.3942772007540696,290,True,neutral,tolerant,290,-1.2026434481340276,True
R290C,-4.43769849130975,290,True,mild,tolerant,290,-2.229052264160169,True
R290D,-2.49551162718969,290,True,neutral,tolerant,290,-1.25349341640005,True
R290E,-2.4447232904461003,290,True,neutral,tolerant,290,-1.227982477062255,True
R290F,-5.377489066399571,290,True,impactful,tolerant,290,-2.7011082889988636,True
R290G,-3.0375645169310297,290,True,neutral,tolerant,290,-1.5257661324348626,True
R290H,-2.42270600899437,290,True,neutral,tolerant,290,-1.2169232148868865,True
R290I,-4.64348199560279,290,True,mild,tolerant,290,-2.332417147346686,True
R290K,-2.0045026096553897,290,True,neutral,tolerant,290,-1.006859994953956,True
R290L,-4.59978548558007,290,True,mild,tolerant,290,-2.3104684266770006,True
R290M,-4.09872906277457,290,True,mild,tolerant,290,-2.05878820191325,True
R290N,-2.5687649864468103,290,True,neutral,tolerant,290,-1.290288517876453,True
R290P,-5.70781389615834,290,True,impactful,tolerant,290,-2.867030176464632,True
R290Q,-1.17723200021262,290,True,neutral,tolerant,290,-0.5913226553481465,True
R290R,0.0,290,True,neutral,tolerant,290,0.0,True
R290S,-3.46852419536484,290,True,neutral,tolerant,290,-1.7422368207558034,True
R290T,-2.7891991948396404,290,True,neutral,tolerant,290,-1.4010124375565778,True
R290V,-4.6422413461201515,290,True,mild,tolerant,290,-2.3317939701426194,True
R290W,-5.31154784194338,290,True,impactful,tolerant,290,-2.6679860667560935,True
R290Y,-4.665685984415741,290,True,mild,tolerant,290,-2.343570192474429,True
A291A,0.0,291,True,neutral,sensitive,291,0.0,True
A291C,-2.49659599404932,291,True,neutral,sensitive,291,-2.413650248087677,True
A291D,-6.423230706588758,291,True,impactful,sensitive,291,-6.2098282723496485,True
A291E,-6.02864714204087,291,True,impactful,sensitive,291,-5.828354168917471,True
A291F,-6.3127187071037,291,True,impactful,sensitive,291,-6.102987872217009,True
A291G,-4.45537697658961,291,True,mild,sensitive,291,-4.307353600863464,True
A291H,-6.390222618395718,291,True,impactful,sensitive,291,-6.177916829550763,True
A291I,-5.17704284271467,291,True,impactful,sensitive,291,-5.00504317537247,True
A291K,-6.609034352252,291,True,impactful,sensitive,291,-6.389458863971042,True
A291L,-5.2137082544636915,291,True,impactful,sensitive,291,-5.040490432507864,True
A291M,-4.43290174123754,291,True,mild,sensitive,291,-4.285625072293903,True
A291N,-5.5394543729409405,291,True,impactful,sensitive,291,-5.355414113211599,True
A291P,-8.2127398365301,291,True,impactful,sensitive,291,-7.939883581952438,True
A291Q,-6.1518743837953,291,True,impactful,sensitive,291,-5.947487366014904,True
A291R,-6.41996069394262,291,True,impactful,sensitive,291,-6.206666901085169,True
A291S,-2.4448784215310297,291,True,neutral,sensitive,291,-2.3636509161826376,True
A291T,-3.2097686731534503,291,True,neutral,sensitive,291,-3.1031288092773543,True
A291V,-3.08056420199336,291,True,neutral,sensitive,291,-2.978216967468388,True
A291W,-6.403074175253152,291,True,impactful,sensitive,291,-6.190341412251045,True
A291Y,-6.49135984531603,291,True,impactful,sensitive,291,-6.275693920208983,True
L292A,-5.03906832285118,292,True,impactful,sensitive,292,-5.008793093551538,True
L292C,-5.57195092072776,292,True,impactful,sensitive,292,-5.538474079184176,True
L292D,-7.20390385315562,292,True,impactful,sensitive,292,-7.160622074256568,True
L292E,-6.84098652884559,292,True,impactful,sensitive,292,-6.799885193732242,True
L292F,-6.150715629938638,292,True,impactful,sensitive,292,-6.113761511811515,True
L292G,-7.350777849330161,292,True,impactful,sensitive,292,-7.3066136366899,True
L292H,-6.3127863318865005,292,True,impactful,sensitive,292,-6.274858476681439,True
L292I,-1.77947306332805,292,True,neutral,sensitive,292,-1.7687818101889556,True
L292K,-6.67526954899014,292,True,impactful,sensitive,292,-6.635163858159132,True
L292L,0.0,292,True,neutral,sensitive,292,0.0,True
L292M,-3.36509419858318,292,True,neutral,sensitive,292,-3.3448763741859597,True
L292N,-6.972311744535849,292,True,impactful,sensitive,292,-6.930421394318297,True
L292P,-7.72753136984102,292,True,impactful,sensitive,292,-7.6811035841566735,True
L292Q,-6.81517360077472,292,True,impactful,sensitive,292,-6.774227352329417,True
L292R,-6.497838845422598,292,True,impactful,sensitive,292,-6.458799176104128,True
L292S,-5.5760593095917,292,True,impactful,sensitive,292,-5.54255778443461,True
L292T,-5.11584048032232,292,True,impactful,sensitive,292,-5.085103996179054,True
L292V,-2.87334186563264,292,True,neutral,sensitive,292,-2.856078538710915,True
L292W,-6.3994644313353,292,True,impactful,sensitive,292,-6.3610158053909,True
L292Y,-6.3828466276773606,292,True,impactful,sensitive,292,-6.344497843168711,True
Q293A,-3.0010726677121204,293,True,neutral,tolerant,293,-2.42008161706119,True
Q293C,-3.7237976601485,293,True,neutral,tolerant,293,-3.0028910529017976,True
Q293D,-3.79583432348084,293,True,mild,tolerant,293,-3.060981817101095,True
Q293E,-2.68757733974155,293,True,neutral,tolerant,293,-2.167277248670293,True
Q293F,-4.7905519576609805,293,True,mild,tolerant,293,-3.8631276253467743,True
Q293G,-3.90086473153327,293,True,mild,tolerant,293,-3.145678919738699,True
Q293H,-2.842950698072729,293,True,neutral,tolerant,293,-2.292571185176337,True
Q293I,-3.71715370826051,293,True,neutral,tolerant,293,-2.9975333333098155,True
Q293K,-2.12251245562999,293,True,neutral,tolerant,293,-1.7116057971930052,True
Q293L,-2.73582221177808,293,True,neutral,tolerant,293,-2.2061821806265343,True
Q293M,-3.15607575452191,293,True,neutral,tolerant,293,-2.5450769645620834,True
Q293N,-3.0312643457895203,293,True,neutral,tolerant,293,-2.444428353442967,True
Q293P,-2.2798159384495,293,True,neutral,tolerant,293,-1.838456196774104,True
Q293Q,0.0,293,True,neutral,tolerant,293,0.0,True
Q293R,-2.12932533389795,293,True,neutral,tolerant,293,-1.71709973995319,True
Q293S,-3.11440861139651,293,True,neutral,tolerant,293,-2.5114763496225887,True
Q293T,-1.6401817644719898,293,True,neutral,tolerant,293,-1.3226516570369207,True
Q293V,-3.1647135273888702,293,True,neutral,tolerant,293,-2.552042512431878,True
Q293W,-4.80611020776018,293,True,mild,tolerant,293,-3.8756738843773557,True
Q293Y,-3.8252572263310896,293,True,mild,tolerant,293,-3.084708608882765,True
H294A,-1.67531227766887,294,True,neutral,tolerant,294,-0.5674075309888065,True
H294C,-2.24471668066585,294,True,neutral,tolerant,294,-0.7602577540458657,True
H294D,-2.1311013257006,294,True,neutral,tolerant,294,-0.7217776396799928,True
H294E,-2.13765479717196,294,True,neutral,tolerant,294,-0.7239972193467424,True
H294F,-2.10083900091366,294,True,neutral,tolerant,294,-0.7115281648697014,True
H294G,-1.68138974703487,294,True,neutral,tolerant,294,-0.5694658946345504,True
H294H,0.0,294,True,neutral,tolerant,294,0.0,True
H294I,-2.45609491230036,294,True,neutral,tolerant,294,-0.8318489446049212,True
H294K,-2.30034207777836,294,True,neutral,tolerant,294,-0.7790973875020228,True
H294L,-2.1908859446198203,294,True,neutral,tolerant,294,-0.7420259500781371,True
H294M,-2.90513900472921,294,True,neutral,tolerant,294,-0.9839346203242533,True
H294N,-0.22532060961308495,294,True,neutral,tolerant,294,-0.07631330139796354,True
H294P,-3.50708731963951,294,True,neutral,tolerant,294,-1.187807063509221,True
H294Q,-1.00331701482951,294,True,neutral,tolerant,294,-0.3398110535998791,True
H294R,-0.557459559343272,294,True,neutral,tolerant,294,-0.18880465236797653,True
H294S,-0.740475393889363,294,True,neutral,tolerant,294,-0.2507898501104231,True
H294T,-2.31468704260508,294,True,neutral,tolerant,294,-0.7839558495230714,True
H294V,-1.8904746790434,294,True,neutral,tolerant,294,-0.6402803729973546,True
H294W,-3.5662250558011603,294,True,neutral,tolerant,294,-1.207836282724662,True
H294Y,-1.24044920369859,294,True,neutral,tolerant,294,-0.42012479068500197,True
N295A,-5.11611109898758,295,True,impactful,sensitive,295,-4.812401319207404,True
N295C,-4.97892209294964,295,True,impactful,sensitive,295,-4.683356319819415,True
N295D,-4.10512284390115,295,True,mild,sensitive,295,-3.8614287702641428,True
N295E,-4.131399088904,295,True,mild,sensitive,295,-3.886145167869456,True
N295F,-8.39616529767675,295,True,impactful,sensitive,295,-7.8977403291376636,True
N295G,-6.06670955318316,295,True,impactful,sensitive,295,-5.706569011522101,True
N295H,-3.7250159156250096,295,True,neutral,sensitive,295,-3.5038862838552856,True
N295I,-7.12594122910357,295,True,impactful,sensitive,295,-6.702921087526544,True
N295K,-5.52095892253684,295,True,impactful,sensitive,295,-5.193215997081044,True
N295L,-6.636575860307831,295,True,impactful,sensitive,295,-6.242606113750258,True
N295M,-6.24148785647537,295,True,impactful,sensitive,295,-5.870971879454094,True
N295N,0.0,295,True,neutral,sensitive,295,0.0,True
N295P,-7.32001703251024,295,True,impactful,sensitive,295,-6.885475890240918,True
N295Q,-3.84740308371418,295,True,mild,sensitive,295,-3.6190081328086703,True
N295R,-6.55791471647785,295,True,impactful,sensitive,295,-6.16861456332973,True
N295S,-4.8541221624446,295,True,mild,sensitive,295,-4.565964938244787,True
N295T,-4.898080319278679,295,True,mild,sensitive,295,-4.607313589172267,True
N295V,-7.16760343005929,295,True,impactful,sensitive,295,-6.742110078336394,True
N295W,-8.39616529767675,295,True,impactful,sensitive,295,-7.8977403291376636,True
N295Y,-7.96592472351733,295,True,impactful,sensitive,295,-7.49304030081516,True
T296A,-0.3784245734915061,296,True,neutral,tolerant,296,-0.11512300568524866,True
T296C,-2.8086452546135803,296,True,neutral,tolerant,296,-0.854436276776258,True
T296D,-2.54347291664618,296,True,neutral,tolerant,296,-0.7737664717217589,True
T296E,-2.21996366540735,296,True,neutral,tolerant,296,-0.6753496141007665,True
T296F,-4.38435968868903,296,True,mild,tolerant,296,-1.3337946336575615,True
T296G,-2.2731426438154703,296,True,neutral,tolerant,296,-0.6915275376883614,True
T296H,-2.5755244267724304,296,True,neutral,tolerant,296,-0.7835170704961485,True
T296I,-3.45754019800314,296,True,neutral,tolerant,296,-1.05184083633677,True
T296K,-1.16293790076798,296,True,neutral,tolerant,296,-0.353784917629585,True
T296L,-3.5210215050437794,296,True,neutral,tolerant,296,-1.0711528984576792,True
T296M,-3.4548010213265496,296,True,neutral,tolerant,296,-1.0510075335488391,True
T296N,-1.2845786152383,296,True,neutral,tolerant,296,-0.3907900321080682,True
T296P,-1.7994007755215902,296,True,neutral,tolerant,296,-0.5474074365708772,True
T296Q,-1.99384952216848,296,True,neutral,tolerant,296,-0.6065619570059034,True
T296R,-1.6687432752655402,296,True,neutral,tolerant,296,-0.5076592669263517,True
T296S,-0.958773519138938,296,True,neutral,tolerant,296,-0.29167474056009024,True
T296T,0.0,296,True,neutral,tolerant,296,0.0,True
T296V,-3.29082646687185,296,True,neutral,tolerant,296,-1.0011237657201408,True
T296W,-4.475595187342809,296,True,mild,tolerant,296,-1.3615499792824703,True
T296Y,-4.29361575862797,296,True,mild,tolerant,296,-1.3061888313177836,True
V297A,-0.390006348640488,297,True,neutral,tolerant,297,-0.3154368808701356,True
V297C,-2.70420241022933,297,True,neutral,tolerant,297,-2.187157148845677,True
V297D,-4.60789636488865,297,True,mild,tolerant,297,-3.7268635799905,True
V297E,-4.49335685808692,297,True,mild,tolerant,297,-3.634224101459225,True
V297F,-4.87289610724934,297,True,mild,tolerant,297,-3.9411951990860143,True
V297G,-3.9536076211238496,297,True,mild,tolerant,297,-3.197675270002609,True
V297H,-4.55721835631953,297,True,mild,tolerant,297,-3.685875239653279,True
V297I,-1.16034220681296,297,True,neutral,tolerant,297,-0.9384840214394721,True
V297K,-3.1365431027730097,297,True,neutral,tolerant,297,-2.5368340195033023,True
V297L,-3.74525483347279,297,True,neutral,tolerant,297,-3.029159670996729,True
V297M,-2.61781859446984,297,True,neutral,tolerant,297,-2.1172899748988447,True
V297N,-3.87489136612818,297,True,mild,tolerant,297,-3.1340096142096545,True
V297P,-5.31005909789953,297,True,impactful,tolerant,297,-4.29477234131267,True
V297Q,-4.06031272011138,297,True,mild,tolerant,297,-3.283978284594283,True
V297R,-3.5234528783332504,297,True,neutral,tolerant,297,-2.849766394082131,True
V297S,-1.87387368444102,297,True,neutral,tolerant,297,-1.515587816006493,True
V297T,-0.946027653989158,297,True,neutral,tolerant,297,-0.765146550643234,True
V297V,0.0,297,True,neutral,tolerant,297,0.0,True
V297W,-5.07257023291516,297,True,impactful,tolerant,297,-4.102691501928401,True
V297Y,-3.63858684207541,297,True,neutral,tolerant,297,-2.9428866689998094,True
L298A,-6.72650788674355,298,True,impactful,sensitive,298,-6.650237745971774,True
L298C,-6.79315190455705,298,True,impactful,sensitive,298,-6.716126104428915,True
L298D,-7.42046213146613,298,True,impactful,sensitive,298,-7.33632342221494,True
L298E,-6.927054999069831,298,True,impactful,sensitive,298,-6.848510906234661,True
L298F,-6.57171765284835,298,True,impactful,sensitive,298,-6.49720263867838,True
L298G,-7.784266861741679,298,True,impactful,sensitive,298,-7.69600306433795,True
L298H,-7.17218949918383,298,True,impactful,sensitive,298,-7.090865889376924,True
L298I,-3.44848032040621,298,True,neutral,sensitive,298,-3.409378890077937,True
L298K,-7.295504703389809,298,True,impactful,sensitive,298,-7.212782854237547,True
L298L,0.0,298,True,neutral,sensitive,298,0.0,True
L298M,-3.42915310167467,298,True,neutral,sensitive,298,-3.3902708177026044,True
L298N,-7.02867810595965,298,True,impactful,sensitive,298,-6.948981734884618,True
L298P,-7.11126467409795,298,True,impactful,sensitive,298,-7.030631875193824,True
L298Q,-6.97363964673033,298,True,impactful,sensitive,298,-6.894567342571439,True
L298R,-7.29024013384108,298,True,impactful,sensitive,298,-7.207577978287242,True
L298S,-6.76798992807714,298,True,impactful,sensitive,298,-6.691249433120802,True
L298T,-6.815723514879428,298,True,impactful,sensitive,298,-6.738441781074307,True
L298V,-3.39045286324445,298,True,neutral,sensitive,298,-3.3520093913101716,True
L298W,-7.49225295136469,298,True,impactful,sensitive,298,-7.407300224493661,True
L298Y,-7.49225295136469,298,True,impactful,sensitive,298,-7.407300224493661,True
T299A,-1.80409461021351,299,True,neutral,tolerant,299,-1.403019388911706,True
T299C,-3.556641041029529,299,True,neutral,tolerant,299,-2.765950472726586,True
T299D,-5.019137431743849,299,True,impactful,tolerant,299,-3.903313657988108,True
T299E,-3.7053568576985,299,True,neutral,tolerant,299,-2.881604703410037,True
T299F,-6.397590144777559,299,True,impactful,tolerant,299,-4.975317239250043,True
T299G,-6.21126028374182,299,True,impactful,tolerant,299,-4.830411087274218,True
T299H,-4.17520254566436,299,True,mild,tolerant,299,-3.2469971868644647,True
T299I,-3.57663850977489,299,True,neutral,tolerant,299,-2.781502227174528,True
T299K,-3.70307112653392,299,True,neutral,tolerant,299,-2.8798271219441927,True
T299L,-3.6971009734754094,299,True,neutral,tolerant,299,-2.8751842166062795,True
T299M,-3.2631919435272003,299,True,neutral,tolerant,299,-2.537739174314867,True
T299N,-3.88783733936447,299,True,mild,tolerant,299,-3.023517246369746,True
T299P,-6.61144145723075,299,True,impactful,tolerant,299,-5.141626442779305,True
T299Q,-3.73005217843835,299,True,neutral,tolerant,299,-2.9008099122817064,True
T299R,-4.160665871987471,299,True,mild,tolerant,299,-3.2356922171009646,True
T299S,-1.797544308891,299,True,neutral,tolerant,299,-1.3979253103048153,True
T299T,0.0,299,True,neutral,tolerant,299,0.0,True
T299V,-2.7691079090830804,299,True,neutral,tolerant,299,-2.1534968645422214,True
T299W,-6.4412553833577695,299,True,impactful,tolerant,299,-5.009275090463977,True
T299Y,-6.484877178585348,299,True,impactful,tolerant,299,-5.043199156384326,True
E300A,-4.20344248145081,300,True,mild,sensitive,300,-3.625160196241182,True
E300C,-4.88686430299438,300,True,mild,sensitive,300,-4.214561287283895,True
E300D,-3.80925438153569,300,True,mild,sensitive,300,-3.2852019320445898,True
E300E,0.0,300,True,neutral,sensitive,300,0.0,True
E300F,-5.85939782138538,300,True,impactful,sensitive,300,-5.053299967767657,True
E300G,-6.1531920410726,300,True,impactful,sensitive,300,-5.306675889002637,True
E300H,-4.78219104659234,300,True,mild,sensitive,300,-4.12428829689706,True
E300I,-5.28747467624194,300,True,impactful,sensitive,300,-4.560058290206396,True
E300K,-5.402423359481549,300,True,impactful,sensitive,300,-4.659193081018793,True
E300L,-5.45822517189693,300,True,impactful,sensitive,300,-4.707318042913487,True
E300M,-5.62635264885304,300,True,impactful,sensitive,300,-4.8523156347790435,True
E300N,-4.719981856982769,300,True,mild,sensitive,300,-4.070637443100864,True
E300P,-7.686049433569192,300,True,impactful,sensitive,300,-6.628652728299069,True
E300Q,-3.35381225606939,300,True,neutral,sensitive,300,-2.892416572849653,True
E300R,-4.89459617316675,300,True,mild,sensitive,300,-4.221229457031684,True
E300S,-4.66505693569088,300,True,mild,sensitive,300,-4.023268735350565,True
E300T,-4.60306066195403,300,True,mild,sensitive,300,-3.9698015058457305,True
E300V,-5.358180281163,300,True,impactful,sensitive,300,-4.6210366777404435,True
E300W,-5.79712574451261,300,True,impactful,sensitive,300,-4.999594878329031,True
E300Y,-5.79016650902658,300,True,impactful,sensitive,300,-4.993593049211218,True
L301A,-6.57810521198441,301,True,impactful,sensitive,301,-6.57810521198441,True
L301C,-6.510094876067551,301,True,impactful,sensitive,301,-6.510094876067551,True
L301D,-6.68688005476794,301,True,impactful,sensitive,301,-6.68688005476794,True
L301E,-6.72402198469976,301,True,impactful,sensitive,301,-6.72402198469976,True
L301F,-4.03591539029709,301,True,mild,sensitive,301,-4.03591539029709,True
L301G,-8.29955071250602,301,True,impactful,sensitive,301,-8.29955071250602,True
L301H,-6.87312208380028,301,True,impactful,sensitive,301,-6.87312208380028,True
L301I,-3.11592111140611,301,True,neutral,sensitive,301,-3.11592111140611,True
L301K,-7.131904451420961,301,True,impactful,sensitive,301,-7.131904451420961,True
L301L,0.0,301,True,neutral,sensitive,301,0.0,True
L301M,-2.25379926114148,301,True,neutral,sensitive,301,-2.25379926114148,True
L301N,-6.7371468755057,301,True,impactful,sensitive,301,-6.7371468755057,True
L301P,-7.71236194786798,301,True,impactful,sensitive,301,-7.71236194786798,True
L301Q,-6.66652414583424,301,True,impactful,sensitive,301,-6.66652414583424,True
L301R,-7.114179694007912,301,True,impactful,sensitive,301,-7.114179694007912,True
L301S,-6.082548053801039,301,True,impactful,sensitive,301,-6.082548053801039,True
L301T,-6.6417585095997,301,True,impactful,sensitive,301,-6.6417585095997,True
L301V,-3.1879069514822205,301,True,neutral,sensitive,301,-3.1879069514822205,True
L301W,-5.41870360073776,301,True,impactful,sensitive,301,-5.41870360073776,True
L301Y,-5.752281167923419,301,True,impactful,sensitive,301,-5.752281167923419,True
R302A,-5.10166504015253,302,True,impactful,sensitive,302,-3.3679207083915452,True
R302C,-5.10514209687596,302,True,impactful,sensitive,302,-3.370216125917182,True
R302D,-4.29685881015131,302,True,mild,sensitive,302,-2.8366189575061918,True
R302E,-4.414715225489349,302,True,mild,sensitive,302,-2.9144231760720403,True
R302F,-5.1613980502684,302,True,impactful,sensitive,302,-3.4073541169278663,True
R302G,-5.589120567105732,302,True,impactful,sensitive,302,-3.6897198760602476,True
R302H,-3.45754498191714,302,True,neutral,sensitive,302,-2.282536633264706,True
R302I,-5.34716247292733,302,True,impactful,sensitive,302,-3.5299885590230113,True
R302K,-3.30565174820407,302,True,neutral,sensitive,302,-2.1822626318826965,True
R302L,-5.001059721664371,302,True,impactful,sensitive,302,-3.3015049925725255,True
R302M,-5.42326723351138,302,True,impactful,sensitive,302,-3.5802299600481438,True
R302N,-3.95855349272486,302,True,mild,sensitive,302,-2.6132829534071353,True
R302P,-7.133888551001968,302,True,impactful,sensitive,302,-4.709515578380375,True
R302Q,-3.3529703997961,302,True,neutral,sensitive,302,-2.213500564074575,True
R302R,0.0,302,True,neutral,sensitive,302,0.0,True
R302S,-4.75760743410034,302,True,mild,sensitive,302,-3.1407872672144377,True
R302T,-4.7736069535758086,302,True,mild,sensitive,302,-3.151349527288677,True
R302V,-5.360458538793661,302,True,impactful,sensitive,302,-3.538766104239899,True
R302W,-5.22706816556882,302,True,impactful,sensitive,302,-3.4507069712415106,True
R302Y,-5.1519676643258,302,True,impactful,sensitive,302,-3.4011285431486713,True
F303A,-4.01013168782256,303,True,mild,sensitive,303,-3.972050687985695,True
F303C,-4.227849513060471,303,True,mild,sensitive,303,-4.187701021900929,True
F303D,-7.03230517369869,303,True,impactful,sensitive,303,-6.965525019574171,True
F303E,-6.519882039698008,303,True,impactful,sensitive,303,-6.457967956516133,True
F303F,0.0,303,True,neutral,sensitive,303,0.0,True
F303G,-5.49290865735617,303,True,impactful,sensitive,303,-5.440746915556046,True
F303H,-7.03230517369869,303,True,impactful,sensitive,303,-6.965525019574171,True
F303I,-2.60608653228422,303,True,neutral,sensitive,303,-2.5813386216078356,True
F303K,-6.99596294354833,303,True,impactful,sensitive,303,-6.929527902394697,True
F303L,-2.97239830192936,303,True,neutral,sensitive,303,-2.9441718225859015,True
F303M,-2.7733147811688705,303,True,neutral,sensitive,303,-2.746978838124912,True
F303N,-6.54131295952641,303,True,impactful,sensitive,303,-6.479195364111515,True
F303P,-6.34598432511828,303,True,impactful,sensitive,303,-6.285721608862995,True
F303Q,-6.64120330625991,303,True,impactful,sensitive,303,-6.5781371324506415,True
F303R,-6.955888288703692,303,True,impactful,sensitive,303,-6.889833804360508,True
F303S,-5.16785788992714,303,True,impactful,sensitive,303,-5.118782894195487,True
F303T,-4.72305647174602,303,True,mild,sensitive,303,-4.67820539783335,True
F303V,-2.63530342064207,303,True,neutral,sensitive,303,-2.6102780606429694,True
F303W,-4.57165829468687,303,True,mild,sensitive,303,-4.5282449276638275,True
F303Y,-4.6634992672075,303,True,mild,sensitive,303,-4.619213760231998,True
H304A,-3.4872753415886497,304,True,neutral,sensitive,304,-2.4735009820331193,True
H304C,-3.83097658757029,304,True,mild,sensitive,304,-2.7172859677848624,True
H304D,-3.2130246315096005,304,True,neutral,sensitive,304,-2.2789767950227593,True
H304E,-3.63650393553124,304,True,neutral,sensitive,304,-2.579347821616559,True
H304F,-4.727833863910711,304,True,mild,sensitive,304,-3.353420811316026,True
H304G,-5.02790399554619,304,True,impactful,sensitive,304,-3.56625854065375,True
H304H,0.0,304,True,neutral,sensitive,304,0.0,True
H304I,-5.221052382602322,304,True,impactful,sensitive,304,-3.7032573945623755,True
H304K,-5.058323753342281,304,True,impactful,sensitive,304,-3.587835070583722,True
H304L,-4.64875330591409,304,True,mild,sensitive,304,-3.297329502570884,True
H304M,-4.75317159127212,304,True,mild,sensitive,304,-3.371392691185535,True
H304N,-4.07351890797428,304,True,mild,sensitive,304,-2.889319606926921,True
H304P,-6.07786672007514,304,True,impactful,sensitive,304,-4.310990050451141,True
H304Q,-2.54797624690167,304,True,neutral,sensitive,304,-1.8072624417540932,True
H304R,-4.987682021330519,304,True,impactful,sensitive,304,-3.537729364441226,True
H304S,-3.71369558403178,304,True,neutral,sensitive,304,-2.634099339540538,True
H304T,-3.85051411243398,304,True,mild,sensitive,304,-2.7311438029722663,True
H304V,-5.05726108352961,304,True,impactful,sensitive,304,-3.5870813260216363,True
H304W,-5.02675591121077,304,True,impactful,sensitive,304,-3.565444212144254,True
H304Y,-4.847059729868049,304,True,mild,sensitive,304,-3.4379869174138826,True
N305A,-5.473494166249349,305,True,impactful,sensitive,305,-2.2681731721720184,True
N305C,-5.67461903388762,305,True,impactful,sensitive,305,-2.351517744245687,True
N305D,-4.71247568867093,305,True,mild,sensitive,305,-1.9528130672843267,True
N305E,-4.8334422894139815,305,True,mild,sensitive,305,-2.0029406805055254,True
N305F,-5.98896601814273,305,True,impactful,sensitive,305,-2.4817806758912675,True
N305G,-5.13908182770092,305,True,impactful,sensitive,305,-2.1295953146462088,True
N305H,-4.74504950748492,305,True,mild,sensitive,305,-1.966311403028368,True
N305I,-6.16383796446354,305,True,impactful,sensitive,305,-2.554246242705265,True
N305K,-6.12556032946136,305,True,impactful,sensitive,305,-2.538384290144597,True
N305L,-5.52736988145088,305,True,impactful,sensitive,305,-2.290498847168659,True
N305M,-6.0759296025882,305,True,impactful,sensitive,305,-2.5178177051095325,True
N305N,0.0,305,True,neutral,sensitive,305,0.0,True
N305P,-6.8407242577517104,305,True,impactful,sensitive,305,-2.8347426284535358,True
N305Q,-4.70576814328919,305,True,mild,sensitive,305,-1.950033512940449,True
N305R,-6.19666260675587,305,True,impactful,sensitive,305,-2.5678485177369423,True
N305S,-5.13248194647347,305,True,impactful,sensitive,305,-2.1268603754857853,True
N305T,-5.41238304243996,305,True,impactful,sensitive,305,-2.2428492004392195,True
N305V,-6.1532305917989,305,True,impactful,sensitive,305,-2.5498506304374153,True
N305W,-6.124381450276131,305,True,impactful,sensitive,305,-2.53789577183071,True
N305Y,-6.14738080789047,305,True,impactful,sensitive,305,-2.547426525739192,True
Q306A,-5.745232237455991,306,True,impactful,sensitive,306,-4.8908326479309,True
Q306C,-5.822529765951152,306,True,impactful,sensitive,306,-4.956634909761815,True
Q306D,-4.85533261884857,306,True,mild,sensitive,306,-4.1332740448702046,True
Q306E,-4.41128211628812,306,True,mild,sensitive,306,-3.7552603100913227,True
Q306F,-6.66798925233078,306,True,impactful,sensitive,306,-5.676362274572288,True
Q306G,-6.356717698360961,306,True,impactful,sensitive,306,-5.41138132765727,True
Q306H,-4.9371829494595705,306,True,mild,sensitive,306,-4.202952040928634,True
Q306I,-6.17317835826383,306,True,impactful,sensitive,306,-5.255136956737944,True
Q306K,-5.8245659438757,306,True,impactful,sensitive,306,-4.958368278415819,True
Q306L,-6.137818417337071,306,True,impactful,sensitive,306,-5.225035553284482,True
Q306M,-6.107452806851339,306,True,impactful,sensitive,306,-5.199185750700395,True
Q306N,-4.594972609553031,306,True,mild,sensitive,306,-3.9116333555040823,True
Q306P,-6.35010722685716,306,True,impactful,sensitive,306,-5.4057539294055115,True
Q306Q,0.0,306,True,neutral,sensitive,306,0.0,True
Q306R,-6.20734172285174,306,True,impactful,sensitive,306,-5.284219732156559,True
Q306S,-5.62206623545328,306,True,impactful,sensitive,306,-4.785983221691392,True
Q306T,-5.740579878920928,306,True,impactful,sensitive,306,-4.886872162771601,True
Q306V,-6.26574518975552,306,True,impactful,sensitive,306,-5.333937754140617,True
Q306W,-6.54553789415398,306,True,impactful,sensitive,306,-5.5721212142283525,True
Q306Y,-6.580355956694209,306,True,impactful,sensitive,306,-5.601761324492173,True
R307A,-4.33227145286722,307,True,mild,sensitive,307,-1.7363821353567916,True
R307C,-3.96472105665242,307,True,mild,sensitive,307,-1.5890672801419123,True
R307D,-4.8999508081863885,307,True,mild,sensitive,307,-1.9639090347930435,True
R307E,-4.83094585538795,307,True,mild,sensitive,307,-1.936251726474783,True
R307F,-4.58332939739908,307,True,mild,sensitive,307,-1.8370066078920955,True
R307G,-5.3171056135267305,307,True,impactful,sensitive,307,-2.131105425774458,True
R307H,-4.04739596430136,307,True,mild,sensitive,307,-1.6222035307775653,True
R307I,-4.74228261044422,307,True,mild,sensitive,307,-1.900715339556746,True
R307K,-3.70587460325438,307,True,neutral,sensitive,307,-1.4853211593434665,True
R307L,-4.71574690225762,307,True,mild,sensitive,307,-1.8900797803251657,True
R307M,-4.7673988911263,307,True,mild,sensitive,307,-1.9107819897095444,True
R307N,-4.55896229945819,307,True,mild,sensitive,307,-1.827240231519939,True
R307P,-6.00524929555074,307,True,impactful,sensitive,307,-2.4069146424924757,True
R307Q,-3.89840071455513,307,True,mild,sensitive,307,-1.5624859685871457,True
R307R,0.0,307,True,neutral,sensitive,307,0.0,True
R307S,-3.82871312563156,307,True,mild,sensitive,307,-1.5345550584908056,True
R307T,-5.01192506087558,307,True,impactful,sensitive,307,-2.008788515246827,True
R307V,-4.12614881678945,307,True,mild,sensitive,307,-1.6537678147003112,True
R307W,-5.62200574843555,307,True,impactful,sensitive,307,-2.2533099443701623,True
R307Y,-4.7531890025174,307,True,mild,sensitive,307,-1.9050866409775131,True
H308A,-4.16803624856038,308,True,mild,sensitive,308,-2.4378080084608715,True
H308C,-4.7061907399869805,308,True,mild,sensitive,308,-2.7525647070001615,True
H308D,-4.655701090609299,308,True,mild,sensitive,308,-2.723034236472271,True
H308E,-3.73880455791273,308,True,neutral,sensitive,308,-2.186758259719493,True
H308F,-5.83628281359395,308,True,impactful,sensitive,308,-3.4135348481040855,True
H308G,-4.22862751766764,308,True,mild,sensitive,308,-2.4732467312223405,True
H308H,0.0,308,True,neutral,sensitive,308,0.0,True
H308I,-5.40376722553118,308,True,impactful,sensitive,308,-3.1605644079530992,True
H308K,-5.4636933013855495,308,True,impactful,sensitive,308,-3.195614071372863,True
H308L,-5.52876811626117,308,True,impactful,sensitive,308,-3.2336751378781483,True
H308M,-5.05905035076133,308,True,impactful,sensitive,308,-2.958945825999596,True
H308N,-3.3757933814449,308,True,neutral,sensitive,308,-1.9744396760076224,True
H308P,-5.60380562775307,308,True,impactful,sensitive,308,-3.277563203034278,True
H308Q,-3.28568010222534,308,True,neutral,sensitive,308,-1.921734070621875,True
H308R,-5.02756568290455,308,True,impactful,sensitive,308,-2.9405310208328945,True
H308S,-3.71806128072588,308,True,neutral,sensitive,308,-2.174625897083421,True
H308T,-4.74260783037296,308,True,mild,sensitive,308,-2.7738643957009135,True
H308V,-5.2450005702943,308,True,impactful,sensitive,308,-3.067704701239489,True
H308W,-6.0512701556422615,308,True,impactful,sensitive,308,-3.539277004099996,True
H308Y,-5.12623410722456,308,True,impactful,sensitive,308,-2.9982403737860066,True
I309A,-3.40297371919249,309,True,neutral,tolerant,309,-1.4149155108412428,True
I309C,-3.4618616557551003,309,True,neutral,tolerant,309,-1.439400406029809,True
I309D,-3.95498063531823,309,True,mild,tolerant,309,-1.6444333420583728,True
I309E,-4.14828985110345,309,True,mild,tolerant,309,-1.7248089871185905,True
I309F,-4.09534201766378,309,True,mild,tolerant,309,-1.7027939153075144,True
I309G,-4.82984051401345,309,True,mild,tolerant,309,-2.0081895489303707,True
I309H,-4.17539391423246,309,True,mild,tolerant,309,-1.7360785303159905,True
I309I,0.0,309,True,neutral,tolerant,309,0.0,True
I309K,-3.59581163870139,309,True,neutral,tolerant,309,-1.4950951965827606,True
I309L,-2.67820965958981,309,True,neutral,tolerant,309,-1.1135673388443577,True
I309M,-1.4891787238203895,309,True,neutral,tolerant,309,-0.6191825881183216,True
I309N,-3.17950336152535,309,True,neutral,tolerant,309,-1.321999226036226,True
I309P,-3.37336367927404,309,True,neutral,tolerant,309,-1.4026040126592396,True
I309Q,-2.9874114977953,309,True,neutral,tolerant,309,-1.2421297413072798,True
I309R,-3.65495587002398,309,True,neutral,tolerant,309,-1.5196866560475057,True
I309S,-3.1318580128529705,309,True,neutral,tolerant,309,-1.3021888635653733,True
I309T,-3.17747357209176,309,True,neutral,tolerant,309,-1.3211552640223174,True
I309V,-2.71769416135094,309,True,neutral,tolerant,309,-1.1299845194016374,True
I309W,-3.7628781257886,309,True,neutral,tolerant,309,-1.5645594309341047,True
I309Y,-4.18587172260922,309,True,mild,tolerant,309,-1.7404350769176544,True
M310A,-4.22270018872077,310,True,mild,sensitive,310,-3.974767814818429,True
M310C,-2.22265611721373,310,True,neutral,sensitive,310,-2.0921546885351523,True
M310D,-5.1150894483532,310,True,impactful,sensitive,310,-4.814761171900968,True
M310E,-5.11260417113648,310,True,impactful,sensitive,310,-4.81242181569512,True
M310F,-3.79236270005102,310,True,mild,sensitive,310,-3.569697238403083,True
M310G,-5.554906661652759,310,True,impactful,sensitive,310,-5.228754878699227,True
M310H,-5.27505649498429,310,True,impactful,sensitive,310,-4.965335884753938,True
M310I,-2.93386318395196,310,True,neutral,sensitive,310,-2.7616038163925856,True
M310K,-5.60132648675361,310,True,impactful,sensitive,310,-5.272449201889208,True
M310L,-1.34858436004468,310,True,neutral,sensitive,310,-1.2694033368011763,True
M310M,0.0,310,True,neutral,sensitive,310,0.0,True
M310N,-5.0796290007214,310,True,impactful,sensitive,310,-4.781382755331774,True
M310P,-4.84940335950418,310,True,mild,sensitive,310,-4.56467462357749,True
M310Q,-4.73226744441968,310,True,mild,sensitive,310,-4.454416247555246,True
M310R,-5.604206760361558,310,True,impactful,sensitive,310,-5.2751603625975445,True
M310S,-4.571713068768362,310,True,mild,sensitive,310,-4.303288690223155,True
M310T,-4.742045275407071,310,True,mild,sensitive,310,-4.463619981225761,True
M310V,-3.73631501101562,310,True,neutral,sensitive,310,-3.516940343403074,True
M310W,-5.1906698562943,310,True,impactful,sensitive,310,-4.885903938256384,True
M310Y,-4.919220475845631,310,True,mild,sensitive,310,-4.630392485266719,True
G311A,-4.90205659132574,311,True,mild,sensitive,311,-3.5466851940732766,True
G311C,-6.00132933200112,311,True,impactful,sensitive,311,-4.342019617690633,True
G311D,-5.709994865670098,311,True,impactful,sensitive,311,-4.131236323167298,True
G311E,-5.86128087449967,311,True,impactful,sensitive,311,-4.240693208780519,True
G311F,-7.05437240917947,311,True,impactful,sensitive,311,-5.103906434166523,True
G311G,0.0,311,True,neutral,sensitive,311,0.0,True
G311H,-5.954248537177769,311,True,impactful,sensitive,311,-4.3079562088306345,True
G311I,-6.952321726564831,311,True,impactful,sensitive,311,-5.030071781642341,True
G311K,-6.46441799094858,311,True,impactful,sensitive,311,-4.677068726086997,True
G311L,-6.96107450959934,311,True,impactful,sensitive,311,-5.036404504534679,True
G311M,-7.1174972724225904,311,True,impactful,sensitive,311,-5.1495778811747925,True
G311N,-5.652197770365,311,True,impactful,sensitive,311,-4.089419567615809,True
G311P,-6.44314636357684,311,True,impactful,sensitive,311,-4.661678498649254,True
G311Q,-5.9745437373023,311,True,impactful,sensitive,311,-4.322639981743374,True
G311R,-6.364245166094428,311,True,impactful,sensitive,311,-4.60459272175294,True
G311S,-5.42637210728166,311,True,impactful,sensitive,311,-3.926032523672512,True
G311T,-5.68322201387123,311,True,impactful,sensitive,311,-4.111865906830981,True
G311V,-7.07334177523229,311,True,impactful,sensitive,311,-5.117630953348848,True
G311W,-7.207658550372258,311,True,impactful,sensitive,311,-5.214810434823532,True
G311Y,-7.0163873904697684,311,True,impactful,sensitive,311,-5.076423906997683,True
S312A,-2.3047370972064,312,True,neutral,tolerant,312,-1.3894096169680854,True
S312C,-3.2522372030873705,312,True,neutral,tolerant,312,-1.9606095862769508,True
S312D,-2.9234222922902697,312,True,neutral,tolerant,312,-1.7623836802429138,True
S312E,-3.69883243138535,312,True,neutral,tolerant,312,-2.2298392983518727,True
S312F,-4.7867896329790085,312,True,mild,tolerant,312,-2.8857137582094268,True
S312G,-1.6967197033086,312,True,neutral,tolerant,312,-1.0228666323519873,True
S312H,-2.23274806401466,312,True,neutral,tolerant,312,-1.3460110639816834,True
S312I,-3.9684737540160095,312,True,mild,tolerant,312,-2.39239243608248,True
S312K,-4.69523503040313,312,True,mild,tolerant,312,-2.830520111415263,True
S312L,-4.53084659151572,312,True,mild,tolerant,312,-2.731418622492562,True
S312M,-4.73658953011029,312,True,mild,tolerant,312,-2.8554506510710347,True
S312N,-2.7956723997193302,312,True,neutral,tolerant,312,-1.6853697208113374,True
S312P,-4.28590401893341,312,True,mild,tolerant,312,-2.5837551139894543,True
S312Q,-2.81588419916749,312,True,neutral,tolerant,312,-1.6975543940929636,True
S312R,-4.60099403284262,312,True,mild,tolerant,312,-2.7737069727358223,True
S312S,0.0,312,True,neutral,tolerant,312,0.0,True
S312T,-2.87350664987114,312,True,neutral,tolerant,312,-1.7322920599455953,True
S312V,-3.72148889698336,312,True,neutral,tolerant,312,-2.243497737410513,True
S312W,-5.253096879037661,312,True,impactful,tolerant,312,-3.1668268504233335,True
S312Y,-4.84392431235207,312,True,mild,tolerant,312,-2.920157371357122,True
Q313A,-3.28232862374048,313,True,neutral,tolerant,313,-1.1910016856636607,True
Q313C,-4.57801876163296,313,True,mild,tolerant,313,-1.661146304080679,True
Q313D,-4.01029172247529,313,True,mild,tolerant,313,-1.4551450354255373,True
Q313E,-3.5743136701435,313,True,neutral,tolerant,313,-1.2969492376361638,True
Q313F,-5.65095355438022,313,True,impactful,tolerant,313,-2.0504635520632846,True
Q313G,-4.47982160290092,313,True,mild,tolerant,313,-1.6255152034250826,True
Q313H,-2.39259433423929,313,True,neutral,tolerant,313,-0.8681592283532494,True
Q313I,-3.73670920490072,313,True,neutral,tolerant,313,-1.355874890065106,True
Q313K,-2.79927683401088,313,True,neutral,tolerant,313,-1.0157250568490896,True
Q313L,-3.67920832135042,313,True,neutral,tolerant,313,-1.335010541279239,True
Q313M,-4.79476251829837,313,True,mild,tolerant,313,-1.739792353619559,True
Q313N,-2.9941259950951298,313,True,neutral,tolerant,313,-1.0864265940513684,True
Q313P,-4.26199590932346,313,True,mild,tolerant,313,-1.5464765701952483,True
Q313Q,0.0,313,True,neutral,tolerant,313,0.0,True
Q313R,-3.16589385373087,313,True,neutral,tolerant,313,-1.1487530191686905,True
Q313S,-3.3828020243514705,313,True,neutral,tolerant,313,-1.227458726749231,True
Q313T,-3.33474451399158,313,True,neutral,tolerant,313,-1.2100209310838468,True
Q313V,-4.25907185650162,313,True,mild,tolerant,313,-1.5454155698387966,True
Q313W,-5.66270632116835,313,True,impactful,tolerant,313,-2.0547280748032177,True
Q313Y,-5.61848845418351,313,True,impactful,tolerant,313,-2.038683503965767,True
V314A,-1.61720151100552,314,True,neutral,sensitive,314,-1.4039452734277016,True
V314C,-3.16015046195534,314,True,neutral,sensitive,314,-2.7434294824669028,True
V314D,-4.74829976854528,314,True,mild,sensitive,314,-4.122153591559587,True
V314E,-4.79876983942562,314,True,mild,sensitive,314,-4.165968302948248,True
V314F,-4.45253355944339,314,True,mild,sensitive,314,-3.8653893179162573,True
V314G,-3.10533622639347,314,True,neutral,sensitive,314,-2.6958434603107704,True
V314H,-4.8885507031498205,314,True,mild,sensitive,314,-4.243909993215082,True
V314I,-2.97716592604535,314,True,neutral,sensitive,314,-2.584574650491474,True
V314K,-5.54313940890885,314,True,impactful,sensitive,314,-4.812179756281368,True
V314L,-3.30506377050987,314,True,neutral,sensitive,314,-2.869233442713888,True
V314M,-3.43412373368165,314,True,neutral,sensitive,314,-2.981274597789927,True
V314N,-4.51028190622218,314,True,mild,sensitive,314,-3.9155225375284104,True
V314P,-6.12765129660209,314,True,impactful,sensitive,314,-5.319613552505682,True
V314Q,-4.53625658134418,314,True,mild,sensitive,314,-3.9380719985066395,True
V314R,-5.623772632316131,314,True,impactful,sensitive,314,-4.882180082223127,True
V314S,-2.62149923758217,314,True,neutral,sensitive,314,-2.275808820886792,True
V314T,-2.57394373937075,314,True,neutral,sensitive,314,-2.23452434490463,True
V314V,0.0,314,True,neutral,sensitive,314,0.0,True
V314W,-5.34530354406909,314,True,impactful,sensitive,314,-4.640432002234585,True
V314Y,-4.44594897851376,314,True,mild,sensitive,314,-3.859673028875748,True
E315A,-4.79093492617802,315,True,mild,sensitive,315,-4.768120301909794,True
E315C,-4.7211848768046,315,True,mild,sensitive,315,-4.698702405068952,True
E315D,-4.79428893247135,315,True,mild,sensitive,315,-4.771458336290636,True
E315E,0.0,315,True,neutral,sensitive,315,0.0,True
E315F,-6.23672653694494,315,True,impactful,sensitive,315,-6.207026995039957,True
E315G,-5.01951392670698,315,True,impactful,sensitive,315,-4.99561080007063,True
E315H,-4.8013807083497,315,True,mild,sensitive,315,-4.778516340847824,True
E315I,-5.24436030632264,315,True,impactful,sensitive,315,-5.219386452208658,True
E315K,-6.15524330955492,315,True,impactful,sensitive,315,-6.125931794046812,True
E315L,-4.781880054365678,315,True,mild,sensitive,315,-4.759108549760186,True
E315M,-5.305074275139691,315,True,impactful,sensitive,315,-5.279811298671151,True
E315N,-4.97528132420938,315,True,impactful,sensitive,315,-4.951588835000158,True
E315P,-6.81346713000906,315,True,impactful,sensitive,315,-6.781021126268602,True
E315Q,-4.610080353948719,315,True,mild,sensitive,315,-4.588126966406974,True
E315R,-5.513407953189981,315,True,impactful,sensitive,315,-5.487152883390938,True
E315S,-4.74087915902547,315,True,mild,sensitive,315,-4.718302902328008,True
E315T,-3.8654626652002,315,True,mild,sensitive,315,-3.8470551769566166,True
E315V,-5.108648738862611,315,True,impactful,sensitive,315,-5.08432114867585,True
E315W,-6.38656154789054,315,True,impactful,sensitive,315,-6.35614848565401,True
E315Y,-6.33426630296638,315,True,impactful,sensitive,315,-6.304102272783581,True
M316A,-4.14230584970071,316,True,mild,sensitive,316,-1.9120554730481845,True
M316C,-4.89308899280595,316,True,mild,sensitive,316,-2.258611007558127,True
M316D,-4.5628588340009095,316,True,mild,sensitive,316,-2.1061793896575876,True
M316E,-4.29714489034544,316,True,mild,sensitive,316,-1.983527944142437,True
M316F,-5.91112810323818,316,True,impactful,sensitive,316,-2.7285297734598997,True
M316G,-6.078393534651232,316,True,impactful,sensitive,316,-2.8057381678154734,True
M316H,-4.2748639737336,316,True,mild,sensitive,316,-1.9732432500377568,True
M316I,-4.48595548074611,316,True,mild,sensitive,316,-2.070681412728332,True
M316K,-4.6878806492194816,316,True,mild,sensitive,316,-2.1638884663681743,True
M316L,-3.3703831389203,316,True,neutral,sensitive,316,-1.5557420820356607,True
M316M,0.0,316,True,neutral,sensitive,316,0.0,True
M316N,-3.72359166532861,316,True,neutral,sensitive,316,-1.7187803318778563,True
M316P,-6.46253101472306,316,True,impactful,sensitive,316,-2.9830529769639447,True
M316Q,-3.99437934759606,316,True,mild,sensitive,316,-1.8437737748296654,True
M316R,-4.67717912825041,316,True,mild,sensitive,316,-2.1589487293035314,True
M316S,-3.90526532627204,316,True,mild,sensitive,316,-1.8026394505232561,True
M316T,-3.77933066134698,316,True,neutral,sensitive,316,-1.7445090096399865,True
M316V,-3.38736933250088,316,True,neutral,sensitive,316,-1.5635827740512804,True
M316W,-5.959386110892639,316,True,impactful,sensitive,316,-2.750805286423477,True
M316Y,-5.79192010984908,316,True,impactful,sensitive,316,-2.67350431071982,True
E317A,-3.543803196763509,317,True,neutral,sensitive,317,-2.5518606608254477,True
E317C,-4.105550891073181,317,True,mild,sensitive,317,-2.9563700996474007,True
E317D,-1.01251039515239,317,True,neutral,sensitive,317,-0.7290995866886562,True
E317E,0.0,317,True,neutral,sensitive,317,0.0,True
E317F,-5.41678795333188,317,True,impactful,sensitive,317,-3.9005800600792413,True
E317G,-4.99271979615204,317,True,impactful,sensitive,317,-3.5952124118971147,True
E317H,-4.21849591018841,317,True,mild,sensitive,317,-3.037700787361537,True
E317I,-5.16130364447813,317,True,impactful,sensitive,317,-3.716608117783606,True
E317K,-4.3771251563221805,317,True,mild,sensitive,317,-3.151928274157323,True
E317L,-4.54590826951746,317,True,mild,sensitive,317,-3.2734674688755967,True
E317M,-5.211901490047901,317,True,impactful,sensitive,317,-3.7530431691854282,True
E317N,-3.60614813993119,317,True,neutral,sensitive,317,-2.596754691062878,True
E317P,-5.955866605401231,317,True,impactful,sensitive,317,-4.2887657264173,True
E317Q,-2.74001241274588,317,True,neutral,sensitive,317,-1.9730581801623226,True
E317R,-4.56905445891697,317,True,mild,sensitive,317,-3.290134830717408,True
E317S,-3.83345452712577,317,True,mild,sensitive,317,-2.760435966582342,True
E317T,-4.1694307145459915,317,True,mild,sensitive,317,-3.0023693833236544,True
E317V,-5.23908096969828,317,True,impactful,sensitive,317,-3.77261486689281,True
E317W,-5.63433996619375,317,True,impactful,sensitive,317,-4.057237298780481,True
E317Y,-5.4733432165047295,317,True,impactful,sensitive,317,-3.9413049940668934,True
I318A,-4.98998429688042,318,True,impactful,sensitive,318,-4.98998429688042,True
I318C,-5.0990896576935,318,True,impactful,sensitive,318,-5.0990896576935,True
I318D,-6.05258009743988,318,True,impactful,sensitive,318,-6.05258009743988,True
I318E,-6.49613866184967,318,True,impactful,sensitive,318,-6.49613866184967,True
I318F,-4.13466118609164,318,True,mild,sensitive,318,-4.13466118609164,True
I318G,-5.923499719047741,318,True,impactful,sensitive,318,-5.923499719047741,True
I318H,-6.49613866184967,318,True,impactful,sensitive,318,-6.49613866184967,True
I318I,0.0,318,True,neutral,sensitive,318,0.0,True
I318K,-5.95427713793041,318,True,impactful,sensitive,318,-5.95427713793041,True
I318L,-0.935181384455215,318,True,neutral,sensitive,318,-0.935181384455215,True
I318M,-1.48295933104188,318,True,neutral,sensitive,318,-1.48295933104188,True
I318N,-6.49613866184967,318,True,impactful,sensitive,318,-6.49613866184967,True
I318P,-6.3418841278540095,318,True,impactful,sensitive,318,-6.3418841278540095,True
I318Q,-6.137944152485759,318,True,impactful,sensitive,318,-6.137944152485759,True
I318R,-5.891617165200829,318,True,impactful,sensitive,318,-5.891617165200829,True
I318S,-5.10281472873216,318,True,impactful,sensitive,318,-5.10281472873216,True
I318T,-4.95311824150811,318,True,mild,sensitive,318,-4.95311824150811,True
I318V,-2.52189106611275,318,True,neutral,sensitive,318,-2.52189106611275,True
I318W,-4.88705741989464,318,True,mild,sensitive,318,-4.88705741989464,True
I318Y,-4.71575360811865,318,True,mild,sensitive,318,-4.71575360811865,True
V319A,-0.0677484749590808,319,True,neutral,sensitive,319,-0.06351666616834323,True
V319C,-2.5497776579061,319,True,neutral,sensitive,319,-2.390509548717363,True
V319D,-4.85822998192273,319,True,mild,sensitive,319,-4.554767795396128,True
V319E,-4.8219046002963495,319,True,mild,sensitive,319,-4.520711425277183,True
V319F,-5.114529268142321,319,True,impactful,sensitive,319,-4.795057723867977,True
V319G,-3.90763768374561,319,True,mild,sensitive,319,-3.6635528462480895,True
V319H,-4.7351403270458885,319,True,mild,sensitive,319,-4.439366754674383,True
V319I,-2.84220483325756,319,True,neutral,sensitive,319,-2.664670690891688,True
V319K,-5.05245255892135,319,True,impactful,sensitive,319,-4.736858544937393,True
V319L,-3.46062844240077,319,True,neutral,sensitive,319,-3.244465379352144,True
V319M,-3.33735109622098,319,True,neutral,sensitive,319,-3.1288883711884865,True
V319N,-4.83493014464966,319,True,mild,sensitive,319,-4.532923348170649,True
V319P,-5.09724133999376,319,True,impactful,sensitive,319,-4.778849660710574,True
V319Q,-4.4307118535675185,319,True,mild,sensitive,319,-4.153953957799726,True
V319R,-5.1398148404138,319,True,impactful,sensitive,319,-4.818763870077365,True
V319S,-1.88847641558689,319,True,neutral,sensitive,319,-1.7705155153392012,True
V319T,-2.31870741286854,319,True,neutral,sensitive,319,-2.173872766496766,True
V319V,0.0,319,True,neutral,sensitive,319,0.0,True
V319W,-5.21995034306339,319,True,impactful,sensitive,319,-4.893893826480084,True
V319Y,-5.06174963927279,319,True,impactful,sensitive,319,-4.745574896846116,True
K320A,-3.4947872431563503,320,True,neutral,sensitive,320,-1.7324800824875952,True
K320C,-4.63149378069708,320,True,mild,sensitive,320,-2.2959826075065837,True
K320D,-3.29381725922535,320,True,neutral,sensitive,320,-1.632852703161393,True
K320E,-2.99878956663271,320,True,neutral,sensitive,320,-1.4865978482485687,True
K320F,-5.57435745677804,320,True,impactful,sensitive,320,-2.763390900389098,True
K320G,-4.25349516704716,320,True,mild,sensitive,320,-2.108596359419861,True
K320H,-3.40373871344238,320,True,neutral,sensitive,320,-1.68734435510444,True
K320I,-5.12609608231418,320,True,impactful,sensitive,320,-2.5411731088689042,True
K320K,0.0,320,True,neutral,sensitive,320,0.0,True
K320L,-4.1438209477608,320,True,mild,sensitive,320,-2.0542272699000113,True
K320M,-4.33312893691795,320,True,mild,sensitive,320,-2.148073417848728,True
K320N,-1.68417819803592,320,True,neutral,sensitive,320,-0.8349020928729947,True
K320P,-5.4568519667840985,320,True,impactful,sensitive,320,-2.705139594420158,True
K320Q,-2.44220781438797,320,True,neutral,sensitive,320,-1.2106821106229584,True
K320R,-2.17642626876097,320,True,neutral,sensitive,320,-1.078925525156063,True
K320S,-3.39750910388227,320,True,neutral,sensitive,320,-1.684256134353463,True
K320T,-3.21935118016252,320,True,neutral,sensitive,320,-1.5959374377042657,True
K320V,-5.00252614860298,320,True,impactful,sensitive,320,-2.479915460247177,True
K320W,-5.914158820846912,320,True,impactful,sensitive,320,-2.9318415253604044,True
K320Y,-5.750559760849769,320,True,impactful,sensitive,320,-2.8507401325606647,True
L321A,-3.20796157937596,321,True,neutral,sensitive,321,-2.7475647011407576,True
L321C,-3.02261583515184,321,True,neutral,sensitive,321,-2.588819213784915,True
L321D,-5.47768570983233,321,True,impactful,sensitive,321,-4.691544935275121,True
L321E,-4.90430507859615,321,True,mild,sensitive,321,-4.200454146398281,True
L321F,-4.980045953058389,321,True,impactful,sensitive,321,-4.265324921174351,True
L321G,-4.728325284423629,321,True,mild,sensitive,321,-4.04973043646018,True
L321H,-5.49602151348724,321,True,impactful,sensitive,321,-4.707249240218536,True
L321I,-1.54167771580374,321,True,neutral,sensitive,321,-1.3204208241489177,True
L321K,-5.764037354923018,321,True,impactful,sensitive,321,-4.936800264149044,True
L321L,0.0,321,True,neutral,sensitive,321,0.0,True
L321M,-2.53822172317723,321,True,neutral,sensitive,321,-2.1739438698723608,True
L321N,-4.649200707194192,321,True,mild,sensitive,321,-3.9819615776353254,True
L321P,-7.27681310296807,321,True,impactful,sensitive,321,-6.2324670429509705,True
L321Q,-5.42753730137219,321,True,impactful,sensitive,321,-4.648593673704753,True
L321R,-5.742916897390598,321,True,impactful,sensitive,321,-4.9187109503738755,True
L321S,-3.20890576249004,321,True,neutral,sensitive,321,-2.748373377969164,True
L321T,-3.44783842307081,321,True,neutral,sensitive,321,-2.9530151506081848,True
L321V,-1.72398815749195,321,True,neutral,sensitive,321,-1.4765666263468815,True
L321W,-5.18247504686132,321,True,impactful,sensitive,321,-4.438702007793025,True
L321Y,-4.33212900115677,321,True,mild,sensitive,321,-3.7103950374249632,True
L322A,-6.462019069572111,322,True,impactful,sensitive,322,-6.306721227562096,True
L322C,-6.417497032414711,322,True,impactful,sensitive,322,-6.263269161913289,True
L322D,-6.1928558102031515,322,True,impactful,sensitive,322,-6.04402660792916,True
L322E,-6.128245992583469,322,True,impactful,sensitive,322,-5.9809695194396415,True
L322F,-5.91234326209596,322,True,impactful,sensitive,322,-5.770255450230874,True
L322G,-7.5002031464922,322,True,impactful,sensitive,322,-7.319955247074581,True
L322H,-6.15944706256564,322,True,impactful,sensitive,322,-6.011420752755521,True
L322I,-3.4931685679964306,322,True,neutral,sensitive,322,-3.4092193356363065,True
L322K,-6.803988610393749,322,True,impactful,sensitive,322,-6.640472418801198,True
L322L,0.0,322,True,neutral,sensitive,322,0.0,True
L322M,-2.0423197343291,322,True,neutral,sensitive,322,-1.9932378848295784,True
L322N,-6.05456841316093,322,True,impactful,sensitive,322,-5.909062589246957,True
L322P,-7.42662884073617,322,True,impactful,sensitive,322,-7.248149108634103,True
L322Q,-6.14765082521762,322,True,impactful,sensitive,322,-5.999908007329185,True
L322R,-6.7583314277090585,322,True,impactful,sensitive,322,-6.595912487899092,True
L322S,-6.4896122867658095,322,True,impactful,sensitive,322,-6.333651313459188,True
L322T,-6.4135315925014185,322,True,impactful,sensitive,322,-6.259399021047326,True
L322V,-3.601917782510621,322,True,neutral,sensitive,322,-3.515355045276477,True
L322W,-6.1744602693729815,322,True,impactful,sensitive,322,-6.026073156136917,True
L322Y,-6.04057397410207,322,True,impactful,sensitive,322,-5.895404470177652,True
K323A,-4.496944138014871,323,True,mild,sensitive,323,-2.1280914667112603,True
K323C,-4.621906560927268,323,True,mild,sensitive,323,-2.1872275061411006,True
K323D,-3.65178628908916,323,True,neutral,sensitive,323,-1.7281369306700787,True
K323E,-3.2568243236272205,323,True,neutral,sensitive,323,-1.5412288520773796,True
K323F,-5.2567277906834,323,True,impactful,sensitive,323,-2.4876443226434155,True
K323G,-4.77934859359414,323,True,mild,sensitive,323,-2.2617338900180304,True
K323H,-4.45598852675566,323,True,mild,sensitive,323,-2.108710019186065,True
K323I,-5.15891191467057,323,True,impactful,sensitive,323,-2.4413548592515752,True
K323K,0.0,323,True,neutral,sensitive,323,0.0,True
K323L,-4.44994284662391,323,True,mild,sensitive,323,-2.1058490184922642,True
K323M,-4.89562036831156,323,True,mild,sensitive,323,-2.3167572489928085,True
K323N,-3.45287821779688,323,True,neutral,sensitive,323,-1.6340075494312103,True
K323P,-5.99140716838086,323,True,impactful,sensitive,323,-2.8353170680595676,True
K323Q,-3.7590739600646494,323,True,neutral,sensitive,323,-1.7789087370521461,True
K323R,-0.29570995199499395,323,True,neutral,sensitive,323,-0.13993899104558147,True
K323S,-4.26147814960114,323,True,mild,sensitive,323,-2.016661761279074,True
K323T,-4.12833602225954,323,True,mild,sensitive,323,-1.9536548356069845,True
K323V,-4.9198682600223895,323,True,mild,sensitive,323,-2.3282320927649027,True
K323W,-5.556793527236482,323,True,impactful,sensitive,323,-2.629644604126327,True
K323Y,-5.34099098092429,323,True,impactful,sensitive,323,-2.5275202407349093,True
E324A,-2.3295487221010296,324,True,neutral,tolerant,324,-1.214013124285447,True
E324C,-4.03686055796998,324,True,mild,tolerant,324,-2.103755826950799,True
E324D,-0.429451443486558,324,True,neutral,tolerant,324,-0.22380286949559697,True
E324E,0.0,324,True,neutral,tolerant,324,0.0,True
E324F,-4.7509275966724696,324,True,mild,tolerant,324,-2.475882302941659,True
E324G,-3.57236844996389,324,True,neutral,tolerant,324,-1.86169198432903,True
E324H,-2.92898887859976,324,True,neutral,tolerant,324,-1.5264033354491098,True
E324I,-3.61000893546613,324,True,neutral,tolerant,324,-1.8813078193492059,True
E324K,-2.96145123681458,324,True,neutral,tolerant,324,-1.5433206587676376,True
E324L,-4.10782738882118,324,True,mild,tolerant,324,-2.140739240615828,True
E324M,-3.8748788203550295,324,True,mild,tolerant,324,-2.0193412132990383,True
E324N,-1.5181087439281002,324,True,neutral,tolerant,324,-0.7911420446956764,True
E324P,-5.31344921228173,324,True,impactful,tolerant,324,-2.769032910853382,True
E324Q,-2.8177672673161203,324,True,neutral,tolerant,324,-1.4684416819659691,True
E324R,-2.4131754247532498,324,True,neutral,tolerant,324,-1.2575940606261762,True
E324S,-2.9703300298168904,324,True,neutral,tolerant,324,-1.5479477228553538,True
E324T,-2.9647826229001004,324,True,neutral,tolerant,324,-1.5450567660194474,True
E324V,-2.98820679062103,324,True,neutral,tolerant,324,-1.557263957381826,True
E324W,-4.89840964943842,324,True,mild,tolerant,324,-2.55274059998253,True
E324Y,-4.38134745998478,324,True,mild,tolerant,324,-2.2832805633182853,True
N325A,-5.67555089215747,325,True,impactful,sensitive,325,-5.5455585388845,True
N325C,-4.84026173621394,325,True,mild,sensitive,325,-4.729400777427192,True
N325D,-4.8211106289932,325,True,mild,sensitive,325,-4.7106883055993345,True
N325E,-5.02551752513047,325,True,impactful,sensitive,325,-4.910413482911595,True
N325F,-8.26471818667944,325,True,impactful,sensitive,325,-8.075423757532674,True
N325G,-6.91751667659142,325,True,impactful,sensitive,325,-6.7590784406066655,True
N325H,-3.5646542067696805,325,True,neutral,sensitive,325,-3.483009658469941,True
N325I,-6.633455119938262,325,True,impactful,sensitive,325,-6.481523006605803,True
N325K,-6.36888730043155,325,True,impactful,sensitive,325,-6.22301482679072,True
N325L,-6.57017818099492,325,True,impactful,sensitive,325,-6.419695357494841,True
N325M,-6.81761146619245,325,True,impactful,sensitive,325,-6.66146145097265,True
N325N,0.0,325,True,neutral,sensitive,325,0.0,True
N325P,-7.472704799585661,325,True,impactful,sensitive,325,-7.301550580256109,True
N325Q,-4.8016327477002685,325,True,mild,sensitive,325,-4.691656544105899,True
N325R,-6.35083175265171,325,True,impactful,sensitive,325,-6.205372821799965,True
N325S,-4.8287887364294,325,True,mild,sensitive,325,-4.718190554291022,True
N325T,-5.36266873632556,325,True,impactful,sensitive,325,-5.239842610350439,True
N325V,-6.48588264811829,325,True,impactful,sensitive,325,-6.337330522606343,True
N325W,-8.26471818667944,325,True,impactful,sensitive,325,-8.075423757532674,True
N325Y,-7.70803604298091,325,True,impactful,sensitive,325,-7.531491816106914,True
T326A,-2.28746071701676,326,True,neutral,tolerant,326,-1.5888512553750658,True
T326C,-1.9990557518765104,326,True,neutral,tolerant,326,-1.3885275569129996,True
T326D,-2.78312424264894,326,True,neutral,tolerant,326,-1.9331350321786307,True
T326E,-3.17710809746216,326,True,neutral,tolerant,326,-2.206792952360919,True
T326F,-3.6527188874942302,326,True,neutral,tolerant,326,-2.5371482652153885,True
T326G,-4.48747421071279,326,True,mild,tolerant,326,-3.1169623942014164,True
T326H,-1.8963851663295,326,True,neutral,tolerant,326,-1.3172134191344027,True
T326I,-3.17543564022462,326,True,neutral,tolerant,326,-2.2056312774251885,True
T326K,-3.0911129920621403,326,True,neutral,tolerant,326,-2.1470614648846547,True
T326L,-4.21774890865254,326,True,mild,tolerant,326,-2.929613434896116,True
T326M,-3.81408739709855,326,True,mild,tolerant,326,-2.649233494550913,True
T326N,-2.3528755541007595,326,True,neutral,tolerant,326,-1.6342878590499987,True
T326P,-3.00700533023482,326,True,neutral,tolerant,326,-2.088640980070698,True
T326Q,-3.22929585287517,326,True,neutral,tolerant,326,-2.243042134734336,True
T326R,-3.3527400363602995,326,True,neutral,tolerant,326,-2.3287854414674416,True
T326S,-2.25618274530152,326,True,neutral,tolerant,326,-1.5671258354560926,True
T326T,0.0,326,True,neutral,tolerant,326,0.0,True
T326V,-4.2938391048111,326,True,mild,tolerant,326,-2.9824650545059743,True
T326W,-4.77912063169764,326,True,mild,tolerant,326,-3.3195375810276864,True
T326Y,-2.53195655503916,326,True,neutral,tolerant,326,-1.7586760380635735,True
T327A,-3.08997648425407,327,True,neutral,sensitive,327,-2.5844126224799684,True
T327C,-3.27301109886506,327,True,neutral,sensitive,327,-2.737500185042954,True
T327D,-5.419508291228629,327,True,impactful,sensitive,327,-4.5328000736766985,True
T327E,-5.19870819536396,327,True,impactful,sensitive,327,-4.348125996800935,True
T327F,-5.978461175791058,327,True,impactful,sensitive,327,-5.000300359713164,True
T327G,-5.22972645230615,327,True,impactful,sensitive,327,-4.374069228141764,True
T327H,-4.88427633018921,327,True,mild,sensitive,327,-4.085139632532952,True
T327I,-5.3346086289815,327,True,impactful,sensitive,327,-4.4617911971127935,True
T327K,-3.99867160455571,327,True,mild,sensitive,327,-3.3444323672452536,True
T327L,-5.3878002483371,327,True,impactful,sensitive,327,-4.50627991512514,True
T327M,-4.1619102958152405,327,True,mild,sensitive,327,-3.480962899538312,True
T327N,-3.36144583259198,327,True,neutral,sensitive,327,-2.81146574538756,True
T327P,-6.046354319437751,327,True,impactful,sensitive,327,-5.057085224683655,True
T327Q,-4.1046051272255495,327,True,mild,sensitive,327,-3.433033667134367,True
T327R,-4.021867481697799,327,True,mild,sensitive,327,-3.3638330707719613,True
T327S,-1.21338512105194,327,True,neutral,sensitive,327,-1.0148581514312176,True
T327T,0.0,327,True,neutral,sensitive,327,0.0,True
T327V,-4.21611146441738,327,True,mild,sensitive,327,-3.526295990259988,True
T327W,-6.608720521758928,327,True,impactful,sensitive,327,-5.527440361410797,True
T327Y,-6.0615015974379896,327,True,impactful,sensitive,327,-5.069754193738764,True
L328A,-5.5005085976096115,328,True,impactful,sensitive,328,-5.5005085976096115,True
L328C,-5.56143448085595,328,True,impactful,sensitive,328,-5.56143448085595,True
L328D,-6.621636695107441,328,True,impactful,sensitive,328,-6.621636695107441,True
L328E,-6.12075359097064,328,True,impactful,sensitive,328,-6.12075359097064,True
L328F,-6.237073694368581,328,True,impactful,sensitive,328,-6.237073694368581,True
L328G,-6.866020147091381,328,True,impactful,sensitive,328,-6.866020147091381,True
L328H,-6.621636695107441,328,True,impactful,sensitive,328,-6.621636695107441,True
L328I,-1.19804170648525,328,True,neutral,sensitive,328,-1.19804170648525,True
L328K,-6.2262819623777315,328,True,impactful,sensitive,328,-6.2262819623777315,True
L328L,0.0,328,True,neutral,sensitive,328,0.0,True
L328M,-3.07163829091551,328,True,neutral,sensitive,328,-3.07163829091551,True
L328N,-6.14701766941436,328,True,impactful,sensitive,328,-6.14701766941436,True
L328P,-7.667612823811702,328,True,impactful,sensitive,328,-7.667612823811702,True
L328Q,-6.11864741483573,328,True,impactful,sensitive,328,-6.11864741483573,True
L328R,-6.16986749111009,328,True,impactful,sensitive,328,-6.16986749111009,True
L328S,-5.38874144926553,328,True,impactful,sensitive,328,-5.38874144926553,True
L328T,-5.4977725497498895,328,True,impactful,sensitive,328,-5.4977725497498895,True
L328V,-0.990782226378502,328,True,neutral,sensitive,328,-0.990782226378502,True
L328W,-6.73723509672102,328,True,impactful,sensitive,328,-6.73723509672102,True
L328Y,-6.32838648965894,328,True,impactful,sensitive,328,-6.32838648965894,True
L329A,-4.15350271575178,329,True,mild,sensitive,329,-3.6157554559807856,True
L329C,-3.53603665534956,329,True,neutral,sensitive,329,-3.078231724910301,True
L329D,-4.89516875285017,329,True,mild,sensitive,329,-4.261399194212643,True
L329E,-4.779979820288889,329,True,mild,sensitive,329,-4.1611235859176166,True
L329F,-5.6983934912404095,329,True,impactful,sensitive,329,-4.960631728526173,True
L329G,-6.3242520254266,329,True,impactful,sensitive,329,-5.505461373412119,True
L329H,-4.8569150614684204,329,True,mild,sensitive,329,-4.228098146207928,True
L329I,-1.1861854315928,329,True,neutral,sensitive,329,-1.032611927716121,True
L329K,-4.0052778917559815,329,True,mild,sensitive,329,-3.486721059532198,True
L329L,0.0,329,True,neutral,sensitive,329,0.0,True
L329M,-1.63790874884098,329,True,neutral,sensitive,329,-1.4258513597597369,True
L329N,-4.2102578031912214,329,True,mild,sensitive,329,-3.6651625543042265,True
L329P,-7.3282785544353795,329,True,impactful,sensitive,329,-6.37949821620635,True
L329Q,-4.25181070100632,329,True,mild,sensitive,329,-3.701335665836564,True
L329R,-3.94627579475471,329,True,mild,sensitive,329,-3.4353578683303256,True
L329S,-3.59860128337781,329,True,neutral,sensitive,329,-3.1326962120253907,True
L329T,-3.3170808896881603,329,True,neutral,sensitive,329,-2.8876238070904225,True
L329V,-0.950373995626483,329,True,neutral,sensitive,329,-0.8273306158863903,True
L329W,-5.819275841213501,329,True,impactful,sensitive,329,-5.065863636715229,True
L329Y,-5.73017946722755,329,True,impactful,sensitive,329,-4.988302425758009,True
R330A,-4.51413625155137,330,True,mild,sensitive,330,-2.2630719227697393,True
R330C,-4.55524346321599,330,True,mild,sensitive,330,-2.28368020115513,True
R330D,-4.63655677086771,330,True,mild,sensitive,330,-2.3244450016041425,True
R330E,-4.5770752141220585,330,True,mild,sensitive,330,-2.2946251128164574,True
R330F,-5.21216543360644,330,True,impactful,sensitive,330,-2.613014891956783,True
R330G,-5.90201107836851,330,True,impactful,sensitive,330,-2.958855208400377,True
R330H,-4.52096119820791,330,True,mild,sensitive,330,-2.266493473270682,True
R330I,-5.14487507112239,330,True,impactful,sensitive,330,-2.579280214595567,True
R330K,-0.981665707617948,330,True,neutral,sensitive,330,-0.49213846828229374,True
R330L,-5.13498433681681,330,True,impactful,sensitive,330,-2.5743216927753982,True
R330M,-5.2423281861812185,330,True,impactful,sensitive,330,-2.6281363846768953,True
R330N,-3.9039880760912298,330,True,mild,sensitive,330,-1.9571863385367676,True
R330P,-7.0369943848195895,330,True,impactful,sensitive,330,-3.52785638836234,True
R330Q,-3.94418308497666,330,True,mild,sensitive,330,-1.97733730230372,True
R330R,0.0,330,True,neutral,sensitive,330,0.0,True
R330S,-3.86067439045788,330,True,mild,sensitive,330,-1.9354718885586968,True
R330T,-3.877220284664,330,True,mild,sensitive,330,-1.9437668416855811,True
R330V,-5.07196038670814,330,True,impactful,sensitive,330,-2.542725895926343,True
R330W,-5.17503403465975,330,True,impactful,sensitive,330,-2.5943998077575543,True
R330Y,-5.2325257851653,330,True,impactful,sensitive,330,-2.62322214698475,True
L331A,-5.4972928222495305,331,True,impactful,sensitive,331,-4.902551990217328,True
L331C,-5.880961283274549,331,True,impactful,sensitive,331,-5.244712147589501,True
L331D,-6.97171655277428,331,True,impactful,sensitive,331,-6.217460842307517,True
L331E,-6.738625374413849,331,True,impactful,sensitive,331,-6.009587320317212,True
L331F,-3.8712899891659,331,True,mild,sensitive,331,-3.4524630676899757,True
L331G,-7.40350416001978,331,True,impactful,sensitive,331,-6.602534234193229,True
L331H,-7.306042674303651,331,True,impactful,sensitive,331,-6.515616906661888,True
L331I,-2.80720417183711,331,True,neutral,sensitive,331,-2.503498511828357,True
L331K,-6.76165658367896,331,True,impactful,sensitive,331,-6.030126830303433,True
L331L,0.0,331,True,neutral,sensitive,331,0.0,True
L331M,-2.55266613320175,331,True,neutral,sensitive,331,-2.2764984213752606,True
L331N,-7.306042674303651,331,True,impactful,sensitive,331,-6.515616906661888,True
L331P,-8.067201456220129,331,True,impactful,sensitive,331,-7.194427481578475,True
L331Q,-6.9146768485354295,331,True,impactful,sensitive,331,-6.1665921466459395,True
L331R,-7.01288168198691,331,True,impactful,sensitive,331,-6.254172400646217,True
L331S,-6.15570602893771,331,True,impactful,sensitive,331,-5.489732822893733,True
L331T,-6.14848104065426,331,True,impactful,sensitive,331,-5.483289491269671,True
L331V,-3.16181362731628,331,True,neutral,sensitive,331,-2.819743497846381,True
L331W,-5.78301088585383,331,True,impactful,sensitive,331,-5.157358802707826,True
L331Y,-5.78301088585383,331,True,impactful,sensitive,331,-5.157358802707826,True
G332A,-5.19754831821274,332,True,impactful,sensitive,332,-4.72612338411159,True
G332C,-5.7295527695680715,332,True,impactful,sensitive,332,-5.209874284356511,True
G332D,-5.04767131556419,332,True,impactful,sensitive,332,-4.589840436154034,True
G332E,-4.97008339685802,332,True,impactful,sensitive,332,-4.519289850671864,True
G332F,-6.27205632874956,332,True,impactful,sensitive,332,-5.703172008598361,True
G332G,0.0,332,True,neutral,sensitive,332,0.0,True
G332H,-5.033375061894589,332,True,impactful,sensitive,332,-4.576840872775983,True
G332I,-5.99706784841857,332,True,impactful,sensitive,332,-5.453125369743737,True
G332K,-6.06436310087703,332,True,impactful,sensitive,332,-5.514316848266246,True
G332L,-6.14564459938318,332,True,impactful,sensitive,332,-5.58822600067171,True
G332M,-6.182199199584511,332,True,impactful,sensitive,332,-5.62146504728201,True
G332N,-4.83442294192197,332,True,mild,sensitive,332,-4.395933989577541,True
G332P,-7.77387063233135,332,True,impactful,sensitive,332,-7.068769645060899,True
G332Q,-5.01216656208088,332,True,impactful,sensitive,332,-4.557556013689581,True
G332R,-6.0002639150294295,332,True,impactful,sensitive,332,-5.456031548623081,True
G332S,-4.78048544787919,332,True,mild,sensitive,332,-4.346888702017114,True
G332T,-5.1343263203330896,332,True,impactful,sensitive,332,-4.668635710255387,True
G332V,-5.992184006192581,332,True,impactful,sensitive,332,-5.448684498868582,True
G332W,-6.24358019931608,332,True,impactful,sensitive,332,-5.67727870410844,True
G332Y,-6.17099347578872,332,True,impactful,sensitive,332,-5.611275698376564,True
Y333A,-5.68059861116338,333,True,impactful,sensitive,333,-5.092821290983389,True
Y333C,-5.963866535035138,333,True,impactful,sensitive,333,-5.346779194453584,True
Y333D,-6.7544982244479295,333,True,impactful,sensitive,333,-6.055603418234288,True
Y333E,-6.15893018101645,333,True,impactful,sensitive,333,-5.521659406443605,True
Y333F,-3.7378002491166,333,True,neutral,sensitive,333,-3.351046252895783,True
Y333G,-6.70639915490167,333,True,impactful,sensitive,333,-6.01248120837065,True
Y333H,-5.76332477700741,333,True,impactful,sensitive,333,-5.166987696246375,True
Y333I,-3.72284684394819,333,True,neutral,sensitive,333,-3.337640091780171,True
Y333K,-6.72674903924394,333,True,impactful,sensitive,333,-6.0307254694673045,True
Y333L,-3.56861090271332,333,True,neutral,sensitive,333,-3.1993631003708205,True
Y333M,-3.74688589859187,333,True,neutral,sensitive,333,-3.359191800972202,True
Y333N,-6.1206333232985,333,True,impactful,sensitive,333,-5.487325163573416,True
Y333P,-8.10932593800546,333,True,impactful,sensitive,333,-7.270245729285912,True
Y333Q,-6.7544982244479295,333,True,impactful,sensitive,333,-6.055603418234288,True
Y333R,-6.6532785369447005,333,True,impactful,sensitive,333,-5.9648570348214385,True
Y333S,-6.049060327627308,333,True,impactful,sensitive,333,-5.423157898613455,True
Y333T,-6.09278068862653,333,True,impactful,sensitive,333,-5.462354469360199,True
Y333V,-3.9698257731031097,333,True,mild,sensitive,333,-3.559063859752901,True
Y333W,-4.42675144581312,333,True,mild,sensitive,333,-3.968710968035011,True
Y333Y,0.0,333,True,neutral,sensitive,333,0.0,True
H334A,-3.83354721597696,334,True,mild,sensitive,334,-2.009397328168968,True
H334C,-3.6731216916783898,334,True,neutral,sensitive,334,-1.9253084669304343,True
H334D,-3.556641041029529,334,True,neutral,sensitive,334,-1.864253810495857,True
H334E,-3.63779542787475,334,True,neutral,sensitive,334,-1.9067918043977843,True
H334F,-4.45715819632592,334,True,mild,sensitive,334,-2.3362701086860818,True
H334G,-4.15993640509952,334,True,mild,sensitive,334,-2.1804779299241153,True
H334H,0.0,334,True,neutral,sensitive,334,0.0,True
H334I,-5.7839929825175,334,True,impactful,sensitive,334,-3.03174563672534,True
H334K,-4.97855017163429,334,True,impactful,sensitive,334,-2.6095636363481334,True
H334L,-5.7356461841514506,334,True,impactful,sensitive,334,-3.006404113068769,True
H334M,-6.333394345247282,334,True,impactful,sensitive,334,-3.3197206030334763,True
H334N,-3.46002419158286,334,True,neutral,sensitive,334,-1.8136109911443379,True
H334P,-5.748020921891191,334,True,impactful,sensitive,334,-3.0128904724508563,True
H334Q,-1.60899349646532,334,True,neutral,sensitive,334,-0.8433722217804271,True
H334R,-4.10773661427149,334,True,mild,sensitive,334,-2.1531168164927545,True
H334S,-3.99680664999545,334,True,mild,sensitive,334,-2.0949716153847127,True
H334T,-4.019367248956541,334,True,mild,sensitive,334,-2.1067970096528135,True
H334V,-5.64278460096395,334,True,impactful,sensitive,334,-2.957729659192517,True
H334W,-5.2992359809763,334,True,impactful,sensitive,334,-2.7776547467922548,True
H334Y,-4.60167796341371,334,True,mild,sensitive,334,-2.4120217865690425,True
F335A,-5.71187470459195,335,True,impactful,sensitive,335,-5.685847871530697,True
F335C,-5.639261505714378,335,True,impactful,sensitive,335,-5.613565543287194,True
F335D,-5.55710554791908,335,True,impactful,sensitive,335,-5.531783938836308,True
F335E,-5.879975177225269,335,True,impactful,sensitive,335,-5.853182374466672,True
F335F,0.0,335,True,neutral,sensitive,335,0.0,True
F335G,-5.94678829059978,335,True,impactful,sensitive,335,-5.919691045983118,True
F335H,-5.84339634903332,335,True,impactful,sensitive,335,-5.816770222034288,True
F335I,-5.03613866860331,335,True,impactful,sensitive,335,-5.01319090675978,True
F335K,-6.55139343095883,335,True,impactful,sensitive,335,-6.521541231468342,True
F335L,-4.2108720384040295,335,True,mild,sensitive,335,-4.1916847016268886,True
F335M,-4.624574716848191,335,True,mild,sensitive,335,-4.603502294857224,True
F335N,-5.72049197209137,335,True,impactful,sensitive,335,-5.694425873430949,True
F335P,-6.55044876582411,335,True,impactful,sensitive,335,-6.520600870812104,True
F335Q,-5.849132287558921,335,True,impactful,sensitive,335,-5.822480024077179,True
F335R,-6.54849732254659,335,True,impactful,sensitive,335,-6.51865831951682,True
F335S,-5.8077768899719,335,True,impactful,sensitive,335,-5.781313067253454,True
F335T,-5.79406697435085,335,True,impactful,sensitive,335,-5.767665622485426,True
F335V,-4.69944566406563,335,True,mild,sensitive,335,-4.67803208374309,True
F335W,-4.5489104425091,335,True,mild,sensitive,335,-4.52818279373862,True
F335Y,-4.65246193419317,335,True,mild,sensitive,335,-4.631262440796067,True
E336A,-3.30181840952143,336,True,neutral,sensitive,336,-1.6226242033882425,True
E336C,-3.37550371292908,336,True,neutral,sensitive,336,-1.6588356305213865,True
E336D,-0.938416091401174,336,True,neutral,sensitive,336,-0.4611691116524,True
E336E,0.0,336,True,neutral,sensitive,336,0.0,True
E336F,-5.92949218856705,336,True,impactful,sensitive,336,-2.9139511462003584,True
E336G,-4.85402065048266,336,True,mild,sensitive,336,-2.385428395609769,True
E336H,-2.3173645246120698,336,True,neutral,sensitive,336,-1.1388305773768592,True
E336I,-5.412519948974942,336,True,impactful,sensitive,336,-2.65989366501878,True
E336K,-4.55604585243027,336,True,mild,sensitive,336,-2.238993595341752,True
E336L,-4.7234542145430805,336,True,mild,sensitive,336,-2.3212636739840242,True
E336M,-4.21161586553447,336,True,mild,sensitive,336,-2.0697291586609885,True
E336N,-1.53600709297627,336,True,neutral,sensitive,336,-0.7548453538365717,True
E336P,-5.98507324559152,336,True,impactful,sensitive,336,-2.9412655400258143,True
E336Q,-3.21223341789689,336,True,neutral,sensitive,336,-1.5785991367004046,True
E336R,-3.7849406677592303,336,True,neutral,sensitive,336,-1.8600466694910536,True
E336S,-3.71564093461691,336,True,neutral,sensitive,336,-1.8259904585374738,True
E336T,-3.24083852485478,336,True,neutral,sensitive,336,-1.5926566447561277,True
E336V,-5.41596984568921,336,True,impactful,sensitive,336,-2.6615890598629117,True
E336W,-6.3997094792826985,336,True,impactful,sensitive,336,-3.145031678844625,True
E336Y,-5.96854661888079,336,True,impactful,sensitive,336,-2.933143801887865,True
L337A,-5.03402624027653,337,True,impactful,sensitive,337,-3.4915345062954004,True
L337C,-4.19683815564887,337,True,mild,sensitive,337,-2.910871842610863,True
L337D,-4.40925613111595,337,True,mild,sensitive,337,-3.058202161465136,True
L337E,-4.23744445259842,337,True,mild,sensitive,337,-2.939035837037011,True
L337F,-4.0360481054432,337,True,mild,sensitive,337,-2.7993499748720034,True
L337G,-5.982434548916099,337,True,impactful,sensitive,337,-4.149338057095011,True
L337H,-3.3381602118197,337,True,neutral,sensitive,337,-2.315304094734038,True
L337I,-3.58878113205714,337,True,neutral,sensitive,337,-2.4891314744976487,True
L337K,-3.9877062096355296,337,True,mild,sensitive,337,-2.765820670641967,True
L337L,0.0,337,True,neutral,sensitive,337,0.0,True
L337M,-4.28106430597454,337,True,mild,sensitive,337,-2.9692899946343103,True
L337N,-3.45959098910827,337,True,neutral,sensitive,337,-2.399526887542926,True
L337P,-6.6726604666153095,337,True,impactful,sensitive,337,-4.628069691329364,True
L337Q,-3.06819476654705,337,True,neutral,sensitive,337,-2.128059606388844,True
L337R,-4.20655549548447,337,True,mild,sensitive,337,-2.917611661937576,True
L337S,-4.14892445314719,337,True,mild,sensitive,337,-2.877639527635922,True
L337T,-4.03733619928622,337,True,mild,sensitive,337,-2.8002433798495674,True
L337V,-3.28133343249858,337,True,neutral,sensitive,337,-2.2758897867008674,True
L337W,-4.91917756490046,337,True,mild,sensitive,337,-3.4118769729536913,True
L337Y,-3.95323675331056,337,True,mild,sensitive,337,-2.741913108299729,True
P338A,-0.6795711922589879,338,True,neutral,sensitive,338,-0.3440774342232041,True
P338C,-4.30668885828415,338,True,mild,sensitive,338,-2.180543362101989,True
P338D,-3.96139974131517,338,True,mild,sensitive,338,-2.0057181270343363,True
P338E,-4.04984869514451,338,True,mild,sensitive,338,-2.050501204127645,True
P338F,-5.38371169867067,338,True,impactful,sensitive,338,-2.7258567299157788,True
P338G,-3.65254142387396,338,True,neutral,sensitive,338,-1.849338370778914,True
P338H,-3.99217405288194,338,True,mild,sensitive,338,-2.0212996382645008,True
P338I,-4.33518019971483,338,True,mild,sensitive,338,-2.194968970145288,True
P338K,-4.4158513456162405,338,True,mild,sensitive,338,-2.235814022457371,True
P338L,-3.66533791797647,338,True,neutral,sensitive,338,-1.8558174342059668,True
P338M,-3.65552771812256,338,True,neutral,sensitive,338,-1.8508503778719134,True
P338N,-3.29050641058154,338,True,neutral,sensitive,338,-1.6660344286878166,True
P338P,0.0,338,True,neutral,sensitive,338,0.0,True
P338Q,-2.8567150344628502,338,True,neutral,sensitive,338,-1.4463991272164312,True
P338R,-4.03182376621736,338,True,mild,sensitive,338,-2.0413749030602126,True
P338S,-2.02567079024426,338,True,neutral,sensitive,338,-1.025628537565362,True
P338T,-3.95828207567457,338,True,mild,sensitive,338,-2.004139604568106,True
P338V,-4.04851082964164,338,True,mild,sensitive,338,-2.0498238220743636,True
P338W,-5.361546502500509,338,True,impactful,sensitive,338,-2.714634147331118,True
P338Y,-5.4255258768661205,338,True,impactful,sensitive,338,-2.7470278968391693,True
G339A,-4.87987360439846,339,True,mild,sensitive,339,-2.7779090705708254,True
G339C,-6.30668773782885,339,True,impactful,sensitive,339,-3.590135010132536,True
G339D,-4.07929127254709,339,True,mild,sensitive,339,-2.3221708482971755,True
G339E,-4.24018352622993,339,True,mild,sensitive,339,-2.4137601162010185,True
G339F,-6.60204955729043,339,True,impactful,sensitive,339,-3.7582722087360163,True
G339G,0.0,339,True,neutral,sensitive,339,0.0,True
G339H,-4.94925574145753,339,True,mild,sensitive,339,-2.8174054353328666,True
G339I,-6.27994590610847,339,True,impactful,sensitive,339,-3.574911997628121,True
G339K,-6.276256851622901,339,True,impactful,sensitive,339,-3.572811972351226,True
G339L,-6.005268657371548,339,True,impactful,sensitive,339,-3.4185496647886024,True
G339M,-5.999152379487691,339,True,impactful,sensitive,339,-3.415067922188469,True
G339N,-4.79438118420673,339,True,mild,sensitive,339,-2.7292417917090126,True
G339P,-6.684505362908139,339,True,impactful,sensitive,339,-3.8052108692251325,True
G339Q,-4.99557563070625,339,True,impactful,sensitive,339,-2.8437734216626516,True
G339R,-5.974190370852718,339,True,impactful,sensitive,339,-3.4008580889369986,True
G339S,-5.284543931038161,339,True,impactful,sensitive,339,-3.0082710557562704,True
G339T,-5.28707937694137,339,True,impactful,sensitive,339,-3.009714379650176,True
G339V,-6.0536691628206505,339,True,impactful,sensitive,339,-3.446102059380562,True
G339W,-6.39665418512729,339,True,impactful,sensitive,339,-3.6413491665344777,True
G339Y,-5.658066701392468,339,True,impactful,sensitive,339,-3.220902032693199,True
P340A,-4.05265324141581,340,True,mild,sensitive,340,-3.6832873241207644,True
P340C,-4.28332806658333,340,True,mild,sensitive,340,-3.892938041544709,True
P340D,-5.691634283176072,340,True,impactful,sensitive,340,-5.172888761987879,True
P340E,-5.699739798103678,340,True,impactful,sensitive,340,-5.180255526082874,True
P340F,-5.2727594724631,340,True,impactful,sensitive,340,-4.792190935456445,True
P340G,-5.50027388162838,340,True,impactful,sensitive,340,-4.998969282730129,True
P340H,-4.9683753423867305,340,True,impactful,sensitive,340,-4.515548908323093,True
P340I,-5.6417204812530315,340,True,impactful,sensitive,340,-5.127524191428771,True
P340K,-5.9638113118016385,340,True,impactful,sensitive,340,-5.4202590993284545,True
P340L,-4.97715025023643,340,True,impactful,sensitive,340,-4.523524055696381,True
P340M,-5.35940985801861,340,True,impactful,sensitive,340,-4.87094385304761,True
P340N,-5.68306433169476,340,True,impactful,sensitive,340,-5.165099890900449,True
P340P,0.0,340,True,neutral,sensitive,340,0.0,True
P340Q,-5.4982482410978495,340,True,impactful,sensitive,340,-4.997128262626785,True
P340R,-5.94471188788617,340,True,impactful,sensitive,340,-5.402900430373773,True
P340S,-4.39830920270224,340,True,mild,sensitive,340,-3.997439595453089,True
P340T,-4.44707497090735,340,True,mild,sensitive,340,-4.041760766098851,True
P340V,-5.17647171671138,340,True,impactful,sensitive,340,-4.704679014474909,True
P340W,-5.774465059459598,340,True,impactful,sensitive,340,-5.248170196188653,True
P340Y,-5.872739225979119,340,True,impactful,sensitive,340,-5.337487482980115,True
R341A,-5.76126398620191,341,True,impactful,sensitive,341,-4.068718760515646,True
R341C,-5.62068738924639,341,True,impactful,sensitive,341,-3.969440782854456,True
R341D,-5.7711925633528685,341,True,impactful,sensitive,341,-4.075730518389626,True
R341E,-5.82712333744584,341,True,impactful,sensitive,341,-4.1152299390700975,True
R341F,-7.02068101740709,341,True,impactful,sensitive,341,-4.95814401762065,True
R341G,-6.828641210087099,341,True,impactful,sensitive,341,-4.8225217012886805,True
R341H,-5.62883346960335,341,True,impactful,sensitive,341,-3.975193706180381,True
R341I,-6.06949525715291,341,True,impactful,sensitive,341,-4.2863977902736075,True
R341K,-4.09081615635628,341,True,mild,sensitive,341,-2.889015410689425,True
R341L,-5.38999036973712,341,True,impactful,sensitive,341,-3.806517977456121,True
R341M,-6.0907680023719,341,True,impactful,sensitive,341,-4.301421024370754,True
R341N,-5.63368771577505,341,True,impactful,sensitive,341,-3.9786218709918284,True
R341P,-7.04663837135306,341,True,impactful,sensitive,341,-4.976475615205183,True
R341Q,-5.1400893713241205,341,True,impactful,sensitive,341,-3.630032941715749,True
R341R,0.0,341,True,neutral,sensitive,341,0.0,True
R341S,-5.67683456925495,341,True,impactful,sensitive,341,-4.009093033679623,True
R341T,-5.80149209206128,341,True,impactful,sensitive,341,-4.097128645812003,True
R341V,-6.03978585300665,341,True,impactful,sensitive,341,-4.2654164205076786,True
R341W,-7.45938780934409,341,True,impactful,sensitive,341,-5.267967445082866,True
R341Y,-6.5851830349933484,341,True,impactful,sensitive,341,-4.650586715011846,True
M342A,-3.39213520827,342,True,neutral,sensitive,342,-1.3986040502073323,True
M342C,-4.62676021259096,342,True,mild,sensitive,342,-1.9076496588023943,True
M342D,-4.3589334449364605,342,True,mild,sensitive,342,-1.797222574091181,True
M342E,-4.36566067422661,342,True,mild,sensitive,342,-1.7999962636861409,True
M342F,-4.882229526211031,342,True,mild,sensitive,342,-2.0129816679338766,True
M342G,-4.390779919020741,342,True,mild,sensitive,342,-1.8103531260604853,True
M342H,-3.59242136530466,342,True,neutral,sensitive,342,-1.4811836094613986,True
M342I,-1.46198026880162,342,True,neutral,sensitive,342,-0.602785973944703,True
M342K,-5.18197302426466,342,True,impactful,sensitive,342,-2.1365682718460843,True
M342L,-3.02965776740215,342,True,neutral,sensitive,342,-1.2491517478136678,True
M342M,0.0,342,True,neutral,sensitive,342,0.0,True
M342N,-3.82778242697044,342,True,mild,sensitive,342,-1.5782248280143403,True
M342P,-6.001528589481901,342,True,impactful,sensitive,342,-2.474477483155906,True
M342Q,-3.82656345454554,342,True,mild,sensitive,342,-1.577722236087462,True
M342R,-4.88019741796592,342,True,mild,sensitive,342,-2.012143813707093,True
M342S,-3.43817850636904,342,True,neutral,sensitive,342,-1.417588064479294,True
M342T,-2.99370211669556,342,True,neutral,sensitive,342,-1.2343269499743967,True
M342V,-3.31779058433841,342,True,neutral,sensitive,342,-1.3679511764986536,True
M342W,-5.171605127228,342,True,impactful,sensitive,342,-2.132293506278883,True
M342Y,-4.54607971663517,342,True,mild,sensitive,342,-1.8743844551803803,True
S343A,-1.2024336211530902,343,True,neutral,sensitive,343,-0.8261425777227316,True
S343C,-4.38267782453829,343,True,mild,sensitive,343,-3.011157282694891,True
S343D,-4.7726671553842985,343,True,mild,sensitive,343,-3.279102876864587,True
S343E,-4.10161031234334,343,True,mild,sensitive,343,-2.8180473804483297,True
S343F,-6.58572197040459,343,True,impactful,sensitive,343,-4.5247781075663855,True
S343G,-5.18306390221617,343,True,impactful,sensitive,343,-3.561069565380476,True
S343H,-4.72363933206905,343,True,mild,sensitive,343,-3.2454178803531355,True
S343I,-3.59371989789912,343,True,neutral,sensitive,343,-2.4690968115285727,True
S343K,-2.90617499231938,343,True,neutral,sensitive,343,-1.9967130469669354,True
S343L,-4.15673373433135,343,True,mild,sensitive,343,-2.855920411552036,True
S343M,-3.63654606902519,343,True,neutral,sensitive,343,-2.498520908448083,True
S343N,-4.45154155261128,343,True,mild,sensitive,343,-3.058470711744937,True
S343P,-5.31727207662707,343,True,impactful,sensitive,343,-3.6532784700624306,True
S343Q,-3.684949403561911,343,True,neutral,sensitive,343,-2.5317768444607465,True
S343R,-2.8745839832656004,343,True,neutral,sensitive,343,-1.9750081668027197,True
S343S,0.0,343,True,neutral,sensitive,343,0.0,True
S343T,-1.79035264353726,343,True,neutral,sensitive,343,-1.2300775044415246,True
S343V,-2.7303050852373905,343,True,neutral,sensitive,343,-1.8758800830306468,True
S343W,-6.198573811672518,343,True,impactful,sensitive,343,-4.2587845656452865,True
S343Y,-6.58572197040459,343,True,impactful,sensitive,343,-4.5247781075663855,True
M344A,-2.6835182319901403,344,True,neutral,sensitive,344,-2.493545470274292,True
M344C,-3.42274086890442,344,True,neutral,sensitive,344,-3.18043674450827,True
M344D,-5.598006548319451,344,True,impactful,sensitive,344,-5.201710092640458,True
M344E,-5.512154759438679,344,True,impactful,sensitive,344,-5.121935960038485,True
M344F,-5.91015489932039,344,True,impactful,sensitive,344,-5.491760705083937,True
M344G,-4.07341931692829,344,True,mild,sensitive,344,-3.7850520876549267,True
M344H,-5.729556369228951,344,True,impactful,sensitive,344,-5.323947182790954,True
M344I,-3.32357356429028,344,True,neutral,sensitive,344,-3.088289733814583,True
M344K,-5.7619183871275,344,True,impactful,sensitive,344,-5.35401821498216,True
M344L,-3.7609459001463,344,True,neutral,sensitive,344,-3.4946994216251452,True
M344M,0.0,344,True,neutral,sensitive,344,0.0,True
M344N,-5.58177571318888,344,True,impactful,sensitive,344,-5.186628277679734,True
M344P,-6.67276580161196,344,True,impactful,sensitive,344,-6.200384532685314,True
M344Q,-5.61877401276534,344,True,impactful,sensitive,344,-5.221007377928408,True
M344R,-5.80085093480062,344,True,impactful,sensitive,344,-5.39019463321523,True
M344S,-3.39358171288652,344,True,neutral,sensitive,344,-3.153341835839983,True
M344T,-3.16957238156998,344,True,neutral,sensitive,344,-2.945190668188224,True
M344V,-2.4270761679731003,344,True,neutral,sensitive,344,-2.2552575617016517,True
M344W,-6.4769124410666,344,True,impactful,sensitive,344,-6.018396106370917,True
M344Y,-5.995625318088582,344,True,impactful,sensitive,344,-5.571180465688214,True
T345A,-3.2347179711071896,345,True,neutral,sensitive,345,-1.868864088006107,True
T345C,-4.55881727482395,345,True,mild,sensitive,345,-2.6338648267948255,True
T345D,-4.78850732592819,345,True,mild,sensitive,345,-2.7665686642592315,True
T345E,-4.41839265655799,345,True,mild,sensitive,345,-2.5527342526633836,True
T345F,-7.0904893539875,345,True,impactful,sensitive,345,-4.096542894440102,True
T345G,-5.05027354434133,345,True,impactful,sensitive,345,-2.917804564704065,True
T345H,-4.28403471825166,345,True,mild,sensitive,345,-2.475108713719321,True
T345I,-6.00302818539271,345,True,impactful,sensitive,345,-3.468260261072739,True
T345K,-5.653814734010791,345,True,impactful,sensitive,345,-3.266501565518533,True
T345L,-5.63037785442459,345,True,impactful,sensitive,345,-3.2529608664576557,True
T345M,-5.763427497498269,345,True,impactful,sensitive,345,-3.3298305354932287,True
T345N,-4.01647043516093,345,True,mild,sensitive,345,-2.320522971046303,True
T345P,-5.8355713030155805,345,True,impactful,sensitive,345,-3.3715117480464363,True
T345Q,-4.23676682636344,345,True,mild,sensitive,345,-2.447799604716717,True
T345R,-5.24341937262676,345,True,impactful,sensitive,345,-3.029394912133112,True
T345S,-3.24596316913502,345,True,neutral,sensitive,345,-1.8753610212610132,True
T345T,0.0,345,True,neutral,sensitive,345,0.0,True
T345V,-5.599170167888322,345,True,impactful,sensitive,345,-3.234930569795526,True
T345W,-7.5316524789413215,345,True,impactful,sensitive,345,-4.35142567820766,True
T345Y,-7.5316524789413215,345,True,impactful,sensitive,345,-4.35142567820766,True
S346A,-1.98068534258954,346,True,neutral,tolerant,346,-1.0902634473392028,True
S346C,-3.3873509400754203,346,True,neutral,tolerant,346,-1.864559116919584,True
S346D,-2.7206900819486,346,True,neutral,tolerant,346,-1.4975972629800807,True
S346E,-3.0430518949706205,346,True,neutral,tolerant,346,-1.6750405418284045,True
S346F,-5.41661905087824,346,True,impactful,tolerant,346,-2.98156483129866,True
S346G,-2.06862522292395,346,True,neutral,tolerant,346,-1.138669741378134,True
S346H,-3.16450738116154,346,True,neutral,tolerant,346,-1.7418954198978547,True
S346I,-3.39193542884045,346,True,neutral,tolerant,346,-1.8670826376514105,True
S346K,-3.56754505656543,346,True,neutral,tolerant,346,-1.9637465317049079,True
S346L,-3.9284530885224,346,True,mild,tolerant,346,-2.1624074833628693,True
S346M,-3.51002295345919,346,True,neutral,tolerant,346,-1.932083629434516,True
S346N,-2.14945332326292,346,True,neutral,tolerant,346,-1.1831613733514545,True
S346P,-5.684761204245191,346,True,impactful,tolerant,346,-3.129163029871987,True
S346Q,-2.92206070766704,346,True,neutral,tolerant,346,-1.6084412359564262,True
S346R,-3.6097978424439705,346,True,neutral,tolerant,346,-1.9870044753070932,True
S346S,0.0,346,True,neutral,tolerant,346,0.0,True
S346T,-1.53144597594753,346,True,neutral,tolerant,346,-0.8429807265435566,True
S346V,-3.83141892335348,346,True,mild,tolerant,346,-2.1089952622735595,True
S346W,-5.916564968113331,346,True,impactful,tolerant,346,-3.2567588499989064,True
S346Y,-4.67213046592606,346,True,mild,tolerant,346,-2.57176289371606,True
I347A,-2.8971737890612594,347,True,neutral,sensitive,347,-2.632451763383344,True
I347C,-3.51289584184385,347,True,neutral,sensitive,347,-3.191913749999871,True
I347D,-4.46011077654235,347,True,mild,sensitive,347,-4.052579283619118,True
I347E,-4.39752091395226,347,True,mild,sensitive,347,-3.99570841354315,True
I347F,-3.86936590556539,347,True,mild,sensitive,347,-3.5158122511461203,True
I347G,-5.882647416136921,347,True,impactful,sensitive,347,-5.345135187416495,True
I347H,-3.47983530426301,347,True,neutral,sensitive,347,-3.1618740365447513,True
I347I,0.0,347,True,neutral,sensitive,347,0.0,True
I347K,-4.05262962312235,347,True,mild,sensitive,347,-3.6823307038079895,True
I347L,-0.27583507932889,347,True,neutral,sensitive,347,-0.25063133724456305,True
I347M,-3.91504258115018,347,True,mild,sensitive,347,-3.55731533447604,True
I347N,-4.48631473026967,347,True,mild,sensitive,347,-4.0763889164611475,True
I347P,-6.75173416815807,347,True,impactful,sensitive,347,-6.134811306097824,True
I347Q,-3.648298137299661,347,True,neutral,sensitive,347,-3.3149439985768114,True
I347R,-4.20446006231196,347,True,mild,sensitive,347,-3.8202880154780856,True
I347S,-2.9974999819428,347,True,neutral,sensitive,347,-2.7236109007335836,True
I347T,-3.92891474435114,347,True,mild,sensitive,347,-3.5699199633796246,True
I347V,-1.97852171009976,347,True,neutral,sensitive,347,-1.7977392258308238,True
I347W,-4.92362616243568,347,True,mild,sensitive,347,-4.473742107733156,True
I347Y,-4.1096622083786,347,True,mild,sensitive,347,-3.734152078899462,True
L348A,-5.67046265491301,348,True,impactful,sensitive,348,-5.1935007156044035,True
L348C,-5.851019258698879,348,True,impactful,sensitive,348,-5.358870088094063,True
L348D,-6.77192257613003,348,True,impactful,sensitive,348,-6.2023130889817075,True
L348E,-6.09348269618485,348,True,impactful,sensitive,348,-5.580939099517719,True
L348F,-6.89198247397032,348,True,impactful,sensitive,348,-6.312274339640629,True
L348G,-7.97758470509267,348,True,impactful,sensitive,348,-7.306562867281439,True
L348H,-6.3013514485817685,348,True,impactful,sensitive,348,-5.7713233027167,True
L348I,-3.2243878093940497,348,True,neutral,sensitive,348,-2.9531735617666297,True
L348K,-6.66661614179675,348,True,impactful,sensitive,348,-6.105864337733204,True
L348L,0.0,348,True,neutral,sensitive,348,0.0,True
L348M,-2.7429047608338,348,True,neutral,sensitive,348,-2.512189693354678,True
L348N,-6.17892662147828,348,True,impactful,sensitive,348,-5.659196045054783,True
L348P,-7.97758470509267,348,True,impactful,sensitive,348,-7.306562867281439,True
L348Q,-6.033470634609059,348,True,impactful,sensitive,348,-5.525974856967117,True
L348R,-6.68278345891425,348,True,impactful,sensitive,348,-6.120671766708402,True
L348S,-5.88209089899042,348,True,impactful,sensitive,348,-5.387328186825972,True
L348T,-5.12759470446353,348,True,impactful,sensitive,348,-4.696295238605927,True
L348V,-3.3648595684749,348,True,neutral,sensitive,348,-3.0818297624518625,True
L348W,-7.374753640611348,348,True,impactful,sensitive,348,-6.7544379781315715,True
L348Y,-7.374753640611348,348,True,impactful,sensitive,348,-6.7544379781315715,True
T349A,-3.8308513644686,349,True,mild,sensitive,349,-2.120375566218381,True
T349C,-3.94780041015784,349,True,mild,sensitive,349,-2.1851068427361846,True
T349D,-4.83310701820225,349,True,mild,sensitive,349,-2.6751238968354465,True
T349E,-3.93306783949332,349,True,mild,sensitive,349,-2.1769523674270213,True
T349F,-5.63667053765715,349,True,impactful,sensitive,349,-3.1198961655692323,True
T349G,-6.0288010798494005,349,True,impactful,sensitive,349,-3.3369403527032717,True
T349H,-4.72443094966324,349,True,mild,sensitive,349,-2.614971711736311,True
T349I,-4.27844282466124,349,True,mild,sensitive,349,-2.3681173618523994,True
T349K,-4.41693420215275,349,True,mild,sensitive,349,-2.444772315288751,True
T349L,-3.82706051151837,349,True,mild,sensitive,349,-2.1182773297675106,True
T349M,-3.4446378432875897,349,True,neutral,sensitive,349,-1.9066064491884447,True
T349N,-4.58483504019312,349,True,mild,sensitive,349,-2.537705400041251,True
T349P,-6.6888194614049015,349,True,impactful,sensitive,349,-3.7022604124909257,True
T349Q,-3.75693090830038,349,True,neutral,sensitive,349,-2.079460606542165,True
T349R,-5.11343695539892,349,True,impactful,sensitive,349,-2.8302864684832256,True
T349S,-2.64061794836473,349,True,neutral,sensitive,349,-1.4615815767122484,True
T349T,0.0,349,True,neutral,sensitive,349,0.0,True
T349V,-3.8041531114710896,349,True,mild,sensitive,349,-2.1055980878119613,True
T349W,-6.406449167403848,349,True,impactful,sensitive,349,-3.545968503705583,True
T349Y,-6.406449167403848,349,True,impactful,sensitive,349,-3.545968503705583,True
R350A,-4.63624857632404,350,True,mild,sensitive,350,-2.703187171885223,True
R350C,-6.21814191802366,350,True,impactful,sensitive,350,-3.62551774113255,True
R350D,-4.36832046316904,350,True,mild,sensitive,350,-2.5469703887371855,True
R350E,-4.354074507859,350,True,mild,sensitive,350,-2.538664215543193,True
R350F,-7.585535754074612,350,True,impactful,sensitive,350,-4.4227833354330555,True
R350G,-7.84247155096457,350,True,impactful,sensitive,350,-4.57259099537991,True
R350H,-4.1356918876273,350,True,mild,sensitive,350,-2.411335171844447,True
R350I,-6.1310338439144,350,True,impactful,sensitive,350,-3.5747289569197593,True
R350K,-3.1909869531882404,350,True,neutral,sensitive,350,-1.8605203874445322,True
R350L,-6.16610936105684,350,True,impactful,sensitive,350,-3.595179906955286,True
R350M,-6.23391698272387,350,True,impactful,sensitive,350,-3.6347154689573764,True
R350N,-3.92510224927635,350,True,mild,sensitive,350,-2.288549863949332,True
R350P,-7.84247155096457,350,True,impactful,sensitive,350,-4.57259099537991,True
R350Q,-4.411562391208929,350,True,mild,sensitive,350,-2.572182804171928,True
R350R,0.0,350,True,neutral,sensitive,350,0.0,True
R350S,-4.37536523014863,350,True,mild,sensitive,350,-2.551077874221333,True
R350T,-4.38518274683903,350,True,mild,sensitive,350,-2.5568020248444863,True
R350V,-6.20180506490917,350,True,impactful,sensitive,350,-3.6159924598537194,True
R350W,-7.585535754074612,350,True,impactful,sensitive,350,-4.4227833354330555,True
R350Y,-7.585535754074612,350,True,impactful,sensitive,350,-4.4227833354330555,True
N351A,-6.228568624199911,351,True,impactful,sensitive,351,-6.1251901496782555,True
N351C,-7.00027761953295,351,True,impactful,sensitive,351,-6.884090728900696,True
N351D,-5.42735442172248,351,True,impactful,sensitive,351,-5.337274075071711,True
N351E,-4.848408522429589,351,True,mild,sensitive,351,-4.76793721238266,True
N351F,-7.3256234904686,351,True,impactful,sensitive,351,-7.204036681836154,True
N351G,-7.10725143708002,351,True,impactful,sensitive,351,-6.989289051829498,True
N351H,-4.76005660958746,351,True,mild,sensitive,351,-4.681051717673134,True
N351I,-6.8305976844539495,351,True,impactful,sensitive,351,-6.717227051280472,True
N351K,-6.530744847956378,351,True,impactful,sensitive,351,-6.422351012934834,True
N351L,-6.761863810826111,351,True,impactful,sensitive,351,-6.649633985987955,True
N351M,-7.4566979973007,351,True,impactful,sensitive,351,-7.332935683607214,True
N351N,0.0,351,True,neutral,sensitive,351,0.0,True
N351P,-7.5846256310071505,351,True,impactful,sensitive,351,-7.458740042381708,True
N351Q,-4.81752059305278,351,True,mild,sensitive,351,-4.737561944455498,True
N351R,-6.69498389711125,351,True,impactful,sensitive,351,-6.583864109566272,True
N351S,-6.0243428439709295,351,True,impactful,sensitive,351,-5.9243540005012685,True
N351T,-5.539572653528942,351,True,impactful,sensitive,351,-5.447629768256924,True
N351V,-6.88878262514935,351,True,impactful,sensitive,351,-6.774446269227655,True
N351W,-7.9291369257182,351,True,impactful,sensitive,351,-7.797533321565989,True
N351Y,-7.9291369257182,351,True,impactful,sensitive,351,-7.797533321565989,True
M352A,-4.663835981016558,352,True,mild,sensitive,352,-2.8746371791388876,True
M352C,-4.82818114035088,352,True,mild,sensitive,352,-2.975934203124489,True
M352D,-4.17715656171617,352,True,mild,sensitive,352,-2.574663775542117,True
M352E,-4.177125938895741,352,True,mild,sensitive,352,-2.574644900629171,True
M352F,-4.79339866061174,352,True,mild,sensitive,352,-2.954495411141289,True
M352G,-4.90454893970757,352,True,mild,sensitive,352,-3.0230048368717566,True
M352H,-4.1253680469712695,352,True,mild,sensitive,352,-2.542743015347282,True
M352I,-3.24627230013458,352,True,neutral,sensitive,352,-2.0008969195227895,True
M352K,-4.629876909592499,352,True,mild,sensitive,352,-2.8537059093253734,True
M352L,-1.6160168687646002,352,True,neutral,sensitive,352,-0.9960603657536375,True
M352M,0.0,352,True,neutral,sensitive,352,0.0,True
M352N,-2.9849694346646203,352,True,neutral,sensitive,352,-1.8398383112970882,True
M352P,-7.01414185031922,352,True,impactful,sensitive,352,-4.3232894605969365,True
M352Q,-1.60890309206887,352,True,neutral,sensitive,352,-0.9916756646070118,True
M352R,-4.39996086097617,352,True,mild,sensitive,352,-2.7119931166535465,True
M352S,-4.28411174584328,352,True,mild,sensitive,352,-2.6405874808449825,True
M352T,-4.25282953869256,352,True,mild,sensitive,352,-2.621306143317889,True
M352V,-3.21386255424231,352,True,neutral,sensitive,352,-1.9809206036987375,True
M352W,-5.21986054851104,352,True,impactful,sensitive,352,-3.217352682158328,True
M352Y,-3.97287950256755,352,True,mild,sensitive,352,-2.4487540241134695,True
D353A,-6.16377793869793,353,True,impactful,sensitive,353,-4.207105731283866,True
D353C,-6.88035109296255,353,True,impactful,sensitive,353,-4.696204958117415,True
D353D,0.0,353,True,neutral,sensitive,353,0.0,True
D353E,-3.5104614816993904,353,True,neutral,sensitive,353,-2.3960763619314647,True
D353F,-7.70449666188578,353,True,impactful,sensitive,353,-5.258728069902582,True
D353G,-6.33831651918736,353,True,impactful,sensitive,353,-4.32623758022623,True
D353H,-4.66959892485049,353,True,mild,sensitive,353,-3.1872492154844725,True
D353I,-6.59126649948934,353,True,impactful,sensitive,353,-4.498889373078034,True
D353K,-6.497159201109032,353,True,impactful,sensitive,353,-4.434656144965492,True
D353L,-6.5526799517339,353,True,impactful,sensitive,353,-4.4725520053423855,True
D353M,-7.14488378295145,353,True,impactful,sensitive,353,-4.876762565356481,True
D353N,-4.52798297789824,353,True,mild,sensitive,353,-3.09058881207775,True
D353P,-8.123771055733071,353,True,impactful,sensitive,353,-5.544905106596433,True
D353Q,-4.619606423818151,353,True,mild,sensitive,353,-3.1531266789969243,True
D353R,-7.09027077698442,353,True,impactful,sensitive,353,-4.839486288908555,True
D353S,-6.14127142056489,353,True,impactful,sensitive,353,-4.19174383759294,True
D353T,-6.3071243019960415,353,True,impactful,sensitive,353,-4.304947235729366,True
D353V,-6.563380835232638,353,True,impactful,sensitive,353,-4.479855926532455,True
D353W,-7.70449666188578,353,True,impactful,sensitive,353,-5.258728069902582,True
D353Y,-7.04553787163297,353,True,impactful,sensitive,353,-4.808953705750502,True
K354A,-3.58598117285076,354,True,neutral,tolerant,354,-1.9016227229916303,True
K354C,-4.89491059502045,354,True,mild,tolerant,354,-2.5957395663356313,True
K354D,-3.728430048759981,354,True,neutral,tolerant,354,-1.9771624445452278,True
K354E,-4.14896972076407,354,True,mild,tolerant,354,-2.200171924421185,True
K354F,-3.76627375465787,354,True,neutral,tolerant,354,-1.9972307180773023,True
K354G,-5.6856616408274006,354,True,impactful,tolerant,354,-3.0150697536551823,True
K354H,-3.04564000863534,354,True,neutral,tolerant,354,-1.6150832832926374,True
K354I,-2.9721345414172,354,True,neutral,tolerant,354,-1.5761038073867417,True
K354K,0.0,354,True,neutral,tolerant,354,0.0,True
K354L,-1.56271266311988,354,True,neutral,tolerant,354,-0.828696461708725,True
K354M,-2.86312094117781,354,True,neutral,tolerant,354,-1.5182945972046509,True
K354N,-3.5440617556403,354,True,neutral,tolerant,354,-1.8793931259972305,True
K354P,-5.67565401865222,354,True,impactful,tolerant,354,-3.009762776062684,True
K354Q,-2.05047345269622,354,True,neutral,tolerant,354,-1.0873528673432642,True
K354R,-1.2345906372878,354,True,neutral,tolerant,354,-0.6546954644474106,True
K354S,-3.76786314650091,354,True,neutral,tolerant,354,-1.9980735623363142,True
K354T,-3.62142633202717,354,True,neutral,tolerant,354,-1.9204190626434452,True
K354V,-2.90759516843034,354,True,neutral,tolerant,354,-1.5418789935119164,True
K354W,-5.26279652511028,354,True,impactful,tolerant,354,-2.790827105953577,True
K354Y,-3.79303155773355,354,True,mild,tolerant,354,-2.011420208733662,True
Q355A,-3.44999233578223,355,True,neutral,tolerant,355,-2.4081956277372454,True
Q355C,-4.05405121958553,355,True,mild,tolerant,355,-2.8298464087501016,True
Q355D,-2.9815291866929,355,True,neutral,tolerant,355,-2.081194638288045,True
Q355E,-2.4936033844592203,355,True,neutral,tolerant,355,-1.7406081472943142,True
Q355F,-4.44018086694412,355,True,mild,tolerant,355,-3.099376204183067,True
Q355G,-4.26643445623766,355,True,mild,tolerant,355,-2.978096124149652,True
Q355H,-1.27522088581049,355,True,neutral,tolerant,355,-0.8901415025641626,True
Q355I,-3.19332974978342,355,True,neutral,tolerant,355,-2.2290376304873973,True
Q355K,-3.28732602210252,355,True,neutral,tolerant,355,-2.29464977973037,True
Q355L,-1.74746035057815,355,True,neutral,tolerant,355,-1.219778470885312,True
Q355M,-3.20642387845244,355,True,neutral,tolerant,355,-2.238177715548663,True
Q355N,-3.2036233268073,355,True,neutral,tolerant,355,-2.2362228485313858,True
Q355P,-6.8928551371299,355,True,impactful,tolerant,355,-4.811414631765784,True
Q355Q,0.0,355,True,neutral,tolerant,355,0.0,True
Q355R,-3.0320466398910297,355,True,neutral,tolerant,355,-2.116457299208877,True
Q355S,-3.65122322740386,355,True,neutral,tolerant,355,-2.5486606798890206,True
Q355T,-3.8440045242216097,355,True,mild,tolerant,355,-2.683227667557635,True
Q355V,-3.05840796494728,355,True,neutral,tolerant,355,-2.134858275664214,True
Q355W,-5.37471253440347,355,True,impactful,tolerant,355,-3.751706660751264,True
Q355Y,-5.33601037564679,355,True,impactful,tolerant,355,-3.724691421170827,True
R356A,-5.83599930946013,356,True,impactful,sensitive,356,-2.9388490299470456,True
R356C,-4.96841364652471,356,True,impactful,sensitive,356,-2.50195670890433,True
R356D,-5.00066446530071,356,True,impactful,sensitive,356,-2.5181973358216787,True
R356E,-4.59456694910881,356,True,mild,sensitive,356,-2.313697775722369,True
R356F,-7.37581874189692,356,True,impactful,sensitive,356,-3.714259821715815,True
R356G,-5.889799240797322,356,True,impactful,sensitive,356,-2.9659411983380237,True
R356H,-5.5851558400039005,356,True,impactful,sensitive,356,-2.8125311454186828,True
R356I,-6.020118596561789,356,True,impactful,sensitive,356,-3.031566448096177,True
R356K,-3.32446055018251,356,True,neutral,sensitive,356,-1.6741070628921806,True
R356L,-4.9079732458418,356,True,mild,sensitive,356,-2.4715205824591724,True
R356M,-6.05827344737304,356,True,impactful,sensitive,356,-3.050780183456401,True
R356N,-5.66900702470778,356,True,impactful,sensitive,356,-2.8547562999740395,True
R356P,-5.4599996920889815,356,True,impactful,sensitive,356,-2.7495059453821713,True
R356Q,-4.84767222677418,356,True,mild,sensitive,356,-2.4411546447688734,True
R356R,0.0,356,True,neutral,sensitive,356,0.0,True
R356S,-4.85123172720793,356,True,mild,sensitive,356,-2.442947111464314,True
R356T,-5.1681887157750985,356,True,impactful,sensitive,356,-2.6025579491276467,True
R356V,-5.35737584257904,356,True,impactful,sensitive,356,-2.6978273922177047,True
R356W,-7.37581874189692,356,True,impactful,sensitive,356,-3.714259821715815,True
R356Y,-6.75072375305574,356,True,impactful,sensitive,356,-3.3994791467759136,True
Q357A,-5.30716103220201,357,True,impactful,sensitive,357,-3.251596810458296,True
Q357C,-4.90080816346314,357,True,mild,sensitive,357,-3.0026321222012933,True
Q357D,-4.38550458221806,357,True,mild,sensitive,357,-2.6869154007700935,True
Q357E,-3.20773036808088,357,True,neutral,sensitive,357,-1.9653154992612618,True
Q357F,-5.69422648820491,357,True,impactful,sensitive,357,-3.488744467094487,True
Q357G,-7.4188979031589986,357,True,impactful,sensitive,357,-4.545417900956076,True
Q357H,-3.71364888257267,357,True,neutral,sensitive,357,-2.2752821684638267,True
Q357I,-3.63334629630123,357,True,neutral,sensitive,357,-2.2260822983623862,True
Q357K,-3.34480217300691,357,True,neutral,sensitive,357,-2.049296791895285,True
Q357L,-3.94024607602796,357,True,mild,sensitive,357,-2.414113967052066,True
Q357M,-3.66613212907297,357,True,neutral,sensitive,357,-2.2461695556779184,True
Q357N,-4.37118723224779,357,True,mild,sensitive,357,-2.678143432251507,True
Q357P,-5.134242014153741,357,True,impactful,sensitive,357,-3.145652610886865,True
Q357Q,0.0,357,True,neutral,sensitive,357,0.0,True
Q357R,-3.447209720263149,357,True,neutral,sensitive,357,-2.1120399519397584,True
Q357S,-4.39572264010543,357,True,mild,sensitive,357,-2.693175810852632,True
Q357T,-4.46312080412439,357,True,mild,sensitive,357,-2.7344693864244034,True
Q357V,-3.63424738897088,357,True,neutral,sensitive,357,-2.2266343807342577,True
Q357W,-6.587388374376991,357,True,impactful,sensitive,357,-4.035967798491135,True
Q357Y,-5.006025964332308,357,True,impactful,sensitive,357,-3.067097071283057,True
K358A,-3.46252814058175,358,True,neutral,tolerant,358,-1.6911409515015918,True
K358C,-3.36646693606456,358,True,neutral,tolerant,358,-1.6442234882453088,True
K358D,-3.282848976822601,358,True,neutral,tolerant,358,-1.6033834576625368,True
K358E,-3.09451996741249,358,True,neutral,tolerant,358,-1.5114012737673739,True
K358F,-5.701129883560691,358,True,impactful,tolerant,358,-2.784501330954989,True
K358G,-4.09867081529581,358,True,mild,tolerant,358,-2.001840788305215,True
K358H,-3.1201509278718595,358,True,neutral,tolerant,358,-1.5239197472928698,True
K358I,-2.9964413189575803,358,True,neutral,tolerant,358,-1.463498466299603,True
K358K,0.0,358,True,neutral,tolerant,358,0.0,True
K358L,-2.61714085251359,358,True,neutral,tolerant,358,-1.278243494878832,True
K358M,-2.50606566054085,358,True,neutral,tolerant,358,-1.2239930171312514,True
K358N,-3.27671028105421,358,True,neutral,tolerant,358,-1.6003852438195754,True
K358P,-4.10561191065063,358,True,mild,tolerant,358,-2.005230903887306,True
K358Q,-2.86125763336296,358,True,neutral,tolerant,358,-1.3974731063885732,True
K358R,-0.39771922382042,358,True,neutral,tolerant,358,-0.19425091704500463,True
K358S,-3.14998458975592,358,True,neutral,tolerant,358,-1.5384908714244154,True
K358T,-2.7969868088199705,358,True,neutral,tolerant,358,-1.3660824522311281,True
K358V,-2.9688291585675297,358,True,neutral,tolerant,358,-1.450012350577465,True
K358W,-5.701129883560691,358,True,impactful,tolerant,358,-2.784501330954989,True
K358Y,-5.701129883560691,358,True,impactful,tolerant,358,-2.784501330954989,True
R359A,-5.84730534620426,359,True,impactful,sensitive,359,-3.1097592751771423,True
R359C,-6.57558425264874,359,True,impactful,sensitive,359,-3.4970782110185468,True
R359D,-5.67745813303359,359,True,impactful,sensitive,359,-3.0194298131005044,True
R359E,-4.7780420058890485,359,True,mild,sensitive,359,-2.5410953533741494,True
R359F,-7.358809602921059,359,True,impactful,sensitive,359,-3.9136191907271383,True
R359G,-6.50227797051524,359,True,impactful,sensitive,359,-3.458091895562764,True
R359H,-5.485257497950308,359,True,impactful,sensitive,359,-2.91721218083111,True
R359I,-6.2470325967636215,359,True,impactful,sensitive,359,-3.3223453214616847,True
R359K,-3.28127934749966,359,True,neutral,sensitive,359,-1.7450754289679984,True
R359L,-5.50584507523556,359,True,impactful,sensitive,359,-2.9281612258399865,True
R359M,-6.84671246592337,359,True,impactful,sensitive,359,-3.6412717200064617,True
R359N,-4.93059564045746,359,True,mild,sensitive,359,-2.6222276103665187,True
R359P,-6.79842599499946,359,True,impactful,sensitive,359,-3.6155916345772514,True
R359Q,-4.91329737556333,359,True,mild,sensitive,359,-2.613027912982165,True
R359R,0.0,359,True,neutral,sensitive,359,0.0,True
R359S,-5.4297797268478,359,True,impactful,sensitive,359,-2.8877075623722543,True
R359T,-5.9377596610981,359,True,impactful,sensitive,359,-3.157865390398833,True
R359V,-6.157921725449799,359,True,impactful,sensitive,359,-3.2749536868231477,True
R359W,-7.358809602921059,359,True,impactful,sensitive,359,-3.9136191907271383,True
R359Y,-6.78559899802701,359,True,impactful,sensitive,359,-3.6087698815737697,True
L360A,-3.18309999794194,360,True,neutral,tolerant,360,-1.4744934179611302,True
L360C,-4.01234534278923,360,True,mild,tolerant,360,-1.8586210933853373,True
L360D,-3.77956853651826,360,True,neutral,tolerant,360,-1.7507929167894167,True
L360E,-4.22158825179681,360,True,mild,tolerant,360,-1.9555477662156593,True
L360F,-2.69124977833319,360,True,neutral,tolerant,360,-1.2466558030873462,True
L360G,-4.237282426752151,360,True,mild,tolerant,360,-1.9628177098828212,True
L360H,-2.92675914427386,360,True,neutral,tolerant,360,-1.3557497712857185,True
L360I,-0.753481266050924,360,True,neutral,tolerant,360,-0.34903181429029406,True
L360K,-2.4200141719978,360,True,neutral,tolerant,360,-1.1210125256167012,True
L360L,0.0,360,True,neutral,tolerant,360,0.0,True
L360M,-0.204899265855257,360,True,neutral,tolerant,360,-0.09491458610913389,True
L360N,-2.980903604252509,360,True,neutral,tolerant,360,-1.3808308714425457,True
L360P,-4.03657154229788,360,True,mild,tolerant,360,-1.8698432892763914,True
L360Q,-2.39254766261955,360,True,neutral,tolerant,360,-1.1082893352303538,True
L360R,-0.968567595204334,360,True,neutral,tolerant,360,-0.44866530894493134,True
L360S,-2.97691949811351,360,True,neutral,tolerant,360,-1.378985331471382,True
L360T,-3.2547749540889,360,True,neutral,tolerant,360,-1.5076950927874555,True
L360V,-2.28881949690755,360,True,neutral,tolerant,360,-1.0602397930549856,True
L360W,-4.36088404150982,360,True,mild,tolerant,360,-2.0200731424885783,True
L360Y,-4.8569341612360715,360,True,mild,tolerant,360,-2.2498562586294772,True
Q361A,-3.23540279727282,361,True,neutral,sensitive,361,-1.7002684896645703,True
Q361C,-5.06207807204164,361,True,impactful,sensitive,361,-2.6602226607979955,True
Q361D,-2.82000751085828,361,True,neutral,sensitive,361,-1.4819700086095466,True
Q361E,-1.58853877055556,361,True,neutral,sensitive,361,-0.834808704023743,True
Q361F,-5.49734798857265,361,True,impactful,sensitive,361,-2.888965655086196,True
Q361G,-3.8816977621415,361,True,mild,sensitive,361,-2.039909342025009,True
Q361H,-3.93819072480638,361,True,mild,sensitive,361,-2.069597516983582,True
Q361I,-4.96517102297047,361,True,impactful,sensitive,361,-2.609296080002252,True
Q361K,-3.51404081792234,361,True,neutral,sensitive,361,-1.8466983088302784,True
Q361L,-2.35596103503683,361,True,neutral,sensitive,361,-1.238104360337199,True
Q361M,-4.3247702148425695,361,True,mild,sensitive,361,-2.272752724184729,True
Q361N,-3.09917157566217,361,True,neutral,sensitive,361,-1.628676274436116,True
Q361P,-5.55334985342522,361,True,impactful,sensitive,361,-2.9183957483813927,True
Q361Q,0.0,361,True,neutral,sensitive,361,0.0,True
Q361R,-3.25334352277415,361,True,neutral,sensitive,361,-1.7096966975765329,True
Q361S,-3.62161263902933,361,True,neutral,sensitive,361,-1.903229439346151,True
Q361T,-3.80938771346024,361,True,mild,sensitive,361,-2.001908973921695,True
Q361V,-4.789922614054969,361,True,mild,sensitive,361,-2.5171995571847408,True
Q361W,-6.03594452257449,361,True,impactful,sensitive,361,-3.172008840984963,True
Q361Y,-4.809191296037059,361,True,mild,sensitive,361,-2.527325632627072,True
E362A,-3.51340638862651,362,True,neutral,sensitive,362,-2.142474453325521,True
E362C,-5.338114791827231,362,True,impactful,sensitive,362,-3.2551812416097654,True
E362D,-2.03910341981362,362,True,neutral,sensitive,362,-1.2434448228880364,True
E362E,0.0,362,True,neutral,sensitive,362,0.0,True
E362F,-5.19714518272505,362,True,impactful,sensitive,362,-3.1692180045716563,True
E362G,-3.76167486621593,362,True,neutral,sensitive,362,-2.293868517081775,True
E362H,-3.49834146930227,362,True,neutral,sensitive,362,-2.1332878687909003,True
E362I,-5.48732422364459,362,True,impactful,sensitive,362,-3.3461691207514317,True
E362K,-3.8547254219615,362,True,mild,sensitive,362,-2.350610725782136,True
E362L,-3.88203374967359,362,True,mild,sensitive,362,-2.367263338094675,True
E362M,-6.003977984765902,362,True,impactful,sensitive,362,-3.6612244721620275,True
E362N,-3.0654898370366204,362,True,neutral,sensitive,362,-1.869335037370239,True
E362P,-4.79604446756191,362,True,mild,sensitive,362,-2.924626875509707,True
E362Q,-2.13860607178297,362,True,neutral,sensitive,362,-1.3041215184654618,True
E362R,-3.87245287406586,362,True,mild,sensitive,362,-2.3614209222282665,True
E362S,-3.87537070982236,362,True,mild,sensitive,362,-2.3632002178393687,True
E362T,-3.90456358763892,362,True,mild,sensitive,362,-2.381002028396639,True
E362V,-4.43252728203957,362,True,mild,sensitive,362,-2.7029541746665595,True
E362W,-5.86581487551435,362,True,impactful,sensitive,362,-3.576972638123782,True
E362Y,-6.3050222127658,362,True,impactful,sensitive,362,-3.8448011770655057,True
Q363A,-4.09378458535077,363,True,mild,sensitive,363,-2.1912352177569323,True
Q363C,-4.08261849471388,363,True,mild,sensitive,363,-2.1852584667730692,True
Q363D,-2.853770954284069,363,True,neutral,sensitive,363,-1.527506708783813,True
Q363E,-2.83184166429482,363,True,neutral,sensitive,363,-1.5157688580193156,True
Q363F,-5.7905558080934,363,True,impactful,sensitive,363,-3.0994473579498365,True
Q363G,-4.2776020456584,363,True,mild,sensitive,363,-2.2896251755739736,True
Q363H,-2.75921415589886,363,True,neutral,sensitive,363,-1.4768943274090225,True
Q363I,-4.93946201784666,363,True,mild,sensitive,363,-2.6438917106213404,True
Q363K,-2.9006047887082302,363,True,neutral,sensitive,363,-1.5525749421588784,True
Q363L,-2.53197792326782,363,True,neutral,sensitive,363,-1.355264079087376,True
Q363M,-4.42705007589048,363,True,mild,sensitive,363,-2.3696185851541403,True
Q363N,-3.12784097742096,363,True,neutral,sensitive,363,-1.6742051669728522,True
Q363P,-5.4836683363783,363,True,impactful,sensitive,363,-2.935183063654319,True
Q363Q,0.0,363,True,neutral,sensitive,363,0.0,True
Q363R,-2.834153266613109,363,True,neutral,sensitive,363,-1.51700616406307,True
Q363S,-3.60525892607644,363,True,neutral,sensitive,363,-1.9297474410892421,True
Q363T,-4.09077227403565,363,True,mild,sensitive,363,-2.189622850886394,True
Q363V,-3.92793782892298,363,True,mild,sensitive,363,-2.102464241693425,True
Q363W,-6.15062211199978,363,True,impactful,sensitive,363,-3.2921761030505334,True
Q363Y,-5.46573692701234,363,True,impactful,sensitive,363,-2.9255851146446643,True
K364A,-3.1837652785515296,364,True,neutral,tolerant,364,-0.9853713881671563,True
K364C,-4.75466408912883,364,True,mild,tolerant,364,-1.471562613405005,True
K364D,-3.2143857598558,364,True,neutral,tolerant,364,-0.9948483889914327,True
K364E,-3.2430299309179698,364,True,neutral,tolerant,364,-1.0037137242573757,True
K364F,-4.68617601572619,364,True,mild,tolerant,364,-1.4503656399923304,True
K364G,-3.83924665486376,364,True,mild,tolerant,364,-1.1882420576997899,True
K364H,-3.22352504114149,364,True,neutral,tolerant,364,-0.9976769851659056,True
K364I,-4.44610845554694,364,True,mild,tolerant,364,-1.376065029133432,True
K364K,0.0,364,True,neutral,tolerant,364,0.0,True
K364L,-3.4409766076832096,364,True,neutral,tolerant,364,-1.0649779741633798,True
K364M,-4.1646758196135085,364,True,mild,tolerant,364,-1.2889619788509583,True
K364N,-3.3807562876123,364,True,neutral,tolerant,364,-1.0463398601089609,True
K364P,-4.18685150284626,364,True,mild,tolerant,364,-1.295825325190533,True
K364Q,-2.8742482735275203,364,True,neutral,tolerant,364,-0.889576260631685,True
K364R,-0.807661437722553,364,True,neutral,tolerant,364,-0.24997020899098057,True
K364S,-3.3136998107948195,364,True,neutral,tolerant,364,-1.0255859640562652,True
K364T,-3.53177614170527,364,True,neutral,tolerant,364,-1.0930803168476853,True
K364V,-3.44171882741988,364,True,neutral,tolerant,364,-1.0652076902474061,True
K364W,-5.25610256222042,364,True,impactful,tolerant,364,-1.6267571962592644,True
K364Y,-4.62280425490816,364,True,mild,tolerant,364,-1.4307521589519603,True
Q365A,-3.014078460957529,365,True,neutral,tolerant,365,-1.4280505727098922,True
Q365C,-4.11407220974837,365,True,mild,tolerant,365,-1.9492203840753954,True
Q365D,-2.13803684853717,365,True,neutral,tolerant,365,-1.0129878122211833,True
Q365E,-0.996081740698588,365,True,neutral,tolerant,365,-0.47193698461936906,True
Q365F,-5.275632992448862,365,True,impactful,tolerant,365,-2.4995602516201245,True
Q365G,-4.63363824022924,365,True,mild,tolerant,365,-2.195387355838002,True
Q365H,-1.90834486674063,365,True,neutral,tolerant,365,-0.9041612602915383,True
Q365I,-3.52094214676764,365,True,neutral,tolerant,365,-1.668199257020196,True
Q365K,-2.04436878405725,365,True,neutral,tolerant,365,-0.9686084986572351,True
Q365L,-1.9136346336705,365,True,neutral,tolerant,365,-0.9066675171098505,True
Q365M,-2.99908120546821,365,True,neutral,tolerant,365,-1.4209449715890126,True
Q365N,-2.1625738906780603,365,True,neutral,tolerant,365,-1.0246133015824568,True
Q365P,-3.68205697428228,365,True,neutral,tolerant,365,-1.7445344037937953,True
Q365Q,0.0,365,True,neutral,tolerant,365,0.0,True
Q365R,-3.0374108956727404,365,True,neutral,tolerant,365,-1.4391053269869885,True
Q365S,-3.38654888643215,365,True,neutral,tolerant,365,-1.6045246132189606,True
Q365T,-3.10326693005988,365,True,neutral,tolerant,365,-1.47030748341429,True
Q365V,-3.4857819894671,365,True,neutral,tolerant,365,-1.6515406054887243,True
Q365W,-4.22573455151074,365,True,mild,tolerant,365,-2.002125267995777,True
Q365Y,-4.73631021558212,365,True,mild,tolerant,365,-2.2440326632190697,True
Q366A,-2.4875612048559,366,True,neutral,tolerant,366,-0.9429935789880843,True
Q366C,-3.8130987570804,366,True,mild,tolerant,366,-1.445483084780041,True
Q366D,-3.54181851329928,366,True,neutral,tolerant,366,-1.3426452018396946,True
Q366E,-2.6416713480054903,366,True,neutral,tolerant,366,-1.001414202031776,True
Q366F,-4.59510215440053,366,True,mild,tolerant,366,-1.741927723400488,True
Q366G,-3.44412186879893,366,True,neutral,tolerant,366,-1.3056100091888878,True
Q366H,-1.4034433185402,366,True,neutral,tolerant,366,-0.5320223017120905,True
Q366I,-4.09596155640966,366,True,mild,tolerant,366,-1.5527117242126691,True
Q366K,-1.98286720809376,366,True,neutral,tolerant,366,-0.7516723775754338,True
Q366L,-1.92189058444918,366,True,neutral,tolerant,366,-0.7285571414747234,True
Q366M,-4.50995115062378,366,True,mild,tolerant,366,-1.7096483770072735,True
Q366N,-1.53985828801208,366,True,neutral,tolerant,366,-0.5837349751686177,True
Q366P,-3.66869223432361,366,True,neutral,tolerant,366,-1.3907409447845196,True
Q366Q,0.0,366,True,neutral,tolerant,366,0.0,True
Q366R,-2.7758279217361803,366,True,neutral,tolerant,366,-1.0522707547711128,True
Q366S,-2.3979663970792,366,True,neutral,tolerant,366,-0.9090296595158018,True
Q366T,-2.63208355295863,366,True,neutral,tolerant,366,-0.9977796264690949,True
Q366V,-3.07751797066238,366,True,neutral,tolerant,366,-1.166636495170448,True
Q366W,-5.15431147785076,366,True,impactful,tolerant,366,-1.9539147894049138,True
Q366Y,-4.61271526986443,366,True,mild,tolerant,366,-1.748604566067117,True
E367A,-2.95552705085192,367,True,neutral,tolerant,367,-1.4557873184570658,True
E367C,-4.5049066996404905,367,True,mild,tolerant,367,-2.218956528338499,True
E367D,-1.19396541798461,367,True,neutral,tolerant,367,-0.5881048233604449,True
E367E,0.0,367,True,neutral,tolerant,367,0.0,True
E367F,-4.0506724993144605,367,True,mild,tolerant,367,-1.9952169458320517,True
E367G,-2.40438207917484,367,True,neutral,tolerant,367,-1.1843129429585917,True
E367H,-3.943545598169,367,True,mild,tolerant,367,-1.942450051308717,True
E367I,-4.08513244914021,367,True,mild,tolerant,367,-2.0121906892923027,True
E367K,-2.92245013124432,367,True,neutral,tolerant,367,-1.43949480640427,True
E367L,-1.7481031660277,367,True,neutral,tolerant,367,-0.8610533338628126,True
E367M,-4.11614386147013,367,True,mild,tolerant,367,-2.0274658060550905,True
E367N,-1.9082222669592697,367,True,neutral,tolerant,367,-0.9399222978642539,True
E367P,-4.72929656541392,367,True,mild,tolerant,367,-2.3294829811040327,True
E367Q,-1.30387740368404,367,True,neutral,tolerant,367,-0.6422435513012169,True
E367R,-3.27794889048598,367,True,neutral,tolerant,367,-1.6146008286218823,True
E367S,-1.55561436539358,367,True,neutral,tolerant,367,-0.7662402091352316,True
E367T,-2.9443138047262205,367,True,neutral,tolerant,367,-1.4502640729486798,True
E367V,-3.434286132194209,367,True,neutral,tolerant,367,-1.6916069835192953,True
E367W,-5.3590498854762,367,True,impactful,tolerant,367,-2.6396770281653312,True
E367Y,-5.3590498854762,367,True,impactful,tolerant,367,-2.6396770281653312,True
G368A,-0.5198802277780159,368,True,neutral,tolerant,368,-0.22959325830049784,True
G368C,-3.1819713471854403,368,True,neutral,tolerant,368,-1.4052451514487525,True
G368D,-2.04413940253014,368,True,neutral,tolerant,368,-0.9027475960246046,True
G368E,-1.32967952836206,368,True,neutral,tolerant,368,-0.5872226699540277,True
G368F,-4.817314438419942,368,True,mild,tolerant,368,-2.1274571700909717,True
G368G,0.0,368,True,neutral,tolerant,368,0.0,True
G368H,-1.90923887207444,368,True,neutral,tolerant,368,-0.8431718501529718,True
G368I,-2.67833022058471,368,True,neutral,tolerant,368,-1.1828235222119328,True
G368K,-2.42069911972701,368,True,neutral,tolerant,368,-1.0690466160613104,True
G368L,-1.91566852445829,368,True,neutral,tolerant,368,-0.8460113596431807,True
G368M,-2.26204326480918,368,True,neutral,tolerant,368,-0.9989798723524319,True
G368N,-1.47038189372239,368,True,neutral,tolerant,368,-0.6493606640295765,True
G368P,-2.5143508382567004,368,True,neutral,tolerant,368,-1.1104057639069058,True
G368Q,-1.78206497719682,368,True,neutral,tolerant,368,-0.7870083968504447,True
G368R,-2.4782008722988,368,True,neutral,tolerant,368,-1.0944409550369858,True
G368S,-0.881765494225028,368,True,neutral,tolerant,368,-0.38941164148777013,True
G368T,-2.22195342673577,368,True,neutral,tolerant,368,-0.9812751087237913,True
G368V,-2.25953584277709,368,True,neutral,tolerant,368,-0.9978725265379113,True
G368W,-4.817314438419942,368,True,mild,tolerant,368,-2.1274571700909717,True
G368Y,-4.817314438419942,368,True,mild,tolerant,368,-2.1274571700909717,True
Y369A,-0.6790949056885288,369,True,neutral,tolerant,369,-0.13930776365523664,True
Y369C,-0.0731053622569682,369,True,neutral,tolerant,369,-0.014996643977027867,True
Y369D,-1.5482644657904898,369,True,neutral,tolerant,369,-0.31760694782043936,True
Y369E,-1.52638731392011,369,True,neutral,tolerant,369,-0.3131191257550999,True
Y369F,-2.09136393305736,369,True,neutral,tolerant,369,-0.42901696075609685,True
Y369G,-0.6802548935026761,369,True,neutral,tolerant,369,-0.1395457205400587,True
Y369H,0.00827491528471635,369,True,neutral,tolerant,369,0.001697494610980179,True
Y369I,-0.671097529910235,369,True,neutral,tolerant,369,-0.1376672027771439,True
Y369K,-1.28970683183133,369,True,neutral,tolerant,369,-0.26456710690701013,True
Y369L,-1.01506619153425,369,True,neutral,tolerant,369,-0.20822803988096988,True
Y369M,-0.951231394483831,369,True,neutral,tolerant,369,-0.19513313555170894,True
Y369N,-1.25905891653138,369,True,neutral,tolerant,369,-0.25828007323120544,True
Y369P,-1.6993202623589398,369,True,neutral,tolerant,369,-0.348594141261061,True
Y369Q,-0.7615598648865829,369,True,neutral,tolerant,369,-0.15622441101861753,True
Y369R,-1.5162323782660705,369,True,neutral,tolerant,369,-0.31103596865264344,True
Y369S,-0.672904036670796,369,True,neutral,tolerant,369,-0.13803778487801635,True
Y369T,-1.39534066535241,369,True,neutral,tolerant,369,-0.28623655692185185,True
Y369V,-1.5580114036419197,369,True,neutral,tolerant,369,-0.3196064093142531,True
Y369W,-1.09163343116358,369,True,neutral,tolerant,369,-0.22393484438306224,True
Y369Y,0.0,369,True,neutral,tolerant,369,0.0,True
D370A,-1.3418540442469298,370,True,neutral,tolerant,370,-0.35733260753653945,True
D370C,-3.3311598090653995,370,True,neutral,tolerant,370,-0.8870801006992484,True
D370D,0.0,370,True,neutral,tolerant,370,0.0,True
D370E,-0.16571993129111598,370,True,neutral,tolerant,370,-0.044130831831463636,True
D370F,-3.50686628821948,370,True,neutral,tolerant,370,-0.9338703269733946,True
D370G,-2.09275909675346,370,True,neutral,tolerant,370,-0.557296874570595,True
D370H,-2.99583325113427,370,True,neutral,tolerant,370,-0.7977834191149038,True
D370I,-3.67685663469469,370,True,neutral,tolerant,370,-0.979138360424914,True
D370K,-2.10902186257483,370,True,neutral,tolerant,370,-0.5616276112417116,True
D370L,-2.79501872313048,370,True,neutral,tolerant,370,-0.7443069778950354,True
D370M,-3.67685663469469,370,True,neutral,tolerant,370,-0.979138360424914,True
D370N,-0.613768304972727,370,True,neutral,tolerant,370,-0.16344507048251447,True
D370P,-1.68462686705873,370,True,neutral,tolerant,370,-0.44861221212031577,True
D370Q,-1.0544070059628,370,True,neutral,tolerant,370,-0.28078613054889623,True
D370R,-2.22086255217327,370,True,neutral,tolerant,370,-0.5914105264657917,True
D370S,-1.99728801188658,370,True,neutral,tolerant,370,-0.5318731469706456,True
D370T,-1.7849651066943797,370,True,neutral,tolerant,370,-0.4753320517022389,True
D370V,-1.91257486345667,370,True,neutral,tolerant,370,-0.5093142327944931,True
D370W,-4.1132846289441405,370,True,mild,tolerant,370,-1.095358119090708,True
D370Y,-4.1132846289441405,370,True,mild,tolerant,370,-1.095358119090708,True
G371A,-1.01565687146073,371,True,neutral,tolerant,371,-0.4487578318261554,True
G371C,-3.8841123271146696,371,True,mild,tolerant,371,-1.7161561896178394,True
G371D,-2.91001310444471,371,True,neutral,tolerant,371,-1.2857601893227575,True
G371E,-1.8993689550430104,371,True,neutral,tolerant,371,-0.8392171786098805,True
G371F,-4.69791608695025,371,True,mild,tolerant,371,-2.0757272426552222,True
G371G,0.0,371,True,neutral,tolerant,371,0.0,True
G371H,-2.77240684295886,371,True,neutral,tolerant,371,-1.224960238783083,True
G371I,-3.0798924616945804,371,True,neutral,tolerant,371,-1.3608196844865434,True
G371K,-1.53009725297385,371,True,neutral,tolerant,371,-0.6760581698621927,True
G371L,-2.47240993978782,371,True,neutral,tolerant,371,-1.092409607162803,True
G371M,-3.55876725494076,371,True,neutral,tolerant,371,-1.5724057230118222,True
G371N,-2.22371327864234,371,True,neutral,tolerant,371,-0.9825254744659616,True
G371P,-1.5226848840921798,371,True,neutral,tolerant,371,-0.6727830887974134,True
G371Q,-1.90029621014932,371,True,neutral,tolerant,371,-0.839626877005815,True
G371R,-2.29482272045792,371,True,neutral,tolerant,371,-1.0139444702195504,True
G371S,-1.92842751581945,371,True,neutral,tolerant,371,-0.8520564130959023,True
G371T,-1.92470393136652,371,True,neutral,tolerant,371,-0.8504111845421731,True
G371V,-3.86987113493994,371,True,mild,tolerant,371,-1.7098638612710033,True
G371W,-4.69791608695025,371,True,mild,tolerant,371,-2.0757272426552222,True
G371Y,-4.18313328956629,371,True,mild,tolerant,371,-1.8482756115909007,True
G372A,-0.680766851677583,372,True,neutral,tolerant,372,-0.32840983618387404,True
G372C,-3.2250796203099705,372,True,neutral,tolerant,372,-1.5558158673207103,True
G372D,-2.01879449487939,372,True,neutral,tolerant,372,-0.9738899121167051,True
G372E,-1.92849013281965,372,True,neutral,tolerant,372,-0.9303260389967867,True
G372F,-4.0430059752499,372,True,mild,tolerant,372,-1.9503930409512413,True
G372G,0.0,372,True,neutral,tolerant,372,0.0,True
G372H,-3.29869696983301,372,True,neutral,tolerant,372,-1.591329731777499,True
G372I,-3.66075123903126,372,True,neutral,tolerant,372,-1.7659889164073972,True
G372K,-1.8262725792956496,372,True,neutral,tolerant,372,-0.8810151039458068,True
G372L,-2.72224119575434,372,True,neutral,tolerant,372,-1.3132407709740948,True
G372M,-1.9572380197891497,372,True,neutral,tolerant,372,-0.9441943535703013,True
G372N,-1.77908269033569,372,True,neutral,tolerant,372,-0.8582501534129108,True
G372P,-1.57608145208478,372,True,neutral,tolerant,372,-0.7603199982726906,True
G372Q,-2.06619525676016,372,True,neutral,tolerant,372,-0.9967565901958354,True
G372R,-1.6932275930766,372,True,neutral,tolerant,372,-0.8168326573099102,True
G372S,-1.35399352146726,372,True,neutral,tolerant,372,-0.6531822010477188,True
G372T,-0.8405718029327409,372,True,neutral,tolerant,372,-0.4055016007634075,True
G372V,-1.12566202279831,372,True,neutral,tolerant,372,-0.5430324340772753,True
G372W,-4.0430059752499,372,True,mild,tolerant,372,-1.9503930409512413,True
G372Y,-3.46753288444719,372,True,neutral,tolerant,372,-1.6727781379737774,True
P373A,-0.12406430584572803,373,True,neutral,tolerant,373,-0.03383126266233108,True
P373C,-1.61012647166852,373,True,neutral,tolerant,373,-0.4390675562262517,True
P373D,-1.18759947839406,373,True,neutral,tolerant,373,-0.3238481013318812,True
P373E,-1.35795750057966,373,True,neutral,tolerant,373,-0.3703032598555825,True
P373F,-3.25123560561648,373,True,neutral,tolerant,373,-0.8865838163597936,True
P373G,-1.7376466719234198,373,True,neutral,tolerant,373,-0.47384121138973745,True
P373H,-2.0738086235470603,373,True,neutral,tolerant,373,-0.5655096667519356,True
P373I,-0.500243894810673,373,True,neutral,tolerant,373,-0.1364121814505775,True
P373K,-1.20661982880254,373,True,neutral,tolerant,373,-0.32903478630313326,True
P373L,-1.02361839417467,373,True,neutral,tolerant,373,-0.27913187861123434,True
P373M,-0.8632274720147071,373,True,neutral,tolerant,373,-0.23539466201813442,True
P373N,-1.6791091108278502,373,True,neutral,tolerant,373,-0.4578785250107957,True
P373P,0.0,373,True,neutral,tolerant,373,0.0,True
P373Q,-1.35828494959398,373,True,neutral,tolerant,373,-0.37039255236833596,True
P373R,-1.3713670170631498,373,True,neutral,tolerant,373,-0.37395991896663994,True
P373S,-0.12308679119836,373,True,neutral,tolerant,373,-0.03356470287653333,True
P373T,-0.4804812950347079,373,True,neutral,tolerant,373,-0.13102309149957592,True
P373V,-0.8126416278803009,373,True,neutral,tolerant,373,-0.22160034004743873,True
P373W,-3.25123560561648,373,True,neutral,tolerant,373,-0.8865838163597936,True
P373Y,-3.25123560561648,373,True,neutral,tolerant,373,-0.8865838163597936,True
N374A,-0.483131685929149,374,True,neutral,tolerant,374,-0.14006210797141827,True
N374C,-2.1718251538279,374,True,neutral,tolerant,374,-0.6296221466109652,True
N374D,-1.44338327429392,374,True,neutral,tolerant,374,-0.41844348010314814,True
N374E,-1.47064480834461,374,True,neutral,tolerant,374,-0.42634672478131685,True
N374F,-2.71463009451549,374,True,neutral,tolerant,374,-0.7869838068460874,True
N374G,-2.22264732567458,374,True,neutral,tolerant,374,-0.6443557290437588,True
N374H,-1.36550971104287,374,True,neutral,tolerant,374,-0.3958675743162791,True
N374I,-2.2152830850006,374,True,neutral,tolerant,374,-0.6422208016472605,True
N374K,-2.0140057955957698,374,True,neutral,tolerant,374,-0.5838695854843282,True
N374L,-1.77269794153085,374,True,neutral,tolerant,374,-0.5139133236726189,True
N374M,-2.04805154577609,374,True,neutral,tolerant,374,-0.5937396057636921,True
N374N,0.0,374,True,neutral,tolerant,374,0.0,True
N374P,-3.09812272839175,374,True,neutral,tolerant,374,-0.8981600932635699,True
N374Q,-0.33295151512939697,374,True,neutral,tolerant,374,-0.09652418257687975,True
N374R,-2.3663150256141896,374,True,neutral,tolerant,374,-0.6860056590462754,True
N374S,-0.6467733279595861,374,True,neutral,tolerant,374,-0.18750257607196935,True
N374T,-0.473040385884151,374,True,neutral,tolerant,374,-0.13713659346338875,True
N374V,-1.76631173448413,374,True,neutral,tolerant,374,-0.5120619327434868,True
N374W,-4.09713070485078,374,True,mild,tolerant,374,-1.1877771213705455,True
N374Y,-1.91244715671446,374,True,neutral,tolerant,374,-0.5544272668397375,True
L375A,-1.91462134216214,375,True,neutral,tolerant,375,-0.376285000044381,True
L375C,-2.4222969939060603,375,True,neutral,tolerant,375,-0.476059680516325,True
L375D,-2.13313314943959,375,True,neutral,tolerant,375,-0.41922963541454805,True
L375E,-2.10593630895564,375,True,neutral,tolerant,375,-0.41388457689182556,True
L375F,-2.7165662678701,375,True,neutral,tolerant,375,-0.5338931075905133,True
L375G,-2.33382781900764,375,True,neutral,tolerant,375,-0.4586726271353232,True
L375H,-2.48412426478446,375,True,neutral,tolerant,375,-0.48821073833277573,True
L375I,-1.6857167426962598,375,True,neutral,tolerant,375,-0.331297844974382,True
L375K,-2.56818766646756,375,True,neutral,tolerant,375,-0.5047319148231281,True
L375L,0.0,375,True,neutral,tolerant,375,0.0,True
L375M,-2.01149941464487,375,True,neutral,tolerant,375,-0.39532467368935204,True
L375N,-3.5744300166918905,375,True,neutral,tolerant,375,-0.7024910719268702,True
L375P,-0.8738431949916229,375,True,neutral,tolerant,375,-0.17173844217932005,True
L375Q,-2.05789783641252,375,True,neutral,tolerant,375,-0.4044434637876507,True
L375R,-1.7024152241699195,375,True,neutral,tolerant,375,-0.3345796365034378,True
L375S,-1.92038890761238,375,True,neutral,tolerant,375,-0.3774185131406304,True
L375T,-2.03697783931956,375,True,neutral,tolerant,375,-0.4003320079432468,True
L375V,-2.03384681579024,375,True,neutral,tolerant,375,-0.3997166605829491,True
L375W,-4.1458710698547,375,True,mild,tolerant,375,-0.8147977155329141,True
L375Y,-3.80023998349812,375,True,mild,tolerant,375,-0.7468700316191038,True
R376A,-2.10957514284057,376,True,neutral,tolerant,376,-0.3073921207964615,True
R376C,-3.9874485090830696,376,True,mild,tolerant,376,-0.5810223247716593,True
R376D,-2.3842518191141404,376,True,neutral,tolerant,376,-0.347416030985015,True
R376E,-2.18029179169943,376,True,neutral,tolerant,376,-0.31769644237614864,True
R376F,-4.9212957485995314,376,True,mild,tolerant,376,-0.7170958296330979,True
R376G,-3.45191390628714,376,True,neutral,tolerant,376,-0.5029880732438043,True
R376H,-3.36250841351292,376,True,neutral,tolerant,376,-0.48996054771195036,True
R376I,-2.48035777101209,376,True,neutral,tolerant,376,-0.3614198992403521,True
R376K,-0.7461955748821759,376,True,neutral,tolerant,376,-0.10873025361073933,True
R376L,-2.2233858663408,376,True,neutral,tolerant,376,-0.3239758010625307,True
R376M,-3.86091018432803,376,True,mild,tolerant,376,-0.5625840699692691,True
R376N,-2.81157355379697,376,True,neutral,tolerant,376,-0.4096822814821204,True
R376P,-2.33930691554627,376,True,neutral,tolerant,376,-0.34086698281595235,True
R376Q,-1.98768343070638,376,True,neutral,tolerant,376,-0.28963093697345316,True
R376R,0.0,376,True,neutral,tolerant,376,0.0,True
R376S,-2.47277461352945,376,True,neutral,tolerant,376,-0.36031493605910064,True
R376T,-2.31706161239463,376,True,neutral,tolerant,376,-0.3376255571967941,True
R376V,-2.21617112804678,376,True,neutral,tolerant,376,-0.3229245212763061,True
R376W,-4.9212957485995314,376,True,mild,tolerant,376,-0.7170958296330979,True
R376Y,-4.9212957485995314,376,True,mild,tolerant,376,-0.7170958296330979,True
T377A,-1.33598316733734,377,True,neutral,tolerant,377,-0.4331872175288018,True
T377C,-2.82678280029235,377,True,neutral,tolerant,377,-0.9165730570224475,True
T377D,-2.82513603773038,377,True,neutral,tolerant,377,-0.9160391008248016,True
T377E,-2.6535303593695603,377,True,neutral,tolerant,377,-0.8603966435403861,True
T377F,-4.127395297178681,377,True,mild,tolerant,377,-1.3382914756251834,True
T377G,-3.45776914834302,377,True,neutral,tolerant,377,-1.1211678656198465,True
T377H,-4.23562894856609,377,True,mild,tolerant,377,-1.3733858057288615,True
T377I,-2.47646154109186,377,True,neutral,tolerant,377,-0.8029827849109368,True
T377K,-2.84768799676773,377,True,neutral,tolerant,377,-0.92335148366319,True
T377L,-2.2941186126913102,377,True,neutral,tolerant,377,-0.7438588170938013,True
T377M,-2.41819811797802,377,True,neutral,tolerant,377,-0.7840911021716328,True
T377N,-2.01997172167615,377,True,neutral,tolerant,377,-0.6549677802780339,True
T377P,-2.13620889193118,377,True,neutral,tolerant,377,-0.6926572194769964,True
T377Q,-3.5611600819537004,377,True,neutral,tolerant,377,-1.15469196378478,True
T377R,-2.890575535546009,377,True,neutral,tolerant,377,-0.9372575971863479,True
T377S,-1.98347577029926,377,True,neutral,tolerant,377,-0.6431341134964903,True
T377T,0.0,377,True,neutral,tolerant,377,0.0,True
T377V,-2.01342294416207,377,True,neutral,tolerant,377,-0.6528443652688514,True
T377W,-4.98001778784506,377,True,impactful,tolerant,377,-1.6147509201482482,True
T377Y,-4.98001778784506,377,True,impactful,tolerant,377,-1.6147509201482482,True
K378A,-1.25769552438913,378,True,neutral,tolerant,378,-0.18933103579999291,True
K378C,-3.39226638502585,378,True,neutral,tolerant,378,-0.5106651776457516,True
K378D,-1.77699613562036,378,True,neutral,tolerant,378,-0.2675055388568697,True
K378E,-1.92946446562181,378,True,neutral,tolerant,378,-0.2904578244348044,True
K378F,-1.6306204006774,378,True,neutral,tolerant,378,-0.24547042067817024,True
K378G,-2.17251051869636,378,True,neutral,tolerant,378,-0.3270455041103402,True
K378H,-1.8820871114291295,378,True,neutral,tolerant,378,-0.2833257297673608,True
K378I,-3.3500015830727,378,True,neutral,tolerant,378,-0.5043027166394933,True
K378K,0.0,378,True,neutral,tolerant,378,0.0,True
K378L,-2.11216226065994,378,True,neutral,tolerant,378,-0.31796079482960216,True
K378M,-3.6325162720854896,378,True,neutral,tolerant,378,-0.5468319279328897,True
K378N,-1.20973912182693,378,True,neutral,tolerant,378,-0.1821117723182748,True
K378P,-2.4046818881773,378,True,neutral,tolerant,378,-0.3619961300881814,True
K378Q,-2.10418698431104,378,True,neutral,tolerant,378,-0.3167602122540525,True
K378R,-2.02263413896444,378,True,neutral,tolerant,378,-0.30448340568005444,True
K378S,-1.21633692149495,378,True,neutral,tolerant,378,-0.1831049922359125,True
K378T,-1.1988383945749,378,True,neutral,tolerant,378,-0.18047079805894245,True
K378V,-1.83085206526661,378,True,neutral,tolerant,378,-0.2756129056608094,True
K378W,-3.76670668800373,378,True,neutral,tolerant,378,-0.5670326919075984,True
K378Y,-2.45520017476206,378,True,neutral,tolerant,378,-0.36960105460326154,True
V379A,-0.80860366550565,379,True,neutral,tolerant,379,-0.34982973018077906,True
V379C,-2.1828484806064297,379,True,neutral,tolerant,379,-0.9443752577086668,True
V379D,-3.74764211389729,379,True,neutral,tolerant,379,-1.6213587514458934,True
V379E,-2.42174290719611,379,True,neutral,tolerant,379,-1.0477291953182606,True
V379F,-1.65683355717892,379,True,neutral,tolerant,379,-0.7168031274009998,True
V379G,-2.690283325507289,379,True,neutral,tolerant,379,-1.1639090076144205,True
V379H,-2.27262377197545,379,True,neutral,tolerant,379,-0.9832151335295188,True
V379I,-1.73390054933554,379,True,neutral,tolerant,379,-0.7501449563118734,True
V379K,-2.7648213039628304,379,True,neutral,tolerant,379,-1.1961566982986036,True
V379L,-1.23089972291773,379,True,neutral,tolerant,379,-0.5325295151594839,True
V379M,-1.6651388741776898,379,True,neutral,tolerant,379,-0.7203962929142043,True
V379N,-2.5537173735259,379,True,neutral,tolerant,379,-1.1048258842357312,True
V379P,-2.44161289137711,379,True,neutral,tolerant,379,-1.0563256332287774,True
V379Q,-3.24499251998008,379,True,neutral,tolerant,379,-1.403895265541986,True
V379R,-4.091373559394589,379,True,mild,tolerant,379,-1.7700687857465345,True
V379S,-2.10080414019514,379,True,neutral,tolerant,379,-0.9088800569158367,True
V379T,-0.9732573085721508,379,True,neutral,tolerant,379,-0.42106455384586394,True
V379V,0.0,379,True,neutral,tolerant,379,0.0,True
V379W,-4.14482090280537,379,True,mild,tolerant,379,-1.7931919430136745,True
V379Y,-4.14482090280537,379,True,mild,tolerant,379,-1.7931919430136745,True
W380A,-2.03172353320615,380,True,neutral,tolerant,380,-0.5726522912122304,True
W380C,-3.85672282533548,380,True,mild,tolerant,380,-1.0870382344854084,True
W380D,-3.3168149248384102,380,True,neutral,tolerant,380,-0.9348622660477476,True
W380E,-2.4330668438615897,380,True,neutral,tolerant,380,-0.6857730788849791,True
W380F,-1.76707686314489,380,True,neutral,tolerant,380,-0.4980601926833946,True
W380G,-2.00898878216285,380,True,neutral,tolerant,380,-0.5662443783922511,True
W380H,-2.64229267494978,380,True,neutral,tolerant,380,-0.7447445135291227,True
W380I,-2.1367989425561897,380,True,neutral,tolerant,380,-0.6022683649205512,True
W380K,-2.39637010994574,380,True,neutral,tolerant,380,-0.6754299055085526,True
W380L,-0.613644776655414,380,True,neutral,tolerant,380,-0.1729591066888945,True
W380M,-1.93330149845538,380,True,neutral,tolerant,380,-0.5449115072007084,True
W380N,-2.15547234404865,380,True,neutral,tolerant,380,-0.6075315643542403,True
W380P,-2.0589426523260803,380,True,neutral,tolerant,380,-0.5803241474830536,True
W380Q,-2.42515088945904,380,True,neutral,tolerant,380,-0.6835419242265506,True
W380R,-2.76579326893225,380,True,neutral,tolerant,380,-0.7795538254036223,True
W380S,-2.46819872140387,380,True,neutral,tolerant,380,-0.695675189009887,True
W380T,-2.41918147839216,380,True,neutral,tolerant,380,-0.6818594133589219,True
W380V,-2.18987055552852,380,True,neutral,tolerant,380,-0.6172268867224691,True
W380W,0.0,380,True,neutral,tolerant,380,0.0,True
W380Y,-2.01857051042378,380,True,neutral,tolerant,380,-0.5689450404423362,True
Q381A,-2.26763119597922,381,True,neutral,tolerant,381,-0.34143628857464287,True
Q381C,-3.54431818202013,381,True,neutral,tolerant,381,-0.5336665184983935,True
Q381D,-1.7745739458058,381,True,neutral,tolerant,381,-0.26719686293411893,True
Q381E,-1.58672051036371,381,True,neutral,tolerant,381,-0.2389118490804238,True
Q381F,-4.380489492132758,381,True,mild,tolerant,381,-0.6595684858216853,True
Q381G,-2.0275673816742,381,True,neutral,tolerant,381,-0.30528997963220345,True
Q381H,-1.37174299852117,381,True,neutral,tolerant,381,-0.2065427742940665,True
Q381I,-2.5947284541321696,381,True,neutral,tolerant,381,-0.39068718705615607,True
Q381K,-1.62839361176469,381,True,neutral,tolerant,381,-0.24518655067254094,True
Q381L,-1.30774272734021,381,True,neutral,tolerant,381,-0.1969062800093945,True
Q381M,-2.0959351230659102,381,True,neutral,tolerant,381,-0.3155840820948997,True
Q381N,-1.75127461796303,381,True,neutral,tolerant,381,-0.2636886928052969,True
Q381P,-1.98245872958028,381,True,neutral,tolerant,381,-0.29849798859730237,True
Q381Q,0.0,381,True,neutral,tolerant,381,0.0,True
Q381R,-0.98041877150966,381,True,neutral,tolerant,381,-0.14762124775259824,True
Q381S,-1.9568065824746697,381,True,neutral,tolerant,381,-0.2946355554480141,True
Q381T,-2.51804226311816,381,True,neutral,tolerant,381,-0.3791405790842884,True
Q381V,-2.10715291813067,381,True,neutral,tolerant,381,-0.31727314084470604,True
Q381W,-4.380489492132758,381,True,mild,tolerant,381,-0.6595684858216853,True
Q381Y,-4.380489492132758,381,True,mild,tolerant,381,-0.6595684858216853,True
R382A,-2.27965441532177,382,True,neutral,tolerant,382,-0.6817575286179169,True
R382C,-3.81333541170004,382,True,mild,tolerant,382,-1.1404229117354405,True
R382D,-3.91232074799478,382,True,mild,tolerant,382,-1.1700256435302903,True
R382E,-2.6562066409860097,382,True,neutral,tolerant,382,-0.7943699110207089,True
R382F,-3.02172582100292,382,True,neutral,tolerant,382,-0.903682731049881,True
R382G,-2.37461896826158,382,True,neutral,tolerant,382,-0.7101577977479253,True
R382H,-3.91232074799478,382,True,mild,tolerant,382,-1.1700256435302903,True
R382I,-1.97275008351033,382,True,neutral,tolerant,382,-0.5899741699774068,True
R382K,-0.7087572766066741,382,True,neutral,tolerant,382,-0.2119622193792599,True
R382L,-2.35011340613894,382,True,neutral,tolerant,382,-0.7028291204897253,True
R382M,-2.39844269514058,382,True,neutral,tolerant,382,-0.7172825641380989,True
R382N,-2.16720634803056,382,True,neutral,tolerant,382,-0.648128608401299,True
R382P,-2.686938486522,382,True,neutral,tolerant,382,-0.8035606317377028,True
R382Q,-2.43977267315017,382,True,neutral,tolerant,382,-0.7296427813167512,True
R382R,0.0,382,True,neutral,tolerant,382,0.0,True
R382S,-2.39617204115902,382,True,neutral,tolerant,382,-0.716603498295307,True
R382T,-2.49021153831133,382,True,neutral,tolerant,382,-0.7447271185862278,True
R382V,-2.2716227890915297,382,True,neutral,tolerant,382,-0.6793555761058566,True
R382W,-4.4177604321734005,382,True,mild,tolerant,382,-1.3211833399052466,True
R382Y,-3.11479874349556,382,True,neutral,tolerant,382,-0.9315172857935099,True
G383A,-2.1940568822455,383,True,neutral,tolerant,383,-0.8421803954267072,True
G383C,-4.02751314600375,383,True,mild,tolerant,383,-1.5459456139606915,True
G383D,-1.7474202481220702,383,True,neutral,tolerant,383,-0.6707406209240718,True
G383E,-2.22441546537345,383,True,neutral,tolerant,383,-0.8538334221782856,True
G383F,-4.80017581914072,383,True,mild,tolerant,383,-1.8425292444306414,True
G383G,0.0,383,True,neutral,tolerant,383,0.0,True
G383H,-3.6679368377950095,383,True,neutral,tolerant,383,-1.4079236146753382,True
G383I,-3.4320304669758,383,True,neutral,tolerant,383,-1.3173718508318832,True
G383K,-3.0033866593732,383,True,neutral,tolerant,383,-1.1528385544049886,True
G383L,-2.2876356297122995,383,True,neutral,tolerant,383,-0.8781002419825846,True
G383M,-4.43474862554951,383,True,mild,tolerant,383,-1.7022614050283438,True
G383N,-2.59693492542684,383,True,neutral,tolerant,383,-0.9968236011069299,True
G383P,-3.12077569561906,383,True,neutral,tolerant,383,-1.1978978898143413,True
G383Q,-3.16722613715136,383,True,neutral,tolerant,383,-1.2157277152550476,True
G383R,-3.2124559516040097,383,True,neutral,tolerant,383,-1.2330890076303958,True
G383S,-1.99905937115056,383,True,neutral,tolerant,383,-0.7673313419085109,True
G383T,-2.40420471693478,383,True,neutral,tolerant,383,-0.9228448430756452,True
G383V,-2.1945386033864,383,True,neutral,tolerant,383,-0.8423653022557924,True
G383W,-4.80017581914072,383,True,mild,tolerant,383,-1.8425292444306414,True
G383Y,-3.5243267901039,383,True,neutral,tolerant,383,-1.3527994436793858,True
T384A,-2.28097707837238,384,True,neutral,tolerant,384,-0.44537416047774797,True
T384C,-3.9999768062236,384,True,mild,tolerant,384,-0.7810189452993106,True
T384D,-3.5106175719140498,384,True,neutral,tolerant,384,-0.685468682993225,True
T384E,-3.98885825031331,384,True,mild,tolerant,384,-0.7788479820085248,True
T384F,-3.35367800316556,384,True,neutral,tolerant,384,-0.6548253111944282,True
T384G,-2.99707364832513,384,True,neutral,tolerant,384,-0.5851962181773711,True
T384H,-4.8037058649333,384,True,mild,tolerant,384,-0.9379517607004325,True
T384I,-2.13012270937099,384,True,neutral,tolerant,384,-0.4159189596405978,True
T384K,-3.1838012570232097,384,True,neutral,tolerant,384,-0.6216558795875888,True
T384L,-2.333958963821241,384,True,neutral,tolerant,384,-0.4557191845361012,True
T384M,-3.8230072965673294,384,True,mild,tolerant,384,-0.7464646099924598,True
T384N,-3.45799091679579,384,True,neutral,tolerant,384,-0.6751930197415927,True
T384P,-3.59014341470159,384,True,neutral,tolerant,384,-0.7009965704953036,True
T384Q,-3.90666561354826,384,True,mild,tolerant,384,-0.7627993873322435,True
T384R,-4.76130814019701,384,True,mild,tolerant,384,-0.9296733561344096,True
T384S,-1.3925306037300398,384,True,neutral,tolerant,384,-0.27189977245119334,True
T384T,0.0,384,True,neutral,tolerant,384,0.0,True
T384V,-2.65890365721225,384,True,neutral,tolerant,384,-0.5191665428602752,True
T384W,-4.93660261458954,384,True,mild,tolerant,384,-0.963900630976062,True
T384Y,-3.70242878697669,384,True,neutral,tolerant,384,-0.722920948379293,True
P385A,-2.89591821920847,385,True,neutral,tolerant,385,-0.49904645817238646,True
P385C,-4.4755347228909805,385,True,mild,tolerant,385,-0.7712578818944517,True
P385D,-3.26070341388741,385,True,neutral,tolerant,385,-0.5619089928222797,True
P385E,-4.18531228108907,385,True,mild,tolerant,385,-0.7212445629054327,True
P385F,-5.32959006369716,385,True,impactful,tolerant,385,-0.9184351364472509,True
P385G,-2.62828637667723,385,True,neutral,tolerant,385,-0.45292612154704115,True
P385H,-4.7416071733717695,385,True,mild,tolerant,385,-0.8171094923263161,True
P385I,-2.7758919885465803,385,True,neutral,tolerant,385,-0.4783626332969831,True
P385K,-3.42585904496457,385,True,neutral,tolerant,385,-0.59036985618147,True
P385L,-2.62405094068927,385,True,neutral,tolerant,385,-0.4521962392891143,True
P385M,-4.304771421488759,385,True,mild,tolerant,385,-0.7418306625118909,True
P385N,-3.2964755111820296,385,True,neutral,tolerant,385,-0.5680735102930656,True
P385P,0.0,385,True,neutral,tolerant,385,0.0,True
P385Q,-3.20281855032279,385,True,neutral,tolerant,385,-0.5519338367725999,True
P385R,-3.2159756423783303,385,True,neutral,tolerant,385,-0.5542011660592535,True
P385S,-2.35369617702881,385,True,neutral,tolerant,385,-0.4056066683682676,True
P385T,-2.3252790622455897,385,True,neutral,tolerant,385,-0.4007096169287693,True
P385V,-2.6547073392370804,385,True,neutral,tolerant,385,-0.457479180987581,True
P385W,-5.32959006369716,385,True,impactful,tolerant,385,-0.9184351364472509,True
P385Y,-5.32959006369716,385,True,impactful,tolerant,385,-0.9184351364472509,True
S386A,-0.8523386464071341,386,True,neutral,tolerant,386,-0.30097903853102437,True
S386C,-2.39556010663184,386,True,neutral,tolerant,386,-0.8459236017005911,True
S386D,-1.80270727658736,386,True,neutral,tolerant,386,-0.6365745647545985,True
S386E,-1.6142294437952,386,True,neutral,tolerant,386,-0.5700190036084266,True
S386F,-2.4212193524289702,386,True,neutral,tolerant,386,-0.854984431174892,True
S386G,-0.23431938766308494,386,True,neutral,tolerant,386,-0.08274319638713895,True
S386H,-1.64678591972312,386,True,neutral,tolerant,386,-0.5815153928242022,True
S386I,-1.80294194939842,386,True,neutral,tolerant,386,-0.6366574327523598,True
S386K,-1.22847488399138,386,True,neutral,tolerant,386,-0.4338008032392118,True
S386L,-1.18892936262414,386,True,neutral,tolerant,386,-0.41983643232925466,True
S386M,-1.64271352049721,386,True,neutral,tolerant,386,-0.580077341400985,True
S386N,-1.28217302312024,386,True,neutral,tolerant,386,-0.4527627667193816,True
S386P,-1.53807723557549,386,True,neutral,tolerant,386,-0.5431280272241005,True
S386Q,-1.64956889102446,386,True,neutral,tolerant,386,-0.5824981196195523,True
S386R,-0.40833281441688,386,True,neutral,tolerant,386,-0.1441910658421027,True
S386S,0.0,386,True,neutral,tolerant,386,0.0,True
S386T,-0.80485023374837,386,True,neutral,tolerant,386,-0.2842098625190616,True
S386V,-1.36516606385425,386,True,neutral,tolerant,386,-0.48206938763840623,True
S386W,-3.03008898374149,386,True,neutral,tolerant,386,-1.0699893438298154,True
S386Y,-3.03008898374149,386,True,neutral,tolerant,386,-1.0699893438298154,True
S387A,-0.949617876091693,387,True,neutral,tolerant,387,-0.30449497741072,True
S387C,-3.7665065140761103,387,True,neutral,tolerant,387,-1.2077303353229996,True
S387D,-2.9890649483654,387,True,neutral,tolerant,387,-0.9584436928226222,True
S387E,-2.85505328558208,387,True,neutral,tolerant,387,-0.915472852383178,True
S387F,-3.34205703689291,387,True,neutral,tolerant,387,-1.071630608031839,True
S387G,-2.4327659415937,387,True,neutral,tolerant,387,-0.780066413113327,True
S387H,-4.35382810345219,387,True,mild,tolerant,387,-1.3960550063221684,True
S387I,-3.18166270216299,387,True,neutral,tolerant,387,-1.0202001636815279,True
S387K,-2.9282691741119504,387,True,neutral,tolerant,387,-0.9389495274598548,True
S387L,-2.4562085124295,387,True,neutral,tolerant,387,-0.7875832735861671,True
S387M,-2.74250552011389,387,True,neutral,tolerant,387,-0.8793844107408321,True
S387N,-2.84561705552644,387,True,neutral,tolerant,387,-0.9124471251617614,True
S387P,-1.79869043452385,387,True,neutral,tolerant,387,-0.5767500981377207,True
S387Q,-4.35382810345219,387,True,mild,tolerant,387,-1.3960550063221684,True
S387R,-2.7373742216602004,387,True,neutral,tolerant,387,-0.8777390598622509,True
S387S,0.0,387,True,neutral,tolerant,387,0.0,True
S387T,-2.28668375187738,387,True,neutral,tolerant,387,-0.7332251581436444,True
S387V,-2.42602147901951,387,True,neutral,tolerant,387,-0.7779038011502628,True
S387W,-5.07249619545302,387,True,impactful,tolerant,387,-1.626495934140663,True
S387Y,-5.07249619545302,387,True,impactful,tolerant,387,-1.626495934140663,True
S388A,-2.17010872590563,388,True,neutral,tolerant,388,-0.7573874333504431,True
S388C,-3.79088387960945,388,True,mild,tolerant,388,-1.323052516877363,True
S388D,-3.5706269823964103,388,True,neutral,tolerant,388,-1.2461808817991256,True
S388E,-3.63825957368118,388,True,neutral,tolerant,388,-1.2697852635116753,True
S388F,-4.540968271042719,388,True,mild,tolerant,388,-1.5848387053950796,True
S388G,-3.64555339064304,388,True,neutral,tolerant,388,-1.2723308711312962,True
S388H,-5.24207185516406,388,True,impactful,tolerant,388,-1.8295301523035097,True
S388I,-3.48831912021273,388,True,neutral,tolerant,388,-1.2174546987559953,True
S388K,-3.70305644524381,388,True,neutral,tolerant,388,-1.2923999535758692,True
S388L,-3.3123299718454,388,True,neutral,tolerant,388,-1.156032905558128,True
S388M,-5.13834021080152,388,True,impactful,tolerant,388,-1.7933268768901185,True
S388N,-4.45367940158572,388,True,mild,tolerant,388,-1.5543741060831218,True
S388P,-3.42577182492826,388,True,neutral,tolerant,388,-1.195625131014523,True
S388Q,-3.50398810534078,388,True,neutral,tolerant,388,-1.2229233152762977,True
S388R,-3.81498519643478,388,True,mild,tolerant,388,-1.3314640928840376,True
S388S,0.0,388,True,neutral,tolerant,388,0.0,True
S388T,-2.6852955029948395,388,True,neutral,tolerant,388,-0.9371922450346349,True
S388V,-3.5327478438868902,388,True,neutral,tolerant,388,-1.2329607222970809,True
S388W,-5.83872751707322,388,True,impactful,tolerant,388,-2.0377683363967063,True
S388Y,-5.83872751707322,388,True,impactful,tolerant,388,-2.0377683363967063,True
P389A,-3.65088905575469,389,True,neutral,sensitive,389,-1.1096086537301724,True
P389C,-4.89052433632414,389,True,mild,sensitive,389,-1.48636894794425,True
P389D,-4.600529185052991,389,True,mild,sensitive,389,-1.3982312027331067,True
P389E,-3.670394221575029,389,True,neutral,sensitive,389,-1.115536826418021,True
P389F,-4.69040396457445,389,True,mild,sensitive,389,-1.4255466953668559,True
P389G,-3.4208029060185403,389,True,neutral,sensitive,389,-1.039678951963896,True
P389H,-5.16437478807434,389,True,impactful,sensitive,389,-1.5695998614147564,True
P389I,-3.85174939540573,389,True,mild,sensitive,389,-1.1706558035241843,True
P389K,-4.410796951706531,389,True,mild,sensitive,389,-1.3405661998262284,True
P389L,-3.5612597170827,389,True,neutral,sensitive,389,-1.0823677575266053,True
P389M,-4.70752483272112,389,True,mild,sensitive,389,-1.4307502124184006,True
P389N,-4.39214751593978,389,True,mild,sensitive,389,-1.3348981077538733,True
P389P,0.0,389,True,neutral,sensitive,389,0.0,True
P389Q,-5.38943790883506,389,True,impactful,sensitive,389,-1.6380029223179564,True
P389R,-5.9069043864408695,389,True,impactful,sensitive,389,-1.7952756503570682,True
P389S,-3.88110750781265,389,True,mild,sensitive,389,-1.1795785659216211,True
P389T,-3.80356759819907,389,True,mild,sensitive,389,-1.1560119898348828,True
P389V,-4.51690930718762,389,True,mild,sensitive,389,-1.372816751982536,True
P389W,-5.99939992637557,389,True,impactful,sensitive,389,-1.823387666355257,True
P389Y,-5.99939992637557,389,True,impactful,sensitive,389,-1.823387666355257,True
Y390A,-2.80270995589473,390,True,neutral,tolerant,390,-0.6504244965764489,True
Y390C,-1.07092045210713,390,True,neutral,tolerant,390,-0.24852835537626558,True
Y390D,-3.71203246040767,390,True,neutral,tolerant,390,-0.8614508394841484,True
Y390E,-2.38731002737923,390,True,neutral,tolerant,390,-0.554022694879372,True
Y390F,-2.3966669149454702,390,True,neutral,tolerant,390,-0.5561941464318217,True
Y390G,-2.2564987546487205,390,True,neutral,tolerant,390,-0.5236653416208523,True
Y390H,-1.07828252951794,390,True,neutral,tolerant,390,-0.2502368716226976,True
Y390I,-2.45240239363833,390,True,neutral,tolerant,390,-0.5691286709601289,True
Y390K,-1.94242635157149,390,True,neutral,tolerant,390,-0.4507786041864576,True
Y390L,-2.23340856596297,390,True,neutral,tolerant,390,-0.5183068048517524,True
Y390M,-2.27902570089157,390,True,neutral,tolerant,390,-0.5288931667971941,True
Y390N,-2.17036937500243,390,True,neutral,tolerant,390,-0.5036773088673895,True
Y390P,-2.85820822708702,390,True,neutral,tolerant,390,-0.6633039723941971,True
Y390Q,-2.19614302883679,390,True,neutral,tolerant,390,-0.5096585970077806,True
Y390R,-1.18606027788823,390,True,neutral,tolerant,390,-0.27524883819399776,True
Y390S,-2.18123536168739,390,True,neutral,tolerant,390,-0.5061989768353884,True
Y390T,-2.44776119826637,390,True,neutral,tolerant,390,-0.5680515894173274,True
Y390V,-3.37892573004111,390,True,neutral,tolerant,390,-0.7841468084518932,True
Y390W,-2.2659809336255803,390,True,neutral,tolerant,390,-0.5258658695329541,True
Y390Y,0.0,390,True,neutral,tolerant,390,0.0,True
V391A,-0.0414136591718205,391,True,neutral,tolerant,391,-0.007922652579530653,True
V391C,-2.21560967219999,391,True,neutral,tolerant,391,-0.42385787770795247,True
V391D,-2.6042160581919505,391,True,neutral,tolerant,391,-0.4982003397837553,True
V391E,-2.18298444948563,391,True,neutral,tolerant,391,-0.41761649962003006,True
V391F,-2.7870251430263195,391,True,neutral,tolerant,391,-0.5331726869872634,True
V391G,-0.960619307024546,391,True,neutral,tolerant,391,-0.1837715667473199,True
V391H,-2.6042160581919505,391,True,neutral,tolerant,391,-0.4982003397837553,True
V391I,-0.993810853260106,391,True,neutral,tolerant,391,-0.19012128552755997,True
V391K,-2.32580419977473,391,True,neutral,tolerant,391,-0.4449386750969989,True
V391L,-1.1604295830094298,391,True,neutral,tolerant,391,-0.22199633196018295,True
V391M,-1.15680990590835,391,True,neutral,tolerant,391,-0.2213038685388041,True
V391N,-1.3900947221248998,391,True,neutral,tolerant,391,-0.26593249078382886,True
V391P,-0.8862913614229979,391,True,neutral,tolerant,391,-0.16955223665846814,True
V391Q,-2.3162870360689705,391,True,neutral,tolerant,391,-0.4431179912189958,True
V391R,-2.15941532060948,391,True,neutral,tolerant,391,-0.41310760029980337,True
V391S,-0.4943616207876551,391,True,neutral,tolerant,391,-0.09457399921857952,True
V391T,-0.37997298432195,391,True,neutral,tolerant,391,-0.07269084656104596,True
V391V,0.0,391,True,neutral,tolerant,391,0.0,True
V391W,-1.76817448220065,391,True,neutral,tolerant,391,-0.3382611535084851,True
V391Y,-2.7870251430263195,391,True,neutral,tolerant,391,-0.5331726869872634,True
S392A,-2.7234070877229204,392,True,neutral,sensitive,392,-1.2052640171144573,True
S392C,-4.20301850579263,392,True,mild,sensitive,392,-1.860077030398556,True
S392D,-3.30842491743712,392,True,neutral,sensitive,392,-1.4641679990800998,True
S392E,-2.95183560196016,392,True,neutral,sensitive,392,-1.3063567512613963,True
S392F,-5.78020894797789,392,True,impactful,sensitive,392,-2.5580743649403153,True
S392G,-5.99084251320645,392,True,impactful,sensitive,392,-2.6512918123468934,True
S392H,-4.37606624427777,392,True,mild,sensitive,392,-1.93666059125488,True
S392I,-5.0380285308699015,392,True,impactful,sensitive,392,-2.2296169136177584,True
S392K,-3.80022016581439,392,True,mild,sensitive,392,-1.681815635868984,True
S392L,-3.4098962407591404,392,True,neutral,sensitive,392,-1.5090748862363916,True
S392M,-5.0380285308699015,392,True,impactful,sensitive,392,-2.2296169136177584,True
S392N,-3.12175583934802,392,True,neutral,sensitive,392,-1.3815562132978887,True
S392P,-2.86348271180204,392,True,neutral,sensitive,392,-1.2672555240538674,True
S392Q,-3.22284115451332,392,True,neutral,sensitive,392,-1.426292269679852,True
S392R,-3.7925080198953096,392,True,mild,sensitive,392,-1.6784025684605504,True
S392S,0.0,392,True,neutral,sensitive,392,0.0,True
S392T,-2.7774417383669903,392,True,neutral,sensitive,392,-1.2291774527489003,True
S392V,-4.18181866527266,392,True,mild,sensitive,392,-1.8506948836521255,True
S392W,-4.22848811209672,392,True,mild,sensitive,392,-1.8713487936787412,True
S392Y,-5.78020894797789,392,True,impactful,sensitive,392,-2.5580743649403153,True
P393A,-3.5602717751872404,393,True,neutral,sensitive,393,-0.9293706348831641,True
P393C,-5.068786087773598,393,True,impactful,sensitive,393,-1.3231520630846647,True
P393D,-3.42134194305578,393,True,neutral,sensitive,393,-0.8931044972270196,True
P393E,-3.3244131361095604,393,True,neutral,sensitive,393,-0.8678022752231002,True
P393F,-5.936128844883079,393,True,impactful,sensitive,393,-1.5495625563661106,True
P393G,-3.66901309395152,393,True,neutral,sensitive,393,-0.9577563859829312,True
P393H,-4.98245845147227,393,True,impactful,sensitive,393,-1.300617162598561,True
P393I,-5.312130027055789,393,True,impactful,sensitive,393,-1.3866743798139167,True
P393K,-3.47205437879678,393,True,neutral,sensitive,393,-0.9063424328614715,True
P393L,-3.7784791952907,393,True,neutral,sensitive,393,-0.9863313337745021,True
P393M,-4.22657773426722,393,True,mild,sensitive,393,-1.1033026353928805,True
P393N,-4.98245845147227,393,True,impactful,sensitive,393,-1.300617162598561,True
P393P,0.0,393,True,neutral,sensitive,393,0.0,True
P393Q,-4.65400302687284,393,True,mild,sensitive,393,-1.21487740851062,True
P393R,-3.24857817077317,393,True,neutral,sensitive,393,-0.8480063735809236,True
P393S,-3.02435760824,393,True,neutral,sensitive,393,-0.7894760085656424,True
P393T,-5.068786087773598,393,True,impactful,sensitive,393,-1.3231520630846647,True
P393V,-5.312130027055789,393,True,impactful,sensitive,393,-1.3866743798139167,True
P393W,-5.936128844883079,393,True,impactful,sensitive,393,-1.5495625563661106,True
P393Y,-5.936128844883079,393,True,impactful,sensitive,393,-1.5495625563661106,True
R394A,-3.28304245852278,394,True,neutral,tolerant,394,-0.8012210244451031,True
R394C,-3.8036492447054497,394,True,mild,tolerant,394,-0.9282742404263661,True
R394D,-3.52972648596369,394,True,neutral,tolerant,394,-0.8614238490133186,True
R394E,-2.32610647476673,394,True,neutral,tolerant,394,-0.5676823971139193,True
R394F,-2.7753112449379502,394,True,neutral,tolerant,394,-0.677310070435012,True
R394G,-2.7107434591194903,394,True,neutral,tolerant,394,-0.6615524102301251,True
R394H,-2.23450398125131,394,True,neutral,tolerant,394,-0.5453269616837073,True
R394I,-2.43532994007335,394,True,neutral,tolerant,394,-0.5943382012565775,True
R394K,-0.297785381316208,394,True,neutral,tolerant,394,-0.07267402456631748,True
R394L,-2.08422422674166,394,True,neutral,tolerant,394,-0.5086514387860356,True
R394M,-2.4295183701924703,394,True,neutral,tolerant,394,-0.5929198973411027,True
R394N,-1.93805456108749,394,True,neutral,tolerant,394,-0.4729789762035906,True
R394P,-3.3149732855610496,394,True,neutral,tolerant,394,-0.8090136894118831,True
R394Q,-2.10151727243667,394,True,neutral,tolerant,394,-0.5128717776828302,True
R394R,0.0,394,True,neutral,tolerant,394,0.0,True
R394S,-2.39330163781106,394,True,neutral,tolerant,394,-0.5840812643391573,True
R394T,-2.50788370854029,394,True,neutral,tolerant,394,-0.6120448271783729,True
R394V,-3.72941652455203,394,True,neutral,tolerant,394,-0.9101578691518284,True
R394W,-4.02139657422802,394,True,mild,tolerant,394,-0.9814151122348775,True
R394Y,-2.74816583373203,394,True,neutral,tolerant,394,-0.6706852782033643,True
H395A,-0.699844548089823,395,True,neutral,tolerant,395,-0.2208092609090859,True
H395C,-0.8831812900121809,395,True,neutral,tolerant,395,-0.2786541788867278,True
H395D,-0.612595358611366,395,True,neutral,tolerant,395,-0.19328110612637234,True
H395E,-1.3667710473312802,395,True,neutral,tolerant,395,-0.4312324867242127,True
H395F,-1.85736214575145,395,True,neutral,tolerant,395,-0.5860198007733189,True
H395G,-0.996085062379644,395,True,neutral,tolerant,395,-0.3142766590480042,True
H395H,0.0,395,True,neutral,tolerant,395,0.0,True
H395I,-1.57838374687543,395,True,neutral,tolerant,395,-0.4979988049199544,True
H395K,-1.48368889120267,395,True,neutral,tolerant,395,-0.4681214540853073,True
H395L,-1.5253074225095902,395,True,neutral,tolerant,395,-0.48125259465514597,True
H395M,-1.5433153749638602,395,True,neutral,tolerant,395,-0.48693431737880855,True
H395N,-0.460323434617296,395,True,neutral,tolerant,395,-0.14523750689264694,True
H395P,-0.10518045859765597,395,True,neutral,tolerant,395,-0.033185683004058046,True
H395Q,-0.13255856602303098,395,True,neutral,tolerant,395,-0.041823800829205,True
H395R,-2.15594569716223,395,True,neutral,tolerant,395,-0.6802264549318401,True
H395S,-0.40766328957170295,395,True,neutral,tolerant,395,-0.12862260614273033,True
H395T,-1.21057901543228,395,True,neutral,tolerant,395,-0.38195204692134366,True
H395V,-1.24776726233005,395,True,neutral,tolerant,395,-0.39368538018001364,True
H395W,-2.70142601669346,395,True,neutral,tolerant,395,-0.8523319696849304,True
H395Y,-1.8105709616236,395,True,neutral,tolerant,395,-0.5712566268477212,True
S396A,-2.4845785431845804,396,True,neutral,tolerant,396,-1.0067229065588348,True
S396C,-4.12667040077757,396,True,mild,tolerant,396,-1.6720798107498078,True
S396D,-4.86645873520962,396,True,mild,tolerant,396,-1.9718336117800472,True
S396E,-3.23442030171897,396,True,neutral,tolerant,396,-1.3105502404467648,True
S396F,-5.89102315753981,396,True,impactful,tolerant,396,-2.386975437758698,True
S396G,-2.8552004002313702,396,True,neutral,tolerant,396,-1.156894658699197,True
S396H,-4.86645873520962,396,True,mild,tolerant,396,-1.9718336117800472,True
S396I,-3.38648852525232,396,True,neutral,tolerant,396,-1.3721665513541714,True
S396K,-3.4998918729825497,396,True,neutral,tolerant,396,-1.4181162952870594,True
S396L,-3.11258105691917,396,True,neutral,tolerant,396,-1.2611823671733475,True
S396M,-3.5543103452564706,396,True,neutral,tolerant,396,-1.4401660399926037,True
S396N,-4.2794727963870605,396,True,mild,tolerant,396,-1.733993599814399,True
S396P,-3.54556755586111,396,True,neutral,tolerant,396,-1.4366235613796121,True
S396Q,-3.30198297840527,396,True,neutral,tolerant,396,-1.3379258669630216,True
S396R,-5.27060097916421,396,True,impactful,tolerant,396,-2.1355874426312496,True
S396S,0.0,396,True,neutral,tolerant,396,0.0,True
S396T,-3.2860136431772298,396,True,neutral,tolerant,396,-1.3314552743465458,True
S396V,-4.32445460006542,396,True,mild,tolerant,396,-1.7522197139638411,True
S396W,-5.89102315753981,396,True,impactful,tolerant,396,-2.386975437758698,True
S396Y,-5.89102315753981,396,True,impactful,tolerant,396,-2.386975437758698,True
P397A,-3.45834653363127,397,True,neutral,sensitive,397,-0.9552974411627102,True
P397C,-4.96690274365966,397,True,impactful,sensitive,397,-1.3720052156080487,True
P397D,-5.02824724823672,397,True,impactful,sensitive,397,-1.3889503793393208,True
P397E,-3.6022752216467406,397,True,neutral,sensitive,397,-0.9950547951565899,True
P397F,-5.56643302819744,397,True,impactful,sensitive,397,-1.5376131849508794,True
P397G,-3.89852796485184,397,True,mild,sensitive,397,-1.076888551481785,True
P397H,-5.187296843412,397,True,impactful,sensitive,397,-1.432884574426871,True
P397I,-4.99995081737994,397,True,impactful,sensitive,397,-1.3811340695136143,True
P397K,-3.74887334815099,397,True,neutral,sensitive,397,-1.035549526892368,True
P397L,-3.32464129869237,397,True,neutral,sensitive,397,-0.9183641068177927,True
P397M,-2.9246142769572003,397,True,neutral,sensitive,397,-0.8078648302001037,True
P397N,-5.187296843412,397,True,impactful,sensitive,397,-1.432884574426871,True
P397P,0.0,397,True,neutral,sensitive,397,0.0,True
P397Q,-3.81282639994717,397,True,mild,sensitive,397,-1.0532152483986763,True
P397R,-5.23394900515492,397,True,impactful,sensitive,397,-1.4457712791871733,True
P397S,-4.19550264464773,397,True,mild,sensitive,397,-1.1589217280128958,True
P397T,-3.2846557311006803,397,True,neutral,sensitive,397,-0.9073189122335266,True
P397V,-4.99995081737994,397,True,impactful,sensitive,397,-1.3811340695136143,True
P397W,-5.56643302819744,397,True,impactful,sensitive,397,-1.5376131849508794,True
P397Y,-3.9499975372537297,397,True,mild,sensitive,397,-1.091105967329247,True
W398A,-2.7702403415713595,398,True,neutral,tolerant,398,-0.936267648853519,True
W398C,-2.5898689950275497,398,True,neutral,tolerant,398,-0.8753069249715887,True
W398D,-3.2538269850005297,398,True,neutral,tolerant,398,-1.099707088697779,True
W398E,-3.8690960553414895,398,True,mild,tolerant,398,-1.3076516909244815,True
W398F,-2.52048066033321,398,True,neutral,tolerant,398,-0.8518555110248551,True
W398G,-3.5795118472008105,398,True,neutral,tolerant,398,-1.2097799208717828,True
W398H,-2.53395009767584,398,True,neutral,tolerant,398,-0.8564078230545797,True
W398I,-2.53324750137117,398,True,neutral,tolerant,398,-0.8561703641668454,True
W398K,-2.45819812027182,398,True,neutral,tolerant,398,-0.8308056669110314,True
W398L,-2.52077295657988,398,True,neutral,tolerant,398,-0.8519542993918903,True
W398M,-2.16503178297696,398,True,neutral,tolerant,398,-0.7317232323572259,True
W398N,-2.86229815941884,398,True,neutral,tolerant,398,-0.967380745930777,True
W398P,-3.18302700229252,398,True,neutral,tolerant,398,-1.0757785752203897,True
W398Q,-2.71234670598822,398,True,neutral,tolerant,398,-0.91670113786976,True
W398R,-2.69052068570834,398,True,neutral,tolerant,398,-0.9093245227852793,True
W398S,-2.9110115882817102,398,True,neutral,tolerant,398,-0.9838445908992473,True
W398T,-2.78502738527688,398,True,neutral,tolerant,398,-0.9412652768339884,True
W398V,-2.57420808960755,398,True,neutral,tolerant,398,-0.870013954944236,True
W398W,0.0,398,True,neutral,tolerant,398,0.0,True
W398Y,-2.5539428161206,398,True,neutral,tolerant,398,-0.8631648308172523,True
S399A,-2.15778877350881,399,True,neutral,tolerant,399,-0.6870733088167446,True
S399C,-3.9916780991567498,399,True,mild,tolerant,399,-1.2710120253611394,True
S399D,-4.50427041522914,399,True,mild,tolerant,399,-1.4342293444063197,True
S399E,-2.52521237410436,399,True,neutral,tolerant,399,-0.8040666642822285,True
S399F,-5.125268987089821,399,True,impactful,tolerant,399,-1.6319648914519995,True
S399G,-3.41097500824627,399,True,neutral,tolerant,399,-1.086107182491289,True
S399H,-4.50427041522914,399,True,mild,tolerant,399,-1.4342293444063197,True
S399I,-3.71104510868238,399,True,neutral,tolerant,399,-1.1816541420986255,True
S399K,-3.46493897134733,399,True,neutral,tolerant,399,-1.1032901427234985,True
S399L,-3.24410178843084,399,True,neutral,tolerant,399,-1.0329721691391474,True
S399M,-4.7555914792894685,399,True,mild,tolerant,399,-1.5142538570830097,True
S399N,-2.90265122959158,399,True,neutral,tolerant,399,-0.9242490317592416,True
S399P,-2.2109655054359,399,True,neutral,tolerant,399,-0.7040056024711391,True
S399Q,-2.27986451663974,399,True,neutral,tolerant,399,-0.7259441129422295,True
S399R,-4.3063542773905805,399,True,mild,tolerant,399,-1.3712097859757482,True
S399S,0.0,399,True,neutral,tolerant,399,0.0,True
S399T,-2.2905177318986003,399,True,neutral,tolerant,399,-0.7293362613986976,True
S399V,-4.7555914792894685,399,True,mild,tolerant,399,-1.5142538570830097,True
S399W,-5.125268987089821,399,True,impactful,tolerant,399,-1.6319648914519995,True
S399Y,-3.8052817586178302,399,True,mild,tolerant,399,-1.2116605485077516,True
S400A,-2.44298860333912,400,True,neutral,tolerant,400,-0.8490301486481494,True
S400C,-2.91555388370523,400,True,neutral,tolerant,400,-1.013264304176667,True
S400D,-2.9398186955201804,400,True,neutral,tolerant,400,-1.0216972361821655,True
S400E,-3.50930626163205,400,True,neutral,tolerant,400,-1.2196155204706638,True
S400F,-6.08697228256096,400,True,impactful,tolerant,400,-2.1154511219643646,True
S400G,-3.70687655680626,400,True,neutral,tolerant,400,-1.288278606680294,True
S400H,-3.35389911243936,400,True,neutral,tolerant,400,-1.1656057085543456,True
S400I,-3.6978631612955897,400,True,neutral,tolerant,400,-1.2851461137493858,True
S400K,-3.58430518027288,400,True,neutral,tolerant,400,-1.2456804570630982,True
S400L,-3.39130120690448,400,True,neutral,tolerant,400,-1.1786043389122887,True
S400M,-3.1476839731145,400,True,neutral,tolerant,400,-1.0939382148316248,True
S400N,-3.74980359177884,400,True,neutral,tolerant,400,-1.3031973610428722,True
S400P,-3.58852414911274,400,True,neutral,tolerant,400,-1.2471467069409539,True
S400Q,-3.45941566683032,400,True,neutral,tolerant,400,-1.2022766679427557,True
S400R,-3.63142219607506,400,True,neutral,tolerant,400,-1.2620553868829527,True
S400S,0.0,400,True,neutral,tolerant,400,0.0,True
S400T,-2.53576991672982,400,True,neutral,tolerant,400,-0.8812751342335127,True
S400V,-3.56291616990558,400,True,neutral,tolerant,400,-1.2382469738995812,True
S400W,-6.08697228256096,400,True,impactful,tolerant,400,-2.1154511219643646,True
S400Y,-6.08697228256096,400,True,impactful,tolerant,400,-2.1154511219643646,True
P401A,-4.51288371424374,401,True,mild,sensitive,401,-1.0940281938429903,True
P401C,-5.35135648424079,401,True,impactful,sensitive,401,-1.2972935355248827,True
P401D,-5.603915145912678,401,True,impactful,sensitive,401,-1.3585196414837422,True
P401E,-4.17931048144627,401,True,mild,sensitive,401,-1.013162267641535,True
P401F,-6.34147920290053,401,True,impactful,sensitive,401,-1.5373223592588774,True
P401G,-3.83073531170041,401,True,mild,sensitive,401,-0.9286595222745446,True
P401H,-4.06233111721462,401,True,mild,sensitive,401,-0.9848037433207505,True
P401I,-5.27410745420121,401,True,impactful,sensitive,401,-1.2785665702047742,True
P401K,-4.109446575128991,401,True,mild,sensitive,401,-0.9962256284363484,True
P401L,-3.0900367783513905,401,True,neutral,sensitive,401,-0.7490969343744095,True
P401M,-5.27410745420121,401,True,impactful,sensitive,401,-1.2785665702047742,True
P401N,-5.603915145912678,401,True,impactful,sensitive,401,-1.3585196414837422,True
P401P,0.0,401,True,neutral,sensitive,401,0.0,True
P401Q,-4.98358708632139,401,True,impactful,sensitive,401,-1.2081376618899002,True
P401R,-4.36734810157285,401,True,mild,sensitive,401,-1.0587469693417628,True
P401S,-3.45031900973982,401,True,neutral,sensitive,401,-0.836437744339343,True
P401T,-3.984376676284541,401,True,mild,sensitive,401,-0.9659057699598158,True
P401V,-4.04774662166322,401,True,mild,sensitive,401,-0.9812681216791272,True
P401W,-6.34147920290053,401,True,impactful,sensitive,401,-1.5373223592588774,True
P401Y,-6.34147920290053,401,True,impactful,sensitive,401,-1.5373223592588774,True
K402A,-3.07789521449441,402,True,neutral,tolerant,402,-0.5308014562486612,True
K402C,-4.74645986581813,402,True,mild,tolerant,402,-0.8185554196054532,True
K402D,-3.49246455897683,402,True,neutral,tolerant,402,-0.602296421616892,True
K402E,-3.13068099256412,402,True,neutral,tolerant,402,-0.5399046796906662,True
K402F,-5.28973334335993,402,True,impactful,tolerant,402,-0.9122461832358943,True
K402G,-3.0464841588312,402,True,neutral,tolerant,402,-0.5253844316502203,True
K402H,-3.37443430597269,402,True,neutral,tolerant,402,-0.5819413978717816,True
K402I,-2.9929405015592097,402,True,neutral,tolerant,402,-0.5161505074025684,True
K402K,0.0,402,True,neutral,tolerant,402,0.0,True
K402L,-2.74842596107825,402,True,neutral,tolerant,402,-0.473982511055563,True
K402M,-2.90588241310894,402,True,neutral,tolerant,402,-0.5011368188565732,True
K402N,-2.66216850802058,402,True,neutral,tolerant,402,-0.4591068968762048,True
K402P,-3.6177218856034905,402,True,neutral,tolerant,402,-0.6238977974747011,True
K402Q,-3.13772570520389,402,True,neutral,tolerant,402,-0.5411195825601447,True
K402R,-2.07614008594033,402,True,neutral,tolerant,402,-0.3580427870980561,True
K402S,-3.14974673206801,402,True,neutral,tolerant,402,-0.543192680609432,True
K402T,-3.12081616211164,402,True,neutral,tolerant,402,-0.538203430621119,True
K402V,-2.95292456340829,402,True,neutral,tolerant,402,-0.5092495193040656,True
K402W,-3.52939192936834,402,True,neutral,tolerant,402,-0.6086647677148819,True
K402Y,-3.72566098965924,402,True,neutral,tolerant,402,-0.642512542170738,True
L403A,-2.15554117522478,403,True,neutral,tolerant,403,-0.45010041821277735,True
L403C,-2.17765034221944,403,True,neutral,tolerant,403,-0.4547170525062953,True
L403D,-2.46631675695662,403,True,neutral,tolerant,403,-0.5149937363806539,True
L403E,-2.61270124985875,403,True,neutral,tolerant,403,-0.5455604090252827,True
L403F,-3.03718798936706,403,True,neutral,tolerant,403,-0.634197852454562,True
L403G,-2.3919739619808,403,True,neutral,tolerant,403,-0.4994701530251962,True
L403H,-2.02890741112696,403,True,neutral,tolerant,403,-0.42365791234213757,True
L403I,-0.8320315262759909,403,True,neutral,tolerant,403,-0.17373722304515304,True
L403K,-3.62195923212449,403,True,neutral,tolerant,403,-0.7563044417181503,True
L403L,0.0,403,True,neutral,tolerant,403,0.0,True
L403M,-1.6587430501786795,403,True,neutral,tolerant,403,-0.3463635717907852,True
L403N,-2.2087750359002403,403,True,neutral,tolerant,403,-0.4612162267292195,True
L403P,-1.91326461250294,403,True,neutral,tolerant,403,-0.3995104394837082,True
L403Q,-1.9512718725047,403,True,neutral,tolerant,403,-0.40744676833631294,True
L403R,-2.8190049245404305,403,True,neutral,tolerant,403,-0.5886388578716026,True
L403S,-2.2107970329563,403,True,neutral,tolerant,403,-0.4616384416843398,True
L403T,-1.92543991758825,403,True,neutral,tolerant,403,-0.40205277547513024,True
L403V,-0.19196694496901695,403,True,neutral,tolerant,403,-0.04008478390795457,True
L403W,-4.14744935390928,403,True,mild,tolerant,403,-0.8660324888093187,True
L403Y,-4.14744935390928,403,True,mild,tolerant,403,-0.8660324888093187,True
P404A,-0.880535516412177,404,True,neutral,tolerant,404,-0.2253297245349748,True
P404C,-3.1582821143955098,404,True,neutral,tolerant,404,-0.8082068531888199,True
P404D,-2.25067124539184,404,True,neutral,tolerant,404,-0.5759485248355833,True
P404E,-2.33962221237448,404,True,neutral,tolerant,404,-0.5987111465739844,True
P404F,-4.24188546482528,404,True,mild,tolerant,404,-1.0855017946267316,True
P404G,-2.25637796505848,404,True,neutral,tolerant,404,-0.5774088788434737,True
P404H,-3.0129453948803104,404,True,neutral,tolerant,404,-0.77101507345617,True
P404I,-3.54500182090658,404,True,neutral,tolerant,404,-0.9071687273167863,True
P404K,-3.06880465179492,404,True,neutral,tolerant,404,-0.7853095008116766,True
P404L,-2.26046109710469,404,True,neutral,tolerant,404,-0.5784537555146173,True
P404M,-3.54500182090658,404,True,neutral,tolerant,404,-0.9071687273167863,True
P404N,-3.46226874190188,404,True,neutral,tolerant,404,-0.8859972679553072,True
P404P,0.0,404,True,neutral,tolerant,404,0.0,True
P404Q,-1.95379867873508,404,True,neutral,tolerant,404,-0.49997860378194403,True
P404R,-4.00098176216614,404,True,mild,tolerant,404,-1.0238543494665187,True
P404S,-0.294368483518611,404,True,neutral,tolerant,404,-0.07532912422805436,True
P404T,-0.890041292798775,404,True,neutral,tolerant,404,-0.22776226011674294,True
P404V,-1.56795893265351,404,True,neutral,tolerant,404,-0.40124191221332384,True
P404W,-4.24188546482528,404,True,mild,tolerant,404,-1.0855017946267316,True
P404Y,-4.24188546482528,404,True,mild,tolerant,404,-1.0855017946267316,True
K405A,-1.30635843322907,405,True,neutral,tolerant,405,-0.2005901400464295,True
K405C,-2.29990011889268,405,True,neutral,tolerant,405,-0.353147555224292,True
K405D,-2.2869650395146603,405,True,neutral,tolerant,405,-0.3511613856417715,True
K405E,-1.89135867640136,405,True,neutral,tolerant,405,-0.2904163911887517,True
K405F,-4.00141952009563,405,True,mild,tolerant,405,-0.6144142997083215,True
K405G,-2.3246730852823303,405,True,neutral,tolerant,405,-0.35695142150713327,True
K405H,-1.72827553093675,405,True,neutral,tolerant,405,-0.2653751236806464,True
K405I,-3.6285835193520897,405,True,neutral,tolerant,405,-0.5571656735264262,True
K405K,0.0,405,True,neutral,tolerant,405,0.0,True
K405L,-2.3405921084884502,405,True,neutral,tolerant,405,-0.35939577292944924,True
K405M,-2.38872900883895,405,True,neutral,tolerant,405,-0.36678714985717387,True
K405N,-3.43807706842264,405,True,neutral,tolerant,405,-0.5279135825997198,True
K405P,-1.90263019511772,405,True,neutral,tolerant,405,-0.2921471225564529,True
K405Q,-2.12920299886515,405,True,neutral,tolerant,405,-0.3269371689008315,True
K405R,-0.313633523722584,405,True,neutral,tolerant,405,-0.04815814009885655,True
K405S,-2.0646174776864696,405,True,neutral,tolerant,405,-0.31702012132133967,True
K405T,-2.39841606888179,405,True,neutral,tolerant,405,-0.36827458904783184,True
K405V,-2.42678257381777,405,True,neutral,tolerant,405,-0.37263023988071325,True
K405W,-4.00141952009563,405,True,mild,tolerant,405,-0.6144142997083215,True
K405Y,-3.1159093766337698,405,True,neutral,tolerant,405,-0.47844502881649276,True
K406A,-2.43349026142232,406,True,neutral,tolerant,406,-0.38797300069232316,True
K406C,-3.73962377714244,406,True,neutral,tolerant,406,-0.5962107518072867,True
K406D,-2.83995964743476,406,True,neutral,tolerant,406,-0.4527766902245101,True
K406E,-2.49428946415235,406,True,neutral,tolerant,406,-0.3976662587656403,True
K406F,-2.6612464274752003,406,True,neutral,tolerant,406,-0.424284320515756,True
K406G,-3.1272852425337003,406,True,neutral,tolerant,406,-0.49858520446984306,True
K406H,-2.04458900804745,406,True,neutral,tolerant,406,-0.32597021044624014,True
K406I,-2.1012737621228896,406,True,neutral,tolerant,406,-0.3350074991836526,True
K406K,0.0,406,True,neutral,tolerant,406,0.0,True
K406L,-2.66410148354309,406,True,neutral,tolerant,406,-0.4247395040385191,True
K406M,-2.24173351509356,406,True,neutral,tolerant,406,-0.357401092739553,True
K406N,-1.57108890106715,406,True,neutral,tolerant,406,-0.2504797676671877,True
K406P,-2.10943489096261,406,True,neutral,tolerant,406,-0.33630863348247336,True
K406Q,-2.41548428468176,406,True,neutral,tolerant,406,-0.38510229562430776,True
K406R,-1.30628787308298,406,True,neutral,tolerant,406,-0.20826236041387752,True
K406S,-1.4717606987157,406,True,neutral,tolerant,406,-0.23464380508678168,True
K406T,-2.42218517054009,406,True,neutral,tolerant,406,-0.38617062239551636,True
K406V,-2.01452820312433,406,True,neutral,tolerant,406,-0.32117759595579515,True
K406W,-4.23319442105448,406,True,mild,tolerant,406,-0.674901053884055,True
K406Y,-2.75013681266276,406,True,neutral,tolerant,406,-0.4384561748357141,True
V407A,-0.4548846873042029,407,True,neutral,tolerant,407,-0.11985628571555483,True
V407C,-3.0509972163715804,407,True,neutral,tolerant,407,-0.8038986677039895,True
V407D,-1.09341555034656,407,True,neutral,tolerant,407,-0.2881009852954816,True
V407E,-1.78561695286276,407,True,neutral,tolerant,407,-0.4704871842338667,True
V407F,-2.29941689983336,407,True,neutral,tolerant,407,-0.6058668858670463,True
V407G,-0.919060651084022,407,True,neutral,tolerant,407,-0.24216070371387202,True
V407H,-1.92948005782144,407,True,neutral,tolerant,407,-0.5083932687715581,True
V407I,-1.03216756644388,407,True,neutral,tolerant,407,-0.27196292643567205,True
V407K,-1.31287925573499,407,True,neutral,tolerant,407,-0.3459268592177648,True
V407L,-1.2883229458596102,407,True,neutral,tolerant,407,-0.3394565862569716,True
V407M,-1.76299294506103,407,True,neutral,tolerant,407,-0.46452604810685155,True
V407N,-1.25496787144432,407,True,neutral,tolerant,407,-0.3306679515968889,True
V407P,-2.39025539718332,407,True,neutral,tolerant,407,-0.6298016658150629,True
V407Q,-1.5139241174228302,407,True,neutral,tolerant,407,-0.39889960386411843,True
V407R,-2.13099958878042,407,True,neutral,tolerant,407,-0.5614910826879268,True
V407S,-0.95225016746506,407,True,neutral,tolerant,407,-0.2509057159535707,True
V407T,-1.11968449610277,407,True,neutral,tolerant,407,-0.29502251586328726,True
V407V,0.0,407,True,neutral,tolerant,407,0.0,True
V407W,-3.63852368390019,407,True,neutral,tolerant,407,-0.9587043626920633,True
V407Y,-3.63852368390019,407,True,neutral,tolerant,407,-0.9587043626920633,True
Q408A,-1.12207828937985,408,True,neutral,tolerant,408,-0.31286759651991847,True
Q408C,-2.26339803876117,408,True,neutral,tolerant,408,-0.6311002637315809,True
Q408D,-0.974639385691388,408,True,neutral,tolerant,408,-0.2717574031696529,True
Q408E,-1.3176615268153702,408,True,neutral,tolerant,408,-0.36740181039358244,True
Q408F,-2.95336809196841,408,True,neutral,tolerant,408,-0.8234836956728371,True
Q408G,-1.19978020699459,408,True,neutral,tolerant,408,-0.33453311882723297,True
Q408H,-0.127795597396809,408,True,neutral,tolerant,408,-0.035633076392080125,True
Q408I,-1.63045028858052,408,True,neutral,tolerant,408,-0.45461628467593385,True
Q408K,-1.55600757446785,408,True,neutral,tolerant,408,-0.43385952174478154,True
Q408L,-0.7608463877840509,408,True,neutral,tolerant,408,-0.21214578601143783,True
Q408M,-1.07827095867629,408,True,neutral,tolerant,408,-0.30065285678482295,True
Q408N,-0.752751083385832,408,True,neutral,tolerant,408,-0.20988858305676014,True
Q408P,-0.569566069962178,408,True,neutral,tolerant,408,-0.15881134948867892,True
Q408Q,0.0,408,True,neutral,tolerant,408,0.0,True
Q408R,-1.64670765268029,408,True,neutral,tolerant,408,-0.4591493038777004,True
Q408S,-0.72857998299604,408,True,neutral,tolerant,408,-0.20314898729435085,True
Q408T,-1.21630654060329,408,True,neutral,tolerant,408,-0.3391411344393147,True
Q408V,-0.921034913820379,408,True,neutral,tolerant,408,-0.2568109395977829,True
Q408W,-2.95336809196841,408,True,neutral,tolerant,408,-0.8234836956728371,True
Q408Y,-2.95336809196841,408,True,neutral,tolerant,408,-0.8234836956728371,True
T409A,-0.6998150896114589,409,True,neutral,tolerant,409,-0.13912130404987763,True
T409C,-1.0179310539438,409,True,neutral,tolerant,409,-0.20236187781568657,True
T409D,-1.65963312303005,409,True,neutral,tolerant,409,-0.32993047413210697,True
T409E,-1.93506215772852,409,True,neutral,tolerant,409,-0.3846850043634064,True
T409F,-2.361591449126529,409,True,neutral,tolerant,409,-0.4694778476667807,True
T409G,-2.05029965861963,409,True,neutral,tolerant,409,-0.40759390078106034,True
T409H,-2.00461102210036,409,True,neutral,tolerant,409,-0.3985111262207822,True
T409I,-1.45582608088855,409,True,neutral,tolerant,409,-0.28941419790688855,True
T409K,-2.10517191119146,409,True,neutral,tolerant,409,-0.41850235280970355,True
T409L,-1.4359960218606498,409,True,neutral,tolerant,409,-0.2854720370242485,True
T409M,-3.01594661018156,409,True,neutral,tolerant,409,-0.599561843666762,True
T409N,-1.88375488037363,409,True,neutral,tolerant,409,-0.37448525954678047,True
T409P,-0.719486339976328,409,True,neutral,tolerant,409,-0.14303189420958917,True
T409Q,-2.00231280522837,409,True,neutral,tolerant,409,-0.39805424706374926,True
T409R,-2.31803543229909,409,True,neutral,tolerant,409,-0.46081903200217983,True
T409S,-0.15298857476149302,409,True,neutral,tolerant,409,-0.030413705479497562,True
T409T,0.0,409,True,neutral,tolerant,409,0.0,True
T409V,-1.46330418163772,409,True,neutral,tolerant,409,-0.29090082365058106,True
T409W,-3.3925628695811003,409,True,neutral,tolerant,409,-0.6744321142737322,True
T409Y,-2.22963408223546,409,True,neutral,tolerant,409,-0.4432450881373082,True
V410A,-0.33407287617063897,410,True,neutral,tolerant,410,-0.07256993161773098,True
V410C,-2.27473844650912,410,True,neutral,tolerant,410,-0.4941365351285553,True
V410D,-1.88148921470097,410,True,neutral,tolerant,410,-0.40871185118484626,True
V410E,-1.5465010099336498,410,True,neutral,tolerant,410,-0.3359430847067988,True
V410F,-1.7693789300703502,410,True,neutral,tolerant,410,-0.38435837543264906,True
V410G,-0.4251925766952871,410,True,neutral,tolerant,410,-0.09236366797818983,True
V410H,-1.58242606732282,410,True,neutral,tolerant,410,-0.3437470075753034,True
V410I,-0.755189839449203,410,True,neutral,tolerant,410,-0.1640482628683715,True
V410K,-0.869554018423692,410,True,neutral,tolerant,410,-0.188891347236159,True
V410L,-0.80509245776793,410,True,neutral,tolerant,410,-0.17488850120333282,True
V410M,-1.24616943516068,410,True,neutral,tolerant,410,-0.2707027033452562,True
V410N,-2.51257863557061,410,True,neutral,tolerant,410,-0.5458020473185494,True
V410P,-1.06765387336949,410,True,neutral,tolerant,410,-0.23192415220879595,True
V410Q,-1.65824097619647,410,True,neutral,tolerant,410,-0.3602161169972698,True
V410R,-1.9924342712585,410,True,neutral,tolerant,410,-0.43281220695151074,True
V410S,-1.16198748364443,410,True,neutral,tolerant,410,-0.25241603926462913,True
V410T,-0.62330231439187,410,True,neutral,tolerant,410,-0.13539861975950176,True
V410V,0.0,410,True,neutral,tolerant,410,0.0,True
V410W,-2.65476009953756,410,True,neutral,tolerant,410,-0.576687820613476,True
V410Y,-2.65476009953756,410,True,neutral,tolerant,410,-0.576687820613476,True
R411A,-1.48358023057104,411,True,neutral,tolerant,411,-0.2526765961722442,True
R411C,-3.5614609979915,411,True,neutral,tolerant,411,-0.6065717403273292,True
R411D,-2.1548849850010403,411,True,neutral,tolerant,411,-0.3670101501306491,True
R411E,-2.0318528047002,411,True,neutral,tolerant,411,-0.3460558721634235,True
R411F,-2.96151087862421,411,True,neutral,tolerant,411,-0.5043909813019078,True
R411G,-2.54200174312967,411,True,neutral,tolerant,411,-0.43294210497176094,True
R411H,-2.1448152518979,411,True,neutral,tolerant,411,-0.36529511926650415,True
R411I,-1.6400981179723602,411,True,neutral,tolerant,411,-0.27933400654594115,True
R411K,-0.315926845718217,411,True,neutral,tolerant,411,-0.05380721471651502,True
R411L,-2.47893268706027,411,True,neutral,tolerant,411,-0.42220047193902727,True
R411M,-3.30783120245869,411,True,neutral,tolerant,411,-0.5633746741339993,True
R411N,-1.04442508748987,411,True,neutral,tolerant,411,-0.1778817017278945,True
R411P,-2.2894941531198,411,True,neutral,tolerant,411,-0.3899361676880102,True
R411Q,-1.20957463018321,411,True,neutral,tolerant,411,-0.20600921613343084,True
R411R,0.0,411,True,neutral,tolerant,411,0.0,True
R411S,-2.13789478249818,411,True,neutral,tolerant,411,-0.36411645658564445,True
R411T,-3.06223580679765,411,True,neutral,tolerant,411,-0.5215459901623065,True
R411V,-2.7323495159167304,411,True,neutral,tolerant,411,-0.4653612666225531,True
R411W,-4.17084599222282,411,True,mild,tolerant,411,-0.710359404066651,True
R411Y,-4.17084599222282,411,True,mild,tolerant,411,-0.710359404066651,True
S412A,-1.4116192049703002,412,True,neutral,tolerant,412,-0.4603165484500683,True
S412C,-0.889061322354091,412,True,neutral,tolerant,412,-0.2899150407032746,True
S412D,-2.28994681279419,412,True,neutral,tolerant,412,-0.7467314196974489,True
S412E,-2.09969029919352,412,True,neutral,tolerant,412,-0.68469045188372,True
S412F,-2.6639405946339703,412,True,neutral,tolerant,412,-0.8686874870222041,True
S412G,-1.91461028912806,412,True,neutral,tolerant,412,-0.6243374961287514,True
S412H,-3.19905935707372,412,True,neutral,tolerant,412,-1.0431849866806338,True
S412I,-1.08234036105039,412,True,neutral,tolerant,412,-0.3529416272410367,True
S412K,-1.1834156255501398,412,True,neutral,tolerant,412,-0.385901377805766,True
S412L,-2.12806834948379,412,True,neutral,tolerant,412,-0.6939442833103294,True
S412M,-1.95475048275971,412,True,neutral,tolerant,412,-0.637426858558492,True
S412N,-1.2694979285156298,412,True,neutral,tolerant,412,-0.41397205610497567,True
S412P,-2.32165317793732,412,True,neutral,tolerant,412,-0.7570705851857011,True
S412Q,-1.6025426443898505,412,True,neutral,tolerant,412,-0.5225749948797994,True
S412R,-1.2173438690283302,412,True,neutral,tolerant,412,-0.3969650781846389,True
S412S,0.0,412,True,neutral,tolerant,412,0.0,True
S412T,-0.7634090056732701,412,True,neutral,tolerant,412,-0.24894093060643208,True
S412V,-2.34133972673277,412,True,neutral,tolerant,412,-0.76349019478049,True
S412W,-3.79949117076197,412,True,mild,tolerant,412,-1.2389804951884715,True
S412Y,-3.79949117076197,412,True,mild,tolerant,412,-1.2389804951884715,True
R413A,-1.4509762676878,413,True,neutral,tolerant,413,-0.23989032690661558,True
R413C,-3.01507509454288,413,True,neutral,tolerant,413,-0.4984832393092682,True
R413D,-1.64181841687215,413,True,neutral,tolerant,413,-0.27144231474742936,True
R413E,-1.86418563815797,413,True,neutral,tolerant,413,-0.3082063518964152,True
R413F,-3.82776690258071,413,True,mild,tolerant,413,-0.6328458114933031,True
R413G,-1.92885948991376,413,True,neutral,tolerant,413,-0.3188988985531085,True
R413H,-0.32670013425288,413,True,neutral,tolerant,413,-0.05401342789103535,True
R413I,-2.96252711559744,413,True,neutral,tolerant,413,-0.48979546671903046,True
R413K,-1.36255894434637,413,True,neutral,tolerant,413,-0.22527226521055252,True
R413L,-1.77281830158362,413,True,neutral,tolerant,413,-0.2931005636574834,True
R413M,-2.04416121735445,413,True,neutral,tolerant,413,-0.33796176657142674,True
R413N,-1.91766634185053,413,True,neutral,tolerant,413,-0.31704833213944733,True
R413P,-1.74272860685868,413,True,neutral,tolerant,413,-0.2881258257070214,True
R413Q,-0.726045274795366,413,True,neutral,tolerant,413,-0.12003727572830263,True
R413R,0.0,413,True,neutral,tolerant,413,0.0,True
R413S,-1.8680831725658,413,True,neutral,tolerant,413,-0.3088507323897737,True
R413T,-1.47186371556012,413,True,neutral,tolerant,413,-0.2433436547176352,True
R413V,-2.03553202508048,413,True,neutral,tolerant,413,-0.3365350997115742,True
R413W,-3.82776690258071,413,True,mild,tolerant,413,-0.6328458114933031,True
R413Y,-3.82776690258071,413,True,mild,tolerant,413,-0.6328458114933031,True
P414A,-2.26744671429166,414,True,neutral,tolerant,414,-0.7102466350898635,True
P414C,-3.4824166414253503,414,True,neutral,tolerant,414,-1.0908193281737029,True
P414D,-1.85656064281176,414,True,neutral,tolerant,414,-0.581542199464324,True
P414E,-2.12136040215895,414,True,neutral,tolerant,414,-0.6644870981750751,True
P414F,-4.2647025494053,414,True,mild,tolerant,414,-1.3358596770026057,True
P414G,-1.95240965518778,414,True,neutral,tolerant,414,-0.611565590129988,True
P414H,-2.23458241285605,414,True,neutral,tolerant,414,-0.6999523426762431,True
P414I,-3.3183464104130698,414,True,neutral,tolerant,414,-1.0394265749238025,True
P414K,-1.87012016983409,414,True,neutral,tolerant,414,-0.5857895356333807,True
P414L,-3.5458060376765697,414,True,neutral,tolerant,414,-1.1106751885579993,True
P414M,-2.81483348382819,414,True,neutral,tolerant,414,-0.8817080452767326,True
P414N,-1.7038729651546698,414,True,neutral,tolerant,414,-0.5337148751915628,True
P414P,0.0,414,True,neutral,tolerant,414,0.0,True
P414Q,-2.1889451459903704,414,True,neutral,tolerant,414,-0.6856570937419488,True
P414R,-2.24065470601574,414,True,neutral,tolerant,414,-0.7018544053605679,True
P414S,-2.27364891333718,414,True,neutral,tolerant,414,-0.7121893890141224,True
P414T,-2.23770947137986,414,True,neutral,tolerant,414,-0.7009318509399949,True
P414V,-1.22144700283628,414,True,neutral,tolerant,414,-0.3826015483570377,True
P414W,-4.2647025494053,414,True,mild,tolerant,414,-1.3358596770026057,True
P414Y,-4.2647025494053,414,True,mild,tolerant,414,-1.3358596770026057,True
L415A,-0.301726323016266,415,True,neutral,tolerant,415,-0.052773362373878516,True
L415C,-2.5376211154584905,415,True,neutral,tolerant,415,-0.44384194708287744,True
L415D,-1.70480340896447,415,True,neutral,tolerant,415,-0.2981781873656917,True
L415E,-1.67248551382687,415,True,neutral,tolerant,415,-0.29252563450186475,True
L415F,-2.27975306298805,415,True,neutral,tolerant,415,-0.3987396038679129,True
L415G,-1.42209201075045,415,True,neutral,tolerant,415,-0.2487306253630552,True
L415H,-1.6688580544181002,415,True,neutral,tolerant,415,-0.29189117467760467,True
L415I,-0.9153634713013752,415,True,neutral,tolerant,415,-0.1601014047826202,True
L415K,-1.7102490125489398,415,True,neutral,tolerant,415,-0.2991306492140145,True
L415L,0.0,415,True,neutral,tolerant,415,0.0,True
L415M,-0.839455904909461,415,True,neutral,tolerant,415,-0.14682481204760792,True
L415N,-1.7111291745363602,415,True,neutral,tolerant,415,-0.2992845937126102,True
L415P,-0.363797607943486,415,True,neutral,tolerant,415,-0.06362992397490214,True
L415Q,-0.9777672358299192,415,True,neutral,tolerant,415,-0.17101611863999056,True
L415R,-1.71345695758468,415,True,neutral,tolerant,415,-0.29969173398830345,True
L415S,-0.592161010651605,415,True,neutral,tolerant,415,-0.1035717642610671,True
L415T,-1.6251140949912,415,True,neutral,tolerant,415,-0.2842401490745797,True
L415V,-0.867086684681877,415,True,neutral,tolerant,415,-0.15165756624361465,True
L415W,-2.7028750578114,415,True,neutral,tolerant,415,-0.47274564397057645,True
L415Y,-3.0369556665055697,415,True,neutral,tolerant,415,-0.5311779240860667,True
S416A,-0.522542019530883,416,True,neutral,tolerant,416,-0.1932225669139179,True
S416C,-2.55655502372881,416,True,neutral,tolerant,416,-0.9453481359930286,True
S416D,-2.7961442849468194,416,True,neutral,tolerant,416,-1.0339420678247957,True
S416E,-1.89258769172477,416,True,neutral,tolerant,416,-0.6998301346809372,True
S416F,-3.56570481016321,416,True,neutral,tolerant,416,-1.3185057096376158,True
S416G,-1.84999135314164,416,True,neutral,tolerant,416,-0.6840791068697083,True
S416H,-2.91389233079316,416,True,neutral,tolerant,416,-1.077482259459438,True
S416I,-1.95061667536864,416,True,neutral,tolerant,416,-0.7212877567591397,True
S416K,-1.29455763855103,416,True,neutral,tolerant,416,-0.47869403911940606,True
S416L,-1.93866326731893,416,True,neutral,tolerant,416,-0.7168676946389526,True
S416M,-3.021454709254089,416,True,neutral,tolerant,416,-1.1172560538965737,True
S416N,-1.90944741538183,416,True,neutral,tolerant,416,-0.706064425820626,True
S416P,-1.43535636398365,416,True,neutral,tolerant,416,-0.5307577777843325,True
S416Q,-1.4915122255433,416,True,neutral,tolerant,416,-0.551522767607657,True
S416R,-1.9163802687162,416,True,neutral,tolerant,416,-0.7086280162444303,True
S416S,0.0,416,True,neutral,tolerant,416,0.0,True
S416T,-0.845288647927041,416,True,neutral,tolerant,416,-0.312565949207851,True
S416V,-1.3624642095845,416,True,neutral,tolerant,416,-0.5038041383554235,True
S416W,-3.56570481016321,416,True,neutral,tolerant,416,-1.3185057096376158,True
S416Y,-3.56570481016321,416,True,neutral,tolerant,416,-1.3185057096376158,True
P417A,-1.8949629420849496,417,True,neutral,tolerant,417,-0.512084668174894,True
P417C,-3.13711629599356,417,True,neutral,tolerant,417,-0.8477575586213748,True
P417D,-2.13185813359789,417,True,neutral,tolerant,417,-0.576101959935048,True
P417E,-1.76798083867457,417,True,neutral,tolerant,417,-0.47776970251255263,True
P417F,-3.8440617045401098,417,True,mild,tolerant,417,-1.0387987114130033,True
P417G,-1.94780660460782,417,True,neutral,tolerant,417,-0.5263648574003342,True
P417H,-3.1315147988175,417,True,neutral,tolerant,417,-0.8462438399311669,True
P417I,-3.34996286629627,417,True,neutral,tolerant,417,-0.9052760793823689,True
P417K,-1.41398174002844,417,True,neutral,tolerant,417,-0.3821068761118617,True
P417L,-2.43837364318539,417,True,neutral,tolerant,417,-0.6589330747455966,True
P417M,-2.32214707378563,417,True,neutral,tolerant,417,-0.6275246271699952,True
P417N,-2.1051704779158302,417,True,neutral,tolerant,417,-0.568890030350147,True
P417P,0.0,417,True,neutral,tolerant,417,0.0,True
P417Q,-1.96671145368448,417,True,neutral,tolerant,417,-0.5314736028809538,True
P417R,-2.13115734422554,417,True,neutral,tolerant,417,-0.5759125823566107,True
P417S,-2.0298866043586297,417,True,neutral,tolerant,417,-0.5485457183041063,True
P417T,-1.80532011040871,417,True,neutral,tolerant,417,-0.48786006794990067,True
P417V,-2.85557530073754,417,True,neutral,tolerant,417,-0.7716754232236869,True
P417W,-3.8440617045401098,417,True,mild,tolerant,417,-1.0387987114130033,True
P417Y,-3.8440617045401098,417,True,mild,tolerant,417,-1.0387987114130033,True
V418A,-0.0243338729588754,418,True,neutral,tolerant,418,-0.00595903875967525,True
V418C,-1.90689494000875,418,True,neutral,tolerant,418,-0.4669729671616527,True
V418D,-1.3362519400865,418,True,neutral,tolerant,418,-0.3272301584348662,True
V418E,-1.2921978203473798,418,True,neutral,tolerant,418,-0.3164418960200646,True
V418F,-1.35666916806752,418,True,neutral,tolerant,418,-0.3322300634277805,True
V418G,-1.08380958247445,418,True,neutral,tolerant,418,-0.265410414568515,True
V418H,-1.3068092032177,418,True,neutral,tolerant,418,-0.3200200274997449,True
V418I,-1.19049457107511,418,True,neutral,tolerant,418,-0.2915361358304471,True
V418K,-0.7933942356558271,418,True,neutral,tolerant,418,-0.19429159550418287,True
V418L,-0.823326794514269,418,True,neutral,tolerant,418,-0.20162167726778715,True
V418M,-1.22474662801879,418,True,neutral,tolerant,418,-0.2999240046777506,True
V418N,-1.50640960463246,418,True,neutral,tolerant,418,-0.36889948579590026,True
V418P,-0.8302850602437791,418,True,neutral,tolerant,418,-0.20332566311715633,True
V418Q,-1.2540299448136,418,True,neutral,tolerant,418,-0.3070950957772657,True
V418R,-0.8762093471794301,418,True,neutral,tolerant,418,-0.21457190436788073,True
V418S,-0.8162653239249308,418,True,neutral,tolerant,418,-0.19989241793396517,True
V418T,-0.822287746453398,418,True,neutral,tolerant,418,-0.2013672283488518,True
V418V,0.0,418,True,neutral,tolerant,418,0.0,True
V418W,-2.34468955117652,418,True,neutral,tolerant,418,-0.5741829892216291,True
V418Y,-2.34468955117652,418,True,neutral,tolerant,418,-0.5741829892216291,True
A419A,0.0,419,True,neutral,tolerant,419,0.0,True
A419C,-1.84397271025495,419,True,neutral,tolerant,419,-0.5247535497657458,True
A419D,-1.33715569191087,419,True,neutral,tolerant,419,-0.380524718189938,True
A419E,-1.18899917242178,419,True,neutral,tolerant,419,-0.3383626736594153,True
A419F,-1.46798341189147,419,True,neutral,tolerant,419,-0.4177553724646897,True
A419G,-1.18264729245799,419,True,neutral,tolerant,419,-0.33655507014112684,True
A419H,-1.2735890197807098,419,True,neutral,tolerant,419,-0.3624350595623519,True
A419I,-1.4030709006153,419,True,neutral,tolerant,419,-0.3992827180013437,True
A419K,-1.39901339950503,419,True,neutral,tolerant,419,-0.39812804358617937,True
A419L,-0.6171189440697801,419,True,neutral,tolerant,419,-0.17561830211876184,True
A419M,-1.42291619974178,419,True,neutral,tolerant,419,-0.4049302479809732,True
A419N,-0.7808617855174509,419,True,neutral,tolerant,419,-0.22221586661661977,True
A419P,-0.415405406099141,419,True,neutral,tolerant,419,-0.11821512337471986,True
A419Q,-0.7971378524880249,419,True,neutral,tolerant,419,-0.22684767264690148,True
A419R,-1.41459863961337,419,True,neutral,tolerant,419,-0.40256325568303963,True
A419S,-0.464905461370977,419,True,neutral,tolerant,419,-0.13230173624758887,True
A419T,-0.7693531617648179,419,True,neutral,tolerant,419,-0.21894076870788906,True
A419V,-0.374832368812654,419,True,neutral,tolerant,419,-0.1066689409271942,True
A419W,-2.37701282780148,419,True,neutral,tolerant,419,-0.6764448911258999,True
A419Y,-2.37701282780148,419,True,neutral,tolerant,419,-0.6764448911258999,True
T420A,-0.39845443753899,420,True,neutral,tolerant,420,-0.08295926395013808,True
T420C,-1.96845331625776,420,True,neutral,tolerant,420,-0.40983716794714475,True
T420D,-2.15428843882361,420,True,neutral,tolerant,420,-0.4485285302001703,True
T420E,-1.3941407416549998,420,True,neutral,tolerant,420,-0.29026377641805284,True
T420F,-2.58758487216041,420,True,neutral,tolerant,420,-0.5387419894951834,True
T420G,-1.3651973356424,420,True,neutral,tolerant,420,-0.2842376830111239,True
T420H,-2.15428843882361,420,True,neutral,tolerant,420,-0.4485285302001703,True
T420I,-1.19374228198893,420,True,neutral,tolerant,420,-0.24854028900172362,True
T420K,-1.47088561271437,420,True,neutral,tolerant,420,-0.30624226081982486,True
T420L,-1.25850486569327,420,True,neutral,tolerant,420,-0.2620240295990297,True
T420M,-2.22812317150246,420,True,neutral,tolerant,420,-0.46390111612197527,True
T420N,-1.05734648633837,420,True,neutral,tolerant,420,-0.2201423249008553,True
T420P,-0.146262130575052,420,True,neutral,tolerant,420,-0.030452161033086674,True
T420Q,-1.16900074388853,420,True,neutral,tolerant,420,-0.2433890355673767,True
T420R,-1.45644996152005,420,True,neutral,tolerant,420,-0.30323672019862263,True
T420S,-0.593262522399198,420,True,neutral,tolerant,420,-0.12351882059946633,True
T420T,0.0,420,True,neutral,tolerant,420,0.0,True
T420V,-1.3567119572674298,420,True,neutral,tolerant,420,-0.2824710048717769,True
T420W,-2.58758487216041,420,True,neutral,tolerant,420,-0.5387419894951834,True
T420Y,-2.58758487216041,420,True,neutral,tolerant,420,-0.5387419894951834,True
P421A,-2.04290330956949,421,True,neutral,tolerant,421,-0.6293596996731918,True
P421C,-3.14554097872315,421,True,neutral,tolerant,421,-0.9690506233973969,True
P421D,-2.26628162958049,421,True,neutral,tolerant,421,-0.6981761295732694,True
P421E,-2.23197137185407,421,True,neutral,tolerant,421,-0.6876061268730631,True
P421F,-3.97368094104433,421,True,mild,tolerant,421,-1.2241767057393265,True
P421G,-2.4307524421826803,421,True,neutral,tolerant,421,-0.7488448522384323,True
P421H,-2.38279118068693,421,True,neutral,tolerant,421,-0.7340693682546731,True
P421I,-2.2582964032284703,421,True,neutral,tolerant,421,-0.6957161112086269,True
P421K,-2.32174863919945,421,True,neutral,tolerant,421,-0.7152639184823368,True
P421L,-1.79652575750997,421,True,neutral,tolerant,421,-0.5534578684685264,True
P421M,-2.3316746754112403,421,True,neutral,tolerant,421,-0.7183218444937807,True
P421N,-2.2580701247435804,421,True,neutral,tolerant,421,-0.6956464013214161,True
P421P,0.0,421,True,neutral,tolerant,421,0.0,True
P421Q,-2.2040275468577595,421,True,neutral,tolerant,421,-0.6789974388235518,True
P421R,-3.1139520005884203,421,True,neutral,tolerant,421,-0.9593189686006527,True
P421S,-2.19598203091295,421,True,neutral,tolerant,421,-0.6765188469709553,True
P421T,-2.02246981429742,421,True,neutral,tolerant,421,-0.6230647280083734,True
P421V,-2.99864202312616,421,True,neutral,tolerant,421,-0.9237952840263377,True
P421W,-3.97368094104433,421,True,mild,tolerant,421,-1.2241767057393265,True
P421Y,-3.97368094104433,421,True,mild,tolerant,421,-1.2241767057393265,True
P422A,-0.675912524533438,422,True,neutral,tolerant,422,-0.18265499190191747,True
P422C,-3.35263798616994,422,True,neutral,tolerant,422,-0.9059989894944409,True
P422D,-3.45668249975291,422,True,neutral,tolerant,422,-0.9341154233466681,True
P422E,-2.29242431190475,422,True,neutral,tolerant,422,-0.6194925066904959,True
P422F,-4.13367646323919,422,True,mild,tolerant,422,-1.1170626575373492,True
P422G,-2.23667669654899,422,True,neutral,tolerant,422,-0.6044275687558331,True
P422H,-2.36486301373429,422,True,neutral,tolerant,422,-0.6390679547193562,True
P422I,-2.32427309731258,422,True,neutral,tolerant,422,-0.6280991524169806,True
P422K,-2.45819568415818,422,True,neutral,tolerant,422,-0.664289677267296,True
P422L,-2.01898582768934,422,True,neutral,tolerant,422,-0.545599950616744,True
P422M,-3.4933525041372,422,True,neutral,tolerant,422,-0.9440249295486418,True
P422N,-3.45668249975291,422,True,neutral,tolerant,422,-0.9341154233466681,True
P422P,0.0,422,True,neutral,tolerant,422,0.0,True
P422Q,-2.32982721722002,422,True,neutral,tolerant,422,-0.6296000681270659,True
P422R,-2.50279533582049,422,True,neutral,tolerant,422,-0.6763420490129309,True
P422S,-1.17707975195695,422,True,neutral,tolerant,422,-0.31808774768601217,True
P422T,-2.22964149087963,422,True,neutral,tolerant,422,-0.6025264123370312,True
P422V,-2.960940052556,422,True,neutral,tolerant,422,-0.8001486312078596,True
P422W,-4.13367646323919,422,True,mild,tolerant,422,-1.1170626575373492,True
P422Y,-4.13367646323919,422,True,mild,tolerant,422,-1.1170626575373492,True
P423A,-1.4689050697704802,423,True,neutral,tolerant,423,-0.4737869178813512,True
P423C,-3.64777348918661,423,True,neutral,tolerant,423,-1.1765684482531413,True
P423D,-3.194365705779,423,True,neutral,tolerant,423,-1.0303243643671265,True
P423E,-2.62221068952008,423,True,neutral,tolerant,423,-0.8457790405865877,True
P423F,-4.64529476621092,423,True,mild,tolerant,423,-1.498313223384365,True
P423G,-2.7103313199346,423,True,neutral,tolerant,423,-0.8742018452627134,True
P423H,-3.89133327549918,423,True,mild,tolerant,423,-1.255127262469028,True
P423I,-3.5914495542738,423,True,neutral,tolerant,423,-1.1584014856124176,True
P423K,-2.72691786795823,423,True,neutral,tolerant,423,-0.8795517413370966,True
P423L,-1.65223479880853,423,True,neutral,tolerant,423,-0.5329188720589841,True
P423M,-3.95958297036764,423,True,mild,tolerant,423,-1.2771408106849946,True
P423N,-3.89133327549918,423,True,mild,tolerant,423,-1.255127262469028,True
P423P,0.0,423,True,neutral,tolerant,423,0.0,True
P423Q,-2.5780553538317204,423,True,neutral,tolerant,423,-0.8315369899365255,True
P423R,-1.21048920940047,423,True,neutral,tolerant,423,-0.39043636205850596,True
P423S,-1.19731685075806,423,True,neutral,tolerant,423,-0.38618769321608015,True
P423T,-2.45412175854601,423,True,neutral,tolerant,423,-0.7915629185409203,True
P423V,-2.29151843012737,423,True,neutral,tolerant,423,-0.7391161461836339,True
P423W,-4.64529476621092,423,True,mild,tolerant,423,-1.498313223384365,True
P423Y,-4.64529476621092,423,True,mild,tolerant,423,-1.498313223384365,True
P424A,-1.08546996299776,424,True,neutral,tolerant,424,-0.33362351438958493,True
P424C,-3.76443749380834,424,True,neutral,tolerant,424,-1.1570148499695072,True
P424D,-3.46524959279325,424,True,neutral,tolerant,424,-1.0650582575237486,True
P424E,-2.63143585158782,424,True,neutral,tolerant,424,-0.808782284746916,True
P424F,-4.48748220748761,424,True,mild,tolerant,424,-1.3792455211640329,True
P424G,-2.9589157596555697,424,True,neutral,tolerant,424,-0.9094345381909538,True
P424H,-2.64043154676514,424,True,neutral,tolerant,424,-0.81154714747158,True
P424I,-3.94350583654814,424,True,mild,tolerant,424,-1.2120522179826965,True
P424K,-2.65966012042545,424,True,neutral,tolerant,424,-0.8174571261351398,True
P424L,-4.36349461208713,424,True,mild,tolerant,424,-1.3411374401223584,True
P424M,-4.36349461208713,424,True,mild,tolerant,424,-1.3411374401223584,True
P424N,-3.33333835265981,424,True,neutral,tolerant,424,-1.0245148127293233,True
P424P,0.0,424,True,neutral,tolerant,424,0.0,True
P424Q,-2.63909692103427,424,True,neutral,tolerant,424,-0.8111369449400444,True
P424R,-2.65463849690982,424,True,neutral,tolerant,424,-0.8159137101564984,True
P424S,-1.41911491451274,424,True,neutral,tolerant,424,-0.43617061848020267,True
P424T,-2.497920701586,424,True,neutral,tolerant,424,-0.7677458718692696,True
P424V,-2.3034404533066497,424,True,neutral,tolerant,424,-0.7079715933336139,True
P424W,-4.48748220748761,424,True,mild,tolerant,424,-1.3792455211640329,True
P424Y,-4.48748220748761,424,True,mild,tolerant,424,-1.3792455211640329,True
P425A,-2.01015813815592,425,True,neutral,tolerant,425,-0.5720277725089221,True
P425C,-3.86140385193267,425,True,mild,tolerant,425,-1.0988340679528599,True
P425D,-3.9276033956300096,425,True,mild,tolerant,425,-1.117672375647913,True
P425E,-2.5800044357129504,425,True,neutral,tolerant,425,-0.7341881031200456,True
P425F,-4.77130214380758,425,True,mild,tolerant,425,-1.3577624991201525,True
P425G,-2.9702140677979,425,True,neutral,tolerant,425,-0.845229489574272,True
P425H,-2.6273620001920803,425,True,neutral,tolerant,425,-0.7476645762423523,True
P425I,-2.87990525095365,425,True,neutral,tolerant,425,-0.8195304411478015,True
P425K,-2.76368731388187,425,True,neutral,tolerant,425,-0.7864584721286179,True
P425L,-1.4531569858616498,425,True,neutral,tolerant,425,-0.4135227661694257,True
P425M,-4.11205440285126,425,True,mild,tolerant,425,-1.170161330021718,True
P425N,-3.9276033956300096,425,True,mild,tolerant,425,-1.117672375647913,True
P425P,0.0,425,True,neutral,tolerant,425,0.0,True
P425Q,-2.31446772320128,425,True,neutral,tolerant,425,-0.6586247077362685,True
P425R,-2.3702717068102004,425,True,neutral,tolerant,425,-0.674504766043631,True
P425S,-2.5521400766580298,425,True,neutral,tolerant,425,-0.7262587830630687,True
P425T,-2.6122472675607,425,True,neutral,tolerant,425,-0.7433633988000997,True
P425V,-2.7564720445148803,425,True,neutral,tolerant,425,-0.7844052334377369,True
P425W,-4.77130214380758,425,True,mild,tolerant,425,-1.3577624991201525,True
P425Y,-4.77130214380758,425,True,mild,tolerant,425,-1.3577624991201525,True
P426A,-1.23504489193271,426,True,neutral,tolerant,426,-0.3358673472570346,True
P426C,-4.01952877736816,426,True,mild,tolerant,426,-1.0931007257277174,True
P426D,-4.08571803400802,426,True,mild,tolerant,426,-1.1111007273387974,True
P426E,-2.7361385112007097,426,True,neutral,tolerant,426,-0.7440859757305599,True
P426F,-4.94377210945375,426,True,mild,tolerant,426,-1.3444463716999957,True
P426G,-3.2532620717531096,426,True,neutral,tolerant,426,-0.8847164253776567,True
P426H,-4.08571803400802,426,True,mild,tolerant,426,-1.1111007273387974,True
P426I,-3.70548183756396,426,True,neutral,tolerant,426,-1.0076964515388136,True
P426K,-2.44607816224302,426,True,neutral,tolerant,426,-0.6652047944996375,True
P426L,-2.7308551670585497,426,True,neutral,tolerant,426,-0.7426491835999546,True
P426M,-2.79289974782306,426,True,neutral,tolerant,426,-0.7595220510472589,True
P426N,-2.828189086526,426,True,neutral,tolerant,426,-0.7691188978129369,True
P426P,0.0,426,True,neutral,tolerant,426,0.0,True
P426Q,-2.6891839163286,426,True,neutral,tolerant,426,-0.731316791934702,True
P426R,-2.9200721033717,426,True,neutral,tolerant,426,-0.7941062527888724,True
P426S,-2.6627219041086803,426,True,neutral,tolerant,426,-0.7241205143698604,True
P426T,-2.54167428174274,426,True,neutral,tolerant,426,-0.6912019183889502,True
P426V,-2.83146782292551,426,True,neutral,tolerant,426,-0.7700105419175776,True
P426W,-4.94377210945375,426,True,mild,tolerant,426,-1.3444463716999957,True
P426Y,-4.94377210945375,426,True,mild,tolerant,426,-1.3444463716999957,True
P427A,-2.35147877662309,427,True,neutral,tolerant,427,-0.68903054390505,True
P427C,-3.85581027530658,427,True,mild,tolerant,427,-1.1298299085669432,True
P427D,-2.73800938996823,427,True,neutral,tolerant,427,-0.8022917824911058,True
P427E,-2.75609131267883,427,True,neutral,tolerant,427,-0.807590149273742,True
P427F,-4.75074511422313,427,True,mild,tolerant,427,-1.3920638036581798,True
P427G,-2.94821024212296,427,True,neutral,tolerant,427,-0.8638848569978095,True
P427H,-2.4954694298285203,427,True,neutral,tolerant,427,-0.7312226993613115,True
P427I,-1.9970276067109296,427,True,neutral,tolerant,427,-0.5851692270093528,True
P427K,-2.4226395154804,427,True,neutral,tolerant,427,-0.7098820706494041,True
P427L,-2.16999430696278,427,True,neutral,tolerant,427,-0.63585194663957,True
P427M,-2.82532119634077,427,True,neutral,tolerant,427,-0.8278758966376085,True
P427N,-2.6273559534545003,427,True,neutral,tolerant,427,-0.7698681015699835,True
P427P,0.0,427,True,neutral,tolerant,427,0.0,True
P427Q,-2.62467902071741,427,True,neutral,tolerant,427,-0.7690837064743647,True
P427R,-4.12417928518242,427,True,mild,tolerant,427,-1.2084674224073026,True
P427S,-1.78251582117468,427,True,neutral,tolerant,427,-0.5223129623764458,True
P427T,-2.60112925468918,427,True,neutral,tolerant,427,-0.7621831517015207,True
P427V,-2.60003512584999,427,True,neutral,tolerant,427,-0.7618625499607506,True
P427W,-4.75074511422313,427,True,mild,tolerant,427,-1.3920638036581798,True
P427Y,-4.75074511422313,427,True,mild,tolerant,427,-1.3920638036581798,True
P428A,-2.1350034240325098,428,True,neutral,tolerant,428,-0.6399861390939974,True
P428C,-2.42855072604307,428,True,neutral,tolerant,428,-0.7279795363600139,True
P428D,-3.98524118818714,428,True,mild,tolerant,428,-1.194611255736996,True
P428E,-2.58582853181582,428,True,neutral,tolerant,428,-0.7751249481887048,True
P428F,-4.87670512881011,428,True,mild,tolerant,428,-1.461835448016384,True
P428G,-2.8360738222567003,428,True,neutral,tolerant,428,-0.8501381849137417,True
P428H,-3.98524118818714,428,True,mild,tolerant,428,-1.194611255736996,True
P428I,-3.33531359903496,428,True,neutral,tolerant,428,-0.9997897187829456,True
P428K,-2.8308690106917203,428,True,neutral,tolerant,428,-0.8485779966626653,True
P428L,-2.47119624858238,428,True,neutral,tolerant,428,-0.7407629085140641,True
P428M,-2.65527764260669,428,True,neutral,tolerant,428,-0.795942932730674,True
P428N,-2.26154904640757,428,True,neutral,tolerant,428,-0.6779193074306064,True
P428P,0.0,428,True,neutral,tolerant,428,0.0,True
P428Q,-2.59389911284356,428,True,neutral,tolerant,428,-0.7775441761552965,True
P428R,-2.7984141418212403,428,True,neutral,tolerant,428,-0.8388493629802004,True
P428S,-1.97264695640322,428,True,neutral,tolerant,428,-0.5913183535038669,True
P428T,-2.57191359885115,428,True,neutral,tolerant,428,-0.77095382409421,True
P428V,-2.65899762764742,428,True,neutral,tolerant,428,-0.7970580311126746,True
P428W,-4.87670512881011,428,True,mild,tolerant,428,-1.461835448016384,True
P428Y,-4.87670512881011,428,True,mild,tolerant,428,-1.461835448016384,True
P429A,-2.04371243052193,429,True,neutral,tolerant,429,-0.5730549974319168,True
P429C,-3.64557201499254,429,True,neutral,tolerant,429,-1.0222148823334667,True
P429D,-3.89181765692778,429,True,mild,tolerant,429,-1.0912619231985956,True
P429E,-2.63845970934044,429,True,neutral,tolerant,429,-0.7398215616735113,True
P429F,-4.5961742290858,429,True,mild,tolerant,429,-1.2887628277393024,True
P429G,-2.8727123496568705,429,True,neutral,tolerant,429,-0.805505776433936,True
P429H,-2.7467889982817995,429,True,neutral,tolerant,429,-0.7701969899720212,True
P429I,-3.97567906974666,429,True,mild,tolerant,429,-1.1147765825948235,True
P429K,-2.21073938435025,429,True,neutral,tolerant,429,-0.6198891944391273,True
P429L,-2.33794355864325,429,True,neutral,tolerant,429,-0.6555571224138023,True
P429M,-2.8319153679570497,429,True,neutral,tolerant,429,-0.7940663420526272,True
P429N,-2.59778146723323,429,True,neutral,tolerant,429,-0.7284154217596248,True
P429P,0.0,429,True,neutral,tolerant,429,0.0,True
P429Q,-2.59527526005956,429,True,neutral,tolerant,429,-0.7277126836815948,True
P429R,-2.60220785948472,429,True,neutral,tolerant,429,-0.7296565778843458,True
P429S,-2.4319626972979,429,True,neutral,tolerant,429,-0.6819199983525329,True
P429T,-2.35945833862063,429,True,neutral,tolerant,429,-0.6615898460008174,True
P429V,-3.97567906974666,429,True,mild,tolerant,429,-1.1147765825948235,True
P429W,-4.5961742290858,429,True,mild,tolerant,429,-1.2887628277393024,True
P429Y,-4.5961742290858,429,True,mild,tolerant,429,-1.2887628277393024,True
P430A,-2.1462537886475,430,True,neutral,tolerant,430,-0.675662044750488,True
P430C,-3.45926263653971,430,True,neutral,tolerant,430,-1.0890102925834653,True
P430D,-2.62693516729151,430,True,neutral,tolerant,430,-0.8269853248238851,True
P430E,-2.2494209425108,430,True,neutral,tolerant,430,-0.7081400911488553,True
P430F,-4.298860115283451,430,True,mild,tolerant,430,-1.3533239316581966,True
P430G,-2.53765685644133,430,True,neutral,tolerant,430,-0.7988796243797102,True
P430H,-3.37019763876618,430,True,neutral,tolerant,430,-1.0609717452179726,True
P430I,-3.6873379467062497,430,True,neutral,tolerant,430,-1.1608106692394504,True
P430K,-1.98152018806397,430,True,neutral,tolerant,430,-0.6238022684285468,True
P430L,-2.36177901666282,430,True,neutral,tolerant,430,-0.7435115306903183,True
P430M,-3.6873379467062497,430,True,neutral,tolerant,430,-1.1608106692394504,True
P430N,-3.54145989746221,430,True,neutral,tolerant,430,-1.1148868080643224,True
P430P,0.0,430,True,neutral,tolerant,430,0.0,True
P430Q,-2.03759305097921,430,True,neutral,tolerant,430,-0.6414545635171903,True
P430R,-2.29105022027273,430,True,neutral,tolerant,430,-0.7212454019387022,True
P430S,-2.32080707720521,430,True,neutral,tolerant,430,-0.7306131565382257,True
P430T,-2.2405926993349703,430,True,neutral,tolerant,430,-0.7053608723690044,True
P430V,-2.55448856932221,430,True,neutral,tolerant,430,-0.8041784150455219,True
P430W,-4.298860115283451,430,True,mild,tolerant,430,-1.3533239316581966,True
P430Y,-4.298860115283451,430,True,mild,tolerant,430,-1.3533239316581966,True
P431A,-1.66907268626254,431,True,neutral,tolerant,431,-0.5017486945126516,True
P431C,-2.98657627299049,431,True,neutral,tolerant,431,-0.8978103580323809,True
P431D,-2.01260445790256,431,True,neutral,tolerant,431,-0.6050195822113588,True
P431E,-2.07707729300285,431,True,neutral,tolerant,431,-0.6244010993312259,True
P431F,-3.697799595205701,431,True,neutral,tolerant,431,-1.1116149312936683,True
P431G,-1.86239938481469,431,True,neutral,tolerant,431,-0.5598656473639931,True
P431H,-2.7234014693424,431,True,neutral,tolerant,431,-0.8186959999544595,True
P431I,-3.14423559613343,431,True,neutral,tolerant,431,-0.9452051540863828,True
P431K,-1.99942784458374,431,True,neutral,tolerant,431,-0.6010584913701801,True
P431L,-0.6493767718960219,431,True,neutral,tolerant,431,-0.19521255738434498,True
P431M,-3.14423559613343,431,True,neutral,tolerant,431,-0.9452051540863828,True
P431N,-1.99289561033376,431,True,neutral,tolerant,431,-0.5990948021706897,True
P431P,0.0,431,True,neutral,tolerant,431,0.0,True
P431Q,-2.01382837953771,431,True,neutral,tolerant,431,-0.6053875117135767,True
P431R,-3.0596157874169503,431,True,neutral,tolerant,431,-0.9197671495567674,True
P431S,-2.02675165686894,431,True,neutral,tolerant,431,-0.6092724458947774,True
P431T,-2.06485994813956,431,True,neutral,tolerant,431,-0.6207283792118323,True
P431V,-1.8016590181889,431,True,neutral,tolerant,431,-0.5416061671690628,True
P431W,-3.697799595205701,431,True,neutral,tolerant,431,-1.1116149312936683,True
P431Y,-3.697799595205701,431,True,neutral,tolerant,431,-1.1116149312936683,True
P432A,-1.45929191836409,432,True,neutral,tolerant,432,-0.4177680793927535,True
P432C,-2.2561660267932298,432,True,neutral,tolerant,432,-0.6458982852870306,True
P432D,-1.54713534521821,432,True,neutral,tolerant,432,-0.44291601536245534,True
P432E,-1.57358860251225,432,True,neutral,tolerant,432,-0.45048908991617614,True
P432F,-2.80066973678475,432,True,neutral,tolerant,432,-0.801779549537705,True
P432G,-1.60488647354685,432,True,neutral,tolerant,432,-0.45944908709471505,True
P432H,-1.61735595583457,432,True,neutral,tolerant,432,-0.4630188674798505,True
P432I,-1.53342243903025,432,True,neutral,tolerant,432,-0.4389902658883822,True
P432K,-1.6659570663946,432,True,neutral,tolerant,432,-0.47693245965390973,True
P432L,-0.696494557045224,432,True,neutral,tolerant,432,-0.19939341110754555,True
P432M,-2.29129851523031,432,True,neutral,tolerant,432,-0.6559560619621051,True
P432N,-2.32603023312578,432,True,neutral,tolerant,432,-0.6658991055002803,True
P432P,0.0,432,True,neutral,tolerant,432,0.0,True
P432Q,-1.41596736550656,432,True,neutral,tolerant,432,-0.4053650673496728,True
P432R,-2.4386685360436298,432,True,neutral,tolerant,432,-0.6981453523847292,True
P432S,-1.2958267580218898,432,True,neutral,tolerant,432,-0.3709710504882522,True
P432T,-1.5550610027524798,432,True,neutral,tolerant,432,-0.4451849834039754,True
P432V,-1.28913726567659,432,True,neutral,tolerant,432,-0.369055973501914,True
P432W,-2.80066973678475,432,True,neutral,tolerant,432,-0.801779549537705,True
P432Y,-2.80066973678475,432,True,neutral,tolerant,432,-0.801779549537705,True
P433A,-1.15416729764454,433,True,neutral,tolerant,433,-0.247537462498333,True
P433C,-1.6519404758314198,433,True,neutral,tolerant,433,-0.3542962570678697,True
P433D,-1.1200187784686202,433,True,neutral,tolerant,433,-0.2402135348475201,True
P433E,-1.1637465326773,433,True,neutral,tolerant,433,-0.24959194761285997,True
P433F,-1.2798018364966202,433,True,neutral,tolerant,433,-0.27448265061192834,True
P433G,-1.21092425533297,433,True,neutral,tolerant,433,-0.25971028468277,True
P433H,-1.6519404758314198,433,True,neutral,tolerant,433,-0.3542962570678697,True
P433I,-1.53453274531856,433,True,neutral,tolerant,433,-0.3291154953636058,True
P433K,-1.1745401057996,433,True,neutral,tolerant,433,-0.25190687518656363,True
P433L,-0.329686069977124,433,True,neutral,tolerant,433,-0.07070868612352525,True
P433M,-1.6056069034822602,433,True,neutral,tolerant,433,-0.34435896725624465,True
P433N,-1.6519404758314198,433,True,neutral,tolerant,433,-0.3542962570678697,True
P433P,0.0,433,True,neutral,tolerant,433,0.0,True
P433Q,-0.326517137120021,433,True,neutral,tolerant,433,-0.07002903630163568,True
P433R,-1.15164495224444,433,True,neutral,tolerant,433,-0.24699648808226754,True
P433S,-1.6519404758314198,433,True,neutral,tolerant,433,-0.3542962570678697,True
P433T,-1.11086034221067,433,True,neutral,tolerant,433,-0.23824929961370916,True
P433V,-1.06339605169876,433,True,neutral,tolerant,433,-0.22806950154060485,True
P433W,-1.83918113531558,433,True,neutral,tolerant,433,-0.3944542807961577,True
P433Y,-1.83918113531558,433,True,neutral,tolerant,433,-0.3944542807961577,True
S434A,-0.0484195721850627,434,True,neutral,tolerant,434,-0.015497024718446288,True
S434C,-0.534436735105394,434,True,neutral,tolerant,434,-0.17105023693144178,True
S434D,-0.383488997790854,434,True,neutral,tolerant,434,-0.12273835165876244,True
S434E,-0.36217671246656896,434,True,neutral,tolerant,434,-0.11591720480486863,True
S434F,-0.35309362929168603,434,True,neutral,tolerant,434,-0.11301010013358265,True
S434G,-0.332591880671641,434,True,neutral,tolerant,434,-0.10644837125415599,True
S434H,-0.5850776444272,434,True,neutral,tolerant,434,-0.18725821622801903,True
S434I,-0.5902372974382111,434,True,neutral,tolerant,434,-0.1889095994733033,True
S434K,-0.37633973002449295,434,True,neutral,tolerant,434,-0.12045017821372181,True
S434L,-0.241856518515835,434,True,neutral,tolerant,434,-0.0774078802561895,True
S434M,-0.375072565569505,434,True,neutral,tolerant,434,-0.12004461331516737,True
S434N,-0.382252359165036,434,True,neutral,tolerant,434,-0.12234255676658869,True
S434P,-0.0695586067757806,434,True,neutral,tolerant,434,-0.0222627214562111,True
S434Q,-0.378696903711944,434,True,neutral,tolerant,434,-0.12120460823554198,True
S434R,-0.344702011426305,434,True,neutral,tolerant,434,-0.11032430379918869,True
S434S,0.0,434,True,neutral,tolerant,434,0.0,True
S434T,-0.342604904196323,434,True,neutral,tolerant,434,-0.10965310987669696,True
S434V,-0.319366584344139,434,True,neutral,tolerant,434,-0.10221552212214108,True
S434W,-0.618905756438554,434,True,neutral,tolerant,434,-0.19808514146425743,True
S434Y,-0.618905756438554,434,True,neutral,tolerant,434,-0.19808514146425743,True
S435A,-0.28811473723929,435,True,neutral,tolerant,435,-0.10767168714065088,True
S435C,-0.35893793150259,435,True,neutral,tolerant,435,-0.13413910386528097,True
S435D,-0.5947546454111701,435,True,neutral,tolerant,435,-0.2222664370443992,True
S435E,-0.525887006706276,435,True,neutral,tolerant,435,-0.1965298332184372,True
S435F,-0.431057450707145,435,True,neutral,tolerant,435,-0.1610909716625804,True
S435G,-0.29775342893646994,435,True,neutral,tolerant,435,-0.11127377361081298,True
S435H,-0.3744357224539761,435,True,neutral,tolerant,435,-0.13993080100190802,True
S435I,-0.606204391894751,435,True,neutral,tolerant,435,-0.22654533486487405,True
S435K,-0.325050073912001,435,True,neutral,tolerant,435,-0.12147483394516786,True
S435L,-0.0861743358940223,435,True,neutral,tolerant,435,-0.032204309376331425,True
S435M,-0.606204391894751,435,True,neutral,tolerant,435,-0.22654533486487405,True
S435N,-0.4297288734634279,435,True,neutral,tolerant,435,-0.16059446754516385,True
S435P,-0.0766393128985808,435,True,neutral,tolerant,435,-0.028640965054963313,True
S435Q,-0.563850411206863,435,True,neutral,tolerant,435,-0.2107171804237497,True
S435R,-0.384579960366404,435,True,neutral,tolerant,435,-0.14372181572490747,True
S435S,0.0,435,True,neutral,tolerant,435,0.0,True
S435T,-0.34203568485885405,435,True,neutral,tolerant,435,-0.12782254598963516,True
S435V,-0.5277379585528711,435,True,neutral,tolerant,435,-0.19722155454463053,True
S435W,-0.6437939639266159,435,True,neutral,tolerant,435,-0.240592976711825,True
S435Y,-0.6437939639266159,435,True,neutral,tolerant,435,-0.240592976711825,True
Q436A,-0.804994799356866,436,True,neutral,tolerant,436,-0.17707120284067734,True
Q436C,-0.962297346877203,436,True,neutral,tolerant,436,-0.2116723596699911,True
Q436D,-0.539618228665586,436,True,neutral,tolerant,436,-0.11869747345064757,True
Q436E,-0.30624117011490504,436,True,neutral,tolerant,436,-0.06736253749080846,True
Q436F,-0.827840984394779,436,True,neutral,tolerant,436,-0.18209657874151042,True
Q436G,-0.575889121141974,436,True,neutral,tolerant,436,-0.1266758238251221,True
Q436H,-0.0511697305114396,436,True,neutral,tolerant,436,-0.01125558294032802,True
Q436I,-1.08374425018785,436,True,neutral,tolerant,436,-0.23838650647897977,True
Q436K,-0.5974672660207471,436,True,neutral,tolerant,436,-0.13142227445040236,True
Q436L,-0.761617366194726,436,True,neutral,tolerant,436,-0.1675296576377795,True
Q436M,-1.08374425018785,436,True,neutral,tolerant,436,-0.23838650647897977,True
Q436N,-0.43800692538336,436,True,neutral,tolerant,436,-0.09634647725940845,True
Q436P,-0.400845718534728,436,True,neutral,tolerant,436,-0.08817228830693873,True
Q436Q,0.0,436,True,neutral,tolerant,436,0.0,True
Q436R,-0.51201783540407,436,True,neutral,tolerant,436,-0.11262633505621707,True
Q436S,-0.650207696515553,436,True,neutral,tolerant,436,-0.14302335743070418,True
Q436T,-0.5581554164849339,436,True,neutral,tolerant,436,-0.12277501798519352,True
Q436V,-1.08374425018785,436,True,neutral,tolerant,436,-0.23838650647897977,True
Q436W,-1.10204082999579,436,True,neutral,tolerant,436,-0.2424111255163335,True
Q436Y,-1.10204082999579,436,True,neutral,tolerant,436,-0.2424111255163335,True
R437A,-0.3719598209553789,437,True,neutral,tolerant,437,-0.04729639227364731,True
R437C,-0.581005882313861,437,True,neutral,tolerant,437,-0.07387755498062096,True
R437D,-0.49149652951473,437,True,neutral,tolerant,437,-0.0624960314298398,True
R437E,-0.471189120826883,437,True,neutral,tolerant,437,-0.059913851545747146,True
R437F,-0.724633321367182,437,True,neutral,tolerant,437,-0.09214044069036581,True
R437G,-0.456522204799899,437,True,neutral,tolerant,437,-0.058048886098470795,True
R437H,-0.361809842516326,437,True,neutral,tolerant,437,-0.046005776097444516,True
R437I,-0.376807429348974,437,True,neutral,tolerant,437,-0.04791278784987812,True
R437K,-0.0393736668408582,437,True,neutral,tolerant,437,-0.00500654180167628,True
R437L,-0.34929600840318203,437,True,neutral,tolerant,437,-0.04441458486194382,True
R437M,-0.0914009182023091,437,True,neutral,tolerant,437,-0.011622044742264113,True
R437N,-0.291140946469613,437,True,neutral,tolerant,437,-0.03701990278353113,True
R437P,-0.0981415922128577,437,True,neutral,tolerant,437,-0.012479152269020159,True
R437Q,-0.183039704690678,437,True,neutral,tolerant,437,-0.02327433552491519,True
R437R,0.0,437,True,neutral,tolerant,437,0.0,True
R437S,-0.359136976984104,437,True,neutral,tolerant,437,-0.045665909021527604,True
R437T,-0.4826621971646161,437,True,neutral,tolerant,437,-0.06137270567053183,True
R437V,-0.399274813373871,437,True,neutral,tolerant,437,-0.050769618476032445,True
R437W,-0.724633321367182,437,True,neutral,tolerant,437,-0.09214044069036581,True
R437Y,-0.724633321367182,437,True,neutral,tolerant,437,-0.09214044069036581,True
L438A,-1.03493930886805,438,True,neutral,tolerant,438,-0.21011643947376563,True
L438C,-1.53686193517533,438,True,neutral,tolerant,438,-0.312018255577702,True
L438D,-1.51830889355598,438,True,neutral,tolerant,438,-0.3082515621947537,True
L438E,-0.95716499127072,438,True,neutral,tolerant,438,-0.1943264674860108,True
L438F,-1.88296778073327,438,True,neutral,tolerant,438,-0.3822856880025372,True
L438G,-1.07811596063042,438,True,neutral,tolerant,438,-0.21888229101594964,True
L438H,-0.922199517169256,438,True,neutral,tolerant,438,-0.1872276735183266,True
L438I,-0.844152839138328,438,True,neutral,tolerant,438,-0.17138240610979613,True
L438K,-1.086416517275,438,True,neutral,tolerant,438,-0.22056749457606661,True
L438L,0.0,438,True,neutral,tolerant,438,0.0,True
L438M,-0.8474015034001291,438,True,neutral,tolerant,438,-0.17204195953663612,True
L438N,-0.818281925169196,438,True,neutral,tolerant,438,-0.16613001663869606,True
L438P,-0.28481282198132,438,True,neutral,tolerant,438,-0.05782354149505033,True
L438Q,-0.9927153986957858,438,True,neutral,tolerant,438,-0.20154401634708022,True
L438R,-1.11237535080046,438,True,neutral,tolerant,438,-0.22583773373552757,True
L438S,-0.830212297250278,438,True,neutral,tolerant,438,-0.16855215606445226,True
L438T,-1.27748553392152,438,True,neutral,tolerant,438,-0.2593588914507591,True
L438V,-0.0867318958671577,438,True,neutral,tolerant,438,-0.017608566021469024,True
L438W,-1.88296778073327,438,True,neutral,tolerant,438,-0.3822856880025372,True
L438Y,-1.88296778073327,438,True,neutral,tolerant,438,-0.3822856880025372,True
P439A,-1.4607243494604298,439,True,neutral,tolerant,439,-0.40099324411525383,True
P439C,-3.29021664237363,439,True,neutral,tolerant,439,-0.903219451195395,True
P439D,-3.24978007053914,439,True,neutral,tolerant,439,-0.8921189364906179,True
P439E,-1.80377310557351,439,True,neutral,tolerant,439,-0.49516586036163823,True
P439F,-4.02518253179389,439,True,mild,tolerant,439,-1.1049798698681903,True
P439G,-2.56279615420533,439,True,neutral,tolerant,439,-0.7035303712575858,True
P439H,-2.16479930080703,439,True,neutral,tolerant,439,-0.5942735840678609,True
P439I,-3.50285515400845,439,True,neutral,tolerant,439,-0.96159227604478,True
P439K,-2.4176310276904305,439,True,neutral,tolerant,439,-0.6636801181724552,True
P439L,-3.1674134523105897,439,True,neutral,tolerant,439,-0.8695079233569837,True
P439M,-3.50285515400845,439,True,neutral,tolerant,439,-0.96159227604478,True
P439N,-2.08136769266478,439,True,neutral,tolerant,439,-0.5713702134058525,True
P439P,0.0,439,True,neutral,tolerant,439,0.0,True
P439Q,-2.20200543616177,439,True,neutral,tolerant,439,-0.6044872899750703,True
P439R,-2.99095756603394,439,True,neutral,tolerant,439,-0.8210678338168573,True
P439S,-2.13544155909504,439,True,neutral,tolerant,439,-0.5862143933702204,True
P439T,-1.64622390370794,439,True,neutral,tolerant,439,-0.451915971642264,True
P439V,-1.6076781423758502,439,True,neutral,tolerant,439,-0.4413345160177607,True
P439W,-4.02518253179389,439,True,mild,tolerant,439,-1.1049798698681903,True
P439Y,-4.02518253179389,439,True,mild,tolerant,439,-1.1049798698681903,True
P440A,-2.18008534351196,440,True,neutral,tolerant,440,-0.668190862344661,True
P440C,-3.8151920986708,440,True,mild,tolerant,440,-1.1693471111156954,True
P440D,-3.833662748543471,440,True,mild,tolerant,440,-1.1750083204363382,True
P440E,-2.58510249121224,440,True,neutral,tolerant,440,-0.7923276343254595,True
P440F,-4.60619294651184,440,True,mild,tolerant,440,-1.4117869496326698,True
P440G,-3.3724515109398903,440,True,neutral,tolerant,440,-1.033648196395995,True
P440H,-3.833662748543471,440,True,mild,tolerant,440,-1.1750083204363382,True
P440I,-2.81895793619448,440,True,neutral,tolerant,440,-0.8640037601760896,True
P440K,-2.48663577933094,440,True,neutral,tolerant,440,-0.7621478263101372,True
P440L,-1.7400214496865498,440,True,neutral,tolerant,440,-0.5333123478052888,True
P440M,-2.20266733377662,440,True,neutral,tolerant,440,-0.6751121875089753,True
P440N,-2.51276837321729,440,True,neutral,tolerant,440,-0.7701574028600596,True
P440P,0.0,440,True,neutral,tolerant,440,0.0,True
P440Q,-2.58776755719472,440,True,neutral,tolerant,440,-0.7931444705756268,True
P440R,-2.53130480885886,440,True,neutral,tolerant,440,-0.7758387753590757,True
P440S,-2.1327653092666297,440,True,neutral,tolerant,440,-0.6536873867891443,True
P440T,-2.22485131086726,440,True,neutral,tolerant,440,-0.681911522602229,True
P440V,-3.40353203687502,440,True,neutral,tolerant,440,-1.0431743021003086,True
P440W,-4.60619294651184,440,True,mild,tolerant,440,-1.4117869496326698,True
P440Y,-4.60619294651184,440,True,mild,tolerant,440,-1.4117869496326698,True
P441A,-2.9734970073503195,441,True,neutral,tolerant,441,-0.9966131206489949,True
P441C,-4.52909792595388,441,True,mild,tolerant,441,-1.5179966236898932,True
P441D,-2.8059640968005,441,True,neutral,tolerant,441,-0.9404618965577195,True
P441E,-3.7352699790279,441,True,neutral,tolerant,441,-1.251933013910353,True
P441F,-3.70534355475919,441,True,neutral,tolerant,441,-1.241902713894386,True
P441G,-3.78404680608736,441,True,neutral,tolerant,441,-1.2682813154929409,True
P441H,-4.2485423966505484,441,True,mild,tolerant,441,-1.4239641357192798,True
P441I,-4.65536449012274,441,True,mild,tolerant,441,-1.5603167989713507,True
P441K,-2.90572965905599,441,True,neutral,tolerant,441,-0.9738998546545212,True
P441L,-3.29488811176555,441,True,neutral,tolerant,441,-1.1043322778327147,True
P441M,-2.75057557901696,441,True,neutral,tolerant,441,-0.9218975854385483,True
P441N,-4.22285891707934,441,True,mild,tolerant,441,-1.4153559236843212,True
P441P,0.0,441,True,neutral,tolerant,441,0.0,True
P441Q,-2.89601348947132,441,True,neutral,tolerant,441,-0.9706433314205659,True
P441R,-4.69842802403929,441,True,mild,tolerant,441,-1.5747502027436284,True
P441S,-3.1769690004921096,441,True,neutral,tolerant,441,-1.064809879397513,True
P441T,-2.7526764024458097,441,True,neutral,tolerant,441,-0.922601708626896,True
P441V,-3.23719058908186,441,True,neutral,tolerant,441,-1.0849940683126225,True
P441W,-5.19897394936284,441,True,impactful,tolerant,441,-1.7425158454975007,True
P441Y,-5.19897394936284,441,True,impactful,tolerant,441,-1.7425158454975007,True
P442A,-1.96751977575393,442,True,neutral,sensitive,442,-0.5516906504081737,True
P442C,-4.260390611363141,442,True,mild,sensitive,442,-1.1946094246880725,True
P442D,-4.29720949746245,442,True,mild,sensitive,442,-1.2049334048938873,True
P442E,-2.8328586086554903,442,True,neutral,sensitive,442,-0.7943308258361325,True
P442F,-5.08640520760751,442,True,impactful,sensitive,442,-1.4262231220264288,True
P442G,-5.08640520760751,442,True,impactful,sensitive,442,-1.4262231220264288,True
P442H,-4.29720949746245,442,True,mild,sensitive,442,-1.2049334048938873,True
P442I,-4.50756836495406,442,True,mild,sensitive,442,-1.2639178287638342,True
P442K,-2.42616920896958,442,True,neutral,sensitive,442,-0.6802955098043763,True
P442L,-2.7822251278509,442,True,neutral,sensitive,442,-0.7801332465783534,True
P442M,-4.50756836495406,442,True,mild,sensitive,442,-1.2639178287638342,True
P442N,-2.7539797990021606,442,True,neutral,sensitive,442,-0.7722132835692992,True
P442P,0.0,442,True,neutral,sensitive,442,0.0,True
P442Q,-2.2368220232755296,442,True,neutral,sensitive,442,-0.627202741276304,True
P442R,-4.0809624626865695,442,True,mild,sensitive,442,-1.1442979445877108,True
P442S,-3.82052215381803,442,True,mild,sensitive,442,-1.071270732783889,True
P442T,-2.85332688636244,442,True,neutral,sensitive,442,-0.8000701111942963,True
P442V,-3.55132010993837,442,True,neutral,sensitive,442,-0.9957867389204628,True
P442W,-5.08640520760751,442,True,impactful,sensitive,442,-1.4262231220264288,True
P442Y,-5.08640520760751,442,True,impactful,sensitive,442,-1.4262231220264288,True
P443A,-2.65450890458238,443,True,neutral,tolerant,443,-0.7934391487121096,True
P443C,-4.01585267253022,443,True,mild,tolerant,443,-1.200348102183864,True
P443D,-3.65750149939824,443,True,neutral,tolerant,443,-1.093236067540094,True
P443E,-3.6432503104765295,443,True,neutral,tolerant,443,-1.0889763526125391,True
P443F,-4.91465144304438,443,True,mild,tolerant,443,-1.4690012342600742,True
P443G,-4.91465144304438,443,True,mild,tolerant,443,-1.4690012342600742,True
P443H,-3.628828430051589,443,True,neutral,tolerant,443,-1.084665617580745,True
P443I,-3.11415433052185,443,True,neutral,tolerant,443,-0.9308282811566303,True
P443K,-2.3977297661921604,443,True,neutral,tolerant,443,-0.7166872415628593,True
P443L,-2.52075594082588,443,True,neutral,tolerant,443,-0.7534600634969576,True
P443M,-4.38464338290103,443,True,mild,tolerant,443,-1.3105805398239951,True
P443N,-2.90983982503092,443,True,neutral,tolerant,443,-0.8697581800066915,True
P443P,0.0,443,True,neutral,tolerant,443,0.0,True
P443Q,-2.91121109163332,443,True,neutral,tolerant,443,-0.8701680549194436,True
P443R,-2.81621184008663,443,True,neutral,tolerant,443,-0.8417725482608017,True
P443S,-1.37936407070344,443,True,neutral,tolerant,443,-0.4122952656642869,True
P443T,-2.66392585083783,443,True,neutral,tolerant,443,-0.796253896783775,True
P443V,-3.80121384434865,443,True,mild,tolerant,443,-1.1361920359454114,True
P443W,-4.91465144304438,443,True,mild,tolerant,443,-1.4690012342600742,True
P443Y,-4.91465144304438,443,True,mild,tolerant,443,-1.4690012342600742,True
P444A,-1.71242188751173,444,True,neutral,sensitive,444,-0.5072091167380776,True
P444C,-4.09481300198039,444,True,mild,sensitive,444,-1.2128591097138979,True
P444D,-4.19999065102365,444,True,mild,sensitive,444,-1.2440121000259619,True
P444E,-2.68042724462904,444,True,neutral,sensitive,444,-0.7939265114185604,True
P444F,-5.0018070634248,444,True,impactful,sensitive,444,-1.4815053236795257,True
P444G,-4.47831779453563,444,True,mild,sensitive,444,-1.3264509345529332,True
P444H,-4.19999065102365,444,True,mild,sensitive,444,-1.2440121000259619,True
P444I,-1.58362786490715,444,True,neutral,sensitive,444,-0.46906109788663924,True
P444K,-3.860552144220069,444,True,mild,sensitive,444,-1.1434724453542349,True
P444L,-1.93138448580326,444,True,neutral,sensitive,444,-0.5720645281808144,True
P444M,-4.26687152197662,444,True,mild,sensitive,444,-1.2638218138179418,True
P444N,-4.0091602647811495,444,True,mild,sensitive,444,-1.1874892814619638,True
P444P,0.0,444,True,neutral,sensitive,444,0.0,True
P444Q,-2.8134617181309105,444,True,neutral,sensitive,444,-0.8333305264528734,True
P444R,-3.55545431850101,444,True,neutral,sensitive,444,-1.053104294940944,True
P444S,-2.2934675216565,444,True,neutral,sensitive,444,-0.679311356862631,True
P444T,-2.67588697420363,444,True,neutral,sensitive,444,-0.7925817104854384,True
P444V,-2.8249772744951294,444,True,neutral,sensitive,444,-0.8367413653441761,True
P444W,-5.0018070634248,444,True,impactful,sensitive,444,-1.4815053236795257,True
P444Y,-5.0018070634248,444,True,impactful,sensitive,444,-1.4815053236795257,True
P445A,-2.68142594008633,445,True,neutral,tolerant,445,-0.6273779221503987,True
P445C,-3.95136574207798,445,True,mild,tolerant,445,-0.9245079611787967,True
P445D,-3.56276141677942,445,True,neutral,tolerant,445,-0.8335855267756228,True
P445E,-2.77420510847848,445,True,neutral,tolerant,445,-0.6490856266275303,True
P445F,-4.81041198115199,445,True,mild,tolerant,445,-1.1255005138517284,True
P445G,-4.81041198115199,445,True,mild,tolerant,445,-1.1255005138517284,True
P445H,-3.93474049387882,445,True,mild,tolerant,445,-0.920618122748246,True
P445I,-3.3219347910731,445,True,neutral,tolerant,445,-0.7772388994922087,True
P445K,-2.20793580780149,445,True,neutral,tolerant,445,-0.516594606858828,True
P445L,-1.3719037053253895,445,True,neutral,tolerant,445,-0.32098671202150186,True
P445M,-3.43874257512432,445,True,neutral,tolerant,445,-0.8045686212471521,True
P445N,-3.88116316810641,445,True,mild,tolerant,445,-0.9080825420279418,True
P445P,0.0,445,True,neutral,tolerant,445,0.0,True
P445Q,-2.3278946175135897,445,True,neutral,tolerant,445,-0.5446615796048249,True
P445R,-2.79582628990499,445,True,neutral,tolerant,445,-0.6541443723027378,True
P445S,-2.08696423642004,445,True,neutral,tolerant,445,-0.48829067649179375,True
P445T,-3.95136574207798,445,True,mild,tolerant,445,-0.9245079611787967,True
P445V,-1.7788467885245498,445,True,neutral,tolerant,445,-0.41619989772028204,True
P445W,-4.81041198115199,445,True,mild,tolerant,445,-1.1255005138517284,True
P445Y,-4.81041198115199,445,True,mild,tolerant,445,-1.1255005138517284,True
P446A,-0.4470724152172561,446,True,neutral,tolerant,446,-0.1479791047232297,True
P446C,-3.3749361857665403,446,True,neutral,tolerant,446,-1.1170898008213495,True
P446D,-2.39234369376896,446,True,neutral,tolerant,446,-0.7918557843076934,True
P446E,-2.33259621631532,446,True,neutral,tolerant,446,-0.7720796184738776,True
P446F,-2.12106976366685,446,True,neutral,tolerant,446,-0.7020652449120686,True
P446G,-2.79836741134608,446,True,neutral,tolerant,446,-0.9262479413238274,True
P446H,-3.5307279460692,446,True,neutral,tolerant,446,-1.1686562236829356,True
P446I,-3.5896969381509103,446,True,neutral,tolerant,446,-1.188174714105661,True
P446K,-1.9947637325621,446,True,neutral,tolerant,446,-0.6602584754316868,True
P446L,-1.56097386809988,446,True,neutral,tolerant,446,-0.5166758396076083,True
P446M,-2.40444286089912,446,True,neutral,tolerant,446,-0.7958605581628366,True
P446N,-3.5307279460692,446,True,neutral,tolerant,446,-1.1686562236829356,True
P446P,0.0,446,True,neutral,tolerant,446,0.0,True
P446Q,-1.9801336131636,446,True,neutral,tolerant,446,-0.6554159669321814,True
P446R,-3.66986319855058,446,True,neutral,tolerant,446,-1.2147094119290271,True
P446S,-1.3255045494429398,446,True,neutral,tolerant,446,-0.4387364772613314,True
P446T,-2.21404395006708,446,True,neutral,tolerant,446,-0.7328393128204874,True
P446V,-2.0109529637363703,446,True,neutral,tolerant,446,-0.6656170434260055,True
P446W,-3.82565495885323,446,True,mild,tolerant,446,-1.2662758347906098,True
P446Y,-3.82565495885323,446,True,mild,tolerant,446,-1.2662758347906098,True
P447A,-1.7897961556199,447,True,neutral,tolerant,447,-0.5665589044536933,True
P447C,-3.46877109643626,447,True,neutral,tolerant,447,-1.098037419527751,True
P447D,-3.446224294892549,447,True,neutral,tolerant,447,-1.0909002429607828,True
P447E,-2.99735346119283,447,True,neutral,tolerant,447,-0.9488104485539739,True
P447F,-4.28824650649942,447,True,mild,tolerant,447,-1.357441871310876,True
P447G,-2.92766181021078,447,True,neutral,tolerant,447,-0.9267495980453951,True
P447H,-3.446224294892549,447,True,neutral,tolerant,447,-1.0909002429607828,True
P447I,-3.7104147152504905,447,True,neutral,tolerant,447,-1.174529562788724,True
P447K,-1.6395465131106202,447,True,neutral,tolerant,447,-0.5189974698247686,True
P447L,-1.23289121076631,447,True,neutral,tolerant,447,-0.3902709766634955,True
P447M,-3.7104147152504905,447,True,neutral,tolerant,447,-1.174529562788724,True
P447N,-2.2392161261543904,447,True,neutral,tolerant,447,-0.708822527797684,True
P447P,0.0,447,True,neutral,tolerant,447,0.0,True
P447Q,-1.45984736841378,447,True,neutral,tolerant,447,-0.4621138128613613,True
P447R,-2.59661157235648,447,True,neutral,tolerant,447,-0.8219558429080092,True
P447S,-1.39974615323079,447,True,neutral,tolerant,447,-0.4430888090789518,True
P447T,-1.1384660422164798,447,True,neutral,tolerant,447,-0.3603807459361208,True
P447V,-2.04562442360177,447,True,neutral,tolerant,447,-0.6475411899396587,True
P447W,-4.28824650649942,447,True,mild,tolerant,447,-1.357441871310876,True
P447Y,-4.28824650649942,447,True,mild,tolerant,447,-1.357441871310876,True
P448A,-1.59200347670133,448,True,neutral,tolerant,448,-0.3496642509066013,True
P448C,-3.16762769678291,448,True,neutral,tolerant,448,-0.6957309967950485,True
P448D,-2.15755436650672,448,True,neutral,tolerant,448,-0.47388064309885475,True
P448E,-2.08801739713186,448,True,neutral,tolerant,448,-0.45860769133548546,True
P448F,-2.08178737602754,448,True,neutral,tolerant,448,-0.4572393427769207,True
P448G,-3.971642390045621,448,True,mild,tolerant,448,-0.8723230705888354,True
P448H,-3.14783947303999,448,True,neutral,tolerant,448,-0.6913847535028057,True
P448I,-1.03199799770582,448,True,neutral,tolerant,448,-0.2266658409268137,True
P448K,-2.09489664260539,448,True,neutral,tolerant,448,-0.4601186341509425,True
P448L,-1.0411014865839,448,True,neutral,tolerant,448,-0.22866531182356448,True
P448M,-3.21334962839033,448,True,neutral,tolerant,448,-0.7057732644153664,True
P448N,-2.80931859969051,448,True,neutral,tolerant,448,-0.617032750301621,True
P448P,0.0,448,True,neutral,tolerant,448,0.0,True
P448Q,-1.58607508483214,448,True,neutral,tolerant,448,-0.3483621515504389,True
P448R,-3.5349596662928504,448,True,neutral,tolerant,448,-0.7764110077576354,True
P448S,-1.27559713484761,448,True,neutral,tolerant,448,-0.2801694362749025,True
P448T,-1.25278233449444,448,True,neutral,tolerant,448,-0.27515844214591695,True
P448V,-0.8955217548314119,448,True,neutral,tolerant,448,-0.19669048978618298,True
P448W,-3.63366042843446,448,True,neutral,tolerant,448,-0.7980894328133812,True
P448Y,-3.63366042843446,448,True,neutral,tolerant,448,-0.7980894328133812,True
L449A,-1.00997651019953,449,True,neutral,tolerant,449,-0.24855955174708044,True
L449C,-2.40313491978488,449,True,neutral,tolerant,449,-0.5914218127028316,True
L449D,-2.49672934266748,449,True,neutral,tolerant,449,-0.6144558016746442,True
L449E,-2.0639860911193,449,True,neutral,tolerant,449,-0.5079558310910316,True
L449F,-1.08238653452042,449,True,neutral,tolerant,449,-0.2663799693562384,True
L449G,-3.1296803383350498,449,True,neutral,tolerant,449,-0.7702277569351861,True
L449H,-2.49672934266748,449,True,neutral,tolerant,449,-0.6144558016746442,True
L449I,-0.461888020216869,449,True,neutral,tolerant,449,-0.11367262317790965,True
L449K,-1.82174050206913,449,True,neutral,tolerant,449,-0.4483381524431171,True
L449L,0.0,449,True,neutral,tolerant,449,0.0,True
L449M,-1.68821835538403,449,True,neutral,tolerant,449,-0.41547777936196517,True
L449N,-1.6484276398726398,449,True,neutral,tolerant,449,-0.4056851135808048,True
L449P,-0.664462113189133,449,True,neutral,tolerant,449,-0.1635269764586705,True
L449Q,-0.7866528531272879,449,True,neutral,tolerant,449,-0.19359864173004565,True
L449R,-1.50409816172326,449,True,neutral,tolerant,449,-0.37016500986511286,True
L449S,-1.6014101268865202,449,True,neutral,tolerant,449,-0.394113901939671,True
L449T,-1.02520431686669,449,True,neutral,tolerant,449,-0.2523071802919589,True
L449V,-0.582779723023204,449,True,neutral,tolerant,449,-0.1434245898385476,True
L449W,-2.9004981545547097,449,True,neutral,tolerant,449,-0.71382503836344,True
L449Y,-2.9004981545547097,449,True,neutral,tolerant,449,-0.71382503836344,True
P450A,-1.54543114681197,450,True,neutral,tolerant,450,-0.5009430820278473,True
P450C,-2.8104114675165897,450,True,neutral,tolerant,450,-0.9109795575224402,True
P450D,-1.77697301632628,450,True,neutral,tolerant,450,-0.5759961168862812,True
P450E,-1.76310040429821,450,True,neutral,tolerant,450,-0.5714993853175835,True
P450F,-3.42140448650232,450,True,neutral,tolerant,450,-1.1090296140775966,True
P450G,-1.89186248824892,450,True,neutral,tolerant,450,-0.6132369129425815,True
P450H,-2.72341485237803,450,True,neutral,tolerant,450,-0.8827800789475445,True
P450I,-2.87210701682346,450,True,neutral,tolerant,450,-0.9309778335251853,True
P450K,-1.4620455036810902,450,True,neutral,tolerant,450,-0.4739140803456783,True
P450L,-1.9531771838449297,450,True,neutral,tolerant,450,-0.633111737291001,True
P450M,-2.87210701682346,450,True,neutral,tolerant,450,-0.9309778335251853,True
P450N,-2.72341485237803,450,True,neutral,tolerant,450,-0.8827800789475445,True
P450P,0.0,450,True,neutral,tolerant,450,0.0,True
P450Q,-0.826731903417899,450,True,neutral,tolerant,450,-0.26798063994196136,True
P450R,-1.02585045794494,450,True,neutral,tolerant,450,-0.33252383398814805,True
P450S,-0.803112910591701,450,True,neutral,tolerant,450,-0.26032467216548894,True
P450T,-1.15537203823844,450,True,neutral,tolerant,450,-0.3745075482126145,True
P450V,-1.3941424172798798,450,True,neutral,tolerant,450,-0.45190366503135293,True
P450W,-3.42140448650232,450,True,neutral,tolerant,450,-1.1090296140775966,True
P450Y,-3.42140448650232,450,True,neutral,tolerant,450,-1.1090296140775966,True
E451A,-2.4916343309630897,451,True,neutral,tolerant,451,-0.6545812418741586,True
E451C,-3.06274584484608,451,True,neutral,tolerant,451,-0.8046188615041863,True
E451D,-0.21466816772203096,451,True,neutral,tolerant,451,-0.056395817826134606,True
E451E,0.0,451,True,neutral,tolerant,451,0.0,True
E451F,-3.69611981183746,451,True,neutral,tolerant,451,-0.9710135498145399,True
E451G,-2.67760182029127,451,True,neutral,tolerant,451,-0.7034370585563791,True
E451H,-2.6887810896606803,451,True,neutral,tolerant,451,-0.7063739823000191,True
E451I,-1.36102628439816,451,True,neutral,tolerant,451,-0.3575573929102026,True
E451K,-1.30980545862431,451,True,neutral,tolerant,451,-0.34410108781429916,True
E451L,-2.03316255843527,451,True,neutral,tolerant,451,-0.5341353889269057,True
E451M,-3.1137494578585603,451,True,neutral,tolerant,451,-0.8180181022879949,True
E451N,-2.2739941232985097,451,True,neutral,tolerant,451,-0.597404634679248,True
E451P,-1.24967098731249,451,True,neutral,tolerant,451,-0.32830306463666775,True
E451Q,-0.785457585707384,451,True,neutral,tolerant,451,-0.20634881912751835,True
E451R,-1.7486836033868998,451,True,neutral,tolerant,451,-0.4593994674601921,True
E451S,-2.65801067959329,451,True,neutral,tolerant,451,-0.6982902386364358,True
E451T,-1.90901930562596,451,True,neutral,tolerant,451,-0.5015215163436019,True
E451V,-1.6422169941807905,451,True,neutral,tolerant,451,-0.4314294542017345,True
E451W,-3.69611981183746,451,True,neutral,tolerant,451,-0.9710135498145399,True
E451Y,-3.69611981183746,451,True,neutral,tolerant,451,-0.9710135498145399,True
K452A,-3.2047587419673995,452,True,neutral,tolerant,452,-0.7900773715676892,True
K452C,-3.6421992502562497,452,True,neutral,tolerant,452,-0.8979206992042394,True
K452D,-2.2532136959502203,452,True,neutral,tolerant,452,-0.555490536983073,True
K452E,-1.4353867693122602,452,True,neutral,tolerant,452,-0.3538695724674316,True
K452F,-3.76179179383882,452,True,neutral,tolerant,452,-0.9274041549338292,True
K452G,-3.8096325965318494,452,True,mild,tolerant,452,-0.9391984704154972,True
K452H,-1.95966140284274,452,True,neutral,tolerant,452,-0.48312033915231695,True
K452I,-2.24282565308854,452,True,neutral,tolerant,452,-0.552929546200082,True
K452K,0.0,452,True,neutral,tolerant,452,0.0,True
K452L,-3.25064999220681,452,True,neutral,tolerant,452,-0.8013910588953195,True
K452M,-3.43161725678005,452,True,neutral,tolerant,452,-0.8460053816090616,True
K452N,-1.78569709237966,452,True,neutral,tolerant,452,-0.440232472631395,True
K452P,-2.9291009630992204,452,True,neutral,tolerant,452,-0.7221187541128675,True
K452Q,-1.3690983084593302,452,True,neutral,tolerant,452,-0.33752730862394525,True
K452R,-1.54878061413012,452,True,neutral,tolerant,452,-0.3818248471320854,True
K452S,-2.5362038369563,452,True,neutral,tolerant,452,-0.6252568204345366,True
K452T,-0.7443282341172219,452,True,neutral,tolerant,452,-0.18350114381275837,True
K452V,-2.20336693955035,452,True,neutral,tolerant,452,-0.5432016886021159,True
K452W,-3.76179179383882,452,True,neutral,tolerant,452,-0.9274041549338292,True
K452Y,-2.24892465610919,452,True,neutral,tolerant,452,-0.5544331490181774,True
K453A,-1.8769307003407496,453,True,neutral,tolerant,453,-0.40852312436364396,True
K453C,-3.6308662730469305,453,True,neutral,tolerant,453,-0.7902757591116313,True
K453D,-3.20756967536148,453,True,neutral,tolerant,453,-0.6981431893861925,True
K453E,-1.45789787649726,453,True,neutral,tolerant,453,-0.3173185858176098,True
K453F,-4.05090259473673,453,True,mild,tolerant,453,-0.8816987138599217,True
K453G,-2.79175801531934,453,True,neutral,tolerant,453,-0.6076397528573908,True
K453H,-3.39316959750988,453,True,neutral,tolerant,453,-0.7385399179728944,True
K453I,-3.8931700223285097,453,True,mild,tolerant,453,-0.8473674499073302,True
K453K,0.0,453,True,neutral,tolerant,453,0.0,True
K453L,-3.7813875927526897,453,True,neutral,tolerant,453,-0.8230374587302544,True
K453M,-3.8931700223285097,453,True,mild,tolerant,453,-0.8473674499073302,True
K453N,-1.7947580526719498,453,True,neutral,tolerant,453,-0.3906378466830153,True
K453P,-2.1752098907322903,453,True,neutral,tolerant,453,-0.47344504543898697,True
K453Q,-1.69720219014051,453,True,neutral,tolerant,453,-0.3694043372337328,True
K453R,-1.39630407081297,453,True,neutral,tolerant,453,-0.30391239349786925,True
K453S,-1.57917036073906,453,True,neutral,tolerant,453,-0.3437141336941545,True
K453T,-3.6308662730469305,453,True,neutral,tolerant,453,-0.7902757591116313,True
K453V,-2.6798137893220098,453,True,neutral,tolerant,453,-0.5832745458997781,True
K453W,-4.05090259473673,453,True,mild,tolerant,453,-0.8816987138599217,True
K453Y,-2.79604895475998,453,True,neutral,tolerant,453,-0.6085736967618872,True
L454A,-0.618725972908188,454,True,neutral,tolerant,454,-0.1522160325590141,True
L454C,-2.81117039578316,454,True,neutral,tolerant,454,-0.6915908224802491,True
L454D,-3.25306961805795,454,True,neutral,tolerant,454,-0.8003047755884753,True
L454E,-2.76177122121141,454,True,neutral,tolerant,454,-0.6794378715872086,True
L454F,-2.21967791174013,454,True,neutral,tolerant,454,-0.5460746438295977,True
L454G,-1.94427392469846,454,True,neutral,tolerant,454,-0.47832105970029887,True
L454H,-3.25306961805795,454,True,neutral,tolerant,454,-0.8003047755884753,True
L454I,-0.9413653689483872,454,True,neutral,tolerant,454,-0.2315902482261542,True
L454K,-1.06658046492946,454,True,neutral,tolerant,454,-0.2623950729163944,True
L454L,0.0,454,True,neutral,tolerant,454,0.0,True
L454M,-2.7474252862664503,454,True,neutral,tolerant,454,-0.6759085526378075,True
L454N,-2.26291760391561,454,True,neutral,tolerant,454,-0.5567122680448676,True
L454P,-1.98997857968046,454,True,neutral,tolerant,454,-0.48956510238714274,True
L454Q,-3.25306961805795,454,True,neutral,tolerant,454,-0.8003047755884753,True
L454R,-1.11716929573181,454,True,neutral,tolerant,454,-0.2748406973991339,True
L454S,-1.25758943665588,454,True,neutral,tolerant,454,-0.30938619521034555,True
L454T,-0.9868135300235028,454,True,neutral,tolerant,454,-0.2427711894972,True
L454V,-0.25394818335423003,454,True,neutral,tolerant,454,-0.062475128955813086,True
L454W,-3.25306961805795,454,True,neutral,tolerant,454,-0.8003047755884753,True
L454Y,-3.25306961805795,454,True,neutral,tolerant,454,-0.8003047755884753,True
I455A,-3.3269645268328305,455,True,neutral,tolerant,455,-0.6605329030509739,True
I455C,-3.9669532583497102,455,True,mild,tolerant,455,-0.7875957590986711,True
I455D,-2.15034095810496,455,True,neutral,tolerant,455,-0.42692699130117634,True
I455E,-3.18881377791789,455,True,neutral,tolerant,455,-0.63310456274152,True
I455F,-3.96773119113419,455,True,mild,tolerant,455,-0.7877502092577776,True
I455G,-4.64624661499267,455,True,mild,tolerant,455,-0.9224621242996729,True
I455H,-3.86258653952266,455,True,mild,tolerant,455,-0.7668748733745414,True
I455I,0.0,455,True,neutral,tolerant,455,0.0,True
I455K,-2.52431784073696,455,True,neutral,tolerant,455,-0.5011760654847317,True
I455L,-2.0522979114568503,455,True,neutral,tolerant,455,-0.40746160244471974,True
I455M,-3.5601453316803395,455,True,neutral,tolerant,455,-0.70682843542574,True
I455N,-3.86258653952266,455,True,mild,tolerant,455,-0.7668748733745414,True
I455P,-0.529621993918176,455,True,neutral,tolerant,455,-0.10515073134712627,True
I455Q,-2.43180944121219,455,True,neutral,tolerant,455,-0.4828095210861157,True
I455R,-3.94919449322896,455,True,mild,tolerant,455,-0.7840699479320049,True
I455S,-3.9669532583497102,455,True,mild,tolerant,455,-0.7875957590986711,True
I455T,-2.18496160098398,455,True,neutral,tolerant,455,-0.43380054632766757,True
I455V,-0.359052077060101,455,True,neutral,tolerant,455,-0.07128591510194582,True
I455W,-4.46783053071654,455,True,mild,tolerant,455,-0.8870395361874731,True
I455Y,-4.46783053071654,455,True,mild,tolerant,455,-0.8870395361874731,True
T456A,-3.0280083960718103,456,True,neutral,tolerant,456,-1.374115689136693,True
T456C,-3.53137648051525,456,True,neutral,tolerant,456,-1.6025450366714384,True
T456D,-2.40817191894264,456,True,neutral,tolerant,456,-1.0928327742586028,True
T456E,-2.92116603469403,456,True,neutral,tolerant,456,-1.3256304322186212,True
T456F,-4.8879442310842,456,True,mild,tolerant,456,-2.218157936507486,True
T456G,-4.8879442310842,456,True,mild,tolerant,456,-2.218157936507486,True
T456H,-4.16456820007977,456,True,mild,tolerant,456,-1.8898885847321993,True
T456I,-4.16685448838944,456,True,mild,tolerant,456,-1.8909261065040288,True
T456K,-2.77429527088348,456,True,neutral,tolerant,456,-1.258980213847569,True
T456L,-2.9813126400102097,456,True,neutral,tolerant,456,-1.3529250705427731,True
T456M,-4.3000482051409605,456,True,mild,tolerant,456,-1.9513696561718987,True
T456N,-3.53308256434246,456,True,neutral,tolerant,456,-1.6033192605992825,True
T456P,-2.84828639897582,456,True,neutral,tolerant,456,-1.2925575216583745,True
T456Q,-4.16456820007977,456,True,mild,tolerant,456,-1.8898885847321993,True
T456R,-2.93840035834242,456,True,neutral,tolerant,456,-1.333451399474734,True
T456S,-1.22939458417826,456,True,neutral,tolerant,456,-0.5579014868157469,True
T456T,0.0,456,True,neutral,tolerant,456,0.0,True
T456V,-4.3000482051409605,456,True,mild,tolerant,456,-1.9513696561718987,True
T456W,-4.8879442310842,456,True,mild,tolerant,456,-2.218157936507486,True
T456Y,-4.8879442310842,456,True,mild,tolerant,456,-2.218157936507486,True
R457A,-3.8120701112557698,457,True,mild,sensitive,457,-0.5615059577980331,True
R457C,-4.51819652994459,457,True,mild,sensitive,457,-0.6655161620914029,True
R457D,-3.4327804139015097,457,True,neutral,sensitive,457,-0.5056377763165356,True
R457E,-4.06396483529899,457,True,mild,sensitive,457,-0.598609259720664,True
R457F,-4.6125931549812185,457,True,mild,sensitive,457,-0.6794204885615771,True
R457G,-3.59217270020796,457,True,neutral,sensitive,457,-0.5291157596106673,True
R457H,-4.595801645809179,457,True,mild,sensitive,457,-0.676947151984508,True
R457I,-4.75436297653318,457,True,mild,sensitive,457,-0.7003027381304779,True
R457K,-2.2316176170701496,457,True,neutral,sensitive,457,-0.32871026789671354,True
R457L,-3.44063836375527,457,True,neutral,sensitive,457,-0.5067952276566714,True
R457M,-4.17878205037135,457,True,mild,sensitive,457,-0.6155214749841105,True
R457N,-4.595801645809179,457,True,mild,sensitive,457,-0.676947151984508,True
R457P,-2.66246466091925,457,True,neutral,sensitive,457,-0.39217268463102856,True
R457Q,-4.42395727853203,457,True,mild,sensitive,457,-0.6516350162619134,True
R457R,0.0,457,True,neutral,sensitive,457,0.0,True
R457S,-4.40620902715437,457,True,mild,sensitive,457,-0.6490207545620491,True
R457T,-3.0798287262188304,457,True,neutral,sensitive,457,-0.4536491009604548,True
R457V,-4.75436297653318,457,True,mild,sensitive,457,-0.7003027381304779,True
R457W,-4.75436297653318,457,True,mild,sensitive,457,-0.7003027381304779,True
R457Y,-4.75436297653318,457,True,mild,sensitive,457,-0.7003027381304779,True
N458A,-3.4329463148497097,458,True,neutral,tolerant,458,-1.8985481354359095,True
N458C,-3.5366883958385302,458,True,neutral,tolerant,458,-1.955921399205165,True
N458D,-1.62954472322667,458,True,neutral,tolerant,458,-0.9011993815658783,True
N458E,-3.14758401881836,458,True,neutral,tolerant,458,-1.7407320773430384,True
N458F,-4.3562697682462685,458,True,mild,tolerant,458,-2.40918065341836,True
N458G,-3.69366199034065,458,True,neutral,tolerant,458,-2.042733687491042,True
N458H,-3.24202822745094,458,True,neutral,tolerant,458,-1.7929632687911794,True
N458I,-3.43464983993569,458,True,neutral,tolerant,458,-1.8994902487342347,True
N458K,-1.24778683161621,458,True,neutral,tolerant,458,-0.6900729418164956,True
N458L,-3.43464983993569,458,True,neutral,tolerant,458,-1.8994902487342347,True
N458M,-1.2645522501935702,458,True,neutral,tolerant,458,-0.6993448474219415,True
N458N,0.0,458,True,neutral,tolerant,458,0.0,True
N458P,-2.82068248986744,458,True,neutral,tolerant,458,-1.5599432646615656,True
N458Q,-3.24202822745094,458,True,neutral,tolerant,458,-1.7929632687911794,True
N458R,-2.0875623164915003,458,True,neutral,tolerant,458,-1.1545002980201617,True
N458S,-2.23144478429545,458,True,neutral,tolerant,458,-1.2340727019897428,True
N458T,-1.4481715928554402,458,True,neutral,tolerant,458,-0.8008932343374887,True
N458V,-3.43464983993569,458,True,neutral,tolerant,458,-1.8994902487342347,True
N458W,-4.3562697682462685,458,True,mild,tolerant,458,-2.40918065341836,True
N458Y,-4.3562697682462685,458,True,mild,tolerant,458,-2.40918065341836,True
I459A,-4.1806072731852115,459,True,mild,sensitive,459,-1.5690214190656404,True
I459C,-4.31679440665834,459,True,mild,sensitive,459,-1.6201337373144882,True
I459D,-4.86487859564574,459,True,mild,sensitive,459,-1.825834913191085,True
I459E,-4.86487859564574,459,True,mild,sensitive,459,-1.825834913191085,True
I459F,-3.27402759389994,459,True,neutral,sensitive,459,-1.228773497666296,True
I459G,-4.8418031888134,459,True,mild,sensitive,459,-1.8171744949294075,True
I459H,-4.86487859564574,459,True,mild,sensitive,459,-1.825834913191085,True
I459I,0.0,459,True,neutral,sensitive,459,0.0,True
I459K,-3.2592803900121496,459,True,neutral,sensitive,459,-1.2232387326766054,True
I459L,-2.2830263045493,459,True,neutral,sensitive,459,-0.8568413481706707,True
I459M,-3.7216934959151,459,True,neutral,sensitive,459,-1.3967867414245332,True
I459N,-4.86487859564574,459,True,mild,sensitive,459,-1.825834913191085,True
I459P,-3.07807990833858,459,True,neutral,sensitive,459,-1.155232479442915,True
I459Q,-4.86487859564574,459,True,mild,sensitive,459,-1.825834913191085,True
I459R,-3.19520729832772,459,True,neutral,sensitive,459,-1.199191495835334,True
I459S,-2.46574039080225,459,True,neutral,sensitive,459,-0.9254156715075436,True
I459T,-2.74052562719549,459,True,neutral,sensitive,459,-1.0285451676239104,True
I459V,-2.2407507521119,459,True,neutral,sensitive,459,-0.8409749338096357,True
I459W,-4.636887687372751,459,True,mild,sensitive,459,-1.7402677706548766,True
I459Y,-4.636887687372751,459,True,mild,sensitive,459,-1.7402677706548766,True
A460A,0.0,460,True,neutral,tolerant,460,0.0,True
A460C,-3.68628567909652,460,True,neutral,tolerant,460,-1.8526634899372139,True
A460D,-3.01211962920169,460,True,neutral,tolerant,460,-1.5138392816350883,True
A460E,-3.77741969339266,460,True,neutral,tolerant,460,-1.8984658708908397,True
A460F,-2.51381004165985,460,True,neutral,tolerant,460,-1.2633974928286635,True
A460G,-5.10236133663074,460,True,impactful,tolerant,460,-2.5643586481772247,True
A460H,-4.44008401632924,460,True,mild,tolerant,460,-2.2315095099528732,True
A460I,-4.17747291594042,460,True,mild,tolerant,460,-2.0995257083442453,True
A460K,-3.06758432380481,460,True,neutral,tolerant,460,-1.5417148788125983,True
A460L,-2.92373895241952,460,True,neutral,tolerant,460,-1.4694206805432708,True
A460M,-4.34725331617288,460,True,mild,tolerant,460,-2.1848544040015767,True
A460N,-3.13225172679486,460,True,neutral,tolerant,460,-1.5742155982191544,True
A460P,-3.5500374336580403,460,True,neutral,tolerant,460,-1.784187475904101,True
A460Q,-4.35739729231654,460,True,mild,tolerant,460,-2.1899525911417435,True
A460R,-3.1241754772663506,460,True,neutral,tolerant,460,-1.5701566147491701,True
A460S,-3.11761786904073,460,True,neutral,tolerant,460,-1.5668608741586316,True
A460T,-2.4359739769302697,460,True,neutral,tolerant,460,-1.2242784315625745,True
A460V,-4.34725331617288,460,True,mild,tolerant,460,-2.1848544040015767,True
A460W,-4.34725331617288,460,True,mild,tolerant,460,-2.1848544040015767,True
A460Y,-4.34725331617288,460,True,mild,tolerant,460,-2.1848544040015767,True
E461A,-4.61650759502329,461,True,mild,sensitive,461,-2.7164009332606978,True
E461C,-4.61650759502329,461,True,mild,sensitive,461,-2.7164009332606978,True
E461D,-2.16354380285235,461,True,neutral,sensitive,461,-1.2730516054071115,True
E461E,0.0,461,True,neutral,sensitive,461,0.0,True
E461F,-4.89617033922664,461,True,mild,sensitive,461,-2.8809573915174065,True
E461G,-4.89617033922664,461,True,mild,sensitive,461,-2.8809573915174065,True
E461H,-3.5208647848972303,461,True,neutral,sensitive,461,-2.071713344063352,True
E461I,-4.4008194516831205,461,True,mild,sensitive,461,-2.5894877934460654,True
E461K,-2.72913048104154,461,True,neutral,sensitive,461,-1.6058486709051014,True
E461L,-3.04118484100829,461,True,neutral,sensitive,461,-1.789464691716061,True
E461M,-4.4008194516831205,461,True,mild,sensitive,461,-2.5894877934460654,True
E461N,-3.5208647848972303,461,True,neutral,sensitive,461,-2.071713344063352,True
E461P,-2.87935189012191,461,True,neutral,sensitive,461,-1.6942405055165195,True
E461Q,-1.22736335705795,461,True,neutral,sensitive,461,-0.7221933247020638,True
E461R,-2.39546586038913,461,True,neutral,sensitive,461,-1.4095169486496524,True
E461S,-4.53753141137976,461,True,mild,sensitive,461,-2.66993052797296,True
E461T,-4.61650759502329,461,True,mild,sensitive,461,-2.7164009332606978,True
E461V,-4.31709330678429,461,True,mild,sensitive,461,-2.5402224617077005,True
E461W,-4.89617033922664,461,True,mild,sensitive,461,-2.8809573915174065,True
E461Y,-4.89617033922664,461,True,mild,sensitive,461,-2.8809573915174065,True
V462A,-1.74234815863652,462,True,neutral,sensitive,462,-0.8865020872908224,True
V462C,-3.9978071559248702,462,True,mild,sensitive,462,-2.0340735981762696,True
V462D,-4.13264252054815,462,True,mild,sensitive,462,-2.1026774713956704,True
V462E,-2.79440400213418,462,True,neutral,sensitive,462,-1.4217852892066958,True
V462F,-3.00429199092896,462,True,neutral,sensitive,462,-1.52857573705235,True
V462G,-4.79282910212471,462,True,mild,sensitive,462,-2.438578639981292,True
V462H,-4.13264252054815,462,True,mild,sensitive,462,-2.1026774713956704,True
V462I,-1.9194657309395,462,True,neutral,sensitive,462,-0.9766190347930642,True
V462K,-2.80243860237009,462,True,neutral,sensitive,462,-1.4258732723370335,True
V462L,-2.07520906288172,462,True,neutral,sensitive,462,-1.0558608259150235,True
V462M,-1.53188085133032,462,True,neutral,sensitive,462,-0.7794168837345861,True
V462N,-4.13264252054815,462,True,mild,sensitive,462,-2.1026774713956704,True
V462P,-2.840604668953,462,True,neutral,sensitive,462,-1.4452920650287926,True
V462Q,-4.13264252054815,462,True,mild,sensitive,462,-2.1026774713956704,True
V462R,-4.19297162068147,462,True,mild,sensitive,462,-2.133372756334828,True
V462S,-3.86633792935518,462,True,mild,sensitive,462,-1.9671824070036938,True
V462T,-2.7057231477268897,462,True,neutral,sensitive,462,-1.3766647074532088,True
V462V,0.0,462,True,neutral,sensitive,462,0.0,True
V462W,-4.34460255330262,462,True,mild,sensitive,462,-2.2105221696711936,True
V462Y,-4.34460255330262,462,True,mild,sensitive,462,-2.2105221696711936,True
I463A,-4.1376797913991,463,True,mild,sensitive,463,-2.0099335977503263,True
I463C,-4.273248234339279,463,True,mild,sensitive,463,-2.0757877918874774,True
I463D,-4.50961459153354,463,True,mild,sensitive,463,-2.1906059282957466,True
I463E,-4.50961459153354,463,True,mild,sensitive,463,-2.1906059282957466,True
I463F,-4.9718168642156115,463,True,impactful,sensitive,463,-2.4151268974512945,True
I463G,-3.28188472116696,463,True,neutral,sensitive,463,-1.5942196345712052,True
I463H,-4.50961459153354,463,True,mild,sensitive,463,-2.1906059282957466,True
I463I,0.0,463,True,neutral,sensitive,463,0.0,True
I463K,-3.1970543247576297,463,True,neutral,sensitive,463,-1.553012128807223,True
I463L,-2.03694790036855,463,True,neutral,sensitive,463,-0.9894748332937958,True
I463M,-3.43099759623908,463,True,neutral,sensitive,463,-1.6666532187474372,True
I463N,-3.15859629404951,463,True,neutral,sensitive,463,-1.534330623248421,True
I463P,-3.1374786367433702,463,True,neutral,sensitive,463,-1.524072437244367,True
I463Q,-4.50961459153354,463,True,mild,sensitive,463,-2.1906059282957466,True
I463R,-4.61420837082112,463,True,mild,sensitive,463,-2.241413763049606,True
I463S,-2.9804518789992898,463,True,neutral,sensitive,463,-1.4477945781428274,True
I463T,-3.65914074785556,463,True,neutral,sensitive,463,-1.7774768224694537,True
I463V,-1.57964496485916,463,True,neutral,sensitive,463,-0.7673337830509069,True
I463W,-4.9718168642156115,463,True,impactful,sensitive,463,-2.4151268974512945,True
I463Y,-4.9718168642156115,463,True,impactful,sensitive,463,-2.4151268974512945,True
K464A,-2.76026674520783,464,True,neutral,tolerant,464,-0.9174759396749255,True
K464C,-4.00713679226462,464,True,mild,tolerant,464,-1.331918953221362,True
K464D,-2.54764513665108,464,True,neutral,tolerant,464,-0.8468033460045951,True
K464E,-3.3457104032694,464,True,neutral,tolerant,464,-1.112069622056996,True
K464F,-4.62580257728434,464,True,mild,tolerant,464,-1.5375552285708862,True
K464G,-4.62580257728434,464,True,mild,tolerant,464,-1.5375552285708862,True
K464H,-3.83994969231356,464,True,mild,tolerant,464,-1.2763481856875978,True
K464I,-4.09583200923084,464,True,mild,tolerant,464,-1.3614000632162682,True
K464K,0.0,464,True,neutral,tolerant,464,0.0,True
K464L,-2.83259114493736,464,True,neutral,tolerant,464,-0.9415156078405033,True
K464M,-4.09583200923084,464,True,mild,tolerant,464,-1.3614000632162682,True
K464N,-2.40847417142934,464,True,neutral,tolerant,464,-0.8005447688891908,True
K464P,-2.9926139470041697,464,True,neutral,tolerant,464,-0.9947050580813372,True
K464Q,-2.63114801411536,464,True,neutral,tolerant,464,-0.874558591435171,True
K464R,-1.17415960220789,464,True,neutral,tolerant,464,-0.390275029119662,True
K464S,-3.41392619474166,464,True,neutral,tolerant,464,-1.1347436435045024,True
K464T,-3.40742707182223,464,True,neutral,tolerant,464,-1.1325834215194646,True
K464V,-4.09583200923084,464,True,mild,tolerant,464,-1.3614000632162682,True
K464W,-4.62580257728434,464,True,mild,tolerant,464,-1.5375552285708862,True
K464Y,-4.62580257728434,464,True,mild,tolerant,464,-1.5375552285708862,True
Q465A,-1.27280207780368,465,True,neutral,tolerant,465,-0.5894055377935307,True
Q465C,-3.36809425574923,465,True,neutral,tolerant,465,-1.5596874335519226,True
Q465D,-1.87744369647982,465,True,neutral,tolerant,465,-0.8694012454082772,True
Q465E,-1.09898724889138,465,True,neutral,tolerant,465,-0.5089158650485539,True
Q465F,-4.25346330233773,465,True,mild,tolerant,465,-1.9696815937993029,True
Q465G,-4.25346330233773,465,True,mild,tolerant,465,-1.9696815937993029,True
Q465H,-2.99572649498923,465,True,neutral,tolerant,465,-1.3872524382646405,True
Q465I,-3.4362403603480898,465,True,neutral,tolerant,465,-1.5912443363336453,True
Q465K,-2.00193258127386,465,True,neutral,tolerant,465,-0.9270492013402487,True
Q465L,-1.16359313162556,465,True,neutral,tolerant,465,-0.5388333720369723,True
Q465M,-3.3250670457866605,465,True,neutral,tolerant,465,-1.539762516496865,True
Q465N,-3.01969126553506,465,True,neutral,tolerant,465,-1.3983499755157087,True
Q465P,-2.6804138326634304,465,True,neutral,tolerant,465,-1.2412383544159233,True
Q465Q,0.0,465,True,neutral,tolerant,465,0.0,True
Q465R,-1.52731468973706,465,True,neutral,tolerant,465,-0.7072645085855064,True
Q465S,-2.26592138221759,465,True,neutral,tolerant,465,-1.0492963785763216,True
Q465T,-2.97648310017909,465,True,neutral,tolerant,465,-1.3783412621557707,True
Q465V,-3.4362403603480898,465,True,neutral,tolerant,465,-1.5912443363336453,True
Q465W,-4.25346330233773,465,True,mild,tolerant,465,-1.9696815937993029,True
Q465Y,-4.25346330233773,465,True,mild,tolerant,465,-1.9696815937993029,True
Q466A,-3.45628797973315,466,True,neutral,tolerant,466,-1.551156300346598,True
Q466C,-4.00640411392705,466,True,mild,tolerant,466,-1.7980443237060013,True
Q466D,-1.98586949892422,466,True,neutral,tolerant,466,-0.891243438910514,True
Q466E,-1.99395328058059,466,True,neutral,tolerant,466,-0.894871379903982,True
Q466F,-4.4204438920762685,466,True,mild,tolerant,466,-1.9838622920686533,True
Q466G,-2.8781406340959705,466,True,neutral,tolerant,466,-1.2916880780883904,True
Q466H,-0.7957909301639811,466,True,neutral,tolerant,466,-0.3571450418254335,True
Q466I,-4.10009899110869,466,True,mild,tolerant,466,-1.8400938866772336,True
Q466K,-2.00271976173284,466,True,neutral,tolerant,466,-0.8988057113459564,True
Q466L,-2.74643394889717,466,True,neutral,tolerant,466,-1.2325790988187697,True
Q466M,-4.10009899110869,466,True,mild,tolerant,466,-1.8400938866772336,True
Q466N,-3.0454810595104105,466,True,neutral,tolerant,466,-1.3667892145406628,True
Q466P,-2.6916046653615,466,True,neutral,tolerant,466,-1.2079721247765167,True
Q466Q,0.0,466,True,neutral,tolerant,466,0.0,True
Q466R,-2.35619485690391,466,True,neutral,tolerant,466,-1.0574427011180156,True
Q466S,-4.00640411392705,466,True,mild,tolerant,466,-1.7980443237060013,True
Q466T,-4.00640411392705,466,True,mild,tolerant,466,-1.7980443237060013,True
Q466V,-4.10009899110869,466,True,mild,tolerant,466,-1.8400938866772336,True
Q466W,-4.4204438920762685,466,True,mild,tolerant,466,-1.9838622920686533,True
Q466Y,-4.4204438920762685,466,True,mild,tolerant,466,-1.9838622920686533,True
E467A,-3.35987427343054,467,True,neutral,sensitive,467,-1.732857011286153,True
E467C,-4.69669334178083,467,True,mild,sensitive,467,-2.4223221837572004,True
E467D,-2.02658014413072,467,True,neutral,sensitive,467,-1.045209828076271,True
E467E,0.0,467,True,neutral,sensitive,467,0.0,True
E467F,-5.06284140843982,467,True,impactful,sensitive,467,-2.611163251262704,True
E467G,-5.06284140843982,467,True,impactful,sensitive,467,-2.611163251262704,True
E467H,-3.512928690954669,467,True,neutral,sensitive,467,-1.8117949116154428,True
E467I,-4.87976737511033,467,True,mild,sensitive,467,-2.516742717509955,True
E467K,-2.74976231524621,467,True,neutral,sensitive,467,-1.4181914320501277,True
E467L,-4.87976737511033,467,True,mild,sensitive,467,-2.516742717509955,True
E467M,-4.87976737511033,467,True,mild,sensitive,467,-2.516742717509955,True
E467N,-2.96172775139223,467,True,neutral,sensitive,467,-1.5275127227545346,True
E467P,-3.14251165037204,467,True,neutral,sensitive,467,-1.6207521184522047,True
E467Q,-1.8536558667768,467,True,neutral,sensitive,467,-0.956024036570931,True
E467R,-2.30686967393533,467,True,neutral,sensitive,467,-1.1897693078023086,True
E467S,-4.4446807226767495,467,True,mild,sensitive,467,-2.2923465363347733,True
E467T,-4.69669334178083,467,True,mild,sensitive,467,-2.4223221837572004,True
E467V,-4.87976737511033,467,True,mild,sensitive,467,-2.516742717509955,True
E467W,-5.06284140843982,467,True,impactful,sensitive,467,-2.611163251262704,True
E467Y,-5.06284140843982,467,True,impactful,sensitive,467,-2.611163251262704,True
S468A,-0.8077893679389341,468,True,neutral,tolerant,468,-0.48128052359871715,True
S468C,-1.53587370024823,468,True,neutral,tolerant,468,-0.9150728246436229,True
S468D,-1.4934756049041,468,True,neutral,tolerant,468,-0.8898120594779767,True
S468E,-0.99361897802307,468,True,neutral,tolerant,468,-0.5919977174504186,True
S468F,-2.8116248161528303,468,True,neutral,tolerant,468,-1.675164736487936,True
S468G,-1.17721092995621,468,True,neutral,tolerant,468,-0.7013817156334347,True
S468H,-2.61592262667282,468,True,neutral,tolerant,468,-1.558565464498663,True
S468I,-2.72713101949813,468,True,neutral,tolerant,468,-1.6248233723789054,True
S468K,-1.19292251484318,468,True,neutral,tolerant,468,-0.7107426704826675,True
S468L,-0.99049170309386,468,True,neutral,tolerant,468,-0.5901344885257701,True
S468M,-2.5120149803394902,468,True,neutral,tolerant,468,-1.4966573379274852,True
S468N,-0.308910114094853,468,True,neutral,tolerant,468,-0.18404849996459646,True
S468P,-2.13878669088052,468,True,neutral,tolerant,468,-1.2742880994823391,True
S468Q,-1.00526412765074,468,True,neutral,tolerant,468,-0.5989358920942499,True
S468R,-0.941078654691717,468,True,neutral,tolerant,468,-0.5606942176439307,True
S468S,0.0,468,True,neutral,tolerant,468,0.0,True
S468T,-0.24488905576472605,468,True,neutral,tolerant,468,-0.1459047836724593,True
S468V,-2.3705091576587205,468,True,neutral,tolerant,468,-1.4123482356601025,True
S468W,-3.1735751810647703,468,True,neutral,tolerant,468,-1.8908145928187192,True
S468Y,-3.1735751810647703,468,True,neutral,tolerant,468,-1.8908145928187192,True
A469A,0.0,469,True,neutral,tolerant,469,0.0,True
A469C,-1.65545539090453,469,True,neutral,tolerant,469,-0.9770612813385823,True
A469D,-2.15570052166784,469,True,neutral,tolerant,469,-1.272309435491456,True
A469E,-2.19991742320082,469,True,neutral,tolerant,469,-1.2984065581961817,True
A469F,-3.62699978042074,469,True,neutral,tolerant,469,-2.140680487280503,True
A469G,-1.21457367682267,469,True,neutral,tolerant,469,-0.7168498284378771,True
A469H,-3.22490573364133,469,True,neutral,tolerant,469,-1.903361785294674,True
A469I,-3.1767612891963304,469,True,neutral,tolerant,469,-1.8749465994568588,True
A469K,-2.10160450374971,469,True,neutral,tolerant,469,-1.2403815896112216,True
A469L,-2.89336676564942,469,True,neutral,tolerant,469,-1.7076851813465295,True
A469M,-3.23867395107527,469,True,neutral,tolerant,469,-1.9114878829483253,True
A469N,-2.7991089897769506,469,True,neutral,tolerant,469,-1.6520535866952477,True
A469P,-2.57423283646729,469,True,neutral,tolerant,469,-1.519330117550497,True
A469Q,-2.13330635776187,469,True,neutral,tolerant,469,-1.2590922442577388,True
A469R,-2.13595149619998,469,True,neutral,tolerant,469,-1.2606534233543532,True
A469S,-0.557551254019347,469,True,neutral,tolerant,469,-0.3290706265219399,True
A469T,-0.927343606505917,469,True,neutral,tolerant,469,-0.5473246439571783,True
A469V,-1.86193162559635,469,True,neutral,tolerant,469,-1.0989249905888365,True
A469W,-3.62699978042074,469,True,neutral,tolerant,469,-2.140680487280503,True
A469Y,-3.62699978042074,469,True,neutral,tolerant,469,-2.140680487280503,True
Q470A,-0.7336258493695781,470,True,neutral,tolerant,470,-0.35748146639788525,True
Q470C,-2.55482054082346,470,True,neutral,tolerant,470,-1.2449138673369127,True
Q470D,-1.60103487655643,470,True,neutral,tolerant,470,-0.7801528475548881,True
Q470E,-1.60185080212937,470,True,neutral,tolerant,470,-0.7805504320600372,True
Q470F,-3.20836750309886,470,True,neutral,tolerant,470,-1.5633744649765102,True
Q470G,-1.35694683656893,470,True,neutral,tolerant,470,-0.6612135400865116,True
Q470H,-1.6265491820005602,470,True,neutral,tolerant,470,-0.792585467441618,True
Q470I,-2.8680675690872204,470,True,neutral,tolerant,470,-1.3975529913600586,True
Q470K,-0.620772692711486,470,True,neutral,tolerant,470,-0.3024903398387099,True
Q470L,-2.86272485091476,470,True,neutral,tolerant,470,-1.39494958973717,True
Q470M,-2.00366074290919,470,True,neutral,tolerant,470,-0.9763445237849272,True
Q470N,-1.13188701854771,470,True,neutral,tolerant,470,-0.5515463114268295,True
Q470P,-3.4114349985362704,470,True,neutral,tolerant,470,-1.6623252668179287,True
Q470Q,0.0,470,True,neutral,tolerant,470,0.0,True
Q470R,-0.62184570893696,470,True,neutral,tolerant,470,-0.3030131995690217,True
Q470S,-0.9641684960401792,470,True,neutral,tolerant,470,-0.46982036976378616,True
Q470T,-1.62830915764635,470,True,neutral,tolerant,470,-0.7934430690040795,True
Q470V,-1.99052536186818,470,True,neutral,tolerant,470,-0.9699439106109634,True
Q470W,-3.20836750309886,470,True,neutral,tolerant,470,-1.5633744649765102,True
Q470Y,-3.20836750309886,470,True,neutral,tolerant,470,-1.5633744649765102,True
R471A,-2.14934982665784,471,True,neutral,tolerant,471,-0.8324960247716658,True
R471C,-3.27896895427528,471,True,neutral,tolerant,471,-1.2700252820307547,True
R471D,-1.53795844661794,471,True,neutral,tolerant,471,-0.5956891136071273,True
R471E,-2.24953912901575,471,True,neutral,tolerant,471,-0.8713018045024145,True
R471F,-4.10806004454726,471,True,mild,tolerant,471,-1.5911526426234641,True
R471G,-3.7209134838898894,471,True,neutral,tolerant,471,-1.4412012625577793,True
R471H,-3.39022677513151,471,True,neutral,tolerant,471,-1.3131181710704103,True
R471I,-2.49426858053489,471,True,neutral,tolerant,471,-0.9660915371961548,True
R471K,-0.6085120421197321,471,True,neutral,tolerant,471,-0.2356916728060433,True
R471L,-3.58579845413177,471,True,neutral,tolerant,471,-1.3888678900348679,True
R471M,-3.58579845413177,471,True,neutral,tolerant,471,-1.3888678900348679,True
R471N,-1.45270815944726,471,True,neutral,tolerant,471,-0.5626695817003131,True
R471P,-2.72080000311655,471,True,neutral,tolerant,471,-1.0538327259250029,True
R471Q,-2.22848334943552,471,True,neutral,tolerant,471,-0.8631463834622449,True
R471R,0.0,471,True,neutral,tolerant,471,0.0,True
R471S,-2.08025730866677,471,True,neutral,tolerant,471,-0.8057347940703469,True
R471T,-1.57553594532481,471,True,neutral,tolerant,471,-0.6102438026141633,True
R471V,-3.0672970951763,471,True,neutral,tolerant,471,-1.1880395675275282,True
R471W,-4.10806004454726,471,True,mild,tolerant,471,-1.5911526426234641,True
R471Y,-4.10806004454726,471,True,mild,tolerant,471,-1.5911526426234641,True
A472A,0.0,472,True,neutral,tolerant,472,0.0,True
A472C,-2.69597330245195,472,True,neutral,tolerant,472,-1.232440644416623,True
A472D,-2.01048054732863,472,True,neutral,tolerant,472,-0.9190736195656161,True
A472E,-1.9420900318136496,472,True,neutral,tolerant,472,-0.8878094928264495,True
A472F,-3.60125797651259,472,True,neutral,tolerant,472,-1.6462836250073671,True
A472G,-1.35449474493725,472,True,neutral,tolerant,472,-0.6191954403966676,True
A472H,-2.98179172390117,472,True,neutral,tolerant,472,-1.3631000390021137,True
A472I,-2.97096646529615,472,True,neutral,tolerant,472,-1.3581513665953753,True
A472K,-0.7375997997213009,472,True,neutral,tolerant,472,-0.3371873051054792,True
A472L,-2.57657259730831,472,True,neutral,tolerant,472,-1.1778576550905817,True
A472M,-2.05936580898456,472,True,neutral,tolerant,472,-0.9414210898921638,True
A472N,-2.8373948910642097,472,True,neutral,tolerant,472,-1.297090288255899,True
A472P,-2.09396580454102,472,True,neutral,tolerant,472,-0.9572381756109404,True
A472Q,-1.50351379968988,472,True,neutral,tolerant,472,-0.6873181995139978,True
A472R,-1.41286977228367,472,True,neutral,tolerant,472,-0.6458810742103364,True
A472S,-1.6124959442442,472,True,neutral,tolerant,472,-0.7371384348784485,True
A472T,-0.562123854830881,472,True,neutral,tolerant,472,-0.256970009777044,True
A472V,-1.35472323281747,472,True,neutral,tolerant,472,-0.6192998916351438,True
A472W,-3.60125797651259,472,True,neutral,tolerant,472,-1.6462836250073671,True
A472Y,-3.60125797651259,472,True,neutral,tolerant,472,-1.6462836250073671,True
L473A,-1.44184412195538,473,True,neutral,tolerant,473,-0.4736986810427408,True
L473C,-2.73288240960234,473,True,neutral,tolerant,473,-0.897852113942729,True
L473D,-2.7375327845729,473,True,neutral,tolerant,473,-0.8993799326967569,True
L473E,-1.17652452633724,473,True,neutral,tolerant,473,-0.38653146193401966,True
L473F,-3.01003155084521,473,True,neutral,tolerant,473,-0.9889057726980397,True
L473G,-2.13773018602276,473,True,neutral,tolerant,473,-0.7023227782563115,True
L473H,-1.10093395192813,473,True,neutral,tolerant,473,-0.3616971855711226,True
L473I,-1.04961594680997,473,True,neutral,tolerant,473,-0.34483733854046744,True
L473K,-1.10965930630966,473,True,neutral,tolerant,473,-0.3645637845322891,True
L473L,0.0,473,True,neutral,tolerant,473,0.0,True
L473M,-1.0443738496184,473,True,neutral,tolerant,473,-0.34311511733241,True
L473N,-2.7375327845729,473,True,neutral,tolerant,473,-0.8993799326967569,True
L473P,-2.02318699634534,473,True,neutral,tolerant,473,-0.6646911389921182,True
L473Q,-0.8375397432062021,473,True,neutral,tolerant,473,-0.27516252668118274,True
L473R,-1.76877652276452,473,True,neutral,tolerant,473,-0.5811079666202972,True
L473S,-0.824926849963619,473,True,neutral,tolerant,473,-0.27101872860886284,True
L473T,-1.13168735960925,473,True,neutral,tolerant,473,-0.3718008080323078,True
L473V,-0.86961364603302,473,True,neutral,tolerant,473,-0.2856999802336181,True
L473W,-1.9141631792681295,473,True,neutral,tolerant,473,-0.628872816078209,True
L473Y,-2.9616150649825097,473,True,neutral,tolerant,473,-0.9729991811708071,True
Q474A,-1.11580572042755,474,True,neutral,tolerant,474,-0.36082133522488496,True
Q474C,-1.6127196721663302,474,True,neutral,tolerant,474,-0.521509842440602,True
Q474D,-1.68327124329699,474,True,neutral,tolerant,474,-0.5443243088226383,True
Q474E,-2.04434825365539,474,True,neutral,tolerant,474,-0.661086829942001,True
Q474F,-3.39771007794995,474,True,neutral,tolerant,474,-1.0987273721478934,True
Q474G,-2.02807311625496,474,True,neutral,tolerant,474,-0.6558238915108003,True
Q474H,-0.527109090719152,474,True,neutral,tolerant,474,-0.1704527969704102,True
Q474I,-3.04511115894113,474,True,neutral,tolerant,474,-0.9847064360418624,True
Q474K,-1.07828083039179,474,True,neutral,tolerant,474,-0.3486868025916575,True
Q474L,-2.14189154072429,474,True,neutral,tolerant,474,-0.6926296858694098,True
Q474M,-2.05394155125743,474,True,neutral,tolerant,474,-0.6641890424388606,True
Q474N,-1.57091688207068,474,True,neutral,tolerant,474,-0.5079919528453968,True
Q474P,-1.4095337637276202,474,True,neutral,tolerant,474,-0.4558050253388896,True
Q474Q,0.0,474,True,neutral,tolerant,474,0.0,True
Q474R,-1.0675112476502,474,True,neutral,tolerant,474,-0.34520421135422746,True
Q474S,-2.7641429078122206,474,True,neutral,tolerant,474,-0.8938489169665096,True
Q474T,-1.1482502730905,474,True,neutral,tolerant,474,-0.3713130244126174,True
Q474V,-3.04511115894113,474,True,neutral,tolerant,474,-0.9847064360418624,True
Q474W,-3.39771007794995,474,True,neutral,tolerant,474,-1.0987273721478934,True
Q474Y,-3.39771007794995,474,True,neutral,tolerant,474,-1.0987273721478934,True
N475A,-2.03108200497631,475,True,neutral,tolerant,475,-0.5949542951599328,True
N475C,-3.25800376588668,475,True,neutral,tolerant,475,-0.9543501096520841,True
N475D,-1.83353991936324,475,True,neutral,tolerant,475,-0.537089318747167,True
N475E,-2.9499186423335098,475,True,neutral,tolerant,475,-0.8641043356834575,True
N475F,-4.11135048032969,475,True,mild,tolerant,475,-1.2043165274405214,True
N475G,-3.72666341816711,475,True,neutral,tolerant,475,-1.091632145733958,True
N475H,-1.41369577347464,475,True,neutral,tolerant,475,-0.4141065552338398,True
N475I,-3.3434979697168,475,True,neutral,tolerant,475,-0.9793934824235355,True
N475K,-1.17120086223991,475,True,neutral,tolerant,475,-0.34307378125423277,True
N475L,-2.25415846116775,475,True,neutral,tolerant,475,-0.6602989220312155,True
N475M,-3.49683391593247,475,True,neutral,tolerant,475,-1.0243093841842275,True
N475N,0.0,475,True,neutral,tolerant,475,0.0,True
N475P,-2.5671289329060496,475,True,neutral,tolerant,475,-0.7519757356520932,True
N475Q,-1.9207650496859696,475,True,neutral,tolerant,475,-0.5626397228196004,True
N475R,-1.68874156753496,475,True,neutral,tolerant,475,-0.49467429013618824,True
N475S,-1.89309450860729,475,True,neutral,tolerant,475,-0.5545343350391834,True
N475T,-1.2428249495638102,475,True,neutral,tolerant,475,-0.36405425288750964,True
N475V,-2.31302885971794,475,True,neutral,tolerant,475,-0.6775435218993637,True
N475W,-4.11135048032969,475,True,mild,tolerant,475,-1.2043165274405214,True
N475Y,-4.11135048032969,475,True,mild,tolerant,475,-1.2043165274405214,True
G476A,-1.35722191780135,476,True,neutral,tolerant,476,-0.5910232756999765,True
G476C,-3.4747396331132,476,True,neutral,tolerant,476,-1.5131291156084032,True
G476D,-3.2953396373546404,476,True,neutral,tolerant,476,-1.4350066127493648,True
G476E,-3.4422125514984,476,True,neutral,tolerant,476,-1.4989646948362407,True
G476F,-2.63798119151283,476,True,neutral,tolerant,476,-1.1487497104147406,True
G476G,0.0,476,True,neutral,tolerant,476,0.0,True
G476H,-3.4422125514984,476,True,neutral,tolerant,476,-1.4989646948362407,True
G476I,-2.01595717323862,476,True,neutral,tolerant,476,-0.8778797310674914,True
G476K,-1.46351144690188,476,True,neutral,tolerant,476,-0.6373086950832477,True
G476L,-3.6020245654483,476,True,neutral,tolerant,476,-1.5685573080574375,True
G476M,-2.417812775234009,476,True,neutral,tolerant,476,-1.052873968291756,True
G476N,-3.25416580316594,476,True,neutral,tolerant,476,-1.4170768298331304,True
G476P,-2.7179552553020097,476,True,neutral,tolerant,476,-1.183575653417702,True
G476Q,-3.29284452768627,476,True,neutral,tolerant,476,-1.4339200786534374,True
G476R,-1.72647758435536,476,True,neutral,tolerant,476,-0.7518213668264946,True
G476S,-1.77093081900397,476,True,neutral,tolerant,476,-0.7711792153941351,True
G476T,-2.24202405543631,476,True,neutral,tolerant,476,-0.9763240514039947,True
G476V,-1.5232804560191298,476,True,neutral,tolerant,476,-0.663336034526044,True
G476W,-3.284137556965661,476,True,neutral,tolerant,476,-1.4301284935860121,True
G476Y,-3.8677863532596897,476,True,mild,tolerant,476,-1.6842873889882108,True
Q477A,-2.7100425187958104,477,True,neutral,tolerant,477,-1.0531995736798672,True
Q477C,-3.1382289818079503,477,True,neutral,tolerant,477,-1.2196050072375149,True
Q477D,-1.85246515046855,477,True,neutral,tolerant,477,-0.7199206260413984,True
Q477E,-1.7397991164125002,477,True,neutral,tolerant,477,-0.6761354019303174,True
Q477F,-2.1489738058471,477,True,neutral,tolerant,477,-0.8351523197403741,True
Q477G,-1.69348598314329,477,True,neutral,tolerant,477,-0.6581368015848937,True
Q477H,-0.699799189828441,477,True,neutral,tolerant,477,-0.27196186158596664,True
Q477I,-3.18759005208107,477,True,neutral,tolerant,477,-1.238788122560418,True
Q477K,-1.10386659130755,477,True,neutral,tolerant,477,-0.42899394208809316,True
Q477L,-3.1268552813419803,477,True,neutral,tolerant,477,-1.2151848638638068,True
Q477M,-3.3176003531680696,477,True,neutral,tolerant,477,-1.2893138219651867,True
Q477N,-2.64780233889555,477,True,neutral,tolerant,477,-1.0290112701820167,True
Q477P,-1.8069189844653504,477,True,neutral,tolerant,477,-0.7022200909816617,True
Q477Q,0.0,477,True,neutral,tolerant,477,0.0,True
Q477R,-1.84430556888854,477,True,neutral,tolerant,477,-0.7167495806493537,True
Q477S,-1.6162670803575,477,True,neutral,tolerant,477,-0.6281273405044978,True
Q477T,-1.31268644999584,477,True,neutral,tolerant,477,-0.5101472762594408,True
Q477V,-2.3175863632513,477,True,neutral,tolerant,477,-0.9006799534743583,True
Q477W,-3.25986831486844,477,True,neutral,tolerant,477,-1.2668775104670715,True
Q477Y,-3.25986831486844,477,True,neutral,tolerant,477,-1.2668775104670715,True
K478A,-2.80693914576082,478,True,neutral,tolerant,478,-0.7152526495468712,True
K478C,-3.31387041701416,478,True,neutral,tolerant,478,-0.8444267841018392,True
K478D,-2.66704200100887,478,True,neutral,tolerant,478,-0.6796046364437041,True
K478E,-1.92135589064972,478,True,neutral,tolerant,478,-0.48959197907270957,True
K478F,-3.9221915101099514,478,True,mild,tolerant,478,-0.9994366546468164,True
K478G,-3.42149850470599,478,True,neutral,tolerant,478,-0.871852129251735,True
K478H,-2.12563816319551,478,True,neutral,tolerant,478,-0.5416463447380644,True
K478I,-3.31286547314663,478,True,neutral,tolerant,478,-0.8441707084526815,True
K478K,0.0,478,True,neutral,tolerant,478,0.0,True
K478L,-1.6941339466158,478,True,neutral,tolerant,478,-0.431692220985364,True
K478M,-3.37696226581144,478,True,neutral,tolerant,478,-0.8605035886471809,True
K478N,-1.3098023216823602,478,True,neutral,tolerant,478,-0.33375842236580494,True
K478P,-2.37942026592409,478,True,neutral,tolerant,478,-0.606314052856472,True
K478Q,-1.04761091667939,478,True,neutral,tolerant,478,-0.2669478905450446,True
K478R,-0.16622116861105998,478,True,neutral,tolerant,478,-0.04235579222990698,True
K478S,-3.20423274387294,478,True,neutral,tolerant,478,-0.8164893646808149,True
K478T,-1.77411445655314,478,True,neutral,tolerant,478,-0.452072524466894,True
K478V,-2.37193682863156,478,True,neutral,tolerant,478,-0.6044071542479704,True
K478W,-3.9221915101099514,478,True,mild,tolerant,478,-0.9994366546468164,True
K478Y,-3.9221915101099514,478,True,mild,tolerant,478,-0.9994366546468164,True
K479A,-1.7606561502749198,479,True,neutral,tolerant,479,-0.3451397706824287,True
K479C,-3.34226936422664,479,True,neutral,tolerant,479,-0.6551819228007506,True
K479D,-3.60975638522641,479,True,neutral,tolerant,479,-0.7076171521747378,True
K479E,-2.27785522043492,479,True,neutral,tolerant,479,-0.4465258184035097,True
K479F,-4.08497211681268,479,True,mild,tolerant,479,-0.8007732454861759,True
K479G,-1.32640656248772,479,True,neutral,tolerant,479,-0.260014232044796,True
K479H,-3.60975638522641,479,True,neutral,tolerant,479,-0.7076171521747378,True
K479I,-3.4598425130149,479,True,neutral,tolerant,479,-0.6782296766764037,True
K479K,0.0,479,True,neutral,tolerant,479,0.0,True
K479L,-2.2576340016606404,479,True,neutral,tolerant,479,-0.44256187188869234,True
K479M,-3.4598425130149,479,True,neutral,tolerant,479,-0.6782296766764037,True
K479N,-3.5428086309731603,479,True,neutral,tolerant,479,-0.6944934468180375,True
K479P,-2.6430208708807403,479,True,neutral,tolerant,479,-0.5181088977210078,True
K479Q,-3.60975638522641,479,True,neutral,tolerant,479,-0.7076171521747378,True
K479R,-1.77878388765534,479,True,neutral,tolerant,479,-0.3486933340068135,True
K479S,-1.3559025552934,479,True,neutral,tolerant,479,-0.2657963037976555,True
K479T,-3.08315267835564,479,True,neutral,tolerant,479,-0.6043875223566074,True
K479V,-2.37164913793924,479,True,neutral,tolerant,479,-0.4649121519154751,True
K479W,-4.08497211681268,479,True,mild,tolerant,479,-0.8007732454861759,True
K479Y,-4.08497211681268,479,True,mild,tolerant,479,-0.8007732454861759,True
K480A,-3.03760043965883,480,True,neutral,tolerant,480,-0.46811891486184903,True
K480C,-3.5271549539749905,480,True,neutral,tolerant,480,-0.5435632442131906,True
K480D,-2.67014842727873,480,True,neutral,tolerant,480,-0.4114915734072584,True
K480E,-1.9060702016106497,480,True,neutral,tolerant,480,-0.2937409090343359,True
K480F,-4.404567716963991,480,True,mild,tolerant,480,-0.6787796818768879,True
K480G,-2.71169243189472,480,True,neutral,tolerant,480,-0.4178938421539792,True
K480H,-3.80621633085536,480,True,mild,tolerant,480,-0.5865688703711076,True
K480I,-3.95062579739236,480,True,mild,tolerant,480,-0.6088235428054688,True
K480K,0.0,480,True,neutral,tolerant,480,0.0,True
K480L,-3.83255780833107,480,True,mild,tolerant,480,-0.5906283061319123,True
K480M,-3.95062579739236,480,True,mild,tolerant,480,-0.6088235428054688,True
K480N,-3.70013061736247,480,True,neutral,tolerant,480,-0.5702201997446923,True
K480P,-2.32743836247315,480,True,neutral,tolerant,480,-0.3586771671560397,True
K480Q,-3.80621633085536,480,True,mild,tolerant,480,-0.5865688703711076,True
K480R,-1.93518056519447,480,True,neutral,tolerant,480,-0.29822705264762245,True
K480S,-1.4238871458225102,480,True,neutral,tolerant,480,-0.21943258135129604,True
K480T,-1.10398491394602,480,True,neutral,tolerant,480,-0.17013304751770017,True
K480V,-2.46826369799129,480,True,neutral,tolerant,480,-0.3803794958715345,True
K480W,-4.404567716963991,480,True,mild,tolerant,480,-0.6787796818768879,True
K480Y,-4.404567716963991,480,True,mild,tolerant,480,-0.6787796818768879,True
K481A,-2.9415007403365,481,True,neutral,sensitive,481,-0.3496433512716232,True
K481C,-4.160358228793109,481,True,mild,sensitive,481,-0.4945236197490435,True
K481D,-3.6323094000652496,481,True,neutral,sensitive,481,-0.43175676078495456,True
K481E,-2.77351949468123,481,True,neutral,sensitive,481,-0.3296761539575843,True
K481F,-4.80231375397859,481,True,mild,sensitive,481,-0.5708300704377178,True
K481G,-2.9140711453314503,481,True,neutral,sensitive,481,-0.3463829150629647,True
K481H,-4.06537956627281,481,True,mild,sensitive,481,-0.4832339207843256,True
K481I,-4.32707827008253,481,True,mild,sensitive,481,-0.5143409032061634,True
K481K,0.0,481,True,neutral,sensitive,481,0.0,True
K481L,-3.84124377974174,481,True,mild,sensitive,481,-0.456591878350687,True
K481M,-4.455352001277499,481,True,mild,sensitive,481,-0.5295882416277046,True
K481N,-3.93384727483589,481,True,mild,sensitive,481,-0.46759925153274506,True
K481P,-4.80231375397859,481,True,mild,sensitive,481,-0.5708300704377178,True
K481Q,-2.75458386347275,481,True,neutral,sensitive,481,-0.3274253581432616,True
K481R,-1.33465761297847,481,True,neutral,sensitive,481,-0.15864492372984862,True
K481S,-2.7571060504024203,481,True,neutral,sensitive,481,-0.32772515949246084,True
K481T,-2.8935890465020697,481,True,neutral,sensitive,481,-0.34394829739397104,True
K481V,-4.455352001277499,481,True,mild,sensitive,481,-0.5295882416277046,True
K481W,-4.80231375397859,481,True,mild,sensitive,481,-0.5708300704377178,True
K481Y,-4.80231375397859,481,True,mild,sensitive,481,-0.5708300704377178,True
G482A,-1.19099615601023,482,True,neutral,tolerant,482,-0.4143160173672831,True
G482C,-3.25385964763721,482,True,neutral,tolerant,482,-1.1319315880895087,True
G482D,-2.55948534220726,482,True,neutral,tolerant,482,-0.8903771587690507,True
G482E,-3.70774670418392,482,True,neutral,tolerant,482,-1.289826873186782,True
G482F,-3.90584860112668,482,True,mild,tolerant,482,-1.3587412761091062,True
G482G,0.0,482,True,neutral,tolerant,482,0.0,True
G482H,-3.70774670418392,482,True,neutral,tolerant,482,-1.289826873186782,True
G482I,-3.672427700421901,482,True,neutral,tolerant,482,-1.277540327254442,True
G482K,-3.2069755198715697,482,True,neutral,tolerant,482,-1.115621841835859,True
G482L,-3.51391690815997,482,True,neutral,tolerant,482,-1.2223986210211502,True
G482M,-2.0962663502177,482,True,neutral,tolerant,482,-0.7292355405014319,True
G482N,-2.14676478859228,482,True,neutral,tolerant,482,-0.746802609685527,True
G482P,-4.27708851578335,482,True,mild,tolerant,482,-1.487885809575594,True
G482Q,-3.70774670418392,482,True,neutral,tolerant,482,-1.289826873186782,True
G482R,-2.57368634588559,482,True,neutral,tolerant,482,-0.895317311813989,True
G482S,-1.40704873442045,482,True,neutral,tolerant,482,-0.4894749869215779,True
G482T,-1.164672174268,482,True,neutral,tolerant,482,-0.40515860134906034,True
G482V,-1.62174995821641,482,True,neutral,tolerant,482,-0.5641638559982132,True
G482W,-4.02537446820371,482,True,mild,tolerant,482,-1.4003211594444314,True
G482Y,-4.02537446820371,482,True,mild,tolerant,482,-1.4003211594444314,True
K483A,-4.21067378662016,483,True,mild,sensitive,483,-0.7189279125510484,True
K483C,-4.21067378662016,483,True,mild,sensitive,483,-0.7189279125510484,True
K483D,-3.94861438790918,483,True,mild,sensitive,483,-0.6741840482606506,True
K483E,-2.4533874554912405,483,True,neutral,sensitive,483,-0.41888990015325467,True
K483F,-4.8657618525158295,483,True,mild,sensitive,483,-0.8307772553445945,True
K483G,-3.41565098924222,483,True,neutral,sensitive,483,-0.5831861977771279,True
K483H,-3.9601646715447,483,True,mild,sensitive,483,-0.6761561367491588,True
K483I,-4.4547114096801605,483,True,mild,sensitive,483,-0.7605947496942964,True
K483K,0.0,483,True,neutral,sensitive,483,0.0,True
K483L,-4.34837566875911,483,True,mild,sensitive,483,-0.742439049176042,True
K483M,-4.4547114096801605,483,True,mild,sensitive,483,-0.7605947496942964,True
K483N,-2.50349863578467,483,True,neutral,sensitive,483,-0.42744585296971405,True
K483P,-2.2488078807332004,483,True,neutral,sensitive,483,-0.38396010647065354,True
K483Q,-2.7963429904761297,483,True,neutral,sensitive,483,-0.47744592214859055,True
K483R,-1.20366628179809,483,True,neutral,sensitive,483,-0.20551325779045562,True
K483S,-2.8451482898354703,483,True,neutral,sensitive,483,-0.48577890963893805,True
K483T,-4.21067378662016,483,True,mild,sensitive,483,-0.7189279125510484,True
K483V,-3.21091964624794,483,True,neutral,sensitive,483,-0.5482304912770537,True
K483W,-4.8657618525158295,483,True,mild,sensitive,483,-0.8307772553445945,True
K483Y,-4.8657618525158295,483,True,mild,sensitive,483,-0.8307772553445945,True
K484A,-2.42169137600799,484,True,neutral,tolerant,484,-0.2371178281760226,True
K484C,-3.56995062600028,484,True,neutral,tolerant,484,-0.34954864501694694,True
K484D,-1.87403335295328,484,True,neutral,tolerant,484,-0.18349436389133228,True
K484E,-1.34896261508852,484,True,neutral,tolerant,484,-0.13208251420860756,True
K484F,-4.19529747530037,484,True,mild,tolerant,484,-0.4107789439030039,True
K484G,-2.1857382622626003,484,True,neutral,tolerant,484,-0.21401468198779738,True
K484H,-1.4683253366399598,484,True,neutral,tolerant,484,-0.14376981242499406,True
K484I,-3.79982032525235,484,True,mild,tolerant,484,-0.3720561389074262,True
K484K,0.0,484,True,neutral,tolerant,484,0.0,True
K484L,-2.50684409140725,484,True,neutral,tolerant,484,-0.24545548306417247,True
K484M,-3.79982032525235,484,True,mild,tolerant,484,-0.3720561389074262,True
K484N,-1.73087073129646,484,True,neutral,tolerant,484,-0.16947671892651048,True
K484P,-2.66614914926303,484,True,neutral,tolerant,484,-0.26105370078524576,True
K484Q,-1.8064607356158304,484,True,neutral,tolerant,484,-0.17687804918419653,True
K484R,-1.50677665099168,484,True,neutral,tolerant,484,-0.14753473979762363,True
K484S,-1.94276569423271,484,True,neutral,tolerant,484,-0.19022423197076416,True
K484T,-2.41397001419738,484,True,neutral,tolerant,484,-0.23636179767550886,True
K484V,-2.6892874893604497,484,True,neutral,tolerant,484,-0.26331927145451184,True
K484W,-4.19529747530037,484,True,mild,tolerant,484,-0.4107789439030039,True
K484Y,-4.19529747530037,484,True,mild,tolerant,484,-0.4107789439030039,True
V485A,-0.123440868435306,485,True,neutral,tolerant,485,-0.033768225139162576,True
V485C,-1.8273056467399904,485,True,neutral,tolerant,485,-0.4998739012397496,True
V485D,-1.96565674318545,485,True,neutral,tolerant,485,-0.5377209370897019,True
V485E,-1.06632383871222,485,True,neutral,tolerant,485,-0.29170131345731465,True
V485F,-2.26809444644194,485,True,neutral,tolerant,485,-0.6204551610431636,True
V485G,-0.334448694877649,485,True,neutral,tolerant,485,-0.09149108370090953,True
V485H,-2.03414206018035,485,True,neutral,tolerant,485,-0.5564556368072653,True
V485I,-0.6308008656319011,485,True,neutral,tolerant,485,-0.1725605621431634,True
V485K,-0.8342018373174259,485,True,neutral,tolerant,485,-0.2282025054676381,True
V485L,-0.8039067723162929,485,True,neutral,tolerant,485,-0.21991505100842088,True
V485M,-1.81575710622764,485,True,neutral,tolerant,485,-0.4967147067120947,True
V485N,-1.82464259967182,485,True,neutral,tolerant,485,-0.4991454036676405,True
V485P,-2.09543431552776,485,True,neutral,tolerant,485,-0.5732226176629055,True
V485Q,-1.40718978458159,485,True,neutral,tolerant,485,-0.3849478868838697,True
V485R,-2.04960461710132,485,True,neutral,tolerant,485,-0.5606855414567783,True
V485S,-0.37833210749801294,485,True,neutral,tolerant,485,-0.1034957380428858,True
V485T,-0.644516255450152,485,True,neutral,tolerant,485,-0.1763125154235051,True
V485V,0.0,485,True,neutral,tolerant,485,0.0,True
V485W,-2.32259370269305,485,True,neutral,tolerant,485,-0.6353638633095356,True
V485Y,-2.32259370269305,485,True,neutral,tolerant,485,-0.6353638633095356,True
K486A,-1.83740671920498,486,True,neutral,tolerant,486,-0.2933165508145666,True
K486C,-3.4226819915970403,486,True,neutral,tolerant,486,-0.5463838059462204,True
K486D,-1.83308868080257,486,True,neutral,tolerant,486,-0.29262723575043764,True
K486E,-1.47106126707199,486,True,neutral,tolerant,486,-0.23483457004073668,True
K486F,-3.85009811052638,486,True,mild,tolerant,486,-0.6146148733830193,True
K486G,-4.08577241869146,486,True,mild,tolerant,486,-0.6522370146672859,True
K486H,-3.1990466133869,486,True,neutral,tolerant,486,-0.510683513196071,True
K486I,-3.66833577351612,486,True,neutral,tolerant,486,-0.585599032087461,True
K486K,0.0,486,True,neutral,tolerant,486,0.0,True
K486L,-3.56145393782975,486,True,neutral,tolerant,486,-0.5685368263925672,True
K486M,-3.56295887602708,486,True,neutral,tolerant,486,-0.5687770689456264,True
K486N,-2.28505995959084,486,True,neutral,tolerant,486,-0.36477819458593475,True
K486P,-2.56708475886232,486,True,neutral,tolerant,486,-0.4097995502291066,True
K486Q,-1.657921776936,486,True,neutral,tolerant,486,-0.2646642640675866,True
K486R,-0.624036656407685,486,True,neutral,tolerant,486,-0.09961881478182247,True
K486S,-1.4863869525004598,486,True,neutral,tolerant,486,-0.23728110359357624,True
K486T,-2.97249665890198,486,True,neutral,tolerant,486,-0.4745179486848744,True
K486V,-3.66833577351612,486,True,neutral,tolerant,486,-0.585599032087461,True
K486W,-3.85009811052638,486,True,mild,tolerant,486,-0.6146148733830193,True
K486Y,-3.73818867876413,486,True,neutral,tolerant,486,-0.5967500815625539,True
K487A,-1.79821038822959,487,True,neutral,tolerant,487,-0.5330182188585089,True
K487C,-3.41815886628288,487,True,neutral,tolerant,487,-1.0131967664113513,True
K487D,-1.10449428185793,487,True,neutral,tolerant,487,-0.32738970851733085,True
K487E,-1.13955704177584,487,True,neutral,tolerant,487,-0.33778286938551383,True
K487F,-4.06931123326257,487,True,mild,tolerant,487,-1.2062087060179991,True
K487G,-1.5911214392704298,487,True,neutral,tolerant,487,-0.47163375381369965,True
K487H,-1.77828187485111,487,True,neutral,tolerant,487,-0.5271110898734777,True
K487I,-3.71948380861589,487,True,neutral,tolerant,487,-1.10251428182072,True
K487K,0.0,487,True,neutral,tolerant,487,0.0,True
K487L,-2.44619043153828,487,True,neutral,tolerant,487,-0.7250898311687364,True
K487M,-3.71948380861589,487,True,neutral,tolerant,487,-1.10251428182072,True
K487N,-1.44420603130157,487,True,neutral,tolerant,487,-0.42808568536130304,True
K487P,-3.45440958104954,487,True,neutral,tolerant,487,-1.0239420560302686,True
K487Q,-1.36481393400225,487,True,neutral,tolerant,487,-0.4045526023745074,True
K487R,-1.44383933047645,487,True,neutral,tolerant,487,-0.4279769893922781,True
K487S,-1.98687401779787,487,True,neutral,tolerant,487,-0.5889411255740422,True
K487T,-1.4218730812369698,487,True,neutral,tolerant,487,-0.42146584302071405,True
K487V,-2.59681279797506,487,True,neutral,tolerant,487,-0.7697367011923433,True
K487W,-4.06931123326257,487,True,mild,tolerant,487,-1.2062087060179991,True
K487Y,-4.06931123326257,487,True,mild,tolerant,487,-1.2062087060179991,True
Q488A,-2.20500345645718,488,True,neutral,tolerant,488,-0.624756228391795,True
Q488C,-3.3948688784474803,488,True,neutral,tolerant,488,-0.9618875971248252,True
Q488D,-1.02673315789324,488,True,neutral,tolerant,488,-0.2909101722320292,True
Q488E,-0.745132005593687,488,True,neutral,tolerant,488,-0.21112250872236493,True
Q488F,-3.6395607492309514,488,True,neutral,tolerant,488,-1.0312175430081925,True
Q488G,-1.91903687736707,488,True,neutral,tolerant,488,-0.5437316835661391,True
Q488H,-0.5970011623514431,488,True,neutral,tolerant,488,-0.16915175050812822,True
Q488I,-3.39913644062222,488,True,neutral,tolerant,488,-0.9630967499000329,True
Q488K,-1.4278755397275702,488,True,neutral,tolerant,488,-0.40456813534723773,True
Q488L,-2.42576279994029,488,True,neutral,tolerant,488,-0.6873052345681194,True
Q488M,-2.40977241382188,488,True,neutral,tolerant,488,-0.6827745871024153,True
Q488N,-2.81932630942396,488,True,neutral,tolerant,488,-0.7988158324756247,True
Q488P,-2.07303400151068,488,True,neutral,tolerant,488,-0.5873645686672483,True
Q488Q,0.0,488,True,neutral,tolerant,488,0.0,True
Q488R,-1.02632412815195,488,True,neutral,tolerant,488,-0.2907942794982922,True
Q488S,-2.218832586282069,488,True,neutral,tolerant,488,-0.6286745147627469,True
Q488T,-2.25510149918798,488,True,neutral,tolerant,488,-0.63895079309175,True
Q488V,-2.3980224324812003,488,True,neutral,tolerant,488,-0.6794453977514509,True
Q488W,-3.6395607492309514,488,True,neutral,tolerant,488,-1.0312175430081925,True
Q488Y,-1.82597978083851,488,True,neutral,tolerant,488,-0.5173652846917873,True
P489A,-2.9923131534707004,489,True,neutral,tolerant,489,-1.1946499036928315,True
P489C,-3.16734662544101,489,True,neutral,tolerant,489,-1.2645301968666323,True
P489D,-2.90293738407421,489,True,neutral,tolerant,489,-1.158967557352126,True
P489E,-0.7204508816365061,489,True,neutral,tolerant,489,-0.2876325211364263,True
P489F,-4.22955452999812,489,True,mild,tolerant,489,-1.6886056548142998,True
P489G,-2.32394048393383,489,True,neutral,tolerant,489,-0.9278090670755081,True
P489H,-3.2718275066454603,489,True,neutral,tolerant,489,-1.306243101989502,True
P489I,-3.9755993133496,489,True,mild,tolerant,489,-1.58721667593702,True
P489K,-3.6834945183633705,489,True,neutral,tolerant,489,-1.4705968746993852,True
P489L,-3.9755993133496,489,True,mild,tolerant,489,-1.58721667593702,True
P489M,-3.9755993133496,489,True,mild,tolerant,489,-1.58721667593702,True
P489N,-3.2718275066454603,489,True,neutral,tolerant,489,-1.306243101989502,True
P489P,0.0,489,True,neutral,tolerant,489,0.0,True
P489Q,-0.8706787306976841,489,True,neutral,tolerant,489,-0.3476094273652265,True
P489R,-2.35620236913984,489,True,neutral,tolerant,489,-0.9406892891904983,True
P489S,-1.38566378580856,489,True,neutral,tolerant,489,-0.5532118542963353,True
P489T,-1.02724526518168,489,True,neutral,tolerant,489,-0.41011698782088296,True
P489V,-3.82070004704602,489,True,mild,tolerant,489,-1.5253747549612602,True
P489W,-4.22955452999812,489,True,mild,tolerant,489,-1.6886056548142998,True
P489Y,-4.22955452999812,489,True,mild,tolerant,489,-1.6886056548142998,True
N490A,-1.41689123504684,490,True,neutral,tolerant,490,-0.6209366691222252,True
N490C,-3.06107095191132,490,True,neutral,tolerant,490,-1.341479962478404,True
N490D,-0.99128551884066,490,True,neutral,tolerant,490,-0.43441974443272496,True
N490E,-1.30892768670163,490,True,neutral,tolerant,490,-0.5736228567152519,True
N490F,-3.99044407882074,490,True,mild,tolerant,490,-1.7487672965522612,True
N490G,-1.3422580029295803,490,True,neutral,tolerant,490,-0.5882294934333411,True
N490H,-2.83726316959886,490,True,neutral,tolerant,490,-1.2433987157070971,True
N490I,-3.6471187833403,490,True,neutral,tolerant,490,-1.59830884206547,True
N490K,-1.63038467396658,490,True,neutral,tolerant,490,-0.7144977707532126,True
N490L,-3.6471187833403,490,True,neutral,tolerant,490,-1.59830884206547,True
N490M,-3.6471187833403,490,True,neutral,tolerant,490,-1.59830884206547,True
N490N,0.0,490,True,neutral,tolerant,490,0.0,True
N490P,-2.17761418317345,490,True,neutral,tolerant,490,-0.9543149566369766,True
N490Q,-2.95046698583547,490,True,neutral,tolerant,490,-1.2930090166583634,True
N490R,-2.1936619968751003,490,True,neutral,tolerant,490,-0.9613477307413824,True
N490S,-1.08613401571768,490,True,neutral,tolerant,490,-0.4759860328430839,True
N490T,-1.6830044271579598,490,True,neutral,tolerant,490,-0.7375577865600074,True
N490V,-2.56419761864227,490,True,neutral,tolerant,490,-1.123730805094745,True
N490W,-3.99044407882074,490,True,mild,tolerant,490,-1.7487672965522612,True
N490Y,-3.99044407882074,490,True,mild,tolerant,490,-1.7487672965522612,True
S491A,-1.30865905014748,491,True,neutral,tolerant,491,-0.7241128565842135,True
S491C,-0.743669563924492,491,True,neutral,tolerant,491,-0.4114904430053143,True
S491D,-0.9301767954907352,491,True,neutral,tolerant,491,-0.514689426887194,True
S491E,-0.8099012657705909,491,True,neutral,tolerant,491,-0.44813805325552253,True
S491F,-2.8624732604774503,491,True,neutral,tolerant,491,-1.5838760212651755,True
S491G,-1.5260916185539402,491,True,neutral,tolerant,491,-0.8444235809134427,True
S491H,-0.728355057135292,491,True,neutral,tolerant,491,-0.40301655421277033,True
S491I,-2.34851403682802,491,True,neutral,tolerant,491,-1.29948989214877,True
S491K,-1.23628384929931,491,True,neutral,tolerant,491,-0.6840658990316575,True
S491L,-2.31455366587029,491,True,neutral,tolerant,491,-1.280698793564238,True
S491M,-2.34851403682802,491,True,neutral,tolerant,491,-1.29948989214877,True
S491N,-0.0121976950670288,491,True,neutral,tolerant,491,-0.006749281119275499,True
S491P,-2.8624732604774503,491,True,neutral,tolerant,491,-1.5838760212651755,True
S491Q,-1.7354970646300605,491,True,neutral,tolerant,491,-0.9602927033753877,True
S491R,-1.66623277807291,491,True,neutral,tolerant,491,-0.9219670903041195,True
S491S,0.0,491,True,neutral,tolerant,491,0.0,True
S491T,-1.07227379739966,491,True,neutral,tolerant,491,-0.5933151514047665,True
S491V,-2.34851403682802,491,True,neutral,tolerant,491,-1.29948989214877,True
S491W,-2.8624732604774503,491,True,neutral,tolerant,491,-1.5838760212651755,True
S491Y,-2.8624732604774503,491,True,neutral,tolerant,491,-1.5838760212651755,True
I492A,-2.6815593159398503,492,True,neutral,tolerant,492,-1.087053279327541,True
I492C,-3.9517518079938,492,True,mild,tolerant,492,-1.601965220919453,True
I492D,-2.31156016451714,492,True,neutral,tolerant,492,-0.9370626419727616,True
I492E,-2.39567720743013,492,True,neutral,tolerant,492,-0.971162095526655,True
I492F,-4.57836958033764,492,True,mild,tolerant,492,-1.855984179315139,True
I492G,-3.2305949637065696,492,True,neutral,tolerant,492,-1.3096219160997438,True
I492H,-3.59450454013044,492,True,neutral,tolerant,492,-1.4571439552650851,True
I492I,0.0,492,True,neutral,tolerant,492,0.0,True
I492K,-4.4137887137854905,492,True,mild,tolerant,492,-1.789266218001881,True
I492L,-1.14481912122816,492,True,neutral,tolerant,492,-0.4640879553066205,True
I492M,-3.284075009923,492,True,neutral,tolerant,492,-1.33130171235582,True
I492N,-2.06908578318367,492,True,neutral,tolerant,492,-0.8387681273540972,True
I492P,-4.57836958033764,492,True,mild,tolerant,492,-1.855984179315139,True
I492Q,-2.2402728113486803,492,True,neutral,tolerant,492,-0.9081641012708214,True
I492R,-4.4137887137854905,492,True,mild,tolerant,492,-1.789266218001881,True
I492S,-3.9517518079938,492,True,mild,tolerant,492,-1.601965220919453,True
I492T,-2.30025008088166,492,True,neutral,tolerant,492,-0.9324777486115241,True
I492V,-0.329180578582295,492,True,neutral,tolerant,492,-0.13344356222581044,True
I492W,-4.57836958033764,492,True,mild,tolerant,492,-1.855984179315139,True
I492Y,-4.57836958033764,492,True,mild,tolerant,492,-1.855984179315139,True
L493A,-4.34075465516778,493,True,mild,sensitive,493,-1.7243500008124701,True
L493C,-4.43918040702295,493,True,mild,sensitive,493,-1.763449295468383,True
L493D,-4.3709656982614,493,True,mild,sensitive,493,-1.7363512347732537,True
L493E,-3.03554296467485,493,True,neutral,sensitive,493,-1.2058591027188674,True
L493F,-4.16950957690139,493,True,mild,sensitive,493,-1.6563234767848487,True
L493G,-4.63397651555376,493,True,mild,sensitive,493,-1.840831386046452,True
L493H,-4.3709656982614,493,True,mild,sensitive,493,-1.7363512347732537,True
L493I,-3.4683887313296604,493,True,neutral,sensitive,493,-1.3778056091159323,True
L493K,-3.1445907849224706,493,True,neutral,sensitive,493,-1.2491779778616308,True
L493L,0.0,493,True,neutral,sensitive,493,0.0,True
L493M,-2.15683704968519,493,True,neutral,sensitive,493,-0.8567961711333509,True
L493N,-4.31371922232124,493,True,mild,sensitive,493,-1.7136102672052285,True
L493P,-4.21457353539909,493,True,mild,sensitive,493,-1.6742249807962792,True
L493Q,-4.3709656982614,493,True,mild,sensitive,493,-1.7363512347732537,True
L493R,-2.9741195281186896,493,True,neutral,sensitive,493,-1.1814588517741555,True
L493S,-4.43918040702295,493,True,mild,sensitive,493,-1.763449295468383,True
L493T,-3.0529610395911098,493,True,neutral,sensitive,493,-1.212778373648001,True
L493V,-2.32272008748896,493,True,neutral,sensitive,493,-0.922692642851965,True
L493W,-4.61939867396853,493,True,mild,sensitive,493,-1.8350403881333568,True
L493Y,-4.61939867396853,493,True,mild,sensitive,493,-1.8350403881333568,True
K494A,-2.64796229437898,494,True,neutral,sensitive,494,-1.225299742163719,True
K494C,-3.98205779338378,494,True,mild,sensitive,494,-1.8426298583902172,True
K494D,-3.80453329122761,494,True,mild,sensitive,494,-1.760483399136834,True
K494E,-2.47696166626404,494,True,neutral,sensitive,494,-1.1461720952240901,True
K494F,-4.78355787377596,494,True,mild,sensitive,494,-2.2135104573826823,True
K494G,-3.28280025429082,494,True,neutral,sensitive,494,-1.519060265207024,True
K494H,-3.80453329122761,494,True,mild,sensitive,494,-1.760483399136834,True
K494I,-4.162947370603391,494,True,mild,sensitive,494,-1.926333449184464,True
K494K,0.0,494,True,neutral,sensitive,494,0.0,True
K494L,-4.3374097659381805,494,True,mild,sensitive,494,-2.007062970324083,True
K494M,-4.3374097659381805,494,True,mild,sensitive,494,-2.007062970324083,True
K494N,-3.80453329122761,494,True,mild,sensitive,494,-1.760483399136834,True
K494P,-4.18010889824069,494,True,mild,sensitive,494,-1.9342746556864434,True
K494Q,-3.18867897782251,494,True,neutral,sensitive,494,-1.4755072372679356,True
K494R,-1.49651247209854,494,True,neutral,sensitive,494,-0.6924858220600829,True
K494S,-2.5979727215916,494,True,neutral,sensitive,494,-1.2021679132939216,True
K494T,-2.17232731636813,494,True,neutral,sensitive,494,-1.005207704917614,True
K494V,-2.8040114395414704,494,True,neutral,sensitive,494,-1.2975088433802875,True
K494W,-4.78355787377596,494,True,mild,sensitive,494,-2.2135104573826823,True
K494Y,-4.78355787377596,494,True,mild,sensitive,494,-2.2135104573826823,True
E495A,-2.70113469057346,495,True,neutral,sensitive,495,-1.3994865912137793,True
E495C,-4.20265547826455,495,True,mild,sensitive,495,-2.177440469684129,True
E495D,-1.5696022538095098,495,True,neutral,sensitive,495,-0.8132276096454052,True
E495E,0.0,495,True,neutral,sensitive,495,0.0,True
E495F,-4.99495147990935,495,True,impactful,sensitive,495,-2.5879374487662,True
E495G,-4.99495147990935,495,True,impactful,sensitive,495,-2.5879374487662,True
E495H,-3.5452076589600097,495,True,neutral,sensitive,495,-1.8368097670574102,True
E495I,-4.99495147990935,495,True,impactful,sensitive,495,-2.5879374487662,True
E495K,-3.82523004747888,495,True,mild,sensitive,495,-1.9818923426651505,True
E495L,-4.99495147990935,495,True,impactful,sensitive,495,-2.5879374487662,True
E495M,-4.99495147990935,495,True,impactful,sensitive,495,-2.5879374487662,True
E495N,-2.20277856138245,495,True,neutral,sensitive,495,-1.1412829840830476,True
E495P,-4.99495147990935,495,True,impactful,sensitive,495,-2.5879374487662,True
E495Q,-3.4283454176346804,495,True,neutral,sensitive,495,-1.7762621977989272,True
E495R,-4.49617579050349,495,True,mild,sensitive,495,-2.329516463029011,True
E495S,-2.6241789360075,495,True,neutral,sensitive,495,-1.3596149968769065,True
E495T,-4.15486229352196,495,True,mild,sensitive,495,-2.1526783127165117,True
E495V,-4.99495147990935,495,True,impactful,sensitive,495,-2.5879374487662,True
E495W,-4.99495147990935,495,True,impactful,sensitive,495,-2.5879374487662,True
E495Y,-4.99495147990935,495,True,impactful,sensitive,495,-2.5879374487662,True
I496A,-4.41625627463097,496,True,mild,sensitive,496,-2.412923884775291,True
I496C,-4.41625627463097,496,True,mild,sensitive,496,-2.412923884775291,True
I496D,-2.76605509202262,496,True,neutral,sensitive,496,-1.5112982542444071,True
I496E,-2.35855057029447,496,True,neutral,sensitive,496,-1.2886487220421692,True
I496F,-4.731100663873219,496,True,mild,sensitive,496,-2.5849464078236375,True
I496G,-3.4319158370643,496,True,neutral,sensitive,496,-1.8751066919192785,True
I496H,-4.1065939246485,496,True,mild,sensitive,496,-2.2437326888792186,True
I496I,0.0,496,True,neutral,sensitive,496,0.0,True
I496K,-3.35716612634208,496,True,neutral,sensitive,496,-1.8342654564552516,True
I496L,-0.934434726427583,496,True,neutral,sensitive,496,-0.5105500518873279,True
I496M,-3.37136275912947,496,True,neutral,sensitive,496,-1.8420221155361245,True
I496N,-4.1065939246485,496,True,mild,sensitive,496,-2.2437326888792186,True
I496P,-4.905302413291549,496,True,mild,sensitive,496,-2.6801255676825733,True
I496Q,-4.1065939246485,496,True,mild,sensitive,496,-2.2437326888792186,True
I496R,-4.629199172903482,496,True,mild,sensitive,496,-2.5292701684560206,True
I496S,-4.29280241542463,496,True,mild,sensitive,496,-2.34547200992422,True
I496T,-4.17645689770669,496,True,mild,sensitive,496,-2.2819039420562333,True
I496V,-1.7471722689476397,496,True,neutral,sensitive,496,-0.9546080291531716,True
I496W,-4.731100663873219,496,True,mild,sensitive,496,-2.5849464078236375,True
I496Y,-4.731100663873219,496,True,mild,sensitive,496,-2.5849464078236375,True
K497A,-4.51938286051946,497,True,mild,sensitive,497,-1.9140828897870008,True
K497C,-4.51938286051946,497,True,mild,sensitive,497,-1.9140828897870008,True
K497D,-4.648172216783349,497,True,mild,sensitive,497,-1.968628722884013,True
K497E,-4.533224853007829,497,True,mild,sensitive,497,-1.9199453541544258,True
K497F,-4.54320210323199,497,True,mild,sensitive,497,-1.9241709939221958,True
K497G,-4.9251543470023496,497,True,mild,sensitive,497,-2.085938269915398,True
K497H,-4.648172216783349,497,True,mild,sensitive,497,-1.968628722884013,True
K497I,-2.4484195371166098,497,True,neutral,sensitive,497,-1.0369729867224493,True
K497K,0.0,497,True,neutral,sensitive,497,0.0,True
K497L,-4.18280239157491,497,True,mild,sensitive,497,-1.7715318078082547,True
K497M,-4.18280239157491,497,True,mild,sensitive,497,-1.7715318078082547,True
K497N,-4.648172216783349,497,True,mild,sensitive,497,-1.968628722884013,True
K497P,-4.6721788960707,497,True,mild,sensitive,497,-1.9787962115617126,True
K497Q,-4.648172216783349,497,True,mild,sensitive,497,-1.968628722884013,True
K497R,-0.8794312218391949,497,True,neutral,sensitive,497,-0.37246330006070766,True
K497S,-4.08312886377882,497,True,mild,sensitive,497,-1.7293173285292687,True
K497T,-3.24330068759626,497,True,neutral,sensitive,497,-1.373627007084076,True
K497V,-4.18280239157491,497,True,mild,sensitive,497,-1.7715318078082547,True
K497W,-4.648172216783349,497,True,mild,sensitive,497,-1.968628722884013,True
K497Y,-4.648172216783349,497,True,mild,sensitive,497,-1.968628722884013,True
N498A,-2.40152149662739,498,True,neutral,tolerant,498,-1.7249627295940786,True
N498C,-3.80673687799185,498,True,mild,tolerant,498,-2.7342995867948665,True
N498D,-0.670201417188619,498,True,neutral,tolerant,498,-0.48139167923129,True
N498E,-3.24340131076657,498,True,neutral,tolerant,498,-2.329667415447238,True
N498F,-4.6526402406367815,498,True,mild,tolerant,498,-3.341894303498419,True
N498G,-3.00913279160646,498,True,neutral,tolerant,498,-2.1613972313843863,True
N498H,-3.1948795715074905,498,True,neutral,tolerant,498,-2.2948152636282613,True
N498I,-4.26656827420208,498,True,mild,tolerant,498,-3.064586874030806,True
N498K,-2.10783950870543,498,True,neutral,tolerant,498,-1.5140170919098368,True
N498L,-4.26656827420208,498,True,mild,tolerant,498,-3.064586874030806,True
N498M,-4.26656827420208,498,True,mild,tolerant,498,-3.064586874030806,True
N498N,0.0,498,True,neutral,tolerant,498,0.0,True
N498P,-3.07595895970056,498,True,neutral,tolerant,498,-2.2093970721044447,True
N498Q,-3.20873597562024,498,True,neutral,tolerant,498,-2.3047680292788097,True
N498R,-2.517092698268569,498,True,neutral,tolerant,498,-1.8079751097561567,True
N498S,-0.90155179927995,498,True,neutral,tolerant,498,-0.6475658263898043,True
N498T,-2.61138429726017,498,True,neutral,tolerant,498,-1.8757027958096695,True
N498V,-4.1451598842157,498,True,mild,tolerant,498,-2.977381763403799,True
N498W,-4.6526402406367815,498,True,mild,tolerant,498,-3.341894303498419,True
N498Y,-4.6526402406367815,498,True,mild,tolerant,498,-3.341894303498419,True
S499A,-0.91674027307522,499,True,neutral,sensitive,499,-0.41267667440114914,True
S499C,-3.34603868935551,499,True,neutral,sensitive,499,-1.5062413633348821,True
S499D,-3.9557974675114704,499,True,mild,sensitive,499,-1.7807282950720493,True
S499E,-3.9557974675114704,499,True,mild,sensitive,499,-1.7807282950720493,True
S499F,-4.71433622822905,499,True,mild,sensitive,499,-2.1221895162827544,True
S499G,-4.35908455968642,499,True,mild,sensitive,499,-1.9622706369061058,True
S499H,-3.9557974675114704,499,True,mild,sensitive,499,-1.7807282950720493,True
S499I,-4.09382367967196,499,True,mild,sensitive,499,-1.8428617039420494,True
S499K,-3.72740230905222,499,True,neutral,sensitive,499,-1.677914709577313,True
S499L,-2.86936786786178,499,True,neutral,sensitive,499,-1.2916648522166063,True
S499M,-2.7660667336518503,499,True,neutral,sensitive,499,-1.2451631659924178,True
S499N,-2.61106710378471,499,True,neutral,sensitive,499,-1.1753890613025368,True
S499P,-4.71433622822905,499,True,mild,sensitive,499,-2.1221895162827544,True
S499Q,-3.9557974675114704,499,True,mild,sensitive,499,-1.7807282950720493,True
S499R,-4.24358164496959,499,True,mild,sensitive,499,-1.9102762387882104,True
S499S,0.0,499,True,neutral,sensitive,499,0.0,True
S499T,-1.59613742968432,499,True,neutral,sensitive,499,-0.7185117810519455,True
S499V,-2.83527494028207,499,True,neutral,sensitive,499,-1.2763176962255227,True
S499W,-4.71433622822905,499,True,mild,sensitive,499,-2.1221895162827544,True
S499Y,-4.71433622822905,499,True,mild,sensitive,499,-2.1221895162827544,True
L500A,-4.79446780488152,500,True,mild,sensitive,500,-1.5504546226349296,True
L500C,-4.79446780488152,500,True,mild,sensitive,500,-1.5504546226349296,True
L500D,-4.662020937151469,500,True,mild,sensitive,500,-1.5076234124396097,True
L500E,-4.54411154159919,500,True,mild,sensitive,500,-1.4694933894994227,True
L500F,-3.2756073576571696,500,True,neutral,sensitive,500,-1.0592793144727455,True
L500G,-5.07931599908739,500,True,impactful,sensitive,500,-1.64256999756894,True
L500H,-4.662020937151469,500,True,mild,sensitive,500,-1.5076234124396097,True
L500I,-2.22821639121115,500,True,neutral,sensitive,500,-0.7205697367425792,True
L500K,-4.34582455454471,500,True,mild,sensitive,500,-1.405370532031498,True
L500L,0.0,500,True,neutral,sensitive,500,0.0,True
L500M,-3.58614794715649,500,True,neutral,sensitive,500,-1.1597032013564528,True
L500N,-4.662020937151469,500,True,mild,sensitive,500,-1.5076234124396097,True
L500P,-5.07931599908739,500,True,impactful,sensitive,500,-1.64256999756894,True
L500Q,-4.662020937151469,500,True,mild,sensitive,500,-1.5076234124396097,True
L500R,-4.79446780488152,500,True,mild,sensitive,500,-1.5504546226349296,True
L500S,-4.15318785958163,500,True,mild,sensitive,500,-1.3430748891468955,True
L500T,-4.79446780488152,500,True,mild,sensitive,500,-1.5504546226349296,True
L500V,-3.58614794715649,500,True,neutral,sensitive,500,-1.1597032013564528,True
L500W,-4.79446780488152,500,True,mild,sensitive,500,-1.5504546226349296,True
L500Y,-4.79446780488152,500,True,mild,sensitive,500,-1.5504546226349296,True
R501A,-3.447983232399221,501,True,neutral,sensitive,501,-2.4008713337286216,True
R501C,-3.447983232399221,501,True,neutral,sensitive,501,-2.4008713337286216,True
R501D,-2.82364012165746,501,True,neutral,sensitive,501,-1.9661338724481567,True
R501E,-3.99991132976214,501,True,mild,sensitive,501,-2.7851853683174608,True
R501F,-4.4831735440485305,501,True,mild,sensitive,501,-3.121686539799978,True
R501G,-4.4831735440485305,501,True,mild,sensitive,501,-3.121686539799978,True
R501H,-3.99991132976214,501,True,mild,sensitive,501,-2.7851853683174608,True
R501I,-4.22785604816206,501,True,mild,sensitive,501,-2.943905960383799,True
R501K,-0.399771021917749,501,True,neutral,sensitive,501,-0.27836527090935426,True
R501L,-4.22785604816206,501,True,mild,sensitive,501,-2.943905960383799,True
R501M,-4.22785604816206,501,True,mild,sensitive,501,-2.943905960383799,True
R501N,-2.8322240751199503,501,True,neutral,sensitive,501,-1.972110980342563,True
R501P,-4.4831735440485305,501,True,mild,sensitive,501,-3.121686539799978,True
R501Q,-2.6385137366776803,501,True,neutral,sensitive,501,-1.837228190239984,True
R501R,0.0,501,True,neutral,sensitive,501,0.0,True
R501S,-3.3338232893801405,501,True,neutral,sensitive,501,-2.3213804208729094,True
R501T,-2.24154138877651,501,True,neutral,sensitive,501,-1.5608116690100706,True
R501V,-4.22785604816206,501,True,mild,sensitive,501,-2.943905960383799,True
R501W,-4.4831735440485305,501,True,mild,sensitive,501,-3.121686539799978,True
R501Y,-4.4831735440485305,501,True,mild,sensitive,501,-3.121686539799978,True
S502A,-3.25807239444686,502,True,neutral,tolerant,502,-2.073427007600206,True
S502C,-3.25807239444686,502,True,neutral,tolerant,502,-2.073427007600206,True
S502D,-2.2369671057568503,502,True,neutral,tolerant,502,-1.4235988187662627,True
S502E,-2.9606582777922004,502,True,neutral,tolerant,502,-1.8841536007341118,True
S502F,-4.30458332442572,502,True,mild,tolerant,502,-2.7394232665124836,True
S502G,-4.30458332442572,502,True,mild,tolerant,502,-2.7394232665124836,True
S502H,-3.54634493511977,502,True,neutral,tolerant,502,-2.25688274431112,True
S502I,-3.92546412977274,502,True,mild,tolerant,502,-2.4981530054117984,True
S502K,-4.1413055745730185,502,True,mild,tolerant,502,-2.6355138208961724,True
S502L,-2.5455552785379103,502,True,neutral,tolerant,502,-1.6199833597484703,True
S502M,-3.92546412977274,502,True,mild,tolerant,502,-2.4981530054117984,True
S502N,-3.54634493511977,502,True,neutral,tolerant,502,-2.25688274431112,True
S502P,-0.591529456406664,502,True,neutral,tolerant,502,-0.3764474825037993,True
S502Q,-3.54634493511977,502,True,neutral,tolerant,502,-2.25688274431112,True
S502R,-4.1413055745730185,502,True,mild,tolerant,502,-2.6355138208961724,True
S502S,0.0,502,True,neutral,tolerant,502,0.0,True
S502T,-2.02436999812442,502,True,neutral,tolerant,502,-1.2883026892345535,True
S502V,-2.7331988725389302,502,True,neutral,tolerant,502,-1.7393991518186573,True
S502W,-4.30458332442572,502,True,mild,tolerant,502,-2.7394232665124836,True
S502Y,-4.30458332442572,502,True,mild,tolerant,502,-2.7394232665124836,True
V503A,-2.79747441019391,503,True,neutral,tolerant,503,-0.9588515295391673,True
V503C,-3.2660300573808096,503,True,neutral,tolerant,503,-1.1194518543686733,True
V503D,-3.99778216781528,503,True,mild,tolerant,503,-1.3702643829039998,True
V503E,-3.4576949073839303,503,True,neutral,tolerant,503,-1.1851461584576422,True
V503F,-4.239037426406799,503,True,mild,tolerant,503,-1.452956104003179,True
V503G,-4.239037426406799,503,True,mild,tolerant,503,-1.452956104003179,True
V503H,-3.99778216781528,503,True,mild,tolerant,503,-1.3702643829039998,True
V503I,-0.765775872465246,503,True,neutral,tolerant,503,-0.26247438186453154,True
V503K,-2.80040702396656,503,True,neutral,tolerant,503,-0.9598567009148933,True
V503L,-1.8872119697237304,503,True,neutral,tolerant,503,-0.6468534893975284,True
V503M,-1.4587187935803705,503,True,neutral,tolerant,503,-0.499984822486764,True
V503N,-3.99778216781528,503,True,mild,tolerant,503,-1.3702643829039998,True
V503P,-3.67505021703302,503,True,neutral,tolerant,503,-1.2596460253200679,True
V503Q,-3.99778216781528,503,True,mild,tolerant,503,-1.3702643829039998,True
V503R,-4.08682230555584,503,True,mild,tolerant,503,-1.4007834367876764,True
V503S,-1.96274637418771,503,True,neutral,tolerant,503,-0.6727433702805127,True
V503T,-3.126138957684549,503,True,neutral,tolerant,503,-1.071503321068818,True
V503V,0.0,503,True,neutral,tolerant,503,0.0,True
V503W,-4.239037426406799,503,True,mild,tolerant,503,-1.452956104003179,True
V503Y,-4.239037426406799,503,True,mild,tolerant,503,-1.452956104003179,True
Q504A,-0.763363915069492,504,True,neutral,tolerant,504,-0.35888003697650606,True
Q504C,-2.6176636906646498,504,True,neutral,tolerant,504,-1.2306414064807703,True
Q504D,-2.8127084485257,504,True,neutral,tolerant,504,-1.322337737066262,True
Q504E,-1.38428090520419,504,True,neutral,tolerant,504,-0.6507915459958913,True
Q504F,-3.31414888169735,504,True,neutral,tolerant,504,-1.5580797699887572,True
Q504G,-1.95124875373685,504,True,neutral,tolerant,504,-0.9173399620647438,True
Q504H,-2.8127084485257,504,True,neutral,tolerant,504,-1.322337737066262,True
Q504I,-1.71686738893894,504,True,neutral,tolerant,504,-0.8071503248487633,True
Q504K,-1.99892373396669,504,True,neutral,tolerant,504,-0.9397533855053601,True
Q504L,-1.31640321103059,504,True,neutral,tolerant,504,-0.6188802270115719,True
Q504M,-1.83357952746201,504,True,neutral,tolerant,504,-0.8620201657750971,True
Q504N,-1.2970996773768402,504,True,neutral,tolerant,504,-0.6098050628144217,True
Q504P,-1.1805854380858,504,True,neutral,tolerant,504,-0.5550282601917154,True
Q504Q,0.0,504,True,neutral,tolerant,504,0.0,True
Q504R,-3.19020520784645,504,True,neutral,tolerant,504,-1.4998101696362625,True
Q504S,-0.373123327012545,504,True,neutral,tolerant,504,-0.17541635221632015,True
Q504T,-0.850027752378383,504,True,neutral,tolerant,504,-0.3996232795164804,True
Q504V,-2.71551258072529,504,True,neutral,tolerant,504,-1.276643074348285,True
Q504W,-3.4350451173341696,504,True,neutral,tolerant,504,-1.6149166791734315,True
Q504Y,-3.4350451173341696,504,True,neutral,tolerant,504,-1.6149166791734315,True
E505A,-2.55339988106057,505,True,neutral,tolerant,505,-1.3381936257785716,True
E505C,-3.55731879990448,505,True,neutral,tolerant,505,-1.8643305258231624,True
E505D,-0.594654283952083,505,True,neutral,tolerant,505,-0.311648237406541,True
E505E,0.0,505,True,neutral,tolerant,505,0.0,True
E505F,-4.119015761939791,505,True,mild,tolerant,505,-2.1587063890751947,True
E505G,-4.119015761939791,505,True,mild,tolerant,505,-2.1587063890751947,True
E505H,-2.81407554534396,505,True,neutral,tolerant,505,-1.4748093258602748,True
E505I,-3.73765767650929,505,True,neutral,tolerant,505,-1.9588430763024818,True
E505K,-1.97144912764314,505,True,neutral,tolerant,505,-1.033203093540911,True
E505L,-3.64061897705672,505,True,neutral,tolerant,505,-1.9079867376520172,True
E505M,-3.73765767650929,505,True,neutral,tolerant,505,-1.9588430763024818,True
E505N,-2.94382802018199,505,True,neutral,tolerant,505,-1.5428104000536071,True
E505P,-3.82903447617675,505,True,mild,tolerant,505,-2.006732109182146,True
E505Q,-1.68066363434037,505,True,neutral,tolerant,505,-0.8808073420987131,True
E505R,-1.78714967680148,505,True,neutral,tolerant,505,-0.9366148731919848,True
E505S,-3.4495959312839104,505,True,neutral,tolerant,505,-1.8078747950902412,True
E505T,-2.3105035515736003,505,True,neutral,tolerant,505,-1.2108957739006017,True
E505V,-3.65052098750905,505,True,neutral,tolerant,505,-1.9131762136005306,True
E505W,-4.119015761939791,505,True,mild,tolerant,505,-2.1587063890751947,True
E505Y,-4.119015761939791,505,True,mild,tolerant,505,-2.1587063890751947,True
K506A,-3.771771908339951,506,True,neutral,tolerant,506,-2.1763800388672325,True
K506C,-3.771771908339951,506,True,neutral,tolerant,506,-2.1763800388672325,True
K506D,-2.50557509054832,506,True,neutral,tolerant,506,-1.4457617654171344,True
K506E,-1.9932707080843897,506,True,neutral,tolerant,506,-1.1501529484170028,True
K506F,-4.3025700059266,506,True,mild,tolerant,506,-2.4826600611829837,True
K506G,-4.3025700059266,506,True,mild,tolerant,506,-2.4826600611829837,True
K506H,-2.1430636939050003,506,True,neutral,tolerant,506,-1.2365861878134388,True
K506I,-3.8161923734874494,506,True,mild,tolerant,506,-2.2020114439504637,True
K506K,0.0,506,True,neutral,tolerant,506,0.0,True
K506L,-2.58574630323879,506,True,neutral,tolerant,506,-1.4920219930320415,True
K506M,-1.52643595124806,506,True,neutral,tolerant,506,-0.8807809209140999,True
K506N,-2.0225428438405,506,True,neutral,tolerant,506,-1.1670434957519953,True
K506P,-2.8524095966179903,506,True,neutral,tolerant,506,-1.645891495990538,True
K506Q,-1.55388464859802,506,True,neutral,tolerant,506,-0.8966193115848796,True
K506R,-0.6184583362884479,506,True,neutral,tolerant,506,-0.35686155225691363,True
K506S,-3.771771908339951,506,True,neutral,tolerant,506,-2.1763800388672325,True
K506T,-2.5464001298021497,506,True,neutral,tolerant,506,-1.4693185452747775,True
K506V,-3.8161923734874494,506,True,mild,tolerant,506,-2.2020114439504637,True
K506W,-4.3025700059266,506,True,mild,tolerant,506,-2.4826600611829837,True
K506Y,-4.3025700059266,506,True,mild,tolerant,506,-2.4826600611829837,True
K507A,-3.0860499862917,507,True,neutral,tolerant,507,-1.1424572516725917,True
K507C,-3.6057404182929504,507,True,neutral,tolerant,507,-1.3348469100715241,True
K507D,-3.67318891854385,507,True,neutral,tolerant,507,-1.3598163786700141,True
K507E,-3.11877916365694,507,True,neutral,tolerant,507,-1.1545736095372703,True
K507F,-4.11361463707164,507,True,mild,tolerant,507,-1.5228622004131052,True
K507G,-2.47909484434562,507,True,neutral,tolerant,507,-0.9177621539144691,True
K507H,-3.67318891854385,507,True,neutral,tolerant,507,-1.3598163786700141,True
K507I,-3.4347406709497594,507,True,neutral,tolerant,507,-1.2715427178989402,True
K507K,0.0,507,True,neutral,tolerant,507,0.0,True
K507L,-3.7727356872181,507,True,neutral,tolerant,507,-1.3966686423266796,True
K507M,-3.7727356872181,507,True,neutral,tolerant,507,-1.3966686423266796,True
K507N,-3.67318891854385,507,True,neutral,tolerant,507,-1.3598163786700141,True
K507P,-2.45757193407166,507,True,neutral,tolerant,507,-0.909794361743633,True
K507Q,-2.368876607175089,507,True,neutral,tolerant,507,-0.8769593072718741,True
K507R,-0.5929781469277541,507,True,neutral,tolerant,507,-0.21952080719698167,True
K507S,-3.49854391587876,507,True,neutral,tolerant,507,-1.2951627111502386,True
K507T,-2.5072402749074,507,True,neutral,tolerant,507,-0.9281816064151045,True
K507V,-3.7727356872181,507,True,neutral,tolerant,507,-1.3966686423266796,True
K507W,-4.11361463707164,507,True,mild,tolerant,507,-1.5228622004131052,True
K507Y,-4.11361463707164,507,True,mild,tolerant,507,-1.5228622004131052,True
M508A,-0.305744069738448,508,True,neutral,tolerant,508,-0.07528522850087332,True
M508C,-2.13501378229283,508,True,neutral,tolerant,508,-0.5257174753705999,True
M508D,-2.1556285886803703,508,True,neutral,tolerant,508,-0.5307935849766339,True
M508E,-1.00312389237352,508,True,neutral,tolerant,508,-0.24700531891470748,True
M508F,-2.72919253861878,508,True,neutral,tolerant,508,-0.6720257373055938,True
M508G,-0.870591777678169,508,True,neutral,tolerant,508,-0.21437112736005529,True
M508H,-2.26013795341898,508,True,neutral,tolerant,508,-0.5565275637633953,True
M508I,-1.27742382712907,508,True,neutral,tolerant,508,-0.31454786612915425,True
M508K,-2.08846470514751,508,True,neutral,tolerant,508,-0.5142554119775531,True
M508L,-0.5521965632958051,508,True,neutral,tolerant,508,-0.13597073029310125,True
M508M,0.0,508,True,neutral,tolerant,508,0.0,True
M508N,-2.26013795341898,508,True,neutral,tolerant,508,-0.5565275637633953,True
M508P,-1.21573914642091,508,True,neutral,tolerant,508,-0.2993588706857105,True
M508Q,-1.36276123003533,508,True,neutral,tolerant,508,-0.3355610157315812,True
M508R,-1.10605677469083,508,True,neutral,tolerant,508,-0.272351110812295,True
M508S,-0.5266619835547109,508,True,neutral,tolerant,508,-0.12968319486477203,True
M508T,-0.25116041240659,508,True,neutral,tolerant,508,-0.06184476138680082,True
M508V,-0.508292549763634,508,True,neutral,tolerant,508,-0.12515997705853316,True
M508W,-2.72919253861878,508,True,neutral,tolerant,508,-0.6720257373055938,True
M508Y,-2.72919253861878,508,True,neutral,tolerant,508,-0.6720257373055938,True
E509A,-3.67396506912839,509,True,neutral,tolerant,509,-1.4769562820624704,True
E509C,-3.78699315108994,509,True,neutral,tolerant,509,-1.5223942578084366,True
E509D,-1.0403167830827098,509,True,neutral,tolerant,509,-0.41821366812111466,True
E509E,0.0,509,True,neutral,tolerant,509,0.0,True
E509F,-4.21415934701056,509,True,mild,tolerant,509,-1.6941176641769582,True
E509G,-3.37016317485659,509,True,neutral,tolerant,509,-1.3548260745606164,True
E509H,-3.03622029219296,509,True,neutral,tolerant,509,-1.2205790065782556,True
E509I,-3.6196881668646,509,True,neutral,tolerant,509,-1.455136637547338,True
E509K,-2.3488868398709903,509,True,neutral,tolerant,509,-0.9442667822708384,True
E509L,-3.6196881668646,509,True,neutral,tolerant,509,-1.455136637547338,True
E509M,-3.6196881668646,509,True,neutral,tolerant,509,-1.455136637547338,True
E509N,-3.03622029219296,509,True,neutral,tolerant,509,-1.2205790065782556,True
E509P,-2.4801837723765696,509,True,neutral,tolerant,509,-0.9970489469433111,True
E509Q,-1.52177613860942,509,True,neutral,tolerant,509,-0.6117632545551585,True
E509R,-3.47937200384956,509,True,neutral,tolerant,509,-1.3987286874061216,True
E509S,-3.78699315108994,509,True,neutral,tolerant,509,-1.5223942578084366,True
E509T,-3.78699315108994,509,True,neutral,tolerant,509,-1.5223942578084366,True
E509V,-2.39946987385328,509,True,neutral,tolerant,509,-0.964601469291596,True
E509W,-4.21415934701056,509,True,mild,tolerant,509,-1.6941176641769582,True
E509Y,-4.21415934701056,509,True,mild,tolerant,509,-1.6941176641769582,True
D510A,-3.44895393980203,510,True,neutral,tolerant,510,-1.6989373180578657,True
D510C,-3.55083012789357,510,True,neutral,tolerant,510,-1.7491210145615468,True
D510D,0.0,510,True,neutral,tolerant,510,0.0,True
D510E,-0.163936230959291,510,True,neutral,tolerant,510,-0.08075416065848638,True
D510F,-3.94732877986508,510,True,mild,tolerant,510,-1.944434251024398,True
D510G,-1.57505768702307,510,True,neutral,tolerant,510,-0.7758654737879735,True
D510H,-2.8182409199036003,510,True,neutral,tolerant,510,-1.3882512650710515,True
D510I,-3.72347553992607,510,True,neutral,tolerant,510,-1.834165273897271,True
D510K,-3.4095944583826805,510,True,neutral,tolerant,510,-1.679549035996153,True
D510L,-3.72347553992607,510,True,neutral,tolerant,510,-1.834165273897271,True
D510M,-3.72347553992607,510,True,neutral,tolerant,510,-1.834165273897271,True
D510N,-0.9811273714247328,510,True,neutral,tolerant,510,-0.48329839544832476,True
D510P,-2.21475473592645,510,True,neutral,tolerant,510,-1.090977014157174,True
D510Q,-2.8182409199036003,510,True,neutral,tolerant,510,-1.3882512650710515,True
D510R,-2.3227402783100604,510,True,neutral,tolerant,510,-1.1441701477763389,True
D510S,-2.35720545677959,510,True,neutral,tolerant,510,-1.1611475208863926,True
D510T,-3.55083012789357,510,True,neutral,tolerant,510,-1.7491210145615468,True
D510V,-3.68266322381368,510,True,neutral,tolerant,510,-1.8140613327922486,True
D510W,-3.94732877986508,510,True,mild,tolerant,510,-1.944434251024398,True
D510Y,-3.94732877986508,510,True,mild,tolerant,510,-1.944434251024398,True
S511A,-0.833080256193395,511,True,neutral,tolerant,511,-0.20120991307102615,True
S511C,-2.25725545215393,511,True,neutral,tolerant,511,-0.5451841763508991,True
S511D,-1.4956518364547398,511,True,neutral,tolerant,511,-0.36123767639467047,True
S511E,-2.5827682114784705,511,True,neutral,tolerant,511,-0.6238037253322593,True
S511F,-2.66252814355624,511,True,neutral,tolerant,511,-0.643067762477071,True
S511G,-0.255693997883107,511,True,neutral,tolerant,511,-0.06175655551114116,True
S511H,-2.49752979804745,511,True,neutral,tolerant,511,-0.6032164966357885,True
S511I,-1.36261903025478,511,True,neutral,tolerant,511,-0.329106895269935,True
S511K,-2.30032798346884,511,True,neutral,tolerant,511,-0.5555872800341175,True
S511L,-2.55663301311312,511,True,neutral,tolerant,511,-0.6174914151411443,True
S511M,-2.66009382644843,511,True,neutral,tolerant,511,-0.6424798134409387,True
S511N,-0.347422935583883,511,True,neutral,tolerant,511,-0.08391140967273837,True
S511P,-1.55255547213097,511,True,neutral,tolerant,511,-0.3749813409488592,True
S511Q,-2.5827682114784705,511,True,neutral,tolerant,511,-0.6238037253322593,True
S511R,-1.38703522454828,511,True,neutral,tolerant,511,-0.335004022581256,True
S511S,0.0,511,True,neutral,tolerant,511,0.0,True
S511T,-1.04762622339939,511,True,neutral,tolerant,511,-0.2530281803872019,True
S511V,-1.43082548897578,511,True,neutral,tolerant,511,-0.3455804769304143,True
S511W,-2.83624111633979,511,True,neutral,tolerant,511,-0.6850238308069074,True
S511Y,-1.65597915480975,511,True,neutral,tolerant,511,-0.39996077125773427,True
S512A,-3.3532665892888,512,True,neutral,sensitive,512,-1.531421965626739,True
S512C,-3.55239987175128,512,True,neutral,sensitive,512,-1.6223652517419875,True
S512D,-2.75531674212246,512,True,neutral,sensitive,512,-1.2583409248235085,True
S512E,-4.25988368621804,512,True,mild,sensitive,512,-1.9454699691720387,True
S512F,-4.58164332704639,512,True,mild,sensitive,512,-2.0924161687944234,True
S512G,-4.48115774449729,512,True,mild,sensitive,512,-2.0465248493162638,True
S512H,-4.25988368621804,512,True,mild,sensitive,512,-1.9454699691720387,True
S512I,-4.15574402785154,512,True,mild,sensitive,512,-1.8979098494891158,True
S512K,-3.40954886424426,512,True,neutral,sensitive,512,-1.5571258307526297,True
S512L,-4.15574402785154,512,True,mild,sensitive,512,-1.8979098494891158,True
S512M,-4.15574402785154,512,True,mild,sensitive,512,-1.8979098494891158,True
S512N,-2.9599116677601804,512,True,neutral,sensitive,512,-1.351778519131758,True
S512P,-2.80381079558948,512,True,neutral,sensitive,512,-1.2804879437688237,True
S512Q,-4.25988368621804,512,True,mild,sensitive,512,-1.9454699691720387,True
S512R,-2.65419146782044,512,True,neutral,sensitive,512,-1.2121574609614871,True
S512S,0.0,512,True,neutral,sensitive,512,0.0,True
S512T,-0.7345646029302549,512,True,neutral,sensitive,512,-0.3354723933052588,True
S512V,-4.0991933167728005,512,True,mild,sensitive,512,-1.872083390777355,True
S512W,-4.58164332704639,512,True,mild,sensitive,512,-2.0924161687944234,True
S512Y,-4.204914871831661,512,True,mild,sensitive,512,-1.9203659556573798,True
R513A,-4.19906580316585,513,True,mild,sensitive,513,-0.8710201836629238,True
R513C,-4.0569065466162,513,True,mild,sensitive,513,-0.8415318194520306,True
R513D,-4.17790783510962,513,True,mild,sensitive,513,-0.8666313462199912,True
R513E,-2.76589351164662,513,True,neutral,sensitive,513,-0.5737345370225373,True
R513F,-5.05038177027829,513,True,impactful,sensitive,513,-1.0476102693601754,True
R513G,-4.39431529639805,513,True,mild,sensitive,513,-0.9115211563618949,True
R513H,-3.96199989262797,513,True,mild,sensitive,513,-0.8218451522115847,True
R513I,-3.30148424815705,513,True,neutral,sensitive,513,-0.6848331393192086,True
R513K,-3.66138955789596,513,True,neutral,sensitive,513,-0.7594889803288203,True
R513L,-2.63913248253193,513,True,neutral,sensitive,513,-0.5474402563333577,True
R513M,-3.99441791347179,513,True,mild,sensitive,513,-0.8285696837605031,True
R513N,-4.000733191970189,513,True,mild,sensitive,513,-0.82987967395723,True
R513P,-2.55032765436488,513,True,neutral,sensitive,513,-0.5290193023959604,True
R513Q,-2.79148527459647,513,True,neutral,sensitive,513,-0.579043084949562,True
R513R,0.0,513,True,neutral,sensitive,513,0.0,True
R513S,-2.7066235932132705,513,True,neutral,sensitive,513,-0.5614400654282651,True
R513T,-4.25735152282307,513,True,mild,sensitive,513,-0.8831105010383936,True
R513V,-3.9575424476739,513,True,mild,sensitive,513,-0.8209205359505978,True
R513W,-5.05038177027829,513,True,impactful,sensitive,513,-1.0476102693601754,True
R513Y,-5.05038177027829,513,True,impactful,sensitive,513,-1.0476102693601754,True
P514A,-3.03626715964608,514,True,neutral,sensitive,514,-1.1511579890014498,True
P514C,-4.59847675570359,514,True,mild,sensitive,514,-1.7434477851358432,True
P514D,-4.86441330753485,514,True,mild,sensitive,514,-1.8442738884105423,True
P514E,-4.8914546808456,514,True,mild,sensitive,514,-1.854526244769022,True
P514F,-5.1844326059876105,514,True,impactful,sensitive,514,-1.965604704402201,True
P514G,-4.48544794088388,514,True,mild,sensitive,514,-1.7005944997279012,True
P514H,-4.8914546808456,514,True,mild,sensitive,514,-1.854526244769022,True
P514I,-4.31556342122804,514,True,mild,sensitive,514,-1.6361851734971062,True
P514K,-5.1844326059876105,514,True,impactful,sensitive,514,-1.965604704402201,True
P514L,-4.09805688563947,514,True,mild,sensitive,514,-1.5537206297209265,True
P514M,-4.31556342122804,514,True,mild,sensitive,514,-1.6361851734971062,True
P514N,-4.8914546808456,514,True,mild,sensitive,514,-1.854526244769022,True
P514P,0.0,514,True,neutral,sensitive,514,0.0,True
P514Q,-4.8914546808456,514,True,mild,sensitive,514,-1.854526244769022,True
P514R,-5.1844326059876105,514,True,impactful,sensitive,514,-1.965604704402201,True
P514S,-4.564800345327,514,True,mild,sensitive,514,-1.730679847794512,True
P514T,-4.59847675570359,514,True,mild,sensitive,514,-1.7434477851358432,True
P514V,-4.31556342122804,514,True,mild,sensitive,514,-1.6361851734971062,True
P514W,-5.1844326059876105,514,True,impactful,sensitive,514,-1.965604704402201,True
P514Y,-5.1844326059876105,514,True,impactful,sensitive,514,-1.965604704402201,True
S515A,-1.26190103403016,515,True,neutral,sensitive,515,-0.41464039560196875,True
S515C,-3.47383877818506,515,True,neutral,sensitive,515,-1.1414475829724118,True
S515D,-4.34689572512409,515,True,mild,sensitive,515,-1.4283200619541463,True
S515E,-2.8756021817545,515,True,neutral,sensitive,515,-0.944876653622009,True
S515F,-4.79691403341541,515,True,mild,sensitive,515,-1.5761888443277585,True
S515G,-4.03848458410164,515,True,mild,sensitive,515,-1.3269811185084859,True
S515H,-4.34689572512409,515,True,mild,sensitive,515,-1.4283200619541463,True
S515I,-4.11676014490658,515,True,mild,sensitive,515,-1.3527012095638598,True
S515K,-4.17280487925465,515,True,mild,sensitive,515,-1.37111660839056,True
S515L,-3.9265827490765695,515,True,mild,sensitive,515,-1.2902119742633178,True
S515M,-4.11676014490658,515,True,mild,sensitive,515,-1.3527012095638598,True
S515N,-4.34689572512409,515,True,mild,sensitive,515,-1.4283200619541463,True
S515P,-1.53686039232119,515,True,neutral,sensitive,515,-0.5049876209561968,True
S515Q,-4.34689572512409,515,True,mild,sensitive,515,-1.4283200619541463,True
S515R,-4.13138907433256,515,True,mild,sensitive,515,-1.3575080406233837,True
S515S,0.0,515,True,neutral,sensitive,515,0.0,True
S515T,-3.47383877818506,515,True,neutral,sensitive,515,-1.1414475829724118,True
S515V,-2.8370759095566,515,True,neutral,sensitive,515,-0.932217539860775,True
S515W,-4.79691403341541,515,True,mild,sensitive,515,-1.5761888443277585,True
S515Y,-4.79691403341541,515,True,mild,sensitive,515,-1.5761888443277585,True
T516A,-2.2753838271320497,516,True,neutral,sensitive,516,-0.7401079440423596,True
T516C,-3.63151421245529,516,True,neutral,sensitive,516,-1.1812128070403634,True
T516D,-4.06803274647841,516,True,mild,sensitive,516,-1.3231980101080336,True
T516E,-4.06803274647841,516,True,mild,sensitive,516,-1.3231980101080336,True
T516F,-4.98607577181705,516,True,impactful,sensitive,516,-1.6218073822605135,True
T516G,-4.08011530755295,516,True,mild,sensitive,516,-1.3271280720734098,True
T516H,-4.06803274647841,516,True,mild,sensitive,516,-1.3231980101080336,True
T516I,-4.12072084427896,516,True,mild,sensitive,516,-1.3403357251931485,True
T516K,-2.67718933143632,516,True,neutral,sensitive,516,-0.8708021338091743,True
T516L,-2.31451918528098,516,True,neutral,sensitive,516,-0.7528373961521928,True
T516M,-4.12072084427896,516,True,mild,sensitive,516,-1.3403357251931485,True
T516N,-4.06803274647841,516,True,mild,sensitive,516,-1.3231980101080336,True
T516P,-2.55292915080223,516,True,neutral,sensitive,516,-0.8303843608959578,True
T516Q,-4.01364381281475,516,True,mild,sensitive,516,-1.305507068741361,True
T516R,-4.13062994479413,516,True,mild,sensitive,516,-1.3435588315201523,True
T516S,-3.51180701019882,516,True,neutral,sensitive,516,-1.1422759690912392,True
T516T,0.0,516,True,neutral,sensitive,516,0.0,True
T516V,-2.5826461797339704,516,True,neutral,sensitive,516,-0.8400503385316691,True
T516W,-4.98607577181705,516,True,impactful,sensitive,516,-1.6218073822605135,True
T516Y,-4.98607577181705,516,True,impactful,sensitive,516,-1.6218073822605135,True
P517A,-4.19145688042104,517,True,mild,sensitive,517,-1.174225388569979,True
P517C,-4.377746284724701,517,True,mild,sensitive,517,-1.2264138648911198,True
P517D,-4.34224295805369,517,True,mild,sensitive,517,-1.216467703271152,True
P517E,-4.34224295805369,517,True,mild,sensitive,517,-1.216467703271152,True
P517F,-5.07941884752281,517,True,impactful,sensitive,517,-1.4229855489633505,True
P517G,-4.30559739513483,517,True,mild,sensitive,517,-1.2062015472339123,True
P517H,-4.34224295805369,517,True,mild,sensitive,517,-1.216467703271152,True
P517I,-4.08564724941363,517,True,mild,sensitive,517,-1.144583104603159,True
P517K,-4.89512487515553,517,True,mild,sensitive,517,-1.371356087540301,True
P517L,-3.90109340050259,517,True,mild,sensitive,517,-1.0928808394642935,True
P517M,-4.08564724941363,517,True,mild,sensitive,517,-1.144583104603159,True
P517N,-4.34224295805369,517,True,mild,sensitive,517,-1.216467703271152,True
P517P,0.0,517,True,neutral,sensitive,517,0.0,True
P517Q,-4.27777160309028,517,True,mild,sensitive,517,-1.1984062263209372,True
P517R,-4.8464835499040895,517,True,mild,sensitive,517,-1.3577293509011317,True
P517S,-4.3389619334708,517,True,mild,sensitive,517,-1.215548533045699,True
P517T,-4.25652541735744,517,True,mild,sensitive,517,-1.1924541644461486,True
P517V,-2.25660666023637,517,True,neutral,sensitive,517,-0.6321822955743923,True
P517W,-5.07941884752281,517,True,impactful,sensitive,517,-1.4229855489633505,True
P517Y,-5.07941884752281,517,True,impactful,sensitive,517,-1.4229855489633505,True
Q518A,-3.54552223255427,518,True,neutral,tolerant,518,-1.2389145495372813,True
Q518C,-3.58069169773099,518,True,neutral,tolerant,518,-1.2512038426932555,True
Q518D,-1.76927002291099,518,True,neutral,tolerant,518,-0.6182373793395844,True
Q518E,-1.48271885055369,518,True,neutral,tolerant,518,-0.5181075836889545,True
Q518F,-4.1106725879977715,518,True,mild,tolerant,518,-1.4363954711364388,True
Q518G,-3.62743637804942,518,True,neutral,tolerant,518,-1.2675378721426351,True
Q518H,-2.81404864879232,518,True,neutral,tolerant,518,-0.9833151748657574,True
Q518I,-3.21710302461838,518,True,neutral,tolerant,518,-1.1241547741441493,True
Q518K,-4.1106725879977715,518,True,mild,tolerant,518,-1.4363954711364388,True
Q518L,-0.706767822982508,518,True,neutral,tolerant,518,-0.24696642175812838,True
Q518M,-1.24253641224551,518,True,neutral,tolerant,518,-0.43418045029485025,True
Q518N,-2.9499137386976804,518,True,neutral,tolerant,518,-1.0307906173019699,True
Q518P,-3.91524127695963,518,True,mild,tolerant,518,-1.3681057584229837,True
Q518Q,0.0,518,True,neutral,tolerant,518,0.0,True
Q518R,-4.1106725879977715,518,True,mild,tolerant,518,-1.4363954711364388,True
Q518S,-3.545187482674529,518,True,neutral,tolerant,518,-1.2387975776303901,True
Q518T,-3.58069169773099,518,True,neutral,tolerant,518,-1.2512038426932555,True
Q518V,-1.49796968151925,518,True,neutral,tolerant,518,-0.5234366932351536,True
Q518W,-4.1106725879977715,518,True,mild,tolerant,518,-1.4363954711364388,True
Q518Y,-4.1106725879977715,518,True,mild,tolerant,518,-1.4363954711364388,True
R519A,-2.86676852935911,519,True,neutral,sensitive,519,-1.5555427254938679,True
R519C,-4.456822536891759,519,True,mild,sensitive,519,-2.418324955460908,True
R519D,-4.2945157810289,519,True,mild,sensitive,519,-2.3302553778876454,True
R519E,-2.7819819663369603,519,True,neutral,sensitive,519,-1.5095365272333416,True
R519F,-4.99373434295349,519,True,impactful,sensitive,519,-2.709659691976176,True
R519G,-4.4607592159732015,519,True,mild,sensitive,519,-2.4204610443864794,True
R519H,-4.2945157810289,519,True,mild,sensitive,519,-2.3302553778876454,True
R519I,-2.24044821432773,519,True,neutral,sensitive,519,-1.2156938678346496,True
R519K,-1.4754509879482498,519,True,neutral,sensitive,519,-0.8005972674880505,True
R519L,-2.58735140591933,519,True,neutral,sensitive,519,-1.403927668577382,True
R519M,-2.58143262149692,519,True,neutral,sensitive,519,-1.4007160657019646,True
R519N,-4.2945157810289,519,True,mild,sensitive,519,-2.3302553778876454,True
R519P,-3.4335149983102404,519,True,neutral,sensitive,519,-1.8630661051974102,True
R519Q,-4.231906694781149,519,True,mild,sensitive,519,-2.2962829424904,True
R519R,0.0,519,True,neutral,sensitive,519,0.0,True
R519S,-4.456822536891759,519,True,mild,sensitive,519,-2.418324955460908,True
R519T,-4.26131447986314,519,True,mild,sensitive,519,-2.3122399566994982,True
R519V,-2.6830457267546697,519,True,neutral,sensitive,519,-1.455852546055986,True
R519W,-4.99373434295349,519,True,impactful,sensitive,519,-2.709659691976176,True
R519Y,-4.99373434295349,519,True,impactful,sensitive,519,-2.709659691976176,True
S520A,-3.39472443748106,520,True,neutral,sensitive,520,-2.0690235579895138,True
S520C,-1.3115846355237402,520,True,neutral,sensitive,520,-0.7993872725673479,True
S520D,-3.67815426904063,520,True,neutral,sensitive,520,-2.2417689484721905,True
S520E,-3.67815426904063,520,True,neutral,sensitive,520,-2.2417689484721905,True
S520F,-4.7378385516269805,520,True,mild,sensitive,520,-2.8876274813459974,True
S520G,-4.7378385516269805,520,True,mild,sensitive,520,-2.8876274813459974,True
S520H,-3.67815426904063,520,True,neutral,sensitive,520,-2.2417689484721905,True
S520I,-4.7378385516269805,520,True,mild,sensitive,520,-2.8876274813459974,True
S520K,-3.12992668471017,520,True,neutral,sensitive,520,-1.9076340848008788,True
S520L,-4.7378385516269805,520,True,mild,sensitive,520,-2.8876274813459974,True
S520M,-4.7378385516269805,520,True,mild,sensitive,520,-2.8876274813459974,True
S520N,-2.16667922795305,520,True,neutral,sensitive,520,-1.3205520647701774,True
S520P,-4.34397272679119,520,True,mild,sensitive,520,-2.647573336958094,True
S520Q,-3.67815426904063,520,True,neutral,sensitive,520,-2.2417689484721905,True
S520R,-4.5677125076303495,520,True,mild,sensitive,520,-2.7839387138660143,True
S520S,0.0,520,True,neutral,sensitive,520,0.0,True
S520T,-1.18182127033022,520,True,neutral,sensitive,520,-0.7202988326972155,True
S520V,-4.7378385516269805,520,True,mild,sensitive,520,-2.8876274813459974,True
S520W,-4.7378385516269805,520,True,mild,sensitive,520,-2.8876274813459974,True
S520Y,-4.7378385516269805,520,True,mild,sensitive,520,-2.8876274813459974,True
A521A,0.0,521,True,neutral,tolerant,521,0.0,True
A521C,-3.06000991911795,521,True,neutral,tolerant,521,-0.9076726766889783,True
A521D,-4.26022586098553,521,True,mild,tolerant,521,-1.263685645716788,True
A521E,-4.26022586098553,521,True,mild,tolerant,521,-1.263685645716788,True
A521F,-2.11215960171946,521,True,neutral,tolerant,521,-0.6265174329368345,True
A521G,-3.83672360325329,521,True,mild,tolerant,521,-1.1380646712689497,True
A521H,-4.26022586098553,521,True,mild,tolerant,521,-1.263685645716788,True
A521I,-1.55789953559977,521,True,neutral,tolerant,521,-0.46211054175208816,True
A521K,-4.1068739787584505,521,True,mild,tolerant,521,-1.218197782247225,True
A521L,-0.986211096217224,521,True,neutral,tolerant,521,-0.2925339750996261,True
A521M,-3.38778153280034,521,True,neutral,tolerant,521,-1.0048976353647716,True
A521N,-4.26022586098553,521,True,mild,tolerant,521,-1.263685645716788,True
A521P,-1.91668188994028,521,True,neutral,tolerant,521,-0.568534033348774,True
A521Q,-4.26022586098553,521,True,mild,tolerant,521,-1.263685645716788,True
A521R,-2.7010192510857203,521,True,neutral,tolerant,521,-0.8011873942317554,True
A521S,-1.39455672990233,521,True,neutral,tolerant,521,-0.41365912963770535,True
A521T,-2.95914146456576,521,True,neutral,tolerant,521,-0.8777526625201164,True
A521V,-0.538585672238057,521,True,neutral,tolerant,521,-0.1597574882657779,True
A521W,-4.1068739787584505,521,True,mild,tolerant,521,-1.218197782247225,True
A521Y,-4.1068739787584505,521,True,mild,tolerant,521,-1.218197782247225,True
H522A,-4.9388623002972505,522,True,mild,sensitive,522,-2.50890020665692,True
H522C,-4.9388623002972505,522,True,mild,sensitive,522,-2.50890020665692,True
H522D,-3.4741088851489104,522,True,neutral,sensitive,522,-1.764817881108803,True
H522E,-3.60606484411694,522,True,neutral,sensitive,522,-1.831850390337614,True
H522F,-4.9388623002972505,522,True,mild,sensitive,522,-2.50890020665692,True
H522G,-4.9388623002972505,522,True,mild,sensitive,522,-2.50890020665692,True
H522H,0.0,522,True,neutral,sensitive,522,0.0,True
H522I,-4.9388623002972505,522,True,mild,sensitive,522,-2.50890020665692,True
H522K,-3.62903617090221,522,True,neutral,sensitive,522,-1.843519629732136,True
H522L,-4.9388623002972505,522,True,mild,sensitive,522,-2.50890020665692,True
H522M,-4.9388623002972505,522,True,mild,sensitive,522,-2.50890020665692,True
H522N,-3.60606484411694,522,True,neutral,sensitive,522,-1.831850390337614,True
H522P,-4.9388623002972505,522,True,mild,sensitive,522,-2.50890020665692,True
H522Q,-3.60606484411694,522,True,neutral,sensitive,522,-1.831850390337614,True
H522R,-1.61951743950849,522,True,neutral,sensitive,522,-0.8227011387668751,True
H522S,-4.9388623002972505,522,True,mild,sensitive,522,-2.50890020665692,True
H522T,-4.9388623002972505,522,True,mild,sensitive,522,-2.50890020665692,True
H522V,-4.9388623002972505,522,True,mild,sensitive,522,-2.50890020665692,True
H522W,-4.9388623002972505,522,True,mild,sensitive,522,-2.50890020665692,True
H522Y,-4.9388623002972505,522,True,mild,sensitive,522,-2.50890020665692,True
E523A,-4.1975552071086,523,True,mild,sensitive,523,-2.320134975846363,True
E523C,-4.1975552071086,523,True,mild,sensitive,523,-2.320134975846363,True
E523D,-0.182211457871284,523,True,neutral,sensitive,523,-0.10071461971272759,True
E523E,0.0,523,True,neutral,sensitive,523,0.0,True
E523F,-4.621198816012879,523,True,mild,sensitive,523,-2.554297555208757,True
E523G,-2.2419754092732203,523,True,neutral,sensitive,523,-1.2392179031339858,True
E523H,-3.27024383147825,523,True,neutral,sensitive,523,-1.8075776776227173,True
E523I,-4.621198816012879,523,True,mild,sensitive,523,-2.554297555208757,True
E523K,-4.621198816012879,523,True,mild,sensitive,523,-2.554297555208757,True
E523L,-4.621198816012879,523,True,mild,sensitive,523,-2.554297555208757,True
E523M,-4.621198816012879,523,True,mild,sensitive,523,-2.554297555208757,True
E523N,-3.27024383147825,523,True,neutral,sensitive,523,-1.8075776776227173,True
E523P,-4.621198816012879,523,True,mild,sensitive,523,-2.554297555208757,True
E523Q,-3.27024383147825,523,True,neutral,sensitive,523,-1.8075776776227173,True
E523R,-4.621198816012879,523,True,mild,sensitive,523,-2.554297555208757,True
E523S,-3.79003703431885,523,True,neutral,sensitive,523,-2.0948854867196225,True
E523T,-4.1975552071086,523,True,mild,sensitive,523,-2.320134975846363,True
E523V,-4.621198816012879,523,True,mild,sensitive,523,-2.554297555208757,True
E523W,-4.621198816012879,523,True,mild,sensitive,523,-2.554297555208757,True
E523Y,-4.621198816012879,523,True,mild,sensitive,523,-2.554297555208757,True
N524A,-3.72528112256803,524,True,neutral,sensitive,524,-2.1903030294555057,True
N524C,-3.72528112256803,524,True,neutral,sensitive,524,-2.1903030294555057,True
N524D,-0.722369333179836,524,True,neutral,sensitive,524,-0.42472170201180687,True
N524E,-0.974742407800567,524,True,neutral,sensitive,524,-0.5731060766959198,True
N524F,-4.10112058883331,524,True,mild,sensitive,524,-2.411280264317799,True
N524G,-4.10112058883331,524,True,mild,sensitive,524,-2.411280264317799,True
N524H,-1.88083043150703,524,True,neutral,sensitive,524,-1.1058463660809865,True
N524I,-3.8103314836448,524,True,mild,sensitive,524,-2.24030893703499,True
N524K,-3.9161243095459,524,True,mild,sensitive,524,-2.302510510404063,True
N524L,-2.68997889119056,524,True,neutral,sensitive,524,-1.5815904144395079,True
N524M,-3.8103314836448,524,True,mild,sensitive,524,-2.24030893703499,True
N524N,0.0,524,True,neutral,sensitive,524,0.0,True
N524P,-4.10112058883331,524,True,mild,sensitive,524,-2.411280264317799,True
N524Q,-0.959249874427484,524,True,neutral,sensitive,524,-0.5639971419163582,True
N524R,-3.95572603623906,524,True,mild,sensitive,524,-2.325794600676397,True
N524S,-1.18487916279395,524,True,neutral,sensitive,524,-0.6966573352234031,True
N524T,-3.72528112256803,524,True,neutral,sensitive,524,-2.1903030294555057,True
N524V,-3.8103314836448,524,True,mild,sensitive,524,-2.24030893703499,True
N524W,-4.10112058883331,524,True,mild,sensitive,524,-2.411280264317799,True
N524Y,-4.10112058883331,524,True,mild,sensitive,524,-2.411280264317799,True
L525A,-5.14739313480875,525,True,impactful,sensitive,525,-2.5215988398702582,True
L525C,-5.14739313480875,525,True,impactful,sensitive,525,-2.5215988398702582,True
L525D,-5.14739313480875,525,True,impactful,sensitive,525,-2.5215988398702582,True
L525E,-5.14739313480875,525,True,impactful,sensitive,525,-2.5215988398702582,True
L525F,-5.14739313480875,525,True,impactful,sensitive,525,-2.5215988398702582,True
L525G,-5.14739313480875,525,True,impactful,sensitive,525,-2.5215988398702582,True
L525H,-5.14739313480875,525,True,impactful,sensitive,525,-2.5215988398702582,True
L525I,-3.63538694241982,525,True,neutral,sensitive,525,-1.7808990408162986,True
L525K,-5.14739313480875,525,True,impactful,sensitive,525,-2.5215988398702582,True
L525L,0.0,525,True,neutral,sensitive,525,0.0,True
L525M,-3.63538694241982,525,True,neutral,sensitive,525,-1.7808990408162986,True
L525N,-5.14739313480875,525,True,impactful,sensitive,525,-2.5215988398702582,True
L525P,-5.14739313480875,525,True,impactful,sensitive,525,-2.5215988398702582,True
L525Q,-5.14739313480875,525,True,impactful,sensitive,525,-2.5215988398702582,True
L525R,-5.14739313480875,525,True,impactful,sensitive,525,-2.5215988398702582,True
L525S,-5.14739313480875,525,True,impactful,sensitive,525,-2.5215988398702582,True
L525T,-5.14739313480875,525,True,impactful,sensitive,525,-2.5215988398702582,True
L525V,-3.63538694241982,525,True,neutral,sensitive,525,-1.7808990408162986,True
L525W,-5.14739313480875,525,True,impactful,sensitive,525,-2.5215988398702582,True
L525Y,-5.14739313480875,525,True,impactful,sensitive,525,-2.5215988398702582,True
M526A,-3.42465568728862,526,True,neutral,sensitive,526,-2.092867806140263,True
M526C,-4.9643705898975705,526,True,impactful,sensitive,526,-3.0338148806930127,True
M526D,-5.14655739483594,526,True,impactful,sensitive,526,-3.145152467176327,True
M526E,-5.14655739483594,526,True,impactful,sensitive,526,-3.145152467176327,True
M526F,-5.14655739483594,526,True,impactful,sensitive,526,-3.145152467176327,True
M526G,-5.14655739483594,526,True,impactful,sensitive,526,-3.145152467176327,True
M526H,-5.14655739483594,526,True,impactful,sensitive,526,-3.145152467176327,True
M526I,-3.63538694241982,526,True,neutral,sensitive,526,-2.2216494122002857,True
M526K,-5.14655739483594,526,True,impactful,sensitive,526,-3.145152467176327,True
M526L,-1.82725910858745,526,True,neutral,sensitive,526,-1.1166704366905122,True
M526M,0.0,526,True,neutral,sensitive,526,0.0,True
M526N,-5.14655739483594,526,True,impactful,sensitive,526,-3.145152467176327,True
M526P,-5.14655739483594,526,True,impactful,sensitive,526,-3.145152467176327,True
M526Q,-5.14655739483594,526,True,impactful,sensitive,526,-3.145152467176327,True
M526R,-5.14655739483594,526,True,impactful,sensitive,526,-3.145152467176327,True
M526S,-4.9643705898975705,526,True,impactful,sensitive,526,-3.0338148806930127,True
M526T,-4.9643705898975705,526,True,impactful,sensitive,526,-3.0338148806930127,True
M526V,-3.63538694241982,526,True,neutral,sensitive,526,-2.2216494122002857,True
M526W,-5.14655739483594,526,True,impactful,sensitive,526,-3.145152467176327,True
M526Y,-5.14655739483594,526,True,impactful,sensitive,526,-3.145152467176327,True
E527A,-0.9710947191153828,527,True,neutral,tolerant,527,-0.6217600423782234,True
E527C,-2.8612107228071704,527,True,neutral,tolerant,527,-1.8319392179232303,True
E527D,-0.262983377872074,527,True,neutral,tolerant,527,-0.16837961627415765,True
E527E,0.0,527,True,neutral,tolerant,527,0.0,True
E527F,-2.4392450347947405,527,True,neutral,tolerant,527,-1.5617684519862451,True
E527G,-2.60057934067716,527,True,neutral,tolerant,527,-1.6650655072455844,True
E527H,-2.8464565239309003,527,True,neutral,tolerant,527,-1.8224925891464587,True
E527I,-3.8896370087478296,527,True,mild,tolerant,527,-2.4904067788547066,True
E527K,-2.4877742657073503,527,True,neutral,tolerant,527,-1.5928401240640144,True
E527L,-3.8896370087478296,527,True,mild,tolerant,527,-2.4904067788547066,True
E527M,-3.8896370087478296,527,True,mild,tolerant,527,-2.4904067788547066,True
E527N,-1.4307180206486698,527,True,neutral,tolerant,527,-0.9160417409747127,True
E527P,-3.8896370087478296,527,True,mild,tolerant,527,-2.4904067788547066,True
E527Q,-2.8464565239309003,527,True,neutral,tolerant,527,-1.8224925891464587,True
E527R,-3.5584146863688906,527,True,neutral,tolerant,527,-2.278336008470388,True
E527S,-0.9900511830163108,527,True,neutral,tolerant,527,-0.6338972433807364,True
E527T,-2.8612107228071704,527,True,neutral,tolerant,527,-1.8319392179232303,True
E527V,-3.8896370087478296,527,True,mild,tolerant,527,-2.4904067788547066,True
E527W,-3.7469873189885896,527,True,neutral,tolerant,527,-2.3990728693976138,True
E527Y,-3.7469873189885896,527,True,neutral,tolerant,527,-2.3990728693976138,True
A528A,0.0,528,True,neutral,sensitive,528,0.0,True
A528C,-3.17840480660506,528,True,neutral,sensitive,528,-1.5743669224271204,True
A528D,-2.01447619153502,528,True,neutral,sensitive,528,-0.9978353529351998,True
A528E,-1.50594483006911,528,True,neutral,sensitive,528,-0.7459432865612138,True
A528F,-4.46492217278289,528,True,mild,sensitive,528,-2.211620673815029,True
A528G,-4.46492217278289,528,True,mild,sensitive,528,-2.211620673815029,True
A528H,-3.59531539490847,528,True,neutral,sensitive,528,-1.7808762501472752,True
A528I,-4.21246106884696,528,True,mild,sensitive,528,-2.086568506007396,True
A528K,-4.46492217278289,528,True,mild,sensitive,528,-2.211620673815029,True
A528L,-4.21246106884696,528,True,mild,sensitive,528,-2.086568506007396,True
A528M,-4.21246106884696,528,True,mild,sensitive,528,-2.086568506007396,True
A528N,-3.59531539490847,528,True,neutral,sensitive,528,-1.7808762501472752,True
A528P,-4.46492217278289,528,True,mild,sensitive,528,-2.211620673815029,True
A528Q,-3.59531539490847,528,True,neutral,sensitive,528,-1.7808762501472752,True
A528R,-4.46492217278289,528,True,mild,sensitive,528,-2.211620673815029,True
A528S,-0.7913828793131501,528,True,neutral,sensitive,528,-0.39199759123714817,True
A528T,-3.17840480660506,528,True,neutral,sensitive,528,-1.5743669224271204,True
A528V,-2.8662942577849595,528,True,neutral,sensitive,528,-1.4197684511493873,True
A528W,-4.46492217278289,528,True,mild,sensitive,528,-2.211620673815029,True
A528Y,-4.46492217278289,528,True,mild,sensitive,528,-2.211620673815029,True
I529A,-5.148226225839,529,True,impactful,sensitive,529,-2.4101689751016573,True
I529C,-5.148226225839,529,True,impactful,sensitive,529,-2.4101689751016573,True
I529D,-5.148226225839,529,True,impactful,sensitive,529,-2.4101689751016573,True
I529E,-5.148226225839,529,True,impactful,sensitive,529,-2.4101689751016573,True
I529F,-5.148226225839,529,True,impactful,sensitive,529,-2.4101689751016573,True
I529G,-5.148226225839,529,True,impactful,sensitive,529,-2.4101689751016573,True
I529H,-5.148226225839,529,True,impactful,sensitive,529,-2.4101689751016573,True
I529I,0.0,529,True,neutral,sensitive,529,0.0,True
I529K,-5.148226225839,529,True,impactful,sensitive,529,-2.4101689751016573,True
I529L,-3.63538694241982,529,True,neutral,sensitive,529,-1.7019253693891452,True
I529M,-3.63538694241982,529,True,neutral,sensitive,529,-1.7019253693891452,True
I529N,-5.148226225839,529,True,impactful,sensitive,529,-2.4101689751016573,True
I529P,-5.148226225839,529,True,impactful,sensitive,529,-2.4101689751016573,True
I529Q,-5.148226225839,529,True,impactful,sensitive,529,-2.4101689751016573,True
I529R,-5.148226225839,529,True,impactful,sensitive,529,-2.4101689751016573,True
I529S,-5.148226225839,529,True,impactful,sensitive,529,-2.4101689751016573,True
I529T,-5.148226225839,529,True,impactful,sensitive,529,-2.4101689751016573,True
I529V,-3.63538694241982,529,True,neutral,sensitive,529,-1.7019253693891452,True
I529W,-5.148226225839,529,True,impactful,sensitive,529,-2.4101689751016573,True
I529Y,-5.148226225839,529,True,impactful,sensitive,529,-2.4101689751016573,True
R530A,-4.96717326850749,530,True,impactful,sensitive,530,-1.978478307883951,True
R530C,-4.96717326850749,530,True,impactful,sensitive,530,-1.978478307883951,True
R530D,-4.79130796585582,530,True,mild,sensitive,530,-1.9084292744403635,True
R530E,-4.79130796585582,530,True,mild,sensitive,530,-1.9084292744403635,True
R530F,-4.96717326850749,530,True,impactful,sensitive,530,-1.978478307883951,True
R530G,-4.96717326850749,530,True,impactful,sensitive,530,-1.978478307883951,True
R530H,-4.79130796585582,530,True,mild,sensitive,530,-1.9084292744403635,True
R530I,-4.96717326850749,530,True,impactful,sensitive,530,-1.978478307883951,True
R530K,-0.884757078150647,530,True,neutral,sensitive,530,-0.35240821937218497,True
R530L,-4.96717326850749,530,True,impactful,sensitive,530,-1.978478307883951,True
R530M,-4.96717326850749,530,True,impactful,sensitive,530,-1.978478307883951,True
R530N,-4.79130796585582,530,True,mild,sensitive,530,-1.9084292744403635,True
R530P,-4.96717326850749,530,True,impactful,sensitive,530,-1.978478307883951,True
R530Q,-4.533683138554889,530,True,mild,sensitive,530,-1.8058145467402376,True
R530R,0.0,530,True,neutral,sensitive,530,0.0,True
R530S,-4.96717326850749,530,True,impactful,sensitive,530,-1.978478307883951,True
R530T,-4.96717326850749,530,True,impactful,sensitive,530,-1.978478307883951,True
R530V,-4.96717326850749,530,True,impactful,sensitive,530,-1.978478307883951,True
R530W,-4.96717326850749,530,True,impactful,sensitive,530,-1.978478307883951,True
R530Y,-4.96717326850749,530,True,impactful,sensitive,530,-1.978478307883951,True
G531A,-0.569174968128464,531,True,neutral,tolerant,531,-0.2793134032370682,True
G531C,-1.5303476955840802,531,True,neutral,tolerant,531,-0.7509933621907257,True
G531D,-2.8471585989301604,531,True,neutral,tolerant,531,-1.3971969997868503,True
G531E,-2.8471585989301604,531,True,neutral,tolerant,531,-1.3971969997868503,True
G531F,-3.6695128910996,531,True,neutral,tolerant,531,-1.800754058467291,True
G531G,0.0,531,True,neutral,tolerant,531,0.0,True
G531H,-1.4919570190147098,531,True,neutral,tolerant,531,-0.7321537590359639,True
G531I,-3.6695128910996,531,True,neutral,tolerant,531,-1.800754058467291,True
G531K,-1.74102848562515,531,True,neutral,tolerant,531,-0.8543815499329591,True
G531L,-3.6695128910996,531,True,neutral,tolerant,531,-1.800754058467291,True
G531M,-3.6695128910996,531,True,neutral,tolerant,531,-1.800754058467291,True
G531N,-1.0508512828786,531,True,neutral,tolerant,531,-0.5156882585367203,True
G531P,-3.6695128910996,531,True,neutral,tolerant,531,-1.800754058467291,True
G531Q,-1.75017484690804,531,True,neutral,tolerant,531,-0.8588699786942591,True
G531R,-2.99556647178912,531,True,neutral,tolerant,531,-1.470025761339228,True
G531S,-0.919673441721101,531,True,neutral,tolerant,531,-0.4513148561654428,True
G531T,-1.06814240634257,531,True,neutral,tolerant,531,-0.5241735975114724,True
G531V,-3.6695128910996,531,True,neutral,tolerant,531,-1.800754058467291,True
G531W,-3.6695128910996,531,True,neutral,tolerant,531,-1.800754058467291,True
G531Y,-3.6695128910996,531,True,neutral,tolerant,531,-1.800754058467291,True
S532A,-1.76274251332728,532,True,neutral,sensitive,532,-0.9246537125331752,True
S532C,-3.41288983129531,532,True,neutral,sensitive,532,-1.7902451600927713,True
S532D,-4.69551094205974,532,True,mild,sensitive,532,-2.463049249671996,True
S532E,-4.69551094205974,532,True,mild,sensitive,532,-2.463049249671996,True
S532F,-4.97486607482226,532,True,impactful,sensitive,532,-2.6095861140586685,True
S532G,-4.74768133893549,532,True,mild,sensitive,532,-2.490415442289905,True
S532H,-4.69551094205974,532,True,mild,sensitive,532,-2.463049249671996,True
S532I,-4.97486607482226,532,True,impactful,sensitive,532,-2.6095861140586685,True
S532K,-4.97486607482226,532,True,impactful,sensitive,532,-2.6095861140586685,True
S532L,-4.97486607482226,532,True,impactful,sensitive,532,-2.6095861140586685,True
S532M,-4.97486607482226,532,True,impactful,sensitive,532,-2.6095861140586685,True
S532N,-4.663265014190451,532,True,mild,sensitive,532,-2.446134517830568,True
S532P,-4.97486607482226,532,True,impactful,sensitive,532,-2.6095861140586685,True
S532Q,-4.69551094205974,532,True,mild,sensitive,532,-2.463049249671996,True
S532R,-4.97486607482226,532,True,impactful,sensitive,532,-2.6095861140586685,True
S532S,0.0,532,True,neutral,sensitive,532,0.0,True
S532T,-3.47862704953517,532,True,neutral,sensitive,532,-1.8247278837109566,True
S532V,-4.97486607482226,532,True,impactful,sensitive,532,-2.6095861140586685,True
S532W,-4.97486607482226,532,True,impactful,sensitive,532,-2.6095861140586685,True
S532Y,-4.97486607482226,532,True,impactful,sensitive,532,-2.6095861140586685,True
S533A,-3.25641265303349,533,True,neutral,sensitive,533,-2.2786660559183245,True
S533C,-3.25641265303349,533,True,neutral,sensitive,533,-2.2786660559183245,True
S533D,-3.31833615429411,533,True,neutral,sensitive,533,-2.321996860524659,True
S533E,-3.3614086442038302,533,True,neutral,sensitive,533,-2.3521367202902006,True
S533F,-4.49052957025913,533,True,mild,sensitive,533,-3.1422360723586547,True
S533G,-3.01581753250131,533,True,neutral,sensitive,533,-2.1103102629675905,True
S533H,-3.3614086442038302,533,True,neutral,sensitive,533,-2.3521367202902006,True
S533I,-4.49052957025913,533,True,mild,sensitive,533,-3.1422360723586547,True
S533K,-4.327334998068101,533,True,mild,sensitive,533,-3.028041106368886,True
S533L,-4.49052957025913,533,True,mild,sensitive,533,-3.1422360723586547,True
S533M,-4.49052957025913,533,True,mild,sensitive,533,-3.1422360723586547,True
S533N,-0.9803871736870968,533,True,neutral,sensitive,533,-0.6860233061241319,True
S533P,-4.49052957025913,533,True,mild,sensitive,533,-3.1422360723586547,True
S533Q,-3.3614086442038302,533,True,neutral,sensitive,533,-2.3521367202902006,True
S533R,-4.20666707704946,533,True,mild,sensitive,533,-2.9436040509461736,True
S533S,0.0,533,True,neutral,sensitive,533,0.0,True
S533T,-1.8065198740501895,533,True,neutral,sensitive,533,-1.2641074565612427,True
S533V,-4.49052957025913,533,True,mild,sensitive,533,-3.1422360723586547,True
S533W,-4.49052957025913,533,True,mild,sensitive,533,-3.1422360723586547,True
S533Y,-4.49052957025913,533,True,mild,sensitive,533,-3.1422360723586547,True
I534A,-3.12733322696956,534,True,neutral,tolerant,534,-0.8354654665849228,True
I534C,-3.12733322696956,534,True,neutral,tolerant,534,-0.8354654665849228,True
I534D,-3.4733160514715897,534,True,neutral,tolerant,534,-0.927894600586437,True
I534E,-3.4733160514715897,534,True,neutral,tolerant,534,-0.927894600586437,True
I534F,-3.4733160514715897,534,True,neutral,tolerant,534,-0.927894600586437,True
I534G,-3.4733160514715897,534,True,neutral,tolerant,534,-0.927894600586437,True
I534H,-3.4733160514715897,534,True,neutral,tolerant,534,-0.927894600586437,True
I534I,0.0,534,True,neutral,tolerant,534,0.0,True
I534K,-3.1440445300100897,534,True,neutral,tolerant,534,-0.8399298826156786,True
I534L,-0.246497249292167,534,True,neutral,tolerant,534,-0.06585161364186946,True
I534M,-0.620192254652582,534,True,neutral,tolerant,534,-0.16568404253734426,True
I534N,-3.4733160514715897,534,True,neutral,tolerant,534,-0.927894600586437,True
I534P,-3.4733160514715897,534,True,neutral,tolerant,534,-0.927894600586437,True
I534Q,-3.4733160514715897,534,True,neutral,tolerant,534,-0.927894600586437,True
I534R,-3.15660697250023,534,True,neutral,tolerant,534,-0.8432859326796629,True
I534S,-3.0430601698968,534,True,neutral,tolerant,534,-0.8129519626382847,True
I534T,-1.87762390889666,534,True,neutral,tolerant,534,-0.5016062636335822,True
I534V,-0.85612704475519,534,True,neutral,tolerant,534,-0.22871390062755467,True
I534W,-3.4733160514715897,534,True,neutral,tolerant,534,-0.927894600586437,True
I534Y,-3.4733160514715897,534,True,neutral,tolerant,534,-0.927894600586437,True
K535A,-1.61113642383334,535,True,neutral,tolerant,535,-0.3216861833990655,True
K535C,-1.87677588804377,535,True,neutral,tolerant,535,-0.37472486102930025,True
K535D,-3.37955614034485,535,True,neutral,tolerant,535,-0.6747762016228053,True
K535E,-3.37955614034485,535,True,neutral,tolerant,535,-0.6747762016228053,True
K535F,-3.43082854561808,535,True,neutral,tolerant,535,-0.6850134628019626,True
K535G,-2.48757511719667,535,True,neutral,tolerant,535,-0.4966795694839659,True
K535H,-3.28121264702006,535,True,neutral,tolerant,535,-0.6551405316933073,True
K535I,-3.68695878161976,535,True,neutral,tolerant,535,-0.736153488471822,True
K535K,0.0,535,True,neutral,tolerant,535,0.0,True
K535L,-3.68695878161976,535,True,neutral,tolerant,535,-0.736153488471822,True
K535M,-3.68695878161976,535,True,neutral,tolerant,535,-0.736153488471822,True
K535N,-3.37955614034485,535,True,neutral,tolerant,535,-0.6747762016228053,True
K535P,-3.68695878161976,535,True,neutral,tolerant,535,-0.736153488471822,True
K535Q,-3.37955614034485,535,True,neutral,tolerant,535,-0.6747762016228053,True
K535R,-0.146133457417374,535,True,neutral,tolerant,535,-0.029177612452989665,True
K535S,-0.575148201247177,535,True,neutral,tolerant,535,-0.11483647629778908,True
K535T,-2.7970745960560297,535,True,neutral,tolerant,535,-0.5584755196254085,True
K535V,-3.68695878161976,535,True,neutral,tolerant,535,-0.736153488471822,True
K535W,-3.5545676701328097,535,True,neutral,tolerant,535,-0.7097197298278037,True
K535Y,-3.5545676701328097,535,True,neutral,tolerant,535,-0.7097197298278037,True
Q536A,-2.8924859233668,536,True,neutral,tolerant,536,-0.9932385297418331,True
Q536C,-2.98339954147187,536,True,neutral,tolerant,536,-1.0244569732442594,True
Q536D,-2.83760456972626,536,True,neutral,tolerant,536,-0.9743930534130417,True
Q536E,-2.83760456972626,536,True,neutral,tolerant,536,-0.9743930534130417,True
Q536F,-3.1280335743664103,536,True,neutral,tolerant,536,-1.0741222431846547,True
Q536G,-3.4795309739911904,536,True,neutral,tolerant,536,-1.194821451291785,True
Q536H,-2.83760456972626,536,True,neutral,tolerant,536,-0.9743930534130417,True
Q536I,-3.89485387325342,536,True,mild,tolerant,536,-1.3374374282612331,True
Q536K,-1.8867956056013304,536,True,neutral,tolerant,536,-0.6478987773428717,True
Q536L,-3.89485387325342,536,True,mild,tolerant,536,-1.3374374282612331,True
Q536M,-3.89485387325342,536,True,mild,tolerant,536,-1.3374374282612331,True
Q536N,-0.938213692970741,536,True,neutral,tolerant,536,-0.322169239083188,True
Q536P,-2.55082193625598,536,True,neutral,tolerant,536,-0.8759159756432182,True
Q536Q,0.0,536,True,neutral,tolerant,536,0.0,True
Q536R,-1.53756109996321,536,True,neutral,tolerant,536,-0.5279766148483457,True
Q536S,-1.1126868056285302,536,True,neutral,tolerant,536,-0.3820808246490024,True
Q536T,-1.55641969673499,536,True,neutral,tolerant,536,-0.5344523887766744,True
Q536V,-3.89485387325342,536,True,mild,tolerant,536,-1.3374374282612331,True
Q536W,-3.1280335743664103,536,True,neutral,tolerant,536,-1.0741222431846547,True
Q536Y,-1.71669775641994,536,True,neutral,tolerant,536,-0.5894895950307517,True
L537A,-5.21783067484356,537,True,impactful,sensitive,537,-2.292674752477089,True
L537C,-5.21783067484356,537,True,impactful,sensitive,537,-2.292674752477089,True
L537D,-5.21783067484356,537,True,impactful,sensitive,537,-2.292674752477089,True
L537E,-5.21783067484356,537,True,impactful,sensitive,537,-2.292674752477089,True
L537F,-5.21783067484356,537,True,impactful,sensitive,537,-2.292674752477089,True
L537G,-5.21783067484356,537,True,impactful,sensitive,537,-2.292674752477089,True
L537H,-5.21783067484356,537,True,impactful,sensitive,537,-2.292674752477089,True
L537I,-2.1246944345183403,537,True,neutral,sensitive,537,-0.9335744278238451,True
L537K,-5.21783067484356,537,True,impactful,sensitive,537,-2.292674752477089,True
L537L,0.0,537,True,neutral,sensitive,537,0.0,True
L537M,-3.6857324319587295,537,True,neutral,sensitive,537,-1.619482543172237,True
L537N,-5.21783067484356,537,True,impactful,sensitive,537,-2.292674752477089,True
L537P,-5.21783067484356,537,True,impactful,sensitive,537,-2.292674752477089,True
L537Q,-5.21783067484356,537,True,impactful,sensitive,537,-2.292674752477089,True
L537R,-5.21783067484356,537,True,impactful,sensitive,537,-2.292674752477089,True
L537S,-5.21783067484356,537,True,impactful,sensitive,537,-2.292674752477089,True
L537T,-5.21783067484356,537,True,impactful,sensitive,537,-2.292674752477089,True
L537V,-3.6857324319587295,537,True,neutral,sensitive,537,-1.619482543172237,True
L537W,-5.21783067484356,537,True,impactful,sensitive,537,-2.292674752477089,True
L537Y,-5.21783067484356,537,True,impactful,sensitive,537,-2.292674752477089,True
K538A,-3.46036104125697,538,True,neutral,tolerant,538,-0.7000934967270863,True
K538C,-3.46036104125697,538,True,neutral,tolerant,538,-0.7000934967270863,True
K538D,-3.46036104125697,538,True,neutral,tolerant,538,-0.7000934967270863,True
K538E,-3.46036104125697,538,True,neutral,tolerant,538,-0.7000934967270863,True
K538F,-3.46036104125697,538,True,neutral,tolerant,538,-0.7000934967270863,True
K538G,-3.46036104125697,538,True,neutral,tolerant,538,-0.7000934967270863,True
K538H,-3.46036104125697,538,True,neutral,tolerant,538,-0.7000934967270863,True
K538I,-3.46036104125697,538,True,neutral,tolerant,538,-0.7000934967270863,True
K538K,0.0,538,True,neutral,tolerant,538,0.0,True
K538L,-3.46036104125697,538,True,neutral,tolerant,538,-0.7000934967270863,True
K538M,-3.46036104125697,538,True,neutral,tolerant,538,-0.7000934967270863,True
K538N,-3.46036104125697,538,True,neutral,tolerant,538,-0.7000934967270863,True
K538P,-2.30185739659608,538,True,neutral,tolerant,538,-0.4657072989021623,True
K538Q,-3.46036104125697,538,True,neutral,tolerant,538,-0.7000934967270863,True
K538R,-0.13529968905596002,538,True,neutral,tolerant,538,-0.027373569199261007,True
K538S,-3.46036104125697,538,True,neutral,tolerant,538,-0.7000934967270863,True
K538T,-3.46036104125697,538,True,neutral,tolerant,538,-0.7000934967270863,True
K538V,-3.46036104125697,538,True,neutral,tolerant,538,-0.7000934967270863,True
K538W,-3.46036104125697,538,True,neutral,tolerant,538,-0.7000934967270863,True
K538Y,-3.46036104125697,538,True,neutral,tolerant,538,-0.7000934967270863,True
R539A,-2.26177843346506,539,True,neutral,tolerant,539,-0.2857407576586596,True
R539C,-3.46766471931921,539,True,neutral,tolerant,539,-0.43808585736953926,True
R539D,-3.74399722645818,539,True,neutral,tolerant,539,-0.4729961999509918,True
R539E,-3.74399722645818,539,True,neutral,tolerant,539,-0.4729961999509918,True
R539F,-4.222640628385101,539,True,mild,tolerant,539,-0.5334653981232403,True
R539G,-4.222640628385101,539,True,mild,tolerant,539,-0.5334653981232403,True
R539H,-3.74399722645818,539,True,neutral,tolerant,539,-0.4729961999509918,True
R539I,-4.222640628385101,539,True,mild,tolerant,539,-0.5334653981232403,True
R539K,-0.7596385066385659,539,True,neutral,tolerant,539,-0.0959685879138301,True
R539L,-4.222640628385101,539,True,mild,tolerant,539,-0.5334653981232403,True
R539M,-4.222640628385101,539,True,mild,tolerant,539,-0.5334653981232403,True
R539N,-3.74399722645818,539,True,neutral,tolerant,539,-0.4729961999509918,True
R539P,-1.68368862606686,539,True,neutral,tolerant,539,-0.2127080427310318,True
R539Q,-1.48120846822811,539,True,neutral,tolerant,539,-0.18712780336910087,True
R539R,0.0,539,True,neutral,tolerant,539,0.0,True
R539S,-2.25678483161154,539,True,neutral,tolerant,539,-0.28510989322209124,True
R539T,-3.46766471931921,539,True,neutral,tolerant,539,-0.43808585736953926,True
R539V,-4.222640628385101,539,True,mild,tolerant,539,-0.5334653981232403,True
R539W,-4.222640628385101,539,True,mild,tolerant,539,-0.5334653981232403,True
R539Y,-4.222640628385101,539,True,mild,tolerant,539,-0.5334653981232403,True
V540A,-4.39571679672535,540,True,mild,sensitive,540,-1.4046009370029047,True
V540C,-4.48944839733818,540,True,mild,sensitive,540,-1.4345517960176712,True
V540D,-4.83269488115147,540,True,mild,sensitive,540,-1.5442322770591854,True
V540E,-4.83269488115147,540,True,mild,sensitive,540,-1.5442322770591854,True
V540F,-4.83269488115147,540,True,mild,sensitive,540,-1.5442322770591854,True
V540G,-4.83269488115147,540,True,mild,sensitive,540,-1.5442322770591854,True
V540H,-4.83269488115147,540,True,mild,sensitive,540,-1.5442322770591854,True
V540I,-3.42459978292173,540,True,neutral,sensitive,540,-1.094291622138903,True
V540K,-4.48944839733818,540,True,mild,sensitive,540,-1.4345517960176712,True
V540L,-3.38727236614307,540,True,neutral,sensitive,540,-1.0823640737986044,True
V540M,-3.42459978292173,540,True,neutral,sensitive,540,-1.094291622138903,True
V540N,-4.83269488115147,540,True,mild,sensitive,540,-1.5442322770591854,True
V540P,-4.83269488115147,540,True,mild,sensitive,540,-1.5442322770591854,True
V540Q,-4.83269488115147,540,True,mild,sensitive,540,-1.5442322770591854,True
V540R,-3.0390093093531902,540,True,neutral,sensitive,540,-0.9710806043414786,True
V540S,-4.48944839733818,540,True,mild,sensitive,540,-1.4345517960176712,True
V540T,-4.48944839733818,540,True,mild,sensitive,540,-1.4345517960176712,True
V540V,0.0,540,True,neutral,sensitive,540,0.0,True
V540W,-4.83269488115147,540,True,mild,sensitive,540,-1.5442322770591854,True
V540Y,-4.83269488115147,540,True,mild,sensitive,540,-1.5442322770591854,True
E541A,-2.26429121634339,541,True,neutral,tolerant,541,-0.6072738719869015,True
E541C,-2.2941032752861004,541,True,neutral,tolerant,541,-0.6152693472753133,True
E541D,-0.4256836766085471,541,True,neutral,tolerant,541,-0.1141666640182244,True
E541E,0.0,541,True,neutral,tolerant,541,0.0,True
E541F,-2.83155229740407,541,True,neutral,tolerant,541,-0.7594110311282514,True
E541G,-2.70411806588999,541,True,neutral,tolerant,541,-0.7252336785701278,True
E541H,-2.05863259971757,541,True,neutral,tolerant,541,-0.5521170513781468,True
E541I,-2.66803484435871,541,True,neutral,tolerant,541,-0.7155563024910703,True
E541K,-2.29383563232749,541,True,neutral,tolerant,541,-0.6151975665014393,True
E541L,-2.66803484435871,541,True,neutral,tolerant,541,-0.7155563024910703,True
E541M,-2.66803484435871,541,True,neutral,tolerant,541,-0.7155563024910703,True
E541N,-1.1752958811089098,541,True,neutral,tolerant,541,-0.3152096670691783,True
E541P,-1.4536920599056598,541,True,neutral,tolerant,541,-0.38987441170272413,True
E541Q,-1.0282066545648298,541,True,neutral,tolerant,541,-0.27576092324759927,True
E541R,-1.35179118972695,541,True,neutral,tolerant,541,-0.36254500480240825,True
E541S,-0.36018298786291897,541,True,neutral,tolerant,541,-0.09659964057827915,True
E541T,-2.27164674153052,541,True,neutral,tolerant,541,-0.609246594500969,True
E541V,-2.56638465339695,541,True,neutral,tolerant,541,-0.6882941267567833,True
E541W,-2.83155229740407,541,True,neutral,tolerant,541,-0.7594110311282514,True
E541Y,-2.83155229740407,541,True,neutral,tolerant,541,-0.7594110311282514,True
V542A,-1.5048321899375,542,True,neutral,tolerant,542,-0.7571463843780307,True
V542C,-2.6385207195699,542,True,neutral,tolerant,542,-1.3275542856455256,True
V542D,-2.6385207195699,542,True,neutral,tolerant,542,-1.3275542856455256,True
V542E,-2.6385207195699,542,True,neutral,tolerant,542,-1.3275542856455256,True
V542F,-2.60201773264199,542,True,neutral,tolerant,542,-1.3091880486948042,True
V542G,-2.9083596956356503,542,True,neutral,tolerant,542,-1.4633219854984498,True
V542H,-2.6385207195699,542,True,neutral,tolerant,542,-1.3275542856455256,True
V542I,-0.688706288562067,542,True,neutral,tolerant,542,-0.3465180235843035,True
V542K,-2.9083596956356503,542,True,neutral,tolerant,542,-1.4633219854984498,True
V542L,-0.7251559782909541,542,True,neutral,tolerant,542,-0.36485744440110185,True
V542M,-1.97878672851739,542,True,neutral,tolerant,542,-0.9956134823341329,True
V542N,-0.681732253526287,542,True,neutral,tolerant,542,-0.34300908388512963,True
V542P,-2.5918773409488702,542,True,neutral,tolerant,542,-1.3040859775416467,True
V542Q,-2.6385207195699,542,True,neutral,tolerant,542,-1.3275542856455256,True
V542R,-2.9083596956356503,542,True,neutral,tolerant,542,-1.4633219854984498,True
V542S,-2.6385207195699,542,True,neutral,tolerant,542,-1.3275542856455256,True
V542T,-2.6385207195699,542,True,neutral,tolerant,542,-1.3275542856455256,True
V542V,0.0,542,True,neutral,tolerant,542,0.0,True
V542W,-2.69958376485099,542,True,neutral,tolerant,542,-1.3582777538586888,True
V542Y,-2.69958376485099,542,True,neutral,tolerant,542,-1.3582777538586888,True
P543A,-3.34136066334778,543,True,neutral,sensitive,543,-1.7679170919293705,True
P543C,-3.34136066334778,543,True,neutral,sensitive,543,-1.7679170919293705,True
P543D,-3.87202231118681,543,True,mild,sensitive,543,-2.0486906724461345,True
P543E,-3.87202231118681,543,True,mild,sensitive,543,-2.0486906724461345,True
P543F,-3.87202231118681,543,True,mild,sensitive,543,-2.0486906724461345,True
P543G,-3.87202231118681,543,True,mild,sensitive,543,-2.0486906724461345,True
P543H,-3.87202231118681,543,True,mild,sensitive,543,-2.0486906724461345,True
P543I,-3.87202231118681,543,True,mild,sensitive,543,-2.0486906724461345,True
P543K,-3.73264427611982,543,True,neutral,sensitive,543,-1.9749456220726793,True
P543L,-3.87202231118681,543,True,mild,sensitive,543,-2.0486906724461345,True
P543M,-3.87202231118681,543,True,mild,sensitive,543,-2.0486906724461345,True
P543N,-3.87202231118681,543,True,mild,sensitive,543,-2.0486906724461345,True
P543P,0.0,543,True,neutral,sensitive,543,0.0,True
P543Q,-3.87202231118681,543,True,mild,sensitive,543,-2.0486906724461345,True
P543R,-3.73264427611982,543,True,neutral,sensitive,543,-1.9749456220726793,True
P543S,-2.14798961136022,543,True,neutral,sensitive,543,-1.1365033379562492,True
P543T,-3.34136066334778,543,True,neutral,sensitive,543,-1.7679170919293705,True
P543V,-3.87202231118681,543,True,mild,sensitive,543,-2.0486906724461345,True
P543W,-3.87202231118681,543,True,mild,sensitive,543,-2.0486906724461345,True
P543Y,-3.87202231118681,543,True,mild,sensitive,543,-2.0486906724461345,True
E544A,-2.354464595254,544,True,neutral,tolerant,544,-0.6152321977469781,True
E544C,-2.354464595254,544,True,neutral,tolerant,544,-0.6152321977469781,True
E544D,-0.514605361622085,544,True,neutral,tolerant,544,-0.1344686975719755,True
E544E,0.0,544,True,neutral,tolerant,544,0.0,True
E544F,-2.50365614405513,544,True,neutral,tolerant,544,-0.654216621058849,True
E544G,-2.50365614405513,544,True,neutral,tolerant,544,-0.654216621058849,True
E544H,-0.621024661266459,544,True,neutral,tolerant,544,-0.16227653963291727,True
E544I,-2.354464595254,544,True,neutral,tolerant,544,-0.6152321977469781,True
E544K,-0.43628167324846295,544,True,neutral,tolerant,544,-0.11400236521306631,True
E544L,-1.4771842930718002,544,True,neutral,tolerant,544,-0.38599490556613664,True
E544M,-2.354464595254,544,True,neutral,tolerant,544,-0.6152321977469781,True
E544N,-1.87827403279794,544,True,neutral,tolerant,544,-0.4908014601275806,True
E544P,-2.50365614405513,544,True,neutral,tolerant,544,-0.654216621058849,True
E544Q,-0.69787985292346,544,True,neutral,tolerant,544,-0.1823591471890954,True
E544R,-0.584684863479795,544,True,neutral,tolerant,544,-0.15278078688172408,True
E544S,-2.2993428721107003,544,True,neutral,tolerant,544,-0.60082864335019,True
E544T,-2.354464595254,544,True,neutral,tolerant,544,-0.6152321977469781,True
E544V,-2.354464595254,544,True,neutral,tolerant,544,-0.6152321977469781,True
E544W,-2.50365614405513,544,True,neutral,tolerant,544,-0.654216621058849,True
E544Y,-2.50365614405513,544,True,neutral,tolerant,544,-0.654216621058849,True
A545A,0.0,545,True,neutral,tolerant,545,0.0,True
A545C,-0.5879688358562789,545,True,neutral,tolerant,545,-0.11442559315387668,True
A545D,-2.18748310924767,545,True,neutral,tolerant,545,-0.4257097264776369,True
A545E,-1.1201070831579198,545,True,neutral,tolerant,545,-0.21798590260238357,True
A545F,-2.26360816096382,545,True,neutral,tolerant,545,-0.4405245494160064,True
A545G,-2.7913379467025203,545,True,neutral,tolerant,545,-0.5432269208268604,True
A545H,-0.750997008461037,545,True,neutral,tolerant,545,-0.14615277700015097,True
A545I,-1.38184848822049,545,True,neutral,tolerant,545,-0.26892383281359383,True
A545K,-2.7913379467025203,545,True,neutral,tolerant,545,-0.5432269208268604,True
A545L,-2.0542994343397503,545,True,neutral,tolerant,545,-0.39979062997049325,True
A545M,-2.1366391311673896,545,True,neutral,tolerant,545,-0.4158148953312445,True
A545N,-2.18748310924767,545,True,neutral,tolerant,545,-0.4257097264776369,True
A545P,-2.7913379467025203,545,True,neutral,tolerant,545,-0.5432269208268604,True
A545Q,-2.18748310924767,545,True,neutral,tolerant,545,-0.4257097264776369,True
A545R,-2.7913379467025203,545,True,neutral,tolerant,545,-0.5432269208268604,True
A545S,-0.5410645918565921,545,True,neutral,tolerant,545,-0.10529748021013177,True
A545T,-2.14604564748843,545,True,neutral,tolerant,545,-0.41764551311896986,True
A545V,-1.30705833210274,545,True,neutral,tolerant,545,-0.25436879612805013,True
A545W,-2.23431466404491,545,True,neutral,tolerant,545,-0.4348236932547848,True
A545Y,-0.8488109875701091,545,True,neutral,tolerant,545,-0.16518851817510047,True
L546A,-3.24359730976481,546,True,neutral,tolerant,546,-1.0684156330366514,True
L546C,-3.24359730976481,546,True,neutral,tolerant,546,-1.0684156330366514,True
L546D,-3.24359730976481,546,True,neutral,tolerant,546,-1.0684156330366514,True
L546E,-3.24359730976481,546,True,neutral,tolerant,546,-1.0684156330366514,True
L546F,-3.24359730976481,546,True,neutral,tolerant,546,-1.0684156330366514,True
L546G,-3.24359730976481,546,True,neutral,tolerant,546,-1.0684156330366514,True
L546H,-3.24359730976481,546,True,neutral,tolerant,546,-1.0684156330366514,True
L546I,-2.34521461709293,546,True,neutral,tolerant,546,-0.772495387200156,True
L546K,-3.24359730976481,546,True,neutral,tolerant,546,-1.0684156330366514,True
L546L,0.0,546,True,neutral,tolerant,546,0.0,True
L546M,-2.34521461709293,546,True,neutral,tolerant,546,-0.772495387200156,True
L546N,-3.24359730976481,546,True,neutral,tolerant,546,-1.0684156330366514,True
L546P,-3.24359730976481,546,True,neutral,tolerant,546,-1.0684156330366514,True
L546Q,-3.24359730976481,546,True,neutral,tolerant,546,-1.0684156330366514,True
L546R,-3.24359730976481,546,True,neutral,tolerant,546,-1.0684156330366514,True
L546S,-3.24359730976481,546,True,neutral,tolerant,546,-1.0684156330366514,True
L546T,-3.24359730976481,546,True,neutral,tolerant,546,-1.0684156330366514,True
L546V,-2.34521461709293,546,True,neutral,tolerant,546,-0.772495387200156,True
L546W,-3.24359730976481,546,True,neutral,tolerant,546,-1.0684156330366514,True
L546Y,-3.24359730976481,546,True,neutral,tolerant,546,-1.0684156330366514,True
R547A,-2.5285224994668702,547,True,neutral,tolerant,547,-0.2636804017321367,True
R547C,-2.5285224994668702,547,True,neutral,tolerant,547,-0.2636804017321367,True
R547D,-2.5285224994668702,547,True,neutral,tolerant,547,-0.2636804017321367,True
R547E,-2.5285224994668702,547,True,neutral,tolerant,547,-0.2636804017321367,True
R547F,-2.5285224994668702,547,True,neutral,tolerant,547,-0.2636804017321367,True
R547G,-2.5285224994668702,547,True,neutral,tolerant,547,-0.2636804017321367,True
R547H,-2.5285224994668702,547,True,neutral,tolerant,547,-0.2636804017321367,True
R547I,-2.5285224994668702,547,True,neutral,tolerant,547,-0.2636804017321367,True
R547K,-1.91257535534094,547,True,neutral,tolerant,547,-0.1994479535561241,True
R547L,-2.5285224994668702,547,True,neutral,tolerant,547,-0.2636804017321367,True
R547M,-2.5285224994668702,547,True,neutral,tolerant,547,-0.2636804017321367,True
R547N,-2.5285224994668702,547,True,neutral,tolerant,547,-0.2636804017321367,True
R547P,-2.5285224994668702,547,True,neutral,tolerant,547,-0.2636804017321367,True
R547Q,-2.5285224994668702,547,True,neutral,tolerant,547,-0.2636804017321367,True
R547R,0.0,547,True,neutral,tolerant,547,0.0,True
R547S,-2.5285224994668702,547,True,neutral,tolerant,547,-0.2636804017321367,True
R547T,-2.5285224994668702,547,True,neutral,tolerant,547,-0.2636804017321367,True
R547V,-2.5285224994668702,547,True,neutral,tolerant,547,-0.2636804017321367,True
R547W,-2.5285224994668702,547,True,neutral,tolerant,547,-0.2636804017321367,True
R547Y,-2.5285224994668702,547,True,neutral,tolerant,547,-0.2636804017321367,True
