Mutation,Variant_score,Residue,LocalConfidence,Variant_class,Residue_class,pdb_pos,RSA*Variant_score,aligned
M1A,-3.17570824911519,1,True,mild,sensitive,1,-0.08696718323345463,True
M1C,-3.17570824911519,1,True,mild,sensitive,1,-0.08696718323345463,True
M1D,-3.17570824911519,1,True,mild,sensitive,1,-0.08696718323345463,True
M1E,-3.17570824911519,1,True,mild,sensitive,1,-0.08696718323345463,True
M1F,-3.17570824911519,1,True,mild,sensitive,1,-0.08696718323345463,True
M1G,-3.17570824911519,1,True,mild,sensitive,1,-0.08696718323345463,True
M1H,-3.17570824911519,1,True,mild,sensitive,1,-0.08696718323345463,True
M1I,-2.10319812714535,1,True,neutral,sensitive,1,-0.05759635412058715,True
M1K,-3.17570824911519,1,True,mild,sensitive,1,-0.08696718323345463,True
M1L,-0.648167076852996,1,True,neutral,sensitive,1,-0.01775013965916821,True
M1M,0.0,1,True,neutral,sensitive,1,0.0,True
M1N,-3.17570824911519,1,True,mild,sensitive,1,-0.08696718323345463,True
M1P,-3.17570824911519,1,True,mild,sensitive,1,-0.08696718323345463,True
M1Q,-3.17570824911519,1,True,mild,sensitive,1,-0.08696718323345463,True
M1R,-3.17570824911519,1,True,mild,sensitive,1,-0.08696718323345463,True
M1S,-3.17570824911519,1,True,mild,sensitive,1,-0.08696718323345463,True
M1T,-3.17570824911519,1,True,mild,sensitive,1,-0.08696718323345463,True
M1V,-2.10319812714535,1,True,neutral,sensitive,1,-0.05759635412058715,True
M1W,-3.17570824911519,1,True,mild,sensitive,1,-0.08696718323345463,True
M1Y,-3.17570824911519,1,True,mild,sensitive,1,-0.08696718323345463,True
A2A,0.0,2,True,neutral,sensitive,2,0.0,True
A2C,-3.365213858055029,2,True,mild,sensitive,2,-0.7079255800957782,True
A2D,-3.4058010337853903,2,True,mild,sensitive,2,-0.7164637298643554,True
A2E,-4.663640063834071,2,True,impactful,sensitive,2,-0.9810699220927966,True
A2F,-5.1616775259007,2,True,impactful,sensitive,2,-1.0858399230836764,True
A2G,-3.6011958182551496,2,True,mild,sensitive,2,-0.7575680911257793,True
A2H,-4.663640063834071,2,True,impactful,sensitive,2,-0.9810699220927966,True
A2I,-4.40894789200233,2,True,impactful,sensitive,2,-0.9274914242335113,True
A2K,-5.1616775259007,2,True,impactful,sensitive,2,-1.0858399230836764,True
A2L,-4.40894789200233,2,True,impactful,sensitive,2,-0.9274914242335113,True
A2M,-4.40894789200233,2,True,impactful,sensitive,2,-0.9274914242335113,True
A2N,-4.663640063834071,2,True,impactful,sensitive,2,-0.9810699220927966,True
A2P,-3.6062592560252704,2,True,mild,sensitive,2,-0.7586332647735436,True
A2Q,-4.663640063834071,2,True,impactful,sensitive,2,-0.9810699220927966,True
A2R,-5.1616775259007,2,True,impactful,sensitive,2,-1.0858399230836764,True
A2S,-1.48011146541635,2,True,neutral,sensitive,2,-0.3113646894247836,True
A2T,-0.7114255500678491,2,True,neutral,sensitive,2,-0.14965953620487693,True
A2V,-1.71580177914145,2,True,neutral,sensitive,2,-0.3609458480389441,True
A2W,-5.1616775259007,2,True,impactful,sensitive,2,-1.0858399230836764,True
A2Y,-5.1616775259007,2,True,impactful,sensitive,2,-1.0858399230836764,True
S3A,-2.6365710868392203,3,True,mild,sensitive,3,-1.9344264497671992,True
S3C,-2.398507341301221,3,True,neutral,sensitive,3,-1.7597614053092356,True
S3D,-5.62565253100235,3,True,impactful,sensitive,3,-4.127486305031438,True
S3E,-5.62565253100235,3,True,impactful,sensitive,3,-4.127486305031438,True
S3F,-5.62565253100235,3,True,impactful,sensitive,3,-4.127486305031438,True
S3G,-5.973209514645388,3,True,impactful,sensitive,3,-4.382485468648299,True
S3H,-5.62565253100235,3,True,impactful,sensitive,3,-4.127486305031438,True
S3I,-5.62565253100235,3,True,impactful,sensitive,3,-4.127486305031438,True
S3K,-5.7539254726034486,3,True,impactful,sensitive,3,-4.221598909186586,True
S3L,-4.62775458861953,3,True,impactful,sensitive,3,-3.3953383331640263,True
S3M,-5.62565253100235,3,True,impactful,sensitive,3,-4.127486305031438,True
S3N,-4.5658083223779915,3,True,impactful,sensitive,3,-3.3498889627753035,True
S3P,-2.35583355666078,3,True,neutral,sensitive,3,-1.728452066398484,True
S3Q,-5.62565253100235,3,True,impactful,sensitive,3,-4.127486305031438,True
S3R,-5.7539254726034486,3,True,impactful,sensitive,3,-4.221598909186586,True
S3S,0.0,3,True,neutral,sensitive,3,0.0,True
S3T,-2.53451010955038,3,True,neutral,sensitive,3,-1.8595453077634367,True
S3V,-5.62565253100235,3,True,impactful,sensitive,3,-4.127486305031438,True
S3W,-4.9382199869451515,3,True,impactful,sensitive,3,-3.6231237629809674,True
S3Y,-5.62565253100235,3,True,impactful,sensitive,3,-4.127486305031438,True
G4A,-3.13547384382329,4,True,mild,sensitive,4,-0.697798016630582,True
G4C,-3.2170904987998097,4,True,mild,sensitive,4,-0.7159617592747218,True
G4D,-4.1453236335188,4,True,impactful,sensitive,4,-0.9225395438904891,True
G4E,-5.38450716610187,4,True,impactful,sensitive,4,-1.1983191722172108,True
G4F,-6.09262870288579,4,True,impactful,sensitive,4,-1.355911239162569,True
G4G,0.0,4,True,neutral,sensitive,4,0.0,True
G4H,-4.423199430422151,4,True,impactful,sensitive,4,-0.9843806529562767,True
G4I,-5.738567934493831,4,True,impactful,sensitive,4,-1.2771152056898902,True
G4K,-6.09262870288579,4,True,impactful,sensitive,4,-1.355911239162569,True
G4L,-5.738567934493831,4,True,impactful,sensitive,4,-1.2771152056898902,True
G4M,-5.738567934493831,4,True,impactful,sensitive,4,-1.2771152056898902,True
G4N,-4.597179429905429,4,True,impactful,sensitive,4,-1.0230998082163272,True
G4P,-6.09262870288579,4,True,impactful,sensitive,4,-1.355911239162569,True
G4Q,-5.38450716610187,4,True,impactful,sensitive,4,-1.1983191722172108,True
G4R,-6.09262870288579,4,True,impactful,sensitive,4,-1.355911239162569,True
G4S,-2.22500351627191,4,True,neutral,sensitive,4,-0.49517333519115525,True
G4T,-5.11144001165629,4,True,impactful,sensitive,4,-1.137548223942695,True
G4V,-3.8796137412417697,4,True,mild,sensitive,4,-0.8634059503523741,True
G4W,-6.09262870288579,4,True,impactful,sensitive,4,-1.355911239162569,True
G4Y,-6.09262870288579,4,True,impactful,sensitive,4,-1.355911239162569,True
V5A,-2.70326556687459,5,True,mild,sensitive,5,-2.4284643109618473,True
V5C,-4.3241180608026815,5,True,impactful,sensitive,5,-3.8845485681178085,True
V5D,-5.3525364198805185,5,True,impactful,sensitive,5,-4.80842275656684,True
V5E,-5.3525364198805185,5,True,impactful,sensitive,5,-4.80842275656684,True
V5F,-5.3525364198805185,5,True,impactful,sensitive,5,-4.80842275656684,True
V5G,-5.3525364198805185,5,True,impactful,sensitive,5,-4.80842275656684,True
V5H,-5.3525364198805185,5,True,impactful,sensitive,5,-4.80842275656684,True
V5I,-1.33526818543165,5,True,neutral,sensitive,5,-1.199531105496444,True
V5K,-5.3525364198805185,5,True,impactful,sensitive,5,-4.80842275656684,True
V5L,-2.2205221749663,5,True,neutral,sensitive,5,-1.9947943404759854,True
V5M,-0.6360224737209039,5,True,neutral,sensitive,5,-0.5713674221754846,True
V5N,-5.3525364198805185,5,True,impactful,sensitive,5,-4.80842275656684,True
V5P,-5.3525364198805185,5,True,impactful,sensitive,5,-4.80842275656684,True
V5Q,-5.3525364198805185,5,True,impactful,sensitive,5,-4.80842275656684,True
V5R,-5.3525364198805185,5,True,impactful,sensitive,5,-4.80842275656684,True
V5S,-4.3241180608026815,5,True,impactful,sensitive,5,-3.8845485681178085,True
V5T,-3.62799769204586,5,True,mild,sensitive,5,-3.259192520093997,True
V5V,0.0,5,True,neutral,sensitive,5,0.0,True
V5W,-5.3525364198805185,5,True,impactful,sensitive,5,-4.80842275656684,True
V5Y,-5.3525364198805185,5,True,impactful,sensitive,5,-4.80842275656684,True
A6A,0.0,6,True,neutral,tolerant,6,0.0,True
A6C,-2.8426831697773904,6,True,mild,tolerant,6,-1.8048283496354243,True
A6D,-2.3797258179814,6,True,neutral,tolerant,6,-1.510895292980723,True
A6E,-1.7398894367636395,6,True,neutral,tolerant,6,-1.1046611926675374,True
A6F,-3.1892220090975,6,True,mild,tolerant,6,-2.0248469321156053,True
A6G,-2.39807885497314,6,True,neutral,tolerant,6,-1.522547693014876,True
A6H,-2.3812657447964,6,True,neutral,tolerant,6,-1.5118729972854532,True
A6I,-1.92894771903089,6,True,neutral,tolerant,6,-1.224694881682564,True
A6K,-0.9087785967091891,6,True,neutral,tolerant,6,-0.5769863459708334,True
A6L,-2.6469556731834905,6,True,mild,tolerant,6,-1.6805603557866744,True
A6M,-1.2868419755266,6,True,neutral,tolerant,6,-0.8170199562243651,True
A6N,-2.54378153730482,6,True,mild,tolerant,6,-1.6150547773378654,True
A6P,-2.8807507200598903,6,True,mild,tolerant,6,-1.8289975552231186,True
A6Q,-1.05835821732308,6,True,neutral,tolerant,6,-0.6719549104179232,True
A6R,-2.11180502151578,6,True,neutral,tolerant,6,-1.3407915494263825,True
A6S,-0.424027541681329,6,True,neutral,tolerant,6,-0.26921639962873856,True
A6T,-0.406861030465476,6,True,neutral,tolerant,6,-0.2583173284849318,True
A6V,-2.45098254739141,6,True,neutral,tolerant,6,-1.5561364111991693,True
A6W,-1.54403962064046,6,True,neutral,tolerant,6,-0.9803155377707661,True
A6Y,-3.80868492987628,6,True,mild,tolerant,6,-2.4181458592897713,True
V7A,-2.89408685685049,7,True,mild,sensitive,7,-2.495649539612474,True
V7C,-2.6158732573645698,7,True,mild,sensitive,7,-2.255738411918619,True
V7D,-5.33982638930808,7,True,impactful,sensitive,7,-4.604677029144082,True
V7E,-5.33982638930808,7,True,impactful,sensitive,7,-4.604677029144082,True
V7F,-5.14446978793906,7,True,impactful,sensitive,7,-4.436215736728891,True
V7G,-5.33982638930808,7,True,impactful,sensitive,7,-4.604677029144082,True
V7H,-5.33982638930808,7,True,impactful,sensitive,7,-4.604677029144082,True
V7I,-0.459264672694998,7,True,neutral,sensitive,7,-0.3960363754316848,True
V7K,-5.33982638930808,7,True,impactful,sensitive,7,-4.604677029144082,True
V7L,-0.464580880961121,7,True,neutral,sensitive,7,-0.40062068591304756,True
V7M,-2.40568326625816,7,True,neutral,sensitive,7,-2.074485885480377,True
V7N,-5.33982638930808,7,True,impactful,sensitive,7,-4.604677029144082,True
V7P,-4.3095184849407,7,True,impactful,sensitive,7,-3.7162145971658775,True
V7Q,-5.33982638930808,7,True,impactful,sensitive,7,-4.604677029144082,True
V7R,-5.33982638930808,7,True,impactful,sensitive,7,-4.604677029144082,True
V7S,-4.2316806529810505,7,True,impactful,sensitive,7,-3.6490929249069004,True
V7T,-2.3122971066607403,7,True,neutral,sensitive,7,-1.993956468868774,True
V7V,0.0,7,True,neutral,sensitive,7,0.0,True
V7W,-5.14446978793906,7,True,impactful,sensitive,7,-4.436215736728891,True
V7Y,-5.14446978793906,7,True,impactful,sensitive,7,-4.436215736728891,True
S8A,-0.62351326731303,8,True,neutral,sensitive,8,-0.4897555166392935,True
S8C,-0.42016883826303103,8,True,neutral,sensitive,8,-0.3300330838925553,True
S8D,-0.6436886847111271,8,True,neutral,sensitive,8,-0.5056028489884505,True
S8E,-0.637164066440572,8,True,neutral,sensitive,8,-0.5004779094571068,True
S8F,-3.0295783595627004,8,True,mild,sensitive,8,-2.3796650247410804,True
S8G,-2.7639492271667496,8,True,mild,sensitive,8,-2.17101937148714,True
S8H,-0.5856929664455071,8,True,neutral,sensitive,8,-0.4600485288944312,True
S8I,-3.54717776578889,8,True,mild,sensitive,8,-2.78622760792543,True
S8K,-2.47506887374442,8,True,neutral,sensitive,8,-1.944110411960116,True
S8L,-2.8925763943209,8,True,mild,sensitive,8,-2.2720530912264234,True
S8M,-3.54717776578889,8,True,mild,sensitive,8,-2.78622760792543,True
S8N,-0.538455765544867,8,True,neutral,sensitive,8,-0.4229447799535566,True
S8P,-2.78811837859218,8,True,mild,sensitive,8,-2.190003691250062,True
S8Q,-0.633446726529706,8,True,neutral,sensitive,8,-0.4975580233471998,True
S8R,-2.7617815918146498,8,True,mild,sensitive,8,-2.169316743127156,True
S8S,0.0,8,True,neutral,sensitive,8,0.0,True
S8T,-0.370125707442187,8,True,neutral,sensitive,8,-0.2907253406988476,True
S8V,-2.89683849351446,8,True,mild,sensitive,8,-2.275400873385904,True
S8W,-3.6667116980919,8,True,mild,sensitive,8,-2.8801187981213814,True
S8Y,-3.6667116980919,8,True,mild,sensitive,8,-2.8801187981213814,True
D9A,-3.41533239201046,9,True,mild,sensitive,9,-1.2472756836669239,True
D9C,-4.739859190540651,9,True,impactful,sensitive,9,-1.730991433277876,True
D9D,0.0,9,True,neutral,sensitive,9,0.0,True
D9E,-0.728575384500141,9,True,neutral,sensitive,9,-0.2660749398597693,True
D9F,-5.87274902412583,9,True,impactful,sensitive,9,-2.1447215712315857,True
D9G,-3.57285416255878,9,True,mild,sensitive,9,-1.3048024633480737,True
D9H,-3.77055045313232,9,True,mild,sensitive,9,-1.3770009341500253,True
D9I,-5.53059721294304,9,True,impactful,sensitive,9,-2.019768101048358,True
D9K,-4.50320941275611,9,True,impactful,sensitive,9,-1.6445671912139619,True
D9L,-5.53059721294304,9,True,impactful,sensitive,9,-2.019768101048358,True
D9M,-5.53059721294304,9,True,impactful,sensitive,9,-2.019768101048358,True
D9N,-1.4519312927186498,9,True,neutral,sensitive,9,-0.5302437326450151,True
D9P,-3.0151538340301096,9,True,mild,sensitive,9,-1.101130908516659,True
D9Q,-2.5022048453674,9,True,neutral,sensitive,9,-0.913802494445687,True
D9R,-5.441001508298651,9,True,impactful,sensitive,9,-1.9870478469303785,True
D9S,-3.5836036544685297,9,True,mild,sensitive,9,-1.3087281661294983,True
D9T,-3.53886955394518,9,True,mild,sensitive,9,-1.292391321158271,True
D9V,-4.71145235939652,9,True,impactful,sensitive,9,-1.7206172893676108,True
D9W,-5.87274902412583,9,True,impactful,sensitive,9,-2.1447215712315857,True
D9Y,-5.87274902412583,9,True,impactful,sensitive,9,-2.1447215712315857,True
G10A,-0.5437908071398839,10,True,neutral,tolerant,10,-0.3283849652474026,True
G10C,-1.60544500360837,10,True,neutral,tolerant,10,-0.9694978193718042,True
G10D,-0.0130146805652664,10,True,neutral,tolerant,10,-0.007859319004691561,True
G10E,-0.0355409025089899,10,True,neutral,tolerant,10,-0.02146247763300956,True
G10F,-3.55694888080482,10,True,mild,tolerant,10,-2.147974035738731,True
G10G,0.0,10,True,neutral,tolerant,10,0.0,True
G10H,-0.12864627512971,10,True,neutral,tolerant,10,-0.07768704809460018,True
G10I,-3.12159699963873,10,True,mild,tolerant,10,-1.8850732832985704,True
G10K,-1.64994658273878,10,True,neutral,tolerant,10,-0.9963714798388799,True
G10L,-2.44158909515154,10,True,neutral,tolerant,10,-1.474429393863451,True
G10M,-3.12159699963873,10,True,mild,tolerant,10,-1.8850732832985704,True
G10N,-0.00529662589975422,10,True,neutral,tolerant,10,-0.003198532025885938,True
G10P,-3.55694888080482,10,True,mild,tolerant,10,-2.147974035738731,True
G10Q,-0.954473461055473,10,True,neutral,tolerant,10,-0.5763884387579251,True
G10R,-0.771169557464499,10,True,neutral,tolerant,10,-0.4656946844316388,True
G10S,-0.5620179901080621,10,True,neutral,tolerant,10,-0.3393920156921218,True
G10T,-0.590368311614019,10,True,neutral,tolerant,10,-0.3565122376970729,True
G10V,-2.25797634515598,10,True,neutral,tolerant,10,-1.3635491330451366,True
G10W,-3.55694888080482,10,True,mild,tolerant,10,-2.147974035738731,True
G10Y,-3.55694888080482,10,True,mild,tolerant,10,-2.147974035738731,True
V11A,-1.20818020769239,11,True,neutral,sensitive,11,-1.1922015618740451,True
V11C,-1.69039605032099,11,True,neutral,sensitive,11,-1.6680399153596357,True
V11D,-5.65474909302596,11,True,impactful,sensitive,11,-5.579962871257234,True
V11E,-5.65474909302596,11,True,impactful,sensitive,11,-5.579962871257234,True
V11F,-5.87672254612848,11,True,impactful,sensitive,11,-5.799000640456295,True
V11G,-5.87672254612848,11,True,impactful,sensitive,11,-5.799000640456295,True
V11H,-5.65474909302596,11,True,impactful,sensitive,11,-5.579962871257234,True
V11I,-1.3484089216760302,11,True,neutral,sensitive,11,-1.330575697426388,True
V11K,-5.87672254612848,11,True,impactful,sensitive,11,-5.799000640456295,True
V11L,-2.7390954673715497,11,True,mild,sensitive,11,-2.7028698811079255,True
V11M,-3.87709053785992,11,True,mild,sensitive,11,-3.8258145310890055,True
V11N,-5.65474909302596,11,True,impactful,sensitive,11,-5.579962871257234,True
V11P,-5.87672254612848,11,True,impactful,sensitive,11,-5.799000640456295,True
V11Q,-5.65474909302596,11,True,impactful,sensitive,11,-5.579962871257234,True
V11R,-5.87672254612848,11,True,impactful,sensitive,11,-5.799000640456295,True
V11S,-2.53560927132801,11,True,neutral,sensitive,11,-2.50207486791509,True
V11T,-2.82256721963168,11,True,mild,sensitive,11,-2.785237687485886,True
V11V,0.0,11,True,neutral,sensitive,11,0.0,True
V11W,-5.87672254612848,11,True,impactful,sensitive,11,-5.799000640456295,True
V11Y,-5.87672254612848,11,True,impactful,sensitive,11,-5.799000640456295,True
I12A,-2.4602170044237,12,True,neutral,sensitive,12,-1.8569626953631397,True
I12C,-1.36143270427857,12,True,neutral,sensitive,12,-1.0276043696742394,True
I12D,-4.27980436040982,12,True,impactful,sensitive,12,-3.230380501574984,True
I12E,-4.27980436040982,12,True,impactful,sensitive,12,-3.230380501574984,True
I12F,-3.2518166638503097,12,True,mild,sensitive,12,-2.4544591904179396,True
I12G,-3.6609727906453102,12,True,mild,sensitive,12,-2.763288721581824,True
I12H,-3.28790108914762,12,True,mild,sensitive,12,-2.481695581167308,True
I12I,0.0,12,True,neutral,sensitive,12,0.0,True
I12K,-2.0770725887450703,12,True,neutral,sensitive,12,-1.5677667075406803,True
I12L,-0.614579844977179,12,True,neutral,sensitive,12,-0.46388259384948777,True
I12M,-0.4362945911609051,12,True,neutral,sensitive,12,-0.329313543690548,True
I12N,-3.408432269759,12,True,mild,sensitive,12,-2.5726720704855084,True
I12P,-4.20186717093881,12,True,impactful,sensitive,12,-3.171553799227637,True
I12Q,-3.19584627706116,12,True,mild,sensitive,12,-2.4122129494865048,True
I12R,-3.04976886021073,12,True,mild,sensitive,12,-2.301954255542634,True
I12S,-2.57365789580674,12,True,mild,sensitive,12,-1.9425874605965596,True
I12T,-1.41385489814498,12,True,neutral,sensitive,12,-1.06717244771125,True
I12V,-0.514191354946517,12,True,neutral,sensitive,12,-0.38810973288007844,True
I12W,-4.34363513360811,12,True,impactful,sensitive,12,-3.278559733094919,True
I12Y,-3.5035055995886,12,True,mild,sensitive,12,-2.6444330681942776,True
K13A,-0.328693964459471,13,True,neutral,tolerant,13,-0.11569445724939498,True
K13C,-1.44518272297649,13,True,neutral,tolerant,13,-0.5086787371831525,True
K13D,-1.05889473680287,13,True,neutral,tolerant,13,-0.3727122037671447,True
K13E,-0.343182139905281,13,True,neutral,tolerant,13,-0.12079403854987145,True
K13F,-2.36101460988381,13,True,neutral,tolerant,13,-0.8310353501549629,True
K13G,-2.3983781263340096,13,True,neutral,tolerant,13,-0.8441866465705917,True
K13H,-0.556991337958646,13,True,neutral,tolerant,13,-0.19605109160951942,True
K13I,-1.97893460959078,13,True,neutral,tolerant,13,-0.6965499532830001,True
K13K,0.0,13,True,neutral,tolerant,13,0.0,True
K13L,-1.64065958524608,13,True,neutral,tolerant,13,-0.5774831325491755,True
K13M,-1.62721280342364,13,True,neutral,tolerant,13,-0.5727501033703265,True
K13N,-0.281778292329063,13,True,neutral,tolerant,13,-0.0991809711178679,True
K13P,-2.24982666685063,13,True,neutral,tolerant,13,-0.791899162354695,True
K13Q,-0.147062770336032,13,True,neutral,tolerant,13,-0.05176349198744586,True
K13R,-0.353074850446827,13,True,neutral,tolerant,13,-0.12427609754876937,True
K13S,-0.400966173068151,13,True,neutral,tolerant,13,-0.14113299538302498,True
K13T,-0.334514960213123,13,True,neutral,tolerant,13,-0.11774334471673037,True
K13V,-1.3008521331471998,13,True,neutral,tolerant,13,-0.45787692437151595,True
K13W,-3.00644925751806,13,True,mild,tolerant,13,-1.0582169212276087,True
K13Y,-2.38700568116912,13,True,neutral,tolerant,13,-0.8401837471771876,True
V14A,-1.34169601495529,14,True,neutral,tolerant,14,-1.2299532587478195,True
V14C,-1.6516942765049898,14,True,neutral,tolerant,14,-1.514133406671951,True
V14D,-2.78587780968746,14,True,mild,tolerant,14,-2.5538567993827663,True
V14E,-2.4605423242326703,14,True,neutral,tolerant,14,-2.255616783715166,True
V14F,-2.8238710687539204,14,True,mild,tolerant,14,-2.5886858010928147,True
V14G,-4.736266105465281,14,True,impactful,tolerant,14,-4.341807582180222,True
V14H,-1.93802460481305,14,True,neutral,tolerant,14,-1.7766167981818881,True
V14I,-0.6006480062668,14,True,neutral,tolerant,14,-0.5506232145236339,True
V14K,-2.49443155525825,14,True,neutral,tolerant,14,-2.286683560147202,True
V14L,-0.792100227216536,14,True,neutral,tolerant,14,-0.7261303938152727,True
V14M,-0.426404280041948,14,True,neutral,tolerant,14,-0.3908913255578899,True
V14N,-2.89752213810172,14,True,mild,tolerant,14,-2.6562028628898617,True
V14P,-4.736266105465281,14,True,impactful,tolerant,14,-4.341807582180222,True
V14Q,-2.45243035178027,14,True,neutral,tolerant,14,-2.248180414491818,True
V14R,-2.6201534461408595,14,True,mild,tolerant,14,-2.4019347404916234,True
V14S,-1.6095367253897,14,True,neutral,tolerant,14,-1.4754869347460384,True
V14T,-1.31156307261635,14,True,neutral,tolerant,14,-1.2023299296089354,True
V14V,0.0,14,True,neutral,tolerant,14,0.0,True
V14W,-4.1159785562978,14,True,impactful,tolerant,14,-3.773180498283975,True
V14Y,-2.4219103171109,14,True,neutral,tolerant,14,-2.220202231892879,True
F15A,-3.5994081964232003,15,True,mild,sensitive,15,-3.563185305597817,True
F15C,-4.56190637541862,15,True,impactful,sensitive,15,-4.515997318269554,True
F15D,-5.31983546570311,15,True,impactful,sensitive,15,-5.266298937260836,True
F15E,-5.31983546570311,15,True,impactful,sensitive,15,-5.266298937260836,True
F15F,0.0,15,True,neutral,sensitive,15,0.0,True
F15G,-5.31983546570311,15,True,impactful,sensitive,15,-5.266298937260836,True
F15H,-5.31983546570311,15,True,impactful,sensitive,15,-5.266298937260836,True
F15I,-2.5176148722805403,15,True,neutral,sensitive,15,-2.4922786826398093,True
F15K,-5.31983546570311,15,True,impactful,sensitive,15,-5.266298937260836,True
F15L,-2.28354655644645,15,True,neutral,sensitive,15,-2.2605659293280707,True
F15M,-2.8320712403231605,15,True,mild,sensitive,15,-2.803570497492749,True
F15N,-5.31983546570311,15,True,impactful,sensitive,15,-5.266298937260836,True
F15P,-5.31983546570311,15,True,impactful,sensitive,15,-5.266298937260836,True
F15Q,-5.31983546570311,15,True,impactful,sensitive,15,-5.266298937260836,True
F15R,-5.31983546570311,15,True,impactful,sensitive,15,-5.266298937260836,True
F15S,-2.12470629060224,15,True,neutral,sensitive,15,-2.1033241633745,True
F15T,-4.56190637541862,15,True,impactful,sensitive,15,-4.515997318269554,True
F15V,-2.7339157885795897,15,True,mild,sensitive,15,-2.7064028398582085,True
F15W,-2.20948440935881,15,True,neutral,sensitive,15,-2.1872491117284603,True
F15Y,-1.38763828618817,15,True,neutral,sensitive,15,-1.3736736932876858,True
N16A,-2.49928887793517,16,True,neutral,sensitive,16,-1.4644773487700802,True
N16C,-3.8596557112519903,16,True,mild,sensitive,16,-2.2615946532156865,True
N16D,-0.539888276141473,16,True,neutral,sensitive,16,-0.3163516463646754,True
N16E,-1.41552132682849,16,True,neutral,sensitive,16,-0.8294354998906476,True
N16F,-3.93916327580894,16,True,impactful,sensitive,16,-2.3081827160752804,True
N16G,-3.56932361184112,16,True,mild,sensitive,16,-2.0914723488427094,True
N16H,-1.38899067451695,16,True,neutral,sensitive,16,-0.8138896621520166,True
N16I,-3.5652732683611297,16,True,mild,sensitive,16,-2.0890990192394168,True
N16K,-1.32042106625797,16,True,neutral,sensitive,16,-0.7737107780718873,True
N16L,-2.76105693413471,16,True,mild,sensitive,16,-1.6178623345235132,True
N16M,-3.5804883797683003,16,True,mild,sensitive,16,-2.0980144296233587,True
N16N,0.0,16,True,neutral,sensitive,16,0.0,True
N16P,-4.95434702890942,16,True,impactful,sensitive,16,-2.9030373662841527,True
N16Q,-1.1632056241955,16,True,neutral,sensitive,16,-0.6815891926841358,True
N16R,-3.12297173716851,16,True,mild,sensitive,16,-1.8299290691482304,True
N16S,-1.5245613928798,16,True,neutral,sensitive,16,-0.893328356875017,True
N16T,-1.14883767640192,16,True,neutral,sensitive,16,-0.6731701842702733,True
N16V,-3.41267379985586,16,True,mild,sensitive,16,-1.999682198705669,True
N16W,-3.93916327580894,16,True,impactful,sensitive,16,-2.3081827160752804,True
N16Y,-1.5297655637548997,16,True,neutral,sensitive,16,-0.8963777804262508,True
D17A,-1.7220453001104998,17,True,neutral,tolerant,17,-0.9878300965871084,True
D17C,-3.58914195803534,17,True,mild,tolerant,17,-2.0588671197229185,True
D17D,0.0,17,True,neutral,tolerant,17,0.0,True
D17E,-0.34634507552527194,17,True,neutral,tolerant,17,-0.19867659078808494,True
D17F,-4.35508048510251,17,True,impactful,tolerant,17,-2.498238330877468,True
D17G,-1.79044446736415,17,True,neutral,tolerant,17,-1.0270664372282723,True
D17H,-0.545481995975426,17,True,neutral,tolerant,17,-0.31290903481828114,True
D17I,-4.06097400846177,17,True,impactful,tolerant,17,-2.3295277695419014,True
D17K,-2.0125421995117,17,True,neutral,tolerant,17,-1.1544700683551734,True
D17L,-2.46120986176092,17,True,neutral,tolerant,17,-1.4118427519348213,True
D17M,-4.06097400846177,17,True,impactful,tolerant,17,-2.3295277695419014,True
D17N,-0.982630001095777,17,True,neutral,tolerant,17,-0.5636736088356944,True
D17P,-4.62344949497835,17,True,impactful,tolerant,17,-2.652184911103683,True
D17Q,-1.50064447858005,17,True,neutral,tolerant,17,-0.8608262396601997,True
D17R,-2.6988826978227203,17,True,mild,tolerant,17,-1.5481808497699914,True
D17S,-2.04367943965905,17,True,neutral,tolerant,17,-1.172331563020987,True
D17T,-2.48371341342354,17,True,neutral,tolerant,17,-1.4247516374391762,True
D17V,-2.89647434145665,17,True,mild,tolerant,17,-1.66152686476924,True
D17W,-4.35508048510251,17,True,impactful,tolerant,17,-2.498238330877468,True
D17Y,-3.6847824322859903,17,True,mild,tolerant,17,-2.1137301009177767,True
M18A,-4.16555219998625,18,True,impactful,sensitive,18,-4.0358727782089225,True
M18C,-4.20274022733514,18,True,impactful,sensitive,18,-4.071903090649413,True
M18D,-4.63246659043482,18,True,impactful,sensitive,18,-4.48825147560506,True
M18E,-4.94260359244583,18,True,impactful,sensitive,18,-4.788733482272915,True
M18F,-3.3628344386205096,18,True,mild,sensitive,18,-3.258144734927772,True
M18G,-6.0737503941362405,18,True,impactful,sensitive,18,-5.884666113993502,True
M18H,-5.63057981277344,18,True,impactful,sensitive,18,-5.455292047949856,True
M18I,-0.7729407712752471,18,True,neutral,sensitive,18,-0.7488780522226743,True
M18K,-3.2520635527626096,18,True,mild,sensitive,18,-3.1508223004967593,True
M18L,-1.91028569091272,18,True,neutral,sensitive,18,-1.8508158458756365,True
M18M,0.0,18,True,neutral,sensitive,18,0.0,True
M18N,-5.63057981277344,18,True,impactful,sensitive,18,-5.455292047949856,True
M18P,-6.0737503941362405,18,True,impactful,sensitive,18,-5.884666113993502,True
M18Q,-5.63057981277344,18,True,impactful,sensitive,18,-5.455292047949856,True
M18R,-2.8575086469279,18,True,mild,sensitive,18,-2.7685504365233955,True
M18S,-5.30719123332806,18,True,impactful,sensitive,18,-5.141971003846371,True
M18T,-3.91763929590188,18,True,mild,sensitive,18,-3.7956777469321255,True
M18V,-0.963678009484261,18,True,neutral,sensitive,18,-0.9336773754627122,True
M18W,-4.685122676878058,18,True,impactful,sensitive,18,-4.539268304990606,True
M18Y,-4.685122676878058,18,True,impactful,sensitive,18,-4.539268304990606,True
K19A,-5.11957205280759,19,True,impactful,sensitive,19,-3.050788281724269,True
K19C,-4.0016457421302905,19,True,impactful,sensitive,19,-2.3846082859616953,True
K19D,-5.062498112668809,19,True,impactful,sensitive,19,-3.0167775273152677,True
K19E,-2.3365401501458702,19,True,neutral,sensitive,19,-1.3923603840938439,True
K19F,-5.96730008776063,19,True,impactful,sensitive,19,-3.5559552621763895,True
K19G,-5.96730008776063,19,True,impactful,sensitive,19,-3.5559552621763895,True
K19H,-4.22041384504371,19,True,impactful,sensitive,19,-2.5149737067232407,True
K19I,-5.3581523747003486,19,True,impactful,sensitive,19,-3.1929599403653994,True
K19K,0.0,19,True,neutral,sensitive,19,0.0,True
K19L,-4.49779766439962,19,True,impactful,sensitive,19,-2.680268637022513,True
K19M,-5.3581523747003486,19,True,impactful,sensitive,19,-3.1929599403653994,True
K19N,-3.992057281559549,19,True,impactful,sensitive,19,-2.3788944562026337,True
K19P,-4.63145302106514,19,True,impactful,sensitive,19,-2.759914785508934,True
K19Q,-3.93907308889714,19,True,impactful,sensitive,19,-2.3473208105104213,True
K19R,-1.5595114722841998,19,True,neutral,sensitive,19,-0.9293236379493944,True
K19S,-4.0940989441373095,19,True,impactful,sensitive,19,-2.439701786430396,True
K19T,-2.08318222901124,19,True,neutral,sensitive,19,-1.2413826521844613,True
K19V,-5.3581523747003486,19,True,impactful,sensitive,19,-3.1929599403653994,True
K19W,-5.96730008776063,19,True,impactful,sensitive,19,-3.5559552621763895,True
K19Y,-5.96730008776063,19,True,impactful,sensitive,19,-3.5559552621763895,True
V20A,-3.49123557061199,20,True,mild,sensitive,20,-1.9353754736706352,True
V20C,-4.800420691343032,20,True,impactful,sensitive,20,-2.6611256334380653,True
V20D,-5.12889880093333,20,True,impactful,sensitive,20,-2.843218323570493,True
V20E,-4.24731788196054,20,True,impactful,sensitive,20,-2.3545116596609956,True
V20F,-3.3092995049920497,20,True,mild,sensitive,20,-1.834518744854928,True
V20G,-4.75527598065353,20,True,impactful,sensitive,20,-2.636099546235619,True
V20H,-5.12889880093333,20,True,impactful,sensitive,20,-2.843218323570493,True
V20I,-1.42293895942554,20,True,neutral,sensitive,20,-0.7888098946356293,True
V20K,-3.7099417593937294,20,True,mild,sensitive,20,-2.0566158154198915,True
V20L,-0.788278206752173,20,True,neutral,sensitive,20,-0.4369840639283461,True
V20M,-0.5779363816653461,20,True,neutral,sensitive,20,-0.3203805288398206,True
V20N,-4.177801709392621,20,True,impactful,sensitive,20,-2.315975189494411,True
V20P,-6.07170816206242,20,True,impactful,sensitive,20,-3.36586713284476,True
V20Q,-3.66923422023901,20,True,mild,sensitive,20,-2.0340494857408777,True
V20R,-4.19542799640801,20,True,impactful,sensitive,20,-2.3257463673171337,True
V20S,-3.58523459528715,20,True,mild,sensitive,20,-1.9874840762629764,True
V20T,-3.4033695783226605,20,True,mild,sensitive,20,-1.8866667334532878,True
V20V,0.0,20,True,neutral,sensitive,20,0.0,True
V20W,-5.05409532558501,20,True,impactful,sensitive,20,-2.801750823424381,True
V20Y,-4.14300336643583,20,True,impactful,sensitive,20,-2.296684638020354,True
R21A,-2.52105271445659,21,True,neutral,tolerant,21,-1.729982388569107,True
R21C,-0.977668183431792,21,True,neutral,tolerant,21,-0.6708898744967019,True
R21D,-2.7490776057806303,21,True,mild,tolerant,21,-1.8864563265728207,True
R21E,-2.7414777060719104,21,True,mild,tolerant,21,-1.881241166820078,True
R21F,-4.633000699223991,21,True,impactful,tolerant,21,-3.1792312671309966,True
R21G,-2.14201709636102,21,True,neutral,tolerant,21,-1.4698827325065473,True
R21H,-0.579930242676646,21,True,neutral,tolerant,21,-0.3979564174426473,True
R21I,-4.18681103612873,21,True,impactful,tolerant,21,-2.8730495460229686,True
R21K,-1.29024272409239,21,True,neutral,tolerant,21,-0.8853829897564797,True
R21L,-2.11536079963358,21,True,neutral,tolerant,21,-1.451590800878738,True
R21M,-3.10783239984285,21,True,mild,tolerant,21,-2.1326389914506376,True
R21N,-2.5942338991597005,21,True,mild,tolerant,21,-1.780200362983138,True
R21P,-1.76608040127427,21,True,neutral,tolerant,21,-1.211909601684038,True
R21Q,-2.43342525480986,21,True,neutral,tolerant,21,-1.6698511739084216,True
R21R,0.0,21,True,neutral,tolerant,21,0.0,True
R21S,-1.36879064989677,21,True,neutral,tolerant,21,-0.9392836985837841,True
R21T,-2.9841837813204903,21,True,mild,tolerant,21,-2.047789542969077,True
R21V,-2.48797792493318,21,True,neutral,tolerant,21,-1.7072859954897333,True
R21W,-2.2814477406454903,21,True,neutral,tolerant,21,-1.5655620325290263,True
R21Y,-2.5462154281137,21,True,mild,tolerant,21,-1.7472494021566398,True
K22A,-3.47934154169252,22,True,mild,sensitive,22,-0.9228520183627744,True
K22C,-4.511124430106599,22,True,impactful,sensitive,22,-1.1965195815137948,True
K22D,-4.32256699976189,22,True,impactful,sensitive,22,-1.1465070710758958,True
K22E,-3.283995925060569,22,True,mild,sensitive,22,-0.871039026040261,True
K22F,-3.99449042957339,22,True,impactful,sensitive,22,-1.0594888461192524,True
K22G,-3.54610793374929,22,True,mild,sensitive,22,-0.9405609724651698,True
K22H,-1.4321816220011698,22,True,neutral,sensitive,22,-0.3798683413767183,True
K22I,-4.83098712216628,22,True,impactful,sensitive,22,-1.281359177577892,True
K22K,0.0,22,True,neutral,sensitive,22,0.0,True
K22L,-2.8458704521365,22,True,mild,sensitive,22,-0.7548316999875737,True
K22M,-4.83098712216628,22,True,impactful,sensitive,22,-1.281359177577892,True
K22N,-1.27076674858878,22,True,neutral,sensitive,22,-0.33705505617967685,True
K22P,-4.4480113114021504,22,True,impactful,sensitive,22,-1.179779612676692,True
K22Q,-2.37004141435982,22,True,neutral,sensitive,22,-0.6286239728513016,True
K22R,-1.24933195564919,22,True,neutral,sensitive,22,-0.3313697442634842,True
K22S,-3.15705553837756,22,True,mild,sensitive,22,-0.8373696691638504,True
K22T,-2.85612946873716,22,True,mild,sensitive,22,-0.7575527763932348,True
K22V,-4.016466177507221,22,True,impactful,sensitive,22,-1.06531763961157,True
K22W,-4.98613508061649,22,True,impactful,sensitive,22,-1.3225102416183,True
K22Y,-2.9731604370722096,22,True,mild,sensitive,22,-0.7885937834472342,True
S23A,-0.184975776489708,23,True,neutral,tolerant,23,-0.14789432498239002,True
S23C,-0.6717467041677,23,True,neutral,tolerant,23,-0.5370839753039496,True
S23D,-2.3303587525288902,23,True,neutral,tolerant,23,-1.8631998265526446,True
S23E,-2.49226371753464,23,True,neutral,tolerant,23,-1.9926482655062452,True
S23F,-2.73050551202726,23,True,mild,tolerant,23,-2.1831305548509787,True
S23G,-2.6779996586144903,23,True,mild,tolerant,23,-2.1411503675233803,True
S23H,-1.9413707292904696,23,True,neutral,tolerant,23,-1.5521908814095957,True
S23I,-2.9756992195207403,23,True,mild,tolerant,23,-2.379171131340709,True
S23K,-2.49011235816166,23,True,neutral,tolerant,23,-1.9909281816752735,True
S23L,-1.38573290144289,23,True,neutral,tolerant,23,-1.107939839226397,True
S23M,-3.87948338644538,23,True,mild,tolerant,23,-3.1017768250896327,True
S23N,-1.99936002323472,23,True,neutral,tolerant,23,-1.5985552629888642,True
S23P,-4.4319535341708,23,True,impactful,tolerant,23,-3.54349520098367,True
S23Q,-1.04802529879988,23,True,neutral,tolerant,23,-0.8379313068546564,True
S23R,-2.58260892567164,23,True,mild,tolerant,23,-2.0648822835294567,True
S23S,0.0,23,True,neutral,tolerant,23,0.0,True
S23T,-1.4638013969542802,23,True,neutral,tolerant,23,-1.1703582145680473,True
S23V,-2.30045163653111,23,True,neutral,tolerant,23,-1.8392880862339989,True
S23W,-4.15571846030809,23,True,impactful,tolerant,23,-3.322636013036651,True
S23Y,-3.2230369823525,23,True,mild,tolerant,23,-2.5769259518411807,True
S24A,-0.5266517824651571,24,True,neutral,tolerant,24,-0.14592593922335415,True
S24C,-1.31444214648941,24,True,neutral,tolerant,24,-0.364208783047115,True
S24D,-2.18054193966169,24,True,neutral,tolerant,24,-0.6041897913487044,True
S24E,-2.04815987540201,24,True,neutral,tolerant,24,-0.5675090514241258,True
S24F,-3.53506084413591,24,True,mild,tolerant,24,-0.9795031386348048,True
S24G,-1.96217994294808,24,True,neutral,tolerant,24,-0.5436855254902125,True
S24H,-2.29697543638639,24,True,neutral,tolerant,24,-0.636451463923097,True
S24I,-3.0654083860607795,24,True,mild,tolerant,24,-0.849370708944026,True
S24K,-3.0837153467694,24,True,mild,tolerant,24,-0.854443245532103,True
S24L,-1.49262687282803,24,True,neutral,tolerant,24,-0.41358063445244037,True
S24M,-3.44493743463807,24,True,mild,tolerant,24,-0.954531528142148,True
S24N,-1.0222971615831,24,True,neutral,tolerant,24,-0.2832605498287714,True
S24P,-2.56250623620315,24,True,mild,tolerant,24,-0.7100253748944374,True
S24Q,-0.83131082511096,24,True,neutral,tolerant,24,-0.23034159757901154,True
S24R,-4.43043032497666,24,True,impactful,tolerant,24,-1.2275942622080125,True
S24S,0.0,24,True,neutral,tolerant,24,0.0,True
S24T,-1.09279765765491,24,True,neutral,tolerant,24,-0.30279499639768986,True
S24V,-3.44765936242272,24,True,mild,tolerant,24,-0.9552857264221083,True
S24W,-4.484689220278541,24,True,impactful,tolerant,24,-1.242628447075074,True
S24Y,-3.33707991107808,24,True,mild,tolerant,24,-0.9246461067843691,True
T25A,-0.440753570902331,25,True,neutral,tolerant,25,-0.2748119345610844,True
T25C,-2.11586653897186,25,True,neutral,tolerant,25,-1.3192527871243793,True
T25D,-2.1056748425411698,25,True,neutral,tolerant,25,-1.3128982162315255,True
T25E,-2.4749823065748195,25,True,neutral,tolerant,25,-1.543163165489135,True
T25F,-2.78444520754489,25,True,mild,tolerant,25,-1.736114746837334,True
T25G,-2.7865667675735897,25,True,mild,tolerant,25,-1.7374375495422123,True
T25H,-3.245941002342,25,True,mild,tolerant,25,-2.0238595560293686,True
T25I,-2.24734478708851,25,True,neutral,tolerant,25,-1.4012300962217694,True
T25K,-2.29484293661665,25,True,neutral,tolerant,25,-1.4308454169398228,True
T25L,-1.51662435353984,25,True,neutral,tolerant,25,-0.9456224523501261,True
T25M,-0.649785377327991,25,True,neutral,tolerant,25,-0.40514425380022484,True
T25N,-2.52513790819737,25,True,neutral,tolerant,25,-1.5744354201477875,True
T25P,-1.1948596679511698,25,True,neutral,tolerant,25,-0.7450006501511461,True
T25Q,-2.7808167036905096,25,True,mild,tolerant,25,-1.733852357534978,True
T25R,-1.60772372747133,25,True,neutral,tolerant,25,-1.0024233425531555,True
T25S,-0.31555002459843,25,True,neutral,tolerant,25,-0.19674693169963764,True
T25T,0.0,25,True,neutral,tolerant,25,0.0,True
T25V,-0.960724086674341,25,True,neutral,tolerant,25,-0.5990160086460464,True
T25W,-3.54820496497513,25,True,mild,tolerant,25,-2.2123225653006346,True
T25Y,-2.76946946694888,25,True,mild,tolerant,25,-1.7267773017969024,True
P26A,-0.811575834904913,26,True,neutral,tolerant,26,-0.29576890083139723,True
P26C,-2.95077552260714,26,True,mild,tolerant,26,-1.0753740998510133,True
P26D,-0.9836728297846,26,True,neutral,tolerant,26,-0.3584875487047846,True
P26E,-0.571680055119706,26,True,neutral,tolerant,26,-0.20834181386117614,True
P26F,-1.9904854000189,26,True,neutral,tolerant,26,-0.7254080931987223,True
P26G,-1.0441210612457,26,True,neutral,tolerant,26,-0.38051716837494903,True
P26H,-2.135056042945,26,True,neutral,tolerant,26,-0.7780950982963432,True
P26I,-2.5493415761323,26,True,mild,tolerant,26,-0.9290764009807848,True
P26K,-1.40874428493395,26,True,neutral,tolerant,26,-0.513399648914195,True
P26L,-1.06249739390988,26,True,neutral,tolerant,26,-0.38721419837465754,True
P26M,-2.60146347205595,26,True,mild,tolerant,26,-0.9480715893582118,True
P26N,-0.527028974263849,26,True,neutral,tolerant,26,-0.19206927279023855,True
P26P,0.0,26,True,neutral,tolerant,26,0.0,True
P26Q,-0.474026483914608,26,True,neutral,tolerant,26,-0.17275316252956469,True
P26R,-2.56035765061579,26,True,mild,tolerant,26,-0.9330910747812193,True
P26S,-0.561669566146165,26,True,neutral,tolerant,26,-0.2046936134181012,True
P26T,-0.819172401300124,26,True,neutral,tolerant,26,-0.2985373766732975,True
P26V,-1.72759176934246,26,True,neutral,tolerant,26,-0.6295997203559601,True
P26W,-2.9245288174936097,26,True,mild,tolerant,26,-1.06580880873711,True
P26Y,-2.08589990082665,26,True,neutral,tolerant,26,-0.760180742670957,True
E27A,-1.47137980459837,27,True,neutral,sensitive,27,-0.529333169052575,True
E27C,-4.16746454931638,27,True,impactful,sensitive,27,-1.499257506396214,True
E27D,-0.28042751178705,27,True,neutral,sensitive,27,-0.10088461391128431,True
E27E,0.0,27,True,neutral,sensitive,27,0.0,True
E27F,-3.30306632176252,27,True,mild,sensitive,27,-1.188287727088003,True
E27G,-1.8766199198658,27,True,neutral,sensitive,27,-0.6751194804939582,True
E27H,-2.12234276891938,27,True,neutral,sensitive,27,-0.7635189909342031,True
E27I,-2.90308909205234,27,True,mild,sensitive,27,-1.0443947540502556,True
E27K,-2.48503300940406,27,True,neutral,sensitive,27,-0.8939978610262119,True
E27L,-3.08802045485609,27,True,mild,sensitive,27,-1.110924350300111,True
E27M,-3.18561213866634,27,True,mild,sensitive,27,-1.1460332427172917,True
E27N,-2.24947620280466,27,True,neutral,sensitive,27,-0.8092556139602345,True
E27P,-4.84502157158342,27,True,impactful,sensitive,27,-1.7430106180602256,True
E27Q,-1.08660453511224,27,True,neutral,sensitive,27,-0.39090914547033817,True
E27R,-2.9664817251416804,27,True,mild,sensitive,27,-1.0672004383901512,True
E27S,-3.4098914581736297,27,True,mild,sensitive,27,-1.2267183809642137,True
E27T,-4.16746454931638,27,True,impactful,sensitive,27,-1.499257506396214,True
E27V,-3.2070930386600898,27,True,mild,sensitive,27,-1.1537610590379028,True
E27W,-4.112614534716561,27,True,impactful,sensitive,27,-1.4795250539322307,True
E27Y,-3.1629376034107595,27,True,mild,sensitive,27,-1.137876012635622,True
E28A,-3.14712949979859,28,True,mild,sensitive,28,-1.9250830752896755,True
E28C,-4.16785545980856,28,True,impactful,sensitive,28,-2.549455942770901,True
E28D,-0.559038292683546,28,True,neutral,sensitive,28,-0.34196087442630013,True
E28E,0.0,28,True,neutral,sensitive,28,0.0,True
E28F,-3.61593009630158,28,True,mild,sensitive,28,-2.2118460108699773,True
E28G,-2.37417618719438,28,True,neutral,sensitive,28,-1.4522714734224234,True
E28H,-2.29619888485978,28,True,neutral,sensitive,28,-1.4045731550053735,True
E28I,-1.93289750221821,28,True,neutral,sensitive,28,-1.1823435508542306,True
E28K,-0.9981099189475408,28,True,neutral,sensitive,28,-0.6105387504288047,True
E28L,-3.08800895839817,28,True,mild,sensitive,28,-1.8889193414302345,True
E28M,-4.20151933873747,28,True,impactful,sensitive,28,-2.5700479659395667,True
E28N,-1.71655927731796,28,True,neutral,sensitive,28,-1.050010561277432,True
E28P,-4.92987652082592,28,True,impactful,sensitive,28,-3.015580342060057,True
E28Q,-2.24153546439587,28,True,neutral,sensitive,28,-1.3711358193065244,True
E28R,-2.67329995677511,28,True,mild,sensitive,28,-1.6352439587534415,True
E28S,-2.4446763032149,28,True,neutral,sensitive,28,-1.4953960350795614,True
E28T,-4.16785545980856,28,True,impactful,sensitive,28,-2.549455942770901,True
E28V,-3.4986841600609497,28,True,mild,sensitive,28,-2.1401272692300877,True
E28W,-4.557018789459111,28,True,impactful,sensitive,28,-2.7875051680988054,True
E28Y,-4.557018789459111,28,True,impactful,sensitive,28,-2.7875051680988054,True
V29A,-0.744600835685652,29,True,neutral,tolerant,29,-0.5172166801116327,True
V29C,-1.98474452095303,29,True,neutral,tolerant,29,-1.3786486971261664,True
V29D,-2.09892339791039,29,True,neutral,tolerant,29,-1.4579599426264223,True
V29E,-1.14175913953227,29,True,neutral,tolerant,29,-0.7930918733017671,True
V29F,-2.38258465970594,29,True,neutral,tolerant,29,-1.654997508353933,True
V29G,-2.4638813812237594,29,True,neutral,tolerant,29,-1.7114680606179353,True
V29H,-3.14244134141537,29,True,mild,tolerant,29,-2.1828112461836744,True
V29I,-0.366105615488696,29,True,neutral,tolerant,29,-0.25430528940908903,True
V29K,-0.8432681988583142,29,True,neutral,tolerant,29,-0.5857532752506118,True
V29L,-0.381552551134715,29,True,neutral,tolerant,29,-0.26503508232608874,True
V29M,-0.655347675554679,29,True,neutral,tolerant,29,-0.4552194045782185,True
V29N,-3.14244134141537,29,True,mild,tolerant,29,-2.1828112461836744,True
V29P,-2.30382005057083,29,True,neutral,tolerant,29,-1.6002858189564335,True
V29Q,-1.84703941780932,29,True,neutral,tolerant,29,-1.2829955996960045,True
V29R,-0.919116769160042,29,True,neutral,tolerant,29,-0.6384394177346572,True
V29S,-1.7636394481579398,29,True,neutral,tolerant,29,-1.2250640834296054,True
V29T,-1.74741521180721,29,True,neutral,tolerant,29,-1.2137943597595482,True
V29V,0.0,29,True,neutral,tolerant,29,0.0,True
V29W,-2.56517413339026,29,True,mild,tolerant,29,-1.7818283106795476,True
V29Y,-2.53020289818266,29,True,neutral,tolerant,29,-1.7575364951099044,True
K30A,-1.53120562562776,30,True,neutral,sensitive,30,-0.8000340074007446,True
K30C,-2.700091215193,30,True,mild,sensitive,30,-1.410760748970461,True
K30D,-2.2982846091214304,30,True,neutral,sensitive,30,-1.2008222901016599,True
K30E,-2.3174475459003903,30,True,neutral,sensitive,30,-1.2108346626062039,True
K30F,-3.4944642019900094,30,True,mild,sensitive,30,-1.8258097752810578,True
K30G,-1.97698444435812,30,True,neutral,sensitive,30,-1.032947346271875,True
K30H,-3.3950398190547504,30,True,mild,sensitive,30,-1.7738618943552478,True
K30I,-2.96881694564822,30,True,mild,sensitive,30,-1.5511662695808237,True
K30K,0.0,30,True,neutral,sensitive,30,0.0,True
K30L,-3.18701075333598,30,True,mild,sensitive,30,-1.665169551330066,True
K30M,-2.51594535752727,30,True,neutral,sensitive,30,-1.3145470556631613,True
K30N,-2.00476184110146,30,True,neutral,sensitive,30,-1.0474606563458397,True
K30P,-3.71464174220784,30,True,mild,sensitive,30,-1.9408495301591084,True
K30Q,-1.56096206387363,30,True,neutral,sensitive,30,-0.8155813396057553,True
K30R,-0.555832438523319,30,True,neutral,sensitive,30,-0.29041485075058293,True
K30S,-1.00020724227374,30,True,neutral,sensitive,30,-0.5225946109879551,True
K30T,-3.44930057715613,30,True,mild,sensitive,30,-1.8022123987041667,True
K30V,-3.0730503174224,30,True,mild,sensitive,30,-1.6056267814348086,True
K30W,-4.12560342321086,30,True,impactful,sensitive,30,-2.1555713905272733,True
K30Y,-3.29082656178658,30,True,mild,sensitive,30,-1.7194118920556822,True
K31A,-3.14581067406409,31,True,mild,sensitive,31,-1.1269407435034415,True
K31C,-4.253264424551509,31,True,impactful,sensitive,31,-1.5236698802119848,True
K31D,-2.2731865940792297,31,True,neutral,sensitive,31,-0.8143359076165155,True
K31E,-1.6578731265864095,31,True,neutral,sensitive,31,-0.5939088417854355,True
K31F,-5.168712709144018,31,True,impactful,sensitive,31,-1.8516158621438314,True
K31G,-3.3538716170510603,31,True,mild,sensitive,31,-1.2014755385300118,True
K31H,-2.7388362034945,31,True,mild,sensitive,31,-0.9811480814618639,True
K31I,-2.62068673498126,31,True,mild,sensitive,31,-0.9388227594109876,True
K31K,0.0,31,True,neutral,sensitive,31,0.0,True
K31L,-3.19875649677245,31,True,mild,sensitive,31,-1.1459078114520276,True
K31M,-3.22616566442904,31,True,mild,sensitive,31,-1.1557267455768276,True
K31N,-1.1667617462908202,31,True,neutral,sensitive,31,-0.41797536027737525,True
K31P,-3.94905936205728,31,True,impactful,sensitive,31,-1.4146928581263343,True
K31Q,-1.00089527342721,31,True,neutral,sensitive,31,-0.3585561181111819,True
K31R,-0.6876387492200949,31,True,neutral,sensitive,31,-0.24633654202296176,True
K31S,-2.21296694413426,31,True,neutral,sensitive,31,-0.7927630972620935,True
K31T,-3.2573054588488,31,True,mild,sensitive,31,-1.1668821222704326,True
K31V,-3.67392148066455,31,True,mild,sensitive,31,-1.3161287292742596,True
K31W,-5.168712709144018,31,True,impactful,sensitive,31,-1.8516158621438314,True
K31Y,-4.20194005477488,31,True,impactful,sensitive,31,-1.5052836741021314,True
R32A,-3.02966099076788,32,True,mild,sensitive,32,-2.5124536162236137,True
R32C,-1.01829598082464,32,True,neutral,sensitive,32,-0.8444579862911975,True
R32D,-2.9776058889350296,32,True,mild,sensitive,32,-2.4692850804562885,True
R32E,-2.8925893914333,32,True,mild,sensitive,32,-2.3987821406099568,True
R32F,-5.1698054601778205,32,True,impactful,sensitive,32,-4.287244171270879,True
R32G,-3.52647674407726,32,True,mild,sensitive,32,-2.924455665232616,True
R32H,-0.70239145793554,32,True,neutral,sensitive,32,-0.5824829787465583,True
R32I,-3.5576174575935604,32,True,mild,sensitive,32,-2.9502802041906806,True
R32K,-1.2241351098188,32,True,neutral,sensitive,32,-1.0151573700102385,True
R32L,-2.46115979178862,32,True,neutral,sensitive,32,-2.041003873973447,True
R32M,-3.4515417537839705,32,True,mild,sensitive,32,-2.862313172089732,True
R32N,-2.99934184016869,32,True,mild,sensitive,32,-2.4873103873950786,True
R32P,-4.11668530754255,32,True,impactful,sensitive,32,-3.4139070078492275,True
R32Q,-2.39294221369503,32,True,neutral,sensitive,32,-1.9844320326705636,True
R32R,0.0,32,True,neutral,sensitive,32,0.0,True
R32S,-2.89230216976327,32,True,mild,sensitive,32,-2.39854395187342,True
R32T,-2.80221092024128,32,True,mild,sensitive,32,-2.3238325942854354,True
R32V,-3.53058292103323,32,True,mild,sensitive,32,-2.927860857817964,True
R32W,-5.1698054601778205,32,True,impactful,sensitive,32,-4.287244171270879,True
R32Y,-3.84180274520521,32,True,mild,sensitive,32,-3.1859509131291315,True
K33A,-2.70613226869067,33,True,mild,tolerant,33,-2.2721573340447985,True
K33C,-2.97286309295828,33,True,mild,tolerant,33,-2.4961132749968997,True
K33D,-2.54820868452519,33,True,mild,tolerant,33,-2.1395595175478794,True
K33E,-2.4881103545327203,33,True,neutral,tolerant,33,-2.0890989902351094,True
K33F,-1.71361224224408,33,True,neutral,tolerant,33,-1.4388049944830335,True
K33G,-3.70970559896988,33,True,mild,tolerant,33,-3.114790389726498,True
K33H,-2.53717529206216,33,True,neutral,tolerant,33,-2.1302955196663578,True
K33I,-1.27596371021826,33,True,neutral,tolerant,33,-1.0713409450418956,True
K33K,0.0,33,True,neutral,tolerant,33,0.0,True
K33L,-1.84276032586793,33,True,neutral,tolerant,33,-1.5472419577382484,True
K33M,-2.37681470024375,33,True,neutral,tolerant,33,-1.9956515116821292,True
K33N,-1.77985004682897,33,True,neutral,tolerant,33,-1.494420425857126,True
K33P,-3.14923467243202,33,True,mild,tolerant,33,-2.6442006329042864,True
K33Q,-2.71310948526576,33,True,mild,tolerant,33,-2.2780156337279767,True
K33R,-1.4346514908078998,33,True,neutral,tolerant,33,-1.2045804058996223,True
K33S,-2.7957015951495703,33,True,mild,tolerant,33,-2.34736267576947,True
K33T,-1.8749773073280505,33,True,neutral,tolerant,33,-1.5742923911380968,True
K33V,-2.21422586052572,33,True,neutral,tolerant,33,-1.8591365937406277,True
K33W,-2.7053928696309,33,True,mild,tolerant,33,-2.2715365103637537,True
K33Y,-2.27482896149685,33,True,neutral,tolerant,33,-1.9100209433086681,True
K34A,-3.7732116596538,34,True,mild,sensitive,34,-3.606734768236921,True
K34C,-5.0250291700815,34,True,impactful,sensitive,34,-4.803321163488766,True
K34D,-5.105496952509429,34,True,impactful,sensitive,34,-4.880238647792407,True
K34E,-2.75887882156236,34,True,mild,sensitive,34,-2.637155045787824,True
K34F,-4.39292636193316,34,True,impactful,sensitive,34,-4.199107199128763,True
K34G,-4.29347411413088,34,True,impactful,sensitive,34,-4.104042858115698,True
K34H,-3.88318864589184,34,True,mild,sensitive,34,-3.711859488435376,True
K34I,-4.66790740509026,34,True,impactful,sensitive,34,-4.461955875116307,True
K34K,0.0,34,True,neutral,sensitive,34,0.0,True
K34L,-4.18701870981043,34,True,impactful,sensitive,34,-4.002284345033898,True
K34M,-5.528995477954202,34,True,impactful,sensitive,34,-5.285052104814024,True
K34N,-3.82234589814722,34,True,mild,sensitive,34,-3.653701167758045,True
K34P,-5.14414231408088,34,True,impactful,sensitive,34,-4.917178947405397,True
K34Q,-3.82194520031111,34,True,mild,sensitive,34,-3.653318149007067,True
K34R,-1.2461329062938302,34,True,neutral,sensitive,34,-1.191152600060198,True
K34S,-3.75362358329283,34,True,mild,sensitive,34,-3.588010932304412,True
K34T,-4.06082799663069,34,True,impactful,sensitive,34,-3.881661259528076,True
K34V,-5.528995477954202,34,True,impactful,sensitive,34,-5.285052104814024,True
K34W,-5.421762288562981,34,True,impactful,sensitive,34,-5.182550123114504,True
K34Y,-4.1622406746503104,34,True,impactful,sensitive,34,-3.978599535126149,True
A35A,0.0,35,True,neutral,tolerant,35,0.0,True
A35C,-2.31825725963431,35,True,neutral,tolerant,35,-2.31825725963431,True
A35D,-3.5687955354028897,35,True,mild,tolerant,35,-3.5687955354028897,True
A35E,-2.1179984154485902,35,True,neutral,tolerant,35,-2.1179984154485902,True
A35F,-1.6672137531551598,35,True,neutral,tolerant,35,-1.6672137531551598,True
A35G,-3.4264089971035405,35,True,mild,tolerant,35,-3.4264089971035405,True
A35H,-3.3689099820465898,35,True,mild,tolerant,35,-3.3689099820465898,True
A35I,-1.66718326329973,35,True,neutral,tolerant,35,-1.66718326329973,True
A35K,-3.38212937961342,35,True,mild,tolerant,35,-3.38212937961342,True
A35L,-1.78354285128623,35,True,neutral,tolerant,35,-1.78354285128623,True
A35M,-1.21059508100998,35,True,neutral,tolerant,35,-1.21059508100998,True
A35N,-4.43790429489784,35,True,impactful,tolerant,35,-4.43790429489784,True
A35P,-5.3029804669769405,35,True,impactful,tolerant,35,-5.3029804669769405,True
A35Q,-4.43790429489784,35,True,impactful,tolerant,35,-4.43790429489784,True
A35R,-3.6956588574594,35,True,mild,tolerant,35,-3.6956588574594,True
A35S,-2.28624453848429,35,True,neutral,tolerant,35,-2.28624453848429,True
A35T,-1.08312610691537,35,True,neutral,tolerant,35,-1.08312610691537,True
A35V,-0.758165374798319,35,True,neutral,tolerant,35,-0.758165374798319,True
A35W,-2.1312761733492698,35,True,neutral,tolerant,35,-2.1312761733492698,True
A35Y,-1.79838650953156,35,True,neutral,tolerant,35,-1.79838650953156,True
V36A,-3.0342191287624707,36,True,mild,sensitive,36,-3.0342191287624707,True
V36C,-3.3285621833874,36,True,mild,sensitive,36,-3.3285621833874,True
V36D,-5.401686075489462,36,True,impactful,sensitive,36,-5.401686075489462,True
V36E,-2.34500980665456,36,True,neutral,sensitive,36,-2.34500980665456,True
V36F,-3.69463590238997,36,True,mild,sensitive,36,-3.69463590238997,True
V36G,-4.56291551921521,36,True,impactful,sensitive,36,-4.56291551921521,True
V36H,-4.65611696741484,36,True,impactful,sensitive,36,-4.65611696741484,True
V36I,-0.692869449053828,36,True,neutral,sensitive,36,-0.692869449053828,True
V36K,-4.465710994737751,36,True,impactful,sensitive,36,-4.465710994737751,True
V36L,-1.55619533874322,36,True,neutral,sensitive,36,-1.55619533874322,True
V36M,-1.30144768419741,36,True,neutral,sensitive,36,-1.30144768419741,True
V36N,-5.401686075489462,36,True,impactful,sensitive,36,-5.401686075489462,True
V36P,-6.12810562062722,36,True,impactful,sensitive,36,-6.12810562062722,True
V36Q,-5.401686075489462,36,True,impactful,sensitive,36,-5.401686075489462,True
V36R,-4.71827662813901,36,True,impactful,sensitive,36,-4.71827662813901,True
V36S,-4.0286361935158,36,True,impactful,sensitive,36,-4.0286361935158,True
V36T,-4.3535890453497315,36,True,impactful,sensitive,36,-4.3535890453497315,True
V36V,0.0,36,True,neutral,sensitive,36,0.0,True
V36W,-4.94894560945119,36,True,impactful,sensitive,36,-4.94894560945119,True
V36Y,-3.81774287193945,36,True,mild,sensitive,36,-3.81774287193945,True
L37A,-3.34330609308897,37,True,mild,sensitive,37,-3.34330609308897,True
L37C,-2.3167025681297404,37,True,neutral,sensitive,37,-2.3167025681297404,True
L37D,-4.54832327982322,37,True,impactful,sensitive,37,-4.54832327982322,True
L37E,-3.6022865595978395,37,True,mild,sensitive,37,-3.6022865595978395,True
L37F,-1.3563906031740502,37,True,neutral,sensitive,37,-1.3563906031740502,True
L37G,-2.65353500856096,37,True,mild,sensitive,37,-2.65353500856096,True
L37H,-4.54832327982322,37,True,impactful,sensitive,37,-4.54832327982322,True
L37I,-0.543150840923166,37,True,neutral,sensitive,37,-0.543150840923166,True
L37K,-3.2678182535433704,37,True,mild,sensitive,37,-3.2678182535433704,True
L37L,0.0,37,True,neutral,sensitive,37,0.0,True
L37M,-0.556476087550459,37,True,neutral,sensitive,37,-0.556476087550459,True
L37N,-3.54805788807834,37,True,mild,sensitive,37,-3.54805788807834,True
L37P,-4.25701277639773,37,True,impactful,sensitive,37,-4.25701277639773,True
L37Q,-3.12538893299262,37,True,mild,sensitive,37,-3.12538893299262,True
L37R,-3.32757307769729,37,True,mild,sensitive,37,-3.32757307769729,True
L37S,-3.0713777683800503,37,True,mild,sensitive,37,-3.0713777683800503,True
L37T,-2.75452094617223,37,True,mild,sensitive,37,-2.75452094617223,True
L37V,-1.03173567533877,37,True,neutral,sensitive,37,-1.03173567533877,True
L37W,-3.4311762872049,37,True,mild,sensitive,37,-3.4311762872049,True
L37Y,-3.3354810379726603,37,True,mild,sensitive,37,-3.3354810379726603,True
F38A,-4.145157451878791,38,True,impactful,sensitive,38,-4.145157451878791,True
F38C,-3.73479517860836,38,True,mild,sensitive,38,-3.73479517860836,True
F38D,-5.10839248610643,38,True,impactful,sensitive,38,-5.10839248610643,True
F38E,-4.02902365778536,38,True,impactful,sensitive,38,-4.02902365778536,True
F38F,0.0,38,True,neutral,sensitive,38,0.0,True
F38G,-6.000014365982231,38,True,impactful,sensitive,38,-6.000014365982231,True
F38H,-3.95134155493788,38,True,impactful,sensitive,38,-3.95134155493788,True
F38I,-3.20409410733808,38,True,mild,sensitive,38,-3.20409410733808,True
F38K,-4.52723696584728,38,True,impactful,sensitive,38,-4.52723696584728,True
F38L,-1.3517552272735398,38,True,neutral,sensitive,38,-1.3517552272735398,True
F38M,-2.50548753675109,38,True,neutral,sensitive,38,-2.50548753675109,True
F38N,-4.007272205224741,38,True,impactful,sensitive,38,-4.007272205224741,True
F38P,-6.000014365982231,38,True,impactful,sensitive,38,-6.000014365982231,True
F38Q,-5.10839248610643,38,True,impactful,sensitive,38,-5.10839248610643,True
F38R,-5.57237028146397,38,True,impactful,sensitive,38,-5.57237028146397,True
F38S,-4.19935432863839,38,True,impactful,sensitive,38,-4.19935432863839,True
F38T,-5.14472619694571,38,True,impactful,sensitive,38,-5.14472619694571,True
F38V,-3.2728846543106096,38,True,mild,sensitive,38,-3.2728846543106096,True
F38W,-3.06237161724942,38,True,mild,sensitive,38,-3.06237161724942,True
F38Y,-2.32847648562378,38,True,neutral,sensitive,38,-2.32847648562378,True
C39A,-2.18865790129277,39,True,neutral,tolerant,39,-1.9546312301369844,True
C39C,0.0,39,True,neutral,tolerant,39,0.0,True
C39D,-2.3345804641641603,39,True,neutral,tolerant,39,-2.084950727945013,True
C39E,-2.24810646808258,39,True,neutral,tolerant,39,-2.007723138728826,True
C39F,-1.7156991913902802,39,True,neutral,tolerant,39,-1.5322445865255474,True
C39G,-2.46142429660577,39,True,neutral,tolerant,39,-2.1982315271481165,True
C39H,-2.25866171956806,39,True,neutral,tolerant,39,-2.0171497486084613,True
C39I,-2.52102169817661,39,True,neutral,tolerant,39,-2.25145635606111,True
C39K,-1.12937119736893,39,True,neutral,tolerant,39,-1.0086108987113103,True
C39L,-2.6890797101575603,39,True,mild,tolerant,39,-2.4015444253288893,True
C39M,-2.97023071215433,39,True,mild,tolerant,39,-2.6526327880020104,True
C39N,-2.7949852524212004,39,True,mild,tolerant,39,-2.4961258033646394,True
C39P,-5.2384307470829805,39,True,impactful,tolerant,39,-4.678300948316428,True
C39Q,-2.54362035347568,39,True,mild,tolerant,39,-2.2716386044520407,True
C39R,-0.7208660448034709,39,True,neutral,tolerant,39,-0.6437859855055118,True
C39S,-2.2690627944244905,39,True,neutral,tolerant,39,-2.026438667506825,True
C39T,-2.13238142099488,39,True,neutral,tolerant,39,-1.9043722262755445,True
C39V,-2.5961052101780804,39,True,mild,tolerant,39,-2.318511411736898,True
C39W,-3.29408387933706,39,True,mild,tolerant,39,-2.9418573005127313,True
C39Y,-2.8709076202672006,39,True,mild,tolerant,39,-2.5639300185277696,True
L40A,-3.9912296028615097,40,True,impactful,sensitive,40,-3.5309180057121443,True
L40C,-5.245565742058768,40,True,impactful,sensitive,40,-4.640590587798556,True
L40D,-5.33417182037392,40,True,impactful,sensitive,40,-4.718977658568478,True
L40E,-4.54313364947592,40,True,impactful,sensitive,40,-4.019170531755517,True
L40F,-2.999872790639,40,True,mild,sensitive,40,-2.6538951414168297,True
L40G,-6.01091699019348,40,True,impactful,sensitive,40,-5.3176732845182935,True
L40H,-5.33417182037392,40,True,impactful,sensitive,40,-4.718977658568478,True
L40I,-0.6099573141531179,40,True,neutral,sensitive,40,-0.5396104653350342,True
L40K,-4.25411129914634,40,True,impactful,sensitive,40,-3.7634813526363042,True
L40L,0.0,40,True,neutral,sensitive,40,0.0,True
L40M,-0.620725173712666,40,True,neutral,sensitive,40,-0.5491364593230847,True
L40N,-5.33417182037392,40,True,impactful,sensitive,40,-4.718977658568478,True
L40P,-2.36424907682769,40,True,neutral,sensitive,40,-2.0915784021480834,True
L40Q,-4.46737066230959,40,True,impactful,sensitive,40,-3.952145348498622,True
L40R,-5.27236524617158,40,True,impactful,sensitive,40,-4.664299284373727,True
L40S,-4.01918120177957,40,True,impactful,sensitive,40,-3.5556459251075765,True
L40T,-4.16082787463374,40,True,impactful,sensitive,40,-3.680956377623621,True
L40V,-2.20768218451411,40,True,neutral,sensitive,40,-1.9530684906230569,True
L40W,-4.76565719970043,40,True,impactful,sensitive,40,-4.2160302688198525,True
L40Y,-3.66687079490169,40,True,mild,sensitive,40,-3.2439677499524797,True
S41A,-1.94705716095828,41,True,neutral,sensitive,41,-1.694301856327021,True
S41C,-1.24684876931897,41,True,neutral,sensitive,41,-1.0849903263119753,True
S41D,-2.1248667220485498,41,True,neutral,sensitive,41,-1.8490292446486174,True
S41E,-2.29566018392971,41,True,neutral,sensitive,41,-1.997651321758745,True
S41F,-3.77524804041543,41,True,mild,sensitive,41,-3.2851679402276512,True
S41G,-1.6613047871546298,41,True,neutral,sensitive,41,-1.4456441450418043,True
S41H,-2.70907231317083,41,True,mild,sensitive,41,-2.3573967632621673,True
S41I,-2.7236062119927205,41,True,mild,sensitive,41,-2.370043958345787,True
S41K,-2.5917803189168,41,True,mild,sensitive,41,-2.2553309135368855,True
S41L,-3.5928963593081003,41,True,mild,sensitive,41,-3.1264880627183325,True
S41M,-4.4212817938475,41,True,impactful,sensitive,41,-3.847337459252534,True
S41N,-1.48906113863022,41,True,neutral,sensitive,41,-1.295760135836951,True
S41P,-3.8095270338063902,41,True,mild,sensitive,41,-3.3149970399068516,True
S41Q,-2.18993646394799,41,True,neutral,sensitive,41,-1.9056520221928992,True
S41R,-2.27270209438626,41,True,neutral,sensitive,41,-1.9776735139618518,True
S41S,0.0,41,True,neutral,sensitive,41,0.0,True
S41T,-1.70854351491052,41,True,neutral,sensitive,41,-1.4867506239537742,True
S41V,-3.2974813354962498,41,True,mild,sensitive,41,-2.869422048803791,True
S41W,-4.837032478833,41,True,impactful,sensitive,41,-4.2091178791932995,True
S41Y,-3.98139679176732,41,True,impactful,sensitive,41,-3.46455569478289,True
E42A,-1.27997024669745,42,True,neutral,tolerant,42,-0.21725257708226028,True
E42C,-3.6062584790170096,42,True,mild,tolerant,42,-0.6120993438813802,True
E42D,-0.432783692372475,42,True,neutral,tolerant,42,-0.07345746725730017,True
E42E,0.0,42,True,neutral,tolerant,42,0.0,True
E42F,-4.816142645730911,42,True,impactful,tolerant,42,-0.8174560339043075,True
E42G,-2.37407629526162,42,True,neutral,tolerant,42,-0.4029579552073814,True
E42H,-2.04389475044323,42,True,neutral,tolerant,42,-0.3469154091389237,True
E42I,-3.14361730551536,42,True,mild,tolerant,42,-0.5335740910741935,True
E42K,-1.03432127813702,42,True,neutral,tolerant,42,-0.17555795830885432,True
E42L,-3.35904641713879,42,True,mild,tolerant,42,-0.5701394173382148,True
E42M,-3.2874401209589905,42,True,mild,tolerant,42,-0.5579855001510645,True
E42N,-0.5920891258205179,42,True,neutral,tolerant,42,-0.10049678012343319,True
E42P,-1.30494849300063,42,True,neutral,tolerant,42,-0.221492197803416,True
E42Q,-1.24426138933587,42,True,neutral,tolerant,42,-0.2111916226917323,True
E42R,-1.8791129613229,42,True,neutral,tolerant,42,-0.31894658061733444,True
E42S,-1.24119606543161,42,True,neutral,tolerant,42,-0.21067133753704953,True
E42T,-2.4655418037617203,42,True,neutral,tolerant,42,-0.41848262657146756,True
E42V,-3.24677843629496,42,True,mild,tolerant,42,-0.5510838898952326,True
E42W,-4.816142645730911,42,True,impactful,tolerant,42,-0.8174560339043075,True
E42Y,-4.816142645730911,42,True,impactful,tolerant,42,-0.8174560339043075,True
D43A,-3.0328675331975496,43,True,mild,sensitive,43,-1.6334871999669633,True
D43C,-2.20003691151902,43,True,neutral,sensitive,43,-1.1849288157443203,True
D43D,0.0,43,True,neutral,sensitive,43,0.0,True
D43E,-0.936082961675658,43,True,neutral,sensitive,43,-0.5041695752508668,True
D43F,-5.18761032495656,43,True,impactful,sensitive,43,-2.794020830609433,True
D43G,-1.70522346772744,43,True,neutral,sensitive,43,-0.918424783518106,True
D43H,-2.6288704423982003,43,True,mild,sensitive,43,-1.415896398713316,True
D43I,-2.9996554907654,43,True,mild,sensitive,43,-1.6155993609486603,True
D43K,-2.94362468028555,43,True,mild,sensitive,43,-1.5854214482238949,True
D43L,-3.77312304768414,43,True,mild,sensitive,43,-2.032185097050503,True
D43M,-3.8782429401256,43,True,mild,sensitive,43,-2.088802142432631,True
D43N,-0.7104852217795921,43,True,neutral,sensitive,43,-0.38266376715736955,True
D43P,-4.46410502557712,43,True,impactful,sensitive,43,-2.404344515139574,True
D43Q,-2.40173481425533,43,True,neutral,sensitive,43,-1.293562291744699,True
D43R,-3.1220765501635097,43,True,mild,sensitive,43,-1.6815347278396684,True
D43S,-2.33620429234052,43,True,neutral,sensitive,43,-1.2582678822186288,True
D43T,-2.7154657143885697,43,True,mild,sensitive,43,-1.4625361766876586,True
D43V,-2.52236377759871,43,True,neutral,sensitive,43,-1.3585324447137441,True
D43W,-5.18761032495656,43,True,impactful,sensitive,43,-2.794020830609433,True
D43Y,-4.303379019368561,43,True,impactful,sensitive,43,-2.3177782965462113,True
K44A,-2.3351865900097204,44,True,neutral,tolerant,44,-1.4800153650522432,True
K44C,-2.4896889953781502,44,True,neutral,tolerant,44,-1.5779372762438686,True
K44D,-1.93245065952548,44,True,neutral,tolerant,44,-1.2247657983900748,True
K44E,-0.874868966303697,44,True,neutral,tolerant,44,-0.5544822491171701,True
K44F,-1.93993235617168,44,True,neutral,tolerant,44,-1.2295076147573012,True
K44G,-1.8864827783201,44,True,neutral,tolerant,44,-1.1956318650359201,True
K44H,-2.08398763315756,44,True,neutral,tolerant,44,-1.3208082518319053,True
K44I,-2.08575003492488,44,True,neutral,tolerant,44,-1.3219252425281465,True
K44K,0.0,44,True,neutral,tolerant,44,0.0,True
K44L,-0.9423292001490552,44,True,neutral,tolerant,44,-0.5972377972383727,True
K44M,-0.950395143945184,44,True,neutral,tolerant,44,-0.6023499029703042,True
K44N,-0.6145305970320051,44,True,neutral,tolerant,44,-0.3894826776554545,True
K44P,-3.6329362268825496,44,True,mild,tolerant,44,-2.30251469370536,True
K44Q,-0.58832495652545,44,True,neutral,tolerant,44,-0.3728738333058578,True
K44R,-0.444159451380898,44,True,neutral,tolerant,44,-0.281503334846646,True
K44S,-1.06679173716876,44,True,neutral,tolerant,44,-0.6761207729931196,True
K44T,-1.0765830431139,44,True,neutral,tolerant,44,-0.6823263941219537,True
K44V,-2.16903720020763,44,True,neutral,tolerant,44,-1.3747117242840232,True
K44W,-2.4412477742252703,44,True,neutral,tolerant,44,-1.5472357674587152,True
K44Y,-1.93050686856518,44,True,neutral,tolerant,44,-1.2235338452348103,True
K45A,-2.74836775556892,45,True,mild,sensitive,45,-1.4664902715634645,True
K45C,-3.82655281465764,45,True,mild,sensitive,45,-2.0417946124381032,True
K45D,-2.32628856079488,45,True,neutral,sensitive,45,-1.2412747662107826,True
K45E,-1.8247305717131,45,True,neutral,sensitive,45,-0.9736504971794688,True
K45F,-5.0912752813723605,45,True,impactful,sensitive,45,-2.716632683109965,True
K45G,-3.1115546559372,45,True,mild,sensitive,45,-1.6602816792344952,True
K45H,-3.3887201753930496,45,True,mild,sensitive,45,-1.8081732912908661,True
K45I,-2.94784803321992,45,True,mild,sensitive,45,-1.572930134260593,True
K45K,0.0,45,True,neutral,sensitive,45,0.0,True
K45L,-4.07026318627043,45,True,impactful,sensitive,45,-2.1718350294547446,True
K45M,-3.85000973154564,45,True,mild,sensitive,45,-2.0543108924546414,True
K45N,-1.57960014718442,45,True,neutral,sensitive,45,-0.8428523599552468,True
K45P,-5.490250798502669,45,True,impactful,sensitive,45,-2.929520391924786,True
K45Q,-1.59659965148291,45,True,neutral,sensitive,45,-0.8519230556889682,True
K45R,-0.258704185863803,45,True,neutral,sensitive,45,-0.13804090482915712,True
K45S,-2.68916156429496,45,True,mild,sensitive,45,-1.4348986829401238,True
K45T,-1.5048624120119198,45,True,neutral,sensitive,45,-0.8029733585635752,True
K45V,-3.1010894690748,45,True,mild,sensitive,45,-1.654697603125064,True
K45W,-5.0912752813723605,45,True,impactful,sensitive,45,-2.716632683109965,True
K45Y,-4.48324797783337,45,True,impactful,sensitive,45,-2.3921978895208817,True
N46A,-0.6836857024360571,46,True,neutral,tolerant,46,-0.47531374726366843,True
N46C,-0.915047798604807,46,True,neutral,tolerant,46,-0.6361619038258292,True
N46D,-0.7180640630578271,46,True,neutral,tolerant,46,-0.4992143602992958,True
N46E,-0.480285094535614,46,True,neutral,tolerant,46,-0.3339050490966773,True
N46F,-1.85075543319694,46,True,neutral,tolerant,46,-1.2866869924103848,True
N46G,-2.2699467482576297,46,True,neutral,tolerant,46,-1.5781182656868893,True
N46H,-0.456893828076577,46,True,neutral,tolerant,46,-0.31764291216113466,True
N46I,-2.32875791140464,46,True,neutral,tolerant,46,-1.6190051150633467,True
N46K,-0.839480026083046,46,True,neutral,tolerant,46,-0.5836254810196991,True
N46L,-2.38456666344198,46,True,neutral,tolerant,46,-1.6578046204010464,True
N46M,-2.20721636249233,46,True,neutral,tolerant,46,-1.5345066841967985,True
N46N,0.0,46,True,neutral,tolerant,46,0.0,True
N46P,-3.43956542838171,46,True,mild,tolerant,46,-2.391263598020876,True
N46Q,-0.428071457427028,46,True,neutral,tolerant,46,-0.2976049488840822,True
N46R,-0.951393462027838,46,True,neutral,tolerant,46,-0.6614302302173711,True
N46S,-0.8093176836580179,46,True,neutral,tolerant,46,-0.56265593908953,True
N46T,-0.347492158626023,46,True,neutral,tolerant,46,-0.24158439978013682,True
N46V,-2.1562187034667097,46,True,neutral,tolerant,46,-1.4990519594208191,True
N46W,-3.41132883029998,46,True,mild,tolerant,46,-2.3716328770676895,True
N46Y,-1.26802211976767,46,True,neutral,tolerant,46,-0.8815576268634355,True
I47A,-3.95787736895325,47,True,impactful,sensitive,47,-3.95787736895325,True
I47C,-4.00129349309645,47,True,impactful,sensitive,47,-4.00129349309645,True
I47D,-5.299296701271,47,True,impactful,sensitive,47,-5.299296701271,True
I47E,-3.7476957354368894,47,True,mild,sensitive,47,-3.7476957354368894,True
I47F,-3.19054870759517,47,True,mild,sensitive,47,-3.19054870759517,True
I47G,-6.131127571565732,47,True,impactful,sensitive,47,-6.131127571565732,True
I47H,-5.299296701271,47,True,impactful,sensitive,47,-5.299296701271,True
I47I,0.0,47,True,neutral,sensitive,47,0.0,True
I47K,-4.304201686468399,47,True,impactful,sensitive,47,-4.304201686468399,True
I47L,-0.993046237199691,47,True,neutral,sensitive,47,-0.993046237199691,True
I47M,-2.98201532494272,47,True,mild,sensitive,47,-2.98201532494272,True
I47N,-4.54591361908772,47,True,impactful,sensitive,47,-4.54591361908772,True
I47P,-6.131127571565732,47,True,impactful,sensitive,47,-6.131127571565732,True
I47Q,-5.299296701271,47,True,impactful,sensitive,47,-5.299296701271,True
I47R,-4.24441021060099,47,True,impactful,sensitive,47,-4.24441021060099,True
I47S,-3.8039595020239902,47,True,mild,sensitive,47,-3.8039595020239902,True
I47T,-2.0502121855582,47,True,neutral,sensitive,47,-2.0502121855582,True
I47V,-0.709091269513402,47,True,neutral,sensitive,47,-0.709091269513402,True
I47W,-5.02902838819149,47,True,impactful,sensitive,47,-5.02902838819149,True
I47Y,-3.1881586252348195,47,True,mild,sensitive,47,-3.1881586252348195,True
I48A,-2.7243458569007,48,True,mild,sensitive,48,-1.922722240158837,True
I48C,-3.07762864557343,48,True,mild,sensitive,48,-2.172053533072999,True
I48D,-2.44526111676819,48,True,neutral,sensitive,48,-1.725756632659875,True
I48E,-2.4122809893975203,48,True,neutral,sensitive,48,-1.702480724346605,True
I48F,-3.695374530564101,48,True,mild,sensitive,48,-2.6080311270446366,True
I48G,-4.24356016556714,48,True,impactful,sensitive,48,-2.994916187723023,True
I48H,-2.01619496553395,48,True,neutral,sensitive,48,-1.4229408101431462,True
I48I,0.0,48,True,neutral,sensitive,48,0.0,True
I48K,-3.08156178347985,48,True,mild,sensitive,48,-2.1748293670248926,True
I48L,-1.82650573137806,48,True,neutral,sensitive,48,-1.289066578166908,True
I48M,-1.01759437798833,48,True,neutral,sensitive,48,-0.7181728916917302,True
I48N,-3.3121350262458504,48,True,mild,sensitive,48,-2.3375577154571565,True
I48P,-5.3736235601874895,48,True,impactful,sensitive,48,-3.792464713407563,True
I48Q,-2.57087546493489,48,True,mild,sensitive,48,-1.8144096574920203,True
I48R,-3.43129060854651,48,True,mild,sensitive,48,-2.421652430358439,True
I48S,-2.88119114073132,48,True,mild,sensitive,48,-2.0334166715289546,True
I48T,-1.70754216199347,48,True,neutral,sensitive,48,-1.2051073774490357,True
I48V,-0.121325304154155,48,True,neutral,sensitive,48,-0.08562600816645573,True
I48W,-4.46028124788037,48,True,impactful,sensitive,48,-3.147868296875928,True
I48Y,-3.47110058061529,48,True,mild,sensitive,48,-2.4497485395520875,True
L49A,-3.068146722543509,49,True,mild,sensitive,49,-2.3568050365508992,True
L49C,-3.53457746803266,49,True,mild,sensitive,49,-2.7150950498980144,True
L49D,-2.9068677582129903,49,True,mild,sensitive,49,-2.2329181726564724,True
L49E,-2.9001741223003594,49,True,mild,sensitive,49,-2.2277764384897805,True
L49F,-3.20789702469591,49,True,mild,sensitive,49,-2.464154601534951,True
L49G,-4.883167627868519,49,True,impactful,sensitive,49,-3.7510181553971074,True
L49H,-2.03753375038933,49,True,neutral,sensitive,49,-1.5651369505168502,True
L49I,-0.890477926662655,49,True,neutral,sensitive,49,-0.6840229794343502,True
L49K,-2.73019030626493,49,True,mild,sensitive,49,-2.097202919687418,True
L49L,0.0,49,True,neutral,sensitive,49,0.0,True
L49M,-0.676251451001789,49,True,neutral,sensitive,49,-0.5194643443826596,True
L49N,-3.07303661290875,49,True,mild,sensitive,49,-2.360561218794827,True
L49P,-2.170874123799,49,True,neutral,sensitive,49,-1.6675627117486882,True
L49Q,-4.11261866232518,49,True,impactful,sensitive,49,-3.1591189252989698,True
L49R,-3.09511037640878,49,True,mild,sensitive,49,-2.3775172387303325,True
L49S,-3.51600225305781,49,True,mild,sensitive,49,-2.700826449284466,True
L49T,-2.72980013160698,49,True,mild,sensitive,49,-2.0969032059898187,True
L49V,-0.546732876670214,49,True,neutral,sensitive,49,-0.4199743082417237,True
L49W,-4.435565378210638,49,True,impactful,sensitive,49,-3.4071913010246804,True
L49Y,-3.13553570470037,49,True,mild,sensitive,49,-2.408570061798344,True
E50A,-2.11553523069682,50,True,neutral,sensitive,50,-1.9012468151293216,True
E50C,-3.3950084629577897,50,True,mild,sensitive,50,-3.0511186643814536,True
E50D,-0.6694304131634089,50,True,neutral,sensitive,50,-0.6016219548177484,True
E50E,0.0,50,True,neutral,sensitive,50,0.0,True
E50F,-4.7656610407003,50,True,impactful,sensitive,50,-4.282934050988553,True
E50G,-2.06454507109283,50,True,neutral,sensitive,50,-1.8554215898419653,True
E50H,-2.32653912940336,50,True,neutral,sensitive,50,-2.09087754525124,True
E50I,-2.5965577618379103,50,True,mild,sensitive,50,-2.3335452434737216,True
E50K,-1.28140227272386,50,True,neutral,sensitive,50,-1.1516054918703726,True
E50L,-3.02535719531496,50,True,mild,sensitive,50,-2.718910396177403,True
E50M,-4.1068314878269705,50,True,impactful,sensitive,50,-3.690839165997718,True
E50N,-2.15832301783295,50,True,neutral,sensitive,50,-1.9397005089457104,True
E50P,-5.572220215486231,50,True,impactful,sensitive,50,-5.007794615834825,True
E50Q,-2.10491038828474,50,True,neutral,sensitive,50,-1.891698192395885,True
E50R,-2.8580388604414506,50,True,mild,sensitive,50,-2.568540198283691,True
E50S,-3.3133636816811003,50,True,mild,sensitive,50,-2.977743908848261,True
E50T,-3.3629160945859504,50,True,mild,sensitive,50,-3.022277020776767,True
E50V,-2.07848657390753,50,True,neutral,sensitive,50,-1.8679509192712058,True
E50W,-4.7656610407003,50,True,impactful,sensitive,50,-4.282934050988553,True
E50Y,-3.36429757955292,50,True,mild,sensitive,50,-3.0235185713099315,True
E51A,-1.01721461459208,51,True,neutral,tolerant,51,-0.2401168680553058,True
E51C,-2.58005262044552,51,True,mild,tolerant,51,-0.6090299389649434,True
E51D,-0.5210866912829439,51,True,neutral,tolerant,51,-0.12300423381779509,True
E51E,0.0,51,True,neutral,tolerant,51,0.0,True
E51F,-3.50294049590339,51,True,mild,tolerant,51,-0.8268806688328234,True
E51G,-2.68467429686243,51,True,mild,tolerant,51,-0.6337262310861476,True
E51H,-1.41667511434987,51,True,neutral,tolerant,51,-0.33441083782107855,True
E51I,-2.8004430417614703,51,True,mild,tolerant,51,-0.6610538255240221,True
E51K,-0.551306357483605,51,True,neutral,tolerant,51,-0.13013768579310847,True
E51L,-2.45039607707868,51,True,neutral,tolerant,51,-0.5784240838489045,True
E51M,-3.3028705129102405,51,True,mild,tolerant,51,-0.7796534888267062,True
E51N,-2.1091450617852603,51,True,neutral,tolerant,51,-0.49787065506651473,True
E51P,-1.60644537463271,51,True,neutral,tolerant,51,-0.3792067342774315,True
E51Q,-1.16966698802168,51,True,neutral,tolerant,51,-0.2761037541168998,True
E51R,-1.77852940315754,51,True,neutral,tolerant,51,-0.419827737337137,True
E51S,-1.99673387998106,51,True,neutral,tolerant,51,-0.47133562448199606,True
E51T,-1.12263968744539,51,True,neutral,tolerant,51,-0.2650028045576935,True
E51V,-2.44390261420858,51,True,neutral,tolerant,51,-0.5768912805005894,True
E51W,-4.3941412356702285,51,True,impactful,tolerant,51,-1.0372515457074143,True
E51Y,-3.4712105438108902,51,True,mild,tolerant,51,-0.8193907088866116,True
G52A,-0.33980170290571304,52,True,neutral,tolerant,52,-0.11053349837350182,True
G52C,-1.74422024459194,52,True,neutral,tolerant,52,-0.5673743360318831,True
G52D,-0.92391178738875,52,True,neutral,tolerant,52,-0.3005376405571762,True
G52E,-1.07310774163665,52,True,neutral,tolerant,52,-0.34906933014311453,True
G52F,-2.6549458977715,52,True,mild,tolerant,52,-0.8636226821808771,True
G52G,0.0,52,True,neutral,tolerant,52,0.0,True
G52H,-2.1455735734284,52,True,neutral,tolerant,52,-0.6979298545616243,True
G52I,-2.3564804459269504,52,True,neutral,tolerant,52,-0.7665353802224167,True
G52K,-1.63051867200232,52,True,neutral,tolerant,52,-0.530388551436252,True
G52L,-2.36533901948056,52,True,neutral,tolerant,52,-0.7694169700352587,True
G52M,-2.4653033380665,52,True,neutral,tolerant,52,-0.8019341874339401,True
G52N,-0.630055634636469,52,True,neutral,tolerant,52,-0.20494968939466993,True
G52P,-3.73631962466652,52,True,mild,tolerant,52,-1.2153808401323825,True
G52Q,-1.7809911170699295,52,True,neutral,tolerant,52,-0.5793354684761366,True
G52R,-1.9664571316279,52,True,neutral,tolerant,52,-0.6396653821969387,True
G52S,-0.494271087322437,52,True,neutral,tolerant,52,-0.16078057278536678,True
G52T,-0.439889268669532,52,True,neutral,tolerant,52,-0.1430908066299368,True
G52V,-1.8246125105521205,52,True,neutral,tolerant,52,-0.5935249948507337,True
G52W,-3.65220815596381,52,True,mild,tolerant,52,-1.1880203683938886,True
G52Y,-2.8810207916545294,52,True,mild,tolerant,52,-0.9371621868438165,True
K53A,-2.23666863851882,53,True,neutral,tolerant,53,-1.7004790105551586,True
K53C,-1.7648318965973602,53,True,neutral,tolerant,53,-1.3417542257441597,True
K53D,-2.21266298246717,53,True,neutral,tolerant,53,-1.6822281558923644,True
K53E,-0.945273261105303,53,True,neutral,tolerant,53,-0.7186658372485015,True
K53F,-3.00572478797911,53,True,mild,tolerant,53,-2.2851717171876573,True
K53G,-2.58935475485091,53,True,mild,tolerant,53,-1.9686167792923706,True
K53H,-2.12490147679878,53,True,neutral,tolerant,53,-1.6155054434826068,True
K53I,-3.15339961060038,53,True,mild,tolerant,53,-2.397444913105146,True
K53K,0.0,53,True,neutral,tolerant,53,0.0,True
K53L,-2.47299417700489,53,True,neutral,tolerant,53,-1.8801509614793843,True
K53M,-2.85385837997711,53,True,mild,tolerant,53,-2.1697117716380903,True
K53N,-0.7724817834762902,53,True,neutral,tolerant,53,-0.5872971240422716,True
K53P,-3.3518866978228394,53,True,mild,tolerant,53,-2.548349307200616,True
K53Q,-0.669796082851025,53,True,neutral,tolerant,53,-0.5092279475937439,True
K53R,-0.519325525661966,53,True,neutral,tolerant,53,-0.3948292298757812,True
K53S,-1.3311670499754,53,True,neutral,tolerant,53,-1.0120505062944087,True
K53T,-2.27015591230185,53,True,neutral,tolerant,53,-1.725938484170556,True
K53V,-2.26376455273206,53,True,neutral,tolerant,53,-1.721079305385568,True
K53W,-4.076389539591,53,True,impactful,tolerant,53,-3.099169332258144,True
K53Y,-3.33206793536201,53,True,mild,tolerant,53,-2.533281635128218,True
E54A,-2.5853073583610096,54,True,mild,tolerant,54,-1.8569626121999578,True
E54C,-1.94551101542382,54,True,neutral,tolerant,54,-1.3974126540820877,True
E54D,-0.815835899266371,54,True,neutral,tolerant,54,-0.5859948364470761,True
E54E,0.0,54,True,neutral,tolerant,54,0.0,True
E54F,-3.81215111625102,54,True,mild,tolerant,54,-2.738174272409266,True
E54G,-3.2449231281700297,54,True,mild,tolerant,54,-2.33074837658558,True
E54H,-1.12533109986199,54,True,neutral,tolerant,54,-0.8082976177015815,True
E54I,-2.15250629612614,54,True,neutral,tolerant,54,-1.5460922669424044,True
E54K,-1.20766220632293,54,True,neutral,tolerant,54,-0.8674340240652503,True
E54L,-3.02337419902081,54,True,mild,tolerant,54,-2.1716152364301067,True
E54M,-2.79482266014623,54,True,mild,tolerant,54,-2.007452294148489,True
E54N,-1.4726532018617702,54,True,neutral,tolerant,54,-1.0577705307455358,True
E54P,-3.0795540613132,54,True,mild,tolerant,54,-2.211967848083078,True
E54Q,-0.485008604643993,54,True,neutral,tolerant,54,-0.34836973735693094,True
E54R,-1.91879449455606,54,True,neutral,tolerant,54,-1.3782228350383117,True
E54S,-1.9251428702403,54,True,neutral,tolerant,54,-1.3827827169632625,True
E54T,-2.31245648297371,54,True,neutral,tolerant,54,-1.6609805473744208,True
E54V,-2.28650254892698,54,True,neutral,tolerant,54,-1.6423384756654558,True
E54W,-1.97478367627104,54,True,neutral,tolerant,54,-1.418438485528047,True
E54Y,-4.54728452838651,54,True,impactful,tolerant,54,-3.2662024996526298,True
I55A,-3.10561761808307,55,True,mild,sensitive,55,-3.029466725416516,True
I55C,-2.8122582531790297,55,True,mild,sensitive,55,-2.743300640644408,True
I55D,-2.96695795252564,55,True,mild,sensitive,55,-2.8942070461444422,True
I55E,-2.7414326528700297,55,True,mild,sensitive,55,-2.6742117102511664,True
I55F,-2.93643934749399,55,True,mild,sensitive,55,-2.8644367685960495,True
I55G,-4.3459156328942,55,True,impactful,sensitive,55,-4.239352174156901,True
I55H,-2.3702476453868,55,True,neutral,sensitive,55,-2.3121282964411902,True
I55I,0.0,55,True,neutral,sensitive,55,0.0,True
I55K,-3.26479442808802,55,True,mild,sensitive,55,-3.1847404611656036,True
I55L,-1.3084352872178202,55,True,neutral,sensitive,55,-1.2763519700258095,True
I55M,-0.9333122376524,55,True,neutral,sensitive,55,-0.9104270763820571,True
I55N,-2.19594599789655,55,True,neutral,sensitive,55,-2.1421005898161476,True
I55P,-3.89456563762312,55,True,mild,sensitive,55,-3.7990694477101625,True
I55Q,-3.23223420532858,55,True,mild,sensitive,55,-3.1529786271112368,True
I55R,-3.42961043941452,55,True,mild,sensitive,55,-3.345515122934073,True
I55S,-2.22925684720319,55,True,neutral,sensitive,55,-2.1745946447771445,True
I55T,-2.85915755492043,55,True,mild,sensitive,55,-2.7890499541605194,True
I55V,-0.563025213821736,55,True,neutral,sensitive,55,-0.5492196273333495,True
I55W,-3.61159735034028,55,True,mild,sensitive,55,-3.5230396474926473,True
I55Y,-2.9660875421610804,55,True,mild,sensitive,55,-2.8933579785639596,True
L56A,-2.64751652673514,56,True,mild,sensitive,56,-1.979441612680768,True
L56C,-2.8235377484825297,56,True,mild,sensitive,56,-2.1110455998601645,True
L56D,-3.0266207515786,56,True,mild,sensitive,56,-2.2628825924141887,True
L56E,-2.92721768458371,56,True,mild,sensitive,56,-2.188562917635643,True
L56F,-3.1747461421258,56,True,mild,sensitive,56,-2.3736299886940118,True
L56G,-3.53118631432188,56,True,mild,sensitive,56,-2.6401259679074416,True
L56H,-3.20667694286745,56,True,mild,sensitive,56,-2.3975033640161234,True
L56I,-1.72915341119673,56,True,neutral,sensitive,56,-1.2928184516576287,True
L56K,-2.2363756566424904,56,True,neutral,sensitive,56,-1.6720481219444645,True
L56L,0.0,56,True,neutral,sensitive,56,0.0,True
L56M,-2.21338158891125,56,True,neutral,sensitive,56,-1.6548563824208795,True
L56N,-3.1125015495291097,56,True,mild,sensitive,56,-2.327092210551343,True
L56P,-3.54520196317807,56,True,mild,sensitive,56,-2.6506049047882914,True
L56Q,-2.99935809591753,56,True,mild,sensitive,56,-2.2424994013962056,True
L56R,-2.45418792340198,56,True,neutral,sensitive,56,-1.834897592466085,True
L56S,-2.12495220953142,56,True,neutral,sensitive,56,-1.5887412924637918,True
L56T,-1.85890105065714,56,True,neutral,sensitive,56,-1.3898255426810608,True
L56V,-2.4572875548434903,56,True,neutral,sensitive,56,-1.8372150622145613,True
L56W,-3.7361602067631,56,True,mild,sensitive,56,-2.7933767023652334,True
L56Y,-3.1868311629216897,56,True,mild,sensitive,56,-2.3826654726322354,True
V57A,-1.01104180220839,57,True,neutral,tolerant,57,-0.7000229465425842,True
V57C,-2.86713453235053,57,True,mild,tolerant,57,-1.9851404354261595,True
V57D,-2.26487962806373,57,True,neutral,tolerant,57,-1.568152481270658,True
V57E,-2.0457630842760803,57,True,neutral,tolerant,57,-1.4164410403753165,True
V57F,-2.00045570896115,57,True,neutral,tolerant,57,-1.3850712173879864,True
V57G,-2.5291515994403,57,True,neutral,tolerant,57,-1.7511285399138927,True
V57H,-2.900093460483,57,True,mild,tolerant,57,-2.0079604671358093,True
V57I,-1.58492826049473,57,True,neutral,tolerant,57,-1.0973692171250626,True
V57K,-2.71759315920014,57,True,mild,tolerant,57,-1.881601301402121,True
V57L,-0.6047658802261271,57,True,neutral,tolerant,57,-0.418726498270993,True
V57M,-0.597619474658345,57,True,neutral,tolerant,57,-0.41377848536804474,True
V57N,-2.02589909510905,57,True,neutral,tolerant,57,-1.4026876543170725,True
V57P,-1.97770047878496,57,True,neutral,tolerant,57,-1.3693160001037974,True
V57Q,-0.98010754621285,57,True,neutral,tolerant,57,-0.6786047529685888,True
V57R,-2.4367299848200297,57,True,neutral,tolerant,57,-1.6871378613391903,True
V57S,-2.00146408421014,57,True,neutral,tolerant,57,-1.385769394072152,True
V57T,-1.0223663066009498,57,True,neutral,tolerant,57,-0.7078637825156355,True
V57V,0.0,57,True,neutral,tolerant,57,0.0,True
V57W,-2.11077216056349,57,True,neutral,tolerant,57,-1.4614518846701048,True
V57Y,-2.4144196343920297,57,True,neutral,tolerant,57,-1.67169066893736,True
G58A,-1.87163736484335,58,True,neutral,tolerant,58,-1.579626859559824,True
G58C,-3.28724464236192,58,True,mild,tolerant,58,-2.77437287188035,True
G58D,-0.944783969533586,58,True,neutral,tolerant,58,-0.797379964083861,True
G58E,-1.35675922002529,58,True,neutral,tolerant,58,-1.1450793546680245,True
G58F,-3.25661382636819,58,True,mild,tolerant,58,-2.7485210372339632,True
G58G,0.0,58,True,neutral,tolerant,58,0.0,True
G58H,-2.41121474856959,58,True,neutral,tolerant,58,-2.035020059201531,True
G58I,-3.3840691618496,58,True,mild,tolerant,58,-2.8560909517390063,True
G58K,-2.23155648639505,58,True,neutral,tolerant,58,-1.883391852902873,True
G58L,-3.4180651876458104,58,True,mild,tolerant,58,-2.8847829603912682,True
G58M,-3.3295153016667496,58,True,mild,tolerant,58,-2.8100485161389273,True
G58N,-1.53258723969002,58,True,neutral,tolerant,58,-1.2934749080710024,True
G58P,-4.17751785733159,58,True,impactful,tolerant,58,-3.52574678069867,True
G58Q,-2.23624939050404,58,True,neutral,tolerant,58,-1.8873525760211145,True
G58R,-2.17648367681631,58,True,neutral,tolerant,58,-1.836911433738297,True
G58S,-1.08755667543356,58,True,neutral,tolerant,58,-0.9178774521592341,True
G58T,-2.94685253301382,58,True,mild,tolerant,58,-2.4870883108812776,True
G58V,-1.93868787662099,58,True,neutral,tolerant,58,-1.6362162349060771,True
G58W,-2.98728431798628,58,True,mild,tolerant,58,-2.52121197966569,True
G58Y,-3.02420217458205,58,True,mild,tolerant,58,-2.5523699587547304,True
D59A,-2.7887004188638103,59,True,mild,sensitive,59,-2.0976656131732563,True
D59C,-3.20444349354544,59,True,mild,sensitive,59,-2.410388322925596,True
D59D,0.0,59,True,neutral,sensitive,59,0.0,True
D59E,-0.646670767021557,59,True,neutral,sensitive,59,-0.4864269470645282,True
D59F,-3.79304802957246,59,True,mild,sensitive,59,-2.8531377436341585,True
D59G,-2.99090490545052,59,True,mild,sensitive,59,-2.2497642019901596,True
D59H,-2.1057289753678,59,True,neutral,sensitive,59,-1.583933230121304,True
D59I,-3.5437640990930404,59,True,mild,sensitive,59,-2.6656259100409327,True
D59K,-1.9054242024558297,59,True,neutral,sensitive,59,-1.4332636094443338,True
D59L,-3.54182459145468,59,True,mild,sensitive,59,-2.6641670088079588,True
D59M,-3.6229619684865497,59,True,mild,sensitive,59,-2.72519869388662,True
D59N,-0.457569969105718,59,True,neutral,sensitive,59,-0.34418497710301676,True
D59P,-3.2230443579748305,59,True,mild,sensitive,59,-2.4243799275543667,True
D59Q,-0.60193407959275,59,True,neutral,sensitive,59,-0.45277592803361966,True
D59R,-2.43279077028309,59,True,neutral,sensitive,59,-1.8299497172045773,True
D59S,-2.21936181639122,59,True,neutral,sensitive,59,-1.66940806331946,True
D59T,-1.59538505516261,59,True,neutral,sensitive,59,-1.2000515893882255,True
D59V,-3.4687120976880403,59,True,mild,sensitive,59,-2.6091716557645834,True
D59W,-4.79536446782316,59,True,impactful,sensitive,59,-3.607082022415245,True
D59Y,-3.51109565219117,59,True,mild,sensitive,59,-2.641052643856338,True
V60A,-2.04285330615799,60,True,neutral,tolerant,60,-1.4368081651346725,True
V60C,-1.47329403731376,60,True,neutral,tolerant,60,-1.036217772502616,True
V60D,-2.00073980798439,60,True,neutral,tolerant,60,-1.407188310465806,True
V60E,-1.12721477924695,60,True,neutral,tolerant,60,-0.7928084673531812,True
V60F,-2.65177729344082,60,True,mild,tolerant,60,-1.8650851022191937,True
V60G,-3.15741646668986,60,True,mild,tolerant,60,-2.220718319027361,True
V60H,-2.7043153484528304,60,True,mild,tolerant,60,-1.9020369020346783,True
V60I,-0.468563816841386,60,True,neutral,tolerant,60,-0.3295568584856106,True
V60K,-1.98252847084245,60,True,neutral,tolerant,60,-1.3943796580654189,True
V60L,-0.490983811003991,60,True,neutral,tolerant,60,-0.34532560241744303,True
V60M,-0.605134838801448,60,True,neutral,tolerant,60,-0.42561190016750616,True
V60N,-2.4886956146734303,60,True,neutral,tolerant,60,-1.7503842145291533,True
V60P,-2.62662386949487,60,True,mild,tolerant,60,-1.8473938442136908,True
V60Q,-2.51714318203584,60,True,neutral,tolerant,60,-1.7703923555646937,True
V60R,-2.43189137395165,60,True,neutral,tolerant,60,-1.7104318612998228,True
V60S,-2.17583362590305,60,True,neutral,tolerant,60,-1.5303377439037245,True
V60T,-1.3740576367151,60,True,neutral,tolerant,60,-0.966421438997452,True
V60V,0.0,60,True,neutral,tolerant,60,0.0,True
V60W,-2.64987776208728,60,True,mild,tolerant,60,-1.863749097254731,True
V60Y,-2.66615680731918,60,True,mild,tolerant,60,-1.875198703077765,True
G61A,-2.29228077959759,61,True,neutral,sensitive,61,-0.7525553684340582,True
G61C,-2.87670724605886,61,True,mild,sensitive,61,-0.9444224724576697,True
G61D,-1.32453222339205,61,True,neutral,sensitive,61,-0.43484369116098076,True
G61E,-1.99997046580618,61,True,neutral,sensitive,61,-0.656589944891578,True
G61F,-3.0444346257840498,61,True,mild,sensitive,61,-0.999487341111207,True
G61G,0.0,61,True,neutral,sensitive,61,0.0,True
G61H,-2.856262084008069,61,True,mild,sensitive,61,-0.937710329426689,True
G61I,-3.5122452409512,61,True,mild,sensitive,61,-1.1530694820897136,True
G61K,-2.8068935995672404,61,True,mild,sensitive,61,-0.9215026648473432,True
G61L,-2.23104403153944,61,True,neutral,sensitive,61,-0.7324513550397241,True
G61M,-4.38554129916401,61,True,impactful,sensitive,61,-1.439772421227791,True
G61N,-2.05651855746745,61,True,neutral,sensitive,61,-0.6751546732325191,True
G61P,-3.90308006974178,61,True,mild,sensitive,61,-1.2813804862194043,True
G61Q,-2.85208913804685,61,True,mild,sensitive,61,-0.9363403520167436,True
G61R,-2.42256168911559,61,True,neutral,sensitive,61,-0.795326567640926,True
G61S,-1.0210263361041898,61,True,neutral,sensitive,61,-0.33520276284943334,True
G61T,-2.66280101239665,61,True,mild,sensitive,61,-0.8741970943465878,True
G61V,-2.4586622813322903,61,True,neutral,sensitive,61,-0.8071783855849285,True
G61W,-4.1400715881187,61,True,impactful,sensitive,61,-1.3591847591580795,True
G61Y,-3.01519446342788,61,True,mild,sensitive,61,-0.9898878010588396,True
Q62A,-1.41442529917696,62,True,neutral,tolerant,62,-0.5509276082748802,True
Q62C,-0.7359265536134499,62,True,neutral,tolerant,62,-0.2866480515331253,True
Q62D,-0.157697293383446,62,True,neutral,tolerant,62,-0.06142409410077612,True
Q62E,-0.19268877443281696,62,True,neutral,tolerant,62,-0.07505349748867032,True
Q62F,-2.9152018904277903,62,True,mild,tolerant,62,-1.1354895914731908,True
Q62G,-1.6907965116988302,62,True,neutral,tolerant,62,-0.6585759451642879,True
Q62H,-1.79308192733861,62,True,neutral,tolerant,62,-0.6984167620901564,True
Q62I,-2.19085349618519,62,True,neutral,tolerant,62,-0.8533513063124001,True
Q62K,-0.964225143450064,62,True,neutral,tolerant,62,-0.3755717975552033,True
Q62L,-1.8085558635708896,62,True,neutral,tolerant,62,-0.704443958212856,True
Q62M,-2.32327544704298,62,True,neutral,tolerant,62,-0.9049304944898371,True
Q62N,-0.532666621713203,62,True,neutral,tolerant,62,-0.20747702128848883,True
Q62P,-1.82223773271252,62,True,neutral,tolerant,62,-0.7097731328587807,True
Q62Q,0.0,62,True,neutral,tolerant,62,0.0,True
Q62R,-2.07643099065181,62,True,neutral,tolerant,62,-0.8087830160371868,True
Q62S,-1.5090972707468602,62,True,neutral,tolerant,62,-0.5878029405374058,True
Q62T,-0.605202326870346,62,True,neutral,tolerant,62,-0.23573013764607248,True
Q62V,-0.81116416290554,62,True,neutral,tolerant,62,-0.31595357665610685,True
Q62W,-2.81355818229712,62,True,mild,tolerant,62,-1.0958987236845525,True
Q62Y,-2.853095317874589,62,True,mild,tolerant,62,-1.1112986882881335,True
T63A,-0.490271348087548,63,True,neutral,tolerant,63,-0.16963644185802437,True
T63C,-1.4846748686322,63,True,neutral,tolerant,63,-0.5137052430521032,True
T63D,-2.21557250492198,63,True,neutral,tolerant,63,-0.7665996348338933,True
T63E,-1.93241829136835,63,True,neutral,tolerant,63,-0.6686268010721136,True
T63F,-2.67666047332956,63,True,mild,tolerant,63,-0.9261384752114054,True
T63G,-2.51315365194908,63,True,neutral,tolerant,63,-0.8695642627743628,True
T63H,-2.8357231525236,63,True,mild,tolerant,63,-0.9811749912879334,True
T63I,-3.21322528871982,63,True,mild,tolerant,63,-1.1117926980495667,True
T63K,-1.14095157946671,63,True,neutral,tolerant,63,-0.3947751934270975,True
T63L,-2.48630303169654,63,True,neutral,tolerant,63,-0.8602738082146798,True
T63M,-3.2206954836930497,63,True,mild,tolerant,63,-1.114377424446872,True
T63N,-0.990384012429385,63,True,neutral,tolerant,63,-0.34267803043549155,True
T63P,-1.86375956379718,63,True,neutral,tolerant,63,-0.64487052346563,True
T63Q,-2.63313542043761,63,True,mild,tolerant,63,-0.9110785800470763,True
T63R,-2.59439672938782,63,True,mild,tolerant,63,-0.8976747910278776,True
T63S,-0.36574085345709495,63,True,neutral,tolerant,63,-0.1265482416310807,True
T63T,0.0,63,True,neutral,tolerant,63,0.0,True
T63V,-1.9709964526846695,63,True,neutral,tolerant,63,-0.6819750459668095,True
T63W,-3.25723812928554,63,True,mild,tolerant,63,-1.1270213702914944,True
T63Y,-3.26219936083208,63,True,mild,tolerant,63,-1.1287379822658057,True
V64A,-0.6934770227561929,64,True,neutral,tolerant,64,-0.6164689841487692,True
V64C,-1.83322968124454,64,True,neutral,tolerant,64,-1.629656358067274,True
V64D,-2.21138414925721,64,True,neutral,tolerant,64,-1.965818181887423,True
V64E,-1.62499360102804,64,True,neutral,tolerant,64,-1.4445441184086587,True
V64F,-1.96085357758511,64,True,neutral,tolerant,64,-1.7431080964067565,True
V64G,-2.25571445728173,64,True,neutral,tolerant,64,-2.005225774436435,True
V64H,-1.7095826025974898,64,True,neutral,tolerant,64,-1.519739826639082,True
V64I,-0.242453100030044,64,True,neutral,tolerant,64,-0.2155295869576183,True
V64K,-1.99520296178625,64,True,neutral,tolerant,64,-1.7736431095214695,True
V64L,-0.993249549167223,64,True,neutral,tolerant,64,-0.8829528888322101,True
V64M,-1.47988765166695,64,True,neutral,tolerant,64,-1.3155516438764157,True
V64N,-1.9515623080171496,64,True,neutral,tolerant,64,-1.7348485876933342,True
V64P,-2.20439508188811,64,True,neutral,tolerant,64,-1.9596052243995854,True
V64Q,-2.028146842125,64,True,neutral,tolerant,64,-1.8029286947390317,True
V64R,-2.33629780133641,64,True,neutral,tolerant,64,-2.076860638488974,True
V64S,-1.3973488934930602,64,True,neutral,tolerant,64,-1.242178507154267,True
V64T,-0.8291378569681129,64,True,neutral,tolerant,64,-0.7370651883647509,True
V64V,0.0,64,True,neutral,tolerant,64,0.0,True
V64W,-2.14361684129289,64,True,neutral,tolerant,64,-1.9055761808861174,True
V64Y,-1.90163955714782,64,True,neutral,tolerant,64,-1.6904695722329364,True
D65A,-1.26839749952604,65,True,neutral,tolerant,65,-0.45305473518002604,True
D65C,-2.28248650479161,65,True,neutral,tolerant,65,-0.8152738548970281,True
D65D,0.0,65,True,neutral,tolerant,65,0.0,True
D65E,-0.21758185499649305,65,True,neutral,tolerant,65,-0.07771734785999648,True
D65F,-2.7677139420067203,65,True,mild,tolerant,65,-0.9885906488450765,True
D65G,-1.2934242941829,65,True,neutral,tolerant,65,-0.46199397373095774,True
D65H,-0.35643378998442604,65,True,neutral,tolerant,65,-0.12731341428136575,True
D65I,-2.18761511963908,65,True,neutral,tolerant,65,-0.7813870565609365,True
D65K,-0.965907491406304,65,True,neutral,tolerant,65,-0.3450093230954862,True
D65L,-2.01302990889653,65,True,neutral,tolerant,65,-0.7190275387844738,True
D65M,-0.9518743662848628,65,True,neutral,tolerant,65,-0.33999687724312644,True
D65N,-0.33398696890280605,65,True,neutral,tolerant,65,-0.11929570801454731,True
D65P,-1.1950309444743898,65,True,neutral,tolerant,65,-0.42684917644751785,True
D65Q,-0.4194331744058321,65,True,neutral,tolerant,65,-0.14981595740070341,True
D65R,-2.3793446776853098,65,True,neutral,tolerant,65,-0.8498703074182399,True
D65S,-0.9355271002458848,65,True,neutral,tolerant,65,-0.33415785100019074,True
D65T,-0.849816941526092,65,True,neutral,tolerant,65,-0.30354332103183007,True
D65V,-1.4105787154153002,65,True,neutral,tolerant,65,-0.5038399765072543,True
D65W,-2.66792557488942,65,True,mild,tolerant,65,-0.9529475698771117,True
D65Y,-2.52299068779585,65,True,neutral,tolerant,65,-0.901178753780375,True
D66A,-2.89899363864636,66,True,mild,sensitive,66,-2.6200379841682193,True
D66C,-3.0856138091960603,66,True,mild,sensitive,66,-2.7887006293475562,True
D66D,0.0,66,True,neutral,sensitive,66,0.0,True
D66E,-1.5782431459865702,66,True,neutral,sensitive,66,-1.4263767038373918,True
D66F,-4.5912024534644695,66,True,impactful,sensitive,66,-4.149414010684081,True
D66G,-2.74436851568685,66,True,mild,sensitive,66,-2.4802916632174203,True
D66H,-2.69501044571258,66,True,mild,sensitive,66,-2.4356830733833967,True
D66I,-3.67567042645717,66,True,mild,sensitive,66,-3.3219790503225615,True
D66K,-3.1112098412595097,66,True,mild,sensitive,66,-2.8118336832998714,True
D66L,-3.912302887361201,66,True,mild,sensitive,66,-3.535841553361808,True
D66M,-3.83092062903452,66,True,mild,sensitive,66,-3.462290302606785,True
D66N,-0.515684860254795,66,True,neutral,sensitive,66,-0.4660630860711114,True
D66P,-3.88467541328123,66,True,mild,sensitive,66,-3.510872532895124,True
D66Q,-2.44230704522033,66,True,neutral,sensitive,66,-2.2072960568712383,True
D66R,-3.21785506834604,66,True,mild,sensitive,66,-2.9082169737190333,True
D66S,-2.4070762491527,66,True,neutral,sensitive,66,-2.175455344053125,True
D66T,-2.82504920006289,66,True,mild,sensitive,66,-2.55320884897317,True
D66V,-3.41731717129698,66,True,mild,sensitive,66,-3.0884858363915138,True
D66W,-4.84659747925454,66,True,impactful,sensitive,66,-4.380233650857577,True
D66Y,-5.422988262492582,66,True,impactful,sensitive,66,-4.901161232648784,True
P67A,-1.45535369384462,67,True,neutral,tolerant,67,-1.4111391986243766,True
P67C,-2.39281830516482,67,True,neutral,tolerant,67,-2.320123087525227,True
P67D,-2.23974615552458,67,True,neutral,tolerant,67,-2.171701359193048,True
P67E,-2.41626900933088,67,True,neutral,tolerant,67,-2.342861345602307,True
P67F,-2.57828232980305,67,True,mild,tolerant,67,-2.4999526067744386,True
P67G,-2.54057791095024,67,True,mild,tolerant,67,-2.463393670187693,True
P67H,-2.3580671716752,67,True,neutral,tolerant,67,-2.2864277137674662,True
P67I,-1.50929724544745,67,True,neutral,tolerant,67,-1.46344391362371,True
P67K,-2.9942307457650204,67,True,mild,tolerant,67,-2.9032642669242636,True
P67L,-0.826471165760864,67,True,neutral,tolerant,67,-0.8013624890434748,True
P67M,-2.97052419454418,67,True,mild,tolerant,67,-2.8802779345753553,True
P67N,-2.46901543242341,67,True,neutral,tolerant,67,-2.394005301554668,True
P67P,0.0,67,True,neutral,tolerant,67,0.0,True
P67Q,-2.22932338066936,67,True,neutral,tolerant,67,-2.1615952343253646,True
P67R,-1.46851586479283,67,True,neutral,tolerant,67,-1.4239014951317965,True
P67S,-2.0767446857271104,67,True,neutral,tolerant,67,-2.0136519692492487,True
P67T,-1.8828593538124,67,True,neutral,tolerant,67,-1.825656986957091,True
P67V,-1.9747237391096,67,True,neutral,tolerant,67,-1.9147304785754466,True
P67W,-3.3415620460678603,67,True,mild,tolerant,67,-3.2400434394645994,True
P67Y,-2.7423761525287,67,True,mild,tolerant,67,-2.65906116332647,True
Y68A,-3.5630182811683,68,True,mild,sensitive,68,-3.4975764346191762,True
Y68C,-1.7228739506417798,68,True,neutral,sensitive,68,-1.6912299780870241,True
Y68D,-2.01085020375034,68,True,neutral,sensitive,68,-1.9739169802632142,True
Y68E,-3.6412352069967,68,True,mild,sensitive,68,-3.574356752590507,True
Y68F,-0.6815810055086251,68,True,neutral,sensitive,68,-0.669062428264989,True
Y68G,-5.31836790404876,68,True,impactful,sensitive,68,-5.2206856052775,True
Y68H,-2.72682873221162,68,True,mild,sensitive,68,-2.6767451532408653,True
Y68I,-3.38952242589122,68,True,mild,sensitive,68,-3.3272671723489187,True
Y68K,-3.71765655738994,68,True,mild,sensitive,68,-3.64937447440515,True
Y68L,-2.01525084315227,68,True,neutral,sensitive,68,-1.9782367932573817,True
Y68M,-3.85228200813724,68,True,mild,sensitive,68,-3.78152726366318,True
Y68N,-4.06667347293159,68,True,impactful,sensitive,68,-3.991981007055799,True
Y68P,-6.23394748234988,68,True,impactful,sensitive,68,-6.119448761787192,True
Y68Q,-2.5092630585239704,68,True,neutral,sensitive,68,-2.463175501551496,True
Y68R,-3.91268049956562,68,True,mild,sensitive,68,-3.840816417867907,True
Y68S,-3.3892055506328,68,True,mild,sensitive,68,-3.3269561171285673,True
Y68T,-3.60608897072772,68,True,mild,sensitive,68,-3.5398560461558395,True
Y68V,-3.28570325902936,68,True,mild,sensitive,68,-3.22535484891319,True
Y68W,-2.42164611440849,68,True,neutral,sensitive,68,-2.3771678151381765,True
Y68Y,0.0,68,True,neutral,sensitive,68,0.0,True
A69A,0.0,69,True,neutral,tolerant,69,0.0,True
A69C,-2.54185673293279,69,True,mild,tolerant,69,-1.6879022969010147,True
A69D,-1.5818108340878898,69,True,neutral,tolerant,69,-1.0503904903559549,True
A69E,-1.02894896090086,69,True,neutral,tolerant,69,-0.6832664060080982,True
A69F,-3.4758340278922004,69,True,mild,tolerant,69,-2.3081034282198774,True
A69G,-1.34174269414229,69,True,neutral,tolerant,69,-0.8909749105646425,True
A69H,-1.09399886959345,69,True,neutral,tolerant,69,-0.7264623457606662,True
A69I,-2.171922529702,69,True,neutral,tolerant,69,-1.4422500603900092,True
A69K,-0.985558462650865,69,True,neutral,tolerant,69,-0.6544532472210791,True
A69L,-0.578212896238523,69,True,neutral,tolerant,69,-0.383958255008622,True
A69M,-2.21720799912095,69,True,neutral,tolerant,69,-1.4723215616112024,True
A69N,-0.973829141711859,69,True,neutral,tolerant,69,-0.6466644731735369,True
A69P,-3.2226027812400098,69,True,mild,tolerant,69,-2.1399469789072634,True
A69Q,-0.372635851238021,69,True,neutral,tolerant,69,-0.24744624709301086,True
A69R,-0.863998735690417,69,True,neutral,tolerant,69,-0.5737323554065106,True
A69S,-2.08109472376708,69,True,neutral,tolerant,69,-1.3819364871371436,True
A69T,-0.0199050900888271,69,True,neutral,tolerant,69,-0.013217836727637966,True
A69V,-2.77891442238667,69,True,mild,tolerant,69,-1.8453188079667588,True
A69W,-3.6037111947530898,69,True,mild,tolerant,69,-2.3930193720923905,True
A69Y,-3.7720913378344703,69,True,mild,tolerant,69,-2.504831035817302,True
T70A,-0.518374258271821,70,True,neutral,tolerant,70,-0.365477550166078,True
T70C,-0.516396373143945,70,True,neutral,tolerant,70,-0.3640830507295975,True
T70D,-0.41469941725297,70,True,neutral,tolerant,70,-0.29238204763138537,True
T70E,-0.9806485010564642,70,True,neutral,tolerant,70,-0.6914020247359881,True
T70F,-2.4552994347882,70,True,neutral,tolerant,70,-1.7310983484060243,True
T70G,-3.7602363481522714,70,True,mild,tolerant,70,-2.651138529042267,True
T70H,0.0371439937835728,70,True,neutral,tolerant,70,0.026188213698462064,True
T70I,-1.39379700630162,70,True,neutral,tolerant,70,-0.9826906085001114,True
T70K,-0.868159563869418,70,True,neutral,tolerant,70,-0.6120921814560206,True
T70L,-2.43052194417669,70,True,neutral,tolerant,70,-1.7136290847929976,True
T70M,-2.97237786017078,70,True,mild,tolerant,70,-2.0956622771446742,True
T70N,-1.81469732776606,70,True,neutral,tolerant,70,-1.279444577082159,True
T70P,-3.80604120699078,70,True,mild,tolerant,70,-2.6834330485460165,True
T70Q,-0.633119225774951,70,True,neutral,tolerant,70,-0.4463779979559444,True
T70R,-0.88154473437823,70,True,neutral,tolerant,70,-0.6215293385834308,True
T70S,-0.525065876889255,70,True,neutral,tolerant,70,-0.3701954472065268,True
T70T,0.0,70,True,neutral,tolerant,70,0.0,True
T70V,-2.6876051908369,70,True,mild,tolerant,70,-1.894884526549224,True
T70W,-4.061855444921831,70,True,impactful,tolerant,70,-2.86379378113397,True
T70Y,-1.95327201525601,70,True,neutral,tolerant,70,-1.377146066866205,True
F71A,-3.87922097617078,71,True,mild,sensitive,71,-3.87922097617078,True
F71C,-4.03718914891575,71,True,impactful,sensitive,71,-4.03718914891575,True
F71D,-3.56776255087487,71,True,mild,sensitive,71,-3.56776255087487,True
F71E,-3.90863629928018,71,True,mild,sensitive,71,-3.90863629928018,True
F71F,0.0,71,True,neutral,sensitive,71,0.0,True
F71G,-5.00059993842804,71,True,impactful,sensitive,71,-5.00059993842804,True
F71H,-3.6658917524102,71,True,mild,sensitive,71,-3.6658917524102,True
F71I,-2.10993777762104,71,True,neutral,sensitive,71,-2.10993777762104,True
F71K,-4.0387317228897714,71,True,impactful,sensitive,71,-4.0387317228897714,True
F71L,-1.22055095950328,71,True,neutral,sensitive,71,-1.22055095950328,True
F71M,-3.11598473485525,71,True,mild,sensitive,71,-3.11598473485525,True
F71N,-3.62941951317502,71,True,mild,sensitive,71,-3.62941951317502,True
F71P,-5.424017036032691,71,True,impactful,sensitive,71,-5.424017036032691,True
F71Q,-3.6530798002621,71,True,mild,sensitive,71,-3.6530798002621,True
F71R,-4.51606084979125,71,True,impactful,sensitive,71,-4.51606084979125,True
F71S,-2.13048830247084,71,True,neutral,sensitive,71,-2.13048830247084,True
F71T,-3.8520043880056094,71,True,mild,sensitive,71,-3.8520043880056094,True
F71V,-2.27215405730287,71,True,neutral,sensitive,71,-2.27215405730287,True
F71W,-2.8469758938780405,71,True,mild,sensitive,71,-2.8469758938780405,True
F71Y,-3.13626199773932,71,True,mild,sensitive,71,-3.13626199773932,True
V72A,-1.89508884926623,72,True,neutral,sensitive,72,-1.75040959392691,True
V72C,-1.35490091727212,72,True,neutral,sensitive,72,-1.251461938226155,True
V72D,-3.45729362785876,72,True,mild,sensitive,72,-3.1933489227006584,True
V72E,-3.27544749194871,72,True,mild,sensitive,72,-3.0253857050189468,True
V72F,-3.65959709189481,72,True,mild,sensitive,72,-3.3802076678568347,True
V72G,-4.15886649617144,72,True,impactful,sensitive,72,-3.841360692707551,True
V72H,-3.67082990902575,72,True,mild,sensitive,72,-3.3905829232863818,True
V72I,-0.795388278574641,72,True,neutral,sensitive,72,-0.7346649072697232,True
V72K,-2.68800191397973,72,True,mild,sensitive,72,-2.482788255836032,True
V72L,-1.63123652167482,72,True,neutral,sensitive,72,-1.5067008908891732,True
V72M,-1.987848775008,72,True,neutral,sensitive,72,-1.8360878269096066,True
V72N,-3.2486831623200096,72,True,mild,sensitive,72,-3.000664679735494,True
V72P,-3.9413576710904494,72,True,impactful,sensitive,72,-3.6404574293418506,True
V72Q,-2.68092415240896,72,True,mild,sensitive,72,-2.4762508411064803,True
V72R,-2.8028140088061804,72,True,mild,sensitive,72,-2.5888351002153227,True
V72S,-2.62674699107816,72,True,mild,sensitive,72,-2.4262097979111292,True
V72T,-2.43914384053866,72,True,neutral,sensitive,72,-2.2529290809239533,True
V72V,0.0,72,True,neutral,sensitive,72,0.0,True
V72W,-2.84453838538849,72,True,mild,sensitive,72,-2.6273740579526197,True
V72Y,-3.32764882130887,72,True,mild,sensitive,72,-3.0736017597770875,True
K73A,-0.312647745355379,73,True,neutral,tolerant,73,-0.08255952297389178,True
K73C,-2.2415802232008,73,True,neutral,tolerant,73,-0.591924287587011,True
K73D,-1.43408063500087,73,True,neutral,tolerant,73,-0.37869140235503274,True
K73E,-0.92146914537864,73,True,neutral,tolerant,73,-0.24332832783152325,True
K73F,-4.7482268800223,73,True,impactful,tolerant,73,-1.2538435092210947,True
K73G,-0.876450233803398,73,True,neutral,tolerant,73,-0.23144038070997575,True
K73H,-2.18684972588809,73,True,neutral,tolerant,73,-0.5774718444864695,True
K73I,-3.63069689727534,73,True,mild,tolerant,73,-0.958742253398067,True
K73K,0.0,73,True,neutral,tolerant,73,0.0,True
K73L,-2.71416105215005,73,True,mild,tolerant,73,-0.7167166405921729,True
K73M,-2.4516461012144704,73,True,neutral,tolerant,73,-0.6473954654206687,True
K73N,-0.512205343253314,73,True,neutral,tolerant,73,-0.13525582522786156,True
K73P,-2.49701468621287,73,True,neutral,tolerant,73,-0.659375749274022,True
K73Q,-0.475689502102045,73,True,neutral,tolerant,73,-0.1256132467310539,True
K73R,-0.4163243682410561,73,True,neutral,tolerant,73,-0.10993695542348841,True
K73S,-0.43287057360154,73,True,neutral,tolerant,73,-0.11430623951999405,True
K73T,-1.45671090712068,73,True,neutral,tolerant,73,-0.38466727935634354,True
K73V,-2.70640743753307,73,True,mild,tolerant,73,-0.7146691774851748,True
K73W,-4.7482268800223,73,True,impactful,tolerant,73,-1.2538435092210947,True
K73Y,-4.7482268800223,73,True,impactful,tolerant,73,-1.2538435092210947,True
M74A,-1.94755793838368,74,True,neutral,tolerant,74,-1.6632959451706268,True
M74C,-1.6195262507751298,74,True,neutral,tolerant,74,-1.3831431624813497,True
M74D,-2.2107359934186097,74,True,neutral,tolerant,74,-1.8880610128331492,True
M74E,-2.17108787982715,74,True,neutral,tolerant,74,-1.8541998653568024,True
M74F,-3.39723248539425,74,True,mild,tolerant,74,-2.9013786477889036,True
M74G,-2.64826717307555,74,True,mild,tolerant,74,-2.2617309420641534,True
M74H,-2.3231699799452703,74,True,neutral,tolerant,74,-1.9840843404083832,True
M74I,-0.8291748346912059,74,True,neutral,tolerant,74,-0.7081499929722268,True
M74K,-1.8501861820909096,74,True,neutral,tolerant,74,-1.5801363922639133,True
M74L,-0.5335920644991811,74,True,neutral,tolerant,74,-0.4557099430855877,True
M74M,0.0,74,True,neutral,tolerant,74,0.0,True
M74N,-2.23925162990448,74,True,neutral,tolerant,74,-1.9124145591929924,True
M74P,-3.3247407718299,74,True,mild,tolerant,74,-2.839467692097325,True
M74Q,-1.87702238905507,74,True,neutral,tolerant,74,-1.6030556355621601,True
M74R,-0.8339981095180391,74,True,neutral,tolerant,74,-0.7122692714305474,True
M74S,-2.08153017193239,74,True,neutral,tolerant,74,-1.7777138366413974,True
M74T,-1.40641166680527,74,True,neutral,tolerant,74,-1.2011343932490581,True
M74V,-0.8955059088250009,74,True,neutral,tolerant,74,-0.7647995048923277,True
M74W,-4.25962810620395,74,True,impactful,tolerant,74,-3.6379005817222962,True
M74Y,-2.97337049395384,74,True,mild,tolerant,74,-2.539382777073046,True
L75A,-3.7817021007526703,75,True,mild,sensitive,75,-3.6380278559042285,True
L75C,-3.96489381435963,75,True,impactful,sensitive,75,-3.8142597587133644,True
L75D,-4.2514988545322,75,True,impactful,sensitive,75,-4.08997611394474,True
L75E,-4.03232505739492,75,True,impactful,sensitive,75,-3.879129157197134,True
L75F,-3.1487192127995,75,True,mild,sensitive,75,-3.0290932234735006,True
L75G,-4.111702504632141,75,True,impactful,sensitive,75,-3.955490900265712,True
L75H,-5.390783852951901,75,True,impactful,sensitive,75,-5.185977451342455,True
L75I,-2.87241899708917,75,True,mild,sensitive,75,-2.7632901923075965,True
L75K,-4.06308771842667,75,True,impactful,sensitive,75,-3.908723084686285,True
L75L,0.0,75,True,neutral,sensitive,75,0.0,True
L75M,-2.18926617210413,75,True,neutral,sensitive,75,-2.1060916766866575,True
L75N,-4.17191659007783,75,True,impactful,sensitive,75,-4.013417335064903,True
L75P,-6.970515910229759,75,True,impactful,sensitive,75,-6.705692404061205,True
L75Q,-4.12823394031679,75,True,impactful,sensitive,75,-3.971394274438646,True
L75R,-3.74488295013849,75,True,mild,sensitive,75,-3.602607536694405,True
L75S,-4.13993386626724,75,True,impactful,sensitive,75,-3.982649697363494,True
L75T,-3.9503629468919503,75,True,impactful,sensitive,75,-3.8002809472656436,True
L75V,-2.8892795152508097,75,True,mild,sensitive,75,-2.779510146471838,True
L75W,-5.38700695130174,75,True,impactful,sensitive,75,-5.182344041558654,True
L75Y,-5.38700695130174,75,True,impactful,sensitive,75,-5.182344041558654,True
P76A,-2.32944843425433,76,True,neutral,sensitive,76,-1.9579059135164296,True
P76C,-4.78301465485622,76,True,impactful,sensitive,76,-4.0201330664683415,True
P76D,-2.6260573889935297,76,True,mild,sensitive,76,-2.207206313536532,True
P76E,-2.6285545397641803,76,True,mild,sensitive,76,-2.209305173588081,True
P76F,-4.84729807641972,76,True,impactful,sensitive,76,-4.074163406599281,True
P76G,-3.48072907700396,76,True,mild,sensitive,76,-2.925559520014075,True
P76H,-3.59553789941532,76,True,mild,sensitive,76,-3.022056557260154,True
P76I,-3.57015048462702,76,True,mild,sensitive,76,-3.000718386038167,True
P76K,-3.1096280492013904,76,True,mild,sensitive,76,-2.613648388536611,True
P76L,-3.15829828374552,76,True,mild,sensitive,76,-2.654555814786072,True
P76M,-3.87973322735613,76,True,mild,sensitive,76,-3.2609232799516,True
P76N,-3.35743578511881,76,True,mild,sensitive,76,-2.8219312697685983,True
P76P,0.0,76,True,neutral,sensitive,76,0.0,True
P76Q,-2.9726664427926,76,True,mild,sensitive,76,-2.4985318935031766,True
P76R,-3.6197633427324702,76,True,mild,sensitive,76,-3.042418089213699,True
P76S,-2.66591428021967,76,True,mild,sensitive,76,-2.240706107684592,True
P76T,-3.25445879476433,76,True,mild,sensitive,76,-2.735378910245903,True
P76V,-3.2741178638151496,76,True,mild,sensitive,76,-2.7519023957984596,True
P76W,-5.90854040630377,76,True,impactful,sensitive,76,-4.966139637023568,True
P76Y,-5.90854040630377,76,True,impactful,sensitive,76,-4.966139637023568,True
D77A,-0.7223836305823629,77,True,neutral,tolerant,77,-0.42737000128815955,True
D77C,-2.09191197794792,77,True,neutral,tolerant,77,-1.2375978453298948,True
D77D,0.0,77,True,neutral,tolerant,77,0.0,True
D77E,-0.22760215378983695,77,True,neutral,tolerant,77,-0.13465190605154526,True
D77F,-3.6346240337807103,77,True,mild,tolerant,77,-2.150283052159685,True
D77G,-0.6468356152405661,77,True,neutral,tolerant,77,-0.3826749749239646,True
D77H,-0.7977135382581279,77,True,neutral,tolerant,77,-0.47193599278837534,True
D77I,-3.0484102593839104,77,True,mild,tolerant,77,-1.8034726166614061,True
D77K,-1.14549393422956,77,True,neutral,tolerant,77,-0.6776866521083907,True
D77L,-1.11127474599619,77,True,neutral,tolerant,77,-0.6574422087125935,True
D77M,-3.7014015986616897,77,True,mild,tolerant,77,-2.1897893847799264,True
D77N,-1.3667251370995102,77,True,neutral,tolerant,77,-0.8085694344041224,True
D77P,-0.960530779896614,77,True,neutral,tolerant,77,-0.5682604412157,True
D77Q,-0.4480787342747911,77,True,neutral,tolerant,77,-0.2650882455487492,True
D77R,-1.1973001409413,77,True,neutral,tolerant,77,-0.7083357666395188,True
D77S,-0.68104645317951,77,True,neutral,tolerant,77,-0.402914478194891,True
D77T,-0.953783119862876,77,True,neutral,tolerant,77,-0.5642684522568889,True
D77V,-2.7445350598338,77,True,mild,tolerant,77,-1.6236967483759142,True
D77W,-4.29676981377548,77,True,impactful,tolerant,77,-2.542015686828031,True
D77Y,-1.68832754520456,77,True,neutral,tolerant,77,-0.9988329117967759,True
K78A,-2.10842692881633,78,True,neutral,tolerant,78,-0.9161666463950368,True
K78C,-2.23390681360229,78,True,neutral,tolerant,78,-0.9706909382560439,True
K78D,-0.253257493286564,78,True,neutral,tolerant,78,-0.11004700477290157,True
K78E,0.136273057396729,78,True,neutral,tolerant,78,0.05921420765539626,True
K78F,-3.93970197052019,78,True,impactful,tolerant,78,-1.711903548942874,True
K78G,-2.29926923483892,78,True,neutral,tolerant,78,-0.9990926198349456,True
K78H,-1.87828515419884,78,True,neutral,tolerant,78,-0.8161640259745707,True
K78I,-2.74055722617215,78,True,mild,tolerant,78,-1.1908437939394887,True
K78K,0.0,78,True,neutral,tolerant,78,0.0,True
K78L,-2.753534400723741,78,True,mild,tolerant,78,-1.1964827156996507,True
K78M,-2.6347790601501204,78,True,mild,tolerant,78,-1.1448804141790976,True
K78N,-0.190737926475138,78,True,neutral,tolerant,78,-0.08288061779649795,True
K78P,-2.71057088232292,78,True,mild,tolerant,78,-1.177813943245341,True
K78Q,-1.77792245197545,78,True,neutral,tolerant,78,-0.7725538068759334,True
K78R,-0.18577029541513296,78,True,neutral,tolerant,78,-0.08072205217272856,True
K78S,-0.3855856512288761,78,True,neutral,tolerant,78,-0.16754705043666185,True
K78T,-1.35123029944186,78,True,neutral,tolerant,78,-0.5871449064834302,True
K78V,-2.88608876583908,78,True,mild,tolerant,78,-1.254081054296531,True
K78W,-4.05235573768718,78,True,impactful,tolerant,78,-1.7608545572318313,True
K78Y,-3.4053154404673,78,True,mild,tolerant,78,-1.4796986247759785,True
D79A,-2.0457955584077,79,True,neutral,sensitive,79,-1.5130598590189175,True
D79C,-2.9900356133137103,79,True,mild,sensitive,79,-2.2114149407300605,True
D79D,0.0,79,True,neutral,sensitive,79,0.0,True
D79E,-1.12829635203274,79,True,neutral,sensitive,79,-0.8344821711642402,True
D79F,-5.624350644205968,79,True,impactful,sensitive,79,-4.159740770685217,True
D79G,-1.86975995952435,79,True,neutral,sensitive,79,-1.3828648366795093,True
D79H,-2.26091582432869,79,True,neutral,sensitive,79,-1.6721616998108013,True
D79I,-3.0891241872550697,79,True,mild,sensitive,79,-2.2847003397045267,True
D79K,-2.9981401038977005,79,True,mild,sensitive,79,-2.217408980227329,True
D79L,-3.9009851372989903,79,True,mild,sensitive,79,-2.8851485172206184,True
D79M,-3.82878994336653,79,True,mild,sensitive,79,-2.831753323598088,True
D79N,-0.485668355131378,79,True,neutral,sensitive,79,-0.35919781423173247,True
D79P,-3.66845264147076,79,True,mild,sensitive,79,-2.7131686808634496,True
D79Q,-1.9247083040959296,79,True,neutral,sensitive,79,-1.423504349337122,True
D79R,-3.0412881540769,79,True,mild,sensitive,79,-2.249321055924616,True
D79S,-2.62967213271325,79,True,mild,sensitive,79,-1.944891966373188,True
D79T,-2.58644111520602,79,True,mild,sensitive,79,-1.9129185284673766,True
D79V,-3.2595769193358497,79,True,mild,sensitive,79,-2.410766302508879,True
D79W,-5.624350644205968,79,True,impactful,sensitive,79,-4.159740770685217,True
D79Y,-3.02622638628894,79,True,mild,sensitive,79,-2.238181450037719,True
C80A,-2.68020313631276,80,True,mild,sensitive,80,-2.68020313631276,True
C80C,0.0,80,True,neutral,sensitive,80,0.0,True
C80D,-6.02918189361773,80,True,impactful,sensitive,80,-6.02918189361773,True
C80E,-6.02918189361773,80,True,impactful,sensitive,80,-6.02918189361773,True
C80F,-5.073480548916571,80,True,impactful,sensitive,80,-5.073480548916571,True
C80G,-3.49880934245084,80,True,mild,sensitive,80,-3.49880934245084,True
C80H,-2.61254406631905,80,True,mild,sensitive,80,-2.61254406631905,True
C80I,-5.45688283050824,80,True,impactful,sensitive,80,-5.45688283050824,True
C80K,-6.306422715937768,80,True,impactful,sensitive,80,-6.306422715937768,True
C80L,-3.6087255638642,80,True,mild,sensitive,80,-3.6087255638642,True
C80M,-4.75743482831577,80,True,impactful,sensitive,80,-4.75743482831577,True
C80N,-6.02918189361773,80,True,impactful,sensitive,80,-6.02918189361773,True
C80P,-3.04040584500197,80,True,mild,sensitive,80,-3.04040584500197,True
C80Q,-5.665241351824862,80,True,impactful,sensitive,80,-5.665241351824862,True
C80R,-3.5313823890893703,80,True,mild,sensitive,80,-3.5313823890893703,True
C80S,-2.50931666961187,80,True,neutral,sensitive,80,-2.50931666961187,True
C80T,-3.1935590829627403,80,True,mild,sensitive,80,-3.1935590829627403,True
C80V,-4.15811076670325,80,True,impactful,sensitive,80,-4.15811076670325,True
C80W,-3.66612567717559,80,True,mild,sensitive,80,-3.66612567717559,True
C80Y,-2.23417290558241,80,True,neutral,sensitive,80,-2.23417290558241,True
R81A,-3.6777240712894304,81,True,mild,sensitive,81,-3.252343817124843,True
R81C,-1.3829778371984398,81,True,neutral,sensitive,81,-1.2230170972168768,True
R81D,-5.45527487507416,81,True,impactful,sensitive,81,-4.82429599576875,True
R81E,-5.45527487507416,81,True,impactful,sensitive,81,-4.82429599576875,True
R81F,-4.398343897527759,81,True,impactful,sensitive,81,-3.889613876251952,True
R81G,-4.25126228308877,81,True,impactful,sensitive,81,-3.7595443087529223,True
R81H,-2.00554331629684,81,True,neutral,sensitive,81,-1.7735741666033094,True
R81I,-5.38457782415446,81,True,impactful,sensitive,81,-4.761776048108014,True
R81K,-2.7227341203642004,81,True,mild,sensitive,81,-2.407811817958559,True
R81L,-2.5271723705946,81,True,neutral,sensitive,81,-2.2348695212010212,True
R81M,-4.331658521457721,81,True,impactful,sensitive,81,-3.8306415971059544,True
R81N,-5.45527487507416,81,True,impactful,sensitive,81,-4.82429599576875,True
R81P,-5.13852765523604,81,True,impactful,sensitive,81,-4.54418502440085,True
R81Q,-2.84620353180111,81,True,mild,sensitive,81,-2.517000264157048,True
R81R,0.0,81,True,neutral,sensitive,81,0.0,True
R81S,-3.6968918054764,81,True,mild,sensitive,81,-3.26929453462373,True
R81T,-4.314152675747,81,True,impactful,sensitive,81,-3.81516054742491,True
R81V,-4.28374459816694,81,True,impactful,sensitive,81,-3.7882695895414153,True
R81W,-5.95453332025694,81,True,impactful,sensitive,81,-5.265808215245367,True
R81Y,-4.86537042336107,81,True,impactful,sensitive,81,-4.302622248898767,True
Y82A,-5.41345763421095,82,True,impactful,sensitive,82,-5.41345763421095,True
Y82C,-2.41772792576932,82,True,neutral,sensitive,82,-2.41772792576932,True
Y82D,-5.55877807389197,82,True,impactful,sensitive,82,-5.55877807389197,True
Y82E,-5.7091477121175895,82,True,impactful,sensitive,82,-5.7091477121175895,True
Y82F,-2.02550078762801,82,True,neutral,sensitive,82,-2.02550078762801,True
Y82G,-7.18624562448992,82,True,impactful,sensitive,82,-7.18624562448992,True
Y82H,-5.34090301827732,82,True,impactful,sensitive,82,-5.34090301827732,True
Y82I,-4.6570290166246915,82,True,impactful,sensitive,82,-4.6570290166246915,True
Y82K,-7.18624562448992,82,True,impactful,sensitive,82,-7.18624562448992,True
Y82L,-5.59366627224712,82,True,impactful,sensitive,82,-5.59366627224712,True
Y82M,-6.2712768896962405,82,True,impactful,sensitive,82,-6.2712768896962405,True
Y82N,-6.2712768896962405,82,True,impactful,sensitive,82,-6.2712768896962405,True
Y82P,-7.18624562448992,82,True,impactful,sensitive,82,-7.18624562448992,True
Y82Q,-6.2712768896962405,82,True,impactful,sensitive,82,-6.2712768896962405,True
Y82R,-7.18624562448992,82,True,impactful,sensitive,82,-7.18624562448992,True
Y82S,-4.76504045278021,82,True,impactful,sensitive,82,-4.76504045278021,True
Y82T,-4.05840569547962,82,True,impactful,sensitive,82,-4.05840569547962,True
Y82V,-5.7424423939626905,82,True,impactful,sensitive,82,-5.7424423939626905,True
Y82W,-2.88951614109892,82,True,mild,sensitive,82,-2.88951614109892,True
Y82Y,0.0,82,True,neutral,sensitive,82,0.0,True
A83A,0.0,83,True,neutral,sensitive,83,0.0,True
A83C,-0.7254212891730909,83,True,neutral,sensitive,83,-0.7186302874884283,True
A83D,-5.192071053883058,83,True,impactful,sensitive,83,-5.143465693384195,True
A83E,-5.192071053883058,83,True,impactful,sensitive,83,-5.143465693384195,True
A83F,-3.61378702318325,83,True,mild,sensitive,83,-3.5799567039898004,True
A83G,-1.2033788367528502,83,True,neutral,sensitive,83,-1.1921134550641057,True
A83H,-4.8194672054397,83,True,impactful,sensitive,83,-4.774349960605839,True
A83I,-1.23831997834764,83,True,neutral,sensitive,83,-1.2267274965930774,True
A83K,-6.18184413880663,83,True,impactful,sensitive,83,-6.123973058115282,True
A83L,-2.43694265917998,83,True,neutral,sensitive,83,-2.4141293202955065,True
A83M,-2.48554449668639,83,True,neutral,sensitive,83,-2.462276173690877,True
A83N,-5.192071053883058,83,True,impactful,sensitive,83,-5.143465693384195,True
A83P,-4.515234921221509,83,True,impactful,sensitive,83,-4.47296573445472,True
A83Q,-5.192071053883058,83,True,impactful,sensitive,83,-5.143465693384195,True
A83R,-6.18184413880663,83,True,impactful,sensitive,83,-6.123973058115282,True
A83S,-2.65304031136113,83,True,mild,sensitive,83,-2.6282039831573236,True
A83T,-0.5621252551713161,83,True,neutral,sensitive,83,-0.5568629426202035,True
A83V,-1.39382406390507,83,True,neutral,sensitive,83,-1.3807758370231538,True
A83W,-5.29946817493376,83,True,impactful,sensitive,83,-5.249857420685267,True
A83Y,-4.95628701355188,83,True,impactful,sensitive,83,-4.9098889356886435,True
L84A,-4.0905068207304005,84,True,impactful,sensitive,84,-4.0905068207304005,True
L84C,-4.28557510839335,84,True,impactful,sensitive,84,-4.28557510839335,True
L84D,-6.83056571786271,84,True,impactful,sensitive,84,-6.83056571786271,True
L84E,-6.83056571786271,84,True,impactful,sensitive,84,-6.83056571786271,True
L84F,-2.43430964482312,84,True,neutral,sensitive,84,-2.43430964482312,True
L84G,-6.83056571786271,84,True,impactful,sensitive,84,-6.83056571786271,True
L84H,-6.83056571786271,84,True,impactful,sensitive,84,-6.83056571786271,True
L84I,-2.2825699925516902,84,True,neutral,sensitive,84,-2.2825699925516902,True
L84K,-6.595145209457329,84,True,impactful,sensitive,84,-6.595145209457329,True
L84L,0.0,84,True,neutral,sensitive,84,0.0,True
L84M,-2.36974326099862,84,True,neutral,sensitive,84,-2.36974326099862,True
L84N,-6.83056571786271,84,True,impactful,sensitive,84,-6.83056571786271,True
L84P,-6.83056571786271,84,True,impactful,sensitive,84,-6.83056571786271,True
L84Q,-6.83056571786271,84,True,impactful,sensitive,84,-6.83056571786271,True
L84R,-5.11883320987204,84,True,impactful,sensitive,84,-5.11883320987204,True
L84S,-3.1113408590070804,84,True,mild,sensitive,84,-3.1113408590070804,True
L84T,-3.44216963801496,84,True,mild,sensitive,84,-3.44216963801496,True
L84V,-1.8333117123399496,84,True,neutral,sensitive,84,-1.8333117123399496,True
L84W,-5.46339526962142,84,True,impactful,sensitive,84,-5.46339526962142,True
L84Y,-5.46339526962142,84,True,impactful,sensitive,84,-5.46339526962142,True
Y85A,-4.21638884799669,85,True,impactful,sensitive,85,-4.21638884799669,True
Y85C,-2.0786764234388,85,True,neutral,sensitive,85,-2.0786764234388,True
Y85D,-5.1498134736142696,85,True,impactful,sensitive,85,-5.1498134736142696,True
Y85E,-4.99105055635735,85,True,impactful,sensitive,85,-4.99105055635735,True
Y85F,-2.04413954312882,85,True,neutral,sensitive,85,-2.04413954312882,True
Y85G,-6.854145523915651,85,True,impactful,sensitive,85,-6.854145523915651,True
Y85H,-3.0285957234679,85,True,mild,sensitive,85,-3.0285957234679,True
Y85I,-3.32676178643761,85,True,mild,sensitive,85,-3.32676178643761,True
Y85K,-6.6170337363897085,85,True,impactful,sensitive,85,-6.6170337363897085,True
Y85L,-2.35436227129677,85,True,neutral,sensitive,85,-2.35436227129677,True
Y85M,-3.63409774678987,85,True,mild,sensitive,85,-3.63409774678987,True
Y85N,-5.884959903180901,85,True,impactful,sensitive,85,-5.884959903180901,True
Y85P,-6.854145523915651,85,True,impactful,sensitive,85,-6.854145523915651,True
Y85Q,-5.884959903180901,85,True,impactful,sensitive,85,-5.884959903180901,True
Y85R,-6.6170337363897085,85,True,impactful,sensitive,85,-6.6170337363897085,True
Y85S,-4.66016320525622,85,True,impactful,sensitive,85,-4.66016320525622,True
Y85T,-4.8800644054104,85,True,impactful,sensitive,85,-4.8800644054104,True
Y85V,-2.89226245947469,85,True,mild,sensitive,85,-2.89226245947469,True
Y85W,-2.69921525995815,85,True,mild,sensitive,85,-2.69921525995815,True
Y85Y,0.0,85,True,neutral,sensitive,85,0.0,True
D86A,-5.24203598423734,86,True,impactful,sensitive,86,-4.769011964729882,True
D86C,-5.486166793463559,86,True,impactful,sensitive,86,-4.99111321578194,True
D86D,0.0,86,True,neutral,sensitive,86,0.0,True
D86E,-3.0469247191275604,86,True,mild,sensitive,86,-2.771980292551282,True
D86F,-6.36943925957949,86,True,impactful,sensitive,86,-5.7946820908697365,True
D86G,-7.43839161381439,86,True,impactful,sensitive,86,-6.767175714034761,True
D86H,-3.19202988697372,86,True,mild,sensitive,86,-2.9039916491469486,True
D86I,-5.75868822937544,86,True,impactful,sensitive,86,-5.239043217105312,True
D86K,-4.08520459182294,86,True,impactful,sensitive,86,-3.7165692176391136,True
D86L,-5.053491465196929,86,True,impactful,sensitive,86,-4.5974810805673645,True
D86M,-5.59498290609658,86,True,impactful,sensitive,86,-5.090110121690776,True
D86N,-1.2685289697866,86,True,neutral,sensitive,86,-1.1540611038744941,True
D86P,-7.43839161381439,86,True,impactful,sensitive,86,-6.767175714034761,True
D86Q,-3.58277411265074,86,True,mild,sensitive,86,-3.259476406025041,True
D86R,-4.61748004949984,86,True,impactful,sensitive,86,-4.200813895437243,True
D86S,-3.33419966049958,86,True,mild,sensitive,86,-3.0333324917139435,True
D86T,-3.91763770371033,86,True,mild,sensitive,86,-3.5641230122516365,True
D86V,-2.57087581062232,86,True,mild,sensitive,86,-2.3388884657716162,True
D86W,-6.716381112108902,86,True,impactful,sensitive,86,-6.110317056130097,True
D86Y,-5.1858222296133,86,True,impactful,sensitive,86,-4.717870753721304,True
A87A,0.0,87,True,neutral,sensitive,87,0.0,True
A87C,-1.2332374237262,87,True,neutral,sensitive,87,-1.2332374237262,True
A87D,-3.95614130435431,87,True,impactful,sensitive,87,-3.95614130435431,True
A87E,-3.4712663705483995,87,True,mild,sensitive,87,-3.4712663705483995,True
A87F,-1.91975866438355,87,True,neutral,sensitive,87,-1.91975866438355,True
A87G,-4.45263101018123,87,True,impactful,sensitive,87,-4.45263101018123,True
A87H,-3.71735881496283,87,True,mild,sensitive,87,-3.71735881496283,True
A87I,-1.59996612516211,87,True,neutral,sensitive,87,-1.59996612516211,True
A87K,-5.022511628948349,87,True,impactful,sensitive,87,-5.022511628948349,True
A87L,-1.40615782227093,87,True,neutral,sensitive,87,-1.40615782227093,True
A87M,-2.53033710902,87,True,neutral,sensitive,87,-2.53033710902,True
A87N,-4.71837279733363,87,True,impactful,sensitive,87,-4.71837279733363,True
A87P,-5.0381275664498695,87,True,impactful,sensitive,87,-5.0381275664498695,True
A87Q,-3.85862932722668,87,True,mild,sensitive,87,-3.85862932722668,True
A87R,-5.4882648741626285,87,True,impactful,sensitive,87,-5.4882648741626285,True
A87S,-3.3846201748559905,87,True,mild,sensitive,87,-3.3846201748559905,True
A87T,-0.571727033544496,87,True,neutral,sensitive,87,-0.571727033544496,True
A87V,-0.756598436647383,87,True,neutral,sensitive,87,-0.756598436647383,True
A87W,-2.60246679923798,87,True,mild,sensitive,87,-2.60246679923798,True
A87Y,-2.00509006823189,87,True,neutral,sensitive,87,-2.00509006823189,True
T88A,-0.924812997679162,88,True,neutral,tolerant,88,-0.8088216022566396,True
T88C,-0.8290504185385009,88,True,neutral,tolerant,88,-0.7250697055043747,True
T88D,-1.95828380098188,88,True,neutral,tolerant,88,-1.7126729896294957,True
T88E,-1.7823952651187,88,True,neutral,tolerant,88,-1.5588446505464137,True
T88F,-2.6880299457898,88,True,mild,tolerant,88,-2.3508933082943,True
T88G,-3.3150126272511806,88,True,mild,tolerant,88,-2.8992389071119846,True
T88H,-1.4949517031555302,88,True,neutral,tolerant,88,-1.307452679489728,True
T88I,-1.41703914194087,88,True,neutral,tolerant,88,-1.2393120253729464,True
T88K,-1.88427866950626,88,True,neutral,tolerant,88,-1.647949689713149,True
T88L,-1.46848940582723,88,True,neutral,tolerant,88,-1.2843093220994455,True
T88M,-1.56994810098786,88,True,neutral,tolerant,88,-1.3730429196901206,True
T88N,-0.438510040621262,88,True,neutral,tolerant,88,-0.38351147156342,True
T88P,-1.25288386843368,88,True,neutral,tolerant,88,-1.0957453457629522,True
T88Q,-2.02711204978642,88,True,neutral,tolerant,88,-1.7728686990521696,True
T88R,-2.22685281520765,88,True,neutral,tolerant,88,-1.9475576862629802,True
T88S,-0.9058456793660092,88,True,neutral,tolerant,88,-0.7922331926786438,True
T88T,0.0,88,True,neutral,tolerant,88,0.0,True
T88V,-3.31690553867289,88,True,mild,tolerant,88,-2.900894406821525,True
T88W,-4.62429468815004,88,True,impactful,tolerant,88,-4.044308901759132,True
T88Y,-4.14216925319826,88,True,impactful,tolerant,88,-3.6226523422546975,True
Y89A,-3.80121523507341,89,True,mild,sensitive,89,-3.673390186623313,True
Y89C,-2.11304993977377,89,True,neutral,sensitive,89,-2.041993529066777,True
Y89D,-4.139220545436641,89,True,impactful,sensitive,89,-4.000029251588252,True
Y89E,-4.74109861537816,89,True,impactful,sensitive,89,-4.581667716905057,True
Y89F,-0.905962698738365,89,True,neutral,sensitive,89,-0.8754975136071221,True
Y89G,-5.0395152259715585,89,True,impactful,sensitive,89,-4.87004934780158,True
Y89H,-4.26680305186835,89,True,impactful,sensitive,89,-4.1233214879201405,True
Y89I,-3.2719291183941204,89,True,mild,sensitive,89,-3.1619025947116395,True
Y89K,-5.32189433807474,89,True,impactful,sensitive,89,-5.142932779851488,True
Y89L,-3.23550067213767,89,True,mild,sensitive,89,-3.1266991429950215,True
Y89M,-2.9487082369862097,89,True,mild,sensitive,89,-2.8495507965497477,True
Y89N,-4.17901600674735,89,True,impactful,sensitive,89,-4.038486494341065,True
Y89P,-4.88992173953618,89,True,impactful,sensitive,89,-4.725486303861271,True
Y89Q,-4.303996092142049,89,True,impactful,sensitive,89,-4.159263822332428,True
Y89R,-2.89055995356758,89,True,mild,sensitive,89,-2.7933578896845677,True
Y89S,-3.6497361851173102,89,True,mild,sensitive,89,-3.527004985792397,True
Y89T,-3.9613278348645298,89,True,impactful,sensitive,89,-3.8281186133118603,True
Y89V,-3.60181349638905,89,True,mild,sensitive,89,-3.4806938132845353,True
Y89W,-2.04644039189653,89,True,neutral,sensitive,89,-1.9776238882082409,True
Y89Y,0.0,89,True,neutral,sensitive,89,0.0,True
E90A,-1.00619428639505,90,True,neutral,tolerant,90,-0.7096478798356223,True
E90C,-2.9761309527879303,90,True,mild,tolerant,90,-2.0990031938324027,True
E90D,-0.716365290123864,90,True,neutral,tolerant,90,-0.5052375234067235,True
E90E,0.0,90,True,neutral,tolerant,90,0.0,True
E90F,-4.14406902169453,90,True,impactful,tolerant,90,-2.922725595743824,True
E90G,-3.5535260877948702,90,True,mild,tolerant,90,-2.5062279603862883,True
E90H,-2.4931093217047,90,True,neutral,tolerant,90,-1.758338094608833,True
E90I,-2.57886716038731,90,True,mild,tolerant,90,-1.8188213126346862,True
E90K,-0.927973164150973,90,True,neutral,tolerant,90,-0.6544801509889905,True
E90L,-2.54009003764332,90,True,mild,tolerant,90,-1.791472615356759,True
E90M,-2.8246406324340296,90,True,mild,tolerant,90,-1.9921602251251083,True
E90N,-2.35460274377118,90,True,neutral,tolerant,90,-1.660652289091131,True
E90P,-3.8224433552310897,90,True,mild,tolerant,90,-2.695889709879046,True
E90Q,-0.612685902149567,90,True,neutral,tolerant,90,-0.4321146098169244,True
E90R,-1.50881483418591,90,True,neutral,tolerant,90,-1.064135686936489,True
E90S,-2.17496939541218,90,True,neutral,tolerant,90,-1.5339606287086662,True
E90T,-1.92489504060871,90,True,neutral,tolerant,90,-1.3575883931602448,True
E90V,-1.9659965807647,90,True,neutral,tolerant,90,-1.3865764536412652,True
E90W,-5.17223662487112,90,True,impactful,tolerant,90,-3.6478707983905743,True
E90Y,-5.17223662487112,90,True,impactful,tolerant,90,-3.6478707983905743,True
T91A,-2.50773189201979,91,True,neutral,sensitive,91,-2.251822843816736,True
T91C,-2.9484421177432205,91,True,mild,sensitive,91,-2.6475594681926156,True
T91D,-3.3397206556215,91,True,mild,sensitive,91,-2.9989088100793473,True
T91E,-3.51817120069415,91,True,mild,sensitive,91,-3.1591488322144445,True
T91F,-3.82854608638881,91,True,mild,sensitive,91,-3.437850578592653,True
T91G,-4.11261406697242,91,True,impactful,sensitive,91,-3.6929299871652557,True
T91H,-3.34376985778256,91,True,mild,sensitive,91,-3.002544799219384,True
T91I,-2.64880824096724,91,True,mild,sensitive,91,-2.378502632151789,True
T91K,-3.31755344349542,91,True,mild,sensitive,91,-2.979003717829221,True
T91L,-2.97349083922977,91,True,mild,sensitive,91,-2.6700520175083184,True
T91M,-3.2323766415329502,91,True,mild,sensitive,91,-2.902519038971522,True
T91N,-2.48724231293853,91,True,neutral,sensitive,91,-2.233424185498358,True
T91P,-3.59215673521846,91,True,mild,sensitive,91,-3.2255842902010032,True
T91Q,-3.21767169002194,91,True,mild,sensitive,91,-2.889314698493545,True
T91R,-3.47792629217941,91,True,mild,sensitive,91,-3.123010836510361,True
T91S,-1.08039724507429,91,True,neutral,sensitive,91,-0.9701448566319685,True
T91T,0.0,91,True,neutral,sensitive,91,0.0,True
T91V,-3.1099135235334905,91,True,mild,sensitive,91,-2.7925530384139026,True
T91W,-5.032460167525549,91,True,impactful,sensitive,91,-4.518907624014218,True
T91Y,-4.13604270734786,91,True,impactful,sensitive,91,-3.7139677814226357,True
K92A,-2.2659527705836604,92,True,neutral,tolerant,92,-0.586724542520686,True
K92C,-1.5643311792817602,92,True,neutral,tolerant,92,-0.4050532329844291,True
K92D,-2.04101173927855,92,True,neutral,tolerant,92,-0.5284804231374618,True
K92E,-0.6326605647647271,92,True,neutral,tolerant,92,-0.1638151885826159,True
K92F,-5.078486004910549,92,True,impactful,tolerant,92,-1.3149755002004515,True
K92G,-2.49997497017724,92,True,neutral,tolerant,92,-0.6473200543860371,True
K92H,-1.5856151985719902,92,True,neutral,tolerant,92,-0.41056431717081526,True
K92I,-3.11536542658916,92,True,mild,tolerant,92,-0.8066634832064347,True
K92K,0.0,92,True,neutral,tolerant,92,0.0,True
K92L,-3.117469331536181,92,True,mild,tolerant,92,-0.8072082486064787,True
K92M,-2.34220599103473,92,True,neutral,tolerant,92,-0.6064688357229485,True
K92N,-0.43952203047621297,92,True,neutral,tolerant,92,-0.11380570928338243,True
K92P,-2.6318251741800203,92,True,mild,tolerant,92,-0.6814601086841963,True
K92Q,-0.462440379290138,92,True,neutral,tolerant,92,-0.11973997141706146,True
K92R,-0.571181885270978,92,True,neutral,tolerant,92,-0.14789647634420738,True
K92S,-2.07801008785882,92,True,neutral,tolerant,92,-0.5380604282578635,True
K92T,-1.22814578268344,92,True,neutral,tolerant,92,-0.3180045417751777,True
K92V,-2.6837829673542,92,True,mild,tolerant,92,-0.6949135719806325,True
K92W,-5.078486004910549,92,True,impactful,tolerant,92,-1.3149755002004515,True
K92Y,-4.84003008463437,92,True,impactful,tolerant,92,-1.2532319623157882,True
E93A,-2.63100589996203,93,True,mild,sensitive,93,-0.6865885161292736,True
E93C,-4.71339127999443,93,True,impactful,sensitive,93,-1.2300087677168405,True
E93D,-1.43679669687846,93,True,neutral,sensitive,93,-0.37494713033652277,True
E93E,0.0,93,True,neutral,sensitive,93,0.0,True
E93F,-5.36741374335947,93,True,impactful,sensitive,93,-1.4006827721512265,True
E93G,-3.1515601548560603,93,True,mild,sensitive,93,-0.8224325951705369,True
E93H,-3.32455518558497,93,True,mild,sensitive,93,-0.8675774583757523,True
E93I,-5.51544830282712,93,True,impactful,sensitive,93,-1.4393139392353487,True
E93K,-2.74242158586642,93,True,mild,sensitive,93,-0.7156636050371793,True
E93L,-4.32404251322307,93,True,impactful,sensitive,93,-1.128404133520403,True
E93M,-4.86914023823423,93,True,impactful,sensitive,93,-1.2706530878713822,True
E93N,-1.10094246556642,93,True,neutral,sensitive,93,-0.28730245484734984,True
E93P,-4.04935842619363,93,True,impactful,sensitive,93,-1.056722447165922,True
E93Q,-2.74821919044277,93,True,mild,sensitive,93,-0.7171765506080113,True
E93R,-3.2499629068557,93,True,mild,sensitive,93,-0.8481118228299824,True
E93S,-3.26926512627104,93,True,mild,sensitive,93,-0.853148938933208,True
E93T,-3.4594921462895,93,True,mild,sensitive,93,-0.9027906700308285,True
E93V,-4.20681451264223,93,True,impactful,sensitive,93,-1.0978122602871419,True
E93W,-5.88882424968636,93,True,impactful,sensitive,93,-1.5367502989623063,True
E93Y,-5.1552391423851205,93,True,impactful,sensitive,93,-1.345313590179646,True
S94A,-2.08492604751902,94,True,neutral,sensitive,94,-1.2859733428903874,True
S94C,-2.47121498108338,94,True,neutral,sensitive,94,-1.524234681611943,True
S94D,-2.82603218243226,94,True,mild,sensitive,94,-1.743084392409404,True
S94E,-3.06453787977592,94,True,mild,sensitive,94,-1.8901936720293715,True
S94F,-3.80066451898954,94,True,mild,sensitive,94,-2.3442333901990726,True
S94G,-2.24883196662648,94,True,neutral,sensitive,94,-1.3870698028655315,True
S94H,-3.16456627623514,94,True,mild,sensitive,94,-1.9518907530993197,True
S94I,-3.74029929945428,94,True,mild,sensitive,94,-2.3070003846195966,True
S94K,-3.96203497374114,94,True,impactful,sensitive,94,-2.4437659867569197,True
S94L,-3.77946090007082,94,True,mild,sensitive,94,-2.3311550900192044,True
S94M,-3.76899304561736,94,True,mild,sensitive,94,-2.324698562795889,True
S94N,-1.09509559272512,94,True,neutral,sensitive,94,-0.6754502116931348,True
S94P,-4.28767175697697,94,True,impactful,sensitive,94,-2.644617342230252,True
S94Q,-2.7772934154367204,94,True,mild,sensitive,94,-1.7130225323275114,True
S94R,-3.88912759464432,94,True,mild,sensitive,94,-2.398797031560604,True
S94S,0.0,94,True,neutral,sensitive,94,0.0,True
S94T,-0.580002232186559,94,True,neutral,sensitive,94,-0.35774286109398884,True
S94V,-3.58717282034109,94,True,mild,sensitive,94,-2.2125526364778594,True
S94W,-5.009531599221741,94,True,impactful,sensitive,94,-3.0898573619107905,True
S94Y,-5.73524667895006,94,True,impactful,sensitive,94,-3.5374752753493617,True
K95A,-2.60745808007562,95,True,mild,tolerant,95,-1.0412570279214617,True
K95C,-2.9649129935173195,95,True,mild,tolerant,95,-1.1840023489796752,True
K95D,-2.18255090910001,95,True,neutral,tolerant,95,-0.871575458973765,True
K95E,-2.2080335352365497,95,True,neutral,tolerant,95,-0.8817516392764595,True
K95F,-3.64157239355417,95,True,mild,tolerant,95,-1.454218143120863,True
K95G,-2.53040546791398,95,True,neutral,tolerant,95,-1.0104869938618202,True
K95H,-2.43277350522834,95,True,neutral,tolerant,95,-0.971498843650316,True
K95I,-2.64484683076117,95,True,mild,tolerant,95,-1.056187775884015,True
K95K,0.0,95,True,neutral,tolerant,95,0.0,True
K95L,-2.03677122417187,95,True,neutral,tolerant,95,-0.8133600948919769,True
K95M,-2.81110666942585,95,True,mild,tolerant,95,-1.1225816430734985,True
K95N,-2.54810002763124,95,True,mild,tolerant,95,-1.017553103496472,True
K95P,-2.58487841448636,95,True,mild,tolerant,95,-1.0322401100033598,True
K95Q,-1.84756886079294,95,True,neutral,tolerant,95,-0.7378044063564406,True
K95R,-0.7851293406808929,95,True,neutral,tolerant,95,-0.31353196051673976,True
K95S,-2.4994694387364103,95,True,neutral,tolerant,95,-0.9981330626353616,True
K95T,-2.08797490929192,95,True,neutral,tolerant,95,-0.8338076707874956,True
K95V,-2.0599396345548,95,True,neutral,tolerant,95,-0.822612120963397,True
K95W,-3.78766583515522,95,True,mild,tolerant,95,-1.5125588021568521,True
K95Y,-3.7930090932560496,95,True,mild,tolerant,95,-1.5146925680233108,True
K96A,-3.5153619120682995,96,True,mild,sensitive,96,-2.2067002030233973,True
K96C,-4.2610337005879915,96,True,impactful,sensitive,96,-2.674781193906948,True
K96D,-3.44402166225204,96,True,mild,sensitive,96,-2.16191774599875,True
K96E,-1.39301766665349,96,True,neutral,sensitive,96,-0.8744398001430334,True
K96F,-4.32620947536052,96,True,impactful,sensitive,96,-2.7156940213825487,True
K96G,-3.84138122575564,96,True,mild,sensitive,96,-2.411352498775251,True
K96H,-3.988339870213741,96,True,impactful,sensitive,96,-2.50360293519502,True
K96I,-4.0590939108986905,96,True,impactful,sensitive,96,-2.548017410816491,True
K96K,0.0,96,True,neutral,sensitive,96,0.0,True
K96L,-3.83432058485709,96,True,mild,sensitive,96,-2.4069203185064665,True
K96M,-3.69845546602312,96,True,mild,sensitive,96,-2.321633627458966,True
K96N,-3.7657881014699695,96,True,mild,sensitive,96,-2.363900382355688,True
K96P,-3.73322857364241,96,True,mild,sensitive,96,-2.343461770780373,True
K96Q,-3.44654668023996,96,True,mild,sensitive,96,-2.163502777027121,True
K96R,-1.37400583190749,96,True,neutral,sensitive,96,-0.8625054899231329,True
K96S,-3.89787078094657,96,True,mild,sensitive,96,-2.446812720518162,True
K96T,-3.33246092748627,96,True,mild,sensitive,96,-2.0918876602736023,True
K96V,-3.85738362687126,96,True,mild,sensitive,96,-2.4213976954502994,True
K96W,-5.61054977481931,96,True,impactful,sensitive,96,-3.521913713823643,True
K96Y,-4.35893092021124,96,True,impactful,sensitive,96,-2.736234273226154,True
E97A,-2.82078802363399,97,True,mild,sensitive,97,-1.8377141713054237,True
E97C,-3.05621561479942,97,True,mild,sensitive,97,-1.9910928076921572,True
E97D,-2.48142543338623,97,True,neutral,sensitive,97,-1.6166229598836659,True
E97E,0.0,97,True,neutral,sensitive,97,0.0,True
E97F,-3.95318767475176,97,True,impactful,sensitive,97,-2.5754608112530364,True
E97G,-4.67101105764318,97,True,impactful,sensitive,97,-3.043115307862289,True
E97H,-2.52883223250361,97,True,neutral,sensitive,97,-1.6475079983283496,True
E97I,-2.92288529880593,97,True,mild,sensitive,97,-1.9042294882534259,True
E97K,-2.87738366183412,97,True,mild,sensitive,97,-1.8745856432072587,True
E97L,-5.129388593700591,97,True,impactful,sensitive,97,-3.3417435233690873,True
E97M,-5.26786519928776,97,True,impactful,sensitive,97,-3.431959597157563,True
E97N,-2.3444457184237204,97,True,neutral,sensitive,97,-1.5273820948279213,True
E97P,-4.23668385879806,97,True,impactful,sensitive,97,-2.760155637864544,True
E97Q,-1.3538131609484398,97,True,neutral,sensitive,97,-0.8819952475441867,True
E97R,-3.16381291000346,97,True,mild,sensitive,97,-2.0611913307055456,True
E97S,-2.56685766107692,97,True,mild,sensitive,97,-1.6722811710636438,True
E97T,-1.5382887818059,97,True,neutral,sensitive,97,-1.0021792031869696,True
E97V,-2.83767840027335,97,True,mild,sensitive,97,-1.8487180766853286,True
E97W,-4.58495197425367,97,True,impactful,sensitive,97,-2.987048706689361,True
E97Y,-3.75875175590972,97,True,mild,sensitive,97,-2.44878782467162,True
D98A,-2.66756614593761,98,True,mild,sensitive,98,-2.310261752201778,True
D98C,-4.36202937865959,98,True,impactful,sensitive,98,-3.7777618563815105,True
D98D,0.0,98,True,neutral,sensitive,98,0.0,True
D98E,-0.656394950268417,98,True,neutral,sensitive,98,-0.5684748062397171,True
D98F,-4.7803711569129295,98,True,impactful,sensitive,98,-4.140069276993593,True
D98G,-4.14294746091983,98,True,impactful,sensitive,98,-3.5880246399589786,True
D98H,-2.98809132098234,98,True,mild,sensitive,98,-2.5878545135476623,True
D98I,-4.30207239890292,98,True,impactful,sensitive,98,-3.7258357523858088,True
D98K,-2.02665387708847,98,True,neutral,sensitive,98,-1.7551958156011334,True
D98L,-3.06201533124052,98,True,mild,sensitive,98,-2.651876848562271,True
D98M,-5.19937599670503,98,True,impactful,sensitive,98,-4.502950946051093,True
D98N,-1.54146336703275,98,True,neutral,sensitive,98,-1.3349936475611668,True
D98P,-5.2702065181926105,98,True,impactful,sensitive,98,-4.564294146455126,True
D98Q,-2.4153409849458702,98,True,neutral,sensitive,98,-2.0918206300314637,True
D98R,-2.31577605702444,98,True,neutral,sensitive,98,-2.005591823601339,True
D98S,-3.41153679258071,98,True,mild,sensitive,98,-2.9545820185681277,True
D98T,-2.59812759078569,98,True,mild,sensitive,98,-2.2501240726394784,True
D98V,-4.1055826586886095,98,True,impactful,sensitive,98,-3.5556646275915886,True
D98W,-5.45764173912247,98,True,impactful,sensitive,98,-4.7266235502036285,True
D98Y,-4.710636502578599,98,True,impactful,sensitive,98,-4.079675158948213,True
L99A,-4.28028801533741,99,True,impactful,sensitive,99,-3.859093776324949,True
L99C,-5.2483234043429015,99,True,impactful,sensitive,99,-4.731871339794333,True
L99D,-6.070448042430531,99,True,impactful,sensitive,99,-5.4730962440154745,True
L99E,-6.070448042430531,99,True,impactful,sensitive,99,-5.4730962440154745,True
L99F,-2.54774075799692,99,True,mild,sensitive,99,-2.2970347947719305,True
L99G,-6.66660225303208,99,True,impactful,sensitive,99,-6.010586944552129,True
L99H,-6.070448042430531,99,True,impactful,sensitive,99,-5.4730962440154745,True
L99I,-2.1422592653456,99,True,neutral,sensitive,99,-1.9314539976156182,True
L99K,-4.4568421644758605,99,True,impactful,sensitive,99,-4.01827442390827,True
L99L,0.0,99,True,neutral,sensitive,99,0.0,True
L99M,-1.64961773110093,99,True,neutral,sensitive,99,-1.4872899899716339,True
L99N,-5.78812310438872,99,True,impactful,sensitive,99,-5.218552996599776,True
L99P,-2.9158605455639903,99,True,mild,sensitive,99,-2.6289303999395557,True
L99Q,-6.070448042430531,99,True,impactful,sensitive,99,-5.4730962440154745,True
L99R,-4.7195270777530185,99,True,impactful,sensitive,99,-4.2551102887682735,True
L99S,-4.447874626521821,99,True,impactful,sensitive,99,-4.01018932080694,True
L99T,-4.17583152475077,99,True,impactful,sensitive,99,-3.7649161435873366,True
L99V,-1.64123657000965,99,True,neutral,sensitive,99,-1.4797335623457735,True
L99W,-3.59832319944008,99,True,mild,sensitive,99,-3.244236512684825,True
L99Y,-4.39125348886631,99,True,impactful,sensitive,99,-3.959139886948318,True
V100A,-2.9343691124608395,100,True,mild,sensitive,100,-2.9343691124608395,True
V100C,-2.94208354957147,100,True,mild,sensitive,100,-2.94208354957147,True
V100D,-5.57050788880649,100,True,impactful,sensitive,100,-5.57050788880649,True
V100E,-5.57050788880649,100,True,impactful,sensitive,100,-5.57050788880649,True
V100F,-2.75251259175669,100,True,mild,sensitive,100,-2.75251259175669,True
V100G,-4.15578570081115,100,True,impactful,sensitive,100,-4.15578570081115,True
V100H,-4.84007383995749,100,True,impactful,sensitive,100,-4.84007383995749,True
V100I,-0.913516899793788,100,True,neutral,sensitive,100,-0.913516899793788,True
V100K,-5.2698104129301,100,True,impactful,sensitive,100,-5.2698104129301,True
V100L,-1.49285027631313,100,True,neutral,sensitive,100,-1.49285027631313,True
V100M,-0.935853714890251,100,True,neutral,sensitive,100,-0.935853714890251,True
V100N,-5.57050788880649,100,True,impactful,sensitive,100,-5.57050788880649,True
V100P,-6.27493808830049,100,True,impactful,sensitive,100,-6.27493808830049,True
V100Q,-4.63857639422213,100,True,impactful,sensitive,100,-4.63857639422213,True
V100R,-5.234124120724362,100,True,impactful,sensitive,100,-5.234124120724362,True
V100S,-3.16256021130017,100,True,mild,sensitive,100,-3.16256021130017,True
V100T,-2.91625010176933,100,True,mild,sensitive,100,-2.91625010176933,True
V100V,0.0,100,True,neutral,sensitive,100,0.0,True
V100W,-3.2270786508780303,100,True,mild,sensitive,100,-3.2270786508780303,True
V100Y,-3.0095831522821497,100,True,mild,sensitive,100,-3.0095831522821497,True
F101A,-4.1301359289974,101,True,impactful,sensitive,101,-4.026226164748702,True
F101C,-3.58267255419844,101,True,mild,sensitive,101,-3.4925363778384018,True
F101D,-6.57037769153803,101,True,impactful,sensitive,101,-6.405074077155936,True
F101E,-6.57037769153803,101,True,impactful,sensitive,101,-6.405074077155936,True
F101F,0.0,101,True,neutral,sensitive,101,0.0,True
F101G,-5.87688678174451,101,True,impactful,sensitive,101,-5.7290306504922865,True
F101H,-5.73408899171384,101,True,impactful,sensitive,101,-5.589825498803892,True
F101I,-3.85246150980169,101,True,mild,sensitive,101,-3.755537734375768,True
F101K,-6.95190376714669,101,True,impactful,sensitive,101,-6.777001368305012,True
F101L,-1.4748852677821898,101,True,neutral,sensitive,101,-1.437778745598953,True
F101M,-3.59139618369031,101,True,mild,sensitive,101,-3.5010405302235914,True
F101N,-6.57037769153803,101,True,impactful,sensitive,101,-6.405074077155936,True
F101P,-6.95190376714669,101,True,impactful,sensitive,101,-6.777001368305012,True
F101Q,-6.57037769153803,101,True,impactful,sensitive,101,-6.405074077155936,True
F101R,-6.95190376714669,101,True,impactful,sensitive,101,-6.777001368305012,True
F101S,-4.4020251023342505,101,True,impactful,sensitive,101,-4.2912748998072745,True
F101T,-5.205188448557951,101,True,impactful,sensitive,101,-5.074231522718709,True
F101V,-3.77803574519915,101,True,mild,sensitive,101,-3.682984441717694,True
F101W,-3.68542508572494,101,True,mild,sensitive,101,-3.5927037665244654,True
F101Y,-3.2010691546593497,101,True,mild,sensitive,101,-3.120533708145565,True
I102A,-4.22336172226901,102,True,impactful,sensitive,102,-4.174501773986973,True
I102C,-4.25024615758287,102,True,impactful,sensitive,102,-4.201075184054736,True
I102D,-5.63147336944516,102,True,impactful,sensitive,102,-5.566323018687393,True
I102E,-5.63147336944516,102,True,impactful,sensitive,102,-5.566323018687393,True
I102F,-1.5108601068347298,102,True,neutral,sensitive,102,-1.4933810104333738,True
I102G,-6.12331759548502,102,True,impactful,sensitive,102,-6.052477113256766,True
I102H,-5.63147336944516,102,True,impactful,sensitive,102,-5.566323018687393,True
I102I,0.0,102,True,neutral,sensitive,102,0.0,True
I102K,-3.82297013358156,102,True,mild,sensitive,102,-3.778742303882376,True
I102L,-0.935773269821298,102,True,neutral,sensitive,102,-0.9249473362229284,True
I102M,-1.64957030765249,102,True,neutral,sensitive,102,-1.6304864769934901,True
I102N,-3.35463067232402,102,True,mild,sensitive,102,-3.315821048158788,True
I102P,-6.12331759548502,102,True,impactful,sensitive,102,-6.052477113256766,True
I102Q,-5.63147336944516,102,True,impactful,sensitive,102,-5.566323018687393,True
I102R,-5.787581680068048,102,True,impactful,sensitive,102,-5.720625316828988,True
I102S,-3.28760656478603,102,True,mild,sensitive,102,-3.249572340561251,True
I102T,-3.93210056818098,102,True,impactful,sensitive,102,-3.886610211674678,True
I102V,-0.27470465323133497,102,True,neutral,sensitive,102,-0.27152660312993215,True
I102W,-4.31863901471955,102,True,impactful,sensitive,102,-4.2686768062268765,True
I102Y,-2.6705775121388102,102,True,mild,sensitive,102,-2.6396816789833757,True
F103A,-0.493710925863478,103,True,neutral,tolerant,103,-0.4763211978948134,True
F103C,-1.6132850593706498,103,True,neutral,tolerant,103,-1.5564611430894773,True
F103D,-3.74466705762509,103,True,mild,tolerant,103,-3.6127705610032455,True
F103E,-3.18521228736332,103,True,mild,tolerant,103,-3.0730211805879915,True
F103F,0.0,103,True,neutral,tolerant,103,0.0,True
F103G,-3.97841835891234,103,True,impactful,tolerant,103,-3.838288559503855,True
F103H,-1.65394288422375,103,True,neutral,tolerant,103,-1.595686898128128,True
F103I,-1.69961546229967,103,True,neutral,tolerant,103,-1.639750774296188,True
F103K,-3.60911497186983,103,True,mild,tolerant,103,-3.4819929571834347,True
F103L,-0.7987698097209491,103,True,neutral,tolerant,103,-0.7706351483777034,True
F103M,-1.28991363181127,103,True,neutral,tolerant,103,-1.2444796622854004,True
F103N,-2.70999068219519,103,True,mild,tolerant,103,-2.614538063481985,True
F103P,-5.099932439985071,103,True,impactful,tolerant,103,-4.920300122481059,True
F103Q,-2.69723542871638,103,True,mild,tolerant,103,-2.6022320817866174,True
F103R,-3.94413467670883,103,True,impactful,tolerant,103,-3.8052124339413904,True
F103S,-0.7860491501859209,103,True,neutral,tolerant,103,-0.7583625421412917,True
F103T,-1.7183448297999495,103,True,neutral,tolerant,103,-1.6578204468438282,True
F103V,-1.94730116137714,103,True,neutral,tolerant,103,-1.8787123664052887,True
F103W,-3.67563292310228,103,True,mild,tolerant,103,-3.546167980568092,True
F103Y,-1.74735342734043,103,True,neutral,tolerant,103,-1.685807289358128,True
W104A,-5.62375192737615,104,True,impactful,sensitive,104,-5.599922448402436,True
W104C,-2.60420224747242,104,True,mild,sensitive,104,-2.593167482159008,True
W104D,-6.62628994024948,104,True,impactful,sensitive,104,-6.598212414988053,True
W104E,-5.81832601361665,104,True,impactful,sensitive,104,-5.793672067426606,True
W104F,-2.97772164250881,104,True,mild,sensitive,104,-2.965104166456156,True
W104G,-6.305024292093309,104,True,impactful,sensitive,104,-6.278308063188224,True
W104H,-5.77473852561663,104,True,impactful,sensitive,104,-5.750269272340184,True
W104I,-4.95551408353451,104,True,impactful,sensitive,104,-4.934516123421319,True
W104K,-6.20904953385364,104,True,impactful,sensitive,104,-6.1827399780225125,True
W104L,-4.69473405209136,104,True,impactful,sensitive,104,-4.674841093115539,True
W104M,-5.71203458160642,104,True,impactful,sensitive,104,-5.687831023249425,True
W104N,-6.62628994024948,104,True,impactful,sensitive,104,-6.598212414988053,True
W104P,-7.33530176215927,104,True,impactful,sensitive,104,-7.3042199467868105,True
W104Q,-5.74887070888591,104,True,impactful,sensitive,104,-5.724511065101994,True
W104R,-3.5186543524945897,104,True,mild,sensitive,104,-3.5037447866048907,True
W104S,-3.39559543594051,104,True,mild,sensitive,104,-3.3812073066117447,True
W104T,-3.22905046757514,104,True,mild,sensitive,104,-3.2153680379061553,True
W104V,-4.92848788885822,104,True,impactful,sensitive,104,-4.907604446623146,True
W104W,0.0,104,True,neutral,sensitive,104,0.0,True
W104Y,-3.01333262015338,104,True,mild,sensitive,104,-3.000564249990535,True
A105A,0.0,105,True,neutral,sensitive,105,0.0,True
A105C,-1.7712960829983202,105,True,neutral,sensitive,105,-1.660831881196727,True
A105D,-4.832421729740839,105,True,impactful,sensitive,105,-4.531055055773548,True
A105E,-4.08874952928208,105,True,impactful,sensitive,105,-3.833760847573799,True
A105F,-4.7860776577553095,105,True,impactful,sensitive,105,-4.487601161759535,True
A105G,-2.9169301852305605,105,True,mild,sensitive,105,-2.7350202449810213,True
A105H,-3.2210705105701805,105,True,mild,sensitive,105,-3.0201933188279106,True
A105I,-2.91743208976034,105,True,mild,sensitive,105,-2.7354908489937415,True
A105K,-4.95280615627435,105,True,impactful,sensitive,105,-4.643931889582156,True
A105L,-3.51924612791991,105,True,mild,sensitive,105,-3.299773664679337,True
A105M,-3.4782290610505098,105,True,mild,sensitive,105,-3.261314565162465,True
A105N,-3.2556410263785898,105,True,mild,sensitive,105,-3.0526078966927432,True
A105P,-4.8193957200243895,105,True,impactful,sensitive,105,-4.518841393456157,True
A105Q,-4.30820580552382,105,True,impactful,sensitive,105,-4.03953106499224,True
A105R,-5.818931884864861,105,True,impactful,sensitive,105,-5.456042996796312,True
A105S,-1.57380145237375,105,True,neutral,sensitive,105,-1.4756537045752138,True
A105T,-2.20316151799259,105,True,neutral,sensitive,105,-2.065764681370517,True
A105V,-1.15355810531251,105,True,neutral,sensitive,105,-1.081618198394517,True
A105W,-5.48082296690436,105,True,impactful,sensitive,105,-5.139019730242709,True
A105Y,-4.6529813919562315,105,True,impactful,sensitive,105,-4.362805243319314,True
P106A,-5.0391907126843885,106,True,impactful,sensitive,106,-4.847823766437723,True
P106C,-4.40696122441877,106,True,impactful,sensitive,106,-4.239603654557074,True
P106D,-4.14288118030171,106,True,impactful,sensitive,106,-3.9855522429107317,True
P106E,-5.74197715714015,106,True,impactful,sensitive,106,-5.52392138258609,True
P106F,-7.21646539474183,106,True,impactful,sensitive,106,-6.9424148528938465,True
P106G,-6.020460441382982,106,True,impactful,sensitive,106,-5.791829060799138,True
P106H,-4.08846628940825,106,True,impactful,sensitive,106,-3.9332037972253118,True
P106I,-6.17974685261964,106,True,impactful,sensitive,106,-5.945066454279787,True
P106K,-4.76123712472804,106,True,impactful,sensitive,106,-4.580425668907966,True
P106L,-3.0563549474390603,106,True,mild,sensitive,106,-2.9402876369748903,True
P106M,-5.38290428502043,106,True,impactful,sensitive,106,-5.178484564931347,True
P106N,-4.34492641488661,106,True,impactful,sensitive,106,-4.179924662206288,True
P106P,0.0,106,True,neutral,sensitive,106,0.0,True
P106Q,-4.5755367045693305,106,True,impactful,sensitive,106,-4.401777357778003,True
P106R,-4.45371772705195,106,True,impactful,sensitive,106,-4.2845845448675135,True
P106S,-1.8772431723575904,106,True,neutral,sensitive,106,-1.805953492379373,True
P106T,-1.88462913494973,106,True,neutral,sensitive,106,-1.8130589676498496,True
P106V,-4.7026862805464695,106,True,impactful,sensitive,106,-4.524098335780063,True
P106W,-7.21646539474183,106,True,impactful,sensitive,106,-6.9424148528938465,True
P106Y,-7.21646539474183,106,True,impactful,sensitive,106,-6.9424148528938465,True
E107A,-2.99793199169466,107,True,mild,sensitive,107,-1.0888110794348589,True
E107C,-3.0780845517701603,107,True,mild,sensitive,107,-1.1179214781020215,True
E107D,-0.25162083289435605,107,True,neutral,sensitive,107,-0.09138551222342262,True
E107E,0.0,107,True,neutral,sensitive,107,0.0,True
E107F,-5.214298550948491,107,True,impactful,sensitive,107,-1.8937674535253732,True
E107G,-3.23381359375729,107,True,mild,sensitive,107,-1.1744803015760374,True
E107H,-2.86594722690837,107,True,mild,sensitive,107,-1.0408758778979212,True
E107I,-4.1760866958361,107,True,impactful,sensitive,107,-1.5167020051500775,True
E107K,-2.57965768028944,107,True,mild,sensitive,107,-0.936899126207544,True
E107L,-3.1329122432486005,107,True,mild,sensitive,107,-1.1378342039767058,True
E107M,-3.8779131608091895,107,True,mild,sensitive,107,-1.4084091387905449,True
E107N,-2.52216545111876,107,True,neutral,sensitive,107,-0.9160186738571026,True
E107P,-4.0523866430597515,107,True,impactful,sensitive,107,-1.4717757065006443,True
E107Q,-1.21923936164022,107,True,neutral,sensitive,107,-0.442812355021616,True
E107R,-3.95704393723478,107,True,impactful,sensitive,107,-1.4371484385262143,True
E107S,-2.9259204833530297,107,True,mild,sensitive,107,-1.062657408055255,True
E107T,-2.24990884493517,107,True,neutral,sensitive,107,-0.8171385091024452,True
E107V,-3.60371041370063,107,True,mild,sensitive,107,-1.3088221602031793,True
E107W,-5.214298550948491,107,True,impactful,sensitive,107,-1.8937674535253732,True
E107Y,-4.73880441589972,107,True,impactful,sensitive,107,-1.7210739821985803,True
S108A,-1.03637925088114,108,True,neutral,tolerant,108,-0.45111796738666515,True
S108C,-0.00664596221520963,108,True,neutral,tolerant,108,-0.0028928724338169844,True
S108D,-0.574984752798293,108,True,neutral,tolerant,108,-0.2502809205608444,True
S108E,-0.6012099625771221,108,True,neutral,tolerant,108,-0.261696300905111,True
S108F,-2.83373212012795,108,True,mild,tolerant,108,-1.2334745924945547,True
S108G,-0.8455011310103481,108,True,neutral,tolerant,108,-0.3680320223704083,True
S108H,-1.31509861144466,108,True,neutral,tolerant,108,-0.5724396855721892,True
S108I,-1.78447887604455,108,True,neutral,tolerant,108,-0.7767527984772276,True
S108K,-2.23072975044965,108,True,neutral,tolerant,108,-0.9709980877716566,True
S108L,-0.9804269035981208,108,True,neutral,tolerant,108,-0.4267628781127645,True
S108M,-2.0950820286116003,108,True,neutral,tolerant,108,-0.9119529800042194,True
S108N,-0.124343471771238,108,True,neutral,tolerant,108,-0.05412456318046771,True
S108P,-1.66011234846421,108,True,neutral,tolerant,108,-0.7226181995017266,True
S108Q,-0.66434987900794,108,True,neutral,tolerant,108,-0.28918001474540395,True
S108R,-2.47537048075902,108,True,neutral,tolerant,108,-1.0774859674772002,True
S108S,0.0,108,True,neutral,tolerant,108,0.0,True
S108T,-0.3802331309006449,108,True,neutral,tolerant,108,-0.16550890709084554,True
S108V,-1.85642215373372,108,True,neutral,tolerant,108,-0.8080684632502141,True
S108W,-1.36397119449528,108,True,neutral,tolerant,108,-0.5937130758952652,True
S108Y,-2.57398775618503,108,True,mild,tolerant,108,-1.1204123622323716,True
A109A,0.0,109,True,neutral,sensitive,109,0.0,True
A109C,-1.76839131537874,109,True,neutral,sensitive,109,-1.6637082747037673,True
A109D,-5.41075789334225,109,True,impactful,sensitive,109,-5.09045854347247,True
A109E,-4.1577324347748,109,True,impactful,sensitive,109,-3.91160813536205,True
A109F,-6.11019114119012,109,True,impactful,sensitive,109,-5.748487607474184,True
A109G,-1.6977668787471298,109,True,neutral,sensitive,109,-1.597264576072994,True
A109H,-5.41075789334225,109,True,impactful,sensitive,109,-5.09045854347247,True
A109I,-3.66623363776043,109,True,mild,sensitive,109,-3.4492044758956357,True
A109K,-6.11019114119012,109,True,impactful,sensitive,109,-5.748487607474184,True
A109L,-3.43318820644221,109,True,mild,sensitive,109,-3.229954579623106,True
A109M,-3.5458965353092795,109,True,mild,sensitive,109,-3.3359909403162806,True
A109N,-5.41075789334225,109,True,impactful,sensitive,109,-5.09045854347247,True
A109P,-3.58428179986121,109,True,mild,sensitive,109,-3.372103921479651,True
A109Q,-3.9533433067648,109,True,impactful,sensitive,109,-3.7193181820171386,True
A109R,-6.11019114119012,109,True,impactful,sensitive,109,-5.748487607474184,True
A109S,-1.13945796274203,109,True,neutral,sensitive,109,-1.072005740361262,True
A109T,-2.36452671105202,109,True,neutral,sensitive,109,-2.224554384951162,True
A109V,-1.50766107685873,109,True,neutral,sensitive,109,-1.418412422185783,True
A109W,-6.11019114119012,109,True,impactful,sensitive,109,-5.748487607474184,True
A109Y,-6.11019114119012,109,True,impactful,sensitive,109,-5.748487607474184,True
P110A,-2.3388095638691,110,True,neutral,tolerant,110,-1.3440479563769565,True
P110C,-2.05645203842281,110,True,neutral,tolerant,110,-1.1817850424114735,True
P110D,-2.14100336541476,110,True,neutral,tolerant,110,-1.230374307654811,True
P110E,-2.93597387480052,110,True,mild,tolerant,110,-1.6872214597385795,True
P110F,-2.94098583941696,110,True,mild,tolerant,110,-1.6901016945829315,True
P110G,-2.14072209899712,110,True,neutral,tolerant,110,-1.230212671769758,True
P110H,-2.3936915710264,110,True,neutral,tolerant,110,-1.3755870994953925,True
P110I,-3.6126574747675098,110,True,mild,tolerant,110,-2.076092457916325,True
P110K,-1.45672587617071,110,True,neutral,tolerant,110,-0.8371393152804192,True
P110L,-2.02889233412098,110,True,neutral,tolerant,110,-1.1659472568912408,True
P110M,-4.47271051263631,110,True,impactful,tolerant,110,-2.5703407053072143,True
P110N,-1.95455516293968,110,True,neutral,tolerant,110,-1.1232277791908911,True
P110P,0.0,110,True,neutral,tolerant,110,0.0,True
P110Q,-2.5010562497013,110,True,neutral,tolerant,110,-1.4372865551455338,True
P110R,-1.9646080718797,110,True,neutral,tolerant,110,-1.1290049027007358,True
P110S,-0.7796097067996021,110,True,neutral,tolerant,110,-0.44801973165451325,True
P110T,-1.99422103791155,110,True,neutral,tolerant,110,-1.1460226398830333,True
P110V,-3.64132012038841,110,True,mild,tolerant,110,-2.0925640727353603,True
P110W,-5.13260046480667,110,True,impactful,tolerant,110,-2.949560867286123,True
P110Y,-5.13260046480667,110,True,impactful,tolerant,110,-2.949560867286123,True
L111A,-3.1768379331074303,111,True,mild,sensitive,111,-1.263494332771102,True
L111C,-3.133123336510101,111,True,mild,sensitive,111,-1.2461081310752307,True
L111D,-4.91397249735388,111,True,impactful,sensitive,111,-1.9543887766810184,True
L111E,-4.49849848631101,111,True,impactful,sensitive,111,-1.7891461456687197,True
L111F,-2.16376122432897,111,True,neutral,sensitive,111,-0.8605727147482607,True
L111G,-4.72145907728776,111,True,impactful,sensitive,111,-1.8778221968435633,True
L111H,-4.21899490080145,111,True,impactful,sensitive,111,-1.677981772881501,True
L111I,-1.31140803654607,111,True,neutral,sensitive,111,-0.5215741743884562,True
L111K,-5.5590414756074,111,True,impactful,sensitive,111,-2.2109460878915823,True
L111L,0.0,111,True,neutral,sensitive,111,0.0,True
L111M,-0.602511082006314,111,True,neutral,sensitive,111,-0.23963115323359452,True
L111N,-4.91397249735388,111,True,impactful,sensitive,111,-1.9543887766810184,True
L111P,-3.33379426822676,111,True,mild,sensitive,111,-1.325919122480728,True
L111Q,-3.8378642988355,111,True,mild,sensitive,111,-1.5263982279322688,True
L111R,-4.64292964941981,111,True,impactful,sensitive,111,-1.8465894147010202,True
L111S,-2.55516276294555,111,True,mild,sensitive,111,-1.0162412242199443,True
L111T,-3.12149074973222,111,True,mild,sensitive,111,-1.2414816100569097,True
L111V,-1.32516927474072,111,True,neutral,sensitive,111,-0.5270473042228907,True
L111W,-5.5590414756074,111,True,impactful,sensitive,111,-2.2109460878915823,True
L111Y,-5.5590414756074,111,True,impactful,sensitive,111,-2.2109460878915823,True
K112A,-4.68142751019303,112,True,impactful,sensitive,112,-1.7897548519285822,True
K112C,-5.5381396691778,112,True,impactful,sensitive,112,-2.117284166418807,True
K112D,-4.97097745731173,112,True,impactful,sensitive,112,-1.9004525870965436,True
K112E,-4.27069135216094,112,True,impactful,sensitive,112,-1.6327264604604148,True
K112F,-4.18953199356016,112,True,impactful,sensitive,112,-1.6016984555369407,True
K112G,-3.83744122054051,112,True,mild,sensitive,112,-1.467090759922912,True
K112H,-3.75595407448601,112,True,mild,sensitive,112,-1.435937438697002,True
K112I,-4.16085513385813,112,True,impactful,sensitive,112,-1.5907350157147853,True
K112K,0.0,112,True,neutral,sensitive,112,0.0,True
K112L,-3.0600926062805702,112,True,mild,sensitive,112,-1.1699028934051794,True
K112M,-3.7837153569431097,112,True,mild,sensitive,112,-1.446550844515029,True
K112N,-1.7580402232823995,112,True,neutral,sensitive,112,-0.6721157195437474,True
K112P,-6.528827270413,112,True,impactful,sensitive,112,-2.496033583598841,True
K112Q,-2.54661681057344,112,True,mild,sensitive,112,-0.9735961483549217,True
K112R,-1.81274442302816,112,True,neutral,sensitive,112,-0.6930296622893455,True
K112S,-4.93977097991812,112,True,impactful,sensitive,112,-1.8885220500530446,True
K112T,-2.53509835991009,112,True,neutral,sensitive,112,-0.9691925336633463,True
K112V,-3.73937064350472,112,True,mild,sensitive,112,-1.4295974332188093,True
K112W,-4.17825391955478,112,True,impactful,sensitive,112,-1.59738673915821,True
K112Y,-4.0195297470636095,112,True,impactful,sensitive,112,-1.5367049583945669,True
S113A,-1.85972765803433,113,True,neutral,tolerant,113,-1.7241052096470018,True
S113C,-1.2538335382758998,113,True,neutral,tolerant,113,-1.1623965079147665,True
S113D,-1.79253060870198,113,True,neutral,tolerant,113,-1.66180857049863,True
S113E,-1.84300965511292,113,True,neutral,tolerant,113,-1.70860638334995,True
S113F,-3.4714548554015696,113,True,mild,tolerant,113,-3.218295633446852,True
S113G,-2.37295731199582,113,True,neutral,tolerant,113,-2.199907091883674,True
S113H,-2.3120987426392,113,True,neutral,tolerant,113,-2.1434866928934717,True
S113I,-2.8833656633621003,113,True,mild,tolerant,113,-2.673093417761125,True
S113K,-1.95931302212988,113,True,neutral,tolerant,113,-1.8164282142009092,True
S113L,-2.23283263591207,113,True,neutral,tolerant,113,-2.070001144100199,True
S113M,-2.80253806802365,113,True,mild,tolerant,113,-2.5981602534323462,True
S113N,-1.31345695647579,113,True,neutral,tolerant,113,-1.217671830347754,True
S113P,-2.65362810222683,113,True,mild,tolerant,113,-2.460109691733427,True
S113Q,-1.68818629950087,113,True,neutral,tolerant,113,-1.5650736715399296,True
S113R,-1.59546769212044,113,True,neutral,tolerant,113,-1.4791166587885156,True
S113S,0.0,113,True,neutral,tolerant,113,0.0,True
S113T,-2.31331605296848,113,True,neutral,tolerant,113,-2.144615229682932,True
S113V,-3.00657815218723,113,True,mild,tolerant,113,-2.787320515992009,True
S113W,-3.41515335464298,113,True,mild,tolerant,113,-3.1660999743945863,True
S113Y,-3.9211669697502,113,True,impactful,tolerant,113,-3.6352120544293536,True
K114A,-5.624583211106441,114,True,impactful,sensitive,114,-4.38974256384031,True
K114C,-4.48684957976225,114,True,impactful,sensitive,114,-3.501790948516669,True
K114D,-6.01765717370932,114,True,impactful,sensitive,114,-4.696519695516134,True
K114E,-3.41140041758234,114,True,mild,sensitive,114,-2.6624496524104155,True
K114F,-7.10867151804667,114,True,impactful,sensitive,114,-5.548008939313075,True
K114G,-7.10867151804667,114,True,impactful,sensitive,114,-5.548008939313075,True
K114H,-5.042551099634919,114,True,impactful,sensitive,114,-3.9354918154109364,True
K114I,-5.64431638975584,114,True,impactful,sensitive,114,-4.405143451512498,True
K114K,0.0,114,True,neutral,sensitive,114,0.0,True
K114L,-5.959473351086731,114,True,impactful,sensitive,114,-4.651109752573345,True
K114M,-6.54060431247393,114,True,impactful,sensitive,114,-5.104657192556014,True
K114N,-5.01909256380196,114,True,impactful,sensitive,114,-3.917183448485549,True
K114P,-7.10867151804667,114,True,impactful,sensitive,114,-5.548008939313075,True
K114Q,-3.38992849768951,114,True,mild,sensitive,114,-2.645691752821553,True
K114R,-1.51683947652132,114,True,neutral,sensitive,114,-1.1838272388700348,True
K114S,-2.26577787051825,114,True,neutral,sensitive,114,-1.7683410814834142,True
K114T,-4.80196776380692,114,True,impactful,sensitive,114,-3.7477269855921764,True
K114V,-6.54060431247393,114,True,impactful,sensitive,114,-5.104657192556014,True
K114W,-7.10867151804667,114,True,impactful,sensitive,114,-5.548008939313075,True
K114Y,-7.10867151804667,114,True,impactful,sensitive,114,-5.548008939313075,True
M115A,-5.793417186124589,115,True,impactful,sensitive,115,-2.749959067330894,True
M115C,-6.11214129667029,115,True,impactful,sensitive,115,-2.9012477160875063,True
M115D,-6.81920720843103,115,True,impactful,sensitive,115,-3.2368704155720063,True
M115E,-6.81920720843103,115,True,impactful,sensitive,115,-3.2368704155720063,True
M115F,-5.37839429632564,115,True,impactful,sensitive,115,-2.5529603147318354,True
M115G,-6.57486013347159,115,True,impactful,sensitive,115,-3.1208862851748687,True
M115H,-6.81920720843103,115,True,impactful,sensitive,115,-3.2368704155720063,True
M115I,-0.5914749078983029,115,True,neutral,sensitive,115,-0.2807551629406625,True
M115K,-6.92373936627711,115,True,impactful,sensitive,115,-3.2864886540073406,True
M115L,-1.6117388484124398,115,True,neutral,sensitive,115,-0.7650434481011541,True
M115M,0.0,115,True,neutral,sensitive,115,0.0,True
M115N,-5.919743569460518,115,True,impactful,sensitive,115,-2.8099223622459863,True
M115P,-7.32293112748755,115,True,impactful,sensitive,115,-3.475972850997954,True
M115Q,-6.81920720843103,115,True,impactful,sensitive,115,-3.2368704155720063,True
M115R,-4.94173936678558,115,True,impactful,sensitive,115,-2.345693490298868,True
M115S,-5.412980603608579,115,True,impactful,sensitive,115,-2.569377383667593,True
M115T,-4.7849849776801605,115,True,impactful,sensitive,115,-2.2712869457992273,True
M115V,-0.7480697224632621,115,True,neutral,sensitive,115,-0.3550859622556643,True
M115W,-6.31548328937451,115,True,impactful,sensitive,115,-2.997767980146058,True
M115Y,-6.31548328937451,115,True,impactful,sensitive,115,-2.997767980146058,True
I116A,-3.63933723098579,116,True,mild,sensitive,116,-3.0146719661175436,True
I116C,-3.24656370043662,116,True,mild,sensitive,116,-2.6893151012746386,True
I116D,-4.86903546751219,116,True,impactful,sensitive,116,-4.03330161353721,True
I116E,-4.86903546751219,116,True,impactful,sensitive,116,-4.03330161353721,True
I116F,-2.87583766878026,116,True,mild,sensitive,116,-2.3822214455318034,True
I116G,-5.328313367473389,116,True,impactful,sensitive,116,-4.413747865641009,True
I116H,-4.86903546751219,116,True,impactful,sensitive,116,-4.03330161353721,True
I116I,0.0,116,True,neutral,sensitive,116,0.0,True
I116K,-3.1420221989684904,116,True,mild,sensitive,116,-2.6027173737849996,True
I116L,-1.2965982410061498,116,True,neutral,sensitive,116,-1.0740467619209264,True
I116M,-1.2360695823358,116,True,neutral,sensitive,116,-1.023907398938405,True
I116N,-3.31008486272451,116,True,mild,sensitive,116,-2.741933326805949,True
I116P,-4.45408745205769,116,True,impactful,sensitive,116,-3.6895763497896814,True
I116Q,-3.15455029107322,116,True,mild,sensitive,116,-2.613095111724618,True
I116R,-3.28682922965081,116,True,mild,sensitive,116,-2.7226693508037556,True
I116S,-2.9102229435852403,116,True,mild,sensitive,116,-2.410704742742967,True
I116T,-1.91400649359979,116,True,neutral,sensitive,116,-1.5854814635189147,True
I116V,-0.6959228210116569,116,True,neutral,sensitive,116,-0.5764728262120953,True
I116W,-5.151267329742098,116,True,impactful,sensitive,116,-4.2670904682125945,True
I116Y,-4.56239494398096,116,True,impactful,sensitive,116,-3.779293663382284,True
Y117A,-3.98471951534684,117,True,impactful,sensitive,117,-3.8811279936417264,True
Y117C,-2.60240099382218,117,True,mild,sensitive,117,-2.5347458733052535,True
Y117D,-5.37650302279678,117,True,impactful,sensitive,117,-5.23672903683903,True
Y117E,-5.37650302279678,117,True,impactful,sensitive,117,-5.23672903683903,True
Y117F,-1.62538453252073,117,True,neutral,sensitive,117,-1.5831290973686973,True
Y117G,-5.504421523227482,117,True,impactful,sensitive,117,-5.361322015344583,True
Y117H,-3.55940542369043,117,True,mild,sensitive,117,-3.4668708744491563,True
Y117I,-3.5131439274234,117,True,mild,sensitive,117,-3.4218120472222435,True
Y117K,-6.75105637922598,117,True,impactful,sensitive,117,-6.575547864574564,True
Y117L,-4.45335902305893,117,True,impactful,sensitive,117,-4.337584189693345,True
Y117M,-4.16234125048558,117,True,impactful,sensitive,117,-4.054132062277201,True
Y117N,-1.91827871502673,117,True,neutral,sensitive,117,-1.8684088533266017,True
Y117P,-6.75105637922598,117,True,impactful,sensitive,117,-6.575547864574564,True
Y117Q,-4.47314499679084,117,True,impactful,sensitive,117,-4.3568557836503645,True
Y117R,-6.75105637922598,117,True,impactful,sensitive,117,-6.575547864574564,True
Y117S,-1.9555865502782697,117,True,neutral,sensitive,117,-1.9047467895901835,True
Y117T,-4.10603160948315,117,True,impactful,sensitive,117,-3.9992863138713877,True
Y117V,-4.18946868957719,117,True,impactful,sensitive,117,-4.080554264103141,True
Y117W,-4.06450423235802,117,True,impactful,sensitive,117,-3.9588385319780546,True
Y117Y,0.0,117,True,neutral,sensitive,117,0.0,True
A118A,0.0,118,True,neutral,sensitive,118,0.0,True
A118C,-4.0175297404554,118,True,impactful,sensitive,118,-2.559780985644434,True
A118D,-4.03333363037517,118,True,impactful,sensitive,118,-2.5698504809635296,True
A118E,-5.77551456012239,118,True,impactful,sensitive,118,-3.679886225717908,True
A118F,-6.0925875071319116,118,True,impactful,sensitive,118,-3.8819101939898193,True
A118G,-4.105004727315,118,True,impactful,sensitive,118,-2.6155159328752964,True
A118H,-6.0925875071319116,118,True,impactful,sensitive,118,-3.8819101939898193,True
A118I,-5.78852559066679,118,True,impactful,sensitive,118,-3.688176242405481,True
A118K,-5.8210315225808715,118,True,impactful,sensitive,118,-3.708887493300885,True
A118L,-3.2163816381747097,118,True,mild,sensitive,118,-2.049327096964378,True
A118M,-5.78852559066679,118,True,impactful,sensitive,118,-3.688176242405481,True
A118N,-6.0925875071319116,118,True,impactful,sensitive,118,-3.8819101939898193,True
A118P,-3.80325243758512,118,True,mild,sensitive,118,-2.423253566813095,True
A118Q,-6.0925875071319116,118,True,impactful,sensitive,118,-3.8819101939898193,True
A118R,-6.457151009003531,118,True,impactful,sensitive,118,-4.114192910096144,True
A118S,-1.57371387793146,118,True,neutral,sensitive,118,-1.0026964632045483,True
A118T,-0.6831777209990338,118,True,neutral,sensitive,118,-0.4352887104778456,True
A118V,-2.86399226046956,118,True,mild,sensitive,118,-1.824801160165596,True
A118W,-6.0925875071319116,118,True,impactful,sensitive,118,-3.8819101939898193,True
A118Y,-5.15869368800182,118,True,impactful,sensitive,118,-3.286876978243396,True
S119A,-1.6016052553383702,119,True,neutral,sensitive,119,-1.1406460487319778,True
S119C,-1.49935602842834,119,True,neutral,sensitive,119,-1.067825248305605,True
S119D,-5.502027706956151,119,True,impactful,sensitive,119,-3.9184849968711544,True
S119E,-5.62003482036061,119,True,impactful,sensitive,119,-4.002528394692439,True
S119F,-6.8257244549729,119,True,impactful,sensitive,119,-4.861207593660889,True
S119G,-3.98192767419168,119,True,impactful,sensitive,119,-2.8358860916347797,True
S119H,-4.930274608286901,119,True,impactful,sensitive,119,-3.5112885852250386,True
S119I,-4.4449665642203895,119,True,impactful,sensitive,119,-3.1656574123519454,True
S119K,-6.3556043112299205,119,True,impactful,sensitive,119,-4.526393080158029,True
S119L,-5.03448014452295,119,True,impactful,sensitive,119,-3.5855026481269086,True
S119M,-5.79326600589213,119,True,impactful,sensitive,119,-4.125901783131988,True
S119N,-3.62670043163066,119,True,mild,sensitive,119,-2.5828970674800233,True
S119P,-6.8257244549729,119,True,impactful,sensitive,119,-4.861207593660889,True
S119Q,-4.780575030489191,119,True,impactful,sensitive,119,-3.404674154894809,True
S119R,-4.37107182279252,119,True,impactful,sensitive,119,-3.1130303717307766,True
S119S,0.0,119,True,neutral,sensitive,119,0.0,True
S119T,-1.99457243042529,119,True,neutral,sensitive,119,-1.4205130472013128,True
S119V,-4.891919384081049,119,True,impactful,sensitive,119,-3.483972406789179,True
S119W,-6.8257244549729,119,True,impactful,sensitive,119,-4.861207593660889,True
S119Y,-6.8257244549729,119,True,impactful,sensitive,119,-4.861207593660889,True
S120A,-2.66719839002962,120,True,mild,sensitive,120,-2.66719839002962,True
S120C,-1.89999741716647,120,True,neutral,sensitive,120,-1.89999741716647,True
S120D,-6.03425247123028,120,True,impactful,sensitive,120,-6.03425247123028,True
S120E,-5.99230292511499,120,True,impactful,sensitive,120,-5.99230292511499,True
S120F,-3.1680427601293,120,True,mild,sensitive,120,-3.1680427601293,True
S120G,-4.798824851183,120,True,impactful,sensitive,120,-4.798824851183,True
S120H,-6.03425247123028,120,True,impactful,sensitive,120,-6.03425247123028,True
S120I,-5.495303356518692,120,True,impactful,sensitive,120,-5.495303356518692,True
S120K,-4.91254631732227,120,True,impactful,sensitive,120,-4.91254631732227,True
S120L,-6.40357989462891,120,True,impactful,sensitive,120,-6.40357989462891,True
S120M,-6.40357989462891,120,True,impactful,sensitive,120,-6.40357989462891,True
S120N,-4.986283385614072,120,True,impactful,sensitive,120,-4.986283385614072,True
S120P,-6.3735515600993295,120,True,impactful,sensitive,120,-6.3735515600993295,True
S120Q,-5.47228118484091,120,True,impactful,sensitive,120,-5.47228118484091,True
S120R,-6.600452728824589,120,True,impactful,sensitive,120,-6.600452728824589,True
S120S,0.0,120,True,neutral,sensitive,120,0.0,True
S120T,-2.45676633780373,120,True,neutral,sensitive,120,-2.45676633780373,True
S120V,-5.7997167533351695,120,True,impactful,sensitive,120,-5.7997167533351695,True
S120W,-6.31516747875969,120,True,impactful,sensitive,120,-6.31516747875969,True
S120Y,-5.7488788392011605,120,True,impactful,sensitive,120,-5.7488788392011605,True
K121A,-4.18594881368073,121,True,impactful,sensitive,121,-3.6318873331787236,True
K121C,-4.16650185028334,121,True,impactful,sensitive,121,-3.615014413041493,True
K121D,-5.5018085500351,121,True,impactful,sensitive,121,-4.7735769527665655,True
K121E,-4.568072461269719,121,True,impactful,sensitive,121,-3.963432246210322,True
K121F,-3.64384097149605,121,True,mild,sensitive,121,-3.1615340888168686,True
K121G,-5.715242319469018,121,True,impactful,sensitive,121,-4.958760154516715,True
K121H,-5.5018085500351,121,True,impactful,sensitive,121,-4.7735769527665655,True
K121I,-3.9121935121922498,121,True,mild,sensitive,121,-3.3943668913097067,True
K121K,0.0,121,True,neutral,sensitive,121,0.0,True
K121L,-3.55264608710909,121,True,mild,sensitive,121,-3.082409961839199,True
K121M,-4.172144712583,121,True,impactful,sensitive,121,-3.619910373556353,True
K121N,-2.42944429088562,121,True,neutral,sensitive,121,-2.1078776496008613,True
K121P,-6.9103530846578884,121,True,impactful,sensitive,121,-5.99568340490361,True
K121Q,-2.74057034343416,121,True,mild,sensitive,121,-2.377822366932306,True
K121R,-2.03853307122729,121,True,neutral,sensitive,121,-1.7687083070531333,True
K121S,-4.35826012104641,121,True,impactful,sensitive,121,-3.7813911332585426,True
K121T,-3.9053349722863,121,True,mild,sensitive,121,-3.3884161629761187,True
K121V,-3.92207426653773,121,True,impactful,sensitive,121,-3.4029398070683317,True
K121W,-4.0455929174022405,121,True,impactful,sensitive,121,-3.510109255012842,True
K121Y,-3.73167024384176,121,True,mild,sensitive,121,-3.237738083636911,True
D122A,-2.24366823354667,122,True,neutral,sensitive,122,-1.186079326029421,True
D122C,-3.48156257742476,122,True,mild,sensitive,122,-1.8404723718148224,True
D122D,0.0,122,True,neutral,sensitive,122,0.0,True
D122E,-0.5941142670322579,122,True,neutral,sensitive,122,-0.3140690048956947,True
D122F,-5.65467659191082,122,True,impactful,sensitive,122,-2.9892543383947765,True
D122G,-2.83458049327102,122,True,mild,sensitive,122,-1.4984556409752734,True
D122H,-2.84584507952875,122,True,mild,sensitive,122,-1.504410484332595,True
D122I,-4.12795925337246,122,True,impactful,sensitive,122,-2.182179635969373,True
D122K,-2.8702753323936303,122,True,mild,sensitive,122,-1.5173251467677364,True
D122L,-3.9170544402611296,122,True,mild,sensitive,122,-2.0706881797677474,True
D122M,-4.11197720518747,122,True,impactful,sensitive,122,-2.173730981816144,True
D122N,-0.727325527405586,122,True,neutral,sensitive,122,-0.38448900708709277,True
D122P,-4.56800785032217,122,True,impactful,sensitive,122,-2.4148042885300867,True
D122Q,-1.8925157754900104,122,True,neutral,sensitive,122,-1.0004481954736144,True
D122R,-3.29441216720423,122,True,mild,sensitive,122,-1.7415383007692073,True
D122S,-2.66000796685827,122,True,mild,sensitive,122,-1.4061706670316956,True
D122T,-2.60462601612581,122,True,mild,sensitive,122,-1.376893884565905,True
D122V,-2.9129278488177097,122,True,mild,sensitive,122,-1.5398727173832736,True
D122W,-5.65467659191082,122,True,impactful,sensitive,122,-2.9892543383947765,True
D122Y,-4.89817511956208,122,True,impactful,sensitive,122,-2.5893419346588193,True
A123A,0.0,123,True,neutral,sensitive,123,0.0,True
A123C,-2.59721308517691,123,True,mild,sensitive,123,-2.0558521487913746,True
A123D,-2.22846281553054,123,True,neutral,sensitive,123,-1.7639638788043739,True
A123E,-3.2329793602621297,123,True,mild,sensitive,123,-2.559099830016578,True
A123F,-3.24938035625952,123,True,mild,sensitive,123,-2.572082216042581,True
A123G,-1.89905642009355,123,True,neutral,sensitive,123,-1.5032186785934991,True
A123H,-3.61067403076533,123,True,mild,sensitive,123,-2.858068137381379,True
A123I,-3.28542226652544,123,True,mild,sensitive,123,-2.600611580494667,True
A123K,-2.4029147520574,123,True,neutral,sensitive,123,-1.902053198705183,True
A123L,-3.40056301729892,123,True,mild,sensitive,123,-2.691752488894559,True
A123M,-3.82623418608404,123,True,mild,sensitive,123,-3.028697113122731,True
A123N,-2.8911519562727896,123,True,mild,sensitive,123,-2.2885226459502985,True
A123P,-3.49962727332377,123,True,mild,sensitive,123,-2.7701678737466784,True
A123Q,-3.2349442984978096,123,True,mild,sensitive,123,-2.560655198159885,True
A123R,-2.92634940862292,123,True,mild,sensitive,123,-2.3163835705925555,True
A123S,-1.34323973652674,123,True,neutral,sensitive,123,-1.0632559624934883,True
A123T,-0.4955704380499671,123,True,neutral,sensitive,123,-0.39227414791540305,True
A123V,-2.59912447608483,123,True,mild,sensitive,123,-2.0573651309674057,True
A123W,-4.7085221921494815,123,True,impactful,sensitive,123,-3.7270817406585746,True
A123Y,-2.9451000440594304,123,True,mild,sensitive,123,-2.331225839166267,True
I124A,-4.39150101611164,124,True,impactful,sensitive,124,-4.39150101611164,True
I124C,-4.2002820464001696,124,True,impactful,sensitive,124,-4.2002820464001696,True
I124D,-5.856468628287718,124,True,impactful,sensitive,124,-5.856468628287718,True
I124E,-5.856468628287718,124,True,impactful,sensitive,124,-5.856468628287718,True
I124F,-1.48391185290546,124,True,neutral,sensitive,124,-1.48391185290546,True
I124G,-6.199762996250732,124,True,impactful,sensitive,124,-6.199762996250732,True
I124H,-5.856468628287718,124,True,impactful,sensitive,124,-5.856468628287718,True
I124I,0.0,124,True,neutral,sensitive,124,0.0,True
I124K,-6.199762996250732,124,True,impactful,sensitive,124,-6.199762996250732,True
I124L,-0.13142456939015598,124,True,neutral,sensitive,124,-0.13142456939015598,True
I124M,-1.15917388661206,124,True,neutral,sensitive,124,-1.15917388661206,True
I124N,-5.856468628287718,124,True,impactful,sensitive,124,-5.856468628287718,True
I124P,-6.199762996250732,124,True,impactful,sensitive,124,-6.199762996250732,True
I124Q,-5.856468628287718,124,True,impactful,sensitive,124,-5.856468628287718,True
I124R,-6.199762996250732,124,True,impactful,sensitive,124,-6.199762996250732,True
I124S,-4.4416045469601295,124,True,impactful,sensitive,124,-4.4416045469601295,True
I124T,-3.7973272260851,124,True,mild,sensitive,124,-3.7973272260851,True
I124V,-0.564002375211703,124,True,neutral,sensitive,124,-0.564002375211703,True
I124W,-4.0931163631858505,124,True,impactful,sensitive,124,-4.0931163631858505,True
I124Y,-4.0931163631858505,124,True,impactful,sensitive,124,-4.0931163631858505,True
K125A,-3.81531573635362,125,True,mild,sensitive,125,-2.326019545869883,True
K125C,-3.9585886019252894,125,True,impactful,sensitive,125,-2.413366310526113,True
K125D,-3.38306006887873,125,True,mild,sensitive,125,-2.062493483851083,True
K125E,-2.10653175054254,125,True,neutral,sensitive,125,-1.2842538768338807,True
K125F,-4.99627309474731,125,True,impactful,sensitive,125,-3.04599400887144,True
K125G,-4.08642616524943,125,True,impactful,sensitive,125,-2.491302893376925,True
K125H,-3.87041541193551,125,True,mild,sensitive,125,-2.359611240825398,True
K125I,-3.3001980052715703,125,True,mild,sensitive,125,-2.011976359481824,True
K125K,0.0,125,True,neutral,sensitive,125,0.0,True
K125L,-3.7725884830665897,125,True,mild,sensitive,125,-2.2999707380765995,True
K125M,-3.82306962504283,125,True,mild,sensitive,125,-2.3307467291212594,True
K125N,-1.6792659538431698,125,True,neutral,sensitive,125,-1.0237699056293832,True
K125P,-6.37520431425284,125,True,impactful,sensitive,125,-3.886663874911271,True
K125Q,-3.18043511148335,125,True,mild,sensitive,125,-1.9389625249603395,True
K125R,-0.706124258108045,125,True,neutral,sensitive,125,-0.4304909317261162,True
K125S,-3.37231899363999,125,True,mild,sensitive,125,-2.0559451526839108,True
K125T,-3.9930608523117,125,True,impactful,sensitive,125,-2.434382429172573,True
K125V,-3.65498391829956,125,True,mild,sensitive,125,-2.2282727358050836,True
K125W,-5.61324911236843,125,True,impactful,sensitive,125,-3.4221354282160004,True
K125Y,-4.90278539895189,125,True,impactful,sensitive,125,-2.9889989335631224,True
K126A,-2.21354405878495,126,True,neutral,sensitive,126,-0.8126222317974869,True
K126C,-3.34881498528383,126,True,mild,sensitive,126,-1.2293956817430558,True
K126D,-3.1071402659197904,126,True,mild,sensitive,126,-1.140673594175285,True
K126E,-1.53527830193412,126,True,neutral,sensitive,126,-0.5636216162929186,True
K126F,-4.15648029975423,126,True,impactful,sensitive,126,-1.5259006407410816,True
K126G,-3.71131110322443,126,True,mild,sensitive,126,-1.3624729535550797,True
K126H,-3.1147777852005696,126,True,mild,sensitive,126,-1.1434774317310417,True
K126I,-4.16340531504047,126,True,impactful,sensitive,126,-1.5284429083570357,True
K126K,0.0,126,True,neutral,sensitive,126,0.0,True
K126L,-3.6915620016264,126,True,mild,sensitive,126,-1.355222788846185,True
K126M,-3.73286060083826,126,True,mild,sensitive,126,-1.370384068211039,True
K126N,-2.7535440238078905,126,True,mild,sensitive,126,-1.0108635882349006,True
K126P,-4.7014432475901,126,True,impactful,sensitive,126,-1.7259639758980105,True
K126Q,-2.39195889684127,126,True,neutral,sensitive,126,-0.8781207536415464,True
K126R,-0.698349157377554,126,True,neutral,sensitive,126,-0.2563735059123011,True
K126S,-2.28698843083833,126,True,neutral,sensitive,126,-0.8395846630597512,True
K126T,-3.05209207283347,126,True,mild,sensitive,126,-1.1204646512610068,True
K126V,-4.0749042755767,126,True,impactful,sensitive,126,-1.495952969012922,True
K126W,-5.3621252711287815,126,True,impactful,sensitive,126,-1.9685093629418031,True
K126Y,-4.41834660978743,126,True,impactful,sensitive,126,-1.622035336794324,True
K127A,-1.93500658527952,127,True,neutral,tolerant,127,-1.017524997366451,True
K127C,-2.0926554482160302,127,True,neutral,tolerant,127,-1.100424797328178,True
K127D,-2.5104005147356,127,True,neutral,tolerant,127,-1.320096425809365,True
K127E,-1.3506773118876398,127,True,neutral,tolerant,127,-0.7102549100745646,True
K127F,-3.3947641199198904,127,True,mild,tolerant,127,-1.785139843171245,True
K127G,-3.5335012449107794,127,True,mild,tolerant,127,-1.8580948882935286,True
K127H,-2.58287589325179,127,True,mild,tolerant,127,-1.3582076704401764,True
K127I,-2.29865955976943,127,True,neutral,tolerant,127,-1.2087522493691598,True
K127K,0.0,127,True,neutral,tolerant,127,0.0,True
K127L,-2.3820539331385,127,True,neutral,tolerant,127,-1.2526052575130477,True
K127M,-3.15621499348058,127,True,mild,tolerant,127,-1.6596985650389202,True
K127N,-0.615739495069285,127,True,neutral,tolerant,127,-0.3237871813280104,True
K127P,-3.61551464454045,127,True,mild,tolerant,127,-1.9012217101229951,True
K127Q,-1.48840396829466,127,True,neutral,tolerant,127,-0.7826785993601488,True
K127R,-0.761730683671554,127,True,neutral,tolerant,127,-0.40055678249016363,True
K127S,-1.8375968807571497,127,True,neutral,tolerant,127,-0.9663020144104143,True
K127T,-0.972240475384549,127,True,neutral,tolerant,127,-0.5112535505982864,True
K127V,-2.26699760680517,127,True,neutral,tolerant,127,-1.192102782203692,True
K127W,-4.56399005707142,127,True,impactful,tolerant,127,-2.3999783805031667,True
K127Y,-3.76226240411233,127,True,mild,tolerant,127,-1.9783891548272414,True
L128A,-4.11668199485889,128,True,impactful,sensitive,128,-4.001381443193844,True
L128C,-2.09466146178056,128,True,neutral,sensitive,128,-2.035993917773899,True
L128D,-5.8999236668674895,128,True,impactful,sensitive,128,-5.734677856182809,True
L128E,-5.50903352203266,128,True,impactful,sensitive,128,-5.354735812123354,True
L128F,-0.9965662630908968,128,True,neutral,sensitive,128,-0.9686543087430377,True
L128G,-6.54020594231265,128,True,impactful,sensitive,128,-6.357027024413864,True
L128H,-5.8999236668674895,128,True,impactful,sensitive,128,-5.734677856182809,True
L128I,-1.96621747916016,128,True,neutral,sensitive,128,-1.9111474105165909,True
L128K,-6.54020594231265,128,True,impactful,sensitive,128,-6.357027024413864,True
L128L,0.0,128,True,neutral,sensitive,128,0.0,True
L128M,-1.91727440642544,128,True,neutral,sensitive,128,-1.8635751415732598,True
L128N,-5.8999236668674895,128,True,impactful,sensitive,128,-5.734677856182809,True
L128P,-4.53338683925182,128,True,impactful,sensitive,128,-4.406415165430628,True
L128Q,-4.21207776515791,128,True,impactful,sensitive,128,-4.094105356653854,True
L128R,-6.54020594231265,128,True,impactful,sensitive,128,-6.357027024413864,True
L128S,-4.12593978936379,128,True,impactful,sensitive,128,-4.010379944215557,True
L128T,-4.1325703973261705,128,True,impactful,sensitive,128,-4.0168248412687895,True
L128V,-2.20699530710464,128,True,neutral,sensitive,128,-2.1451815025044483,True
L128W,-3.7657543438795,128,True,mild,sensitive,128,-3.660282618391207,True
L128Y,-4.4100369475848895,128,True,impactful,sensitive,128,-4.2865200731809905,True
T129A,-1.77641391715147,129,True,neutral,tolerant,129,-0.834327701607075,True
T129C,-2.4310752204550696,129,True,neutral,tolerant,129,-1.141802246386726,True
T129D,-1.6810168008789,129,True,neutral,tolerant,129,-0.7895225714562908,True
T129E,-0.38287231073752,129,True,neutral,tolerant,129,-0.1798235039381236,True
T129F,-3.3533004160026096,129,True,mild,tolerant,129,-1.5749434306210457,True
T129G,-2.09161116411844,129,True,neutral,tolerant,129,-0.9823662820728948,True
T129H,-2.26663760395479,129,True,neutral,tolerant,129,-1.0645708887015646,True
T129I,-2.227066349459,129,True,neutral,tolerant,129,-1.045985471477339,True
T129K,-2.42232291356843,129,True,neutral,tolerant,129,-1.1376915534800867,True
T129L,-2.29267371010904,129,True,neutral,tolerant,129,-1.0767992575500287,True
T129M,-0.911430310778759,129,True,neutral,tolerant,129,-0.4280711544899613,True
T129N,-1.56041545778802,129,True,neutral,tolerant,129,-0.7328797809330726,True
T129P,-0.834294867496002,129,True,neutral,tolerant,129,-0.3918429778892383,True
T129Q,-0.50178841726567,129,True,neutral,tolerant,129,-0.23567478999581648,True
T129R,-2.93118252680759,129,True,mild,tolerant,129,-1.3766874696094091,True
T129S,-0.53375225750178,129,True,neutral,tolerant,129,-0.25068723563207496,True
T129T,0.0,129,True,neutral,tolerant,129,0.0,True
T129V,-1.61067200518635,129,True,neutral,tolerant,129,-0.7564837559282653,True
T129W,-4.4248788116129205,129,True,impactful,tolerant,129,-2.0782312799613494,True
T129Y,-4.4248788116129205,129,True,impactful,tolerant,129,-2.0782312799613494,True
G130A,-4.52173208568408,130,True,impactful,sensitive,130,-1.8127988755245228,True
G130C,-4.7496635325606205,130,True,impactful,sensitive,130,-1.9041784315806305,True
G130D,-2.26992553646553,130,True,neutral,sensitive,130,-0.9100314618499953,True
G130E,-3.63040421889645,130,True,mild,sensitive,130,-1.4554583422912633,True
G130F,-5.47055847526371,130,True,impactful,sensitive,130,-2.1931910304563926,True
G130G,0.0,130,True,neutral,sensitive,130,0.0,True
G130H,-4.82740252980308,130,True,impactful,sensitive,130,-1.9353446227912303,True
G130I,-5.735134392034639,130,True,impactful,sensitive,130,-2.2992616501491665,True
G130K,-5.39986223882553,130,True,impactful,sensitive,130,-2.164848338874841,True
G130L,-5.83550617973032,130,True,impactful,sensitive,130,-2.3395015096590184,True
G130M,-6.24251421965569,130,True,impactful,sensitive,130,-2.502674316699515,True
G130N,-4.15376826230081,130,True,impactful,sensitive,130,-1.6652792099134672,True
G130P,-5.43838523815724,130,True,impactful,sensitive,130,-2.180292520119337,True
G130Q,-4.68055086286449,130,True,impactful,sensitive,130,-1.8764706046825474,True
G130R,-2.53935114521873,130,True,mild,sensitive,130,-1.0180463621868914,True
G130S,-3.85064561476646,130,True,mild,sensitive,130,-1.543754894853754,True
G130T,-4.6178931399612315,130,True,impactful,sensitive,130,-1.851350618033721,True
G130V,-3.2040590840072203,130,True,mild,sensitive,130,-1.2845331378636287,True
G130W,-6.541639594576759,130,True,impactful,sensitive,130,-2.6225960929176497,True
G130Y,-5.960534548603129,130,True,impactful,sensitive,130,-2.389626391497745,True
I131A,-3.48107356006396,131,True,mild,sensitive,131,-2.7351465726106023,True
I131C,-3.2817924710830404,131,True,mild,sensitive,131,-2.5785675810703443,True
I131D,-4.24100286621327,131,True,impactful,sensitive,131,-3.3322376714561113,True
I131E,-2.5452188873761,131,True,mild,sensitive,131,-1.9998275233869525,True
I131F,-3.2549458883674105,131,True,mild,sensitive,131,-2.5574737037264788,True
I131G,-3.98078235275728,131,True,impactful,sensitive,131,-3.127777399869939,True
I131H,-4.347970335601231,131,True,impactful,sensitive,131,-3.416284073300012,True
I131I,0.0,131,True,neutral,sensitive,131,0.0,True
I131K,-2.3537669917237403,131,True,neutral,sensitive,131,-1.8494000799049097,True
I131L,-1.2195506987056202,131,True,neutral,sensitive,131,-0.9582244833769771,True
I131M,-1.42491144124161,131,True,neutral,sensitive,131,-1.1195803758637077,True
I131N,-4.02699411468706,131,True,impactful,sensitive,131,-3.1640868716681196,True
I131P,-4.40053415571657,131,True,impactful,sensitive,131,-3.457584479611778,True
I131Q,-5.03483081147808,131,True,impactful,sensitive,131,-3.955963584244254,True
I131R,-5.1770146383141205,131,True,impactful,sensitive,131,-4.0676801567156815,True
I131S,-2.91350003989881,131,True,mild,sensitive,131,-2.2891931212978065,True
I131T,-2.3145600178890096,131,True,neutral,sensitive,131,-1.8185944050875908,True
I131V,-0.21811015834262096,131,True,neutral,sensitive,131,-0.17137335415325566,True
I131W,-4.61003000505782,131,True,impactful,sensitive,131,-3.6221894051943733,True
I131Y,-3.71728469139723,131,True,mild,sensitive,131,-2.9207422100285014,True
K132A,-2.49482312576181,132,True,neutral,tolerant,132,-0.831459968474668,True
K132C,-3.42538301888161,132,True,mild,tolerant,132,-1.1415914929934325,True
K132D,-2.6695593696154503,132,True,mild,tolerant,132,-0.8896950354442215,True
K132E,-1.35142413595168,132,True,neutral,tolerant,132,-0.4503946824411347,True
K132F,-3.665384308260221,132,True,mild,tolerant,132,-1.2215777102286463,True
K132G,-1.3083330042214698,132,True,neutral,tolerant,132,-0.4360335236639977,True
K132H,-2.1911165469772,132,True,neutral,tolerant,132,-0.7302424273134314,True
K132I,-3.4399969986137098,132,True,mild,tolerant,132,-1.1464619541503254,True
K132K,0.0,132,True,neutral,tolerant,132,0.0,True
K132L,-1.4702308009151102,132,True,neutral,tolerant,132,-0.489989868522677,True
K132M,-3.2099710364627896,132,True,mild,tolerant,132,-1.0698002552653763,True
K132N,-2.2808178464628,132,True,neutral,tolerant,132,-0.7601375484834579,True
K132P,-4.27162394951204,132,True,impactful,tolerant,132,-1.4236216899393972,True
K132Q,-2.3156547456882204,132,True,neutral,tolerant,132,-0.7717477852303529,True
K132R,-1.64366816005825,132,True,neutral,tolerant,132,-0.5477920508402914,True
K132S,-1.27703808044501,132,True,neutral,tolerant,132,-0.42560373564900694,True
K132T,-2.5229173785406096,132,True,neutral,tolerant,132,-0.8408230556965917,True
K132V,-3.31856823585424,132,True,mild,tolerant,132,-1.1059928907472527,True
K132W,-4.84563790301989,132,True,impactful,tolerant,132,-1.6149256820979272,True
K132Y,-3.3676288190411903,132,True,mild,tolerant,132,-1.1223435131736479,True
H133A,-2.4334702030394904,133,True,neutral,tolerant,133,-2.1772783139179688,True
H133C,-1.27104341121403,133,True,neutral,tolerant,133,-1.1372299738160045,True
H133D,-2.37910101744758,133,True,neutral,tolerant,133,-2.128633030081417,True
H133E,-0.8168363738686751,133,True,neutral,tolerant,133,-0.7308411340407095,True
H133F,-1.9286447145224,133,True,neutral,tolerant,133,-1.725600053346529,True
H133G,-4.175160081888181,133,True,impactful,tolerant,133,-3.7356058406126236,True
H133H,0.0,133,True,neutral,tolerant,133,0.0,True
H133I,-1.8658553843064096,133,True,neutral,tolerant,133,-1.669421084377049,True
H133K,-2.52866790053875,133,True,neutral,tolerant,133,-2.262453748587837,True
H133L,-1.3214023362213,133,True,neutral,tolerant,133,-1.1822871909512707,True
H133M,-1.97305233928576,133,True,neutral,tolerant,133,-1.7653325137025686,True
H133N,-1.42533432858165,133,True,neutral,tolerant,133,-1.2752773877516403,True
H133P,-4.61807803326146,133,True,impactful,tolerant,133,-4.131894091508608,True
H133Q,-0.57081186275398,133,True,neutral,tolerant,133,-0.5107176938304151,True
H133R,-0.8423191250594251,133,True,neutral,tolerant,133,-0.7536411015427923,True
H133S,-2.58122882975621,133,True,mild,tolerant,133,-2.309481146417329,True
H133T,-2.52035448166483,133,True,neutral,tolerant,133,-2.2550155532871123,True
H133V,-2.2040276935893703,133,True,neutral,tolerant,133,-1.9719911484976993,True
H133W,-4.023538120723759,133,True,impactful,tolerant,133,-3.599946399397904,True
H133Y,-1.22255737062905,133,True,neutral,tolerant,133,-1.093848466797112,True
E134A,-1.43573630010411,134,True,neutral,tolerant,134,-1.0285061132584445,True
E134C,-3.496185046822049,134,True,mild,tolerant,134,-2.5045321299450967,True
E134D,-1.9506259837729696,134,True,neutral,tolerant,134,-1.397353224854584,True
E134E,0.0,134,True,neutral,tolerant,134,0.0,True
E134F,-2.14922885333999,134,True,neutral,tolerant,134,-1.539624661082489,True
E134G,-5.08643096256768,134,True,impactful,tolerant,134,-3.643722972866637,True
E134H,-2.33083477950733,134,True,neutral,tolerant,134,-1.6697201425810948,True
E134I,-3.17953399879103,134,True,mild,tolerant,134,-2.2776955314374314,True
E134K,-2.29112576818061,134,True,neutral,tolerant,134,-1.6412741383266791,True
E134L,-2.07611875791217,134,True,neutral,tolerant,134,-1.4872514083598487,True
E134M,-2.9150863294699403,134,True,mild,tolerant,134,-2.0882554201064263,True
E134N,-1.00801778385792,134,True,neutral,tolerant,134,-0.7221050640677693,True
E134P,-2.24359274356378,134,True,neutral,tolerant,134,-1.607223312700463,True
E134Q,-1.99848179372726,134,True,neutral,tolerant,134,-1.4316352814476736,True
E134R,-1.9582264270941,134,True,neutral,tolerant,134,-1.4027978893230455,True
E134S,-2.14651443206101,134,True,neutral,tolerant,134,-1.5376801543654912,True
E134T,-2.90662198810884,134,True,mild,tolerant,134,-2.082191892400143,True
E134V,-2.54353472902198,134,True,mild,tolerant,134,-1.8220901832004734,True
E134W,-4.4743425846182,134,True,impactful,tolerant,134,-3.205246465356285,True
E134Y,-3.23794382829508,134,True,mild,tolerant,134,-2.319538080598404,True
L135A,-4.07895782524316,135,True,impactful,sensitive,135,-3.934680417384303,True
L135C,-2.09710289964751,135,True,neutral,sensitive,135,-2.022925969329188,True
L135D,-5.16488429557547,135,True,impactful,sensitive,135,-4.982196425295241,True
L135E,-4.904285795693191,135,True,impactful,sensitive,135,-4.730815592686263,True
L135F,-2.77874928121347,135,True,mild,sensitive,135,-2.680461738032206,True
L135G,-5.50985098123685,135,True,impactful,sensitive,135,-5.314961244367839,True
L135H,-4.32700050211242,135,True,impactful,sensitive,135,-4.173949540814104,True
L135I,-1.9311183550798,135,True,neutral,sensitive,135,-1.8628124881215005,True
L135K,-3.9176315690869914,135,True,mild,sensitive,135,-3.7790604555942444,True
L135L,0.0,135,True,neutral,sensitive,135,0.0,True
L135M,-2.02283576809224,135,True,neutral,sensitive,135,-1.9512857512378419,True
L135N,-5.16488429557547,135,True,impactful,sensitive,135,-4.982196425295241,True
L135P,-6.04055132334769,135,True,impactful,sensitive,135,-5.826890107833886,True
L135Q,-4.7463281924414105,135,True,impactful,sensitive,135,-4.57844513069094,True
L135R,-5.3140849715007,135,True,impactful,sensitive,135,-5.12611970250846,True
L135S,-4.2218940288070606,135,True,impactful,sensitive,135,-4.072560803795165,True
L135T,-4.088352486423379,135,True,impactful,sensitive,135,-3.943742778643595,True
L135V,-0.127420595053896,135,True,neutral,sensitive,135,-0.12291358273608335,True
L135W,-1.05369372192894,135,True,neutral,sensitive,135,-1.0164233687185593,True
L135Y,-1.4874044919016105,135,True,neutral,sensitive,135,-1.4347932922463673,True
Q136A,-4.46792927992989,136,True,impactful,sensitive,136,-2.6328072805085405,True
Q136C,-5.40933508880975,136,True,impactful,sensitive,136,-3.1875474995772772,True
Q136D,-2.46699822930733,136,True,neutral,sensitive,136,-1.4537228528433506,True
Q136E,-1.06525632526002,136,True,neutral,sensitive,136,-0.6277213521151267,True
Q136F,-4.13189034854182,136,True,impactful,sensitive,136,-2.4347903268680606,True
Q136G,-6.75809037463406,136,True,impactful,sensitive,136,-3.9823256873372994,True
Q136H,-0.610280603899709,136,True,neutral,sensitive,136,-0.35961876664384346,True
Q136I,-5.74517337829999,136,True,impactful,sensitive,136,-3.3854462213890315,True
Q136K,-2.60637626225015,136,True,mild,sensitive,136,-1.5358538528847332,True
Q136L,-4.85447820840761,136,True,impactful,sensitive,136,-2.8605881537959723,True
Q136M,-5.07081952301994,136,True,impactful,sensitive,136,-2.988071144796911,True
Q136N,-2.87928866479524,136,True,mild,sensitive,136,-1.6966723697734036,True
Q136P,-5.81127080245599,136,True,impactful,sensitive,136,-3.4243953113673555,True
Q136Q,0.0,136,True,neutral,sensitive,136,0.0,True
Q136R,-2.9952689014746405,136,True,mild,sensitive,136,-1.7650157996697293,True
Q136S,-4.1937658731332,136,True,impactful,sensitive,136,-2.4712515869782536,True
Q136T,-4.19398549240282,136,True,impactful,sensitive,136,-2.471381001562901,True
Q136V,-5.18211926446528,136,True,impactful,sensitive,136,-3.05365650912045,True
Q136W,-5.11227962624602,136,True,impactful,sensitive,136,-3.0125022525395053,True
Q136Y,-4.05244650406953,136,True,impactful,sensitive,136,-2.3879766198880086,True
A137A,0.0,137,True,neutral,sensitive,137,0.0,True
A137C,-2.39432261015464,137,True,neutral,sensitive,137,-2.3719082571133603,True
A137D,-3.8758684956446703,137,True,mild,sensitive,137,-3.839584711481874,True
A137E,-4.12489188183346,137,True,impactful,sensitive,137,-4.086276875441087,True
A137F,-3.90416695228168,137,True,mild,sensitive,137,-3.867618253276208,True
A137G,-2.64523696035747,137,True,mild,sensitive,137,-2.6204736829044517,True
A137H,-5.00235507815296,137,True,impactful,sensitive,137,-4.955525735989951,True
A137I,-1.91197172636321,137,True,neutral,sensitive,137,-1.8940728813630023,True
A137K,-2.9138363551681,137,True,mild,sensitive,137,-2.8865585954826436,True
A137L,-2.00486281826747,137,True,neutral,sensitive,137,-1.9860943771153063,True
A137M,-2.47324368390803,137,True,neutral,sensitive,137,-2.4500905144674885,True
A137N,-5.00235507815296,137,True,impactful,sensitive,137,-4.955525735989951,True
A137P,-4.93480875340231,137,True,impactful,sensitive,137,-4.888611743391694,True
A137Q,-3.34719743877133,137,True,mild,sensitive,137,-3.3158627870525947,True
A137R,-3.37743561156915,137,True,mild,sensitive,137,-3.345817886434352,True
A137S,-3.05374296890144,137,True,mild,sensitive,137,-3.025155479182224,True
A137T,-0.5476858702452609,137,True,neutral,sensitive,137,-0.542558731404683,True
A137V,-1.09753572221691,137,True,neutral,sensitive,137,-1.0872611865094612,True
A137W,-5.14967756977376,137,True,impactful,sensitive,137,-5.10146907413991,True
A137Y,-5.14967756977376,137,True,impactful,sensitive,137,-5.10146907413991,True
N138A,-2.64547011966549,138,True,mild,sensitive,138,-1.9019872411573444,True
N138C,-2.54994317605306,138,True,mild,sensitive,138,-1.8333071881917216,True
N138D,-2.90156431940233,138,True,mild,sensitive,138,-2.0861087312520654,True
N138E,-3.5086889972287403,138,True,mild,sensitive,138,-2.5226070997022103,True
N138F,-5.9536097336054405,138,True,impactful,sensitive,138,-4.280407352920532,True
N138G,-4.661194565328558,138,True,impactful,sensitive,138,-3.3512125220782636,True
N138H,-2.4322682175614903,138,True,neutral,sensitive,138,-1.7487035980808694,True
N138I,-4.69608295484574,138,True,impactful,sensitive,138,-3.376295879184787,True
N138K,-2.02481708608513,138,True,neutral,sensitive,138,-1.455762525829729,True
N138L,-5.5522533595553485,138,True,impactful,sensitive,138,-3.9918481675697732,True
N138M,-5.5522533595553485,138,True,impactful,sensitive,138,-3.9918481675697732,True
N138N,0.0,138,True,neutral,sensitive,138,0.0,True
N138P,-6.31984312615584,138,True,impactful,sensitive,138,-4.543714518909128,True
N138Q,-2.48942437494166,138,True,neutral,sensitive,138,-1.789796589939878,True
N138R,-4.48462261945407,138,True,impactful,sensitive,138,-3.224264352940724,True
N138S,-0.622209351064447,138,True,neutral,sensitive,138,-0.4473436453718139,True
N138T,-0.0800745812661082,138,True,neutral,sensitive,138,-0.057570422276556496,True
N138V,-4.73525606778346,138,True,impactful,sensitive,138,-3.4044597811128803,True
N138W,-5.9536097336054405,138,True,impactful,sensitive,138,-4.280407352920532,True
N138Y,-5.23147613636879,138,True,impactful,sensitive,138,-3.7612221698617123,True
C139A,-2.13508442482981,139,True,neutral,tolerant,139,-1.705061192862377,True
C139C,0.0,139,True,neutral,tolerant,139,0.0,True
C139D,-1.13864516272186,139,True,neutral,tolerant,139,-0.9093128387896257,True
C139E,-0.8126997175374,139,True,neutral,tolerant,139,-0.6490154364428432,True
C139F,-1.5558892648961002,139,True,neutral,tolerant,139,-1.2425206118849264,True
C139G,-0.7119875167398331,139,True,neutral,tolerant,139,-0.5685874855708852,True
C139H,-2.4415584857495096,139,True,neutral,tolerant,139,-1.9498089048573128,True
C139I,-3.14013548115202,139,True,mild,tolerant,139,-2.5076868563027994,True
C139K,-4.2279794315338,139,True,impactful,tolerant,139,-3.3764302568519042,True
C139L,-1.3209579766147,139,True,neutral,tolerant,139,-1.0549063808131458,True
C139M,-3.45923540520471,139,True,mild,tolerant,139,-2.762517480712859,True
C139N,-0.362881345417049,139,True,neutral,tolerant,139,-0.28979411422272816,True
C139P,-5.71542182319857,139,True,impactful,tolerant,139,-4.564289748098092,True
C139Q,-2.6441079355523702,139,True,mild,tolerant,139,-2.1115632610214785,True
C139R,-2.53660935710531,139,True,neutral,tolerant,139,-2.0257157637204926,True
C139S,-0.140518799153138,139,True,neutral,tolerant,139,-0.11221717910416422,True
C139T,-0.8313556863140029,139,True,neutral,tolerant,139,-0.6639139425657444,True
C139V,-2.4509073176525,139,True,neutral,tolerant,139,-1.9572748065757675,True
C139W,-4.8060736682902805,139,True,impactful,tolerant,139,-3.8380916494637867,True
C139Y,-2.11248563265067,139,True,neutral,tolerant,139,-1.6870139797863484,True
Y140A,-1.75047910930749,140,True,neutral,tolerant,140,-1.212533484450393,True
Y140C,-0.6978124820596721,140,True,neutral,tolerant,140,-0.4833653802926713,True
Y140D,-2.21513819100225,140,True,neutral,tolerant,140,-1.5343966203273818,True
Y140E,-2.1395584590658503,140,True,neutral,tolerant,140,-1.4820435501128366,True
Y140F,-0.4697451790716321,140,True,neutral,tolerant,140,-0.32538620755596054,True
Y140G,-2.7391945262083595,140,True,mild,tolerant,140,-1.8974034398872865,True
Y140H,-1.96785054301803,140,True,neutral,tolerant,140,-1.3631037714852894,True
Y140I,-0.475066070333315,140,True,neutral,tolerant,140,-0.329071917820999,True
Y140K,-2.01595296081452,140,True,neutral,tolerant,140,-1.3964236734202178,True
Y140L,-0.4062240498951571,140,True,neutral,tolerant,140,-0.28138597031402884,True
Y140M,-0.508253399866075,140,True,neutral,tolerant,140,-0.3520603374508,True
Y140N,-1.4812523670837,140,True,neutral,tolerant,140,-1.0260437182371953,True
Y140P,-0.547733516546175,140,True,neutral,tolerant,140,-0.3794076866365712,True
Y140Q,-1.63643627845453,140,True,neutral,tolerant,140,-1.133537539662779,True
Y140R,-1.49155758601694,140,True,neutral,tolerant,140,-1.033182005666452,True
Y140S,-2.11585898876799,140,True,neutral,tolerant,140,-1.4656272437729903,True
Y140T,-1.7443681286304,140,True,neutral,tolerant,140,-1.2083004898065823,True
Y140V,-1.63250605081958,140,True,neutral,tolerant,140,-1.1308151235062245,True
Y140W,-2.09391330570142,140,True,neutral,tolerant,140,-1.4504257624094798,True
Y140Y,0.0,140,True,neutral,tolerant,140,0.0,True
E141A,-0.898355761702622,141,True,neutral,tolerant,141,-0.30389934970210253,True
E141C,-3.02737522132846,141,True,mild,tolerant,141,-1.024112495613432,True
E141D,-0.441516995581785,141,True,neutral,tolerant,141,-0.1493581202010995,True
E141E,0.0,141,True,neutral,tolerant,141,0.0,True
E141F,-3.81873058013786,141,True,mild,tolerant,141,-1.2918153246904713,True
E141G,-1.50753172342415,141,True,neutral,tolerant,141,-0.509973809858576,True
E141H,-2.38453100828984,141,True,neutral,tolerant,141,-0.8066486058823328,True
E141I,-3.985883418975,141,True,impactful,tolerant,141,-1.3483604498947581,True
E141K,-1.24951093877882,141,True,neutral,tolerant,141,-0.42268951558886486,True
E141L,-3.6915602073201503,141,True,mild,tolerant,141,-1.2487956266507665,True
E141M,-3.59892530209146,141,True,mild,tolerant,141,-1.2174587235452976,True
E141N,-2.14757776562148,141,True,neutral,tolerant,141,-0.7264911232607029,True
E141P,-3.30725992461415,141,True,mild,tolerant,141,-1.1187930029871276,True
E141Q,-1.76304780281782,141,True,neutral,tolerant,141,-0.5964108025027791,True
E141R,-2.5297252970678,141,True,neutral,tolerant,141,-0.8557655056909942,True
E141S,-1.39491668065303,141,True,neutral,tolerant,141,-0.4718779465894909,True
E141T,-1.4153568420822,141,True,neutral,tolerant,141,-0.4787925254578424,True
E141V,-3.62863282163979,141,True,mild,tolerant,141,-1.227508301070007,True
E141W,-4.4225648233393615,141,True,impactful,tolerant,141,-1.496082767122195,True
E141Y,-4.4225648233393615,141,True,impactful,tolerant,141,-1.496082767122195,True
E142A,-4.12131073074934,142,True,impactful,sensitive,142,-2.849635763200105,True
E142C,-5.17345918055696,142,True,impactful,sensitive,142,-3.5771324375948064,True
E142D,-0.555886619314365,142,True,neutral,sensitive,142,-0.3843617951113817,True
E142E,0.0,142,True,neutral,sensitive,142,0.0,True
E142F,-5.99101606454875,142,True,impactful,sensitive,142,-4.1424233091835765,True
E142G,-4.99916400793588,142,True,impactful,sensitive,142,-3.4566179242026416,True
E142H,-3.802996751663,142,True,mild,sensitive,142,-2.6295410025786365,True
E142I,-6.20874745690624,142,True,impactful,sensitive,142,-4.292971327270154,True
E142K,-1.75239793454951,142,True,neutral,sensitive,142,-1.2116766125863851,True
E142L,-6.20874745690624,142,True,impactful,sensitive,142,-4.292971327270154,True
E142M,-6.20874745690624,142,True,impactful,sensitive,142,-4.292971327270154,True
E142N,-1.7836126581344198,142,True,neutral,sensitive,142,-1.233259695852177,True
E142P,-5.23209544560564,142,True,impactful,sensitive,142,-3.617675849344014,True
E142Q,-2.97196438578226,142,True,mild,sensitive,142,-2.0549326546756927,True
E142R,-3.77204617386142,142,True,mild,sensitive,142,-2.6081405600599394,True
E142S,-3.97096150293514,142,True,impactful,sensitive,142,-2.7456784145458903,True
E142T,-4.584247111302281,142,True,impactful,sensitive,142,-3.169728120291125,True
E142V,-6.20874745690624,142,True,impactful,sensitive,142,-4.292971327270154,True
E142W,-5.99101606454875,142,True,impactful,sensitive,142,-4.1424233091835765,True
E142Y,-5.99101606454875,142,True,impactful,sensitive,142,-4.1424233091835765,True
V143A,-2.06499163137457,143,True,neutral,sensitive,143,-2.06499163137457,True
V143C,-2.07960598961298,143,True,neutral,sensitive,143,-2.07960598961298,True
V143D,-2.7913716969837497,143,True,mild,sensitive,143,-2.7913716969837497,True
V143E,-3.87948569113722,143,True,mild,sensitive,143,-3.87948569113722,True
V143F,-2.27653304831115,143,True,neutral,sensitive,143,-2.27653304831115,True
V143G,-5.1212251142606116,143,True,impactful,sensitive,143,-5.1212251142606116,True
V143H,-4.51426368374738,143,True,impactful,sensitive,143,-4.51426368374738,True
V143I,-0.4567656202329621,143,True,neutral,sensitive,143,-0.4567656202329621,True
V143K,-4.0243456630022205,143,True,impactful,sensitive,143,-4.0243456630022205,True
V143L,-0.6198603938101539,143,True,neutral,sensitive,143,-0.6198603938101539,True
V143M,-1.08430101247572,143,True,neutral,sensitive,143,-1.08430101247572,True
V143N,-4.51426368374738,143,True,impactful,sensitive,143,-4.51426368374738,True
V143P,-5.1212251142606116,143,True,impactful,sensitive,143,-5.1212251142606116,True
V143Q,-4.51426368374738,143,True,impactful,sensitive,143,-4.51426368374738,True
V143R,-3.04158128437132,143,True,mild,sensitive,143,-3.04158128437132,True
V143S,-2.84961200810392,143,True,mild,sensitive,143,-2.84961200810392,True
V143T,-2.7737368618440894,143,True,mild,sensitive,143,-2.7737368618440894,True
V143V,0.0,143,True,neutral,sensitive,143,0.0,True
V143W,-3.14804136076688,143,True,mild,sensitive,143,-3.14804136076688,True
V143Y,-2.65216737617934,143,True,mild,sensitive,143,-2.65216737617934,True
K144A,-1.70449224633963,144,True,neutral,tolerant,144,-0.6086425172827034,True
K144C,-1.3586497920472198,144,True,neutral,tolerant,144,-0.48514860147534533,True
K144D,-1.70327305804708,144,True,neutral,tolerant,144,-0.6082071677919604,True
K144E,-1.31372272957223,144,True,neutral,tolerant,144,-0.46910598206324944,True
K144F,-3.98170559478047,144,True,impactful,tolerant,144,-1.4217931008428448,True
K144G,-1.5844558399385198,144,True,neutral,tolerant,144,-0.565779746440281,True
K144H,-1.4106568830296902,144,True,neutral,tolerant,144,-0.5037193675437139,True
K144I,-3.74706818846192,144,True,mild,tolerant,144,-1.3380084418412626,True
K144K,0.0,144,True,neutral,tolerant,144,0.0,True
K144L,-1.7615051478763704,144,True,neutral,tolerant,144,-0.6290007653084314,True
K144M,-1.78912367733753,144,True,neutral,tolerant,144,-0.6388628291171613,True
K144N,-0.479360562989357,144,True,neutral,tolerant,144,-0.17117075209373606,True
K144P,-4.56764168745776,144,True,impactful,tolerant,144,-1.6310199947637443,True
K144Q,-0.231309581301794,144,True,neutral,tolerant,144,-0.08259635450819165,True
K144R,-1.43505817109296,144,True,neutral,tolerant,144,-0.5124326142150687,True
K144S,-1.06581746145,144,True,neutral,tolerant,144,-0.38058361608500446,True
K144T,-1.55099294785781,144,True,neutral,tolerant,144,-0.5538307693092319,True
K144V,-2.5626181922756497,144,True,mild,tolerant,144,-0.9150633514060111,True
K144W,-4.15208481846728,144,True,impactful,tolerant,144,-1.4826323565332753,True
K144Y,-2.81267543636537,144,True,mild,tolerant,144,-1.0043541480255793,True
D145A,-1.90860713547462,145,True,neutral,tolerant,145,-1.327957160754543,True
D145C,-2.9983664159628303,145,True,mild,tolerant,145,-2.0861821579922113,True
D145D,0.0,145,True,neutral,tolerant,145,0.0,True
D145E,-0.6787474151413959,145,True,neutral,tolerant,145,-0.47225407132123715,True
D145F,-2.22510205377993,145,True,neutral,tolerant,145,-1.54816575439026,True
D145G,-4.13122623536041,145,True,impactful,tolerant,145,-2.8743953430623868,True
D145H,-1.7361319369931698,145,True,neutral,tolerant,145,-1.2079535881916401,True
D145I,-3.28667598926507,145,True,mild,tolerant,145,-2.2867801518195727,True
D145K,-2.28274563182619,145,True,neutral,tolerant,145,-1.5882725950361265,True
D145L,-2.87694881602363,145,True,mild,tolerant,145,-2.0017030798812536,True
D145M,-4.13323120448339,145,True,impactful,tolerant,145,-2.8757903462846137,True
D145N,-0.6547558835752529,145,True,neutral,tolerant,145,-0.4555614133359648,True
D145P,-2.73286210425001,145,True,mild,tolerant,145,-1.9014514476239042,True
D145Q,-1.43432990641851,145,True,neutral,tolerant,145,-0.9979679079629965,True
D145R,-1.95365122311924,145,True,neutral,tolerant,145,-1.3592976171667286,True
D145S,-2.37366151647049,145,True,neutral,tolerant,145,-1.6515294056158007,True
D145T,-2.3446164322144,145,True,neutral,tolerant,145,-1.631320622516495,True
D145V,-3.4582921336738903,145,True,mild,tolerant,145,-2.4061860178214864,True
D145W,-1.60691194452602,145,True,neutral,tolerant,145,-1.1180458166445493,True
D145Y,-2.0733887941395803,145,True,neutral,tolerant,145,-1.4426077766502703,True
R146A,-1.3731068822098005,146,True,neutral,tolerant,146,-1.1409834540062969,True
R146C,-0.702907089585937,146,True,neutral,tolerant,146,-0.5840807946651421,True
R146D,-1.6939203274775498,146,True,neutral,tolerant,146,-1.407563454161979,True
R146E,-1.7089671752029898,146,True,neutral,tolerant,146,-1.4200666354598905,True
R146F,-2.5553546384265,146,True,mild,tolerant,146,-2.123372476926669,True
R146G,-3.47277286917718,146,True,mild,tolerant,146,-2.8857013496839463,True
R146H,-0.18700781887110304,146,True,neutral,tolerant,146,-0.1553941866188486,True
R146I,-2.32921965523975,146,True,neutral,tolerant,146,-1.9354655648494117,True
R146K,-1.6295658091293002,146,True,neutral,tolerant,146,-1.3540880535378648,True
R146L,-2.02228087837169,146,True,neutral,tolerant,146,-1.6804147233331446,True
R146M,-2.54116723603066,146,True,mild,tolerant,146,-2.1115834519070495,True
R146N,-2.04158362530936,146,True,neutral,tolerant,146,-1.6964543449810296,True
R146P,-1.5207102660797098,146,True,neutral,tolerant,146,-1.263634517031975,True
R146Q,-0.44174361827237896,146,True,neutral,tolerant,146,-0.36706695297493036,True
R146R,0.0,146,True,neutral,tolerant,146,0.0,True
R146S,-1.14034563293859,146,True,neutral,tolerant,146,-0.947570444725561,True
R146T,-1.78182943788667,146,True,neutral,tolerant,146,-1.4806115480378155,True
R146V,-2.04177236395449,146,True,neutral,tolerant,146,-1.6966111773980943,True
R146W,-3.64259878574219,146,True,mild,tolerant,146,-3.0268182309498024,True
R146Y,-2.05316632908866,146,True,neutral,tolerant,146,-1.706078995134679,True
C147A,-0.3829484145352221,147,True,neutral,tolerant,147,-0.273673423450128,True
C147C,0.0,147,True,neutral,tolerant,147,0.0,True
C147D,-1.71486437208019,147,True,neutral,tolerant,147,-1.2255248635235545,True
C147E,-1.60192035820212,147,True,neutral,tolerant,147,-1.144809618955367,True
C147F,-3.49171077515612,147,True,mild,tolerant,147,-2.495345078512616,True
C147G,-1.4631532504599198,147,True,neutral,tolerant,147,-1.0456399449297606,True
C147H,-0.8496524631445742,147,True,neutral,tolerant,147,-0.6072026662228742,True
C147I,-2.30196700295327,147,True,neutral,tolerant,147,-1.645096745294159,True
C147K,-1.08747799529415,147,True,neutral,tolerant,147,-0.7771642722689973,True
C147L,-0.9668720896280408,147,True,neutral,tolerant,147,-0.6909734699594829,True
C147M,-2.68956602319673,147,True,mild,tolerant,147,-1.9220937160863876,True
C147N,-1.9016799641146496,147,True,neutral,tolerant,147,-1.3590323039133636,True
C147P,-3.02759555058561,147,True,mild,tolerant,147,-2.1636659343707247,True
C147Q,-0.764692025703028,147,True,neutral,tolerant,147,-0.5464858362533123,True
C147R,-1.0119861128423,147,True,neutral,tolerant,147,-0.7232141287793912,True
C147S,-0.41646325097452497,147,True,neutral,tolerant,147,-0.2976247434623734,True
C147T,-0.705708567753395,147,True,neutral,tolerant,147,-0.504333409839446,True
C147V,-2.23735554587471,147,True,neutral,tolerant,147,-1.5989222790171502,True
C147W,-3.64125692139522,147,True,mild,tolerant,147,-2.6022179737946085,True
C147Y,-1.49048360954755,147,True,neutral,tolerant,147,-1.0651715388775014,True
T148A,-0.5431930187938401,148,True,neutral,tolerant,148,-0.40733654620820275,True
T148C,-0.696506771633167,148,True,neutral,tolerant,148,-0.5223054291044894,True
T148D,-2.0780959948866,148,True,neutral,tolerant,148,-1.5583492717300105,True
T148E,-1.55178412904186,148,True,neutral,tolerant,148,-1.1636717809595372,True
T148F,-2.43302014181834,148,True,neutral,tolerant,148,-1.8245043421653657,True
T148G,-2.56693869209767,148,True,mild,tolerant,148,-1.924928901864457,True
T148H,-2.9476928245485894,148,True,mild,tolerant,148,-2.2104536930546064,True
T148I,-1.4829879994735402,148,True,neutral,tolerant,148,-1.1120820571573484,True
T148K,-2.62468155264903,148,True,mild,tolerant,148,-1.9682298585619507,True
T148L,-2.08015687275292,148,True,neutral,tolerant,148,-1.5598947092507056,True
T148M,-2.2211577284109705,148,True,neutral,tolerant,148,-1.6656302389224338,True
T148N,-1.01535443929275,148,True,neutral,tolerant,148,-0.7614070066604568,True
T148P,-4.17206024045528,148,True,impactful,tolerant,148,-3.128598030757477,True
T148Q,-1.97777730086656,148,True,neutral,tolerant,148,-1.4831210030880866,True
T148R,-3.2486458950892096,148,True,mild,tolerant,148,-2.436136240663519,True
T148S,-0.48083366491112,148,True,neutral,tolerant,148,-0.36057371429485136,True
T148T,0.0,148,True,neutral,tolerant,148,0.0,True
T148V,-1.07840753653544,148,True,neutral,tolerant,148,-0.8086900717403399,True
T148W,-3.60057304007778,148,True,mild,tolerant,148,-2.7000438808516654,True
T148Y,-3.17417472651097,148,True,mild,tolerant,148,-2.380290845838476,True
L149A,-3.74004253840974,149,True,mild,sensitive,149,-3.74004253840974,True
L149C,-4.8970618243018205,149,True,impactful,sensitive,149,-4.8970618243018205,True
L149D,-5.22910640242886,149,True,impactful,sensitive,149,-5.22910640242886,True
L149E,-4.18971291372093,149,True,impactful,sensitive,149,-4.18971291372093,True
L149F,-2.61932381104682,149,True,mild,sensitive,149,-2.61932381104682,True
L149G,-5.64810001013374,149,True,impactful,sensitive,149,-5.64810001013374,True
L149H,-5.22910640242886,149,True,impactful,sensitive,149,-5.22910640242886,True
L149I,-0.882259596969524,149,True,neutral,sensitive,149,-0.882259596969524,True
L149K,-3.92422264065628,149,True,impactful,sensitive,149,-3.92422264065628,True
L149L,0.0,149,True,neutral,sensitive,149,0.0,True
L149M,-2.2052098214416405,149,True,neutral,sensitive,149,-2.2052098214416405,True
L149N,-5.22910640242886,149,True,impactful,sensitive,149,-5.22910640242886,True
L149P,-2.3007120969494,149,True,neutral,sensitive,149,-2.3007120969494,True
L149Q,-5.22910640242886,149,True,impactful,sensitive,149,-5.22910640242886,True
L149R,-3.77417668555977,149,True,mild,sensitive,149,-3.77417668555977,True
L149S,-4.8970618243018205,149,True,impactful,sensitive,149,-4.8970618243018205,True
L149T,-4.18732263616413,149,True,impactful,sensitive,149,-4.18732263616413,True
L149V,-1.75954237279455,149,True,neutral,sensitive,149,-1.75954237279455,True
L149W,-3.3368598697992904,149,True,mild,sensitive,149,-3.3368598697992904,True
L149Y,-4.39587897042916,149,True,impactful,sensitive,149,-4.39587897042916,True
A150A,0.0,150,True,neutral,sensitive,150,0.0,True
A150C,-2.40141451171143,150,True,neutral,sensitive,150,-2.3564530245370046,True
A150D,-2.83600196433567,150,True,mild,sensitive,150,-2.7829037318879744,True
A150E,-0.7104729624543671,150,True,neutral,sensitive,150,-0.6971708353816018,True
A150F,-3.52646735166048,150,True,mild,sensitive,150,-3.460441592330112,True
A150G,-1.20326037564907,150,True,neutral,sensitive,150,-1.1807318302091228,True
A150H,-3.86055480694889,150,True,mild,sensitive,150,-3.7882739555622233,True
A150I,-1.8350200874012,150,True,neutral,sensitive,150,-1.8006631566330493,True
A150K,-2.8536891266905298,150,True,mild,sensitive,150,-2.8002597389510293,True
A150L,-2.13272342735997,150,True,neutral,sensitive,150,-2.092792621346183,True
A150M,-3.7355176423166094,150,True,mild,sensitive,150,-3.6655778515200756,True
A150N,-3.01787309097573,150,True,mild,sensitive,150,-2.9613697003231736,True
A150P,-5.00671159765785,150,True,impactful,sensitive,150,-4.912971346574038,True
A150Q,-3.03647815019828,150,True,mild,sensitive,150,-2.979626418546061,True
A150R,-2.5672335662580097,150,True,mild,sensitive,150,-2.5191674625095146,True
A150S,-0.940246738930271,150,True,neutral,sensitive,150,-0.9226425762640429,True
A150T,-1.98038277338664,150,True,neutral,sensitive,150,-1.9433042289571658,True
A150V,-1.90202197067797,150,True,neutral,sensitive,150,-1.8664105691381474,True
A150W,-4.43145488956754,150,True,impactful,sensitive,150,-4.348485122703202,True
A150Y,-3.5796535085150403,150,True,mild,sensitive,150,-3.5126319491269933,True
E151A,-1.73309400811044,151,True,neutral,sensitive,151,-0.7970756124783598,True
E151C,-3.69787038369667,151,True,mild,sensitive,151,-1.7007053784486827,True
E151D,-0.463197588640445,151,True,neutral,sensitive,151,-0.21303143391893536,True
E151E,0.0,151,True,neutral,sensitive,151,0.0,True
E151F,-4.3635091231276,151,True,impactful,sensitive,151,-2.0068424970575554,True
E151G,-2.72681826749698,151,True,mild,sensitive,151,-1.2541041227486789,True
E151H,-2.27267814259724,151,True,neutral,sensitive,151,-1.0452383506027563,True
E151I,-3.03810063353921,151,True,mild,sensitive,151,-1.3972674949637496,True
E151K,-2.35741119305759,151,True,neutral,sensitive,151,-1.084208335945028,True
E151L,-3.24346784191845,151,True,mild,sensitive,151,-1.4917189168922838,True
E151M,-3.85238239218269,151,True,mild,sensitive,151,-1.7717677404572691,True
E151N,-2.2709390380926697,151,True,neutral,sensitive,151,-1.0444385106739023,True
E151P,-4.5338847001092315,151,True,impactful,sensitive,151,-2.0852007492576483,True
E151Q,-0.220950274097717,151,True,neutral,sensitive,151,-0.10161830473680601,True
E151R,-0.7834347388202549,151,True,neutral,sensitive,151,-0.3603132440362032,True
E151S,-2.58463816250768,151,True,mild,sensitive,151,-1.1887133858721817,True
E151T,-2.89204396772258,151,True,mild,sensitive,151,-1.3300938703262342,True
E151V,-3.15472226901606,151,True,mild,sensitive,151,-1.4509035130279322,True
E151W,-4.3635091231276,151,True,impactful,sensitive,151,-2.0068424970575554,True
E151Y,-3.87072662253634,151,True,mild,sensitive,151,-1.7802045237916722,True
K152A,-3.0254538106030697,152,True,mild,sensitive,152,-1.7223393049623072,True
K152C,-3.12836347427878,152,True,mild,sensitive,152,-1.7809240230591261,True
K152D,-4.39565222068513,152,True,impactful,sensitive,152,-2.5023699135971094,True
K152E,-2.82859995540264,152,True,mild,sensitive,152,-1.6102737593053813,True
K152F,-3.7978969276748,152,True,mild,sensitive,152,-2.1620780101832104,True
K152G,-5.30456928399867,152,True,impactful,sensitive,152,-3.019800911092251,True
K152H,-4.39565222068513,152,True,impactful,sensitive,152,-2.5023699135971094,True
K152I,-4.2739449879341205,152,True,impactful,sensitive,152,-2.4330840597094654,True
K152K,0.0,152,True,neutral,sensitive,152,0.0,True
K152L,-3.32360747181301,152,True,mild,sensitive,152,-1.892073104176361,True
K152M,-1.3769782938387,152,True,neutral,sensitive,152,-0.7838902809379165,True
K152N,-2.31604099134845,152,True,neutral,sensitive,152,-1.3184826743423874,True
K152P,-5.30456928399867,152,True,impactful,sensitive,152,-3.019800911092251,True
K152Q,-3.40295810194982,152,True,mild,sensitive,152,-1.9372460658917845,True
K152R,-1.08739160600362,152,True,neutral,sensitive,152,-0.6190335136971737,True
K152S,-0.7158886668806441,152,True,neutral,sensitive,152,-0.4075432203342163,True
K152T,-3.55417551744433,152,True,mild,sensitive,152,-2.023331564003916,True
K152V,-3.1560960415679102,152,True,mild,sensitive,152,-1.7967117010934703,True
K152W,-4.83802542194227,152,True,impactful,sensitive,152,-2.7542054396649487,True
K152Y,-4.83802542194227,152,True,impactful,sensitive,152,-2.7542054396649487,True
L153A,-2.65434809435517,153,True,mild,sensitive,153,-2.440309195271874,True
L153C,-2.89502726830147,153,True,mild,sensitive,153,-2.661580701650647,True
L153D,-4.81660806074908,153,True,impactful,sensitive,153,-4.428210815929948,True
L153E,-4.06490271972507,153,True,impactful,sensitive,153,-3.737120804134977,True
L153F,-3.6837736381861097,153,True,mild,sensitive,153,-3.3867248616272954,True
L153G,-4.30141265980201,153,True,impactful,sensitive,153,-3.954559271520005,True
L153H,-4.81660806074908,153,True,impactful,sensitive,153,-4.428210815929948,True
L153I,-1.81778775819775,153,True,neutral,sensitive,153,-1.671206647996279,True
L153K,-4.81660806074908,153,True,impactful,sensitive,153,-4.428210815929948,True
L153L,0.0,153,True,neutral,sensitive,153,0.0,True
L153M,-1.84901905347751,153,True,neutral,sensitive,153,-1.6999195425912,True
L153N,-4.81660806074908,153,True,impactful,sensitive,153,-4.428210815929948,True
L153P,-5.28347381038796,153,True,impactful,sensitive,153,-4.857429871344768,True
L153Q,-4.49943648736463,153,True,impactful,sensitive,153,-4.136615034406442,True
L153R,-3.84775576849857,153,True,mild,sensitive,153,-3.5374839505775264,True
L153S,-2.86576882970906,153,True,mild,sensitive,153,-2.634681578326093,True
L153T,-2.89676950496404,153,True,mild,sensitive,153,-2.6631824494233114,True
L153V,-0.478163574897821,153,True,neutral,sensitive,153,-0.43960585695174054,True
L153W,-1.4158819363577602,153,True,neutral,sensitive,153,-1.301709341009612,True
L153Y,-4.71900419434999,153,True,impactful,sensitive,153,-4.338477441029227,True
G154A,-3.2518429743557102,154,True,mild,sensitive,154,-2.0318758900775844,True
G154C,-2.49399734146336,154,True,neutral,sensitive,154,-1.5583449471575483,True
G154D,-2.49066352735316,154,True,neutral,sensitive,154,-1.556261852565978,True
G154E,-2.16751927131605,154,True,neutral,sensitive,154,-1.3543489594660423,True
G154F,-5.35268612531369,154,True,impactful,sensitive,154,-3.3445630588397517,True
G154G,0.0,154,True,neutral,sensitive,154,0.0,True
G154H,-4.468945104615269,154,True,impactful,sensitive,154,-2.7923678614731107,True
G154I,-5.35268612531369,154,True,impactful,sensitive,154,-3.3445630588397517,True
G154K,-2.97241862438807,154,True,mild,sensitive,154,-1.8572808668008718,True
G154L,-5.35268612531369,154,True,impactful,sensitive,154,-3.3445630588397517,True
G154M,-5.35268612531369,154,True,impactful,sensitive,154,-3.3445630588397517,True
G154N,-2.93863616689233,154,True,mild,sensitive,154,-1.8361722950049766,True
G154P,-5.35268612531369,154,True,impactful,sensitive,154,-3.3445630588397517,True
G154Q,-3.32436161771514,154,True,mild,sensitive,154,-2.0771883126592297,True
G154R,-2.49508034877827,154,True,neutral,sensitive,154,-1.5590216515584978,True
G154S,-2.49623425230188,154,True,neutral,sensitive,154,-1.5597426546227873,True
G154T,-3.27235961416021,154,True,mild,sensitive,154,-2.044695471494313,True
G154V,-5.35268612531369,154,True,impactful,sensitive,154,-3.3445630588397517,True
G154W,-5.35268612531369,154,True,impactful,sensitive,154,-3.3445630588397517,True
G154Y,-5.35268612531369,154,True,impactful,sensitive,154,-3.3445630588397517,True
G155A,-1.54804115027579,155,True,neutral,sensitive,155,-1.1983349668223355,True
G155C,-4.08267416564683,155,True,impactful,sensitive,155,-3.1603883462433777,True
G155D,-1.28888088669767,155,True,neutral,sensitive,155,-0.9977196241350778,True
G155E,-4.2708624595637215,155,True,impactful,sensitive,155,-3.306064456279002,True
G155F,-5.08883766704833,155,True,impactful,sensitive,155,-3.9392571158849385,True
G155G,0.0,155,True,neutral,sensitive,155,0.0,True
G155H,-2.9217818726861604,155,True,mild,sensitive,155,-2.2617443876370498,True
G155I,-4.581769737256789,155,True,impactful,sensitive,155,-3.5467370393254987,True
G155K,-2.45522303943438,155,True,neutral,sensitive,155,-1.9005823062118663,True
G155L,-4.581769737256789,155,True,impactful,sensitive,155,-3.5467370393254987,True
G155M,-4.581769737256789,155,True,impactful,sensitive,155,-3.5467370393254987,True
G155N,-2.87318103135228,155,True,mild,sensitive,155,-2.2241225921331016,True
G155P,-3.6044287444824303,155,True,mild,sensitive,155,-2.790179704953787,True
G155Q,-2.8028033769346,155,True,mild,sensitive,155,-2.1696434174957737,True
G155R,-2.45736895728964,155,True,neutral,sensitive,155,-1.9022434561118082,True
G155S,-1.5885717896649798,155,True,neutral,sensitive,155,-1.2297096382250174,True
G155T,-2.769794121577,155,True,mild,sensitive,155,-2.1440910315551722,True
G155V,-2.6375794247891,155,True,mild,sensitive,155,-2.041743949721768,True
G155W,-5.08883766704833,155,True,impactful,sensitive,155,-3.9392571158849385,True
G155Y,-5.08883766704833,155,True,impactful,sensitive,155,-3.9392571158849385,True
S156A,-0.43257387553848,156,True,neutral,tolerant,156,-0.10543229797474611,True
S156C,-1.74000670246023,156,True,neutral,tolerant,156,-0.424096126710091,True
S156D,-1.5952614035390902,156,True,neutral,tolerant,156,-0.3888169978738889,True
S156E,-2.85103223782746,156,True,mild,tolerant,156,-0.6948891216790383,True
S156F,-3.8241505690491,156,True,mild,tolerant,156,-0.9320696535230629,True
S156G,-1.36971899263801,156,True,neutral,tolerant,156,-0.33384498958405867,True
S156H,-2.85103223782746,156,True,mild,tolerant,156,-0.6948891216790383,True
S156I,-3.34287049762937,156,True,mild,tolerant,156,-0.8147660742533569,True
S156K,-1.16925405186693,156,True,neutral,tolerant,156,-0.28498517496266873,True
S156L,-2.51159516196391,156,True,neutral,tolerant,156,-0.6121572856855381,True
S156M,-2.78030880622191,156,True,mild,tolerant,156,-0.6776515251978572,True
S156N,-0.39604831322171097,156,True,neutral,tolerant,156,-0.09652983255174073,True
S156P,-1.25623753383244,156,True,neutral,tolerant,156,-0.3061858736365137,True
S156Q,-0.706526975610788,156,True,neutral,tolerant,156,-0.17220356297999875,True
S156R,-1.39169638210498,156,True,neutral,tolerant,156,-0.3392015929436679,True
S156S,0.0,156,True,neutral,tolerant,156,0.0,True
S156T,-0.6776296050035571,156,True,neutral,tolerant,156,-0.16516033554340054,True
S156V,-2.3663287814291603,156,True,neutral,tolerant,156,-0.5767511523419858,True
S156W,-3.8241505690491,156,True,mild,tolerant,156,-0.9320696535230629,True
S156Y,-3.8241505690491,156,True,mild,tolerant,156,-0.9320696535230629,True
A157A,0.0,157,True,neutral,tolerant,157,0.0,True
A157C,-0.417808339171666,157,True,neutral,tolerant,157,-0.24645004026987297,True
A157D,-1.7069080263773102,157,True,neutral,tolerant,157,-1.0068433594974675,True
A157E,-3.05067844926548,157,True,mild,tolerant,157,-1.7994849699804598,True
A157F,-1.96052068047046,157,True,neutral,tolerant,157,-1.1564402989413338,True
A157G,-1.38375073112003,157,True,neutral,tolerant,157,-0.816224549476691,True
A157H,-3.05067844926548,157,True,mild,tolerant,157,-1.7994849699804598,True
A157I,-0.6287280393235861,157,True,neutral,tolerant,157,-0.37086394904729597,True
A157K,-1.5636871724868602,157,True,neutral,tolerant,157,-0.9223625535883146,True
A157L,-0.7930118909674391,157,True,neutral,tolerant,157,-0.46776905614397857,True
A157M,-2.74449173401304,157,True,mild,tolerant,157,-1.618876491811575,True
A157N,-1.8101938754964504,157,True,neutral,tolerant,157,-1.0677679492870968,True
A157P,-2.65063249083255,157,True,mild,tolerant,157,-1.5635123162008353,True
A157Q,-1.5915052253498,157,True,neutral,tolerant,157,-0.9387714176667411,True
A157R,-2.18508726861489,157,True,neutral,tolerant,157,-1.2889040137661432,True
A157S,-0.301144973151989,157,True,neutral,tolerant,157,-0.17763453670531862,True
A157T,-0.0929903817925176,157,True,neutral,tolerant,157,-0.05485166567740684,True
A157V,-0.571731293625396,157,True,neutral,tolerant,157,-0.33724362854239764,True
A157W,-3.4738706162456805,157,True,mild,tolerant,157,-2.0491107357106,True
A157Y,-3.4738706162456805,157,True,mild,tolerant,157,-2.0491107357106,True
V158A,-4.1466082305012,158,True,impactful,sensitive,158,-3.9168019818206865,True
V158C,-4.1466082305012,158,True,impactful,sensitive,158,-3.9168019818206865,True
V158D,-3.35760052317293,158,True,mild,sensitive,158,-3.171521313875447,True
V158E,-4.29239933557413,158,True,impactful,sensitive,158,-4.054513300937145,True
V158F,-1.20660845635085,158,True,neutral,sensitive,158,-1.1397378605370134,True
V158G,-4.65355674253308,158,True,impactful,sensitive,158,-4.395655258096443,True
V158H,-4.29239933557413,158,True,impactful,sensitive,158,-4.054513300937145,True
V158I,-0.470218570116977,158,True,neutral,sensitive,158,-0.4441589185531647,True
V158K,-4.4729780390536105,158,True,impactful,sensitive,158,-4.225084279516799,True
V158L,-1.09695070033425,158,True,neutral,sensitive,158,-1.0361573696364024,True
V158M,-1.50586423410579,158,True,neutral,sensitive,158,-1.4224087950034134,True
V158N,-3.37956299327631,158,True,mild,sensitive,158,-3.1922666174210867,True
V158P,-3.91289818919062,158,True,mild,sensitive,158,-3.6960442197916388,True
V158Q,-4.29239933557413,158,True,impactful,sensitive,158,-4.054513300937145,True
V158R,-3.54997342153103,158,True,mild,sensitive,158,-3.353232849581949,True
V158S,-4.1466082305012,158,True,impactful,sensitive,158,-3.9168019818206865,True
V158T,-1.6224377551719498,158,True,neutral,sensitive,158,-1.5325217772188955,True
V158V,0.0,158,True,neutral,sensitive,158,0.0,True
V158W,-3.93124192861518,158,True,impactful,sensitive,158,-3.7133713437778453,True
V158Y,-3.93124192861518,158,True,impactful,sensitive,158,-3.7133713437778453,True
I159A,-1.94445828558706,159,True,neutral,sensitive,159,-1.136782766799544,True
I159C,-3.53918027354659,159,True,mild,sensitive,159,-2.069100259638624,True
I159D,-3.87028281875646,159,True,mild,sensitive,159,-2.2626717392779567,True
I159E,-3.87028281875646,159,True,mild,sensitive,159,-2.2626717392779567,True
I159F,-4.25468096976222,159,True,impactful,sensitive,159,-2.4874012677497013,True
I159G,-4.25468096976222,159,True,impactful,sensitive,159,-2.4874012677497013,True
I159H,-3.87028281875646,159,True,mild,sensitive,159,-2.2626717392779567,True
I159I,0.0,159,True,neutral,sensitive,159,0.0,True
I159K,-1.80542166262482,159,True,neutral,sensitive,159,-1.0554982064111678,True
I159L,-0.7750855085189399,159,True,neutral,sensitive,159,-0.45313589672322235,True
I159M,-0.5233063521526929,159,True,neutral,sensitive,159,-0.30593901000262924,True
I159N,-2.76226773138672,159,True,mild,sensitive,159,-1.614896229763476,True
I159P,-4.25468096976222,159,True,impactful,sensitive,159,-2.4874012677497013,True
I159Q,-2.50109467912138,159,True,neutral,sensitive,159,-1.4622074180937323,True
I159R,-3.5643445791063,159,True,mild,sensitive,159,-2.083811991492578,True
I159S,-2.69298641952735,159,True,mild,sensitive,159,-1.574392505941384,True
I159T,-1.12722823061156,159,True,neutral,sensitive,159,-0.6590080313408659,True
I159V,-0.21469391157647896,159,True,neutral,sensitive,159,-0.12551585221754505,True
I159W,-4.25468096976222,159,True,impactful,sensitive,159,-2.4874012677497013,True
I159Y,-4.25468096976222,159,True,impactful,sensitive,159,-2.4874012677497013,True
S160A,-0.661110883806438,160,True,neutral,sensitive,160,-0.6147535585487498,True
S160C,-1.69127919497476,160,True,neutral,sensitive,160,-1.5726861092104043,True
S160D,-3.64953518219001,160,True,mild,sensitive,160,-3.3936285050739627,True
S160E,-2.71688022968881,160,True,mild,sensitive,160,-2.526371642432301,True
S160F,-1.2766351168109,160,True,neutral,sensitive,160,-1.1871170181151949,True
S160G,-3.27914468612578,160,True,mild,sensitive,160,-3.049209919500066,True
S160H,-2.3595718134776096,160,True,neutral,sensitive,160,-2.1941178167192077,True
S160I,-3.70007273369165,160,True,mild,sensitive,160,-3.440622345875819,True
S160K,-1.28738290631967,160,True,neutral,sensitive,160,-1.1971111688830767,True
S160L,-2.40164788640518,160,True,neutral,sensitive,160,-2.23324350076944,True
S160M,-3.70007273369165,160,True,mild,sensitive,160,-3.440622345875819,True
S160N,-3.64953518219001,160,True,mild,sensitive,160,-3.3936285050739627,True
S160P,-1.17446067487676,160,True,neutral,sensitive,160,-1.092107083609056,True
S160Q,-3.64953518219001,160,True,mild,sensitive,160,-3.3936285050739627,True
S160R,-2.40835607573245,160,True,neutral,sensitive,160,-2.239481309526443,True
S160S,0.0,160,True,neutral,sensitive,160,0.0,True
S160T,-0.321107879093514,160,True,neutral,sensitive,160,-0.298591682856904,True
S160V,-3.70007273369165,160,True,mild,sensitive,160,-3.440622345875819,True
S160W,-3.64953518219001,160,True,mild,sensitive,160,-3.3936285050739627,True
S160Y,-3.64953518219001,160,True,mild,sensitive,160,-3.3936285050739627,True
L161A,-4.66115190105016,161,True,impactful,sensitive,161,-4.66115190105016,True
L161C,-4.66115190105016,161,True,impactful,sensitive,161,-4.66115190105016,True
L161D,-4.85015927424525,161,True,impactful,sensitive,161,-4.85015927424525,True
L161E,-4.85015927424525,161,True,impactful,sensitive,161,-4.85015927424525,True
L161F,-1.36021627009626,161,True,neutral,sensitive,161,-1.36021627009626,True
L161G,-4.85015927424525,161,True,impactful,sensitive,161,-4.85015927424525,True
L161H,-4.85015927424525,161,True,impactful,sensitive,161,-4.85015927424525,True
L161I,-2.0663176262835,161,True,neutral,sensitive,161,-2.0663176262835,True
L161K,-4.85015927424525,161,True,impactful,sensitive,161,-4.85015927424525,True
L161L,0.0,161,True,neutral,sensitive,161,0.0,True
L161M,-2.00140537460444,161,True,neutral,sensitive,161,-2.00140537460444,True
L161N,-4.85015927424525,161,True,impactful,sensitive,161,-4.85015927424525,True
L161P,-4.85015927424525,161,True,impactful,sensitive,161,-4.85015927424525,True
L161Q,-4.85015927424525,161,True,impactful,sensitive,161,-4.85015927424525,True
L161R,-4.85015927424525,161,True,impactful,sensitive,161,-4.85015927424525,True
L161S,-4.66115190105016,161,True,impactful,sensitive,161,-4.66115190105016,True
L161T,-3.6827205323815,161,True,mild,sensitive,161,-3.6827205323815,True
L161V,-0.7063688965171949,161,True,neutral,sensitive,161,-0.7063688965171949,True
L161W,-3.86553417782542,161,True,mild,sensitive,161,-3.86553417782542,True
L161Y,-3.86553417782542,161,True,mild,sensitive,161,-3.86553417782542,True
E162A,-4.19707220223647,162,True,impactful,sensitive,162,-3.5248132738751297,True
E162C,-4.94493064405217,162,True,impactful,sensitive,162,-4.1528847569644345,True
E162D,-3.6770857424394703,162,True,mild,sensitive,162,-3.0881147641970887,True
E162E,0.0,162,True,neutral,sensitive,162,0.0,True
E162F,-5.43374912681666,162,True,impactful,sensitive,162,-4.56340756751929,True
E162G,-5.43374912681666,162,True,impactful,sensitive,162,-4.56340756751929,True
E162H,-3.6770857424394703,162,True,mild,sensitive,162,-3.0881147641970887,True
E162I,-5.43374912681666,162,True,impactful,sensitive,162,-4.56340756751929,True
E162K,-5.43374912681666,162,True,impactful,sensitive,162,-4.56340756751929,True
E162L,-5.43374912681666,162,True,impactful,sensitive,162,-4.56340756751929,True
E162M,-5.43374912681666,162,True,impactful,sensitive,162,-4.56340756751929,True
E162N,-3.6770857424394703,162,True,mild,sensitive,162,-3.0881147641970887,True
E162P,-5.43374912681666,162,True,impactful,sensitive,162,-4.56340756751929,True
E162Q,-2.90207938857194,162,True,mild,sensitive,162,-2.437243739868705,True
E162R,-5.43374912681666,162,True,impactful,sensitive,162,-4.56340756751929,True
E162S,-3.855121434385,162,True,mild,sensitive,162,-3.2376338908537026,True
E162T,-4.94493064405217,162,True,impactful,sensitive,162,-4.1528847569644345,True
E162V,-5.43374912681666,162,True,impactful,sensitive,162,-4.56340756751929,True
E162W,-5.43374912681666,162,True,impactful,sensitive,162,-4.56340756751929,True
E162Y,-5.43374912681666,162,True,impactful,sensitive,162,-4.56340756751929,True
G163A,-5.04001195954953,163,True,impactful,sensitive,163,-2.014685245476192,True
G163C,-5.04001195954953,163,True,impactful,sensitive,163,-2.014685245476192,True
G163D,-1.5222780502886102,163,True,neutral,sensitive,163,-0.6085126686292315,True
G163E,-4.598414835856019,163,True,impactful,sensitive,163,-1.8381620116643498,True
G163F,-5.24351997176193,163,True,impactful,sensitive,163,-2.096035169411125,True
G163G,0.0,163,True,neutral,sensitive,163,0.0,True
G163H,-4.598414835856019,163,True,impactful,sensitive,163,-1.8381620116643498,True
G163I,-5.24351997176193,163,True,impactful,sensitive,163,-2.096035169411125,True
G163K,-5.24351997176193,163,True,impactful,sensitive,163,-2.096035169411125,True
G163L,-5.24351997176193,163,True,impactful,sensitive,163,-2.096035169411125,True
G163M,-5.24351997176193,163,True,impactful,sensitive,163,-2.096035169411125,True
G163N,-4.598414835856019,163,True,impactful,sensitive,163,-1.8381620116643498,True
G163P,-5.24351997176193,163,True,impactful,sensitive,163,-2.096035169411125,True
G163Q,-4.598414835856019,163,True,impactful,sensitive,163,-1.8381620116643498,True
G163R,-5.24351997176193,163,True,impactful,sensitive,163,-2.096035169411125,True
G163S,-2.81362734116796,163,True,mild,sensitive,163,-1.1247142935403165,True
G163T,-5.04001195954953,163,True,impactful,sensitive,163,-2.014685245476192,True
G163V,-5.24351997176193,163,True,impactful,sensitive,163,-2.096035169411125,True
G163W,-5.24351997176193,163,True,impactful,sensitive,163,-2.096035169411125,True
G163Y,-5.24351997176193,163,True,impactful,sensitive,163,-2.096035169411125,True
K164A,-0.918018399384838,164,True,neutral,tolerant,164,-0.7021125764383199,True
K164C,-0.699814788305902,164,True,neutral,tolerant,164,-0.5352275775478422,True
K164D,-2.73852334825054,164,True,mild,tolerant,164,-2.094458765712226,True
K164E,-2.73852334825054,164,True,mild,tolerant,164,-2.094458765712226,True
K164F,-3.1580679482149203,164,True,mild,tolerant,164,-2.4153320076964437,True
K164G,-3.37150634365736,164,True,mild,tolerant,164,-2.5785725068360814,True
K164H,-1.60386542456012,164,True,neutral,tolerant,164,-1.226657424571053,True
K164I,-1.63657902495372,164,True,neutral,tolerant,164,-1.2516772174992943,True
K164K,0.0,164,True,neutral,tolerant,164,0.0,True
K164L,-0.886615925692022,164,True,neutral,tolerant,164,-0.678095550498781,True
K164M,-2.82106965517412,164,True,mild,tolerant,164,-2.1575912696668524,True
K164N,-0.8630993468220579,164,True,neutral,tolerant,164,-0.6601097608997168,True
K164P,-3.37150634365736,164,True,mild,tolerant,164,-2.5785725068360814,True
K164Q,-0.776565372612388,164,True,neutral,tolerant,164,-0.5939274364250534,True
K164R,-0.370836842235148,164,True,neutral,tolerant,164,-0.2836209066337269,True
K164S,-0.581060061312664,164,True,neutral,tolerant,164,-0.44440239649556273,True
K164T,-0.655178824441802,164,True,neutral,tolerant,164,-0.5010894038342962,True
K164V,-0.886849784082678,164,True,neutral,tolerant,164,-0.6782744084795091,True
K164W,-3.1580679482149203,164,True,mild,tolerant,164,-2.4153320076964437,True
K164Y,-2.50247912026133,164,True,neutral,tolerant,164,-1.9139290277702048,True
P165A,-1.23571234302701,165,True,neutral,sensitive,165,-0.5110578553270292,True
P165C,-3.64505708988542,165,True,mild,sensitive,165,-1.5074989494223312,True
P165D,-3.8514927405901496,165,True,mild,sensitive,165,-1.5928752601046086,True
P165E,-2.4540545118205297,165,True,neutral,sensitive,165,-1.0149318672292376,True
P165F,-4.288037017672879,165,True,impactful,sensitive,165,-1.7734183964260297,True
P165G,-4.288037017672879,165,True,impactful,sensitive,165,-1.7734183964260297,True
P165H,-3.8514927405901496,165,True,mild,sensitive,165,-1.5928752601046086,True
P165I,-4.288037017672879,165,True,impactful,sensitive,165,-1.7734183964260297,True
P165K,-2.22212371405271,165,True,neutral,sensitive,165,-0.9190114398252702,True
P165L,-4.288037017672879,165,True,impactful,sensitive,165,-1.7734183964260297,True
P165M,-4.288037017672879,165,True,impactful,sensitive,165,-1.7734183964260297,True
P165N,-3.8514927405901496,165,True,mild,sensitive,165,-1.5928752601046086,True
P165P,0.0,165,True,neutral,sensitive,165,0.0,True
P165Q,-3.8514927405901496,165,True,mild,sensitive,165,-1.5928752601046086,True
P165R,-3.8959135646874303,165,True,mild,sensitive,165,-1.6112465349592446,True
P165S,-1.32642975735011,165,True,neutral,sensitive,165,-0.5485761721637848,True
P165T,-3.64505708988542,165,True,mild,sensitive,165,-1.5074989494223312,True
P165V,-4.288037017672879,165,True,impactful,sensitive,165,-1.7734183964260297,True
P165W,-4.288037017672879,165,True,impactful,sensitive,165,-1.7734183964260297,True
P165Y,-4.288037017672879,165,True,impactful,sensitive,165,-1.7734183964260297,True
L166A,-2.74991696158471,166,True,mild,sensitive,166,-1.523430273819088,True
L166C,-2.74991696158471,166,True,mild,sensitive,166,-1.523430273819088,True
L166D,-2.74991696158471,166,True,mild,sensitive,166,-1.523430273819088,True
L166E,-2.74991696158471,166,True,mild,sensitive,166,-1.523430273819088,True
L166F,-2.74991696158471,166,True,mild,sensitive,166,-1.523430273819088,True
L166G,-2.74991696158471,166,True,mild,sensitive,166,-1.523430273819088,True
L166H,-2.74991696158471,166,True,mild,sensitive,166,-1.523430273819088,True
L166I,-0.345942105226385,166,True,neutral,sensitive,166,-0.19164894193273221,True
L166K,-2.74991696158471,166,True,mild,sensitive,166,-1.523430273819088,True
L166L,0.0,166,True,neutral,sensitive,166,0.0,True
L166M,-0.330353243130873,166,True,neutral,sensitive,166,-0.18301284681333335,True
L166N,-2.74991696158471,166,True,mild,sensitive,166,-1.523430273819088,True
L166P,-2.74991696158471,166,True,mild,sensitive,166,-1.523430273819088,True
L166Q,-2.74991696158471,166,True,mild,sensitive,166,-1.523430273819088,True
L166R,-2.74991696158471,166,True,mild,sensitive,166,-1.523430273819088,True
L166S,-2.74991696158471,166,True,mild,sensitive,166,-1.523430273819088,True
L166T,-2.74991696158471,166,True,mild,sensitive,166,-1.523430273819088,True
L166V,-0.273851436349079,166,True,neutral,sensitive,166,-0.15171133328426378,True
L166W,-2.74991696158471,166,True,mild,sensitive,166,-1.523430273819088,True
L166Y,-2.74991696158471,166,True,mild,sensitive,166,-1.523430273819088,True
